gsis_id,name,team,position,roster_status,nfl_status,jersey,birth_date,height_in,weight_lb,college,years_exp,draft_year,draft_round,draft_pick,draft_team,depth_rank
00-0035127,Andre James,,C,fa,CUT,61,1997-05-02,76,300,UCLA,7,2019,,,,
00-0041430,Greg Crippen,,C,fa,CUT,61,,,309,,0,2026,,,,
00-0040401,Gus Hartwig,,C,fa,CUT,60,2002-01-21,77,315,Purdue,1,2025,,,,
00-0041169,Jaren Kump,,C,fa,CUT,64,,,320,,0,2026,,,,
00-0036859,Jimmy Morrissey,,C,fa,CUT,65,1998-06-09,76,305,Pittsburgh,5,2021,7,230,LV,
00-0040446,Joseph Michalski,,C,fa,CUT,60,2001-04-06,77,306,Oklahoma State,1,2025,,,,
00-0041513,Josh Kreutz,,C,fa,CUT,61,,,290,,0,2026,,,,
00-0038223,Liam Fornadel,,C,fa,CUT,50,1999-06-17,76,310,James Madison,4,2022,,,,
00-0037385,Michael Niese,,C,fa,CUT,62,1998-01-13,77,295,Temple,4,2022,,,,3
00-0039612,Sincere Haynesworth,,C,fa,CUT,61,2001-04-13,73,310,Tulane,2,2024,,,,
00-0040497,Zeke Correll,,C,fa,CUT,63,2000-11-10,75,306,N.C. State,1,2025,,,,
00-0036114,A.J. Green,,CB,fa,CUT,24,1998-06-09,74,185,Oklahoma State,6,2020,,,,
00-0039685,A.J. Woods,,CB,fa,CUT,20,2001-03-28,71,195,Pittsburgh,2,2024,,,,
00-0041417,"Al'zillion ""AZ"" Hamilton",,CB,fa,CUT,31,,,185,,0,2026,,,,
00-0038646,Alex Austin,,CB,fa,CUT,26,2001-05-22,73,191,Oregon State,3,2023,7,252,BUF,
00-0038788,Art Green,,CB,fa,CUT,23,2000-04-29,74,200,Houston,3,2023,,,,
00-0039454,Beanie Bishop,,CB,fa,CUT,25,1999-12-17,70,184,West Virginia; Minnesota; Western Kentucky,2,2024,,,,4
00-0040565,Brandon Crossley,,CB,fa,CUT,39,2001-01-17,72,185,SMU; Colorado State,1,2025,,,,
00-0041002,Caleb Offord,,CB,fa,CUT,39,,,198,,0,2026,,,,
00-0041150,Cam Miller,,CB,fa,CUT,42,,,192,,0,2026,,,,
00-0041249,Ceyair Wright,,CB,fa,CUT,22,,,190,,0,2026,,,,
00-0040546,Cobee Bryant,,CB,fa,CUT,37,2001-09-17,72,175,Kansas,1,2025,,,,
00-0038453,Corey Mayfield Jr.,,CB,fa,CUT,13,,,190,,3,2023,,,,
00-0039322,D.J. Miller,,CB,fa,CUT,46,,,190,,2,2024,,,,
00-0039800,DJ James,,CB,fa,CUT,36,2001-03-05,72,164,Auburn; Oregon,2,2024,6,192,SEA,
00-0040535,Dalys Beanum,,CB,fa,CUT,37,2002-10-12,73,200,South Dakota State,1,2025,,,,
00-0040365,Daryl Porter,,CB,fa,CUT,27,2002-02-03,70,185,Miami; West Virginia,1,2025,,,,
00-0041283,DeCarlos Nicholson,,CB,fa,CUT,41,,,189,,0,2026,,,,
00-0041259,Devan Boykin,,CB,fa,CUT,40,,,195,,0,2026,,,,
00-0041597,Devyn Bobby,,CB,fa,CUT,39,,,189,,0,2026,,,,
00-0041018,Devyn Perkins,,CB,fa,CUT,49,,,195,,0,2026,,,,
00-0039714,Dwight McGlothern,,CB,fa,CUT,6,2002-02-06,74,188,Arkansas,2,2024,,,,
00-0038956,Ekow Boye-Doe,,CB,fa,CUT,43,1999-11-04,72,171,Kansas State,3,2023,,,,
00-0041364,Elijah Culp,,CB,fa,CUT,26,,,187,,0,2026,,,,
00-0040468,Eric Rogers,,CB,fa,CUT,39,2002-04-02,74,189,Rutgers,1,2025,,,,
00-0038604,Eric Scott Jr.,,CB,fa,CUT,5,1999-08-07,74,202,Southern Mississippi,3,2023,6,178,DAL,
00-0040479,Hudson Clark,,CB,fa,CUT,37,,,191,,1,2025,,,,
00-0038641,Isaiah Bolden,,CB,fa,CUT,49,1999-12-16,74,205,Jackson State University,3,2023,7,245,NE,
00-0038091,JT Woods,,CB,fa,CUT,35,2000-06-10,74,193,Baylor,4,2022,3,79,LAC,
00-0041514,Jai'Onte' McMillan,,CB,fa,CUT,45,,,190,,0,2026,,,,
00-0040518,Jalen Kimber,,CB,fa,CUT,40,2001-02-13,72,190,Penn State; Florida,1,2025,,,,
00-0041573,Jarod Washington,,CB,fa,CUT,35,,,188,,0,2026,,,,
00-0041147,Jaylon Guilbeau,,CB,fa,CUT,21,,,190,,0,2026,,,,
00-0037106,Jaylon Jones,,CB,fa,CUT,33,1997-10-14,71,190,Mississippi,4,2022,,,,
00-0041332,Jeremiah McClendon,,CB,fa,CUT,47,,,185,,0,2026,,,,
00-0041269,Jordan Dunbar,,CB,fa,CUT,36,,,195,,0,2026,,,,
00-0041584,Jordan Washington,,CB,fa,CUT,33,,,190,,0,2026,,,,
00-0038348,Josh Butler,,CB,fa,CUT,31,1996-11-25,72,182,Michigan State,3,2023,,,,
00-0040576,Josh Minkins,,CB,fa,CUT,38,,,200,,1,2025,,,,
00-0040499,Keenan Garber,,CB,fa,CUT,45,2000-07-22,72,188,Kansas State,1,2025,,,,
00-0040674,Keydrain Calligan,,CB,fa,CUT,29,2001-12-04,73,200,Southeastern Louisiana; Jackson State University,1,2025,,,,
00-0040252,Kobee Minor,,CB,fa,CUT,19,2002-07-08,71,190,Memphis; Indiana; Texas Tech,1,2025,7,257,NE,
00-0039418,MJ Devonshire,,CB,fa,CUT,28,2000-09-12,71,190,Pittsburgh; Kentucky,2,2024,7,229,LV,
00-0041340,Marcus Allen,,CB,fa,CUT,29,,,197,,0,2026,,,,
00-0037136,Mario Goodrich,,CB,fa,CUT,35,2000-01-12,72,186,Clemson,4,2022,,,,
00-0040112,Marquise Robinson,,CB,fa,CUT,28,2002-07-16,73,192,Arkansas; South Alabama,1,2025,,,,
00-0040983,Matthew McDoom,,CB,fa,CUT,41,,,180,,0,2026,,,,
00-0041574,Mekhi Rodgers,,CB,fa,CUT,36,,,204,,0,2026,,,,
00-0040093,Melvin Smith,,CB,fa,CUT,39,2002-04-12,73,185,Southern Arkansas,1,2025,,,,3
00-0039312,Miles Battle,,CB,fa,CUT,35,2000-01-04,75,205,Utah; Mississippi,2,2024,,,,
00-0040473,Myles Purchase,,CB,fa,CUT,41,2002-11-26,71,205,Iowa State,1,2025,,,,
00-0041278,Nate Evans,,CB,fa,CUT,43,,,183,,0,2026,,,,
00-0037984,Pepe Williams,,CB,fa,CUT,28,1998-07-15,70,180,Houston,4,2022,4,141,BAL,
00-0041210,Preston Hodge,,CB,fa,CUT,26,,,200,,0,2026,,,,
00-0039767,Quinton Newsome,,CB,fa,CUT,30,2001-07-11,73,180,Nebraska,2,2024,,,,
00-0041589,Ricardo Hallman,,CB,fa,CUT,32,,,190,,0,2026,,,,
00-0040423,Roman Parodie,,CB,fa,CUT,37,,,204,,1,2025,,,,
00-0039245,Ryan Cooper Jr.,,CB,fa,CUT,40,2001-08-31,71,187,Oregon State,2,2024,,,,
00-0041304,Stephen Hall,,CB,fa,CUT,41,,,199,,0,2026,,,,
00-0038655,Steven Gilmore,,CB,fa,CUT,13,1999-09-17,72,170,Marshall,3,2023,,,,
00-0041488,Tamon Lynum,,CB,fa,CUT,42,,,185,,0,2026,,,,
00-0038403,Tre Hawkins III,,CB,fa,CUT,45,2000-08-01,75,195,Old Dominion,3,2023,6,209,NYG,
00-0039586,Tyrek Funderburk,,CB,fa,CUT,20,2000-11-28,72,185,Appalachian State; Richmond,2,2024,,,,
00-0041300,William Wright,,CB,fa,CUT,16,,,193,,0,2026,,,,
00-0040966,Zelmar Vedder,,CB,fa,CUT,47,,,193,,0,2026,,,,
00-0040982,Aaron Graves,,DT,fa,CUT,59,,,295,,0,2026,,,,
00-0040304,Alex Huntley,,DT,fa,CUT,96,2001-10-08,76,298,South Carolina,1,2025,,,,
00-0040956,Amari McNeill,,DT,fa,CUT,93,,,295,,0,2026,,,,
00-0041140,Anquin Barnes Jr.,,DT,fa,CUT,66,,,340,,0,2026,,,,
00-0041591,Brien Taylor,,DT,fa,CUT,60,,,294,,0,2026,,,,
00-0038939,Brodric Martin,,DT,fa,CUT,98,1999-05-24,77,330,Western Kentucky,3,2023,3,96,DET,
00-0041596,Cam Rice,,DT,fa,CUT,58,,,303,,0,2026,,,,
00-0036850,Cameron Sample,,DT,fa,CUT,69,1999-09-20,75,272,Tulane,5,2021,4,111,CIN,
00-0039510,Casey Rogers,,DT,fa,CUT,65,1998-12-18,77,305,Oregon; Nebraska,2,2024,,,,
00-0040952,Cole Brevard,,DT,fa,CUT,96,,,346,,0,2026,,,,
00-0040088,Coziah Izzard,,DT,fa,CUT,68,2001-11-06,75,305,Penn State,1,2025,,,,
00-0040940,DJ Withers,,DT,fa,CUT,59,,,300,,0,2026,,,,
00-0040960,Damon Payne,,DT,fa,CUT,90,,,311,,0,2026,,,,
00-0041315,David Blay Jr.,,DT,fa,CUT,64,,,305,,0,2026,,,,
00-0038893,Devonnsha Maxwell,,DT,fa,CUT,73,1999-05-05,74,296,Tennessee-Chattanooga,3,2023,,,,
00-0040995,Dion Wilson,,DT,fa,CUT,58,,,305,,0,2026,,,,
00-0039696,Evan Anderson,,DT,fa,CUT,90,2002-02-14,75,326,Florida Atlantic,2,2024,,,,
00-0040403,Fatorma Mulbah,,DT,fa,CUT,95,2002-09-07,76,306,West Virginia; Penn State,1,2025,,,,
00-0039644,Isaiah Iton,,DT,fa,CUT,62,2001-08-23,74,300,Rutgers; Hutchinson CC,2,2024,,,,2
00-0037230,Israel Antwine,,DT,fa,CUT,64,2000-03-27,75,300,Oklahoma State,4,2022,,,,
00-0040063,J.R. Singleton,,DT,fa,CUT,70,2002-02-13,73,305,Iowa State,1,2025,,,,
00-0041378,Jacobian Guillory,,DT,fa,CUT,95,,,318,,0,2026,,,,
00-0040486,Jah Joyner,,DT,fa,CUT,96,,,265,,1,2025,,,,
00-0041375,Jahmeer Carter,,DT,fa,CUT,61,,,311,,0,2026,,,,
00-0040055,Jalan Gaines,,DT,fa,CUT,47,,,245,,1,2025,,,,
00-0041428,Jaxson Moi,,DT,fa,CUT,98,2004-01-11,74,305,Tennessee; Stanford,0,2026,,,,
00-0040019,Jay Toia,,DT,fa,CUT,93,2003-07-16,74,342,UCLA; USC,1,2025,7,217,DAL,
00-0041254,Josiah Green,,DT,fa,CUT,96,,,285,,0,2026,,,,
00-0041163,Kahlil Saunders,,DT,fa,CUT,67,,,297,,0,2026,,,,
00-0040338,Keivie Rose,,DT,fa,CUT,97,2000-12-14,75,303,Arkansas; Louisiana Tech,1,2025,,,,
00-0041594,Keveion'ta Spears,,DT,fa,CUT,60,,,313,,0,2026,,,,
00-0040454,Kristian Williams,,DT,fa,CUT,75,2000-12-05,74,295,Missouri,1,2025,,,,
00-0039946,Kyon Barrs,,DT,fa,CUT,67,2001-11-09,74,290,USC,2,2024,,,,
00-0040229,Kyonte Hamilton,,DT,fa,CUT,58,2002-11-07,76,304,Rutgers,1,2025,7,224,HOU,3
00-0039354,McKinnley Jackson,,DT,fa,CUT,91,2001-12-26,74,330,Texas A&M,2,2024,3,97,CIN,
00-0040684,Patrick Jenkins,,DT,fa,CUT,53,2003-08-20,74,293,Tulane; TCU,1,2025,,,,
00-0041423,Payton Zdroik,,DT,fa,CUT,62,,,272,,0,2026,,,,
00-0041432,Smith Vilbert,,DT,fa,CUT,91,,,282,,0,2026,,,,
00-0040022,Tommy Akingbesote,,DT,fa,CUT,74,2003-02-25,76,316,Maryland,1,2025,7,247,DAL,
00-0038405,Travis Bell,,DT,fa,CUT,66,1998-10-27,73,305,Kennesaw State,3,2023,7,218,CHI,4
00-0041500,Travis Shaw,,DT,fa,CUT,71,,,342,,0,2026,,,,
00-0040487,Treven Ma'ae,,DT,fa,CUT,68,2001-02-26,75,290,Baylor; Oregon,1,2025,,,,
00-0041487,Tywone Malone,,DT,fa,CUT,64,,,309,,0,2026,,,,
00-0038575,Viliami Fehoko Jr.,,DT,fa,CUT,61,1999-12-16,76,263,San Jose State,3,2023,4,129,DAL,
00-0040064,Wy'Kevious Thomas,,DT,fa,CUT,69,2000-07-05,74,303,South Alabama,1,2025,,,,
00-0041540,Zion Wilson,,DT,fa,CUT,78,,,316,,0,2026,,,,
00-0041012,Anthony Dunn,,EDGE,fa,CUT,78,,,262,,0,2026,,,,
00-0040018,Antwaun Powell-Ryland,,EDGE,fa,CUT,56,2002-02-23,75,252,Virginia Tech; Florida,1,2025,6,209,PHI,
00-0041355,Arden Walker,,EDGE,fa,CUT,46,,,250,,0,2026,,,,
00-0039155,BJ Ojulari,,EDGE,fa,CUT,9,2002-04-05,74,250,LSU,3,2023,2,41,ARI,
00-0041268,Cade Denhoff,,EDGE,fa,CUT,57,,,260,,0,2026,,,,
00-0041353,Cam'Ron Stewart,,EDGE,fa,CUT,49,,,250,,0,2026,,,,
00-0041295,Dasan McCullough,,EDGE,fa,CUT,57,,,235,,0,2026,,,,
00-0038638,Derek Parish,,EDGE,fa,CUT,78,1999-01-04,74,245,Houston,3,2023,7,240,JAX,
00-0040971,Devean Deal,,EDGE,fa,CUT,26,,,250,,0,2026,,,,
00-0039003,Drew Sanders,,EDGE,fa,CUT,41,2000-12-31,77,233,Arkansas; Alabama,3,2023,3,67,DEN,3
00-0039207,Durell Nchami,,EDGE,fa,CUT,74,2000-02-11,76,260,Maryland,3,2023,,,,
00-0040969,Ethan Hurkett,,EDGE,fa,CUT,54,,,258,,0,2026,,,,
00-0038693,Garrett Nelson,,EDGE,fa,CUT,59,2000-03-01,76,245,Nebraska,3,2023,,,,
00-0041154,Isaiah Smith,,EDGE,fa,CUT,47,,,244,,0,2026,,,,
00-0040594,Jamil Muhammad,,EDGE,fa,CUT,67,2001-02-01,73,260,USC; Georgia State; Vanderbilt,1,2025,,,,
00-0038716,Jeremiah Martin,,EDGE,fa,CUT,69,2000-06-10,76,267,Washington; Texas A&M,3,2023,,,,
00-0036249,Julian Okwara,,EDGE,fa,CUT,99,1997-12-27,76,241,Notre Dame,6,2020,3,67,DET,
00-0039494,Kenny Dyson,,EDGE,fa,CUT,54,2001-06-27,75,235,Bryant,2,2024,,,,
00-0038462,Keshawn Banks,,EDGE,fa,CUT,59,1999-12-21,75,251,San Diego State,3,2023,,,,4
00-0041590,Malakai Williams,,EDGE,fa,CUT,56,,,252,,0,2026,,,,
00-0039425,Myles Cole,,EDGE,fa,CUT,57,2000-04-29,78,280,Texas Tech; Louisiana-Monroe,2,2024,7,236,JAX,2
00-0041379,Niles King,,EDGE,fa,CUT,94,,,260,,0,2026,,,,
00-0041209,Quindarius Dunnigan,,EDGE,fa,CUT,59,,,272,,0,2026,,,,
00-0039548,Ron Stone Jr.,,EDGE,fa,CUT,53,,,246,,2,2024,,,,
00-0040054,Seth Coleman-Lyles,,EDGE,fa,CUT,90,2000-12-07,77,250,Illinois,1,2025,,,,
00-0041412,Xavier Holmes,,EDGE,fa,CUT,58,2002-04-16,75,238,James Madison; Maine,0,2026,,,,
00-0040637,Lucas Scott,,FB,fa,CUT,47,2003-08-25,75,305,Army,1,2025,,,,
00-0038748,B.T. Potter,,K,fa,CUT,33,,,200,,3,2023,,,,
00-0040530,Ben Sauls,,K,fa,CUT,30,2001-07-31,70,185,Pittsburgh,1,2025,,,,
00-0038354,Tanner Brown,,K,fa,CUT,46,1999-12-28,72,180,Oklahoma State; UNLV,3,2023,,,,
00-0040407,Aaron Smith,,LB,fa,CUT,42,,,234,,1,2025,,,,
00-0038617,Amari Burney,,LB,fa,CUT,49,2000-06-19,74,228,Florida,3,2023,6,203,LV,
00-0038908,Anfernee Orji,,LB,fa,CUT,59,2000-10-06,74,230,Vanderbilt,3,2023,,,,
00-0039587,Antonio Grier Jr.,,LB,fa,CUT,30,2000-01-18,73,230,Arkansas; University of South Florida,2,2024,,,,
00-0040087,Brandon George,,LB,fa,CUT,45,2000-11-19,75,240,Pittsburgh,1,2025,,,,
00-0040573,Cam Riley,,LB,fa,CUT,38,2002-03-29,77,237,Florida State; Auburn,1,2025,,,,
00-0041515,Chase Wilson,,LB,fa,CUT,53,,,230,,0,2026,,,,
00-0039318,Curtis Jacobs,,LB,fa,CUT,57,2002-02-18,73,235,Penn State,2,2024,,,,4
00-0041409,Daveren Rayner,,LB,fa,CUT,42,,,217,,0,2026,,,,
00-0040922,Deontae Lawson,,LB,fa,CUT,47,,,226,,0,2026,,,,
00-0040787,Devin Veresuk,,LB,fa,CUT,48,,,230,,0,2026,,,,
00-0038479,Dyontae Johnson,,LB,fa,CUT,45,2000-09-28,74,230,Toledo,3,2023,,,,
00-0039956,Elliott Brown,,LB,fa,CUT,41,1998-02-02,77,205,Virginia,2,2024,,,,
00-0039526,Emany Johnson,,LB,fa,CUT,50,2000-11-17,74,216,Nevada,2,2024,,,,
00-0041243,Eric Gentry,,LB,fa,CUT,58,,,221,,0,2026,,,,
00-0041242,Jack Dingle,,LB,fa,CUT,59,,,240,,0,2026,,,,
00-0040808,Jaheim Thomas,,LB,fa,CUT,30,,,245,,1,2025,,,,
00-0039277,Jimmy Ciarlo,,LB,fa,CUT,35,2001-02-28,74,225,Army,2,2024,,,,
00-0040416,John Bullock,,LB,fa,CUT,30,2001-04-22,72,230,Nebraska,1,2025,,,,
00-0037184,Josh Ross,,LB,fa,CUT,52,1999-10-31,72,224,Michigan,4,2022,,,,
00-0040313,Kam Arnold,,LB,fa,CUT,53,2002-02-19,73,228,Boston College,1,2025,,,,
00-0040935,Langston Patterson,,LB,fa,CUT,47,,,235,,0,2026,,,,
00-0039637,Maema Njongmeta,,LB,fa,CUT,45,2001-03-09,72,240,Wisconsin,2,2024,,,,
00-0040554,Malik Verdon,,LB,fa,CUT,43,2002-10-31,76,220,Iowa State,1,2025,,,,3
00-0040920,Mani Powell,,LB,fa,CUT,49,,,230,,0,2026,,,,
00-0039054,Marte Mapu,,LB,fa,CUT,14,1999-11-08,75,216,Sacramento State,3,2023,3,76,NE,
00-0039429,Michael Barrett,,LB,fa,CUT,54,1999-12-21,72,239,Michigan,2,2024,7,240,CAR,
00-0040625,Nick Jackson,,LB,fa,CUT,53,2001-01-05,72,237,Iowa; Virginia,1,2025,,,,
00-0041419,Nikhai Hill-Green,,LB,fa,CUT,54,,,235,,0,2026,,,,
00-0038853,Otis Reese,,LB,fa,CUT,50,1998-07-02,75,225,Mississippi,3,2023,,,,
00-0040588,Pooh Paul Jr.,,LB,fa,CUT,49,2002-11-04,73,235,Mississippi,1,2025,5,172,LA,
00-0040270,Power Echols,,LB,fa,CUT,46,2003-01-20,72,225,North Carolina,1,2025,,,,
00-0041492,Reid Carrico,,LB,fa,CUT,47,,,230,,0,2026,,,,
00-0041473,Stephen Dix Jr,,LB,fa,CUT,34,,,237,,0,2026,,,,
00-0040947,TJ Quinn,,LB,fa,CUT,40,,,225,,0,2026,,,,
00-0041301,Taurean York,,LB,fa,CUT,42,,,226,,0,2026,,,,
00-0041223,Theron Gaines,,LB,fa,CUT,54,,,237,,0,2026,,,,
00-0040951,Wesley Bissainthe,,LB,fa,CUT,59,,,225,,0,2026,,,,
00-0041008,Xavian Sorey Jr.,,LB,fa,CUT,53,,,228,,0,2026,,,,
00-0039268,Peter Bowden,,LS,fa,CUT,59,2001-01-24,74,217,Wisconsin,2,2024,,,,
00-0040997,Tyler Duzansky,,LS,fa,CUT,46,,,225,,0,2026,,,,
00-0039010,Braeden Daniels,,OG,fa,CUT,79,2000-08-22,76,297,Utah,3,2023,4,118,WAS,
00-0037225,Chris Glaser,,OG,fa,CUT,68,1999-10-01,76,300,Virginia,4,2022,,,,
00-0041437,DJ Wingfield,,OG,fa,CUT,64,,,310,,0,2026,,,,
00-0039246,Darrian Dalcourt,,OG,fa,CUT,61,2000-09-17,75,305,Alabama,2,2024,,,,
00-0041349,Delby Lemieux,,OG,fa,CUT,62,,,295,,0,2026,,,,
00-0040941,Dylan Barrett,,OG,fa,CUT,74,,,325,,0,2026,,,,
00-0040909,Evan Beerntsen,,OG,fa,CUT,60,2000-09-19,76,301,Northwestern; South Dakota State,0,2026,7,253,BAL,
00-0040079,Garrett Dellinger,,OG,fa,CUT,71,2002-02-18,77,330,LSU,1,2025,7,243,BAL,3
00-0040564,Jack Conley,,OG,fa,CUT,67,2001-06-15,79,325,Boston College,1,2025,,,,
00-0040924,Jaeden Roberts,,OG,fa,CUT,59,,,333,,0,2026,,,,
00-0038509,Jerome Carvin,,OG,fa,CUT,79,2000-09-20,77,321,Tennessee,3,2023,,,,
00-0041324,JonDarius Morgan,,OG,fa,CUT,69,,,320,,0,2026,,,,
00-0040307,Josh Priebe,,OG,fa,CUT,68,2001-07-30,77,306,Michigan; Northwestern,1,2025,,,,
00-0040548,Joshua Gray,,OG,fa,CUT,79,2000-03-13,77,310,Oregon State,1,2025,,,,
00-0041240,Liam Brown,,OG,fa,CUT,60,,,316,,0,2026,,,,
00-0040593,Mehki Butler,,OG,fa,CUT,63,2001-04-03,75,320,Arkansas State; Iowa Western CC,1,2025,,,,
00-0041460,Melvin Priestly,,OG,fa,CUT,74,,,305,,0,2026,,,,
00-0040420,Nash Hutmacher,,OG,fa,CUT,64,2001-05-15,76,310,Nebraska,1,2025,,,,
00-0040611,Wyatt Bowles,,OG,fa,CUT,60,2000-01-28,77,300,Utah State,1,2025,,,,
00-0041238,Xavier Hill,,OG,fa,CUT,76,,,318,,0,2026,,,,
00-0040921,Aamil Wagner,,OT,fa,CUT,69,,,306,,0,2026,,,,
00-0039535,Andrew Coker,,OT,fa,CUT,79,2001-03-23,79,315,TCU,2,2024,,,,
00-0037620,Andrew Stueber,,OT,fa,CUT,74,1999-07-01,79,338,Michigan,4,2022,7,245,NE,
00-0037302,Austin Deculus,,OT,fa,CUT,76,1999-03-12,77,330,LSU,4,2022,6,205,HOU,
00-0038304,Barry Wesley,,OT,fa,CUT,69,1999-07-14,79,310,Colorado State,4,2022,,,,
00-0041270,Bruno Fina,,OT,fa,CUT,75,,,305,,0,2026,,,,
00-0041418,Bryce Henderson,,OT,fa,CUT,70,,,325,,0,2026,,,,
00-0041245,Christian Jones,,OT,fa,CUT,76,,,341,,0,2026,,,,
00-0038592,Colby Sorsdal,,OT,fa,CUT,75,2000-03-01,78,305,William & Mary,3,2023,5,152,DET,
00-0041247,Corey Robinson II,,OT,fa,CUT,77,,,311,,0,2026,,,,
00-0041507,Courtland Ford,,OT,fa,CUT,75,,,315,,0,2026,,,,
00-0032222,D.J. Humphries,,OT,fa,CUT,79,1993-12-28,77,307,Florida,11,2015,1,24,ARI,2
00-0041224,Da'Metrius Weatherspoon,,OT,fa,CUT,76,,,320,,0,2026,,,,
00-0038923,Dalton Wagner,,OT,fa,CUT,78,1998-10-05,80,331,Arkansas,3,2023,,,,3
00-0041519,Derrick Graham,,OT,fa,CUT,66,,,314,,0,2026,,,,
00-0040999,Isaiah Jatta,,OT,fa,CUT,72,,,310,,0,2026,,,,
00-0041282,Izavion Miller,,OT,fa,CUT,60,,,287,,0,2026,,,,
00-0040380,Jeremiah Byers,,OT,fa,CUT,63,2001-03-23,76,331,Florida State; Texas-El Paso,1,2025,,,,
00-0041214,Jimto Obidegwu,,OT,fa,CUT,62,,,335,,0,2026,,,,
00-0037349,Kellen Diesch,,OT,fa,CUT,65,1997-08-23,79,300,Arizona State,4,2022,,,,
00-0041137,Kevin Cline,,OT,fa,CUT,79,,,320,,0,2026,,,,
00-0040442,Marques Cox,,OT,fa,CUT,70,1999-12-28,77,311,Kentucky; Northern Illinois,1,2025,,,,
00-0040349,Marshall Foerner,,OT,fa,CUT,74,,,299,,1,2025,,,,
00-0037754,Nicholas Petit-Frere,,OT,fa,CUT,77,1999-09-15,77,310,Ohio State,4,2022,3,69,TEN,
00-0038776,Ricky Lee,,OT,fa,CUT,66,1999-11-16,77,305,North Carolina A&T,3,2023,,,,
00-0037381,Sebastian Gutierrez,,OT,fa,CUT,61,1998-07-06,77,295,Minot State University,4,2022,,,,
00-0040936,Shiyazh Pete,,OT,fa,CUT,75,,,322,,0,2026,,,,
00-0040320,Timothy McKay,,OT,fa,CUT,67,2002-01-15,76,311,North Carolina,1,2025,,,,
00-0041351,Tomas Rimac,,OT,fa,CUT,67,,,317,,0,2026,,,,
00-0040602,Trey Wedig,,OT,fa,CUT,69,2002-01-10,79,319,Indiana; Wisconsin,1,2025,,,,
00-0041348,Tristan Leigh,,OT,fa,CUT,63,,,310,,0,2026,,,,
00-0040451,Xavier Truss,,OT,fa,CUT,74,2001-07-13,79,309,Georgia,1,2025,,,,
00-0037618,Zach Thomas,,OT,fa,CUT,72,1998-05-26,77,300,San Diego State,4,2022,6,186,CHI,
00-0039477,Jack Browning,,P,fa,CUT,49,2001-11-14,71,190,San Diego State; Grossmont,2,2024,,,,
00-0039567,Nik Constantinou,,P,fa,CUT,30,,,225,,2,2024,,,,
00-0038658,Adrian Martinez,,QB,fa,CUT,4,2000-01-07,74,225,Kansas State; Nebraska,3,2023,,,,
00-0039464,Austin Reed,,QB,fa,CUT,15,2000-02-22,73,220,Western Kentucky; University of West Florida; Southern Illinois,2,2024,,,,
00-0040222,Cam Miller,,QB,fa,CUT,15,2001-06-18,72,212,North Dakota State,1,2025,6,215,LV,
00-0040415,Connor Bazelak,,QB,fa,CUT,16,2000-09-22,75,225,Bowling Green; Indiana; Missouri,1,2025,,,,
00-0040656,Hunter Dekkers,,QB,fa,CUT,13,2001-07-04,74,215,Iowa Western CC; Iowa State,1,2025,,,,
00-0040996,Jacob Clark,,QB,fa,CUT,16,,,220,,0,2026,,,,
00-0039152,Will Levis,,QB,fa,CUT,8,1999-06-27,76,232,Kentucky; Penn State,3,2023,2,33,TEN,
00-0041598,Alex Tecza,,RB,fa,CUT,34,,,199,,0,2026,,,,
00-0041595,Barika Kpeenu,,RB,fa,CUT,49,,,213,,0,2026,,,,
00-0040567,Brock Lampe,,RB,fa,CUT,46,2003-03-31,73,252,Northern Illinois,1,2025,,,,
00-0041165,Coleman Bennett,,RB,fa,CUT,38,,,210,,0,2026,,,,
00-0040651,Damien Martinez,,RB,fa,CUT,26,2004-01-31,72,232,Miami; Oregon State,1,2025,7,223,SEA,
00-0038622,Deuce Vaughn,,RB,fa,CUT,31,2001-11-02,65,176,Kansas State,3,2023,6,212,DAL,
00-0040400,Donovan Edwards,,RB,fa,CUT,36,2003-02-25,73,212,Michigan,1,2025,,,,
00-0040984,Dontae McMillan,,RB,fa,CUT,36,,,203,,0,2026,,,,
00-0040991,Elijah Tau-Tolliver,,RB,fa,CUT,34,,,211,,0,2026,,,,
00-0038396,Eric Gray,,RB,fa,CUT,20,1999-11-04,70,210,Oklahoma; Tennessee,3,2023,5,172,NYG,
00-0039466,Ian Wheeler,,RB,fa,CUT,27,2001-09-15,71,205,Howard,2,2024,,,,
00-0040332,Ja'Quinden Jackson,,RB,fa,CUT,45,2001-09-12,74,228,Arkansas; Utah; Texas,1,2025,,,,
00-0040946,Jaden Nixon,,RB,fa,CUT,35,,,200,,0,2026,,,,
00-0041129,Jam Miller,,RB,fa,CUT,30,,,209,,0,2026,7,245,NE,
00-0041244,Jamal Haynes,,RB,fa,CUT,24,,,190,,0,2026,,,,
00-0037410,Jashaun Corbin,,RB,fa,CUT,36,2000-08-20,71,221,Florida State,4,2022,,,,
00-0036670,Jermar Jefferson,,RB,fa,CUT,17,2000-04-15,70,215,Oregon State,5,2021,7,257,DET,4
00-0038678,Jordan Mims,,RB,fa,CUT,41,1999-06-16,72,205,Fresno State,3,2023,,,,
00-0041588,Justin Jones,,RB,fa,CUT,25,,,206,,0,2026,,,,
00-0041485,Miles Davis,,RB,fa,CUT,37,,,215,,0,2026,,,,
00-0038458,Owen Wright,,RB,fa,CUT,42,1999-02-28,69,225,Monmouth; William & Mary,3,2023,,,,
00-0040021,Phil Mafah,,RB,fa,CUT,37,2002-10-24,73,230,Clemson,1,2025,7,239,DAL,
00-0041572,Roydell Williams,,RB,fa,CUT,24,,,223,,0,2026,,,,
00-0040526,Tre Stewart,,RB,fa,CUT,26,,,192,,1,2025,,,,
00-0040476,Ulysses Bentley IV,,RB,fa,CUT,37,2000-12-30,70,200,Mississippi; SMU,1,2025,,,,
00-0038475,Alex Cook,,S,fa,CUT,39,1999-05-21,73,196,Washington,3,2023,,,,
00-0039506,Alex Johnson,,S,fa,CUT,36,2000-10-11,72,190,UCLA,2,2024,,,,2
00-0041226,Austin Brown,,S,fa,CUT,31,,,215,,0,2026,,,,
00-0039241,Beau Brade,,S,fa,CUT,34,2002-01-29,72,200,Maryland,2,2024,,,,
00-0038644,Brandon Hill,,S,fa,CUT,30,2000-09-06,71,195,Pittsburgh,3,2023,7,248,HOU,
00-0039513,Chris Edmonds,,S,fa,CUT,41,2001-07-16,74,215,Arizona State; Samford,2,2024,,,,
00-0039414,Daijahn Anthony,,S,fa,CUT,33,2000-09-09,72,205,Mississippi; Liberty,2,2024,7,224,CIN,
00-0040233,Dan Jackson,,S,fa,CUT,17,2000-11-30,73,190,Georgia,1,2025,7,230,DET,
00-0040396,Dean Clark,,S,fa,CUT,35,2001-06-01,72,206,Fresno State; Kent State,1,2025,,,,
00-0039601,Demani Richardson,,S,fa,CUT,36,2000-10-07,73,215,Texas A&M,2,2024,,,,
00-0040659,Derrick Canteen,,S,fa,CUT,42,2001-04-02,70,190,Cincinnati; Virginia Tech,1,2025,,,,
00-0041377,Devin Grant,,S,fa,CUT,38,,,205,,0,2026,,,,
00-0041213,Devin Neal,,S,fa,CUT,36,,,214,,0,2026,,,,
00-0041586,Eric Butler,,S,fa,CUT,30,,,195,,0,2026,,,,
00-0040284,Jack Henderson,,S,fa,CUT,48,2001-12-26,74,205,Minnesota; Southeastern Louisiana,1,2025,,,,
00-0039285,Jarius Monroe,,S,fa,CUT,25,2000-10-06,74,205,Tulane; Colorado,2,2024,,,,
00-0039060,Jason Taylor II,,S,fa,CUT,34,1999-12-30,72,215,Oklahoma State,3,2023,7,234,LA,
00-0039697,Jaylen Mahoney,,S,fa,CUT,39,2000-11-19,71,191,Vanderbilt,2,2024,,,,
00-0040310,John Saunders Jr.,,S,fa,CUT,23,2001-10-24,74,210,Mississippi; Miami (Ohio),1,2025,,,,
00-0036872,Joshuah Bledsoe,,S,fa,CUT,46,1998-12-30,71,198,Missouri,5,2021,6,188,NE,
00-0041406,Larry Worth,,S,fa,CUT,47,,,226,,0,2026,,,,
00-0041160,Louis Moore,,S,fa,CUT,41,,,191,,0,2026,,,,
00-0039488,Mark Perry,,S,fa,CUT,41,2001-05-30,72,215,TCU,2,2024,,,,
00-0040600,Nate Valcarcel,,S,fa,CUT,43,2002-05-23,73,192,Northern Illinois; South Dakota,1,2025,,,,
00-0041371,Noah Avinger,,S,fa,CUT,31,,,190,,0,2026,,,,
00-0041298,Parker Robertson,,S,fa,CUT,36,,,185,,0,2026,,,,
00-0039881,Patrick McMorris,,S,fa,CUT,24,2001-10-18,72,210,California; San Diego State,2,2024,6,198,MIA,
00-0041405,Peter Manuma,,S,fa,CUT,34,,,205,,0,2026,,,,
00-0038368,Quindell Johnson,,S,fa,CUT,40,1999-11-05,73,205,Memphis,3,2023,,,,
00-0037522,Qwuantrezz Knight,,S,fa,CUT,32,1997-10-10,72,199,UCLA; Kent State; Maryland,4,2022,,,,
00-0039596,Rashad Wisdom,,S,fa,CUT,38,2001-06-06,69,210,Texas-San Antonio,2,2024,,,,
00-0040319,Robert McDaniel,,S,fa,CUT,39,2000-10-18,74,207,Jackson State University; Alcorn State,1,2025,,,,
00-0041010,Tanner Wall,,S,fa,CUT,39,,,205,,0,2026,,,,
00-0039959,Tra Fluellen,,S,fa,CUT,48,2001-03-22,74,210,Middle Tennessee State,2,2024,,,,
00-0040295,Trevian Thomas,,S,fa,CUT,34,2002-03-04,71,196,Arkansas State,1,2025,,,,
00-0040273,Tysheem Johnson,,S,fa,CUT,36,2002-09-30,70,200,Oregon; Mississippi,1,2025,,,,
00-0040364,Wande Owens,,S,fa,CUT,38,2001-03-26,71,210,New Hampshire; Yale,1,2025,,,,
00-0038809,Ben Sims,,TE,fa,CUT,89,2000-05-16,77,251,Baylor,3,2023,,,,6
00-0040392,Caden Prieskorn,,TE,fa,CUT,40,1999-09-21,77,255,Mississippi; Memphis,1,2025,,,,
00-0041237,Chase Curtis,,TE,fa,CUT,87,,,235,,0,2026,,,,
00-0041327,Cody Hardy,,TE,fa,CUT,86,2003-11-12,76,271,N.C. State; Elon,0,2026,,,,
00-0039754,Devin Culp,,TE,fa,CUT,82,2000-02-02,76,237,Washington,2,2024,7,246,TB,
00-0041576,Drew Biber,,TE,fa,CUT,43,,,245,,0,2026,,,,
00-0041207,Ethan Conner,,TE,fa,CUT,30,,,240,,0,2026,,,,
00-0040528,JJ Galbreath,,TE,fa,CUT,47,2001-08-05,76,240,South Dakota,1,2025,,,,
00-0039420,Jaheim Bell,,TE,fa,CUT,82,2001-06-14,74,239,Florida State; South Carolina,2,2024,7,231,NE,
00-0041566,Jeremiah Franklin,,TE,fa,CUT,41,,,244,,0,2026,,,,
00-0040457,Jermaine Terry,,TE,fa,CUT,85,,,245,,1,2025,,,,
00-0041452,Johnny Pascuzzi,,TE,fa,CUT,42,,,241,,0,2026,,,,
00-0041246,Josh Kattus,,TE,fa,CUT,48,,,247,,0,2026,,,,
00-0040974,Lance Mason,,TE,fa,CUT,45,,,250,,0,2026,,,,
00-0040792,Layne Pryor,,TE,fa,CUT,49,,,266,,1,2025,,,,
00-0041535,Louis Hansen,,TE,fa,CUT,47,,,240,,0,2026,,,,
00-0040060,Marshall Lang,,TE,fa,CUT,81,2001-10-15,76,246,Northwestern,1,2025,,,,
00-0039702,Mason Pline,,TE,fa,CUT,46,2000-02-05,79,260,Furman; Ferris State,2,2024,,,,
00-0041001,Matt Lauter,,TE,fa,CUT,46,,,245,,0,2026,,,,
00-0041180,Quentin Moore,,TE,fa,CUT,40,,,260,,0,2026,,,,
00-0040046,Rivaldo Fairweather,,TE,fa,CUT,45,2002-07-19,75,251,Auburn; Florida International,1,2025,,,,
00-0041403,Rohan Jones,,TE,fa,CUT,46,,,238,,0,2026,,,,
00-0037011,Tre' McKitty,,TE,fa,CUT,46,1999-01-12,76,245,Georgia; Florida State,5,2021,3,97,LAC,
00-0041570,Tyler Moore,,TE,fa,CUT,45,,,255,,0,2026,,,,
00-0040387,Zach Horton,,TE,fa,CUT,43,2002-12-02,76,252,Indiana; James Madison,1,2025,,,,
00-0038406,Zack Kuntz,,TE,fa,CUT,47,1999-06-09,80,251,Old Dominion; Penn State,3,2023,7,220,NYJ,
00-0040302,A.J. Henning,,WR,fa,CUT,88,2001-09-09,70,192,Northwestern; Michigan,1,2025,,,,
00-0039679,Ben Nikkel,,WR,fa,CUT,34,2001-05-12,73,210,Iowa State; McPherson College,2,2024,,,,
00-0041215,Ben Patterson,,WR,fa,CUT,38,,,220,,0,2026,,,,
00-0041205,Brady Boyd,,WR,fa,CUT,83,,,195,,0,2026,,,,
00-0040324,Cam Camper,,WR,fa,CUT,88,,,195,,1,2025,,,,
00-0041299,Cameron Ross,,WR,fa,CUT,87,,,186,,0,2026,,,,
00-0041199,Caullin Lacy,,WR,fa,CUT,35,,,183,,0,2026,,,,
00-0040323,Chandler Brayboy,,WR,fa,CUT,15,2001-08-20,73,199,Elon,1,2025,,,,
00-0039437,Cornelius Johnson,,WR,fa,CUT,86,2000-11-29,75,208,Michigan,2,2024,7,253,LAC,
00-0036647,Cornell Powell,,WR,fa,CUT,85,1997-10-30,72,210,Clemson,5,2021,5,181,KC,
00-0040977,Cortez Braham,,WR,fa,CUT,82,,,201,,0,2026,,,,
00-0040445,Courtney Jackson,,WR,fa,CUT,39,2001-03-13,71,189,Arkansas State,1,2025,,,,
00-0040629,Dalevon Campbell,,WR,fa,CUT,81,2001-12-05,76,220,South Carolina,1,2025,,,,3
00-0035535,Darius Slayton,,WR,fa,CUT,18,1997-01-12,73,190,Auburn,7,2019,5,171,NYG,
00-0039259,Dayton Wade,,WR,fa,CUT,18,2000-09-08,69,175,Mississippi; Western Kentucky,2,2024,,,,
00-0037570,Dennis Houston,,WR,fa,CUT,89,1999-04-24,73,205,Western Illinois,4,2022,,,,
00-0041380,Devonte Ross,,WR,fa,CUT,24,,,170,,0,2026,,,,
00-0041158,Donaven McCulley,,WR,fa,CUT,80,,,203,,0,2026,,,,
00-0041011,E.J. Williams Jr.,,WR,fa,CUT,88,2001-11-14,75,205,Indiana,0,2026,,,,
00-0040337,Eli Pancol,,WR,fa,CUT,83,2000-07-07,75,205,Duke,1,2025,,,,
00-0038667,Elijah Cooks,,WR,fa,CUT,80,1998-10-13,76,210,San Jose State; Nevada,3,2023,,,,
00-0038092,Erik Ezukanma,,WR,fa,CUT,49,2000-01-25,74,220,Texas Tech,4,2022,4,125,MIA,
00-0040259,Gage Larvadain,,WR,fa,CUT,84,2003-01-03,68,171,South Carolina; Miami (Ohio),1,2025,,,,
00-0040912,Hank Beatty,,WR,fa,CUT,13,,,185,,0,2026,,,,
00-0038883,Isaiah Winstead,,WR,fa,CUT,27,1999-08-09,76,213,East Carolina; Toledo; Norfolk State,3,2023,,,,
00-0039722,JaQuae Jackson,,WR,fa,CUT,82,2000-01-30,73,190,Rutgers; California (PA),2,2024,,,,
00-0040967,Jacob De Jesus,,WR,fa,CUT,80,,,170,,0,2026,,,,
00-0040317,Jacoby Jones,,WR,fa,CUT,84,2001-07-18,75,228,UCF; Ohio,1,2025,,,,3
00-0040769,Jaden Smith,,WR,fa,CUT,17,2001-12-13,78,210,Nevada; Tarleton State; Montana State,1,2025,,,,
00-0040388,Jakobie Keeney-James,,WR,fa,CUT,23,2000-09-26,73,195,UMass Amherst; Eastern Washington,1,2025,,,,
00-0039379,Jamari Thrash,,WR,fa,CUT,80,2000-12-19,72,190,Louisville; Georgia State,2,2024,5,156,CLE,3
00-0038492,Jason Brownlee,,WR,fa,CUT,89,1999-01-30,75,202,Southern Mississippi,3,2023,,,,
00-0041575,Jeff Weimer,,WR,fa,CUT,5,,,215,,0,2026,,,,
00-0041373,Jerand Bradley,,WR,fa,CUT,36,,,223,,0,2026,,,,
00-0039392,Jha'Quan Jackson,,WR,fa,CUT,39,2000-05-15,69,185,Tulane,2,2024,6,182,TEN,
00-0041322,Jimmy Kibble,,WR,fa,CUT,19,,,201,,0,2026,,,,
00-0041294,Joseph Manjack,,WR,fa,CUT,86,,,211,,0,2026,,,,
00-0040247,Junior Bergen,,WR,fa,CUT,30,2002-10-23,69,184,Montana,1,2025,7,252,SF,
00-0040239,Kaden Prather,,WR,fa,CUT,89,,,210,,1,2025,7,240,BUF,
00-0041266,Keelan Marion,,WR,fa,CUT,85,,,195,,0,2026,,,,
00-0037422,Kendric Pryor,,WR,fa,CUT,19,1998-01-06,71,189,Wisconsin,4,2022,,,,
00-0040616,Kisean Johnson,,WR,fa,CUT,86,2002-01-28,73,216,Western Kentucky; Alabama State,1,2025,,,,
00-0041152,Kobe Prentice,,WR,fa,CUT,81,,,190,,0,2026,,,,
00-0037055,Lance McCutcheon,,WR,fa,CUT,89,1999-02-28,75,200,Montana State,4,2022,,,,
00-0040976,Levi Wentz,,WR,fa,CUT,28,,,205,,0,2026,,,,
00-0041571,Liam Clifford,,WR,fa,CUT,39,,,205,,0,2026,,,,
00-0035406,Lil'Jordan Humphrey,,WR,fa,CUT,5,1998-04-19,76,225,Texas,7,2019,,,,2
00-0040617,Luke Floriea,,WR,fa,CUT,81,2001-10-23,68,170,Kent State,1,2025,,,,
00-0038911,Malik Cunningham,,WR,fa,CUT,15,1998-10-06,73,190,Louisville,3,2023,,,,
00-0041352,Marcus Sanders Jr.,,WR,fa,CUT,31,,,190,,0,2026,,,,
00-0041599,Matthew Henry,,WR,fa,CUT,26,,,183,,0,2026,,,,
00-0037708,Maurice Alexander,,WR,fa,CUT,13,1997-01-10,70,180,Florida International,6,2020,,,,
00-0041274,Max Tomczak,,WR,fa,CUT,80,,,195,,0,2026,,,,
00-0041317,Nick DeGennaro,,WR,fa,CUT,23,,,196,,0,2026,,,,
00-0040551,Nick Nash,,WR,fa,CUT,19,1999-07-08,75,195,San Jose State,1,2025,,,,
00-0040989,Octavian Smith,,WR,fa,CUT,87,,,182,,0,2026,,,,
00-0041168,Omari Kelly,,WR,fa,CUT,82,,,188,,0,2026,,,,
00-0040406,Quentin Skinner,,WR,fa,CUT,18,2001-12-24,75,195,Kansas,1,2025,,,,
00-0040553,Quincy Skinner Jr.,,WR,fa,CUT,39,2003-02-28,74,205,Vanderbilt,1,2025,,,,
00-0041476,Rashad Rochelle,,WR,fa,CUT,35,,,185,,0,2026,,,,
00-0041233,Raylen Sharpe,,WR,fa,CUT,8,,,160,,0,2026,,,,
00-0040531,Roc Taylor,,WR,fa,CUT,39,,,213,,1,2025,,,,
00-0041228,Sahmir Hagans,,WR,fa,CUT,11,,,195,,0,2026,,,,
00-0037098,Samori Toure,,WR,fa,CUT,46,1998-03-24,73,190,Nebraska,4,2022,7,258,GB,
00-0038891,Shedrick Jackson,,WR,fa,CUT,4,1999-10-20,73,202,Auburn,3,2023,,,,
00-0039884,Tahj Washington,,WR,fa,CUT,48,2001-05-16,70,175,USC; Memphis,2,2024,7,241,MIA,
00-0036491,Tarik Black,,WR,fa,CUT,12,1998-02-10,75,217,Texas; Michigan,5,2021,,,,
00-0039397,Tejhaun Palmer,,WR,fa,CUT,80,2000-05-19,74,210,UAB,2,2024,6,191,ARI,
00-0041481,Terrill Davis,,WR,fa,CUT,40,,,195,,0,2026,,,,
00-0041308,Treyvhon Saunders,,WR,fa,CUT,14,,,190,,0,2026,,,,
00-0040609,Tru Edwards,,WR,fa,CUT,16,2001-06-09,75,202,Louisiana Tech; Hawaii; Navarro,1,2025,,,,
00-0038941,Tyler Scott,,WR,fa,CUT,82,2001-10-12,70,185,Cincinnati,3,2023,4,133,CHI,
00-0039473,Xavier Johnson,,WR,fa,CUT,18,1999-05-11,73,210,Ohio State,2,2024,,,,
00-0041020,Xavier Loyd,,WR,fa,CUT,17,,,196,,0,2026,,,,
00-0039521,Xavier Weaver,,WR,fa,CUT,89,2000-10-12,73,180,Colorado; University of South Florida,2,2024,,,,
00-0035258,Hjalte Froholdt,ARI,C,active,ACT,72,1996-08-20,77,310,Arkansas,7,2019,4,118,NE,1
00-0038571,Jon Gaines II,ARI,C,active,ACT,71,1999-05-24,76,320,UCLA,3,2023,4,122,ARI,2
00-0040712,Vershon Lee,ARI,C,practice_squad,DEV,63,2001-12-07,76,310,South Carolina,1,2025,,,,
00-0038877,D'Shawn Jamison,ARI,CB,practice_squad,DEV,38,1999-06-04,70,186,Texas,3,2023,,,,
00-0040195,Denzel Burke,ARI,CB,active,ACT,29,2002-11-10,71,190,Ohio State,1,2025,5,174,ARI,1
00-0039007,Garrett Williams,ARI,CB,active,INA,21,2001-06-01,70,192,Syracuse,3,2023,3,72,ARI,1
00-0039239,Kalen King,ARI,CB,active,ACT,35,2003-01-28,71,190,Penn State,2,2024,7,255,GB,
00-0038984,Kei'Trel Clark,ARI,CB,active,ACT,13,2001-03-19,70,181,Louisville,3,2023,6,180,ARI,2
00-0039807,Max Melton,ARI,CB,active,ACT,16,2002-04-15,71,190,Rutgers,2,2024,2,43,ARI,2
00-0038663,Starling Thomas V,ARI,CB,practice_squad,DEV,24,2000-01-25,70,194,UAB,3,2023,,,,
00-0040751,Will Johnson,ARI,CB,active,ACT,2,2003-03-29,74,200,Michigan,1,2025,2,47,ARI,1
00-0033066,Andrew Billings,ARI,DT,active,INA,95,1995-06-03,73,340,Baylor,10,2016,4,122,CIN,2
00-0040517,Cam Horsley,ARI,DT,practice_squad,DEV,93,2002-02-06,75,312,Boston College,1,2025,,,,
00-0041369,Damonic Williams,ARI,DT,practice_squad,DEV,96,2004-09-04,73,305,Oklahoma; TCU,0,2026,,,,
00-0040283,Jared Harrison-Hunte,ARI,DT,practice_squad,DEV,98,2000-07-22,76,294,SMU; Miami,1,2025,,,,
00-0041555,Kaleb Proctor,ARI,DT,ir,RES,94,2004-04-26,74,291,Southeastern Louisiana,0,2026,4,104,ARI,3
00-0035636,L.J. Collier,ARI,DT,active,ACT,91,1995-09-12,74,300,TCU,7,2019,1,29,SEA,3
00-0036568,Roy Lopez,ARI,DT,active,ACT,51,1997-08-07,74,312,Arizona,5,2021,6,195,HOU,1
00-0040706,Walter Nolen,ARI,DT,active,ACT,97,2003-10-14,76,300,Mississippi; Texas A&M,1,2025,1,16,ARI,1
00-0037804,Zachary Carter,ARI,DT,ir,RES,90,1999-04-07,76,301,Florida,4,2022,3,95,CIN,2
00-0041367,Cam Robertson,ARI,EDGE,practice_squad,DEV,49,2004-02-26,76,260,SMU; North Texas,0,2026,,,,
00-0038623,Dante Stills,ARI,EDGE,active,ACT,55,1999-12-14,76,300,West Virginia,3,2023,6,213,ARI,2
00-0039854,Darius Robinson,ARI,EDGE,active,ACT,56,2001-09-13,77,290,Missouri,2,2024,1,27,ARI,1
00-0038782,Eku Leota,ARI,EDGE,active,ACT,54,1999-05-11,76,257,Auburn,3,2023,,,,3
00-0040137,Jordan Burch,ARI,EDGE,active,ACT,52,2001-10-10,76,280,Oregon; South Carolina,1,2025,3,78,ARI,2
00-0034381,Josh Sweat,ARI,EDGE,active,ACT,10,1997-03-29,77,265,Florida State,8,2018,4,130,PHI,1
00-0038567,Chad Ryland,ARI,K,active,ACT,38,1999-10-15,72,195,Maryland; Eastern Michigan,3,2023,4,112,NE,1
00-0036995,Baron Browning,ARI,LB,active,ACT,5,1999-02-19,75,255,Ohio State,5,2021,3,105,DEN,2
00-0040645,Cody Simon,ARI,LB,active,ACT,0,2002-04-01,74,230,Ohio State,1,2025,4,115,ARI,1
00-0040299,Eugene Asante,ARI,LB,practice_squad,DEV,48,2000-01-22,73,222,Auburn; North Carolina,1,2025,,,,
00-0037596,Jack Gibbens,ARI,LB,active,ACT,50,1998-11-24,75,242,Minnesota; Abilene Christian,4,2022,,,,2
00-0041093,Karson Sharar,ARI,LB,active,ACT,43,2003-03-07,73,231,Iowa,0,2026,6,183,ARI,2
00-0035144,Mack Wilson,ARI,LB,active,ACT,1,1998-02-14,73,240,Alabama,7,2019,5,155,CLE,1
00-0036933,Zaven Collins,ARI,LB,active,ACT,25,1999-05-19,76,270,Tulsa,5,2021,1,16,ARI,1
00-0030957,Casey Kreiter,ARI,LS,active,ACT,59,1990-08-13,73,250,Iowa,12,2014,,,,1
00-0041468,Chase Bisontis,ARI,OG,ir,RES,57,2004-06-10,77,314,Texas A&M,0,2026,2,34,ARI,2
00-0040219,Hayden Conner,ARI,OG,active,ACT,58,2002-04-26,78,315,Texas,1,2025,6,211,ARI,2
00-0032954,Isaac Seumalo,ARI,OG,active,ACT,73,1993-10-29,76,310,Oregon State,10,2016,3,79,PHI,1
00-0039808,Isaiah Adams,ARI,OG,active,INA,74,2000-07-21,76,315,Illinois; Garden City CC,2,2024,3,71,ARI,1
00-0038792,Demontrey Jacobs,ARI,OT,practice_squad,DEV,67,1998-11-22,78,325,South Florida Community College; Grambling State,3,2023,,,,
00-0033676,Elijah Wilkinson,ARI,OT,active,ACT,65,1995-02-10,78,315,UMass Amherst,9,2017,,,,1
00-0041113,Jayden Williams,ARI,OT,active,ACT,66,2003-04-10,76,307,Mississippi,0,2026,7,217,ARI,2
00-0040382,Josh Fryar,ARI,OT,active,ACT,78,2002-02-12,77,320,Ohio State,1,2025,,,,2
00-0034417,Matt Pryor,ARI,OT,practice_squad,DEV,76,1994-12-16,79,332,TCU,8,2018,6,206,PHI,
00-0038540,Paris Johnson Jr.,ARI,OT,active,ACT,70,2001-07-03,78,325,Ohio State,3,2023,1,6,ARI,1
00-0040765,Valentin Senn,ARI,OT,practice_squad,DEV,69,2000-04-23,79,310,Connecticut; Colorado,1,2025,,,,
00-0035859,Blake Gillikin,ARI,P,active,ACT,12,1998-01-21,74,196,Penn State,6,2020,,,,1
00-0041561,Carson Beck,ARI,QB,active,INA,19,2001-11-19,76,233,Miami; Georgia,0,2026,3,65,ARI,3
00-0035289,Gardner Minshew,ARI,QB,active,ACT,15,1996-05-16,73,225,Washington State,7,2019,6,178,JAX,2
00-0033119,Jacoby Brissett,ARI,QB,active,ACT,7,1992-12-11,76,235,N.C. State; Florida,10,2016,3,91,NE,1
00-0037157,Bam Knight,ARI,RB,active,ACT,20,2001-04-11,71,210,N.C. State,4,2022,,,,3
00-0038397,Evan Hull,ARI,RB,practice_squad,DEV,26,2000-10-26,70,209,Northwestern,3,2023,5,176,IND,
00-0033553,James Conner,ARI,RB,ir,RES,6,1995-05-05,73,233,Pittsburgh,9,2017,3,105,PIT,4
00-0041027,Jeremiyah Love,ARI,RB,active,ACT,4,2005-05-31,72,212,Notre Dame,0,2026,1,3,ARI,1
00-0039921,Trey Benson,ARI,RB,ir,RES,33,2002-07-23,72,225,Florida State; Oregon,2,2024,3,66,ARI,5
00-0037263,Tyler Allgeier,ARI,RB,active,ACT,22,2000-04-15,70,225,BYU,4,2022,5,151,ATL,2
00-0035378,Andrew Wingard,ARI,S,active,ACT,28,1996-12-05,72,205,Wyoming,7,2019,,,,1
00-0033890,Budda Baker,ARI,S,active,ACT,3,1996-01-10,70,195,Washington,9,2017,2,36,ARI,1
00-0039864,Dadrion Taylor-Demerson,ARI,S,active,INA,42,2001-01-20,70,200,Texas Tech,2,2024,4,104,ARI,2
00-0037141,Joey Blount,ARI,S,ir,RES,32,1998-11-16,73,195,Virginia,4,2022,,,,4
00-0040230,Kitan Crawford,ARI,S,active,ACT,36,2001-12-31,71,202,Nevada; Texas,1,2025,7,225,ARI,2
00-0041370,Wydett Williams Jr.,ARI,S,active,ACT,31,2003-12-05,73,205,Mississippi; Louisiana-Monroe; Delta State University,0,2026,,,,3
00-0039041,Elijah Higgins,ARI,TE,active,ACT,84,2000-10-27,75,245,Stanford,3,2023,6,197,MIA,2
00-0037004,Hunter Long,ARI,TE,active,ACT,89,1998-08-19,77,253,Boston College,5,2021,3,81,MIA,3
00-0041366,Jameson Geers,ARI,TE,ir,RES,46,2002-12-05,77,250,Minnesota,0,2026,,,,5
00-0039550,Shawn Bowman,ARI,TE,practice_squad,DEV,44,2000-05-16,76,249,Rutgers; Maine,2,2024,,,,
00-0037277,Teagan Quitoriano,ARI,TE,practice_squad,DEV,47,2000-03-15,78,259,Oregon State,4,2022,5,170,HOU,
00-0039737,Tip Reiman,ARI,TE,ir,RES,87,2001-09-17,77,271,Illinois,2,2024,3,82,ARI,4
00-0037744,Trey McBride,ARI,TE,active,ACT,85,1999-11-22,76,246,Colorado State,4,2022,2,55,ARI,1
00-0036331,Devin Duvernay,ARI,WR,active,ACT,81,1997-09-12,71,202,Texas,6,2020,3,92,BAL,2
00-0041368,Harrison Wallace III,ARI,WR,practice_squad,DEV,30,2003-04-23,71,192,Mississippi; Penn State,0,2026,,,,
00-0036635,Ihmir Smith-Marsette,ARI,WR,practice_squad,DEV,83,1999-08-29,73,200,Iowa,5,2021,5,157,MIN,
00-0038640,Jalen Brooks,ARI,WR,active,ACT,86,2000-05-07,74,205,South Carolina; Tarleton State; Wingate,3,2023,7,244,DAL,2
00-0033307,Kendrick Bourne,ARI,WR,active,ACT,17,1995-08-04,73,205,Eastern Washington,9,2017,,,,1
00-0039849,Marvin Harrison Jr.,ARI,WR,active,ACT,18,2002-08-11,75,220,Ohio State,2,2024,1,4,ARI,1
00-0038559,Michael Wilson,ARI,WR,active,ACT,14,2000-02-23,74,213,Stanford,3,2023,3,94,ARI,1
00-0041070,Reggie Virgil,ARI,WR,active,INA,82,2004-05-14,74,187,Texas Tech; Miami (Ohio),0,2026,5,143,ARI,2
00-0036646,Simi Fehoko,ARI,WR,active,ACT,80,1997-11-05,76,225,Stanford,5,2021,5,179,DAL,3
00-0033793,Corey Levin,ATL,C,active,ACT,62,1994-08-12,76,307,Tennessee-Chattanooga,9,2017,6,217,TEN,2
00-0041186,James Brockermeyer,ATL,C,practice_squad,DEV,66,2002-06-24,75,297,Miami; TCU; Alabama,0,2026,,,,
00-0036833,Ryan Neuzil,ATL,C,active,ACT,64,1997-07-31,75,305,Appalachian State,5,2021,,,,1
00-0036285,A.J. Terrell,ATL,CB,active,ACT,24,1998-09-23,73,200,Clemson,6,2020,1,16,ATL,1
00-0041469,Avieon Terrell,ATL,CB,active,ACT,12,2005-01-11,71,180,Clemson,0,2026,2,48,ATL,2
00-0040156,Billy Bowman Jr.,ATL,CB,active,INA,33,2003-01-29,70,192,Oklahoma,1,2025,4,118,ATL,1
00-0036281,C.J. Henderson,ATL,CB,active,ACT,26,1998-09-30,73,205,Florida,6,2020,1,9,JAX,2
00-0036394,Darnay Holmes,ATL,CB,practice_squad,DEV,30,1998-06-23,70,198,UCLA,6,2020,4,110,NYG,
00-0041188,Malcolm DeWalt IV,ATL,CB,active,INA,36,2002-01-04,74,190,Akron; Butte College; Snow,0,2026,,,,2
00-0034639,Mike Ford,ATL,CB,active,ACT,28,1995-08-04,72,196,Southeast Missouri State,8,2018,,,,3
00-0034843,Mike Hughes,ATL,CB,active,ACT,21,1997-02-11,70,191,UCF; Garden City CC; North Carolina,8,2018,1,30,MIN,1
00-0041484,Anterio Thompson,ATL,DT,ir,RES,69,2002-10-29,76,310,Washington; Western Michigan; Iowa; Iowa Western CC,0,2026,6,208,ATL,3
00-0039859,Brandon Dorlus,ATL,DT,active,ACT,54,2001-03-22,75,295,Oregon,2,2024,4,109,ATL,1
00-0041184,Carlos Allen Jr.,ATL,DT,practice_squad,DEV,79,,,295,,0,2026,,,,
00-0034371,Da'Shawn Hand,ATL,DT,active,ACT,90,1995-11-14,75,302,Alabama,8,2018,4,114,DET,1
00-0039070,Gervon Dexter Sr.,ATL,DT,active,ACT,95,2000-10-05,78,326,Florida,3,2023,2,53,CHI,1
00-0040056,Jared Ivey,ATL,DT,active,ACT,51,2001-12-05,78,274,Mississippi; Georgia Tech,1,2025,,,,4
00-0036204,LaCale London,ATL,DT,active,ACT,94,1997-08-05,75,297,Western Illinois,6,2020,,,,2
00-0039889,Maason Smith,ATL,DT,active,ACT,92,2002-10-13,77,306,LSU,2,2024,2,48,JAX,2
00-0038937,Zacch Pickens,ATL,DT,practice_squad,DEV,93,2000-03-06,76,305,South Carolina,3,2023,3,64,CHI,
00-0038980,Zach Harrison,ATL,DT,practice_squad,DEV,96,2001-08-14,77,272,Ohio State,3,2023,3,75,ATL,
00-0039837,Bralen Trice,ATL,EDGE,active,ACT,48,2001-02-26,76,274,Washington,2,2024,3,74,ATL,
00-0037815,Cameron Thomas,ATL,EDGE,active,ACT,99,2000-07-01,76,265,San Diego State,4,2022,3,87,ARI,2
00-0037808,DeAngelo Malone,ATL,EDGE,ir,RES,50,1999-07-12,75,235,Western Kentucky,4,2022,3,82,ATL,3
00-0040577,Jalon Walker,ATL,EDGE,ir,RES,11,2004-02-24,74,245,Georgia,1,2025,1,15,ATL,3
00-0040578,James Pearce Jr.,ATL,EDGE,ir,RES,27,2003-10-12,77,243,Tennessee,1,2025,1,26,ATL,2
00-0033945,Samson Ebukam,ATL,EDGE,active,ACT,52,1995-05-09,75,245,Eastern Washington,9,2017,4,125,LA,1
00-0031576,Za'Darius Smith,ATL,EDGE,active,ACT,55,1992-09-08,76,272,Kentucky; East Mississippi JC,11,2015,4,122,BAL,1
00-0025565,Nick Folk,ATL,K,active,ACT,6,1984-11-05,73,222,Arizona,19,2007,6,178,DAL,1
00-0037823,Christian Harris,ATL,LB,active,INA,45,2001-01-16,74,232,Alabama,4,2022,3,75,HOU,1
00-0036990,Divine Deablo,ATL,LB,active,ACT,0,1998-08-17,75,223,Virginia Tech,5,2021,3,80,LV,1
00-0041112,Harold Perkins Jr.,ATL,LB,active,ACT,56,2004-09-10,72,223,LSU,0,2026,6,215,ATL,2
00-0039370,JD Bertrand,ATL,LB,ir,RES,40,2000-05-05,73,233,Notre Dame,2,2024,5,143,ATL,5
00-0034801,Josh Woods,ATL,LB,active,ACT,42,1996-07-01,73,236,Maryland,8,2018,,,,3
00-0041066,Kendal Daniels,ATL,LB,active,ACT,53,2002-12-16,77,242,Oklahoma; Oklahoma State,0,2026,4,134,ATL,2
00-0038580,Yasir Abdullah,ATL,LB,active,ACT,22,2000-04-12,73,234,Louisville,3,2023,5,136,JAX,3
00-0036082,Liam McCullough,ATL,LS,active,ACT,49,1997-06-05,74,245,Ohio State,6,2020,,,,1
00-0035630,Chris Lindstrom,ATL,OG,active,ACT,63,1997-02-28,76,307,Boston College,7,2019,1,14,ATL,1
00-0040965,Josh Thompson,ATL,OG,practice_squad,DEV,67,2002-10-09,76,315,LSU; Northwestern,0,2026,,,,
00-0041276,Kam Dewberry,ATL,OG,practice_squad,DEV,61,2004-04-23,76,332,Alabama; Texas A&M,0,2026,,,,
00-0036354,Kyle Hinton,ATL,OG,active,ACT,68,1998-02-27,74,315,Washburn,6,2020,7,253,MIN,2
00-0039048,Matthew Bergeron,ATL,OG,active,ACT,65,2000-02-26,77,315,Syracuse,3,2023,2,38,ATL,1
00-0040687,Cameron Williams,ATL,OT,ir,RES,73,2003-10-16,78,317,Texas,1,2025,6,207,PHI,4
00-0041121,Ethan Onianwa,ATL,OT,active,INA,75,2003-08-16,79,331,Ohio State; Rice,0,2026,7,231,ATL,3
00-0031279,Jake Matthews,ATL,OT,active,ACT,70,1992-02-11,77,309,Texas A&M,12,2014,1,6,ATL,1
00-0035237,Jawaan Taylor,ATL,OT,active,ACT,71,1997-11-25,77,312,Florida,7,2019,2,35,JAX,1
00-0039842,Michael Jerrell,ATL,OT,active,ACT,72,1999-08-18,77,309,Findlay,2,2024,6,207,SEA,2
00-0041192,Riley Mahlman,ATL,OT,practice_squad,DEV,76,2002-12-30,80,318,Wisconsin,0,2026,,,,
00-0033752,Storm Norton,ATL,OT,ir,RES,77,1994-05-16,79,310,Toledo,9,2017,,,,5
00-0035280,Jake Bailey,ATL,P,active,ACT,16,1997-06-18,74,212,Stanford,7,2019,5,163,NE,1
00-0033662,Cooper Rush,ATL,QB,active,ACT,13,1993-11-21,75,225,Central Michigan; Tarrant County JC,9,2017,,,,3
00-0041194,Jack Strand,ATL,QB,active,ACT,18,2004-06-23,77,240,Minnesota State,0,2026,,,,4
00-0039917,Michael Penix Jr.,ATL,QB,active,INA,9,2000-05-08,75,220,Washington; Indiana,2,2024,1,8,ATL,2
00-0036212,Tua Tagovailoa,ATL,QB,active,INA,1,1998-03-02,73,225,Alabama,6,2020,1,5,MIA,1
00-0038542,Bijan Robinson,ATL,RB,active,ACT,7,2002-01-30,71,214,Texas,3,2023,1,8,ATL,1
00-0037746,Brian Robinson,ATL,RB,active,ACT,15,1999-03-22,73,228,Alabama,4,2022,3,98,WAS,2
00-0041191,Cash Jones,ATL,RB,practice_squad,DEV,32,2000-04-05,71,195,Georgia,0,2026,,,,
00-0036984,Trey Sermon,ATL,RB,ir,RES,44,1999-01-30,72,215,Ohio State; Oklahoma,5,2021,3,88,SF,3
00-0037120,Tyler Goodson,ATL,RB,practice_squad,DEV,25,2000-11-10,69,199,Iowa,4,2022,,,,
00-0036956,Darren Hall,ATL,S,ir,RES,41,2000-05-02,72,190,San Diego State,5,2021,4,108,ATL,3
00-0038628,DeMarcco Hellams,ATL,S,active,ACT,23,2000-06-05,73,203,Alabama,3,2023,7,224,ATL,2
00-0038587,Jammie Robinson,ATL,S,practice_squad,DEV,34,2001-01-24,71,195,Florida State,3,2023,5,145,CAR,
00-0034675,Jessie Bates,ATL,S,active,ACT,3,1997-02-26,73,210,Wake Forest,8,2018,2,54,CIN,1
00-0039002,Sydney Brown,ATL,S,active,ACT,29,2000-03-21,70,211,Illinois,3,2023,3,66,PHI,2
00-0040148,Xavier Watts,ATL,S,active,ACT,31,2001-11-22,72,203,Notre Dame,1,2025,3,96,ATL,1
00-0032392,Austin Hooper,ATL,TE,active,ACT,81,1994-10-29,76,254,Stanford,10,2016,3,81,ATL,3
00-0036429,Charlie Woerner,ATL,TE,active,ACT,89,1997-10-16,77,250,Georgia,6,2020,6,190,SF,2
00-0041195,Jack Velling,ATL,TE,practice_squad,DEV,84,2003-10-29,77,242,Michigan State; Oregon State,0,2026,,,,
00-0036970,Kyle Pitts,ATL,TE,active,ACT,8,2000-10-06,78,250,Florida,5,2021,1,4,ATL,1
00-0037317,Nick Muse,ATL,TE,active,ACT,87,1998-11-25,77,250,South Carolina,4,2022,7,227,MIN,
00-0040438,Antwane Wells Jr.,ATL,WR,practice_squad,DEV,82,2001-04-02,72,205,Mississippi; South Carolina; James Madison,1,2025,,,,
00-0040432,Beaux Collins,ATL,WR,ir,RES,88,2002-12-16,75,206,Notre Dame; Clemson,1,2025,,,,2
00-0036463,Chris Blair,ATL,WR,active,ACT,19,1997-10-06,74,215,Alcorn State,6,2020,,,,2
00-0037238,Drake London,ATL,WR,active,ACT,5,2001-07-24,76,215,USC,4,2022,1,8,ATL,1
00-0038953,Dylan Drummond,ATL,WR,practice_squad,DEV,80,2000-01-17,72,190,Eastern Michigan,3,2023,,,,
00-0037741,Jahan Dotson,ATL,WR,active,ACT,4,2000-03-22,71,182,Penn State,4,2022,1,16,WAS,1
00-0035208,Olamide Zaccheaus,ATL,WR,active,ACT,14,1997-07-23,68,194,Virginia,7,2019,,,,1
00-0041185,Vinny Anthony II,ATL,WR,practice_squad,DEV,86,2003-06-27,72,190,Wisconsin,0,2026,,,,
00-0041044,Zachariah Branch,ATL,WR,active,ACT,17,2004-03-29,70,177,Georgia; USC,0,2026,3,79,ATL,2
00-0036215,Danny Pinter,BAL,C,ir,RES,63,1996-06-19,76,310,Ball State,6,2020,5,149,IND,3
00-0033901,Ethan Pocic,BAL,C,active,ACT,77,1995-08-05,78,320,LSU,9,2017,2,58,SEA,2
00-0038629,Jovaughn Gwyn,BAL,C,active,ACT,54,1999-03-18,74,310,South Carolina,3,2023,7,225,ATL,1
00-0040979,Nick Dawkins,BAL,C,practice_squad,DEV,53,,,299,,0,2026,,,,
00-0035270,Amani Oruwariye,BAL,CB,practice_squad,DEV,25,1996-02-09,74,203,Penn State,7,2019,5,146,DET,
00-0040073,Bilhal Kone,BAL,CB,ir,RES,31,2002-03-03,73,190,Western Michigan; Iowa Central CC-Eagle Grove,1,2025,6,178,BAL,3
00-0040885,Chandler Rivers,BAL,CB,active,INA,29,2003-10-17,70,189,Duke,0,2026,5,162,BAL,3
00-0033548,Chidobe Awuzie,BAL,CB,active,ACT,3,1995-05-24,72,202,Colorado,9,2017,2,60,DAL,2
00-0040636,Keyon Martin,BAL,CB,active,ACT,38,2001-05-16,69,171,Louisiana-Lafayette; Youngstown State,1,2025,,,,2
00-0038038,Kyle Hamilton,BAL,CB,active,ACT,14,2001-03-16,76,220,Notre Dame,4,2022,1,14,BAL,1
00-0040993,Ladarius Webb Jr.,BAL,CB,practice_squad,DEV,34,2003-01-11,69,177,Wake Forest; South Alabama; Oklahoma State,0,2026,,,,
00-0033281,Marlon Humphrey,BAL,CB,active,ACT,44,1996-07-08,72,200,Alabama,9,2017,1,16,BAL,1
00-0039232,Nate Wiggins,BAL,CB,active,ACT,2,2003-08-28,73,185,Clemson,2,2024,1,30,BAL,1
00-0039234,T.J. Tampa,BAL,CB,active,ACT,27,2002-03-13,73,190,Iowa State,2,2024,4,130,BAL,2
00-0040076,Aeneas Peebles,BAL,DT,active,ACT,90,2001-09-03,72,300,Virginia Tech; Duke,1,2025,6,210,BAL,3
00-0036081,Broderick Washington,BAL,DT,active,ACT,96,1996-12-04,74,315,Texas Tech,6,2020,5,170,BAL,2
00-0026190,Calais Campbell,BAL,DT,active,ACT,93,1986-09-01,80,307,Miami,18,2008,2,50,ARI,1
00-0039938,David Olajiga,BAL,DT,practice_squad,DEV,65,1997-11-03,75,310,Central Missouri; Butler County JC,2,2024,,,,
00-0030070,John Jenkins,BAL,DT,active,ACT,94,1989-07-11,75,360,Georgia; Gulf Coast CC; Mississippi,13,2013,3,82,NO,2
00-0036130,Nnamdi Madubuike,BAL,DT,active,INA,92,1997-11-17,75,305,Texas A&M,6,2020,3,71,BAL,1
00-0040907,Rayshaun Benny,BAL,DT,practice_squad,DEV,99,2002-05-08,75,305,Michigan,0,2026,7,250,BAL,
00-0037756,Travis Jones,BAL,DT,active,ACT,98,1999-10-15,76,341,Connecticut,4,2022,3,76,BAL,1
00-0039791,Adisa Isaac,BAL,EDGE,practice_squad,DEV,50,2001-10-04,76,253,Penn State,2,2024,3,93,BAL,
00-0040978,Ethan Burke,BAL,EDGE,active,ACT,97,2003-06-20,78,269,Texas,0,2026,,,,3
00-0040658,Kaimon Rucker,BAL,EDGE,practice_squad,DEV,56,2002-02-28,74,265,North Carolina,1,2025,,,,
00-0040722,Mike Green,BAL,EDGE,active,ACT,15,2003-07-28,75,248,Marshall; Virginia,1,2025,2,59,BAL,2
00-0038505,Tavius Robinson,BAL,EDGE,active,ACT,95,1999-01-03,78,265,Mississippi,3,2023,4,124,BAL,1
00-0033935,Trey Hendrickson,BAL,EDGE,active,ACT,91,1994-12-05,76,265,Florida Atlantic,9,2017,3,103,NO,1
00-0041494,Zion Young,BAL,EDGE,active,ACT,9,2004-03-18,77,267,Missouri; Michigan State,0,2026,2,45,BAL,2
00-0038562,Jake Moody,BAL,K,practice_squad,DEV,16,1999-11-23,73,210,Michigan,3,2023,3,99,SF,
00-0040074,Tyler Loop,BAL,K,active,ACT,33,2001-08-04,71,190,Arizona,1,2025,6,186,BAL,1
00-0039460,Carl Jones,BAL,LB,active,ACT,48,2001-08-08,72,223,UCLA,2,2024,,,,
00-0040980,Dominic DeLuca,BAL,LB,practice_squad,DEV,42,2001-09-25,73,228,Penn State,0,2026,,,,
00-0040037,Jamon Johnson,BAL,LB,practice_squad,DEV,47,2001-11-28,73,245,Kentucky; Georgia,1,2025,,,,
00-0040100,Jay Higgins,BAL,LB,active,ACT,49,2002-02-14,72,230,Iowa,1,2025,,,,2
00-0034874,Roquan Smith,BAL,LB,active,ACT,0,1997-04-08,73,235,Georgia,8,2018,1,8,CHI,1
00-0040069,Teddye Buchanan,BAL,LB,active,INA,40,2002-10-03,74,240,California,1,2025,4,129,BAL,1
00-0038504,Trenton Simpson,BAL,LB,active,ACT,32,2001-06-14,74,242,Clemson,3,2023,3,86,BAL,2
00-0035408,Nick Moore,BAL,LS,active,ACT,46,1992-12-09,74,260,Georgia,7,2019,,,,1
00-0038383,Andrew Vorhees,BAL,OG,active,ACT,72,1999-01-21,78,330,USC,3,2023,7,229,BAL,2
00-0040068,Emery Jones Jr.,BAL,OG,active,INA,51,2004-03-05,77,325,LSU,1,2025,3,91,BAL,2
00-0036369,John Simpson,BAL,OG,active,ACT,74,1997-08-19,76,330,Clemson,6,2020,4,109,LV,1
00-0040866,Olaivavega Ioane,BAL,OG,active,ACT,71,2004-04-17,76,326,Penn State,0,2026,1,14,BAL,1
00-0037845,A.J. Arcuri,BAL,OT,practice_squad,DEV,61,1997-08-13,79,320,Michigan State,4,2022,7,261,LA,
00-0040070,Carson Vinson,BAL,OT,active,ACT,76,2001-11-13,79,325,Alabama A&M,1,2025,5,141,BAL,2
00-0035698,Chuma Edoga,BAL,OT,practice_squad,DEV,55,1997-05-25,76,308,USC,7,2019,3,92,NYJ,
00-0040098,Gerad Lichtenhan,BAL,OT,practice_squad,DEV,78,2001-12-03,80,330,Oregon State,1,2025,,,,
00-0039233,Roger Rosengarten,BAL,OT,active,ACT,70,2002-06-03,77,310,Washington,2,2024,2,62,BAL,1
00-0032965,Ronnie Stanley,BAL,OT,active,ACT,79,1994-03-18,78,310,Notre Dame,10,2016,1,6,BAL,1
00-0040898,Ryan Eckley,BAL,P,active,ACT,30,2004-02-16,72,205,Michigan State,0,2026,6,211,BAL,1
00-0040981,Joe Fagnano,BAL,QB,active,INA,12,2001-03-31,75,230,Connecticut; Maine,0,2026,,,,3
00-0034796,Lamar Jackson,BAL,QB,active,ACT,8,1997-01-07,74,205,Louisville,8,2018,1,32,BAL,1
00-0037327,Skylar Thompson,BAL,QB,ir,RES,11,1997-06-04,74,221,Kansas State,4,2022,7,247,MIA,4
00-0035993,Tyler Huntley,BAL,QB,active,ACT,5,1998-02-03,73,205,Utah,6,2020,,,,2
00-0040888,Adam Randall,BAL,RB,ir,RES,23,2004-07-14,75,240,Clemson,0,2026,5,174,BAL,4
00-0032764,Derrick Henry,BAL,RB,active,ACT,22,1994-01-04,75,252,Alabama,10,2016,2,45,TEN,1
00-0035924,Jonathan Ward,BAL,RB,practice_squad,DEV,35,1997-09-30,72,202,Central Michigan,6,2020,,,,
00-0034975,Justice Hill,BAL,RB,active,ACT,43,1997-11-14,70,195,Oklahoma State,7,2019,4,113,BAL,2
00-0039796,Rasheen Ali,BAL,RB,active,ACT,26,2001-02-16,71,209,Marshall,2,2024,5,165,BAL,3
00-0040988,Jahquez Robinson,BAL,S,ir,RES,41,2001-06-20,74,211,Auburn; Colorado,0,2026,,,,3
00-0036302,Jaylinn Hawkins,BAL,S,active,ACT,21,1997-08-27,73,210,California,6,2020,4,134,ATL,1
00-0036395,K'Von Wallace,BAL,S,practice_squad,DEV,26,1997-07-25,71,208,Clemson,6,2020,4,127,PHI,
00-0040104,Keondre Jackson,BAL,S,active,ACT,39,2002-05-02,74,215,Illinois State,1,2025,,,,2
00-0040688,Malaki Starks,BAL,S,active,ACT,24,2003-11-13,73,205,Georgia,1,2025,1,27,BAL,1
00-0034798,Durham Smythe,BAL,TE,active,ACT,80,1995-08-09,76,248,Notre Dame,8,2018,4,123,MIA,2
00-0040887,Josh Cuevas,BAL,TE,active,ACT,85,2002-09-25,75,245,Alabama; Washington; Pomona State,0,2026,5,173,BAL,4
00-0034753,Mark Andrews,BAL,TE,active,ACT,89,1995-09-06,77,250,Oklahoma,8,2018,3,86,BAL,1
00-0040879,Matthew Hibner,BAL,TE,active,ACT,88,2002-03-09,76,251,SMU; Michigan,0,2026,4,133,BAL,3
00-0032394,Nick Vannett,BAL,TE,practice_squad,DEV,83,1993-03-06,78,257,Ohio State,10,2016,3,94,SEA,
00-0032398,Chris Moore,BAL,WR,active,ACT,17,1993-06-16,73,200,Cincinnati,10,2016,4,107,BAL,
00-0039792,Devontez Walker,BAL,WR,active,INA,81,2001-06-19,73,200,North Carolina; Kent State; North Carolina Central,2,2024,4,113,BAL,2
00-0040876,Elijah Sarratt,BAL,WR,active,INA,13,2003-05-28,74,215,Indiana; James Madison; St. Francis PA,0,2026,4,115,BAL,2
00-0040870,Ja'Kobi Lane,BAL,WR,active,ACT,6,2004-08-05,76,205,USC,0,2026,3,80,BAL,1
00-0040075,LaJohntay Wester,BAL,WR,active,ACT,10,2002-03-29,69,180,Colorado; Florida Atlantic,1,2025,6,203,BAL,2
00-0036550,Rashod Bateman,BAL,WR,active,ACT,7,1999-11-29,73,193,Minnesota,5,2021,1,27,BAL,1
00-0040986,Ty Pezza,BAL,WR,practice_squad,DEV,84,2002-09-18,75,240,Brown,0,2026,,,,
00-0040099,Xavier Guillory,BAL,WR,practice_squad,DEV,16,2001-07-13,74,210,Arizona State; Idaho State,1,2025,,,,
00-0039064,Zay Flowers,BAL,WR,active,ACT,4,2000-09-11,69,183,Boston College,3,2023,1,22,BAL,1
00-0035679,Connor McGovern,BUF,C,active,ACT,66,1997-11-03,78,318,Penn State,7,2019,3,90,DAL,1
00-0036391,Lloyd Cushenberry III,BUF,C,active,ACT,53,1997-11-22,76,315,LSU,6,2020,3,83,DEN,2
00-0038848,Anthony Kendall,BUF,CB,practice_squad,DEV,30,1999-12-17,70,188,Baldwin Wallace College,3,2023,,,,
00-0037288,Christian Benford,BUF,CB,active,ACT,47,2000-09-21,73,205,Villanova,4,2022,6,185,BUF,1
00-0041391,Davison Igbinosun,BUF,CB,active,ACT,21,2004-04-11,74,189,Ohio State; Mississippi,0,2026,2,62,BUF,2
00-0037034,Dee Alford,BUF,CB,active,ACT,23,1997-11-05,71,180,Tusculum College,6,2020,,,,1
00-0040197,Dorian Strong,BUF,CB,ir,RES,43,2002-03-14,72,185,Virginia Tech,1,2025,6,177,BUF,2
00-0041086,Jalon Kilgore,BUF,CB,active,INA,29,2005-01-27,73,210,South Carolina,0,2026,5,167,BUF,2
00-0041275,Kani Walker,BUF,CB,practice_squad,DEV,41,2003-02-28,74,204,Arkansas; Oklahoma; Louisville,0,2026,,,,
00-0040709,Maxwell Hairston,BUF,CB,active,ACT,1,2003-08-06,71,192,Kentucky,1,2025,1,30,BUF,1
00-0039469,Te'Cory Couch,BUF,CB,practice_squad,DEV,33,1999-09-06,70,185,Miami,2,2024,,,,
00-0039873,DeWayne Carter,BUF,DT,active,ACT,90,2000-12-10,74,305,Duke,2,2024,3,95,BUF,2
00-0040710,Deone Walker,BUF,DT,active,ACT,96,2004-03-11,79,331,Kentucky,1,2025,4,109,BUF,1
00-0035230,Ed Oliver,BUF,DT,active,ACT,91,1997-12-12,73,287,Houston,7,2019,1,9,BUF,1
00-0035667,Greg Gaines,BUF,DT,active,ACT,97,1996-05-06,73,312,Washington,7,2019,4,134,LA,2
00-0038099,Phidarian Mathis,BUF,DT,ir,RES,72,1998-04-26,76,312,Alabama,4,2022,2,47,WAS,2
00-0040724,T.J. Sanders,BUF,DT,active,INA,98,2003-07-30,76,297,South Carolina,1,2025,2,41,BUF,1
00-0039930,Travis Clayton,BUF,DT,practice_squad,DEV,67,2001-02-17,79,301,,2,2024,7,221,BUF,
00-0041091,Zane Durant,BUF,DT,ir,RES,92,2004-05-01,73,290,Penn State,0,2026,5,181,BUF,3
00-0038635,Andre Jones Jr.,BUF,EDGE,practice_squad,DEV,59,1998-10-25,77,258,Louisiana-Lafayette,3,2023,7,233,WAS,
00-0034832,Bradley Chubb,BUF,EDGE,active,ACT,9,1996-06-24,76,268,N.C. State,8,2018,1,5,DEN,1
00-0036914,Greg Rousseau,BUF,EDGE,active,ACT,15,2000-04-05,78,266,Miami,5,2021,1,30,BUF,1
00-0039879,Javon Solomon,BUF,EDGE,active,ACT,56,2001-01-17,73,249,Troy,2,2024,5,168,BUF,3
00-0040132,Landon Jackson,BUF,EDGE,active,ACT,94,2003-01-02,78,264,Arkansas; LSU,1,2025,3,72,BUF,4
00-0036378,Michael Danna,BUF,EDGE,active,INA,51,1997-12-04,74,255,Michigan,6,2020,5,177,KC,3
00-0035933,Michael Hoecht,BUF,EDGE,active,ACT,55,1997-10-05,76,267,Brown,6,2020,,,,2
00-0041036,TJ Parker,BUF,EDGE,active,ACT,99,2004-09-19,75,263,Clemson,0,2026,2,35,BUF,2
00-0036162,Tyler Bass,BUF,K,active,ACT,16,1997-02-14,70,185,Georgia Southern,6,2020,6,188,BUF,1
00-0035020,Demetrius Flannigan-Fowles,BUF,LB,ir,RES,50,1996-09-04,74,209,Arizona,7,2019,,,,
00-0038557,Dorian Williams,BUF,LB,active,ACT,42,2001-06-28,73,230,Tulane,3,2023,3,91,BUF,2
00-0039763,Joe Andreessen,BUF,LB,active,ACT,44,2000-02-07,73,240,Buffalo,2,2024,,,,2
00-0041444,Kaleb Elarms-Orr,BUF,LB,active,ACT,52,2003-08-29,74,234,TCU; California,0,2026,4,126,BUF,1
00-0040362,Keonta Jenkins,BUF,LB,practice_squad,DEV,49,2002-01-26,74,225,Virginia Tech,1,2025,,,,
00-0031550,Shaq Thompson,BUF,LB,practice_squad,DEV,54,1994-04-21,72,230,Washington,11,2015,1,25,CAR,
00-0037254,Terrel Bernard,BUF,LB,active,ACT,8,1999-05-07,73,222,Baylor,4,2022,3,89,BUF,1
00-0032497,Reid Ferguson,BUF,LS,active,ACT,69,1994-03-24,74,235,LSU,10,2016,,,,1
00-0037428,Alec Anderson,BUF,OG,active,ACT,70,1999-10-03,77,305,UCLA,4,2022,,,,1
00-0041128,Ar'maj Reed-Adams,BUF,OG,active,INA,60,2001-11-02,77,314,Texas A&M; Kansas,0,2026,7,241,BUF,3
00-0034261,Austin Corbett,BUF,OG,active,ACT,63,1995-09-05,76,305,Nevada,8,2018,2,33,CLE,2
00-0038633,Nick Broeker,BUF,OG,practice_squad,DEV,65,2000-10-07,76,305,Mississippi,3,2023,7,230,BUF,
00-0038548,O'Cyrus Torrence,BUF,OG,active,ACT,64,2000-01-20,77,330,Florida; Louisiana-Lafayette,3,2023,2,59,BUF,1
00-0040217,Chase Lundt,BUF,OT,practice_squad,DEV,77,2000-06-16,79,305,Connecticut,1,2025,6,206,BUF,
00-0033904,Dion Dawkins,BUF,OT,active,ACT,73,1994-04-26,77,320,Temple,9,2017,2,63,BUF,1
00-0036267,Jedrick Wills,BUF,OT,practice_squad,DEV,71,1999-05-17,76,312,Alabama,6,2020,1,10,CLE,
00-0041548,Jude Bowry,BUF,OT,active,INA,74,2003-08-19,77,314,Boston College,0,2026,4,102,BUF,3
00-0036976,Spencer Brown,BUF,OT,active,ACT,79,1998-02-28,80,311,Northern Iowa,5,2021,3,93,BUF,1
00-0039882,Tylan Grable,BUF,OT,active,ACT,68,1999-10-04,77,313,UCF; Jacksonville State,2,2024,6,204,BUF,2
00-0041126,Tommy Doman Jr.,BUF,P,active,ACT,39,2002-09-01,76,214,Florida; Michigan,0,2026,7,239,BUF,1
00-0034857,Josh Allen,BUF,QB,active,ACT,17,1996-05-21,77,237,Wyoming; Reedley,8,2018,1,7,BUF,1
00-0034577,Kyle Allen,BUF,QB,active,ACT,11,1996-03-08,75,211,Houston; Texas A&M,8,2018,,,,2
00-0036679,Shane Buechele,BUF,QB,practice_squad,DEV,6,1998-01-08,72,210,SMU,5,2021,,,,
00-0039471,Frank Gore Jr.,BUF,RB,active,ACT,20,2002-03-13,68,200,Southern Mississippi,2,2024,,,,
00-0037248,James Cook,BUF,RB,active,ACT,4,1999-09-25,71,190,Georgia,4,2022,2,63,BUF,1
00-0039875,Ray Davis,BUF,RB,active,ACT,7,1999-11-20,68,211,Kentucky; Vanderbilt; Temple,2,2024,4,128,BUF,2
00-0035537,Ty Johnson,BUF,RB,active,INA,26,1997-09-17,70,210,Maryland,7,2019,6,186,DET,3
00-0035253,C.J. Gardner-Johnson,BUF,S,active,ACT,22,1997-12-20,71,208,Florida,7,2019,4,105,NO,1
00-0039872,Cole Bishop,BUF,S,active,ACT,24,2002-10-24,74,207,Utah,2,2024,2,60,BUF,1
00-0036888,Damar Hamlin,BUF,S,active,ACT,3,1998-03-24,72,200,Pittsburgh,5,2021,6,212,BUF,2
00-0036199,Geno Stone,BUF,S,practice_squad,DEV,25,1999-04-19,71,210,Iowa,6,2020,7,219,BAL,
00-0040192,Jordan Hancock,BUF,S,active,ACT,37,2003-08-12,73,195,Ohio State,1,2025,5,170,BUF,3
00-0036037,Sam Franklin Jr.,BUF,S,active,ACT,28,1996-02-02,75,210,Temple,6,2020,,,,3
00-0038933,Dalton Kincaid,BUF,TE,active,ACT,86,1999-10-18,75,246,Utah; Univ of California-San Diego,3,2023,1,25,BUF,1
00-0035689,Dawson Knox,BUF,TE,active,ACT,88,1996-11-14,76,254,Mississippi,7,2019,3,96,BUF,2
00-0040194,Jackson Hawes,BUF,TE,active,ACT,85,2000-12-06,76,253,Georgia Tech; Yale,1,2025,5,173,BUF,3
00-0040363,Keleki Latu,BUF,TE,active,ACT,83,2002-08-13,78,249,Washington; Nevada,1,2025,,,,4
00-0034827,DJ Moore,BUF,WR,active,ACT,2,1997-04-14,72,215,Maryland,8,2018,1,24,CAR,1
00-0035500,Greg Dortch,BUF,WR,active,ACT,19,1998-05-29,67,173,Wake Forest,7,2019,,,,
00-0041272,Ja'Mori Maclin,BUF,WR,practice_squad,DEV,84,2001-09-22,71,183,Kentucky; North Texas; Missouri,0,2026,,,,
00-0036988,Josh Palmer,BUF,WR,active,ACT,5,1999-09-22,73,210,Tennessee,5,2021,3,77,LAC,2
00-0039901,Keon Coleman,BUF,WR,active,ACT,0,2003-05-17,75,215,Florida State; Michigan State,2,2024,2,33,BUF,1
00-0037261,Khalil Shakir,BUF,WR,active,ACT,10,2000-02-03,72,190,Boise State,4,2022,5,148,BUF,1
00-0041443,Skyler Bell,BUF,WR,active,INA,13,2002-07-05,71,192,Connecticut; Wisconsin,0,2026,4,125,BUF,2
00-0040361,Stephen Gosnell,BUF,WR,practice_squad,DEV,89,2001-10-22,73,198,Virginia Tech; North Carolina,1,2025,,,,
00-0034487,Trent Sherfield,BUF,WR,practice_squad,DEV,18,1996-02-26,72,203,Vanderbilt,8,2018,,,,
00-0038679,Tyrell Shavers,BUF,WR,ir,RES,14,1999-08-18,76,210,San Diego State; Mississippi State; Alabama,3,2023,,,,2
00-0037814,Luke Fortner,CAR,C,active,ACT,77,1998-05-15,78,305,Kentucky,4,2022,3,65,JAX,1
00-0041071,Sam Hecht,CAR,C,active,ACT,75,2003-04-03,76,303,Kansas State,0,2026,5,144,CAR,2
00-0038101,Akayleb Evans,CAR,CB,active,ACT,29,1999-06-22,74,205,Missouri,4,2022,4,118,MIN,2
00-0039380,Chau Smith-Wade,CAR,CB,active,ACT,26,2002-09-17,71,192,Washington State,2,2024,5,157,CAR,1
00-0040296,Corey Thornton,CAR,CB,practice_squad,DEV,31,2001-01-30,73,204,Louisville,1,2025,,,,
00-0041153,Devonta Smith,CAR,CB,practice_squad,DEV,43,2002-12-11,71,195,Notre Dame; Alabama,0,2026,,,,
00-0036944,Jaycee Horn,CAR,CB,active,ACT,8,1999-11-26,73,212,South Carolina,5,2021,1,8,CAR,1
00-0035277,Mike Jackson,CAR,CB,active,ACT,2,1997-01-10,73,210,Miami,7,2019,5,158,DAL,1
00-0041063,Will Lee III,CAR,CB,active,ACT,24,2003-04-09,73,195,Texas A&M; Kansas State,0,2026,4,129,CAR,2
00-0041148,Aaron Hall,CAR,DT,active,ACT,94,2003-04-18,76,300,Duke,0,2026,,,,2
00-0039783,Anthony Goodlow,CAR,DT,practice_squad,DEV,96,2000-07-25,77,300,Oklahoma State,2,2024,,,,
00-0036903,Bobby Brown III,CAR,DT,active,ACT,97,2000-08-07,76,330,Texas A&M,5,2021,4,117,LA,1
00-0040174,Cam Jackson,CAR,DT,active,INA,99,2002-08-07,78,340,Florida; Memphis,1,2025,5,140,CAR,2
00-0036220,Derrick Brown,CAR,DT,active,ACT,95,1998-04-15,77,330,Auburn,6,2020,1,7,CAR,1
00-0041478,Lee Hunter,CAR,DT,active,ACT,92,2002-07-02,75,318,Texas Tech; UCF; Auburn,0,2026,2,49,CAR,1
00-0041151,Parker Petersen,CAR,DT,practice_squad,DEV,69,2003-01-16,76,309,Wisconsin; Tulane,0,2026,,,,
00-0040458,TeRah Edwards,CAR,DT,active,ACT,93,2001-06-03,74,305,Illinois; Northwestern,1,2025,,,,2
00-0035890,Tershawn Wharton,CAR,DT,ir,RES,98,1998-06-25,73,295,Missouri-Rolla,6,2020,,,,3
00-0036045,Cam Gill,CAR,EDGE,practice_squad,DEV,49,1997-12-14,75,240,Wagner,6,2020,,,,
00-0036934,Jaelan Phillips,CAR,EDGE,active,ACT,5,1999-05-28,77,266,Miami,5,2021,1,18,MIA,1
00-0037179,Jeremiah Moon,CAR,EDGE,active,ACT,56,1998-08-18,77,245,Florida,4,2022,,,,
00-0040746,Nic Scourton,CAR,EDGE,ir,RES,11,2004-08-25,74,265,Texas A&M; Purdue,1,2025,2,51,CAR,4
00-0037007,Patrick Jones II,CAR,EDGE,active,INA,91,1998-09-29,76,260,Pittsburgh,5,2021,3,90,MIN,1
00-0040136,Princely Umanmielen,CAR,EDGE,active,ACT,3,2002-04-18,76,255,Mississippi; Florida,1,2025,3,77,CAR,2
00-0038791,Thomas Incoom,CAR,EDGE,active,ACT,48,1999-02-01,74,248,Central Michigan; Valdosta State,3,2023,,,,3
00-0036305,Trevis Gipson,CAR,EDGE,active,ACT,52,1997-06-13,76,264,Tulsa,6,2020,5,155,CHI,2
00-0040279,Ryan Fitzgerald,CAR,K,active,ACT,10,2000-08-13,71,201,Florida State,1,2025,,,,1
00-0040289,Bam Martin-Scott,CAR,LB,ir,RES,54,2000-07-04,74,235,South Carolina; Dodge City CC,1,2025,,,,3
00-0035687,Bobby Okereke,CAR,LB,active,ACT,58,1996-07-29,73,234,Stanford,7,2019,3,89,IND,1
00-0038493,Claudin Cherelus,CAR,LB,active,ACT,53,1999-02-09,74,237,Alcorn State; UMass Amherst,3,2023,,,,2
00-0037244,Devin Lloyd,CAR,LB,active,ACT,55,1998-09-30,75,243,Utah,4,2022,1,27,JAX,1
00-0041119,Jackson Kuwatch,CAR,LB,active,ACT,46,2003-05-19,76,232,Miami (Ohio); Ohio State,0,2026,7,227,CAR,2
00-0040763,Mapalo Mwansa,CAR,LB,practice_squad,DEV,42,2004-04-02,75,234,,1,2025,,,,
00-0035352,Tyrel Dodson,CAR,LB,practice_squad,DEV,33,1998-06-25,72,237,Texas A&M,7,2019,,,,
00-0026027,J.J. Jansen,CAR,LS,active,ACT,44,1986-01-20,74,245,Notre Dame,18,2008,,,,1
00-0038536,Chandler Zavala,CAR,OG,practice_squad,DEV,62,1999-04-02,77,330,N.C. State; Fairmont State,3,2023,4,114,CAR,
00-0039242,Corey Bullock,CAR,OG,active,ACT,67,2001-12-09,75,325,Maryland; North Carolina Central,2,2024,,,,2
00-0036417,Damien Lewis,CAR,OG,active,ACT,68,1997-03-21,74,335,LSU; Northwest Mississippi CC,6,2020,3,69,SEA,1
00-0041146,Isaia Glass,CAR,OG,practice_squad,DEV,74,,,311,,0,2026,,,,
00-0036795,Jake Curhan,CAR,OG,practice_squad,DEV,74,1998-02-09,78,325,California,5,2021,,,,
00-0036325,Robert Hunt,CAR,OG,active,ACT,50,1996-08-25,78,335,Louisiana-Lafayette,6,2020,2,39,MIA,1
00-0040541,Torricelli Simpkins III,CAR,OG,practice_squad,DEV,65,2002-06-06,77,312,South Carolina; North Carolina Central,1,2025,,,,
00-0041138,Albert Reese,CAR,OT,active,INA,76,2002-08-13,79,325,Mississippi State,0,2026,,,,2
00-0036968,Brady Christensen,CAR,OT,ir,RES,70,1996-09-27,78,297,BYU,5,2021,3,70,CAR,2
00-0037229,Ikem Ekwonu,CAR,OT,ir,RES,79,2000-10-31,76,335,N.C. State,4,2022,1,6,CAR,3
00-0041034,Monroe Freeling,CAR,OT,active,ACT,57,2004-07-25,79,323,Georgia,0,2026,1,19,CAR,1
00-0037196,Rasheed Walker,CAR,OT,active,ACT,63,2000-02-13,78,325,Penn State,4,2022,7,249,GB,1
00-0039042,Ryan Hayes,CAR,OT,ir,RES,66,2000-02-28,78,305,Michigan,3,2023,7,238,MIA,
00-0036653,Stone Forsythe,CAR,OT,active,ACT,73,1997-12-29,80,315,Florida,5,2021,6,208,SEA,2
00-0033284,Taylor Moton,CAR,OT,ir,RES,72,1994-08-14,77,316,Western Michigan,9,2017,2,64,CAR,3
00-0030092,Sam Martin,CAR,P,active,ACT,6,1990-02-27,73,205,Appalachian State,13,2013,5,165,DET,1
00-0039150,Bryce Young,CAR,QB,active,ACT,9,2001-07-25,70,204,Alabama,3,2023,1,1,CAR,1
00-0041149,Haynes King,CAR,QB,active,INA,16,2001-01-09,74,212,Georgia Tech; Texas A&M,0,2026,,,,3
00-0038102,Kenny Pickett,CAR,QB,active,ACT,12,1998-06-06,75,220,Pittsburgh,4,2022,1,20,PIT,2
00-0036265,AJ Dillon,CAR,RB,active,ACT,28,1998-05-02,72,250,Boston College,6,2020,2,62,GB,3
00-0040260,Ahmani Marshall,CAR,RB,practice_squad,DEV,37,2002-03-21,73,225,Appalachian State; Wake Forest,1,2025,,,,
00-0040394,Anthony Tyus III,CAR,RB,practice_squad,DEV,34,2003-03-20,73,222,Ohio,1,2025,,,,
00-0036555,Chuba Hubbard,CAR,RB,active,ACT,30,1999-06-11,73,216,Oklahoma State,5,2021,4,126,CAR,1
00-0039344,Jonathon Brooks,CAR,RB,active,ACT,25,2003-07-21,72,216,Texas,2,2024,2,46,CAR,2
00-0040644,Trevor Etienne,CAR,RB,ir,RES,23,2004-07-09,69,204,Georgia; Florida,1,2025,4,114,CAR,4
00-0036356,Isaiah Simmons,CAR,S,active,ACT,27,1998-07-26,76,232,Clemson,6,2020,1,8,ARI,
00-0040159,Lathan Ransom,CAR,S,active,ACT,22,2002-07-16,72,202,Ohio State,1,2025,4,122,CAR,2
00-0035669,Nick Scott,CAR,S,active,ACT,21,1995-05-17,71,200,Penn State,7,2019,7,243,LA,1
00-0036962,Tre'von Moehrig,CAR,S,active,ACT,7,1999-06-16,74,215,TCU,5,2021,2,43,LV,1
00-0041076,Zakee Wheatley,CAR,S,active,INA,20,2002-02-28,75,203,Penn State,0,2026,5,151,CAR,2
00-0040044,Zion Childress,CAR,S,practice_squad,DEV,32,2002-01-21,71,203,Kentucky; Texas State-San Marcos,1,2025,,,,
00-0031610,Darren Waller,CAR,TE,active,ACT,88,1992-09-13,78,238,Georgia Tech,11,2015,6,204,BAL,3
00-0036825,Feleipe Franks,CAR,TE,active,ACT,81,1997-12-22,78,252,Arkansas,5,2021,,,,5
00-0039356,Ja'Tavion Sanders,CAR,TE,active,INA,0,2003-03-27,76,243,Texas,2,2024,4,101,CAR,4
00-0040187,Mitchell Evans,CAR,TE,active,ACT,84,2003-05-18,77,265,Notre Dame,1,2025,5,163,CAR,2
00-0037005,Tommy Tremble,CAR,TE,active,ACT,82,2000-06-02,76,248,Notre Dame,5,2021,3,83,CAR,1
00-0038840,Brycen Tremayne,CAR,WR,active,ACT,87,1999-11-18,76,212,Stanford,3,2023,,,,2
00-0039394,Casey Washington,CAR,WR,practice_squad,DEV,85,2001-03-06,72,205,Illinois,2,2024,6,187,ATL,
00-0041047,Chris Brazzell II,CAR,WR,ir,RES,19,2003-10-23,76,198,Tennessee; Tulane,0,2026,3,83,CAR,3
00-0033589,David Moore,CAR,WR,practice_squad,DEV,83,1995-01-15,72,220,East Central,9,2017,7,226,SEA,
00-0040265,Ja'Seem Reed,CAR,WR,practice_squad,DEV,86,2003-03-21,74,195,San Diego,1,2025,,,,
00-0039491,Jalen Coker,CAR,WR,active,ACT,18,2001-10-30,75,213,Holy Cross,2,2024,,,,1
00-0040218,Jimmy Horn Jr.,CAR,WR,active,ACT,15,2002-09-12,68,180,Colorado; University of South Florida,1,2025,6,208,CAR,2
00-0037614,John Metchie III,CAR,WR,active,INA,13,2000-07-18,71,204,Alabama,4,2022,2,44,HOU,2
00-0040124,Tetairoa McMillan,CAR,WR,active,ACT,4,2003-04-05,77,220,Arizona,1,2025,1,8,CAR,1
00-0039342,Xavier Legette,CAR,WR,active,ACT,17,2001-01-29,75,218,South Carolina,2,2024,1,32,CAR,1
00-0035588,Garrett Bradbury,CHI,C,active,ACT,67,1995-06-20,75,305,N.C. State,7,2019,1,18,MIN,1
00-0041539,Logan Jones,CHI,C,active,ACT,54,2001-10-29,75,299,Iowa,0,2026,2,57,CHI,2
00-0035357,Cam Lewis,CHI,CB,active,ACT,21,1997-04-13,69,185,Buffalo,7,2019,,,,1
00-0038568,Clark Phillips III,CHI,CB,active,ACT,20,2001-12-19,70,183,Utah,3,2023,4,113,ATL,2
00-0037395,Dallis Flowers,CHI,CB,ir,RES,37,1997-06-04,73,190,Pittsburg State (KS),4,2022,,,,4
00-0039378,Deantre Prince,CHI,CB,practice_squad,DEV,37,2000-10-12,72,185,Mississippi,2,2024,5,153,JAX,
00-0040550,Dontae Manning,CHI,CB,ir,RES,27,2001-09-17,70,190,Oregon,1,2025,,,,2
00-0036292,Jaylon Johnson,CHI,CB,active,ACT,1,1999-04-19,72,195,Utah,6,2020,2,50,CHI,1
00-0037129,Josh Blackwell,CHI,CB,active,ACT,39,1999-04-05,71,179,Duke,4,2022,,,,2
00-0038111,Kyler Gordon,CHI,CB,ir,RES,6,1999-12-17,71,200,Washington,4,2022,2,39,CHI,3
00-0041060,Malik Muhammad,CHI,CB,active,ACT,24,2004-09-14,72,182,Texas,0,2026,4,124,CHI,3
00-0039071,Tyrique Stevenson,CHI,CB,active,ACT,29,2000-05-26,72,214,Miami; Georgia,3,2023,2,56,CHI,1
00-0031583,Grady Jarrett,CHI,DT,active,ACT,50,1993-04-28,73,294,Clemson,11,2015,5,137,ATL,1
00-0036337,James Lynch,CHI,DT,active,ACT,97,1999-01-20,76,295,Baylor,6,2020,4,130,MIN,3
00-0041171,Jayden Loving,CHI,DT,active,INA,91,2003-04-08,73,309,Wake Forest,0,2026,,,,2
00-0041110,Jordan van den Berg,CHI,DT,active,ACT,96,2002-04-12,75,310,Georgia Tech; Penn State; Iowa Western CC,0,2026,6,213,CHI,4
00-0034320,Kentavius Street,CHI,DT,active,ACT,93,1996-05-08,74,315,N.C. State,8,2018,4,128,SF,1
00-0036366,Neville Gallimore,CHI,DT,active,ACT,90,1997-01-17,74,307,Oklahoma,6,2020,3,82,DAL,2
00-0040741,Shemar Turner,CHI,DT,ir,RES,95,2003-01-14,75,290,Texas A&M,1,2025,2,62,CHI,3
00-0039840,Austin Booker,CHI,EDGE,active,ACT,94,2002-12-14,78,245,Kansas; Minnesota,2,2024,5,144,CHI,2
00-0037843,Daniel Hardy,CHI,EDGE,active,ACT,92,1998-12-15,74,255,Montana State,4,2022,7,235,LA,3
00-0036480,Dayo Odeyingbo,CHI,EDGE,active,ACT,55,1999-09-24,77,280,Vanderbilt,5,2021,2,54,IND,1
00-0039461,Jamree Kromah,CHI,EDGE,active,INA,59,2000-06-14,75,268,James Madison; Rutgers,2,2024,,,,2
00-0036239,Jonathan Garvin,CHI,EDGE,ir,RES,57,1999-07-28,76,250,Miami,6,2020,7,242,GB,4
00-0034344,Marcus Davenport,CHI,EDGE,practice_squad,DEV,52,1996-09-04,78,265,Texas-San Antonio,8,2018,1,14,NO,
00-0035647,Montez Sweat,CHI,EDGE,active,ACT,98,1996-09-04,78,270,Mississippi State; Copiah-Lincoln Junior College; Michigan State,7,2019,1,26,WAS,1
00-0031203,Cairo Santos,CHI,K,active,ACT,8,1991-11-12,68,173,Tulane,12,2014,,,,1
00-0036870,Buddy Johnson,CHI,LB,practice_squad,DEV,47,1999-02-27,74,240,Texas A&M,5,2021,4,140,PIT,
00-0037271,D'Marco Jackson,CHI,LB,active,ACT,48,1998-07-20,73,230,Appalachian State,4,2022,5,161,NO,1
00-0035525,Devin Bush,CHI,LB,active,ACT,12,1998-07-18,71,233,Michigan,7,2019,1,10,PIT,1
00-0037109,Jack Sanborn,CHI,LB,active,ACT,57,2000-07-29,74,232,Wisconsin,4,2022,,,,2
00-0041085,Keyshaun Elliott,CHI,LB,active,ACT,49,2003-12-12,73,231,Arizona State; New Mexico State,0,2026,5,166,CHI,2
00-0037544,Nephi Sewell,CHI,LB,ir,RES,45,1998-12-19,72,228,Utah,4,2022,,,,3
00-0038390,Noah Sewell,CHI,LB,ir,RES,46,2002-04-26,73,246,Oregon,3,2023,5,148,CHI,3
00-0040167,Ruben Hyppolite II,CHI,LB,ir,RES,47,2001-09-16,72,240,Maryland,1,2025,4,132,CHI,4
00-0035386,T.J. Edwards,CHI,LB,active,ACT,53,1996-08-12,72,228,Wisconsin,7,2019,,,,1
00-0036634,Tony Fields II,CHI,LB,ir,RES,43,1999-06-18,73,217,West Virginia,5,2021,5,153,CLE,2
00-0041408,Wayne Matthews II,CHI,LB,practice_squad,DEV,35,2002-07-10,72,221,Michigan State; Old Dominion,0,2026,,,,
00-0041167,Beau Gardner,CHI,LS,active,ACT,45,2001-12-26,77,250,Georgia; UCLA,0,2026,,,,1
00-0041164,Caden Barnett,CHI,OG,practice_squad,DEV,76,2003-05-22,76,316,Wyoming,0,2026,,,,
00-0032391,Joe Thuney,CHI,OG,active,ACT,62,1992-11-18,77,301,N.C. State,10,2016,3,78,NE,1
00-0036258,Jonah Jackson,CHI,OG,active,ACT,73,1997-02-05,75,319,Ohio State; Rutgers,6,2020,3,75,DET,1
00-0038595,Jordan McFadden,CHI,OG,active,INA,74,1999-11-16,74,306,Clemson,3,2023,5,156,LAC,2
00-0039624,Kyle Hergel,CHI,OG,practice_squad,DEV,60,1999-10-07,74,315,Boston College; Texas State-San Marcos,2,2024,,,,
00-0040210,Luke Newman,CHI,OG,active,ACT,65,2002-03-03,76,310,Michigan State; Holy Cross,1,2025,6,195,CHI,2
00-0037081,Braxton Jones,CHI,OT,active,ACT,70,1999-03-27,77,303,Southern Utah State,4,2022,5,168,CHI,1
00-0039382,Christian Jones,CHI,OT,practice_squad,DEV,72,2000-05-12,77,305,Texas,2,2024,5,162,ARI,
00-0038932,Darnell Wright,CHI,OT,active,ACT,58,2001-08-10,77,325,Tennessee,3,2023,1,10,CHI,1
00-0040740,Ozzy Trapilo,CHI,OT,active,INA,75,2001-10-17,80,312,Boston College,1,2025,2,56,CHI,2
00-0039459,Theo Benedet,CHI,OT,active,ACT,79,2001-12-10,79,305,University of British Columbia,2,2024,,,,2
00-0039745,Tory Taylor,CHI,P,active,ACT,19,1997-07-10,76,225,Iowa,2,2024,4,122,CHI,1
00-0039918,Caleb Williams,CHI,QB,active,ACT,18,2001-11-18,73,226,USC; Oklahoma,2,2024,1,1,CHI,1
00-0028986,Case Keenum,CHI,QB,active,ACT,11,1988-02-17,73,220,Houston,14,2012,,,,3
00-0041172,Miller Moss,CHI,QB,active,INA,16,2002-03-19,73,210,Louisville,0,2026,,,,
00-0038416,Tyson Bagent,CHI,QB,active,INA,17,2000-06-08,75,210,Shepherd,3,2023,,,,2
00-0037329,Brittain Brown,CHI,RB,ir,RES,38,1997-10-10,73,205,UCLA,4,2022,7,250,LV,4
00-0036275,D'Andre Swift,CHI,RB,active,ACT,4,1999-01-14,68,204,Georgia,6,2020,2,35,DET,1
00-0040236,Kyle Monangai,CHI,RB,active,ACT,25,2002-06-06,68,209,Rutgers,1,2025,7,233,CHI,2
00-0039021,Roschon Johnson,CHI,RB,active,ACT,23,2001-01-31,72,227,Texas,3,2023,4,115,CHI,3
00-0036020,Salvon Ahmed,CHI,RB,practice_squad,DEV,36,1998-12-29,71,196,Washington,6,2020,,,,
00-0038440,Zavier Scott,CHI,RB,practice_squad,DEV,30,1999-07-17,73,220,Maine,3,2023,,,,
00-0038411,Anthony Johnson,CHI,S,practice_squad,DEV,26,1999-12-02,72,207,Iowa State,3,2023,7,242,GB,
00-0038136,Coby Bryant,CHI,S,ir,RES,2,1999-03-29,73,193,Cincinnati,4,2022,4,109,SEA,3
00-0041538,Dillon Thieneman,CHI,S,active,ACT,31,2004-08-08,72,201,Oregon; Purdue,0,2026,1,25,CHI,1
00-0037096,Elijah Hicks,CHI,S,active,ACT,22,1997-09-16,71,204,California,4,2022,7,254,CHI,2
00-0038696,Keidron Smith,CHI,S,practice_squad,DEV,39,1999-11-01,74,204,Kentucky,3,2023,,,,
00-0041021,Marlen Sewell,CHI,S,practice_squad,DEV,26,,,199,,0,2026,,,,
00-0041175,Skyler Thomas,CHI,S,active,ACT,38,2003-09-17,74,191,Oregon State,0,2026,,,,2
00-0033579,Xavier Woods,CHI,S,active,INA,32,1995-07-26,71,202,Louisiana Tech,9,2017,6,191,DAL,1
00-0036290,Cole Kmet,CHI,TE,active,ACT,85,1999-03-10,78,258,Notre Dame,6,2020,2,43,CHI,2
00-0040126,Colston Loveland,CHI,TE,active,ACT,84,2004-04-09,78,241,Michigan,1,2025,1,10,CHI,1
00-0041170,Hayden Large,CHI,TE,ir,RES,43,2002-03-27,76,250,Iowa,0,2026,,,,5
00-0037031,Nikola Kalinic,CHI,TE,ir,RES,86,1997-01-21,76,245,York (Canada),4,2022,,,,4
00-0039843,Qadir Ismail,CHI,TE,practice_squad,DEV,80,2000-02-17,78,232,Samford; Villanova,2,2024,,,,
00-0041558,Sam Roush,CHI,TE,active,ACT,87,2003-09-06,77,267,Stanford,0,2026,3,69,CHI,3
00-0035039,Stephen Carlson,CHI,TE,practice_squad,DEV,88,1996-12-12,76,248,Princeton,7,2019,,,,
00-0040275,JP Richardson,CHI,WR,practice_squad,DEV,83,2002-03-23,71,195,TCU; Oklahoma State,1,2025,,,,
00-0040277,Jahdae Walker,CHI,WR,active,ACT,9,2002-07-05,75,205,Texas A&M; Grand Valley,1,2025,,,,2
00-0037380,Kaden Davis,CHI,WR,active,ACT,81,1998-09-25,73,190,NW Missouri State University,4,2022,,,,
00-0032464,Kalif Raymond,CHI,WR,active,ACT,14,1994-08-08,69,160,Holy Cross,10,2016,,,,1
00-0040735,Luther Burden III,CHI,WR,active,ACT,10,2003-12-12,72,210,Missouri,1,2025,2,39,CHI,1
00-0034407,Ray-Ray McCloud,CHI,WR,ir,RES,20,1996-10-15,69,190,Clemson,8,2018,6,187,BUF,
00-0039919,Rome Odunze,CHI,WR,active,ACT,15,2002-06-03,75,215,Washington,2,2024,1,9,CHI,1
00-0035298,Scott Miller,CHI,WR,practice_squad,DEV,82,1997-07-31,69,174,Bowling Green,7,2019,6,208,TB,
00-0041051,Zavion Thomas,CHI,WR,active,ACT,13,2004-02-14,70,190,LSU; Mississippi State,0,2026,3,89,CHI,2
00-0041062,Connor Lew,CIN,C,active,INA,65,2005-08-30,76,310,Auburn,0,2026,4,128,CIN,2
00-0040359,Jacob Bayer,CIN,C,active,ACT,69,2002-12-12,75,310,Arkansas State; Lamar,1,2025,,,,3
00-0032445,Ted Karras,CIN,C,active,ACT,64,1993-03-15,76,310,Illinois,10,2016,6,221,NE,1
00-0040372,Bralyn Lux,CIN,CB,practice_squad,DEV,21,2000-08-28,70,179,Texas Tech,1,2025,,,,
00-0038642,D.J. Ivey,CIN,CB,active,ACT,38,2000-02-25,73,195,Miami,3,2023,7,246,CIN,3
00-0038549,DJ Turner II,CIN,CB,active,ACT,0,2000-11-09,71,185,Michigan,3,2023,2,60,CIN,1
00-0037743,Daxton Hill,CIN,CB,active,ACT,23,2000-09-29,72,192,Michigan,4,2022,1,31,CIN,1
00-0037307,Ja'Sir Taylor,CIN,CB,ir,RES,26,1999-01-08,70,185,Wake Forest,4,2022,6,214,LAC,2
00-0034446,Jalen Davis,CIN,CB,active,ACT,35,1996-02-02,70,185,Utah State,8,2018,,,,1
00-0039375,Josh Newton,CIN,CB,active,INA,28,2000-09-14,71,190,TCU; Louisiana-Monroe,2,2024,5,149,CIN,2
00-0041464,Tacario Davis,CIN,CB,active,ACT,20,2004-08-17,76,194,Washington; Arizona,0,2026,3,72,CIN,2
00-0040251,Trikweze Bridges,CIN,CB,practice_squad,DEV,24,2000-09-20,74,200,Florida; Oregon,1,2025,7,256,LAC,
00-0034800,B.J. Hill,CIN,DT,active,ACT,92,1995-04-20,75,311,N.C. State,8,2018,3,69,NYG,2
00-0035683,Dexter Lawrence,CIN,DT,active,ACT,97,1997-11-12,77,350,Clemson,7,2019,1,17,NYG,1
00-0040369,Howard Cross III,CIN,DT,practice_squad,DEV,95,2001-07-31,73,288,Notre Dame,1,2025,,,,
00-0033523,Jonathan Allen,CIN,DT,active,ACT,93,1995-01-16,75,300,Alabama,9,2017,1,17,WAS,1
00-0039908,Kris Jenkins,CIN,DT,active,ACT,90,2001-10-10,75,310,Michigan,2,2024,2,49,CIN,3
00-0041118,Landon Robinson,CIN,DT,active,INA,96,2003-01-03,72,295,Navy,0,2026,7,226,CIN,3
00-0036642,Tedarrell Slaton,CIN,DT,active,ACT,98,1997-10-03,77,340,Florida,5,2021,5,173,GB,2
00-0038133,Boye Mafe,CIN,EDGE,active,ACT,53,1998-11-30,76,265,Minnesota,4,2022,2,40,SEA,1
00-0041546,Cashius Howell,CIN,EDGE,active,ACT,55,2003-04-16,76,253,Texas A&M; Bowling Green,0,2026,2,41,CIN,2
00-0039752,Cedric Johnson,CIN,EDGE,active,ACT,52,2002-09-06,75,265,Mississippi,2,2024,6,214,CIN,3
00-0040472,Garmon Randolph,CIN,EDGE,practice_squad,DEV,56,2000-10-05,80,260,Baylor,1,2025,,,,
00-0039143,Isaiah Foskey,CIN,EDGE,practice_squad,DEV,51,2000-10-30,77,280,Notre Dame,3,2023,2,40,NO,
00-0038546,Myles Murphy,CIN,EDGE,active,ACT,99,2002-01-03,77,275,Clemson,3,2023,1,28,CIN,1
00-0040756,Shemar Stewart,CIN,EDGE,active,INA,94,2003-11-12,77,267,Texas A&M,1,2025,1,17,CIN,2
00-0036854,Evan McPherson,CIN,K,active,ACT,2,1999-07-21,71,185,Florida,5,2021,5,149,CIN,1
00-0040157,Barrett Carter,CIN,LB,active,ACT,49,2002-10-23,72,230,Clemson,1,2025,4,119,CIN,1
00-0040738,Demetrius Knight Jr.,CIN,LB,active,ACT,44,2000-07-21,74,240,South Carolina; Charlotte,1,2025,2,49,CIN,1
00-0035363,Joe Giles-Harris,CIN,LB,active,ACT,43,1997-04-01,74,234,Duke,7,2019,,,,
00-0034754,Oren Burks,CIN,LB,active,ACT,42,1995-03-21,75,233,Vanderbilt,8,2018,3,88,GB,1
00-0038890,Shaka Heyward,CIN,LB,practice_squad,DEV,50,2000-04-19,75,238,Duke,3,2023,,,,
00-0039313,Swayze Bozeman,CIN,LB,active,ACT,47,1998-11-02,73,225,Southern Mississippi; Copiah-Lincoln Junior College,2,2024,,,,2
00-0040379,William Wagner,CIN,LS,active,ACT,46,2000-12-20,74,240,Michigan,1,2025,,,,1
00-0041098,Brian Parker II,CIN,OG,ir,RES,62,2004-01-06,77,309,Duke,0,2026,6,189,CIN,2
00-0035702,Dalton Risner,CIN,OG,active,ACT,66,1995-07-13,77,312,Kansas State,7,2019,2,41,DEN,1
00-0040140,Dylan Fairchild,CIN,OG,active,ACT,63,2003-05-08,77,315,Georgia,1,2025,3,81,CIN,1
00-0040180,Jalen Rivers,CIN,OG,active,ACT,74,2002-09-12,77,319,Miami,1,2025,5,153,CIN,2
00-0039925,Amarius Mims,CIN,OT,active,ACT,71,2002-10-14,80,350,Georgia,2,2024,1,18,CIN,1
00-0039158,Blake Freeland,CIN,OT,practice_squad,DEV,76,2001-05-03,79,305,BYU,3,2023,4,106,IND,
00-0039742,Javon Foster,CIN,OT,active,ACT,73,2000-03-31,77,319,Missouri,2,2024,4,114,JAX,2
00-0040015,Myles Hinton,CIN,OT,active,INA,77,2002-01-09,78,342,Michigan; Stanford,1,2025,6,191,PHI,3
00-0034752,Orlando Brown,CIN,OT,active,ACT,75,1996-05-02,80,350,Oklahoma,8,2018,3,83,BAL,1
00-0039323,Ryan Rehkow,CIN,P,active,ACT,8,1998-09-11,77,235,BYU,2,2024,,,,1
00-0036442,Joe Burrow,CIN,QB,active,ACT,9,1996-12-10,76,216,LSU; Ohio State,6,2020,1,1,CIN,1
00-0026158,Joe Flacco,CIN,QB,active,ACT,16,1985-01-16,78,245,Delaware; Pittsburgh,18,2008,1,18,BAL,2
00-0026300,Josh Johnson,CIN,QB,practice_squad,DEV,11,1986-05-15,75,219,San Diego,18,2008,5,160,TB,
00-0038391,Sean Clifford,CIN,QB,practice_squad,DEV,4,1998-07-14,74,212,Penn State,3,2023,5,149,GB,
00-0038597,Chase Brown,CIN,RB,active,ACT,30,2000-03-21,70,210,Illinois; Western Michigan,3,2023,5,163,CIN,1
00-0039266,Kendall Milton,CIN,RB,practice_squad,DEV,36,2002-02-10,73,230,Georgia,2,2024,,,,
00-0041241,Kentrel Bullock,CIN,RB,practice_squad,DEV,31,2002-03-31,70,205,South Alabama; Mississippi,0,2026,,,,
00-0033526,Samaje Perine,CIN,RB,active,ACT,34,1995-09-16,70,240,Oklahoma,9,2017,4,114,WAS,2
00-0040208,Tahj Brooks,CIN,RB,active,ACT,25,2002-05-13,69,220,Texas Tech,1,2025,6,193,CIN,3
00-0037193,Bryan Cook,CIN,S,active,ACT,6,1999-09-07,73,210,Cincinnati; Howard,4,2022,2,62,KC,1
00-0038560,Jordan Battle,CIN,S,active,ACT,27,2000-12-14,73,215,Alabama,3,2023,3,95,CIN,1
00-0036231,Kyle Dugger,CIN,S,active,ACT,29,1996-03-22,73,216,Lenoir Rhyne,6,2020,2,37,NE,2
00-0039632,PJ Jules,CIN,S,active,ACT,37,2001-05-14,72,203,Southern Illinois,2,2024,,,,2
00-0037844,Russ Yeast,CIN,S,practice_squad,DEV,22,1999-05-08,70,195,Kansas State,4,2022,7,253,LA,
00-0035631,Drew Sample,CIN,TE,active,ACT,89,1996-04-16,77,259,Washington,7,2019,2,52,CIN,2
00-0039814,Erick All,CIN,TE,active,ACT,83,2000-09-13,77,255,Iowa; Michigan,2,2024,4,115,CIN,3
00-0041116,Jack Endries,CIN,TE,active,INA,84,2004-03-26,77,245,Texas; California,0,2026,7,221,CIN,4
00-0034829,Mike Gesicki,CIN,TE,active,ACT,88,1995-10-03,78,245,Penn State,8,2018,2,42,MIA,1
00-0034613,Tanner Hudson,CIN,TE,active,ACT,87,1994-11-12,77,239,Southern Arkansas; Memphis,8,2018,,,,
00-0038619,Andrei Iosivas,CIN,WR,active,ACT,80,1999-10-15,75,210,Princeton,3,2023,6,206,CIN,1
00-0041069,Colbie Young,CIN,WR,active,ACT,86,2002-07-24,76,218,Georgia; Miami; Lackawanna JC,0,2026,4,140,CIN,2
00-0040785,Dohnte Meyers,CIN,WR,active,ACT,81,2000-07-06,71,186,Delta State University; Presbyterian College,0,2026,,,,2
00-0036900,Ja'Marr Chase,CIN,WR,active,ACT,1,2000-03-01,72,205,LSU,5,2021,1,5,CIN,1
00-0040375,Jordan Moore,CIN,WR,practice_squad,DEV,14,2002-04-18,72,191,Duke,1,2025,,,,
00-0040534,Ke'Shawn Williams,CIN,WR,active,INA,12,2001-12-27,69,189,Indiana; Wake Forest,1,2025,,,,2
00-0041248,Noah Thomas,CIN,WR,practice_squad,DEV,17,2004-01-13,77,205,Georgia; Texas A&M,0,2026,,,,
00-0036410,Tee Higgins,CIN,WR,active,ACT,5,1999-01-18,76,220,Clemson,6,2020,2,33,CIN,1
00-0035526,Elgton Jenkins,CLE,C,active,ACT,74,1995-12-26,77,310,Mississippi State,7,2019,2,44,GB,1
00-0038609,Luke Wypler,CLE,C,active,ACT,56,2001-05-03,75,300,Ohio State,3,2023,6,190,CLE,3
00-0041073,Parker Brailsford,CLE,C,active,INA,52,2003-10-20,74,289,Alabama; Washington,0,2026,5,146,CLE,2
00-0034966,D'Angelo Ross,CLE,CB,active,ACT,38,1996-10-29,69,190,New Mexico,7,2019,,,,
00-0038105,Damarri Mathis,CLE,CB,ir,RES,37,1999-04-12,71,195,Pittsburgh,4,2022,4,115,DEN,4
00-0034856,Denzel Ward,CLE,CB,active,ACT,21,1997-04-28,71,191,Ohio State,8,2018,1,4,CLE,1
00-0038565,Mekhi Blackmon,CLE,CB,active,ACT,29,1999-03-18,71,175,USC; Colorado,3,2023,3,102,MIN,2
00-0041411,Michael Coats Jr.,CLE,CB,practice_squad,DEV,39,2001-06-20,70,185,West Virginia; Nevada; East Central JC,0,2026,,,,
00-0036087,Myles Bryant,CLE,CB,practice_squad,DEV,27,1998-01-02,69,192,Washington,6,2020,,,,
00-0039417,Myles Harden,CLE,CB,active,ACT,26,2001-12-13,71,195,South Dakota,2,2024,7,227,CLE,1
00-0036287,Noah Igbinoghene,CLE,CB,active,INA,20,1999-11-27,71,196,Auburn,6,2020,1,30,MIA,2
00-0041115,Toriano Pride Jr.,CLE,CB,active,INA,35,2003-12-18,70,185,Missouri; Clemson,0,2026,7,220,BUF,3
00-0036974,Tyson Campbell,CLE,CB,active,ACT,7,2000-03-17,73,195,Georgia,5,2021,2,33,JAX,1
00-0040255,Adin Huntington,CLE,DT,active,ACT,98,2002-03-18,73,281,Tulane; Louisiana-Monroe; Kent State,1,2025,,,,2
00-0035857,Chris Williams,CLE,DT,practice_squad,DEV,61,1998-06-16,74,298,Wagner,6,2020,,,,
00-0039764,Elijah Chatman,CLE,DT,ir,RES,62,2000-12-05,72,278,SMU,2,2024,,,,3
00-0037832,Kalia Davis,CLE,DT,ir,RES,93,1998-10-02,74,310,UCF,4,2022,6,220,SF,3
00-0033131,Maliek Collins,CLE,DT,active,ACT,96,1995-04-08,74,308,Nebraska,10,2016,3,67,DAL,1
00-0040685,Mason Graham,CLE,DT,active,ACT,94,2003-09-03,76,315,Michigan,1,2025,1,5,CLE,1
00-0039895,Mike Hall Jr.,CLE,DT,active,ACT,51,2003-06-13,75,300,Ohio State,2,2024,2,54,CLE,2
00-0036705,Sam Kamara,CLE,DT,practice_squad,DEV,92,1997-12-21,72,275,Stony Brook,5,2021,,,,
00-0041288,Tyreak Sapp,CLE,DT,practice_squad,DEV,64,,,273,,0,2026,,,,
00-0039400,Zion Logue,CLE,DT,practice_squad,DEV,69,2001-07-13,78,325,Georgia,2,2024,6,197,ATL,
00-0037251,Alex Wright,CLE,EDGE,ir,RES,91,2000-09-05,77,270,UAB,4,2022,3,78,CLE,3
00-0033876,Derek Barnett,CLE,EDGE,active,ACT,97,1996-06-25,75,259,Tennessee,9,2017,1,14,PHI,2
00-0038574,Isaiah McGuire,CLE,EDGE,active,ACT,57,2001-07-27,76,266,Missouri,3,2023,4,126,CLE,1
00-0039852,Jared Verse,CLE,EDGE,active,ACT,8,2000-11-04,76,260,Florida State; Albany,2,2024,1,19,LA,1
00-0041285,Khordae Sydnor,CLE,EDGE,practice_squad,DEV,90,2003-08-24,76,264,Vanderbilt; Purdue,0,2026,,,,
00-0041279,Logan Fano,CLE,EDGE,practice_squad,DEV,99,2002-06-19,77,252,Utah; BYU,0,2026,,,,
00-0041385,Nadame Tucker,CLE,EDGE,practice_squad,DEV,60,2000-06-21,75,247,Western Michigan; Houston; Hutchinson CC; Independence Comm. College,0,2026,,,,
00-0037665,Sam Williams,CLE,EDGE,active,ACT,54,1999-03-31,76,260,Mississippi,4,2022,2,56,DAL,2
00-0031595,Michael Burton,CLE,FB,active,ACT,34,1992-02-01,72,247,Rutgers,11,2015,5,168,DET,1
00-0038428,Andre Szmyt,CLE,K,active,ACT,25,1998-09-26,72,199,Syracuse,3,2023,,,,1
00-0040579,Carson Schwesinger,CLE,LB,active,ACT,49,2003-02-24,75,242,UCLA,1,2025,2,33,CLE,1
00-0040261,Easton Mascarenas-Arnold,CLE,LB,active,ACT,42,2002-09-13,71,227,USC; Oregon State,1,2025,,,,2
00-0039878,Edefuan Ulofoshio,CLE,LB,ir,RES,54,2000-01-23,73,236,Washington,2,2024,5,160,BUF,2
00-0036915,Jeremiah Owusu-Koramoah,CLE,LB,ir,RES,6,1999-11-04,74,221,Notre Dame,5,2021,2,52,CLE,3
00-0041075,Justin Jefferson,CLE,LB,active,INA,17,2003-03-20,72,223,Alabama,0,2026,5,149,CLE,2
00-0039406,Nathaniel Watson,CLE,LB,active,ACT,40,2000-09-01,72,233,Mississippi State,2,2024,6,206,CLE,
00-0035680,Quincy Williams,CLE,LB,active,ACT,5,1996-08-28,71,230,Murray State,7,2019,3,98,JAX,1
00-0039515,Winston Reid,CLE,LB,active,ACT,59,1999-08-03,72,225,Weber State,2,2024,,,,1
00-0036443,Rex Sunahara,CLE,LS,active,ACT,50,1996-10-09,78,242,West Virginia,6,2020,,,,1
00-0041049,Austin Barber,CLE,OG,active,ACT,58,2003-05-20,79,318,Florida,0,2026,3,86,CLE,2
00-0036983,Kendrick Green,CLE,OG,ir,RES,53,1998-12-22,76,315,Illinois,5,2021,3,87,PIT,3
00-0036953,Teven Jenkins,CLE,OG,active,INA,78,1998-03-03,78,321,Oklahoma State,5,2021,2,39,CHI,1
00-0039350,Zak Zinter,CLE,OG,active,ACT,70,2001-04-17,78,310,Michigan,2,2024,3,85,CLE,2
00-0037818,Zion Johnson,CLE,OG,active,ACT,77,1999-11-18,75,315,Boston College; Davidson,4,2022,1,17,LAC,1
00-0039014,Dawand Jones,CLE,OT,active,ACT,79,2001-08-06,80,374,Ohio State,3,2023,4,111,CLE,2
00-0039755,KT Leveston,CLE,OT,practice_squad,DEV,72,1999-08-28,76,335,Kansas State,2,2024,7,254,LA,
00-0041030,Spencer Fano,CLE,OT,active,ACT,55,2004-11-04,78,315,Utah,0,2026,1,9,CLE,1
00-0035234,Tytus Howard,CLE,OT,active,ACT,71,1996-05-23,77,322,Alabama State,7,2019,1,23,HOU,1
00-0034721,Corey Bojorquez,CLE,P,active,ACT,13,1996-09-13,72,217,New Mexico; Cerritos College,8,2018,,,,1
00-0041284,Wes Pahl,CLE,P,practice_squad,DEV,36,2002-05-18,77,195,Oklahoma State,0,2026,,,,
00-0033537,Deshaun Watson,CLE,QB,active,ACT,4,1995-09-14,75,221,Clemson,9,2017,1,12,HOU,1
00-0040704,Dillon Gabriel,CLE,QB,ir,RES,6,2000-12-28,71,205,Oregon; Oklahoma; UCF,1,2025,3,94,CLE,4
00-0040668,Shedeur Sanders,CLE,QB,active,ACT,2,2002-02-07,74,215,Colorado; Jackson State University,1,2025,5,144,CLE,2
00-0041092,Taylen Green,CLE,QB,active,INA,15,2002-10-18,78,227,Arkansas; Boise State,0,2026,6,182,CLE,3
00-0040162,Dylan Sampson,CLE,RB,active,ACT,22,2004-09-14,68,201,Tennessee,1,2025,4,126,CLE,2
00-0038794,Jaleel McLaughlin,CLE,RB,practice_squad,DEV,38,2000-09-13,69,187,Youngstown State,3,2023,,,,
00-0040784,Quinshon Judkins,CLE,RB,active,ACT,10,2003-10-29,72,219,Ohio State; Mississippi,1,2025,2,36,CLE,1
00-0040466,Raheim Sanders,CLE,RB,active,ACT,23,2002-06-08,72,230,South Carolina; Arkansas,1,2025,,,,3
00-0036306,Daniel Thomas,CLE,S,active,INA,24,1998-07-01,70,215,Auburn,6,2020,5,157,JAX,3
00-0040263,Donovan McMillon,CLE,S,active,ACT,31,2002-06-18,74,205,Pittsburgh; Florida,1,2025,,,,4
00-0041471,Emmanuel McNeil-Warren,CLE,S,active,ACT,28,2004-01-08,75,210,Toledo,0,2026,2,58,CLE,2
00-0036282,Grant Delpit,CLE,S,active,ACT,9,1998-09-20,75,208,LSU,6,2020,2,44,CLE,1
00-0038715,Ronnie Hickman Jr.,CLE,S,active,ACT,33,2001-10-11,73,209,Ohio State,3,2023,,,,1
00-0041286,Zion Washington,CLE,S,practice_squad,DEV,30,2003-02-16,73,208,Boise State,0,2026,,,,
00-0038710,Blake Whiteheart,CLE,TE,active,ACT,86,2000-03-22,76,250,Wake Forest,3,2023,,,,2
00-0041131,Carsen Ryan,CLE,TE,active,ACT,48,2003-08-21,75,255,BYU; Utah; UCLA,0,2026,7,248,CLE,3
00-0040663,Harold Fannin Jr.,CLE,TE,active,ACT,44,2004-07-20,76,241,Bowling Green,1,2025,3,67,CLE,1
00-0041087,Joe Royer,CLE,TE,ir,RES,18,2002-02-25,77,247,Cincinnati; Ohio State,0,2026,5,170,CLE,4
00-0039275,Messiah Swinson,CLE,TE,practice_squad,DEV,84,2000-04-20,79,260,Arizona State; Missouri,2,2024,,,,
00-0039650,Bryce Oliver,CLE,WR,practice_squad,DEV,80,2000-05-19,73,215,Youngstown State; Kentucky,2,2024,,,,
00-0039386,Bub Means,CLE,WR,practice_squad,DEV,81,2001-01-10,74,215,Pittsburgh; Louisiana Tech,2,2024,5,170,NO,
00-0041037,Denzel Boston,CLE,WR,active,ACT,12,2003-12-06,76,212,Washington,0,2026,2,39,CLE,1
00-0040782,Isaiah Bond,CLE,WR,active,ACT,0,2004-03-15,71,180,Texas; Alabama,1,2025,,,,2
00-0036407,Jerry Jeudy,CLE,WR,active,ACT,3,1999-04-24,73,192,Alabama,6,2020,1,15,DEN,1
00-0041547,KC Concepcion,CLE,WR,active,ACT,1,2004-09-24,72,190,Texas A&M; N.C. State,0,2026,1,24,CLE,1
00-0041287,Kole Wilson,CLE,WR,practice_squad,DEV,87,2003-12-16,67,177,Baylor; Texas State-San Marcos,0,2026,,,,
00-0039920,Malachi Corley,CLE,WR,active,ACT,11,2002-03-21,71,215,Western Kentucky,2,2024,3,65,NYJ,2
00-0036630,Tylan Wallace,CLE,WR,active,ACT,16,1999-05-13,71,200,Oklahoma State,5,2021,4,131,BAL,2
00-0039348,Cooper Beebe,DAL,C,active,ACT,56,2001-05-19,75,320,Kansas State,2,2024,3,73,DAL,1
00-0036295,Matt Hennessy,DAL,C,ir,RES,72,1997-11-17,76,315,Temple,6,2020,3,78,ATL,2
00-0036105,Nick Leverett,DAL,C,active,ACT,51,1997-11-11,75,310,Rice; North Carolina Central,6,2020,,,,
00-0038624,Ameer Speed,DAL,CB,active,ACT,23,1999-10-11,75,215,Michigan State; Georgia,3,2023,6,214,NE,3
00-0039387,Caelen Carson,DAL,CB,active,INA,21,2002-03-03,72,195,Wake Forest,2,2024,5,174,DAL,2
00-0040865,Caleb Downs,DAL,CB,active,ACT,13,2004-12-10,72,210,Ohio State,0,2026,1,11,DAL,1
00-0037839,Cobie Durant,DAL,CB,active,ACT,2,1998-02-09,71,187,South Carolina State,4,2022,4,142,LA,1
00-0037275,DaRon Bland,DAL,CB,active,ACT,26,1999-07-12,74,202,Fresno State,4,2022,5,167,DAL,1
00-0037842,Derion Kendrick,DAL,CB,practice_squad,DEV,15,2000-08-24,72,205,Georgia; Clemson,4,2022,6,212,LA,
00-0040875,Devin Moore,DAL,CB,ir,RES,29,2003-10-09,75,198,Florida,0,2026,4,114,DAL,3
00-0039465,Reddy Steward,DAL,CB,practice_squad,DEV,27,2001-05-04,71,178,Troy,2,2024,,,,
00-0040008,Shavon Revel Jr.,DAL,CB,active,ACT,28,2002-04-12,74,198,East Carolina; Louisburg,1,2025,3,76,DAL,2
00-0038144,Adedayo Odeleye,DAL,DT,practice_squad,DEV,96,1997-10-17,77,283,,4,2022,,,,
00-0037051,Elijah Garcia,DAL,DT,practice_squad,DEV,93,1998-03-11,77,302,Rice,4,2022,,,,
00-0033093,Jonathan Bullard,DAL,DT,active,ACT,90,1993-10-22,75,290,Florida,10,2016,3,72,CHI,2
00-0040933,Kelvin Gilliam,DAL,DT,ir,RES,94,2003-03-19,74,295,Virginia Tech; Oklahoma,0,2026,,,,3
00-0033120,Kenny Clark,DAL,DT,active,ACT,97,1995-10-04,75,314,UCLA,10,2016,1,27,GB,1
00-0040880,LT Overton,DAL,DT,active,ACT,99,2004-10-11,75,274,Alabama,0,2026,4,137,DAL,2
00-0037270,Otito Ogbonnia,DAL,DT,active,ACT,91,2000-08-25,76,320,UCLA,4,2022,5,160,LAC,1
00-0035718,Quinnen Williams,DAL,DT,active,ACT,92,1997-12-21,75,303,Alabama,7,2019,1,3,NYJ,1
00-0040931,Tommy Dunn,DAL,DT,practice_squad,DEV,95,2002-09-04,75,291,Kansas,0,2026,,,,
00-0040725,Donovan Ezeiruaku,DAL,EDGE,active,ACT,6,2003-05-25,74,255,Boston College,1,2025,2,44,DAL,1
00-0038737,Isaiah Land,DAL,EDGE,practice_squad,DEV,58,2000-02-05,76,245,Florida A&M,3,2023,,,,
00-0037310,James Houston,DAL,EDGE,active,ACT,41,1998-11-16,73,248,Jackson State University,4,2022,6,217,DET,3
00-0041537,Malachi Lawrence,DAL,EDGE,active,ACT,57,2003-07-21,76,253,UCF,0,2026,1,23,DAL,2
00-0039352,Marist Liufau,DAL,EDGE,ir,RES,35,2001-02-09,74,239,Notre Dame,2,2024,3,87,DAL,3
00-0034967,Rashan Gary,DAL,EDGE,active,ACT,7,1997-12-03,77,277,Michigan,7,2019,1,12,GB,1
00-0038742,Tyrus Wheat,DAL,EDGE,active,INA,59,1999-12-08,74,260,Mississippi State,3,2023,,,,4
00-0027940,Von Miller,DAL,EDGE,active,ACT,40,1989-03-26,75,245,Texas A&M,15,2011,1,2,DEN,2
00-0038738,Hunter Luepke,DAL,FB,active,ACT,30,2000-02-28,73,250,North Dakota State,3,2023,,,,1
00-0037692,Brandon Aubrey,DAL,K,active,ACT,17,1995-03-14,75,218,Notre Dame,4,2022,,,,1
00-0036728,Curtis Robinson,DAL,LB,practice_squad,DEV,42,1998-06-02,75,235,Stanford,5,2021,,,,
00-0038556,DeMarvion Overshown,DAL,LB,active,ACT,0,2000-08-13,75,235,Texas,3,2023,3,90,DAL,1
00-0038625,Dee Winters,DAL,LB,active,ACT,53,2000-10-17,71,230,TCU,3,2023,6,216,SF,1
00-0040872,Jaishawn Barham,DAL,LB,active,ACT,55,2004-02-02,74,240,Michigan; Maryland,0,2026,3,92,DAL,2
00-0040043,Justin Barron,DAL,LB,practice_squad,DEV,45,2001-10-25,76,235,Syracuse,1,2025,,,,
00-0040011,Shemar James,DAL,LB,active,ACT,50,2004-06-24,73,235,Florida,1,2025,5,152,DAL,2
00-0034198,Trent Sieg,DAL,LS,active,ACT,44,1995-05-19,76,255,Colorado State,8,2018,,,,1
00-0032234,Laken Tomlinson,DAL,OG,practice_squad,DEV,71,1992-02-09,75,312,Duke,11,2015,1,28,DET,
00-0038731,TJ Bass,DAL,OG,active,ACT,66,1999-03-31,77,320,Oregon; Butte College,3,2023,,,,1
00-0040007,Tyler Booker,DAL,OG,active,ACT,52,2004-04-12,77,330,Alabama,1,2025,1,12,DAL,1
00-0037243,Tyler Smith,DAL,OG,ir,RES,73,2001-04-03,77,328,Tulsa,4,2022,1,24,DAL,2
00-0040017,Ajani Cornelius,DAL,OT,active,INA,65,2002-05-21,77,318,Oregon; Rhode Island,1,2025,6,204,DAL,3
00-0039109,Broderick Jones,DAL,OT,active,ACT,77,2001-05-16,77,310,Georgia,3,2023,1,14,PIT,2
00-0040874,Drew Shelton,DAL,OT,active,ACT,67,2003-12-26,77,313,Penn State,0,2026,4,112,DAL,2
00-0039507,Marcellus Johnson,DAL,OT,practice_squad,DEV,79,2000-04-01,76,307,Missouri; Eastern Michigan,2,2024,,,,
00-0036036,Terence Steele,DAL,OT,active,ACT,78,1997-06-04,78,320,Texas Tech,6,2020,,,,1
00-0039341,Tyler Guyton,DAL,OT,active,ACT,60,2002-06-11,79,322,Oklahoma; TCU,2,2024,1,29,DAL,1
00-0038981,Wanya Morris,DAL,OT,practice_squad,DEV,64,2000-10-10,78,310,Oklahoma; Tennessee,3,2023,3,92,KC,
00-0029692,Bryan Anger,DAL,P,active,ACT,5,1988-10-06,75,214,California,14,2012,3,70,JAX,1
00-0033077,Dak Prescott,DAL,QB,active,ACT,4,1993-07-29,74,230,Mississippi State,10,2016,4,135,DAL,1
00-0039398,Joe Milton III,DAL,QB,practice_squad,DEV,10,2000-03-06,77,235,Tennessee; Michigan,2,2024,6,193,NE,
00-0037077,Sam Howell,DAL,QB,active,ACT,16,2000-09-16,73,225,North Carolina,4,2022,5,144,WAS,2
00-0038705,Emari Demercado,DAL,RB,active,ACT,31,1999-01-20,69,215,TCU,3,2023,,,,3
00-0038389,Israel Abanikanda,DAL,RB,active,INA,25,2002-10-05,70,215,Pittsburgh,3,2023,5,143,NYJ,
00-0036997,Javonte Williams,DAL,RB,active,ACT,33,2000-04-25,70,220,North Carolina,5,2021,2,35,DEN,1
00-0037563,Malik Davis,DAL,RB,ir,RES,20,1998-11-26,71,207,Florida,4,2022,,,,2
00-0040045,Alijah Clark,DAL,S,active,ACT,11,2003-07-11,73,200,Syracuse; Rutgers,1,2025,,,,2
00-0035705,Jalen Thompson,DAL,S,active,ACT,34,1998-07-18,71,190,Washington State,7,2019,5,132,AZ,1
00-0033877,Malik Hooker,DAL,S,active,ACT,24,1996-04-02,73,212,Ohio State,9,2017,1,15,IND,1
00-0037561,Markquese Bell,DAL,S,active,ACT,14,1999-01-06,74,215,Florida A&M,4,2022,,,,3
00-0035227,P.J. Locke,DAL,S,active,ACT,1,1997-02-12,70,202,Texas,7,2019,,,,2
00-0039530,Brevyn Spann-Ford,DAL,TE,active,ACT,89,1999-12-27,78,265,Minnesota,2,2024,,,,2
00-0040938,DJ Rogers,DAL,TE,ir,RES,49,2001-11-10,76,245,TCU,0,2026,,,,5
00-0038041,Jake Ferguson,DAL,TE,active,ACT,87,1999-01-18,77,250,Wisconsin,4,2022,4,129,DAL,1
00-0037282,James Mitchell,DAL,TE,practice_squad,DEV,84,1999-08-11,76,249,Virginia Tech,4,2022,5,177,DET,
00-0038547,Luke Schoonmaker,DAL,TE,active,ACT,86,1998-09-28,77,250,Michigan,3,2023,2,58,DAL,3
00-0040939,Michael Trigg,DAL,TE,practice_squad,DEV,46,2002-06-27,76,240,Baylor; Mississippi; USC,0,2026,,,,
00-0040702,Mitch Van Vooren,DAL,TE,practice_squad,DEV,80,,,245,,1,2025,,,,
00-0038735,Princeton Fant,DAL,TE,ir,RES,85,1999-03-11,74,245,Tennessee,3,2023,,,,4
00-0040900,Anthony Smith,DAL,WR,practice_squad,DEV,83,2002-03-01,74,197,East Carolina; N.C. State,0,2026,7,218,DAL,
00-0040930,Camden Brown,DAL,WR,active,INA,80,2004-05-06,74,204,Georgia Southern; Auburn,0,2026,,,,2
00-0036358,CeeDee Lamb,DAL,WR,active,ACT,88,1999-04-08,74,200,Oklahoma,6,2020,1,17,DAL,1
00-0037247,George Pickens,DAL,WR,active,ACT,3,2001-03-04,75,205,Georgia,4,2022,2,52,PIT,1
00-0039062,Jonathan Mingo,DAL,WR,active,ACT,18,2001-04-20,74,225,Mississippi,3,2023,2,39,CAR,2
00-0040934,Jordan Hudson,DAL,WR,practice_squad,DEV,81,2003-11-22,73,199,SMU; TCU,0,2026,,,,
00-0037801,KaVontae Turpin,DAL,WR,active,ACT,9,1996-08-02,67,158,TCU,7,2019,,,,2
00-0039410,Ryan Flournoy,DAL,WR,active,ACT,19,1999-10-27,73,205,Southeast Missouri State; Iowa Western CC,2,2024,6,216,DAL,1
00-0038649,Alex Forsyth,DEN,C,active,ACT,54,1999-02-13,76,312,Oregon,3,2023,7,257,DEN,2
00-0037278,Luke Wattenberg,DEN,C,active,ACT,60,1997-09-10,77,300,Washington,4,2022,5,171,DEN,1
00-0035686,Michael Deiter,DEN,C,ir,RES,67,1996-09-03,78,310,Wisconsin,7,2019,3,78,MIA,3
00-0041289,Brent Austin,DEN,CB,practice_squad,DEV,33,2003-12-19,71,180,California; University of South Florida; James Madison,0,2026,,,,
00-0037384,Ja'Quan McMillian,DEN,CB,active,ACT,29,2000-06-04,70,183,East Carolina,4,2022,,,,1
00-0040720,Jahdae Barron,DEN,CB,active,ACT,23,2001-12-04,71,200,Texas,1,2025,1,20,DEN,2
00-0039371,Kris Abrams-Draine,DEN,CB,active,ACT,31,2001-10-04,71,178,Missouri,2,2024,5,145,DEN,2
00-0036874,Pat Surtain II,DEN,CB,active,ACT,2,2000-04-14,74,203,Alabama,5,2021,1,9,DEN,1
00-0038552,Riley Moss,DEN,CB,active,ACT,21,2000-03-03,72,193,Iowa,3,2023,3,83,DEN,1
00-0040679,Sean Fresch,DEN,CB,practice_squad,DEV,37,2001-11-10,69,181,Rice,0,2026,,,,
00-0033297,D.J. Jones,DEN,DT,active,ACT,93,1995-01-19,72,305,Mississippi; East Mississippi JC,9,2017,6,198,SF,1
00-0039177,David Agoha,DEN,DT,practice_squad,DEV,53,2001-05-18,76,252,,5,2021,,,,
00-0038106,Eyioma Uwazurike,DEN,DT,active,ACT,96,1998-05-06,78,320,Iowa State,4,2022,4,116,DEN,2
00-0037294,Jordan Jackson,DEN,DT,active,INA,94,1998-01-30,77,294,Air Force,4,2022,6,194,NO,2
00-0035763,Malcolm Roach,DEN,DT,active,ACT,97,1998-06-09,75,290,Texas,6,2020,,,,1
00-0037303,Matt Henningsen,DEN,DT,ir,RES,91,1999-07-09,75,291,Wisconsin,4,2022,6,206,DEN,4
00-0040153,Sai'vion Jones,DEN,DT,active,ACT,95,2003-07-03,77,289,LSU,1,2025,3,101,DEN,3
00-0041552,Tyler Onyedim,DEN,DT,active,INA,98,2003-05-14,75,292,Texas A&M; Iowa State,0,2026,3,66,DEN,3
00-0035248,Zach Allen,DEN,DT,active,ACT,99,1997-08-20,76,285,Boston College,7,2019,3,65,ARI,1
00-0037799,Dondrea Tillman,DEN,EDGE,active,ACT,92,1998-04-30,76,247,"Indiana PA,  University of",6,2020,,,,1
00-0040452,Johnny Walker Jr.,DEN,EDGE,practice_squad,DEV,59,2001-12-12,75,250,Missouri,1,2025,,,,
00-0039809,Jonah Elliss,DEN,EDGE,active,ACT,52,2003-04-03,74,246,Utah,2,2024,3,76,DEN,2
00-0037249,Nik Bonitto,DEN,EDGE,active,ACT,15,1999-09-26,75,238,Oklahoma,4,2022,2,64,DEN,1
00-0040168,Que Robinson,DEN,EDGE,active,ACT,51,2001-05-12,76,241,Alabama,1,2025,4,134,DEN,3
00-0036727,Adam Prentice,DEN,FB,active,ACT,46,1997-01-16,72,245,South Carolina,5,2021,,,,
00-0032569,Wil Lutz,DEN,K,active,ACT,3,1994-07-07,71,184,Georgia State,10,2016,,,,1
00-0031898,Alex Singleton,DEN,LB,active,ACT,49,1993-12-07,74,242,Montana State,11,2015,,,,1
00-0040634,Jordan Turner,DEN,LB,active,ACT,55,2001-12-13,73,231,Michigan State; Wisconsin,1,2025,,,,3
00-0036428,Justin Strnad,DEN,LB,active,ACT,40,1996-08-21,75,235,Wake Forest,6,2020,5,178,DEN,1
00-0040449,Karene Reid,DEN,LB,active,ACT,47,2000-02-19,72,226,Utah,1,2025,,,,2
00-0039565,Levelle Bailey,DEN,LB,ir,RES,56,2000-12-04,74,225,Fresno State; Sacramento State,2,2024,,,,2
00-0041134,Red Murdock,DEN,LB,practice_squad,DEV,50,2003-09-24,73,232,Buffalo,0,2026,7,257,DEN,
00-0041290,Luke Basso,DEN,LS,practice_squad,DEV,43,,,220,,0,2026,,,,
00-0036943,Mitchell Fraboni,DEN,LS,active,ACT,48,1996-10-28,74,223,Arizona State,5,2021,,,,
00-0034978,Ben Powers,DEN,OG,active,ACT,74,1996-10-29,76,310,Oklahoma; Butler County JC,7,2019,4,123,BAL,1
00-0035764,Calvin Throckmorton,DEN,OG,practice_squad,DEV,76,1996-08-16,77,311,Oregon,6,2020,,,,
00-0041297,Gavin Ortega,DEN,OG,practice_squad,DEV,68,2004-04-29,77,300,Weber State,0,2026,,,,
00-0041498,Kage Casey,DEN,OG,active,INA,78,2003-10-10,77,310,Boise State,0,2026,4,111,DEN,2
00-0039438,Nick Gargiulo,DEN,OG,ir,RES,66,2000-07-19,77,310,South Carolina; Yale,2,2024,7,256,DEN,2
00-0037001,Quinn Meinerz,DEN,OG,active,ACT,77,1998-11-15,75,320,Wisconsin-Whitewater,5,2021,3,98,DEN,1
00-0038796,Alex Palczewski,DEN,OT,active,ACT,63,1999-08-03,78,315,Illinois,3,2023,,,,2
00-0039568,Frank Crum,DEN,OT,ir,RES,73,2000-05-14,79,315,Wyoming,2,2024,,,,3
00-0033538,Garett Bolles,DEN,OT,active,ACT,72,1992-05-27,77,300,Utah; Snow,9,2017,1,20,DEN,1
00-0036392,Matt Peart,DEN,OT,active,ACT,79,1997-06-11,79,318,Connecticut,6,2020,3,99,NYG,2
00-0034847,Mike McGlinchey,DEN,OT,active,ACT,69,1995-01-12,80,315,Notre Dame,8,2018,1,9,SF,1
00-0041296,Tyler Miller,DEN,OT,practice_squad,DEV,71,2001-11-05,81,335,Iowa State,0,2026,,,,
00-0040223,Jeremy Crawshaw,DEN,P,active,ACT,16,2001-05-22,75,205,Florida,1,2025,6,216,DEN,1
00-0039732,Bo Nix,DEN,QB,active,ACT,10,2000-02-25,74,217,Oregon; Auburn,2,2024,1,12,DEN,1
00-0035264,Jarrett Stidham,DEN,QB,active,ACT,8,1996-08-08,75,214,Auburn; McLennan CC; Baylor,7,2019,4,133,NE,2
00-0036879,Sam Ehlinger,DEN,QB,active,INA,4,1998-09-30,73,222,Texas,5,2021,6,218,IND,3
00-0039703,Cody Schrader,DEN,RB,practice_squad,DEV,25,1999-09-08,69,214,Missouri; Truman State University,2,2024,,,,
00-0036158,J.K. Dobbins,DEN,RB,active,ACT,27,1998-12-17,70,214,Ohio State,6,2020,2,55,BAL,1
00-0041496,Jonah Coleman,DEN,RB,active,ACT,20,2003-08-20,68,220,Washington; Arizona,0,2026,4,108,DEN,3
00-0040730,RJ Harvey,DEN,RB,active,ACT,12,2001-02-04,68,205,UCF; Virginia,1,2025,2,60,DEN,2
00-0037085,Tyler Badie,DEN,RB,active,INA,28,1999-02-07,68,194,Missouri,4,2022,6,196,BAL,4
00-0036221,Brandon Jones,DEN,S,active,ACT,22,1998-04-02,73,191,Texas,6,2020,3,70,MIA,1
00-0036683,Devon Key,DEN,S,active,ACT,26,1997-10-28,72,210,Western Kentucky,5,2021,,,,2
00-0038605,JL Skinner,DEN,S,active,ACT,34,2001-04-16,76,220,Boise State,3,2023,6,183,DEN,2
00-0041130,Miles Scott,DEN,S,practice_squad,DEV,39,2002-03-28,71,210,Illinois,0,2026,7,246,DEN,
00-0036564,Talanoa Hufanga,DEN,S,active,ACT,9,2000-02-01,72,200,USC,5,2021,5,180,SF,1
00-0035663,Taylor Rapp,DEN,S,practice_squad,DEV,30,1997-12-22,72,208,Washington,7,2019,2,61,LA,
00-0037752,Tycen Anderson,DEN,S,active,ACT,6,1999-06-13,74,210,Toledo,4,2022,5,166,CIN,3
00-0036422,Adam Trautman,DEN,TE,active,ACT,82,1997-02-05,77,253,Dayton,6,2020,3,105,NO,2
00-0040240,Caleb Lohner,DEN,TE,ir,RES,84,2001-10-01,79,250,Utah; Baylor,1,2025,7,241,DEN,5
00-0041133,Dallen Bentley,DEN,TE,active,INA,89,2000-12-31,76,253,Utah; Snow,0,2026,7,256,DEN,4
00-0033881,Evan Engram,DEN,TE,active,ACT,1,1994-09-02,75,240,Mississippi,9,2017,1,23,NYG,1
00-0037539,Lucas Krull,DEN,TE,practice_squad,DEV,85,1998-07-11,78,260,Pittsburgh,4,2022,,,,
00-0038783,Nate Adkins,DEN,TE,active,ACT,45,1999-07-09,75,252,South Carolina,3,2023,,,,3
00-0034348,Courtland Sutton,DEN,WR,active,ACT,14,1995-10-10,76,216,SMU,8,2018,2,40,DEN,1
00-0041293,Dane Key,DEN,WR,practice_squad,DEV,87,2003-07-01,75,210,Nebraska; Kentucky,0,2026,,,,
00-0036613,Jaylen Waddle,DEN,WR,active,ACT,17,1998-11-25,70,182,Alabama,5,2021,1,6,MIA,1
00-0041292,Kolbe Katsis,DEN,WR,practice_squad,DEV,81,2001-12-28,73,185,Northern Arizona; Pittsburg State (KS),0,2026,,,,
00-0038976,Marvin Mims Jr.,DEN,WR,active,ACT,19,2002-03-19,71,182,Oklahoma,3,2023,2,63,DEN,2
00-0036959,Michael Bandy,DEN,WR,practice_squad,DEV,83,1997-12-05,70,190,San Diego,5,2021,,,,
00-0040134,Pat Bryant,DEN,WR,active,ACT,13,2002-12-10,74,204,Illinois,1,2025,3,74,DEN,2
00-0039868,Troy Franklin,DEN,WR,active,ACT,11,2003-02-06,75,180,Oregon,2,2024,4,102,DEN,1
00-0037297,Cade Mays,DET,C,ir,RES,64,1999-04-26,78,325,Tennessee,4,2022,6,199,CAR,2
00-0038936,Juice Scruggs,DET,C,active,ACT,70,2000-01-19,75,320,Penn State,3,2023,2,62,HOU,1
00-0040374,Seth McLaughlin,DET,C,practice_squad,DEV,65,2001-08-27,76,305,Ohio State; Alabama,1,2025,,,,
00-0038820,Christian Izien,DET,CB,active,INA,5,2000-06-08,70,206,Rutgers,3,2023,,,,2
00-0034384,D.J. Reed,DET,CB,active,ACT,4,1996-11-11,69,188,Kansas State; Cerritos College; Fresno State,8,2018,5,142,SF,1
00-0039862,Ennis Rakestraw Jr.,DET,CB,active,INA,2,2002-06-05,71,192,Missouri,2,2024,2,61,DET,3
00-0041445,Keith Abney II,DET,CB,active,ACT,6,2005-01-11,69,187,Arizona State,0,2026,5,157,DET,1
00-0036124,Khalil Dorsey,DET,CB,active,ACT,30,1998-03-31,68,188,Northern Arizona,6,2020,,,,2
00-0038966,Natrone Brooks,DET,CB,practice_squad,DEV,28,1999-12-17,71,176,Southern Mississippi,3,2023,,,,
00-0038841,Nick Whiteside,DET,CB,practice_squad,DEV,38,2000-05-01,73,200,Saginaw Valley State,3,2023,,,,
00-0035637,Rock Ya-Sin,DET,CB,active,ACT,23,1996-05-23,71,195,Temple,7,2019,2,34,IND,2
00-0038125,Roger McCreary,DET,CB,active,ACT,21,2000-02-10,71,188,Auburn,4,2022,2,35,TEN,1
00-0036624,Alim McNeill,DET,DT,active,ACT,54,2000-05-11,74,310,N.C. State,5,2021,3,72,DET,1
00-0037356,Ben Stille,DET,DT,active,ACT,96,1997-11-12,76,293,Nebraska,4,2022,,,,
00-0038661,Chris Smith,DET,DT,practice_squad,DEV,90,1999-12-15,73,320,Notre Dame; Harvard,3,2023,,,,
00-0036954,Levi Onwuzurike,DET,DT,practice_squad,DEV,95,1998-03-02,75,304,Washington,5,2021,2,41,DET,1
00-0039396,Mekhi Wingo,DET,DT,active,INA,94,2003-04-17,72,282,LSU; Missouri,2,2024,6,189,DET,3
00-0041447,Skyler Gill-Howard,DET,DT,active,ACT,50,2002-10-13,72,280,Texas Tech,0,2026,6,205,DET,2
00-0040672,Tyleik Williams,DET,DT,active,ACT,91,2003-02-24,75,328,Ohio State,1,2025,1,28,DET,2
00-0041448,Tyre West,DET,DT,practice_squad,DEV,52,,,290,,0,2026,7,222,DET,
00-0040761,Ahmed Hassanein,DET,EDGE,active,INA,99,2002-07-09,74,275,Boise State,1,2025,6,196,DET,4
00-0037236,Aidan Hutchinson,DET,EDGE,active,ACT,97,2000-08-09,79,265,Michigan,4,2022,1,2,DET,1
00-0041458,Anthony Lucas,DET,EDGE,practice_squad,DEV,61,2004-10-08,77,265,USC; Texas A&M,0,2026,,,,
00-0036335,D.J. Wonnum,DET,EDGE,active,ACT,98,1997-10-31,77,260,South Carolina,6,2020,4,117,MIN,1
00-0041441,Derrick Moore,DET,EDGE,active,ACT,8,2002-12-06,75,260,Michigan,0,2026,2,44,DET,2
00-0041459,Eric O'Neill,DET,EDGE,active,ACT,66,2003-07-01,74,250,Rutgers; Long Island Coll.-Brooklyn,0,2026,,,,3
00-0036926,Payton Turner,DET,EDGE,ir,RES,92,1999-01-07,78,270,Houston,5,2021,1,28,NO,4
00-0038660,Trevor Nowaske,DET,EDGE,active,ACT,53,1998-11-07,75,235,Saginaw Valley State,3,2023,,,,3
00-0038940,Tyler Lacy,DET,EDGE,active,ACT,93,1999-11-10,76,300,Oklahoma State,3,2023,4,130,JAX,2
00-0039172,Jake Bates,DET,K,active,ACT,39,1999-03-03,70,202,Arkansas; Central Arkansas,3,2023,,,,1
00-0036716,Amen Ogbongbemiga,DET,LB,practice_squad,DEV,57,1998-09-04,72,231,Oklahoma State,5,2021,,,,
00-0037281,Damone Clark,DET,LB,ir,RES,11,2000-06-28,74,239,LSU,4,2022,5,176,DAL,3
00-0036964,Derrick Barnes,DET,LB,active,ACT,55,1999-05-29,72,240,Purdue,5,2021,4,113,DET,1
00-0035707,Devin White,DET,LB,active,ACT,45,1998-02-17,72,252,LSU,7,2019,1,5,TB,2
00-0039018,Jack Campbell,DET,LB,active,ACT,46,2000-08-22,77,243,Iowa,3,2023,1,18,DET,1
00-0041442,Jimmy Rolder,DET,LB,active,INA,41,2004-02-09,74,238,Michigan,0,2026,4,118,DET,2
00-0035895,Joe Bachie,DET,LB,active,ACT,35,1998-02-26,74,235,Michigan State,6,2020,,,,2
00-0037289,Malcolm Rodriguez,DET,LB,active,ACT,44,1999-03-29,71,230,Oklahoma State,4,2022,6,188,DET,1
00-0039445,Hogan Hatten,DET,LS,active,ACT,49,2000-08-06,74,239,Idaho,2,2024,,,,1
00-0036272,Ben Bartch,DET,OG,active,ACT,78,1998-07-22,78,315,St. John's (MN),6,2020,4,116,JAX,2
00-0039408,Christian Mahogany,DET,OG,active,ACT,73,2000-10-11,75,327,Boston College,2,2024,6,210,DET,1
00-0039411,Elijah Klein,DET,OG,practice_squad,DEV,67,2000-04-08,76,319,Texas-El Paso,2,2024,6,220,TB,
00-0040391,Mason Miller,DET,OG,practice_squad,DEV,63,2001-11-26,79,305,North Dakota State,1,2025,,,,
00-0040193,Miles Frazier,DET,OG,active,ACT,71,2001-09-12,78,325,LSU; Florida International,1,2025,5,171,DET,3
00-0040728,Tate Ratledge,DET,OG,active,ACT,69,2001-04-26,78,322,Georgia,1,2025,2,57,DET,1
00-0041439,Blake Miller,DET,OT,active,ACT,76,2004-02-25,78,317,Clemson,0,2026,1,17,DET,
00-0037414,Devin Cochran,DET,OT,practice_squad,DEV,77,1998-07-17,79,322,Georgia Tech,4,2022,,,,
00-0039362,Giovanni Manu,DET,OT,ir,RES,59,2001-01-26,79,345,University of British Columbia,2,2024,4,126,DET,2
00-0036905,Larry Borom,DET,OT,active,ACT,79,1999-03-30,77,325,Missouri,5,2021,5,151,CHI,2
00-0036880,Penei Sewell,DET,OT,active,ACT,58,2000-10-09,77,335,Oregon,5,2021,1,7,DET,1
00-0035156,Jack Fox,DET,P,active,ACT,3,1996-09-01,74,218,Rice,7,2019,,,,1
00-0033106,Jared Goff,DET,QB,active,ACT,16,1994-10-14,76,217,California,10,2016,1,1,LA,1
00-0033949,Joshua Dobbs,DET,QB,active,ACT,11,1995-01-26,75,216,Tennessee,9,2017,4,135,PIT,2
00-0041453,Luke Altmyer,DET,QB,practice_squad,DEV,15,2002-10-22,73,210,Illinois; Mississippi,0,2026,,,,
00-0037197,Isiah Pacheco,DET,RB,ir,RES,10,1999-03-02,70,210,Rutgers,4,2022,7,251,KC,4
00-0039652,Jabari Small,DET,RB,practice_squad,DEV,26,2002-01-31,71,208,Tennessee,2,2024,,,,
00-0038896,Jacob Saylors,DET,RB,active,ACT,25,2000-03-08,71,195,East Tennessee State,3,2023,,,,3
00-0039139,Jahmyr Gibbs,DET,RB,active,ACT,0,2002-03-20,69,200,Alabama; Georgia Tech,3,2023,1,12,DET,1
00-0039364,Sione Vaki,DET,RB,active,ACT,33,2001-07-30,71,216,Utah,2,2024,4,132,DET,2
00-0041454,Aamaris Brown,DET,S,practice_squad,DEV,24,2002-08-26,70,198,UNLV; University of South Florida; Kansas State,0,2026,,,,
00-0034377,Avonte Maddox,DET,S,active,ACT,29,1996-03-31,69,191,Pittsburgh,8,2018,4,125,PHI,1
00-0039141,Brian Branch,DET,S,ir,RES,32,2001-10-22,72,203,Alabama,3,2023,2,45,DET,2
00-0033294,Chuck Clark,DET,S,active,ACT,36,1995-04-19,72,210,Virginia Tech,9,2017,6,186,BAL,1
00-0037667,Kerby Joseph,DET,S,ir,RES,31,2000-11-14,72,210,Illinois,4,2022,3,97,DET,3
00-0039660,Thomas Harper,DET,S,active,ACT,12,2000-11-05,68,195,Notre Dame; Oklahoma State,2,2024,,,,2
00-0036754,Brock Wright,DET,TE,active,ACT,89,1998-11-27,77,255,Notre Dame,5,2021,,,,2
00-0040390,Jackson Meeks,DET,TE,active,ACT,13,2003-03-24,74,235,Syracuse,1,2025,,,,4
00-0039065,Sam LaPorta,DET,TE,active,ACT,87,2001-01-12,75,245,Iowa,3,2023,2,34,DET,1
00-0040697,Thomas Gordon,DET,TE,practice_squad,DEV,82,2000-09-05,76,250,Northwestern,1,2025,,,,
00-0034270,Tyler Conklin,DET,TE,active,ACT,83,1995-07-30,75,245,Central Michigan; Northwood,8,2018,5,157,MIN,3
00-0036963,Amon-Ra St. Brown,DET,WR,active,ACT,14,1999-10-24,72,202,USC,5,2021,4,112,DET,1
00-0040241,Dominic Lovett,DET,WR,practice_squad,DEV,19,2002-11-08,70,185,Georgia; Missouri,1,2025,7,244,DET,
00-0040669,Isaac TeSlaa,DET,WR,active,ACT,18,2002-02-20,76,214,Arkansas; Hillsdale,1,2025,3,70,DET,1
00-0037240,Jameson Williams,DET,WR,active,ACT,1,2001-03-26,73,182,Alabama; Ohio State,4,2022,1,12,DET,1
00-0041446,Kendrick Law,DET,WR,ir,RES,88,2004-06-13,71,203,Kentucky; Alabama,0,2026,5,168,DET,2
00-0038181,Lucky Jackson,DET,WR,practice_squad,DEV,9,1997-07-17,72,185,Western Kentucky,6,2020,,,,
00-0037524,Tay Martin,DET,WR,active,ACT,17,1997-12-14,75,186,Oklahoma State,4,2022,,,,2
00-0035544,Tom Kennedy,DET,WR,active,ACT,85,1996-07-29,70,194,Bryant,7,2019,,,,
00-0040884,Jager Burton,GB,C,active,ACT,52,2002-08-24,76,312,Kentucky,0,2026,5,153,GB,2
00-0037076,Sean Rhyan,GB,C,active,ACT,75,2000-09-15,77,320,UCLA,4,2022,3,92,GB,1
00-0036625,Benjamin St-Juste,GB,CB,active,ACT,21,1997-09-08,75,200,Minnesota,5,2021,3,74,WAS,2
00-0041470,Brandon Cisse,GB,CB,active,ACT,2,2005-07-03,72,189,South Carolina; N.C. State,0,2026,2,52,GB,1
00-0038408,Carrington Valentine,GB,CB,active,ACT,24,2001-09-09,72,189,Kentucky,3,2023,7,232,GB,2
00-0040896,Domani Jackson,GB,CB,practice_squad,DEV,20,2002-11-27,73,194,Alabama,0,2026,6,201,GB,
00-0039867,Javon Bullard,GB,CB,active,ACT,7,2002-09-05,70,195,Georgia,2,2024,2,58,GB,1
00-0039831,Kamal Hadden,GB,CB,active,ACT,36,2001-01-17,73,192,Tennessee; Independence Comm. College; Auburn,2,2024,6,211,KC,2
00-0035133,Keisean Nixon,GB,CB,active,ACT,25,1997-06-22,70,200,South Carolina,7,2019,,,,1
00-0041493,Marlon Jones,GB,CB,ir,RES,46,2001-08-19,72,190,Vanderbilt; Eastern Washington,0,2026,,,,
00-0040689,Anthony Campbell,GB,DT,active,INA,93,2000-09-09,78,307,Miami; Louisiana-Monroe; Independence Comm. College,1,2025,,,,2
00-0040869,Chris McClellan,GB,DT,active,ACT,55,2003-10-17,76,313,Missouri; Florida,0,2026,3,77,GB,3
00-0037075,Devonte Wyatt,GB,DT,active,ACT,95,1998-03-31,75,304,Georgia,4,2022,1,28,GB,1
00-0033109,Javon Hargrave,GB,DT,active,ACT,98,1993-02-07,74,305,South Carolina State,10,2016,3,89,PIT,1
00-0037094,Jonathan Ford,GB,DT,active,ACT,96,1998-09-29,77,338,Miami,4,2022,7,234,GB,2
00-0038506,Jordon Riley,GB,DT,ir,RES,97,1998-05-19,77,338,Oregon; Nebraska; Garden City CC; North Carolina,3,2023,7,243,NYG,3
00-0038398,Karl Brooks,GB,DT,active,ACT,94,2000-05-08,75,296,Bowling Green,3,2023,6,179,GB,1
00-0040016,Warren Brinson,GB,DT,active,INA,91,2002-02-04,77,315,Georgia,1,2025,6,198,GB,2
00-0037364,Arron Mosby,GB,EDGE,practice_squad,DEV,53,1999-04-13,75,250,Fresno State,4,2022,,,,
00-0040010,Barryn Sorrell,GB,EDGE,active,ACT,99,2002-12-22,75,256,Texas,1,2025,4,124,GB,1
00-0038463,Brenton Cox Jr.,GB,EDGE,active,ACT,57,2000-01-30,76,250,Florida; Georgia,3,2023,,,,2
00-0040012,Collin Oliver,GB,EDGE,ir,RES,45,2002-09-23,74,240,Oklahoma State,1,2025,5,159,GB,3
00-0040877,Dani Dennis-Sutton,GB,EDGE,active,ACT,51,2003-12-23,78,256,Penn State,0,2026,4,120,GB,3
00-0039112,Lukas Van Ness,GB,EDGE,active,ACT,90,2001-07-06,77,275,Iowa,3,2023,1,13,GB,1
00-0036932,Micah Parsons,GB,EDGE,ir,RES,1,1999-05-26,75,250,Penn State,5,2021,1,12,DAL,2
00-0040944,Nyjalik Kelly,GB,EDGE,practice_squad,DEV,47,2004-10-29,77,263,UCF; Miami,0,2026,,,,
00-0040003,Lenny Krieg,GB,K,practice_squad,DEV,38,2002-03-08,74,208,,1,2025,,,,
00-0040899,Trey Smack,GB,K,active,ACT,28,2003-07-12,73,188,Florida,0,2026,6,216,GB,1
00-0039850,Edgerrin Cooper,GB,LB,active,ACT,56,2001-11-17,74,229,Texas A&M,2,2024,2,45,GB,1
00-0036658,Isaiah McDuffie,GB,LB,active,ACT,58,1999-07-21,73,224,Boston College,5,2021,6,220,GB,2
00-0036157,Kristian Welch,GB,LB,active,ACT,54,1998-05-24,75,239,Iowa,6,2020,,,,
00-0036648,Nick Niemann,GB,LB,active,ACT,31,1997-12-02,75,235,Iowa,5,2021,6,185,LAC,3
00-0039812,Ty'Ron Hopper,GB,LB,active,INA,59,2001-04-26,74,228,Missouri; Florida,2,2024,3,91,GB,2
00-0034431,Zaire Franklin,GB,LB,active,ACT,44,1996-07-02,72,236,Syracuse,8,2018,7,235,IND,1
00-0035118,Matthew Orzech,GB,LS,active,ACT,42,1995-04-12,75,245,Azusa Pacific,7,2019,,,,1
00-0034067,Scott Daly,GB,LS,practice_squad,DEV,46,1994-02-07,73,245,Notre Dame,8,2018,,,,
00-0036551,Aaron Banks,GB,OG,active,INA,65,1997-09-03,77,325,Notre Dame,5,2021,2,48,SF,1
00-0040726,Anthony Belton,GB,OG,active,ACT,71,2001-02-23,78,336,N.C. State; Georgia Military,1,2025,2,54,GB,2
00-0040949,Dillon Wade,GB,OG,practice_squad,DEV,68,2002-05-23,75,316,Auburn; Tulsa,0,2026,,,,
00-0039272,Donovan Jennings,GB,OG,active,ACT,67,1999-11-24,76,323,University of South Florida,2,2024,,,,2
00-0039817,Jacob Monk,GB,OG,active,ACT,62,2001-06-04,75,308,Duke,2,2024,5,163,GB,1
00-0040943,Josh Gesky,GB,OG,practice_squad,DEV,76,2002-12-31,77,308,Illinois,0,2026,,,,
00-0040083,Dalton Cooper,GB,OT,practice_squad,DEV,78,2001-03-15,78,326,Oklahoma State; Texas State-San Marcos,1,2025,,,,
00-0040023,John Williams,GB,OT,active,ACT,73,2002-01-17,76,322,Cincinnati,1,2025,7,250,GB,2
00-0039904,Jordan Morgan,GB,OT,active,ACT,77,2001-08-04,77,311,Arizona,2,2024,1,25,GB,1
00-0039819,Travis Glover,GB,OT,active,INA,79,2000-08-17,78,317,Georgia State,2,2024,6,202,GB,3
00-0037817,Zach Bako-Bewele,GB,OT,active,ACT,50,1999-03-26,76,304,Wake Forest,4,2022,4,140,GB,1
00-0037547,Daniel Whelan,GB,P,active,ACT,19,1999-02-10,77,216,UC Davis,4,2022,,,,1
00-0036264,Jordan Love,GB,QB,active,ACT,10,1998-11-02,76,220,Utah State,6,2020,1,26,GB,1
00-0039577,Kedon Slovis,GB,QB,practice_squad,DEV,17,2001-04-11,74,223,BYU; Pittsburgh; USC,2,2024,,,,
00-0028118,Tyrod Taylor,GB,QB,active,ACT,6,1989-08-03,73,215,Virginia Tech,15,2011,6,180,BAL,2
00-0038685,Chris Brooks,GB,RB,active,ACT,30,2000-01-11,73,219,BYU; California,3,2023,,,,2
00-0041139,Damon Bankston,GB,RB,practice_squad,DEV,37,2003-04-25,70,186,New Mexico; Weber State,0,2026,,,,
00-0040142,Kaleb Johnson,GB,RB,active,ACT,26,2003-08-14,72,224,Iowa,1,2025,3,83,PIT,3
00-0039811,MarShawn Lloyd,GB,RB,active,ACT,32,2001-01-05,69,220,USC; South Carolina,2,2024,3,88,GB,1
00-0038098,Pierre Strong,GB,RB,practice_squad,DEV,22,1998-12-10,71,205,South Dakota State,4,2022,4,127,NE,
00-0039813,Evan Williams,GB,S,active,ACT,33,2001-07-28,71,200,Oregon; Fresno State,2,2024,4,111,GB,1
00-0040033,Johnathan Baldwin,GB,S,ir,RES,37,2003-02-08,72,200,UNLV,1,2025,,,,3
00-0038523,Kahlef Hailassie,GB,S,practice_squad,DEV,25,2000-11-09,73,200,Western Kentucky; Oregon,3,2023,,,,
00-0039818,Kitan Oladapo,GB,S,active,ACT,27,2000-10-10,74,217,Oregon State,2,2024,5,169,GB,2
00-0040968,Murvin Kenion,GB,S,practice_squad,DEV,39,,,200,,0,2026,,,,
00-0038494,Trey Dean III,GB,S,ir,RES,35,2000-02-29,74,206,Florida,3,2023,,,,2
00-0036388,Xavier McKinney,GB,S,active,ACT,29,1999-08-09,72,201,Alabama,6,2020,2,36,NYG,1
00-0040628,Drake Dabney,GB,TE,practice_squad,DEV,49,2002-05-14,77,246,TCU; Baylor,1,2025,,,,
00-0033858,Jonnu Smith,GB,TE,active,ACT,18,1995-08-22,75,248,Florida International,9,2017,3,100,TEN,2
00-0038589,Josh Whyle,GB,TE,active,ACT,81,1999-09-08,79,250,Cincinnati,3,2023,5,147,TEN,3
00-0039144,Luke Musgrave,GB,TE,ir,RES,88,2000-09-02,78,252,Oregon State,3,2023,2,42,GB,5
00-0040598,Mark Redman,GB,TE,active,ACT,86,2002-01-20,77,255,Louisville; San Diego State,1,2025,,,,4
00-0039263,McCallan Castles,GB,TE,ir,RES,47,1999-12-03,76,252,Tennessee; UC Davis; California,2,2024,,,,
00-0039936,Thomas Yassmin,GB,TE,ir,RES,84,1999-10-21,77,251,Utah,2,2024,,,,6
00-0038996,Tucker Kraft,GB,TE,active,ACT,85,2000-11-03,77,259,South Dakota State,3,2023,3,78,GB,1
00-0037091,Bo Melton,GB,WR,active,ACT,16,1999-05-18,71,189,Rutgers,4,2022,7,229,SEA,2
00-0041179,Chris Hilton Jr.,GB,WR,practice_squad,DEV,37,2002-10-11,72,188,LSU,0,2026,,,,
00-0038124,Christian Watson,GB,WR,active,ACT,9,1999-05-12,76,215,North Dakota State,4,2022,2,34,GB,1
00-0040558,Isaiah Neyor,GB,WR,practice_squad,DEV,80,2001-06-07,76,220,Nebraska; Texas; Wyoming,1,2025,,,,
00-0040948,J. Michael Sturdivant,GB,WR,active,INA,87,2002-09-06,75,207,Florida; UCLA; California,0,2026,,,,2
00-0039146,Jayden Reed,GB,WR,active,ACT,11,2000-04-28,71,190,Michigan State; Western Michigan,3,2023,2,50,GB,1
00-0040667,Matthew Golden,GB,WR,active,ACT,0,2003-08-01,71,191,Texas; Houston,1,2025,1,23,GB,1
00-0040009,Savion Williams,GB,WR,ir,RES,83,2001-11-22,76,222,TCU,1,2025,3,87,GB,3
00-0038090,Skyy Moore,GB,WR,active,ACT,23,2000-09-10,70,195,Western Michigan,4,2022,2,54,KC,2
00-0034495,Evan Brown,HOU,C,active,ACT,63,1996-09-16,75,320,SMU,8,2018,,,,1
00-0041124,Gavin Gerhardt,HOU,C,practice_squad,DEV,58,2002-03-21,76,310,Cincinnati,0,2026,7,235,MIN,
00-0039030,Jake Andrews,HOU,C,active,ACT,60,1999-11-11,75,308,Troy,3,2023,4,107,NE,3
00-0041365,Ka'ena Decambra,HOU,C,practice_squad,DEV,62,,,308,,0,2026,,,,
00-0041532,Keylan Rutledge,HOU,C,active,ACT,66,2003-09-02,76,320,Georgia Tech; Middle Tennessee State,0,2026,1,26,HOU,1
00-0040411,Alijah Huzzie,HOU,CB,practice_squad,DEV,28,2001-01-16,70,195,North Carolina; East Tennessee State,1,2025,,,,
00-0036241,Bryce Hall,HOU,CB,practice_squad,DEV,34,1997-11-05,73,201,Virginia,6,2020,5,158,NYJ,
00-0041313,Collin Wright,HOU,CB,active,INA,37,2003-12-13,72,195,Stanford,0,2026,,,,3
00-0037237,Derek Stingley Jr.,HOU,CB,active,ACT,24,2001-06-20,73,195,LSU,4,2022,1,3,HOU,1
00-0037246,Jalen Pitre,HOU,CB,active,ACT,5,1999-06-03,72,200,Baylor,4,2022,2,37,HOU,1
00-0040149,Jaylin Smith,HOU,CB,active,ACT,22,2003-11-05,71,187,USC,1,2025,3,97,HOU,2
00-0039343,Kamari Lassiter,HOU,CB,active,ACT,3,2003-01-23,72,180,Georgia,2,2024,2,42,HOU,1
00-0034278,Tremon Smith,HOU,CB,active,ACT,11,1996-07-20,72,190,Central Arkansas,8,2018,6,196,KC,2
00-0039402,Jaden Crumedy,HOU,DT,active,INA,95,2000-07-30,76,301,Mississippi State,2,2024,6,200,CAR,
00-0040414,Junior Tafuna,HOU,DT,practice_squad,DEV,91,2001-02-27,75,308,Utah,1,2025,,,,
00-0041440,Kayden McDonald,HOU,DT,ir,RES,93,2005-03-12,75,326,Ohio State,0,2026,2,36,HOU,2
00-0038127,Logan Hall,HOU,DT,active,ACT,96,2000-04-22,78,283,Houston,4,2022,2,33,TB,2
00-0032265,Mario Edwards,HOU,DT,active,ACT,97,1994-01-25,75,280,Florida State,11,2015,2,35,LV,3
00-0032759,Sheldon Rankins,HOU,DT,active,ACT,98,1994-04-02,74,305,Louisville,10,2016,1,12,NO,1
00-0036883,Tommy Togiai,HOU,DT,active,ACT,72,1999-09-19,74,296,Ohio State,5,2021,4,132,CLE,1
00-0038724,Ali Gaye,HOU,EDGE,ir,RES,95,1997-11-29,78,262,LSU; Garden City CC; Arizona Western,3,2023,,,,4
00-0039902,Chris Braswell,HOU,EDGE,practice_squad,DEV,53,2001-10-25,75,255,Alabama,2,2024,2,57,TB,
00-0031565,Danielle Hunter,HOU,EDGE,active,ACT,55,1994-10-29,77,263,LSU,11,2015,3,88,MIN,1
00-0041302,Dominic Bailey,HOU,EDGE,practice_squad,DEV,73,,,292,,0,2026,,,,
00-0037082,Dominique Robinson,HOU,EDGE,active,ACT,94,1998-07-02,77,275,Miami (Ohio),4,2022,5,174,CHI,3
00-0039009,Dylan Horton,HOU,EDGE,ir,RES,92,2000-08-21,76,275,TCU,3,2023,4,109,HOU,3
00-0031364,Jadeveon Clowney,HOU,EDGE,active,ACT,90,1993-02-14,77,266,South Carolina,12,2014,1,1,HOU,2
00-0041305,Sabastian Harsh,HOU,EDGE,active,ACT,54,2001-11-28,74,255,N.C. State; Wyoming,0,2026,,,,2
00-0039427,Solomon Byrd,HOU,EDGE,ir,RES,50,1999-12-01,75,250,USC; Wyoming,2,2024,7,238,HOU,4
00-0039108,Will Anderson Jr.,HOU,EDGE,active,ACT,51,2001-09-02,76,243,Alabama,3,2023,1,3,HOU,1
00-0032726,Ka'imi Fairbairn,HOU,K,active,ACT,15,1994-01-29,72,183,UCLA,10,2016,,,,1
00-0041449,Aiden Fisher,HOU,LB,active,INA,59,2003-12-23,73,232,Indiana; James Madison,0,2026,7,243,HOU,2
00-0035166,Azeez Al-Shaair,HOU,LB,active,ACT,0,1997-08-04,74,228,Florida Atlantic,7,2019,,,,1
00-0034987,E.J. Speed,HOU,LB,ir,RES,45,1995-06-01,76,230,Tarleton State,7,2019,5,164,IND,2
00-0038599,Henry To'oTo'o,HOU,LB,active,ACT,39,2001-01-05,74,228,Alabama; Tennessee,3,2023,5,167,HOU,1
00-0037633,Jacob Hummel,HOU,LB,active,ACT,33,1999-01-04,73,229,Iowa State,4,2022,,,,3
00-0037457,Jake Hansen,HOU,LB,active,ACT,35,1998-06-19,73,230,Illinois,4,2022,,,,1
00-0039395,Jamal Hill,HOU,LB,practice_squad,DEV,56,2001-04-01,72,227,Oregon,2,2024,6,188,HOU,
00-0040413,K.C. Ossai,HOU,LB,ir,RES,52,2002-11-05,74,241,Louisiana,1,2025,,,,4
00-0041465,Wade Woodaz,HOU,LB,active,ACT,30,2004-02-04,76,236,Clemson,0,2026,4,123,HOU,2
00-0040409,Austin Brinkman,HOU,LS,active,ACT,40,2002-06-20,76,241,West Virginia,1,2025,,,,1
00-0038131,Ed Ingram,HOU,OG,active,ACT,69,1999-02-11,75,307,LSU,4,2022,2,59,MIN,1
00-0041559,Febechi Nwaiwu,HOU,OG,active,INA,64,2003-02-17,76,319,Oklahoma; North Texas,0,2026,4,106,HOU,2
00-0034399,Wyatt Teller,HOU,OG,active,ACT,75,1994-11-21,76,315,Virginia Tech,8,2018,5,166,BUF,2
00-0040745,Aireontae Ersery,HOU,OT,active,ACT,79,2002-02-19,78,330,Minnesota,1,2025,2,48,HOU,1
00-0039857,Blake Fisher,HOU,OT,active,ACT,57,2003-03-25,78,312,Notre Dame,2,2024,2,59,HOU,2
00-0034836,Braden Smith,HOU,OT,ir,RES,71,1996-03-25,78,315,Auburn,8,2018,2,37,IND,3
00-0041306,James Neal III,HOU,OT,practice_squad,DEV,70,2003-03-18,78,325,Iowa State; Independence Comm. College,0,2026,,,,
00-0036605,Max Pircher,HOU,OT,practice_squad,DEV,67,1999-09-07,79,320,,5,2021,,,,
00-0039422,Nathan Thomas,HOU,OT,active,INA,78,2001-08-22,77,330,Louisiana-Lafayette,2,2024,7,233,DAL,2
00-0041303,Sam Hagen,HOU,OT,ir,RES,76,2003-08-24,78,320,South Dakota State; North Dakota,0,2026,,,,4
00-0032071,Trent Brown,HOU,OT,active,ACT,77,1993-04-13,80,380,Florida; Georgia Military,11,2015,7,244,SF,1
00-0040654,Kai Kroeger,HOU,P,active,ACT,38,2002-06-11,76,213,South Carolina,1,2025,,,,1
00-0039163,C.J. Stroud,HOU,QB,active,ACT,7,2001-10-03,75,218,Ohio State,3,2023,1,2,HOU,1
00-0036898,Davis Mills,HOU,QB,active,ACT,10,1998-10-21,76,225,Stanford,5,2021,3,67,HOU,2
00-0040211,Graham Mertz,HOU,QB,ir,RES,18,2000-12-06,74,215,Florida; Wisconsin,1,2025,6,197,HOU,3
00-0041156,Mark Gronowski,HOU,QB,practice_squad,DEV,16,2001-10-05,74,235,Iowa; South Dakota,0,2026,,,,
00-0039603,British Brooks,HOU,RB,active,ACT,44,1999-11-18,71,225,North Carolina,2,2024,,,,3
00-0035685,David Montgomery,HOU,RB,active,ACT,32,1997-06-07,71,230,Iowa State,7,2019,3,73,CHI,1
00-0039405,Jawhar Jordan,HOU,RB,practice_squad,DEV,25,1999-08-18,70,185,Louisville; Syracuse,2,2024,6,205,HOU,
00-0041312,Noah Whittington,HOU,RB,practice_squad,DEV,26,2001-12-13,68,205,Oregon; Western Kentucky,0,2026,,,,
00-0040583,Woody Marks,HOU,RB,active,ACT,4,2000-12-29,70,208,USC; Mississippi State,1,2025,4,116,HOU,2
00-0039838,Calen Bullock,HOU,S,active,ACT,2,2003-04-30,75,190,USC,2,2024,3,78,HOU,1
00-0034091,George Odum,HOU,S,active,ACT,36,1993-11-03,73,202,Central Arkansas,8,2018,,,,
00-0037661,Ja'Marcus Ingram,HOU,S,ir,RES,20,1997-08-04,74,190,Buffalo; Texas Tech,4,2022,,,,3
00-0041466,Kamari Ramsey,HOU,S,active,ACT,27,2004-08-24,72,202,USC; UCLA,0,2026,5,141,HOU,2
00-0034355,M.J. Stewart,HOU,S,ir,RES,29,1995-09-16,71,205,North Carolina,8,2018,2,53,TB,2
00-0037130,Reed Blankenship,HOU,S,active,ACT,6,1999-03-02,73,200,Middle Tennessee State,4,2022,,,,1
00-0036556,Brevin Jordan,HOU,TE,active,INA,9,2000-07-16,75,245,Miami,5,2021,5,147,HOU,5
00-0039359,Cade Stover,HOU,TE,active,ACT,8,2000-06-12,76,251,Ohio State,2,2024,4,123,HOU,3
00-0034383,Dalton Schultz,HOU,TE,active,ACT,86,1996-07-11,77,242,Stanford,8,2018,4,137,DAL,1
00-0034981,Foster Moreau,HOU,TE,active,ACT,87,1997-05-06,76,250,LSU,7,2019,4,137,LV,2
00-0041472,Marlin Klein,HOU,TE,active,ACT,83,2002-09-17,78,248,Michigan,0,2026,2,59,HOU,4
00-0037340,Zaire Mitchell-Paden,HOU,TE,practice_squad,DEV,88,1999-08-20,77,257,Florida Atlantic,4,2022,,,,
00-0041309,Daniel Sobkowicz,HOU,WR,practice_squad,DEV,89,2002-09-16,75,205,Illinois State,0,2026,,,,
00-0038728,Jared Wayne,HOU,WR,active,ACT,17,2000-10-07,75,210,Pittsburgh,3,2023,,,,2
00-0040130,Jayden Higgins,HOU,WR,ir,RES,81,2002-12-15,76,215,Iowa State; Eastern Kentucky,1,2025,2,34,HOU,3
00-0040138,Jaylin Noel,HOU,WR,active,ACT,13,2002-09-04,71,200,Iowa State,1,2025,3,79,HOU,1
00-0040049,Josh Kelly,HOU,WR,practice_squad,DEV,85,2001-07-01,73,195,Texas Tech; Washington State; Fresno State,1,2025,,,,
00-0038608,Kayshon Boutte,HOU,WR,active,ACT,14,2002-05-07,71,205,LSU,3,2023,6,187,NE,2
00-0041467,Lewis Bond,HOU,WR,practice_squad,DEV,82,2003-05-29,71,190,Boston College,0,2026,6,204,HOU,
00-0038839,Mitchell Tinsley,HOU,WR,practice_squad,DEV,84,1999-09-15,73,205,Penn State; Western Kentucky,3,2023,,,,
00-0036554,Nico Collins,HOU,WR,active,ACT,12,1999-03-19,76,222,Michigan,5,2021,3,89,HOU,1
00-0038977,Tank Dell,HOU,WR,ir,RES,1,1999-10-29,70,165,Houston; Independence Comm. College; Alabama A&M,3,2023,3,69,HOU,2
00-0038618,Xavier Hutchinson,HOU,WR,active,ACT,19,2000-06-01,75,210,Iowa State,3,2023,6,205,HOU,1
00-0039876,Sedrick Van Pran-Granger,IND,C,active,ACT,63,2001-10-23,76,315,Georgia,2,2024,5,141,BUF,2
00-0039744,Tanor Bortolini,IND,C,active,ACT,60,2002-06-17,76,303,Wisconsin,2,2024,4,117,IND,1
00-0037753,Cam Taylor-Britt,IND,CB,ir,RES,29,1999-10-15,71,200,Nebraska,4,2022,2,60,CIN,2
00-0038585,Cameron Mitchell,IND,CB,ir,RES,43,2001-09-08,71,191,Northwestern,3,2023,5,142,CLE,4
00-0034573,Charvarius Ward,IND,CB,active,ACT,7,1996-05-16,73,195,Middle Tennessee State; Hinds CC,8,2018,,,,1
00-0040347,Johnathan Edwards,IND,CB,active,INA,35,2001-11-16,73,200,Tulane,1,2025,,,,3
00-0040139,Justin Walley,IND,CB,active,ACT,27,2002-09-22,71,190,Minnesota,1,2025,3,80,IND,1
00-0040928,Kapena Gushiken,IND,CB,active,ACT,34,2002-08-15,69,187,Mississippi; Washington State; Saddleback Community College,0,2026,,,,2
00-0041320,Kenneth Harris,IND,CB,active,ACT,33,2002-05-02,72,195,Oklahoma State,0,2026,,,,
00-0040790,Rob Carter Jr.,IND,CB,practice_squad,DEV,39,2003-02-16,70,175,Robert Morris,0,2026,,,,
00-0037190,Sauce Gardner,IND,CB,active,ACT,1,2001-08-31,75,190,Cincinnati,4,2022,1,4,NYJ,1
00-0039031,Adetomiwa Adebawore,IND,DT,active,ACT,95,2001-03-04,74,280,Northwestern,3,2023,4,110,IND,2
00-0041225,Cameron Ball,IND,DT,practice_squad,DEV,92,2003-02-19,75,310,Arkansas,0,2026,,,,
00-0032378,DeForest Buckner,IND,DT,active,ACT,99,1994-03-17,79,295,Oregon,10,2016,1,7,SF,1
00-0033952,Grover Stewart,IND,DT,active,ACT,90,1993-10-20,76,315,Albany State (GA),9,2017,4,144,IND,1
00-0035674,Jerry Tillery,IND,DT,active,ACT,94,1996-10-08,78,295,Notre Dame,7,2019,1,28,LAC,2
00-0040207,Tim Smith,IND,DT,active,ACT,93,2002-08-09,76,306,Alabama,1,2025,6,190,IND,3
00-0034825,Arden Key,IND,EDGE,active,ACT,98,1996-05-03,77,240,LSU,8,2018,3,87,LV,1
00-0041111,Caden Curry,IND,EDGE,active,ACT,55,2003-05-24,74,257,Ohio State,0,2026,6,214,IND,3
00-0041080,George Gumbs Jr.,IND,EDGE,active,INA,52,2002-10-25,76,245,Florida; Northern Illinois,0,2026,5,156,IND,3
00-0040744,Jaylahn Tuimoloau,IND,EDGE,active,ACT,91,2003-05-10,76,264,Ohio State,1,2025,2,45,IND,2
00-0039340,Laiatu Latu,IND,EDGE,active,ACT,97,2000-12-31,77,265,UCLA; Washington,2,2024,1,15,IND,1
00-0038107,Micheal Clemons,IND,EDGE,active,ACT,72,1997-08-21,77,263,Texas A&M,4,2022,4,117,NYJ,2
00-0041230,Mitchell Melton,IND,EDGE,practice_squad,DEV,54,2002-03-17,75,256,Virginia; Ohio State,0,2026,,,,
00-0039576,Spencer Shrader,IND,K,active,ACT,3,1999-05-19,74,200,Notre Dame; University of South Florida,2,2024,,,,1
00-0036298,Akeem Davis-Gaither,IND,LB,active,ACT,51,1997-09-21,74,238,Appalachian State,6,2020,4,107,CIN,1
00-0039178,Austin Ajiake,IND,LB,active,INA,58,2000-06-30,73,220,UNLV,3,2023,,,,2
00-0041518,Bryce Boettcher,IND,LB,active,ACT,50,2002-07-08,73,233,Oregon,0,2026,4,135,IND,1
00-0041039,CJ Allen,IND,LB,active,ACT,53,2005-03-01,72,230,Georgia,0,2026,2,53,IND,1
00-0039377,Jaylon Carlies,IND,LB,active,ACT,57,2001-09-13,75,227,Missouri,2,2024,5,151,IND,2
00-0041227,Tahj Chambers,IND,LB,active,ACT,44,2000-04-09,74,230,Mississippi; Missouri State,0,2026,,,,2
00-0041236,West Weeks,IND,LB,practice_squad,DEV,47,2002-08-13,73,230,LSU; Virginia,0,2026,,,,
00-0032753,Luke Rhodes,IND,LS,active,ACT,46,1992-12-02,74,238,William & Mary,10,2016,,,,1
00-0039578,Dalton Tucker,IND,OG,active,INA,68,2000-03-18,78,307,Marshall,2,2024,,,,2
00-0041517,Jalen Farmer,IND,OG,active,ACT,62,2004-07-27,76,312,Kentucky,0,2026,4,113,IND,2
00-0037138,Josh Sills,IND,OG,practice_squad,DEV,66,1998-01-26,78,325,Oklahoma State; West Virginia,4,2022,,,,
00-0039736,Matt Goncalves,IND,OG,active,ACT,71,2001-01-26,78,317,Pittsburgh,2,2024,3,79,IND,1
00-0034342,Quenton Nelson,IND,OG,active,ACT,56,1996-03-19,77,330,Notre Dame,8,2018,1,6,IND,1
00-0040101,Reid Holskey,IND,OG,practice_squad,DEV,65,2002-01-03,78,306,Miami (Ohio),1,2025,,,,
00-0037757,Bernhard Raimann,IND,OT,active,ACT,79,1997-09-23,78,305,Central Michigan,4,2022,3,77,IND,1
00-0040163,Jalen Travis,IND,OT,active,ACT,75,2002-04-19,80,339,Iowa State; Princeton,1,2025,4,127,IND,1
00-0037305,Luke Tenuta,IND,OT,active,ACT,67,1999-09-01,80,314,Virginia Tech,4,2022,6,209,BUF,
00-0041232,Nolan Rucci,IND,OT,practice_squad,DEV,76,2002-08-05,80,314,Penn State; Wisconsin,0,2026,,,,
00-0037040,Roy Mbaeteka,IND,OT,practice_squad,DEV,78,2000-02-13,80,330,,5,2021,,,,
00-0033269,Rigoberto Sanchez,IND,P,active,ACT,8,1994-09-08,72,195,Hawaii; Butte College,9,2017,,,,1
00-0039164,Anthony Richardson,IND,QB,active,ACT,5,2002-05-22,76,244,Florida,3,2023,1,4,IND,2
00-0035710,Daniel Jones,IND,QB,active,ACT,17,1997-05-27,77,230,Duke,7,2019,1,6,NYG,1
00-0040206,Riley Leonard,IND,QB,active,INA,15,2002-09-13,76,216,Notre Dame; Duke,1,2025,6,189,IND,3
00-0041486,Anderson Castle,IND,RB,practice_squad,DEV,42,2002-01-28,72,221,Duke; Appalachian State,0,2026,,,,
00-0040179,DJ Giddens,IND,RB,active,INA,21,2003-08-26,73,212,Kansas State,1,2025,5,151,IND,3
00-0041277,Davon Booth,IND,RB,practice_squad,DEV,36,2002-01-23,70,192,Mississippi State; Utah State,0,2026,,,,
00-0036223,Jonathan Taylor,IND,RB,active,ACT,28,1999-01-19,70,226,Wisconsin,6,2020,2,41,IND,1
00-0041125,Seth McGowan,IND,RB,active,ACT,20,2001-10-23,73,223,Kentucky; New Mexico State; Butler University; Oklahoma,0,2026,7,237,IND,2
00-0041043,A.J. Haulcy,IND,S,active,ACT,25,2004-01-10,71,215,LSU; Houston; New Mexico,0,2026,3,78,IND,1
00-0036629,Camryn Bynum,IND,S,active,ACT,0,1998-07-19,72,200,California,5,2021,4,125,MIN,1
00-0038392,Daniel Scott,IND,S,practice_squad,DEV,32,1998-10-26,73,208,California,3,2023,5,158,IND,
00-0040235,Hunter Wohler,IND,S,active,ACT,30,2003-01-12,74,213,Wisconsin,1,2025,7,232,IND,2
00-0034485,Jonathan Owens,IND,S,active,ACT,38,1995-07-22,71,204,Missouri Western,8,2018,,,,2
00-0040357,Trey Washington,IND,S,practice_squad,DEV,41,2002-12-09,70,205,Mississippi,1,2025,,,,
00-0037292,Andrew Ogletree,IND,TE,active,ACT,85,1998-07-28,77,260,Youngstown State,4,2022,6,192,IND,3
00-0040853,Carson Towt,IND,TE,ir,RES,45,2001-06-01,79,250,Notre Dame; Northern Arizona,0,2026,,,,5
00-0041252,Kenny Fletcher Jr.,IND,TE,practice_squad,DEV,81,2003-12-04,75,252,Rutgers,0,2026,,,,
00-0033217,Mo Alie-Cox,IND,TE,active,ACT,81,1993-09-19,77,267,Virginia Commonwealth Univ.,9,2017,,,,2
00-0033439,Pharaoh Brown,IND,TE,practice_squad,DEV,49,1994-05-04,77,246,Oregon,9,2017,,,,
00-0040128,Tyler Warren,IND,TE,active,ACT,84,2002-05-24,78,256,Penn State,1,2025,1,14,IND,1
00-0038394,Will Mallory,IND,TE,ir,RES,86,1999-06-22,76,239,Miami,3,2023,5,162,IND,4
00-0037664,Alec Pierce,IND,WR,active,ACT,14,2000-05-02,75,213,Cincinnati,4,2022,2,53,IND,1
00-0039816,Anthony Gould,IND,WR,practice_squad,DEV,6,2001-04-06,68,172,Oregon State,2,2024,5,142,IND,
00-0035021,Ashton Dulin,IND,WR,active,ACT,16,1997-05-15,74,215,Malone,7,2019,,,,2
00-0040352,Coleman Owen,IND,WR,ir,RES,9,2001-03-23,70,191,Ohio; Northern Arizona,1,2025,,,,3
00-0035045,D.J. Montgomery,IND,WR,ir,RES,3,1996-11-17,73,201,Austin Peay; Holmes County JC,7,2019,,,,3
00-0041132,Deion Burks,IND,WR,active,ACT,80,2003-01-08,69,180,Oklahoma; Purdue,0,2026,7,254,IND,2
00-0038997,Josh Downs,IND,WR,active,ACT,2,2001-08-12,69,171,North Carolina,3,2023,3,79,IND,1
00-0030279,Keenan Allen,IND,WR,active,ACT,10,1992-04-27,74,211,California,13,2013,3,76,LAC,1
00-0032951,Laquon Treadwell,IND,WR,active,ACT,13,1995-06-14,74,215,Mississippi,10,2016,1,23,MIN,2
00-0036182,Nick Westbrook-Ikhine,IND,WR,practice_squad,DEV,12,1997-03-21,74,211,Indiana,6,2020,,,,
00-0040410,Eli Cox,JAX,C,practice_squad,DEV,66,2000-10-19,76,311,Kentucky,1,2025,,,,
00-0040227,Jonah Monheim,JAX,C,active,ACT,60,2002-06-07,77,310,USC,1,2025,7,221,JAX,2
00-0036985,Robert Hainsey,JAX,C,active,ACT,73,1998-08-12,76,306,Notre Dame,5,2021,3,95,TB,1
00-0035062,Sam Mustipher,JAX,C,ir,RES,69,1996-08-13,75,306,Notre Dame,7,2019,,,,3
00-0038616,Christian Braswell,JAX,CB,active,ACT,21,1999-09-27,71,185,Rutgers; Temple,3,2023,6,202,JAX,2
00-0040336,Jabbar Muhammad,JAX,CB,practice_squad,DEV,37,2001-12-28,70,185,Oregon; Washington; Oklahoma State,1,2025,,,,
00-0039353,Jarrian Jones,JAX,CB,active,ACT,4,2001-05-08,71,191,Florida State; Mississippi State,2,2024,3,96,JAX,2
00-0033928,Jourdan Lewis,JAX,CB,active,ACT,2,1995-08-31,70,190,Michigan,9,2017,3,92,DAL,1
00-0037313,Montaric Brown,JAX,CB,active,ACT,1,1999-08-24,72,190,Arkansas,4,2022,7,222,JAX,1
00-0040718,Travis Hunter,JAX,CB,active,ACT,12,2003-05-18,73,185,Colorado; Jackson State University,1,2025,1,2,JAX,1
00-0041045,Albert Regis,JAX,DT,active,ACT,98,2003-05-17,73,317,Texas A&M,0,2026,3,81,JAX,2
00-0032164,Arik Armstead,JAX,DT,active,ACT,91,1993-11-15,79,292,Oregon,11,2015,1,17,SF,1
00-0036262,DaVon Hamilton,JAX,DT,active,ACT,52,1997-02-01,76,335,Ohio State,6,2020,3,73,JAX,1
00-0034657,Matt Dickerson,JAX,DT,active,ACT,93,1995-11-09,77,300,UCLA,8,2018,,,,3
00-0039733,Ruke Orhorhoro,JAX,DT,active,ACT,99,2001-10-13,76,295,Clemson,2,2024,2,35,ATL,2
00-0041204,T.J. Bollers,JAX,DT,practice_squad,DEV,94,2002-11-19,74,305,California; Wisconsin,0,2026,,,,
00-0040329,BJ Green II,JAX,EDGE,active,ACT,95,2003-07-03,73,270,Colorado; Arizona State,1,2025,,,,3
00-0041218,Bryan Thomas Jr.,JAX,EDGE,active,INA,57,2004-06-28,74,235,South Carolina,0,2026,,,,4
00-0040342,Danny Striggow,JAX,EDGE,active,ACT,92,2002-07-24,77,255,Minnesota,1,2025,,,,3
00-0034473,Dennis Gardeck,JAX,EDGE,active,ACT,47,1994-08-09,72,232,Sioux Falls; West Virginia State,8,2018,,,,2
00-0035642,Josh Hines-Allen,JAX,EDGE,active,ACT,41,1997-07-13,77,255,Kentucky,7,2019,1,7,JAX,1
00-0037235,Travon Walker,JAX,EDGE,active,ACT,44,2000-12-18,77,275,Georgia,4,2022,1,1,JAX,1
00-0041059,Wesley Williams,JAX,EDGE,active,INA,90,2004-09-22,75,256,Duke,0,2026,4,119,JAX,2
00-0041122,Zach Durfee,JAX,EDGE,ir,RES,58,2001-10-05,77,258,Washington; Sioux Falls,0,2026,7,233,JAX,5
00-0039409,Cam Little,JAX,K,active,ACT,39,2003-08-17,73,172,Arkansas,2,2024,6,212,JAX,1
00-0040326,Branson Combs,JAX,LB,active,ACT,50,2000-07-14,75,227,Wake Forest,1,2025,,,,2
00-0034413,Foye Oluokun,JAX,LB,active,ACT,23,1995-08-02,74,230,Yale,8,2018,6,200,ATL,1
00-0040723,Jack Kiser,JAX,LB,practice_squad,DEV,54,2000-09-10,74,231,Notre Dame,1,2025,4,107,JAX,
00-0035240,Jahlani Tavai,JAX,LB,active,ACT,31,1996-09-28,74,255,Hawaii,7,2019,2,43,DET,2
00-0040209,Jalen McLeod,JAX,LB,practice_squad,DEV,35,2002-06-05,73,236,Auburn; Appalachian State,1,2025,6,194,JAX,
00-0040395,Jared Bartlett,JAX,LB,ir,RES,45,2001-04-01,74,237,Cincinnati; West Virginia,1,2025,,,,1
00-0041127,Parker Hughes,JAX,LB,ir,RES,53,2003-01-02,73,226,Middle Tennessee State,0,2026,7,240,JAX,3
00-0038570,Ventrell Miller,JAX,LB,active,ACT,51,1999-01-15,72,230,Florida,3,2023,4,121,JAX,1
00-0035827,Ross Matiscik,JAX,LS,active,ACT,46,1996-09-13,72,240,Baylor,6,2020,,,,1
00-0038118,Daniel Faalele,JAX,OG,active,INA,68,1999-11-09,80,380,Minnesota,4,2022,4,110,BAL,2
00-0041050,Emmanuel Pregnon,JAX,OG,active,ACT,75,2002-02-14,76,318,Oregon; USC; Wyoming,0,2026,3,88,JAX,1
00-0036327,Ezra Cleveland,JAX,OG,active,ACT,76,1998-05-08,78,310,Boise State,6,2020,2,58,MIN,1
00-0041208,Garrett DiGiorgio,JAX,OG,ir,RES,74,2003-04-03,79,319,UCLA,0,2026,,,,3
00-0035112,Patrick Mekari,JAX,OG,ir,RES,65,1997-08-13,76,308,California,7,2019,,,,4
00-0040146,Wyatt Milum,JAX,OG,active,ACT,64,2002-12-27,78,317,West Virginia,1,2025,3,89,JAX,3
00-0038934,Anton Harrison,JAX,OT,active,ACT,77,2002-02-02,77,315,Oklahoma,3,2023,1,27,JAX,1
00-0036655,Cole Van Lanen,JAX,OT,active,ACT,70,1998-04-23,76,312,Wisconsin,5,2021,6,214,GB,2
00-0034817,Geron Christian,JAX,OT,practice_squad,DEV,79,1996-09-10,77,315,Louisville,8,2018,3,74,WAS,
00-0038729,Kilian Zierer,JAX,OT,practice_squad,DEV,78,2000-02-24,79,312,Auburn,3,2023,,,,
00-0036975,Walker Little,JAX,OT,active,ACT,72,1999-04-01,79,325,Stanford,5,2021,2,45,JAX,1
00-0034437,Logan Cooke,JAX,P,active,ACT,9,1995-07-28,77,230,Mississippi State,8,2018,7,247,JAX,1
00-0039534,Carter Bradley,JAX,QB,ir,RES,10,2000-03-09,75,216,South Alabama; Toledo,2,2024,,,,3
00-0041203,Joey Aguilar,JAX,QB,practice_squad,DEV,17,2001-06-16,75,225,Tennessee; Appalachian State; Diablo Valley College,0,2026,,,,
00-0033319,Nick Mullens,JAX,QB,active,ACT,14,1995-03-21,73,210,Southern Mississippi,9,2017,,,,
00-0040234,Quinn Ewers,JAX,QB,active,INA,10,2003-03-15,74,210,Texas; Ohio State,1,2025,7,231,MIA,2
00-0036971,Trevor Lawrence,JAX,QB,active,ACT,16,1999-10-06,78,220,Clemson,5,2021,1,1,JAX,1
00-0032104,Ameer Abdullah,JAX,RB,active,ACT,20,1993-06-13,69,203,Nebraska,11,2015,2,54,DET,4
00-0040719,Bhayshul Tuten,JAX,RB,active,ACT,33,2002-02-14,69,206,Virginia Tech; North Carolina A&T,1,2025,4,104,JAX,1
00-0038611,Chris Rodriguez Jr.,JAX,RB,active,ACT,24,1999-09-26,71,224,Kentucky,3,2023,6,193,WAS,2
00-0041217,J'Mari Taylor,JAX,RB,practice_squad,DEV,30,2002-03-15,69,204,Virginia; North Carolina Central,0,2026,,,,
00-0040238,LeQuint Allen Jr.,JAX,RB,active,ACT,5,2004-08-05,72,201,Syracuse,1,2025,7,236,JAX,3
00-0038596,Antonio Johnson,JAX,S,active,ACT,6,2001-10-29,74,195,Texas A&M,3,2023,5,160,JAX,1
00-0040145,Caleb Ransaw,JAX,S,active,ACT,27,2002-12-22,72,196,Tulane; Troy,1,2025,3,88,JAX,2
00-0040339,Cam'Ron Silmon-Craig,JAX,S,practice_squad,DEV,42,2002-10-30,70,185,Colorado; Jackson State University,1,2025,,,,
00-0033038,Eric Murray,JAX,S,active,ACT,29,1994-01-07,71,199,Minnesota,10,2016,4,106,KC,1
00-0041055,Jalen Huskey,JAX,S,active,INA,22,2004-04-22,74,201,Maryland; Bowling Green,0,2026,3,100,JAX,3
00-0038823,Kaevon Merriweather,JAX,S,practice_squad,DEV,26,1999-12-20,72,207,Iowa,3,2023,,,,
00-0040213,Rayuan Lane III,JAX,S,active,ACT,25,2003-07-21,71,197,Navy,1,2025,6,200,JAX,2
00-0038935,Brenton Strange,JAX,TE,active,ACT,85,2000-12-27,76,253,Penn State,3,2023,2,61,JAX,1
00-0039489,Hayden Rucci,JAX,TE,practice_squad,DEV,83,2001-01-27,77,247,Wisconsin,2,2024,,,,
00-0041503,Nate Boerkircher,JAX,TE,active,ACT,87,2001-09-04,77,250,Texas A&M; Nebraska,0,2026,2,56,JAX,2
00-0036590,Quintin Morris,JAX,TE,active,ACT,80,1999-01-21,74,243,Bowling Green,5,2021,,,,4
00-0041084,Tanner Koziol,JAX,TE,active,INA,88,2004-01-28,79,247,Houston; Ball State,0,2026,5,164,JAX,3
00-0036841,Austin Trammell,JAX,WR,practice_squad,DEV,81,1998-07-04,70,185,Rice,5,2021,,,,
00-0039893,Brian Thomas Jr.,JAX,WR,active,ACT,7,2002-10-08,74,209,LSU,2,2024,1,23,JAX,1
00-0041106,C.J. Williams,JAX,WR,active,ACT,18,2002-10-23,73,205,Stanford; Wisconsin,0,2026,6,203,JAX,2
00-0034960,Jakobi Meyers,JAX,WR,active,ACT,3,1996-11-09,74,200,N.C. State,7,2019,,,,1
00-0041100,Josh Cameron,JAX,WR,active,ACT,19,2003-03-18,73,224,Baylor,0,2026,6,191,JAX,2
00-0041220,Michael Wortham,JAX,WR,practice_squad,DEV,0,2002-06-27,69,190,Montana; Eastern Washington,0,2026,,,,
00-0038606,Parker Washington,JAX,WR,active,ACT,11,2002-03-21,70,204,Penn State,3,2023,6,185,JAX,1
00-0036497,Tim Jones,JAX,WR,practice_squad,DEV,13,1998-05-15,73,202,Southern Mississippi,5,2021,,,,
00-0041216,Trebor Pena,JAX,WR,practice_squad,DEV,86,2002-02-21,70,187,Penn State; Syracuse,0,2026,,,,
00-0036623,Creed Humphrey,KC,C,active,ACT,52,1999-06-28,76,302,Oklahoma,5,2021,2,63,KC,1
00-0039827,Hunter Nourzad,KC,C,active,ACT,64,2000-11-26,75,320,Penn State; Cornell,2,2024,5,159,KC,2
00-0040958,Pete Nygra,KC,C,practice_squad,DEV,50,2002-08-29,76,300,Louisville; Northern Illinois,0,2026,,,,
00-0039324,Christian Roland-Wallace,KC,CB,active,ACT,30,2001-11-23,71,200,USC; Arizona,2,2024,,,,2
00-0040961,D'Arco Perkins-McAllister,KC,CB,practice_squad,DEV,46,2002-09-11,73,195,Louisiana-Monroe,0,2026,,,,
00-0041497,Jadon Canady,KC,CB,active,ACT,22,2003-05-01,70,185,Oregon; Mississippi; Tulane,0,2026,4,109,KC,1
00-0037353,Kader Kohou,KC,CB,practice_squad,DEV,26,1998-11-28,70,197,East Texas A&M,4,2022,,,,
00-0036416,Kristian Fulton,KC,CB,active,ACT,8,1998-09-03,71,200,LSU,6,2020,2,61,TEN,2
00-0036374,L'Jarius Sneed,KC,CB,active,ACT,38,1997-01-21,73,193,Louisiana Tech,6,2020,4,138,KC,1
00-0041543,Mansoor Delane,KC,CB,active,ACT,5,2003-12-15,72,187,LSU; Virginia Tech,0,2026,1,6,KC,1
00-0040670,Nohl Williams,KC,CB,active,ACT,20,2002-09-23,73,199,California,1,2025,3,85,KC,2
00-0041358,Bryson Eason,KC,DT,active,INA,94,2002-01-21,74,323,Tennessee,0,2026,,,,3
00-0032762,Chris Jones,KC,DT,active,ACT,95,1994-07-03,78,308,Mississippi State,10,2016,2,37,KC,1
00-0036909,Khyiris Tonga,KC,DT,active,ACT,92,1996-07-07,74,335,BYU,5,2021,7,250,CHI,1
00-0039433,Marcus Harris,KC,DT,active,ACT,96,2000-09-27,75,295,Auburn; Kansas,2,2024,7,247,HOU,
00-0040748,Omarr Norman-Lott,KC,DT,ir,RES,55,2002-03-11,75,315,Tennessee; Arizona State,1,2025,2,63,KC,2
00-0041545,Peter Woods,KC,DT,active,ACT,99,2005-03-05,75,310,Clemson,0,2026,1,29,KC,2
00-0040640,Ashton Gillotte,KC,EDGE,active,ACT,97,2002-10-30,75,270,Louisville,1,2025,3,66,KC,2
00-0040118,Cooper McDonald,KC,EDGE,active,ACT,44,2001-08-07,75,240,TCU; San Diego State,1,2025,,,,3
00-0033073,Emmanuel Ogbah,KC,EDGE,practice_squad,DEV,90,1993-11-06,76,275,Oklahoma State,10,2016,2,32,CLE,
00-0040328,Ethan Downs,KC,EDGE,ir,RES,40,2002-10-13,76,263,Oklahoma,1,2025,,,,3
00-0039006,Felix Anudike-Uzomah,KC,EDGE,active,ACT,91,2002-01-24,76,255,Kansas State,3,2023,1,31,KC,1
00-0037192,George Karlaftis,KC,EDGE,active,ACT,56,2001-04-03,76,263,Purdue,4,2022,1,30,KC,1
00-0041256,Jack Pyburn,KC,EDGE,active,INA,54,2003-09-03,76,258,LSU; Florida,0,2026,,,,4
00-0041501,R Mason Thomas,KC,EDGE,active,ACT,51,2004-08-25,74,249,Oklahoma,0,2026,2,40,KC,2
00-0037080,Tyreke Smith,KC,EDGE,practice_squad,DEV,57,2000-02-14,75,255,Ohio State,4,2022,5,158,SEA,
00-0038489,Ben VanSumeren,KC,FB,active,ACT,47,2000-05-05,74,231,Michigan State; Michigan,3,2023,,,,
00-0033303,Harrison Butker,KC,K,active,ACT,7,1995-07-14,76,205,Georgia Tech,9,2017,7,233,CAR,1
00-0038513,Cam Jones,KC,LB,practice_squad,DEV,45,1999-10-21,74,228,Indiana,3,2023,,,,
00-0035900,Cole Christiansen,KC,LB,practice_squad,DEV,48,1997-07-30,73,230,Army,6,2020,,,,
00-0035262,Drue Tranquill,KC,LB,active,ACT,23,1995-08-15,74,234,Notre Dame,7,2019,4,130,LAC,1
00-0037208,Jack Cochrane,KC,LB,active,ACT,43,1999-02-09,75,236,South Dakota,4,2022,,,,2
00-0040072,Jeffrey Bassa,KC,LB,active,ACT,31,2002-09-20,74,235,Oregon,1,2025,5,156,KC,1
00-0036621,Nick Bolton,KC,LB,active,ACT,32,2000-03-10,71,237,Missouri,5,2021,2,58,KC,1
00-0030615,James Winchester,KC,LS,active,ACT,41,1989-08-06,75,240,Oklahoma,13,2013,,,,1
00-0039833,C.J. Hanson,KC,OG,ir,RES,61,2001-03-03,77,305,Holy Cross,2,2024,7,248,KC,
00-0037807,Joshua Ezeudu,KC,OG,active,ACT,73,1999-09-19,76,310,North Carolina,4,2022,3,67,NYG,3
00-0039844,Kingsley Suamataia,KC,OG,active,ACT,76,2003-01-18,76,325,BYU; Oregon,2,2024,2,63,KC,1
00-0037266,Matt Waletzko,KC,OG,ir,RES,73,1999-12-15,80,305,North Dakota,4,2022,5,155,DAL,3
00-0037207,Mike Caliendo,KC,OG,active,ACT,66,1997-10-21,76,300,Western Michigan,4,2022,,,,2
00-0036660,Trey Smith,KC,OG,active,ACT,65,1999-06-16,78,321,Tennessee,5,2021,6,226,KC,1
00-0040987,Diego Pounds,KC,OT,active,INA,61,2002-12-12,78,335,Mississippi; North Carolina,0,2026,,,,3
00-0039317,Ethan Driskell,KC,OT,practice_squad,DEV,75,2000-06-29,80,313,Marshall,2,2024,,,,
00-0036557,Jaylon Moore,KC,OT,active,ACT,77,1998-01-09,76,311,Western Michigan,5,2021,5,155,SF,2
00-0040116,Josh Simmons,KC,OT,active,INA,71,2002-12-26,77,310,Ohio State; San Diego State,1,2025,1,32,KC,1
00-0041019,Kahlil Benson,KC,OT,active,ACT,70,2002-08-30,78,319,Indiana; Colorado,0,2026,,,,1
00-0037284,Matt Araiza,KC,P,active,ACT,14,2000-05-16,74,200,San Diego State,4,2022,6,180,BUF,1
00-0037324,Chris Oladokun,KC,QB,ir,RES,19,1997-09-03,73,195,South Dakota State,4,2022,7,241,PIT,
00-0040906,Garrett Nussmeier,KC,QB,active,INA,19,2002-02-06,73,203,LSU,0,2026,7,249,KC,3
00-0036945,Justin Fields,KC,QB,active,ACT,6,1999-03-05,75,227,Ohio State,5,2021,1,11,CHI,2
00-0033873,Patrick Mahomes,KC,QB,active,ACT,15,1995-09-17,74,225,Texas Tech,9,2017,1,10,KC,1
00-0040078,Brashard Smith,KC,RB,active,ACT,24,2003-04-11,70,196,SMU; Miami,1,2025,7,228,KC,3
00-0040964,EJ Smith,KC,RB,ir,RES,35,,,215,,0,2026,,,,
00-0041013,Emmett Johnson,KC,RB,active,ACT,10,2003-10-10,70,202,Nebraska,0,2026,5,161,KC,2
00-0040959,Jaydn Ott,KC,RB,practice_squad,DEV,39,2002-12-16,71,208,Oklahoma; California,0,2026,,,,
00-0038134,Kenneth Walker III,KC,RB,active,ACT,9,2000-10-20,69,210,Michigan State; Wake Forest,4,2022,2,41,SEA,1
00-0040547,Nate Carter,KC,RB,practice_squad,DEV,35,2002-05-22,70,202,Michigan State; Connecticut,1,2025,,,,
00-0036380,Alohi Gilman,KC,S,active,ACT,17,1997-09-17,70,202,Notre Dame,6,2020,6,186,LAC,1
00-0038982,Chamarri Conner,KC,S,active,INA,27,2000-07-11,72,202,Virginia Tech,3,2023,4,119,KC,1
00-0040963,DeShon Singleton,KC,S,practice_squad,DEV,25,2003-02-04,75,210,Nebraska; Hutchinson CC,0,2026,,,,
00-0039825,Jaden Hicks,KC,S,active,ACT,21,2002-08-16,73,212,Washington State,2,2024,4,133,KC,2
00-0038717,Tanner McCalister,KC,S,practice_squad,DEV,34,2000-01-27,71,191,Ohio State; Oklahoma State,3,2023,,,,
00-0040957,Xavier Nwankpa,KC,S,active,ACT,29,2003-12-08,74,213,Iowa,0,2026,,,,2
00-0040081,Jake Briningstool,KC,TE,active,ACT,88,2002-12-09,78,240,Clemson,1,2025,,,,4
00-0039824,Jared Wiley,KC,TE,active,INA,12,2000-11-02,78,249,TCU; Texas,2,2024,4,131,KC,3
00-0040955,John Michael Gyllenborg,KC,TE,ir,RES,84,2002-08-07,77,249,Wyoming,0,2026,,,,5
00-0036637,Noah Gray,KC,TE,active,ACT,83,1999-04-30,75,240,Duke,5,2021,5,162,KC,2
00-0030506,Travis Kelce,KC,TE,active,ACT,87,1989-10-05,77,250,Cincinnati,13,2013,3,63,KC,1
00-0040298,Andrew Armstrong,KC,WR,practice_squad,DEV,85,2000-10-31,76,210,Arkansas; East Texas A&M,1,2025,,,,
00-0040890,Cyrus Allen,KC,WR,active,ACT,13,2003-02-11,71,180,Cincinnati; Texas A&M; Louisiana Tech,0,2026,5,176,KC,2
00-0040646,Jalen Royals,KC,WR,active,ACT,11,2003-02-18,72,195,Utah State,1,2025,4,133,KC,2
00-0040953,Jeff Caldwell,KC,WR,ir,RES,8,2003-03-02,77,216,Cincinnati; Lindenwood,0,2026,,,,3
00-0040120,Jimmy Holiday,KC,WR,ir,RES,82,2001-12-16,73,211,Louisiana Tech; Western Kentucky; Tennessee,1,2025,,,,3
00-0038519,Nikko Remigio,KC,WR,active,ACT,81,1999-11-04,69,185,Fresno State,3,2023,,,,2
00-0040954,Omari Evans,KC,WR,practice_squad,DEV,80,2003-12-31,72,192,Washington,0,2026,,,,
00-0039067,Rashee Rice,KC,WR,active,ACT,4,2000-04-22,73,203,SMU,3,2023,2,55,KC,1
00-0038104,Tyquan Thornton,KC,WR,active,ACT,2,2000-08-07,74,185,Baylor,4,2022,2,50,NE,1
00-0039894,Xavier Worthy,KC,WR,active,ACT,1,2003-04-27,71,165,Texas,2,2024,1,28,KC,1
00-0034114,Coleman Shelton,LA,C,active,ACT,65,1995-07-28,77,292,Washington,8,2018,,,,1
00-0039830,Dylan McMahon,LA,C,active,ACT,63,2001-01-22,75,290,N.C. State,2,2024,6,190,PHI,2
00-0039780,Cam Lampkin,LA,CB,practice_squad,DEV,21,2001-07-31,71,173,Washington State; Utah State,2,2024,,,,
00-0039151,Emmanuel Forbes,LA,CB,active,ACT,1,2001-01-13,72,173,Mississippi State,3,2023,1,16,WAS,2
00-0037195,Jaylen Watson,LA,CB,active,ACT,35,1998-09-17,74,197,Washington State; Ventura,4,2022,7,243,KC,1
00-0039772,Josh Wallace,LA,CB,active,ACT,30,2000-07-05,72,190,Michigan; UMass Amherst,2,2024,,,,2
00-0041416,Nyzier Fourqurean,LA,CB,practice_squad,DEV,25,2002-01-01,73,190,Wisconsin,0,2026,,,,
00-0037841,Quentin Lake,LA,CB,active,ACT,37,1999-01-29,73,205,UCLA,4,2022,6,211,LA,1
00-0037191,Trent McDuffie,LA,CB,active,ACT,22,2000-09-13,71,195,Washington,4,2022,1,21,KC,1
00-0036917,Zech McPhearson,LA,CB,ir,RES,41,1998-03-21,71,195,Texas Tech; Penn State,5,2021,4,123,PHI,
00-0040595,Bill Norton,LA,DT,practice_squad,DEV,93,2000-07-07,78,335,Texas; Arizona; Georgia,1,2025,,,,
00-0039734,Braden Fiske,LA,DT,active,ACT,55,2000-01-18,77,294,Florida State; Western Michigan,2,2024,2,39,LA,2
00-0039138,Kobie Turner,LA,DT,active,ACT,91,1999-04-26,74,290,Wake Forest,3,2023,3,89,LA,1
00-0036237,Larrell Murchison,LA,DT,practice_squad,DEV,52,1997-04-24,74,297,N.C. State; Louisburg,6,2020,5,174,TEN,
00-0034234,Poona Ford,LA,DT,active,ACT,97,1995-11-19,71,314,Texas,8,2018,,,,1
00-0040585,Ty Hamilton,LA,DT,active,ACT,57,2002-04-15,75,301,Ohio State,1,2025,5,148,LA,2
00-0039749,Tyler Davis,LA,DT,active,ACT,90,2000-11-01,74,306,Clemson,2,2024,6,196,LA,2
00-0039137,Byron Young,LA,EDGE,active,ACT,0,1998-03-13,74,260,Tennessee,3,2023,3,77,LA,1
00-0041587,Daniel Rickert,LA,EDGE,ir,RES,40,2002-03-12,74,232,Virginia; Tennessee Technological Univ,0,2026,,,,
00-0041421,Darryl Peterson III,LA,EDGE,practice_squad,DEV,59,2003-09-16,73,260,Wisconsin,0,2026,,,,
00-0039061,Desjuan Johnson,LA,EDGE,active,ACT,94,1999-09-02,75,275,Toledo,3,2023,7,259,LA,2
00-0041429,Eddie Walls III,LA,EDGE,ir,RES,51,2002-08-07,76,250,Houston; Florida International,0,2026,,,,4
00-0039944,Jamie Sheriff,LA,EDGE,practice_squad,DEV,54,2000-08-18,73,265,South Alabama; Mississippi Gulf Coast CC,2,2024,,,,
00-0040580,Josaiah Stewart,LA,EDGE,active,ACT,10,2003-04-26,73,251,Michigan; Coastal Carolina,1,2025,3,90,LA,2
00-0037057,Keir Thomas,LA,EDGE,ir,RES,11,1998-01-25,74,260,Florida State,4,2022,,,,3
00-0033868,Myles Garrett,LA,EDGE,active,ACT,95,1995-12-29,76,272,Texas A&M,9,2017,1,1,CLE,1
00-0041404,Wesley Bailey,LA,EDGE,active,ACT,47,2001-04-26,77,265,Louisville; Rutgers,0,2026,,,,3
00-0039498,Harrison Mevis,LA,K,active,ACT,92,2002-03-27,72,243,Missouri,2,2024,,,,1
00-0039775,Elias Neal,LA,LB,practice_squad,DEV,58,2001-09-11,72,226,Marshall,2,2024,,,,
00-0036672,Grant Stuard,LA,LB,active,ACT,44,1998-10-15,71,230,Houston,5,2021,7,259,TB,2
00-0037587,Nate Landman,LA,LB,active,ACT,53,1998-11-19,75,230,Colorado,4,2022,,,,1
00-0039774,Omar Speights,LA,LB,active,ACT,48,2001-03-02,73,235,LSU; Oregon State,2,2024,,,,1
00-0040613,Shaun Dolac,LA,LB,active,ACT,56,2001-09-14,73,225,Buffalo,1,2025,,,,2
00-0032228,Joe Cardona,LA,LS,active,ACT,49,1992-04-16,74,245,Navy,11,2015,5,166,NE,1
00-0039753,Beaux Limmer,LA,OG,active,ACT,50,2001-06-10,77,318,Arkansas,2,2024,6,217,LA,2
00-0036093,Bill Murray,LA,OG,active,INA,66,1997-07-03,76,265,William & Mary,6,2020,,,,3
00-0035355,Blake Hance,LA,OG,practice_squad,DEV,72,1996-01-11,77,310,Northwestern,7,2019,,,,
00-0039784,Justin Dedich,LA,OG,ir,RES,67,2000-04-21,74,295,USC,2,2024,,,,2
00-0036339,Kevin Dotson,LA,OG,active,ACT,69,1996-09-18,76,328,Louisiana-Lafayette,6,2020,4,135,PIT,1
00-0039058,Steve Avila,LA,OG,active,ACT,73,1999-10-16,75,330,TCU,3,2023,2,36,LA,1
00-0036603,Alaric Jackson,LA,OT,active,ACT,77,1998-07-14,79,338,Iowa,5,2021,,,,1
00-0041425,Austin Blaske,LA,OT,practice_squad,DEV,64,2001-11-29,77,310,North Carolina; Georgia,0,2026,,,,
00-0030097,David Quessenberry,LA,OT,active,ACT,68,1990-08-24,77,310,San Jose State,13,2013,6,176,HOU,2
00-0041394,Keagen Trost,LA,OT,ir,RES,79,2001-04-15,76,311,Missouri; Wake Forest,0,2026,3,93,LA,2
00-0039077,Warren McClendon Jr.,LA,OT,active,ACT,71,2001-04-11,76,315,Georgia,3,2023,5,174,LA,1
00-0039059,Ethan Evans,LA,P,active,ACT,42,2001-07-19,75,253,Wingate,3,2023,7,223,LA,1
00-0041560,Jack Bouwmeester,LA,P,practice_squad,DEV,14,1999-05-07,74,205,Texas; Utah; Michigan State,0,2026,,,,
00-0041414,Matthew Caldwell,LA,QB,ir,RES,16,2003-05-23,76,209,Texas; Troy; Gardner-Webb; Jacksonville State,0,2026,,,,4
00-0026498,Matthew Stafford,LA,QB,active,ACT,9,1988-02-07,75,214,Georgia,17,2009,1,1,DET,1
00-0039107,Stetson Bennett,LA,QB,active,ACT,13,1997-10-28,71,190,Georgia; Jones County JC,3,2023,4,128,LA,2
00-0041568,Ty Simpson,LA,QB,active,INA,15,2002-12-21,73,211,Alabama,0,2026,1,13,LA,3
00-0039738,Blake Corum,LA,RB,active,ACT,24,2000-11-25,68,202,Michigan,2,2024,3,83,LA,2
00-0041415,Dean Connors,LA,RB,practice_squad,DEV,33,2003-08-29,71,206,Houston; Rice; Riverside Community College,0,2026,,,,
00-0040601,Jordan Waters,LA,RB,practice_squad,DEV,32,2000-12-18,72,219,N.C. State; Duke,1,2025,,,,
00-0037840,Kyren Williams,LA,RB,active,ACT,23,2000-08-26,69,207,Notre Dame,4,2022,5,164,LA,1
00-0037557,Ronnie Rivers,LA,RB,active,ACT,20,1999-01-31,69,198,Fresno State,4,2022,,,,3
00-0039776,Jaylen McCollough,LA,S,active,ACT,2,2000-10-12,72,211,Tennessee,2,2024,,,,2
00-0036349,Kam Curl,LA,S,active,ACT,3,1999-03-03,74,207,Arkansas,6,2020,7,216,WAS,1
00-0039834,Kamren Kinchens,LA,S,active,ACT,5,2002-09-29,72,201,Miami,2,2024,3,99,LA,1
00-0041413,Nick Andersen,LA,S,practice_squad,DEV,45,2002-01-28,71,197,Wake Forest,0,2026,,,,
00-0038366,Tanner Ingle,LA,S,active,ACT,34,1999-10-29,68,179,N.C. State,3,2023,,,,
00-0036244,Colby Parkinson,LA,TE,active,ACT,84,1999-01-07,79,266,Stanford,6,2020,4,133,SEA,1
00-0041422,Dan Villari,LA,TE,practice_squad,DEV,83,2002-06-29,76,243,Syracuse; Michigan,0,2026,,,,
00-0039074,Davis Allen,LA,TE,active,ACT,87,2001-02-03,78,250,Clemson,3,2023,5,175,LA,5
00-0041510,Max Klare,LA,TE,active,INA,86,2003-07-08,76,246,Ohio State; Purdue,0,2026,2,61,LA,4
00-0040737,Terrance Ferguson,LA,TE,active,ACT,18,2003-03-07,77,255,Oregon,1,2025,2,46,LA,3
00-0033110,Tyler Higbee,LA,TE,active,ACT,89,1993-01-01,78,253,Western Kentucky,10,2016,4,110,LA,2
00-0035602,Alex Bachman,LA,WR,practice_squad,DEV,11,1996-05-29,72,190,Wake Forest,7,2019,,,,
00-0040597,Brennan Presley,LA,WR,practice_squad,DEV,81,2002-02-02,68,174,Oklahoma State,1,2025,,,,
00-0041399,CJ Daniels,LA,WR,active,INA,6,2002-01-04,74,202,Miami; LSU; Liberty,0,2026,6,197,LA,3
00-0031381,Davante Adams,LA,WR,active,ACT,17,1992-12-24,73,204,Fresno State,12,2014,2,53,GB,1
00-0039751,Jordan Whittington,LA,WR,active,ACT,88,2000-10-01,73,204,Texas,2,2024,6,213,LA,1
00-0040590,Konata Mumpfield,LA,WR,active,ACT,4,2002-10-24,73,185,Pittsburgh; Akron,1,2025,7,242,LA,2
00-0039075,Puka Nacua,LA,WR,active,ACT,12,2001-05-29,74,216,BYU; Washington,3,2023,5,177,LA,1
00-0036849,Tutu Atwell,LA,WR,active,INA,8,1999-10-07,69,165,Louisville,5,2021,2,57,LA,2
00-0038359,Xavier Smith,LA,WR,active,ACT,19,1997-09-21,69,180,Florida A&M,3,2023,,,,2
00-0041383,Jacob Spomer,LAC,C,active,ACT,60,2001-01-24,75,290,Fresno State; Diablo Valley College,0,2026,,,,2
00-0041392,Jake Slaughter,LAC,C,active,ACT,66,2002-12-19,76,308,Florida,0,2026,2,63,LAC,1
00-0040467,Josh Kaltenberger,LAC,C,practice_squad,DEV,68,2001-08-10,78,308,Maryland; Purdue,1,2025,,,,
00-0036376,Tyler Biadasz,LAC,C,ir,RES,63,1997-11-20,76,320,Wisconsin,6,2020,4,146,DAL,3
00-0039369,Cam Hart,LAC,CB,active,ACT,20,2000-12-05,74,205,Notre Dame,2,2024,5,140,LAC,1
00-0037320,Deane Leonard,LAC,CB,active,INA,33,1999-11-20,72,195,Mississippi,4,2022,7,236,LAC,2
00-0034356,Donte Jackson,LAC,CB,active,ACT,26,1995-11-08,70,180,LSU,8,2018,2,55,CAR,1
00-0040065,Isas Waxter,LAC,CB,practice_squad,DEV,37,2001-09-17,73,209,Villanova,1,2025,,,,
00-0037242,Kaiir Elam,LAC,CB,practice_squad,DEV,29,2001-05-05,73,191,Florida,4,2022,1,23,BUF,
00-0040471,Nikko Reed,LAC,CB,practice_squad,DEV,46,2003-03-03,70,180,Oregon; Colorado,1,2025,,,,
00-0041381,Rodney Shelley,LAC,CB,active,ACT,24,2002-08-14,71,180,Georgia Tech,0,2026,,,,2
00-0039366,Tarheeb Still,LAC,CB,active,ACT,4,2002-06-09,73,196,Maryland,2,2024,5,137,LAC,1
00-0033546,Dalvin Tomlinson,LAC,DT,active,ACT,94,1994-02-18,75,317,Alabama,9,2017,2,55,NYG,1
00-0040144,Jamaree Caldwell,LAC,DT,active,ACT,99,2000-08-30,73,340,Oregon; Houston; Independence Comm. College,1,2025,3,86,LAC,1
00-0039743,Jordan Jefferson,LAC,DT,practice_squad,DEV,95,2001-09-24,76,317,LSU,2,2024,4,116,JAX,
00-0039835,Justin Eboigbe,LAC,DT,active,ACT,92,2001-04-09,77,292,Alabama,2,2024,4,105,LAC,2
00-0041072,Nick Barrett,LAC,DT,active,ACT,91,2003-07-28,75,327,South Carolina,0,2026,5,145,LAC,2
00-0036181,Teair Tart,LAC,DT,active,ACT,93,1997-02-28,74,315,Florida International,6,2020,,,,1
00-0041386,Terry Webb,LAC,DT,practice_squad,DEV,64,2003-01-08,75,313,SMU; Texas State-San Marcos; Kilgore,0,2026,,,,
00-0041544,Akheem Mesidor,LAC,EDGE,active,ACT,90,2001-04-05,75,280,Miami; West Virginia,0,2026,1,22,LAC,2
00-0038801,Andre Carter II,LAC,EDGE,practice_squad,DEV,51,2000-03-28,78,256,Army,3,2023,,,,
00-0032146,Bud Dupree,LAC,EDGE,active,ACT,48,1993-02-12,76,269,Kentucky,11,2015,1,22,PIT,2
00-0038851,Caleb Murphy,LAC,EDGE,practice_squad,DEV,50,1999-12-15,75,254,Ferris State; Grand Valley,3,2023,,,,
00-0039346,Junior Colson,LAC,EDGE,practice_squad,DEV,25,2002-12-06,75,247,Michigan,2,2024,3,69,LAC,
00-0031040,Khalil Mack,LAC,EDGE,active,ACT,52,1991-02-22,75,269,Buffalo,12,2014,1,5,LV,1
00-0040161,Kyle Kennard,LAC,EDGE,ir,RES,54,2001-12-12,77,254,South Carolina,1,2025,4,125,LAC,
00-0039111,Tuli Tuipulotu,LAC,EDGE,active,ACT,45,2002-09-03,75,266,USC,3,2023,2,54,LAC,1
00-0035125,Alec Ingold,LAC,FB,active,ACT,30,1996-07-09,73,242,Wisconsin,7,2019,,,,1
00-0038614,Scott Matlock,LAC,FB,ir,RES,44,2000-06-28,76,296,Boise State,3,2023,6,200,LAC,2
00-0037224,Cameron Dicker,LAC,K,active,ACT,11,2000-05-06,73,216,Texas,4,2022,,,,1
00-0038553,Daiyan Henley,LAC,LB,active,ACT,0,1999-11-18,73,225,Washington State; Nevada,3,2023,3,85,LAC,1
00-0035202,Del'Shawn Phillips,LAC,LB,active,ACT,53,1996-10-09,74,230,Illinois,7,2019,,,,2
00-0032103,Denzel Perryman,LAC,LB,ir,RES,6,1992-12-05,71,240,Miami,11,2015,2,48,LAC,3
00-0041372,Lander Barton,LAC,LB,practice_squad,DEV,57,2003-12-30,77,240,Utah,0,2026,,,,
00-0040460,Marlowe Wax,LAC,LB,active,ACT,58,2002-12-13,73,236,Syracuse,1,2025,,,,2
00-0036338,Troy Dye,LAC,LB,active,ACT,43,1996-09-18,75,225,Oregon,6,2020,4,132,MIN,1
00-0028845,Josh Harris,LAC,LS,active,ACT,47,1989-04-27,73,224,Auburn,14,2012,,,,1
00-0041107,Alex Harkey,LAC,OG,active,INA,73,2001-07-22,78,327,Oregon; Texas State-San Marcos; Colorado; Tyler JC,0,2026,6,206,LAC,3
00-0038103,Cole Strange,LAC,OG,active,ACT,69,1998-07-31,77,301,Tennessee-Chattanooga,4,2022,1,29,NE,1
00-0036736,Kayode Awosika,LAC,OG,active,ACT,74,1998-10-27,75,312,Buffalo,5,2021,,,,1
00-0037241,Trevor Penning,LAC,OG,active,INA,75,1999-05-15,79,325,Northern Iowa,4,2022,1,19,NO,2
00-0035688,Trey Pipkins,LAC,OG,active,ACT,79,1996-09-05,78,307,Sioux Falls,7,2019,3,91,LAC,2
00-0040212,Branson Taylor,LAC,OT,ir,RES,71,2002-02-13,78,330,Pittsburgh,1,2025,6,199,LAC,4
00-0041387,Isaiah World,LAC,OT,ir,RES,67,2003-12-16,80,318,Oregon; Nevada,0,2026,,,,5
00-0039897,Joe Alt,LAC,OT,active,ACT,76,2003-02-28,80,322,Notre Dame,2,2024,1,5,LAC,1
00-0039932,Laekin Vakalahi,LAC,OT,practice_squad,DEV,78,2003-01-28,77,327,,2,2024,,,,
00-0041105,Logan Taylor,LAC,OT,active,INA,65,2002-02-07,79,314,Boston College; Virginia,0,2026,6,202,LAC,3
00-0037009,Rashawn Slater,LAC,OT,active,ACT,70,1999-03-26,76,315,Northwestern,5,2021,1,13,LAC,1
00-0041058,Travis Burke,LAC,OT,active,ACT,77,2003-01-06,81,315,Memphis; Florida International; Gardner-Webb,0,2026,4,117,LAC,2
00-0034162,J.K. Scott,LAC,P,active,ACT,16,1995-10-30,77,208,Alabama,8,2018,5,172,GB,1
00-0040464,DJ Uiagalelei,LAC,QB,practice_squad,DEV,7,2001-04-17,76,252,Florida State; Oregon State; Clemson,1,2025,,,,
00-0036355,Justin Herbert,LAC,QB,active,ACT,10,1998-03-10,78,237,Oregon,6,2020,1,6,LAC,1
00-0037012,Trey Lance,LAC,QB,active,ACT,5,2000-05-09,76,226,North Dakota State,5,2021,1,3,SF,2
00-0040039,Amar Johnson,LAC,RB,practice_squad,DEV,35,2003-01-31,70,205,South Dakota State,1,2025,,,,
00-0041376,Gregory Desrosiers,LAC,RB,practice_squad,DEV,31,2001-03-27,71,200,Memphis; UMass Amherst; Louisville,0,2026,,,,
00-0038454,Keaton Mitchell,LAC,RB,active,ACT,34,2002-01-17,68,190,East Carolina,3,2023,,,,2
00-0039391,Kimani Vidal,LAC,RB,active,ACT,28,2001-08-28,68,215,Troy,2,2024,6,181,LAC,3
00-0040666,Omarion Hampton,LAC,RB,active,ACT,8,2003-03-16,72,220,North Carolina,1,2025,1,22,LAC,1
00-0034790,Derwin James,LAC,S,active,ACT,3,1996-08-03,74,215,Florida State,8,2018,1,17,LAC,1
00-0036992,Elijah Molden,LAC,S,active,ACT,2,1999-01-30,70,190,Washington,5,2021,3,100,TEN,1
00-0041064,Genesis Smith,LAC,S,active,ACT,22,2004-11-05,74,202,Arizona,0,2026,4,131,LAC,2
00-0038414,Kendall Williamson,LAC,S,active,ACT,32,2000-08-24,72,203,Stanford,3,2023,7,258,CHI,4
00-0040221,R.J. Mickens,LAC,S,active,INA,27,2001-07-10,72,210,Clemson,1,2025,6,214,LAC,3
00-0030294,Tony Jefferson,LAC,S,active,ACT,23,1992-01-27,71,212,Oklahoma,13,2013,,,,2
00-0038046,Charlie Kolar,LAC,TE,active,ACT,88,1999-02-10,78,250,Iowa State,4,2022,4,128,BAL,1
00-0033885,David Njoku,LAC,TE,active,ACT,83,1996-07-10,76,246,Miami,9,2017,1,29,CLE,2
00-0041384,Evan Svoboda,LAC,TE,practice_squad,DEV,49,2003-03-31,77,251,Wyoming; Snow,0,2026,,,,
00-0040189,Oronde Gadsden II,LAC,TE,active,ACT,86,2003-06-25,77,236,Syracuse,1,2025,5,165,LAC,3
00-0040331,Patrick Herbert,LAC,TE,practice_squad,DEV,81,2000-10-18,77,255,Oregon,1,2025,,,,
00-0041550,Brenen Thompson,LAC,WR,active,ACT,89,2003-07-25,69,170,Mississippi State; Texas,0,2026,4,105,LAC,2
00-0038573,Derius Davis,LAC,WR,active,ACT,12,2000-09-11,68,165,TCU,3,2023,4,125,LAC,2
00-0035589,Gary Jennings,LAC,WR,practice_squad,DEV,87,1997-03-07,73,215,West Virginia,7,2019,4,120,SEA,
00-0040184,KeAndre Lambert-Smith,LAC,WR,active,ACT,84,2001-10-16,73,185,Auburn; Penn State,1,2025,5,158,LAC,2
00-0039915,Ladd McConkey,LAC,WR,active,ACT,15,2001-11-11,72,185,Georgia,2,2024,2,34,LAC,1
00-0038544,Quentin Johnston,LAC,WR,active,ACT,1,2001-09-06,74,208,TCU,3,2023,1,21,LAC,1
00-0041374,Sincere Brown,LAC,WR,ir,RES,38,,,190,,0,2026,,,,
00-0040311,Theo Wease Jr.,LAC,WR,practice_squad,DEV,82,2001-06-25,74,210,Missouri; Oklahoma,1,2025,,,,
00-0040727,Tre Harris,LAC,WR,active,ACT,9,2002-02-28,75,210,Mississippi; Louisiana Tech,1,2025,2,55,LAC,1
00-0037825,Tyler Linderbaum,LV,C,active,ACT,65,2000-04-07,74,305,Iowa,4,2022,1,25,BAL,1
00-0039544,Will Putnam,LV,C,practice_squad,DEV,67,2000-08-13,76,301,Clemson,2,2024,,,,
00-0039676,Chigozie Anusiem,LV,CB,ir,RES,29,2000-11-05,73,200,Colorado State; California,2,2024,,,,3
00-0040641,Darien Porter,LV,CB,active,ACT,26,2001-01-06,74,195,Iowa State,1,2025,3,68,LV,1
00-0038594,Darrell Luter Jr.,LV,CB,active,INA,25,2000-04-24,72,190,South Alabama,3,2023,5,155,SF,2
00-0036901,Eric Stokes,LV,CB,active,ACT,5,1999-03-01,72,190,Georgia,5,2021,1,29,GB,1
00-0040489,Greedy Vance,LV,CB,practice_squad,DEV,22,2001-10-08,70,177,USC; Florida State; Louisville,1,2025,,,,
00-0040889,Hezekiah Masses,LV,CB,active,ACT,35,2004-06-30,73,185,California; Florida International,0,2026,5,175,LV,2
00-0041563,Jermod McCoy,LV,CB,active,ACT,28,2005-08-16,72,193,Tennessee; Oregon State,0,2026,4,101,LV,3
00-0034376,Taron Johnson,LV,CB,active,ACT,3,1996-07-27,71,192,Weber State,8,2018,4,121,BUF,1
00-0033381,Adam Butler,LV,DT,active,ACT,69,1994-04-12,77,300,Vanderbilt,9,2017,,,,1
00-0040902,Brandon Cleveland,LV,DT,practice_squad,DEV,90,2004-08-27,75,315,N.C. State,0,2026,7,229,LV,
00-0034275,Foley Fatukasi,LV,DT,active,ACT,94,1995-03-04,76,318,Connecticut,8,2018,6,180,NYJ,2
00-0041007,Gary Smith III,LV,DT,practice_squad,DEV,75,,,319,,0,2026,,,,
00-0040199,JJ Pegues,LV,DT,active,INA,92,2001-11-25,74,325,Mississippi; Auburn,1,2025,6,180,LV,2
00-0039423,Jonah Laulu,LV,DT,active,ACT,96,2000-06-30,77,289,Oklahoma; Hawaii,2,2024,7,234,IND,1
00-0037262,Thomas Booker,LV,DT,active,ACT,99,1999-11-11,75,301,Stanford,4,2022,5,150,HOU,1
00-0041534,Tim Keenan III,LV,DT,practice_squad,DEV,96,2002-12-09,74,320,Alabama,0,2026,7,232,LA,
00-0040169,Tonka Hemingway,LV,DT,active,ACT,97,2001-10-31,74,285,South Carolina,1,2025,4,135,LV,2
00-0036552,Azeez Ojulari,LV,EDGE,practice_squad,DEV,51,2000-06-16,75,240,Georgia,5,2021,2,50,NYG,
00-0039836,Brennan Jackson,LV,EDGE,ir,RES,54,2000-10-14,76,264,Washington State,2,2024,5,154,LA,3
00-0041006,Cian Slone,LV,EDGE,practice_squad,DEV,48,2002-09-19,75,239,N.C. State; Utah State,0,2026,,,,
00-0040604,Jahfari Harvey,LV,EDGE,practice_squad,DEV,91,2001-05-02,74,252,SMU; Miami,1,2025,,,,
00-0041553,Keyron Crawford,LV,EDGE,ir,RES,42,2003-10-17,76,253,Auburn; Arkansas State,0,2026,3,67,LV,2
00-0036479,Kwity Paye,LV,EDGE,active,ACT,95,1998-11-19,75,265,Michigan,5,2021,1,21,IND,1
00-0036989,Malcolm Koonce,LV,EDGE,active,ACT,51,1998-06-06,74,243,Buffalo,5,2021,3,79,LV,2
00-0034973,Maxx Crosby,LV,EDGE,active,ACT,98,1997-08-22,77,255,Eastern Michigan,7,2019,4,106,LV,1
00-0036922,Patrick Johnson,LV,EDGE,active,ACT,93,1998-01-10,74,251,Tulane,5,2021,7,234,PHI,3
00-0037304,Connor Heyward,LV,FB,active,ACT,34,1999-01-22,72,230,Michigan State,4,2022,6,208,PIT,1
00-0041582,Kansei Matsuzawa,LV,K,practice_squad,DEV,38,1999-01-08,74,203,Hawaii,0,2026,,,,
00-0035269,Matt Gay,LV,K,active,ACT,14,1994-03-15,72,232,Utah; Utah Valley,7,2019,5,145,TB,1
00-0036644,Cameron McGrone,LV,LB,practice_squad,DEV,57,2000-06-22,73,236,Michigan,5,2021,5,177,NE,
00-0040228,Cody Lindenberg,LV,LB,active,INA,55,2002-01-15,74,235,Minnesota,1,2025,7,222,LV,2
00-0037615,Nakobe Dean,LV,LB,active,ACT,17,2000-12-13,71,230,Georgia,4,2022,3,83,PHI,1
00-0037074,Quay Walker,LV,LB,active,ACT,7,2000-05-08,76,240,Georgia,4,2022,1,22,GB,1
00-0037527,Segun Olubi,LV,LB,active,ACT,50,1999-11-01,74,220,San Diego State,4,2022,,,,3
00-0039374,Tommy Eichenberg,LV,LB,active,ACT,44,2001-01-11,74,234,Ohio State,2,2024,5,148,LV,2
00-0038360,Alex Ward,LV,LS,active,ACT,47,1999-04-21,76,240,UCF,3,2023,,,,1
00-0040150,Caleb Rogers,LV,OG,active,ACT,76,2001-10-03,76,310,Texas Tech,1,2025,3,98,LV,2
00-0037612,Evan Neal,LV,OG,practice_squad,DEV,73,2000-09-19,79,350,Alabama,4,2022,1,7,NYG,
00-0039735,Jackson Powers-Johnson,LV,OG,active,ACT,58,2003-01-23,75,325,Oregon,2,2024,2,44,LV,1
00-0041003,Justin Pickett,LV,OG,ir,RES,77,2002-12-20,79,317,Duke,0,2026,,,,3
00-0041014,Niklas Henning,LV,OG,practice_squad,DEV,73,2003-05-12,77,287,Queens University (Canada),0,2026,,,,
00-0037829,Spencer Burford,LV,OG,active,ACT,70,2000-07-19,76,300,Texas-San Antonio,4,2022,4,134,SF,1
00-0040151,Charles Grant,LV,OT,active,ACT,60,2002-03-22,76,304,William & Mary,1,2025,3,99,LV,2
00-0039349,DJ Glaze,LV,OT,active,ACT,71,2002-08-04,76,331,Maryland,2,2024,3,77,LV,1
00-0041017,Kamar Missouri,LV,OT,practice_squad,DEV,62,,,310,,0,2026,,,,
00-0034759,Kolton Miller,LV,OT,active,ACT,74,1995-10-09,80,325,UCLA,8,2018,1,15,LV,1
00-0040871,Trey Zuhn III,LV,OT,active,ACT,66,2002-10-12,79,319,Texas A&M,0,2026,3,91,LV,2
00-0035190,AJ Cole,LV,P,active,ACT,6,1995-11-27,76,220,N.C. State,7,2019,,,,1
00-0038579,Aidan O'Connell,LV,QB,active,INA,12,1998-09-01,75,206,Purdue,3,2023,4,135,LV,3
00-0041562,Fernando Mendoza,LV,QB,active,ACT,15,2003-10-01,77,225,Indiana; California,0,2026,1,1,LV,2
00-0029604,Kirk Cousins,LV,QB,active,ACT,8,1988-08-19,75,209,Michigan State,14,2012,4,102,WAS,1
00-0040122,Ashton Jeanty,LV,RB,active,ACT,2,2003-12-02,68,208,Boise State,1,2025,1,6,LV,1
00-0039244,Chris Collier,LV,RB,ir,RES,33,2000-03-24,71,203,University of Lock Haven,2,2024,,,,4
00-0033854,Dare Ogunbowale,LV,RB,practice_squad,DEV,32,1994-05-04,71,205,Wisconsin,9,2017,,,,
00-0039407,Dylan Laube,LV,RB,active,ACT,23,1999-12-14,70,204,New Hampshire,2,2024,6,208,LV,3
00-0040878,Mike Washington Jr.,LV,RB,active,ACT,4,2003-07-03,74,228,Arkansas; New Mexico State; Buffalo,0,2026,4,122,LV,2
00-0040998,Roman Hemby,LV,RB,practice_squad,DEV,37,2002-08-16,72,207,Indiana; Maryland,0,2026,,,,
00-0040883,Dalton Johnson,LV,S,active,INA,43,2003-04-15,71,198,Arizona,0,2026,5,150,LV,2
00-0041000,Devin Lafayette,LV,S,practice_squad,DEV,40,,,198,,0,2026,,,,
00-0037512,Isaiah Pola-Mao,LV,S,active,ACT,20,1999-06-30,75,205,USC,4,2022,,,,1
00-0036293,Jeremy Chinn,LV,S,active,ACT,11,1998-02-26,75,220,Southern Illinois,6,2020,2,64,CAR,1
00-0040868,Treydan Stukes,LV,S,active,ACT,31,2001-09-11,74,200,Arizona,0,2026,2,38,LV,2
00-0037461,Tristin McCollum,LV,S,active,ACT,27,1999-05-03,75,195,Sam Houston State,4,2022,,,,3
00-0036423,Albert Okwuegbunam,LV,TE,practice_squad,DEV,85,1998-04-25,77,255,Missouri,6,2020,4,118,DEN,
00-0039338,Brock Bowers,LV,TE,active,INA,89,2002-12-13,75,235,Georgia,2,2024,1,13,LV,1
00-0040488,Carter Runyon,LV,TE,ir,RES,84,2001-07-23,76,243,Towson; Shenandoah University,1,2025,,,,4
00-0035345,Chris Myarick,LV,TE,active,ACT,41,1995-10-06,77,261,Temple,7,2019,,,,
00-0034365,Ian Thomas,LV,TE,active,ACT,80,1996-06-06,75,253,Indiana; Nassau CC,8,2018,4,101,CAR,3
00-0039066,Michael Mayer,LV,TE,active,ACT,87,2001-07-06,76,256,Notre Dame,3,2023,2,35,LV,2
00-0041016,Patrick Gurd,LV,TE,practice_squad,DEV,45,2002-02-18,76,249,Cincinnati; Ohio State,0,2026,,,,
00-0041004,Chase Roberts,LV,WR,ir,RES,86,,,209,,0,2026,,,,
00-0035891,Cody White,LV,WR,active,ACT,82,1998-11-28,75,215,Michigan State,6,2020,,,,
00-0041005,Corey Rucker,LV,WR,ir,RES,32,2002-06-09,72,214,Arkansas State,0,2026,,,,3
00-0037093,Dareke Young,LV,WR,active,ACT,81,1999-06-04,74,224,Lenoir Rhyne,4,2022,7,233,SEA,2
00-0037487,Deven Thompkins,LV,WR,practice_squad,DEV,83,1999-12-23,68,155,Utah State,4,2022,,,,
00-0040581,Dont'e Thornton Jr.,LV,WR,ir,RES,10,2002-11-30,77,205,Tennessee; Oregon,1,2025,4,108,LV,2
00-0040729,Jack Bech,LV,WR,active,ACT,18,2002-12-18,73,215,TCU; LSU,1,2025,2,58,LV,1
00-0037291,Jalen Nailor,LV,WR,active,ACT,9,1999-03-02,72,191,Michigan State,4,2022,6,191,MIN,1
00-0038590,Justin Shorter,LV,WR,ir,RES,88,2000-04-17,76,228,Florida; Penn State,3,2023,5,150,BUF,3
00-0040894,Malik Benson,LV,WR,active,ACT,19,2002-10-17,73,195,Oregon; Florida State; Alabama; Hutchinson CC,0,2026,6,195,LV,2
00-0038647,Ronnie Bell,LV,WR,practice_squad,DEV,11,2000-01-28,72,190,Michigan,3,2023,7,253,SF,
00-0038563,Tre Tucker,LV,WR,active,ACT,1,2001-03-08,68,185,Cincinnati,3,2023,3,100,LV,1
00-0036171,Aaron Brewer,MIA,C,active,ACT,55,1997-10-28,73,290,Texas State-San Marcos,6,2020,,,,1
00-0039485,Andrew Meyer,MIA,C,active,ACT,60,2000-01-14,75,290,Texas-El Paso,2,2024,,,,2
00-0041533,Chris Johnson,MIA,CB,active,ACT,3,2004-11-09,72,193,San Diego State,0,2026,1,27,MIA,1
00-0037549,Darrell Baker Jr.,MIA,CB,ir,RES,22,1998-03-27,73,200,Georgia Southern,4,2022,,,,2
00-0038684,Ethan Bonner,MIA,CB,practice_squad,DEV,27,1999-10-23,73,190,Stanford,3,2023,,,,
00-0040178,Jason Marshall Jr.,MIA,CB,active,ACT,4,2002-09-06,72,204,Florida,1,2025,5,150,MIA,1
00-0039156,Julius Brents,MIA,CB,active,ACT,8,2000-01-18,75,202,Kansas State,3,2023,2,44,IND,1
00-0039390,Marcellas Dial Jr.,MIA,CB,active,ACT,24,2000-12-06,72,190,South Carolina; Georgia Military,2,2024,6,180,NE,2
00-0038521,Reese Taylor,MIA,CB,active,INA,35,1999-08-27,71,190,Purdue,3,2023,,,,2
00-0039481,Storm Duck,MIA,CB,ir,RES,29,2000-12-15,72,195,Louisville,2,2024,,,,3
00-0039570,Jordan Miller,MIA,DT,practice_squad,DEV,96,2000-01-20,75,307,SMU; Miami,2,2024,,,,
00-0040175,Jordan Phillips,MIA,DT,active,ACT,94,2004-06-30,75,324,Maryland; Tennessee,1,2025,5,143,MIA,
00-0040655,Keith Cooper Jr.,MIA,DT,active,ACT,97,2003-03-30,77,285,Houston; Tulane,1,2025,,,,3
00-0040127,Kenneth Grant,MIA,DT,ir,RES,78,2003-10-27,75,326,Michigan,1,2025,1,13,MIA,2
00-0038545,Mazi Smith,MIA,DT,practice_squad,DEV,91,2001-06-16,75,337,Michigan,3,2023,1,26,DAL,
00-0041136,Rene Konga,MIA,DT,ir,RES,95,2002-11-14,75,298,Louisville; Rutgers,0,2026,,,,3
00-0034285,Zach Sieler,MIA,DT,active,ACT,92,1995-09-07,78,300,Ferris State,8,2018,7,238,BAL,1
00-0040248,Zeek Biggers,MIA,DT,active,ACT,93,2003-10-04,78,315,Georgia Tech,1,2025,7,253,MIA,2
00-0039911,Chop Robinson,MIA,EDGE,active,ACT,44,2003-01-02,75,265,Penn State; Maryland,2,2024,1,21,MIA,1
00-0035692,Clelin Ferrell,MIA,EDGE,active,ACT,98,1997-05-17,76,260,Clemson,7,2019,1,4,LV,
00-0036159,Joshua Uche,MIA,EDGE,active,ACT,9,1998-09-18,75,252,Michigan,6,2020,2,60,NE,1
00-0036682,Malik Herring,MIA,EDGE,active,ACT,90,1997-11-09,75,277,Georgia,5,2021,,,,3
00-0041531,Max Llewellyn,MIA,EDGE,practice_squad,DEV,57,2002-08-16,77,258,Iowa,0,2026,7,238,MIA,
00-0038603,Rob Beal Jr.,MIA,EDGE,active,ACT,51,1999-08-18,76,264,Georgia,3,2023,5,173,SF,2
00-0041159,Rodney McGraw,MIA,EDGE,practice_squad,DEV,59,2002-03-31,76,273,Western Michigan,0,2026,,,,
00-0041436,DJ Herman,MIA,FB,active,ACT,34,2002-03-17,73,240,San Diego State,0,2026,,,,1
00-0036816,Riley Patterson,MIA,K,active,ACT,47,1999-09-07,72,196,Memphis,5,2021,,,,1
00-0039539,Amari Gainer,MIA,LB,practice_squad,DEV,53,2000-06-22,75,235,North Carolina; Florida State,2,2024,,,,
00-0040066,Jackson Woodard,MIA,LB,active,ACT,42,2002-07-02,74,229,UNLV; Arkansas,1,2025,,,,2
00-0041522,Jacob Rodriguez,MIA,LB,active,ACT,10,2002-09-06,73,235,Texas Tech; Virginia,0,2026,2,43,MIA,1
00-0036409,Jordyn Brooks,MIA,LB,active,ACT,20,1997-10-21,72,240,Texas Tech,6,2020,1,27,SEA,1
00-0041527,Kyle Louis,MIA,LB,active,ACT,19,2004-03-09,72,225,Pittsburgh,0,2026,4,138,MIA,2
00-0038429,Liam Anderson,MIA,LB,practice_squad,DEV,50,2000-04-30,75,230,Holy Cross,3,2023,,,,
00-0034779,Ronnie Harrison,MIA,LB,active,ACT,56,1997-04-18,74,220,Alabama,8,2018,3,93,JAX,2
00-0041526,Trey Moore,MIA,LB,ir,RES,17,2003-05-05,74,247,Texas; Texas-San Antonio,0,2026,4,130,MIA,2
00-0036362,Willie Gay Jr.,MIA,LB,active,ACT,40,1998-02-15,73,246,Mississippi State,6,2020,2,63,KC,1
00-0037686,Tucker Addington,MIA,LS,active,ACT,46,1997-07-16,74,230,Sam Houston State,5,2021,,,,1
00-0041530,DJ Campbell,MIA,OG,active,INA,63,2003-09-24,75,321,Texas,0,2026,6,200,MIA,2
00-0039832,Jarrett Kingston,MIA,OG,active,ACT,62,1999-12-02,76,308,USC; Washington State,2,2024,6,215,SF,2
00-0040742,Jonah Savaiinaea,MIA,OG,active,ACT,71,2004-01-13,77,325,Arizona,1,2025,2,37,MIA,1
00-0041521,Kadyn Proctor,MIA,OG,active,ACT,74,2005-06-04,79,360,Alabama,0,2026,1,12,MIA,1
00-0036248,Austin Jackson,MIA,OT,active,ACT,73,1999-08-11,77,305,USC,6,2020,1,18,MIA,1
00-0039863,Caedan Wallace,MIA,OT,active,ACT,77,2000-04-18,77,314,Penn State; West Virginia,2,2024,3,68,NE,2
00-0039004,Carter Warren,MIA,OT,ir,RES,77,1999-01-19,77,325,Pittsburgh,3,2023,4,120,NYJ,
00-0039174,Chukwuebuka Godrick,MIA,OT,active,INA,79,2000-10-11,77,293,,3,2023,,,,3
00-0039262,Gottlieb Ayedze,MIA,OT,practice_squad,DEV,72,2000-04-10,76,305,Maryland; Frostburg State,2,2024,,,,
00-0039899,Patrick Paul,MIA,OT,active,ACT,52,2001-11-01,79,325,Houston,2,2024,2,55,MIA,1
00-0032065,Bradley Pinion,MIA,P,active,ACT,48,1994-06-01,77,250,Clemson,11,2015,5,165,SF,1
00-0040398,Brady Cook,MIA,QB,active,INA,15,2001-10-12,74,215,Missouri,1,2025,,,,3
00-0040014,Kyle McCord,MIA,QB,active,ACT,14,2002-09-19,75,220,Syracuse; Ohio State,1,2025,6,181,PHI,2
00-0038128,Malik Willis,MIA,QB,active,ACT,2,1999-05-25,73,225,Liberty; Auburn,4,2022,3,86,TEN,1
00-0038930,Carlos Washington,MIA,RB,practice_squad,DEV,26,1998-12-26,71,210,Southeastern Louisiana,3,2023,,,,
00-0039040,De'Von Achane,MIA,RB,active,ACT,28,2001-10-13,69,195,Texas A&M,3,2023,3,84,MIA,1
00-0040692,Jarquez Hunter,MIA,RB,practice_squad,DEV,31,2002-12-29,70,210,Auburn,1,2025,4,117,LA,
00-0039874,Jaylen Wright,MIA,RB,active,ACT,5,2003-04-01,70,205,Tennessee,2,2024,4,120,MIA,2
00-0040198,Ollie Gordon II,MIA,RB,active,ACT,0,2004-01-15,74,225,Oklahoma State,1,2025,6,179,MIA,3
00-0040182,Dante Trader Jr.,MIA,S,active,ACT,11,2003-02-13,71,202,Maryland,1,2025,5,155,MIA,1
00-0039383,Jaylin Simpson,MIA,S,practice_squad,DEV,32,2000-03-17,72,178,Auburn,2,2024,5,164,IND,
00-0039532,Julius Wood,MIA,S,active,ACT,25,2001-05-02,73,202,East Carolina; Blinn College,2,2024,,,,3
00-0040268,Major Burns,MIA,S,practice_squad,DEV,43,2002-05-22,74,209,LSU; Georgia,1,2025,,,,
00-0041528,Michael Taaffe,MIA,S,active,ACT,16,2003-02-18,72,190,Texas,0,2026,5,158,MIA,1
00-0036677,Zayne Anderson,MIA,S,active,ACT,23,1997-01-03,74,210,BYU,5,2021,,,,2
00-0037078,Cole Turner,MIA,TE,ir,RES,87,2000-03-16,78,261,Nevada,4,2022,5,149,WAS,5
00-0037252,Greg Dulcich,MIA,TE,active,ACT,85,2000-03-26,76,245,UCLA,4,2022,3,80,DEN,1
00-0041077,Justin Joly,MIA,TE,active,INA,80,2004-07-09,75,241,N.C. State; Connecticut,0,2026,5,152,DEN,4
00-0041579,Seydou Traore,MIA,TE,active,ACT,83,2002-08-12,76,242,Mississippi State; Arkansas State,0,2026,5,180,MIA,3
00-0040094,Tre Watson,MIA,TE,practice_squad,DEV,87,2002-10-12,77,250,Texas A&M; Fresno State,1,2025,,,,
00-0041524,Will Kacmarek,MIA,TE,active,ACT,89,2003-02-12,78,261,Ohio State; Ohio,0,2026,3,87,MIA,2
00-0041523,Caleb Douglas,MIA,WR,active,ACT,7,2003-09-09,76,206,Texas Tech; Florida,0,2026,3,75,MIA,1
00-0041525,Chris Bell,MIA,WR,active,ACT,18,2004-06-07,74,228,Louisville,0,2026,3,94,MIA,2
00-0036387,Jalen Reagor,MIA,WR,practice_squad,DEV,88,1999-01-02,71,200,TCU,6,2020,1,21,PHI,
00-0037666,Jalen Tolbert,MIA,WR,active,INA,1,1999-02-27,73,195,South Alabama,4,2022,3,88,DAL,1
00-0041529,Kevin Coleman Jr.,MIA,WR,active,ACT,21,2003-09-10,70,179,Missouri; Mississippi State; Louisville; Jackson State University,0,2026,5,177,MIA,2
00-0039880,Malik Washington,MIA,WR,active,ACT,6,2000-10-20,68,194,Virginia; Northwestern,2,2024,6,184,MIA,1
00-0038824,Ryan Miller,MIA,WR,active,ACT,84,2000-02-20,74,221,Furman,3,2023,,,,2
00-0040753,Will Sheppard,MIA,WR,practice_squad,DEV,81,2002-02-11,75,196,Colorado; Vanderbilt,1,2025,,,,
00-0036347,Blake Brandel,MIN,C,active,ACT,64,1997-01-23,79,315,Oregon State,6,2020,6,203,MIN,1
00-0039419,Michael Jurgens,MIN,C,ir,RES,65,2000-01-01,76,311,Wake Forest,2,2024,7,230,MIN,3
00-0039237,Nick Samac,MIN,C,active,INA,62,2001-08-21,76,317,Michigan State,2,2024,7,228,BAL,2
00-0040962,Bryce Phillips,MIN,CB,practice_squad,DEV,35,2003-02-22,72,195,San Diego State; Tennessee State,0,2026,,,,
00-0035236,Byron Murphy,MIN,CB,active,ACT,7,1998-01-18,71,190,Washington,7,2019,2,33,ARI,1
00-0041083,Charles Demmings,MIN,CB,active,ACT,20,2003-04-05,73,193,Stephen F. Austin State,0,2026,5,163,MIN,1
00-0041341,Da'Veawn Armstead,MIN,CB,practice_squad,DEV,38,2002-11-20,73,183,North Texas; TCU; Sam Houston State,0,2026,,,,
00-0036222,Isaiah Rodgers,MIN,CB,active,ACT,2,1998-01-07,70,180,UMass Amherst,6,2020,6,211,IND,
00-0035795,James Pierre,MIN,CB,active,ACT,23,1996-09-16,74,185,Florida Atlantic,6,2020,,,,1
00-0041344,Tyreek Chappell,MIN,CB,ir,RES,28,2002-11-22,71,180,Texas A&M,0,2026,,,,2
00-0040507,Zemaiah Vaughn,MIN,CB,active,INA,5,2002-04-02,75,180,Utah,1,2025,,,,2
00-0041033,Caleb Banks,MIN,DT,active,ACT,95,2003-03-12,78,327,Florida; Louisville,0,2026,1,18,MIN,1
00-0041046,Domonique Orange,MIN,DT,active,ACT,97,2004-03-11,74,322,Iowa State,0,2026,3,82,MIN,2
00-0040624,Elijah Williams,MIN,DT,active,INA,99,2002-09-09,75,298,Morgan State,1,2025,,,,3
00-0040572,Jahvaree Ritzie,MIN,DT,practice_squad,DEV,96,2003-01-31,76,290,North Carolina,1,2025,,,,
00-0038778,Jalen Redmond,MIN,DT,active,ACT,61,1999-03-12,75,305,Oklahoma,3,2023,,,,1
00-0039421,Levi Drake Rodriguez,MIN,DT,active,ACT,50,2000-08-04,74,307,East Texas A&M,2,2024,7,232,MIN,1
00-0036695,Naquan Jones,MIN,DT,practice_squad,DEV,91,1998-02-05,75,314,Michigan State,5,2021,,,,
00-0039720,Taki Taimani,MIN,DT,ir,RES,94,1999-10-06,73,324,Oregon; Washington,2,2024,,,,3
00-0040173,Tyrion Ingram-Dawkins,MIN,DT,active,ACT,90,2003-06-26,77,290,Georgia,1,2025,5,139,MIN,2
00-0035272,Andrew Van Ginkel,MIN,EDGE,active,ACT,43,1995-07-01,76,242,Wisconsin; Iowa Western CC; South Dakota,7,2019,5,151,MIA,1
00-0039718,Bo Richter,MIN,EDGE,active,ACT,98,2000-08-13,73,250,Air Force,2,2024,,,,2
00-0040496,Chaz Chambliss,MIN,EDGE,active,ACT,32,2002-10-25,73,244,Georgia,1,2025,,,,2
00-0039924,Dallas Turner,MIN,EDGE,active,ACT,15,2003-02-02,75,247,Alabama,2,2024,1,17,MIN,1
00-0033046,Jihad Ward,MIN,EDGE,practice_squad,DEV,53,1994-05-11,77,287,Illinois; Globe Institute,10,2016,2,44,LV,
00-0031360,Kyle Van Noy,MIN,EDGE,active,ACT,17,1991-03-26,75,255,BYU,12,2014,2,40,DET,
00-0040492,Tyler Batty,MIN,EDGE,ir,RES,92,1999-05-02,77,271,BYU,1,2025,,,,3
00-0041081,Max Bredeson,MIN,FB,active,ACT,45,2002-10-04,74,252,Michigan,0,2026,5,159,MIN,1
00-0039404,Will Reichard,MIN,K,active,ACT,16,2001-01-09,73,190,Alabama,2,2024,6,203,MIN,1
00-0041431,Bangally Kamara,MIN,LB,practice_squad,DEV,59,2001-10-13,74,235,Kansas; South Carolina; Pittsburgh,0,2026,,,,
00-0035276,Blake Cashman,MIN,LB,active,ACT,51,1996-05-10,73,235,Minnesota,7,2019,5,157,NYJ,1
00-0033336,Eric Wilson,MIN,LB,active,ACT,55,1994-09-26,73,230,Cincinnati; Northwestern,9,2017,,,,1
00-0038807,Ivan Pace Jr.,MIN,LB,active,ACT,0,2000-12-16,70,235,Cincinnati; Miami (Ohio),3,2023,,,,2
00-0040786,Jacob Roberts,MIN,LB,ir,RES,48,,,233,,0,2026,,,,
00-0041495,Jake Golday,MIN,LB,active,ACT,41,2003-05-23,76,239,Cincinnati; Central Arkansas,0,2026,2,51,MIN,2
00-0033872,Jamal Adams,MIN,LB,ir,RES,32,1995-10-17,73,213,LSU,9,2017,1,6,NYJ,3
00-0029714,Andrew DePaola,MIN,LS,active,ACT,42,1987-07-28,73,230,Rutgers,14,2012,,,,1
00-0040661,Donovan Jackson,MIN,OG,active,ACT,74,2002-12-04,76,324,Ohio State,1,2025,1,24,MIN,1
00-0038785,Henry Byrd,MIN,OG,practice_squad,DEV,68,1999-07-01,77,314,Princeton,3,2023,,,,
00-0040500,Joe Huber,MIN,OG,active,ACT,60,2002-05-02,77,310,Wisconsin,1,2025,,,,2
00-0039310,Trevor Keegan,MIN,OG,active,ACT,69,2000-08-30,77,315,Michigan,2,2024,5,172,PHI,2
00-0036483,Will Fries,MIN,OG,active,ACT,76,1998-04-04,78,321,Penn State,5,2021,7,248,IND,1
00-0034158,Brian O'Neill,MIN,OT,active,ACT,75,1995-09-15,79,310,Pittsburgh,8,2018,2,62,MIN,1
00-0041053,Caleb Tiernan,MIN,OT,active,INA,78,2003-01-23,79,323,Northwestern,0,2026,3,97,MIN,2
00-0036616,Christian Darrisaw,MIN,OT,active,ACT,71,1999-06-02,77,314,Virginia Tech,5,2021,1,23,MIN,1
00-0040224,Jack Nelson,MIN,OT,practice_squad,DEV,79,2002-01-15,79,316,Wisconsin,1,2025,7,218,ATL,
00-0037404,Ryan Van Demark,MIN,OT,active,ACT,72,1998-03-22,78,307,Connecticut,4,2022,,,,2
00-0041581,Brett Thorson,MIN,P,active,ACT,19,2000-01-06,73,237,Georgia,0,2026,,,,1
00-0032950,Carson Wentz,MIN,QB,active,ACT,11,1992-12-30,77,237,North Dakota State,10,2016,1,2,PHI,3
00-0039923,J.J. McCarthy,MIN,QB,active,INA,9,2003-01-20,75,219,Michigan,2,2024,1,10,MIN,2
00-0035228,Kyler Murray,MIN,QB,active,ACT,1,1997-08-07,70,207,Oklahoma; Texas A&M,7,2019,1,1,ARI,1
00-0040494,Max Brosmer,MIN,QB,practice_squad,DEV,12,2001-03-28,74,218,Minnesota; New Hampshire,1,2025,,,,
00-0033293,Aaron Jones,MIN,RB,active,ACT,33,1994-12-02,69,208,Texas-El Paso,9,2017,5,182,GB,1
00-0036425,DeeJay Dallas,MIN,RB,active,ACT,31,1998-09-16,70,225,Miami,6,2020,4,144,SEA,
00-0041104,Demond Claiborne,MIN,RB,active,INA,21,2003-10-09,70,188,Wake Forest,0,2026,6,198,MIN,3
00-0037525,Jordan Mason,MIN,RB,active,ACT,27,1999-05-24,71,230,Georgia Tech,4,2022,,,,2
00-0029606,Harrison Smith,MIN,S,active,ACT,22,1989-02-02,74,214,Notre Dame,14,2012,1,29,MIN,1
00-0041354,Jacob Thomas,MIN,S,active,ACT,29,2004-05-30,73,212,James Madison,0,2026,,,,3
00-0041054,Jakobe Thomas,MIN,S,active,INA,8,2003-06-30,73,211,Miami; Tennessee; Middle Tennessee State,0,2026,3,98,MIN,4
00-0038578,Jay Ward,MIN,S,active,ACT,24,2000-07-13,73,188,LSU,3,2023,4,134,MIN,2
00-0036348,Josh Metellus,MIN,S,active,ACT,44,1998-01-21,71,210,Michigan,6,2020,6,205,MIN,1
00-0034488,Tavierre Thomas,MIN,S,practice_squad,DEV,37,1996-03-11,70,212,Ferris State,8,2018,,,,
00-0037301,Theo Jackson,MIN,S,active,ACT,26,1998-10-02,73,203,Tennessee,4,2022,6,204,TEN,2
00-0040509,Ben Yurosek,MIN,TE,ir,RES,85,2002-03-17,76,251,Georgia; Stanford,1,2025,,,,3
00-0040504,Bryson Nesbit,MIN,TE,ir,RES,83,2002-09-25,77,235,North Carolina,1,2025,,,,
00-0039631,Cam Grandy,MIN,TE,practice_squad,DEV,83,1999-11-19,77,253,Illinois State; Missouri Western,2,2024,,,,
00-0040215,Gavin Bartholomew,MIN,TE,active,ACT,86,2003-04-30,77,250,Pittsburgh,1,2025,6,202,MIN,4
00-0035249,Josh Oliver,MIN,TE,active,ACT,84,1997-03-21,77,264,San Jose State,7,2019,3,69,JAX,2
00-0035229,T.J. Hockenson,MIN,TE,active,ACT,87,1997-07-03,77,248,Iowa,7,2019,1,8,DET,1
00-0041342,Dillon Bell,MIN,WR,practice_squad,DEV,89,2003-11-06,73,209,Georgia,0,2026,,,,
00-0040498,Dontae Fleming,MIN,WR,ir,RES,19,2001-11-28,74,180,Tulane,1,2025,,,,
00-0036259,Jauan Jennings,MIN,WR,active,ACT,14,1997-07-10,75,214,Tennessee,6,2020,7,217,SF,1
00-0039710,Jeshaun Jones,MIN,WR,ir,RES,82,1999-12-22,73,185,Maryland,2,2024,,,,2
00-0038994,Jordan Addison,MIN,WR,active,ACT,3,2002-01-27,71,179,USC; Pittsburgh,3,2023,1,23,MIN,1
00-0036322,Justin Jefferson,MIN,WR,active,ACT,18,1999-06-16,73,192,LSU,6,2020,1,22,MIN,1
00-0040970,Michael Briscoe,MIN,WR,practice_squad,DEV,81,2002-07-24,74,209,Cal Poly (San Luis Obispo),0,2026,,,,
00-0040506,Myles Price,MIN,WR,active,ACT,4,2001-12-16,69,183,Indiana; Texas Tech,1,2025,,,,2
00-0040154,Tai Felton,MIN,WR,active,ACT,13,2003-03-15,73,186,Maryland,1,2025,3,102,MIN,2
00-0041475,Trayvon Rudolph,MIN,WR,practice_squad,DEV,30,2002-05-15,70,187,Toledo; Northern Illinois,0,2026,,,,
00-0037413,Ben Brown,NE,C,active,INA,77,1998-05-19,77,315,Mississippi,4,2022,,,,2
00-0041325,Jacob Rizy,NE,C,practice_squad,DEV,64,2002-01-13,77,306,Florida State; Harvard,0,2026,,,,
00-0040147,Jared Wilson,NE,C,active,ACT,55,2003-06-05,75,310,Georgia,1,2025,3,95,NE,1
00-0034778,Carlton Davis III,NE,CB,active,ACT,7,1996-12-31,73,200,Auburn,8,2018,2,63,TB,1
00-0041316,Channing Canada,NE,CB,active,ACT,29,2002-08-17,71,190,TCU; Trinity Valley CC,0,2026,,,,3
00-0039770,Charles Woods,NE,CB,active,ACT,22,2000-06-17,71,185,SMU; West Virginia; Illinois State,2,2024,,,,2
00-0039147,Christian Gonzalez,NE,CB,active,ACT,0,2002-06-28,73,205,Oregon,3,2023,1,17,NE,1
00-0041088,Karon Prunty,NE,CB,active,INA,21,2001-12-24,74,192,Wake Forest,0,2026,5,171,NE,2
00-0036307,Kindle Vildor,NE,CB,practice_squad,DEV,28,1997-12-11,71,190,Georgia Southern,6,2020,5,163,CHI,
00-0037253,Marcus Jones,NE,CB,active,ACT,25,1998-10-22,68,185,Houston; Troy,4,2022,3,85,NE,1
00-0036981,Christian Barmore,NE,DT,active,ACT,90,1999-07-28,77,315,Alabama,5,2021,2,38,NE,1
00-0038653,Cory Durden,NE,DT,active,ACT,94,1999-01-26,76,305,N.C. State; Florida State,3,2023,,,,1
00-0040371,Eric Gregory,NE,DT,practice_squad,DEV,95,2000-09-13,75,318,Arkansas,1,2025,,,,
00-0041211,Jalen Hunt,NE,DT,practice_squad,DEV,96,,,315,,0,2026,,,,
00-0037711,Jeremiah Pharms Jr.,NE,DT,practice_squad,DEV,98,1996-10-16,75,300,Friends U.,6,2020,,,,
00-0040171,Joshua Farmer,NE,DT,active,ACT,92,2003-01-17,75,312,Florida State,1,2025,4,137,NE,2
00-0039289,Leonard Taylor III,NE,DT,active,ACT,93,2002-05-29,75,305,Miami,2,2024,,,,2
00-0036916,Milton Williams,NE,DT,active,ACT,97,1999-04-06,75,290,Louisiana Tech,5,2021,3,73,PHI,1
00-0035678,Dre'Mont Jones,NE,EDGE,active,ACT,5,1997-01-05,75,268,Ohio State,7,2019,3,71,DEN,1
00-0040574,Elijah Ponder,NE,EDGE,active,ACT,91,2002-08-29,75,261,Cal Poly (San Luis Obispo),1,2025,,,,1
00-0041569,Gabe Jacas,NE,EDGE,active,ACT,50,2004-05-27,76,260,Illinois,0,2026,2,55,NE,2
00-0034828,Harold Landry III,NE,EDGE,ir,RES,2,1996-06-05,74,250,Boston College,8,2018,2,41,TEN,3
00-0039053,Jose Ramirez,NE,EDGE,practice_squad,DEV,43,1999-05-09,74,252,Eastern Michigan,3,2023,6,196,TB,
00-0041402,Quintayvious Hutchins,NE,EDGE,active,ACT,45,2003-04-02,75,245,Boston College,0,2026,7,247,NE,2
00-0036187,Reggie Gilliam,NE,FB,active,ACT,44,1997-08-20,73,255,Toledo,6,2020,,,,1
00-0040200,Andy Borregales,NE,K,active,ACT,8,2003-01-02,71,202,Miami,1,2025,6,182,NE,1
00-0036813,Christian Elliss,NE,LB,active,ACT,53,1999-01-02,74,233,Idaho,5,2021,,,,1
00-0039829,Darius Muasau,NE,LB,active,ACT,54,2001-02-10,73,230,UCLA; Hawaii,2,2024,6,183,NYG,2
00-0041455,Erick Hunter,NE,LB,active,INA,49,2003-02-26,74,225,Morgan State,0,2026,,,,2
00-0036643,K.J. Britt,NE,LB,practice_squad,DEV,35,1999-06-04,72,240,Auburn,5,2021,5,176,TB,
00-0041321,Khalil Jacobs,NE,LB,ir,RES,59,2003-12-01,73,228,Missouri; South Alabama,0,2026,,,,3
00-0041109,Namdi Obiazor,NE,LB,active,ACT,48,2002-04-19,75,229,TCU; Iowa Western CC,0,2026,6,212,NE,3
00-0041564,Riley Wilson,NE,LB,practice_squad,DEV,51,2002-05-30,73,226,Arizona; Hawaii; Montana,0,2026,,,,
00-0034720,Robert Spillane,NE,LB,active,ACT,14,1995-12-14,73,234,Western Michigan,8,2018,,,,1
00-0040246,Julian Ashby,NE,LS,active,ACT,47,2002-07-08,73,231,Vanderbilt; Furman,1,2025,7,251,NE,1
00-0036979,Alijah Vera-Tucker,NE,OG,active,ACT,75,1999-06-17,77,310,USC,5,2021,1,14,NYJ,1
00-0029685,Greg Van Roten,NE,OG,active,ACT,70,1990-02-26,75,305,Penn,14,2012,,,,2
00-0039508,Jake Kubas,NE,OG,practice_squad,DEV,63,2000-08-13,76,308,North Dakota State,2,2024,,,,
00-0036198,Mike Onwenu,NE,OG,active,ACT,71,1997-12-10,75,350,Michigan,6,2020,6,182,NE,1
00-0039828,Walter Rouse,NE,OG,active,INA,72,2001-03-09,78,314,Oklahoma; Stanford,2,2024,6,177,MIN,2
00-0041541,Caleb Lomu,NE,OT,active,ACT,74,2004-12-23,78,313,Utah,0,2026,1,28,NE,2
00-0041103,Dametrious Crownover,NE,OT,active,ACT,68,2001-09-12,79,319,Texas A&M,0,2026,6,196,NE,2
00-0038426,Lorenz Metz,NE,OT,practice_squad,DEV,61,1999-03-07,81,320,Cincinnati,3,2023,,,,
00-0040226,Marcus Bryant,NE,OT,ir,RES,52,2002-06-22,79,317,Missouri; SMU,1,2025,7,220,NE,3
00-0031330,Morgan Moses,NE,OT,active,ACT,76,1991-03-03,78,320,Virginia,12,2014,3,66,WAS,1
00-0040699,Will Campbell,NE,OT,active,ACT,66,2004-01-06,78,319,LSU,1,2025,1,4,NE,1
00-0038610,Bryce Baringer,NE,P,ir,RES,17,1999-04-26,74,215,Michigan State; Illinois,3,2023,6,192,NE,1
00-0034941,Mitch Wishnowsky,NE,P,active,ACT,19,1992-03-02,74,220,Utah; Santa Barbara,7,2019,4,110,SF,
00-0041123,Behren Morton,NE,QB,active,INA,15,2002-01-17,74,221,Texas Tech,0,2026,7,234,NE,3
00-0039851,Drake Maye,NE,QB,active,ACT,10,2002-08-30,76,225,North Carolina,2,2024,1,3,NE,1
00-0038476,Tommy DeVito,NE,QB,active,ACT,16,1998-08-07,74,210,Illinois; Syracuse,3,2023,,,,2
00-0040556,Corey Kiner,NE,RB,active,ACT,9,2002-01-21,69,210,Cincinnati; LSU,1,2025,,,,3
00-0037617,Hassan Haskins,NE,RB,practice_squad,DEV,26,1999-11-26,74,228,Michigan,4,2022,4,131,TEN,
00-0040568,Lan Larison,NE,RB,active,ACT,34,2001-10-11,71,209,UC Davis,1,2025,,,,
00-0041323,Myles Montgomery,NE,RB,ir,RES,39,2003-04-04,70,205,UCF; Cincinnati,0,2026,,,,4
00-0036875,Rhamondre Stevenson,NE,RB,active,ACT,38,1998-02-23,72,227,Oklahoma; Cerritos College,5,2021,4,120,NE,1
00-0040734,TreVeyon Henderson,NE,RB,active,INA,32,2002-10-22,70,202,Ohio State,1,2025,2,38,NE,2
00-0037205,Brenden Schooler,NE,S,ir,RES,41,1997-05-30,73,210,Texas; Arizona; Oregon,4,2022,,,,2
00-0040716,Craig Woodson,NE,S,active,ACT,4,2001-02-20,72,200,California,1,2025,4,106,NE,1
00-0039692,Dell Pettus,NE,S,active,ACT,24,2001-06-02,71,200,Troy,2,2024,,,,2
00-0040537,Elliott Davison,NE,S,practice_squad,DEV,27,2001-12-19,72,200,Texas-San Antonio,1,2025,,,,
00-0040204,Jaylen Reed,NE,S,active,ACT,23,2003-01-29,72,212,Penn State,1,2025,6,187,HOU,3
00-0033132,Kevin Byard,NE,S,active,ACT,31,1993-08-17,71,212,Middle Tennessee State,10,2016,3,64,TEN,1
00-0037493,Mike Brown,NE,S,practice_squad,DEV,33,1999-04-07,73,218,Miami (Ohio),4,2022,,,,
00-0038564,Cameron Latu,NE,TE,active,ACT,36,2000-02-24,77,244,Alabama,3,2023,3,101,SF,4
00-0041395,Eli Raridon,NE,TE,active,ACT,82,2004-02-12,78,245,Notre Dame,0,2026,3,95,NE,2
00-0033090,Hunter Henry,NE,TE,active,ACT,85,1994-12-07,77,250,Arkansas,10,2016,2,35,LAC,1
00-0038720,Julian Hill,NE,TE,ir,RES,89,2000-07-09,76,250,Campbell University,3,2023,,,,5
00-0036534,Shane Zylstra,NE,TE,practice_squad,DEV,80,1996-11-16,76,244,Minnesota State,5,2021,,,,
00-0041314,Tanner Arkin,NE,TE,active,ACT,84,2003-07-07,76,265,Illinois; Colorado State,0,2026,,,,3
00-0035676,A.J. Brown,NE,WR,active,ACT,1,1997-06-30,73,226,Mississippi,7,2019,2,51,TEN,1
00-0041319,Cameron Dorner,NE,WR,practice_squad,DEV,88,2004-02-04,73,188,North Texas; Shepherd,0,2026,,,,
00-0038621,DeMario Douglas,NE,WR,active,ACT,3,2000-12-08,68,185,Liberty,3,2023,6,210,NE,1
00-0040563,Efton Chism III,NE,WR,active,INA,86,2001-10-26,70,200,Eastern Washington,1,2025,,,,2
00-0040570,Jeremiah Webb,NE,WR,ir,RES,29,2001-05-17,71,196,South Alabama; South Dakota,1,2025,,,,3
00-0041318,Kyle Dixon,NE,WR,practice_squad,DEV,83,2000-09-14,74,220,Culver-Stockton College,0,2026,,,,
00-0040131,Kyle Williams,NE,WR,active,ACT,18,2002-11-13,71,190,Washington State,1,2025,3,69,NE,2
00-0033555,Mack Hollins,NE,WR,active,ACT,13,1993-09-16,76,221,North Carolina,9,2017,4,118,PHI,2
00-0037816,Romeo Doubs,NE,WR,active,ACT,87,2000-04-13,74,210,Nevada,4,2022,4,132,GB,1
00-0035242,Erik McCoy,NO,C,active,ACT,78,1997-08-27,76,303,Texas A&M,7,2019,2,48,NO,1
00-0035665,David Long,NO,CB,ir,RES,45,1998-02-06,71,196,Michigan,7,2019,3,79,LA,5
00-0039357,Decamerion Richardson,NO,CB,active,ACT,25,2001-03-16,74,188,Mississippi State,2,2024,4,112,LV,3
00-0039725,Jayden Price,NO,CB,active,ACT,38,2000-04-05,71,184,North Dakota State,2,2024,,,,3
00-0038588,Jordan Howden,NO,CB,active,ACT,31,2000-05-14,72,210,Minnesota,3,2023,5,146,NO,2
00-0039860,Kool-Aid McKinstry,NO,CB,active,ACT,1,2002-09-30,71,199,Alabama,2,2024,2,41,NO,1
00-0041089,Lorenzo Styles Jr.,NO,CB,ir,RES,36,2002-09-09,73,194,Ohio State; Notre Dame,0,2026,5,172,NO,3
00-0037250,Martin Emerson,NO,CB,active,ACT,22,2000-09-27,74,200,Mississippi State,4,2022,3,68,CLE,2
00-0040293,Michael Reid,NO,CB,active,ACT,42,2002-05-24,74,200,South Dakota; Monmouth,1,2025,,,,2
00-0040166,Quincy Riley,NO,CB,active,ACT,29,2001-05-26,71,195,Louisville; Middle Tennessee State,1,2025,4,131,NO,1
00-0038781,Rejzohn Wright,NO,CB,ir,RES,25,2000-09-04,74,193,Oregon State,3,2023,,,,4
00-0041114,TJ Hall,NO,CB,practice_squad,DEV,34,2004-04-26,72,189,Iowa,0,2026,7,219,NO,
00-0038995,Bryan Bresee,NO,DT,ir,RES,90,2001-10-06,77,305,Clemson,3,2023,1,29,NO,3
00-0041390,Christen Miller,NO,DT,active,ACT,52,2004-08-05,75,321,Georgia,0,2026,2,42,NO,3
00-0038387,Colby Wooden,NO,DT,active,ACT,50,2000-12-21,76,273,Auburn,3,2023,4,116,GB,1
00-0033860,Davon Godchaux,NO,DT,active,ACT,92,1994-11-11,75,330,LSU,9,2017,5,178,MIA,1
00-0041335,Jay'Viar Suggs,NO,DT,practice_squad,DEV,62,2001-02-24,75,299,Wisconsin; LSU; Grand Valley,0,2026,,,,
00-0037283,John Ridgeway,NO,DT,active,INA,95,1999-05-07,77,320,Arkansas; Illinois State,4,2022,5,178,DAL,2
00-0035944,Jonah Williams,NO,DT,practice_squad,DEV,92,1995-08-17,77,275,Weber State,6,2020,,,,
00-0039401,Khristian Boyd,NO,DT,active,INA,97,2000-02-23,74,320,Northern Iowa,2,2024,6,199,NO,4
00-0034760,Nathan Shepherd,NO,DT,active,ACT,93,1993-10-09,76,315,Fort Hays; Simon Fraser,8,2018,3,72,NYJ,2
00-0040642,Vernon Broughton,NO,DT,active,ACT,91,2001-07-15,77,311,Texas,1,2025,3,71,NO,2
00-0036193,Anfernee Jennings,NO,EDGE,active,ACT,33,1997-05-01,75,255,Alabama,6,2020,3,87,NE,2
00-0027962,Cameron Jordan,NO,EDGE,active,INA,94,1989-07-10,76,287,California,15,2011,1,24,NO,1
00-0035402,Carl Granderson,NO,EDGE,active,ACT,96,1996-12-18,77,261,Wyoming,7,2019,,,,1
00-0036321,Chase Young,NO,EDGE,active,ACT,99,1999-04-14,77,265,Ohio State,6,2020,1,2,WAS,1
00-0036867,Chris Rumph II,NO,EDGE,active,ACT,58,1998-10-19,74,244,Duke,5,2021,4,118,LAC,3
00-0040249,Fadil Diggs,NO,EDGE,practice_squad,DEV,40,2001-10-05,76,260,Syracuse; Texas A&M,1,2025,7,254,NO,
00-0041329,Michael Heldman,NO,EDGE,ir,RES,63,2003-03-10,76,260,Central Michigan,0,2026,,,,
00-0038541,Tyree Wilson,NO,EDGE,active,ACT,98,2000-05-20,77,263,Texas Tech,3,2023,1,7,LV,3
00-0039229,Charlie Smyth,NO,K,practice_squad,DEV,39,2001-06-26,76,210,,2,2024,,,,
00-0034161,Daniel Carlson,NO,K,active,ACT,10,1995-01-23,77,222,Auburn,8,2018,5,167,MIN,1
00-0040155,Danny Stutsman,NO,LB,active,ACT,28,2003-03-10,75,236,Oklahoma,1,2025,4,112,NO,2
00-0039622,Isaiah Stalbird,NO,LB,active,ACT,44,2000-07-18,73,215,South Dakota State,2,2024,,,,2
00-0039288,Jackson Sirmon,NO,LB,practice_squad,DEV,47,2000-04-15,74,240,California; Washington,2,2024,,,,
00-0039388,Jaylan Ford,NO,LB,ir,RES,53,2001-11-28,74,240,Texas,2,2024,5,175,NO,3
00-0035316,Kaden Elliss,NO,LB,active,ACT,55,1995-06-10,74,240,Idaho,7,2019,7,244,NO,1
00-0036927,Pete Werner,NO,LB,active,ACT,20,1999-06-05,75,242,Ohio State,5,2021,2,60,NO,1
00-0033063,Zach Wood,NO,LS,active,ACT,49,1993-01-10,75,255,SMU,10,2016,,,,1
00-0036408,Cesar Ruiz,NO,OG,active,ACT,51,1999-06-14,76,319,Michigan,6,2020,1,24,NO,1
00-0035668,David Edwards,NO,OG,active,ACT,76,1997-03-20,78,308,Wisconsin,7,2019,5,169,LA,1
00-0036619,Dillon Radunz,NO,OG,ir,RES,77,1998-03-28,78,299,North Dakota State,5,2021,2,53,TEN,2
00-0041065,Jeremiah Wright,NO,OG,active,ACT,65,2001-09-05,77,331,Auburn,0,2026,4,132,NO,2
00-0038566,Nick Saldiveri,NO,OG,ir,RES,64,2000-08-14,78,316,Old Dominion,3,2023,4,103,NO,3
00-0036535,Will Sherman,NO,OG,active,ACT,66,1999-05-27,76,300,Colorado,5,2021,6,197,NE,3
00-0041330,Alan Herron,NO,OT,practice_squad,DEV,70,2003-01-02,75,308,Maryland; Shorter University,0,2026,,,,
00-0041336,Alex Wollschlaeger,NO,OT,practice_squad,DEV,79,2001-09-28,79,311,Kentucky; Bowling Green,0,2026,,,,
00-0038601,Asim Richards,NO,OT,active,ACT,72,2000-10-02,76,307,North Carolina,3,2023,5,169,DAL,2
00-0040539,Easton Kilty,NO,OT,practice_squad,DEV,73,2002-05-01,78,307,Kansas State; North Dakota,1,2025,,,,
00-0040125,Kelvin Banks Jr.,NO,OT,active,ACT,71,2004-03-10,77,315,Texas,1,2025,1,9,NO,1
00-0041173,Mason Murphy,NO,OT,active,INA,74,2002-06-21,77,315,Auburn; USC,0,2026,,,,2
00-0039339,Taliese Fuaga,NO,OT,active,ACT,75,2002-04-05,78,324,Oregon State,2,2024,1,14,NO,1
00-0037500,Ryan Wright,NO,P,active,ACT,17,2000-06-01,75,245,Tulane,4,2022,,,,1
00-0039376,Spencer Rattler,NO,QB,active,ACT,2,2000-09-28,72,211,South Carolina; Oklahoma,2,2024,5,150,NO,2
00-0040743,Tyler Shough,NO,QB,active,ACT,6,1999-09-28,77,219,Louisville; Texas Tech; Oregon,1,2025,2,40,NO,1
00-0037013,Zach Wilson,NO,QB,active,INA,11,1999-08-03,74,214,BYU,5,2021,1,2,NYJ,3
00-0033906,Alvin Kamara,NO,RB,active,INA,41,1995-07-25,70,215,Tennessee; Hutchinson CC; Alabama,9,2017,3,67,NO,2
00-0039373,Audric Estimé,NO,RB,ir,RES,30,2003-09-06,71,227,Notre Dame,2,2024,5,147,DEN,4
00-0041326,CJ Donaldson,NO,RB,active,ACT,43,2004-07-09,73,230,Ohio State; West Virginia,0,2026,,,,
00-0040202,Devin Neal,NO,RB,ir,RES,24,2003-08-12,71,215,Kansas,1,2025,6,184,NO,
00-0038551,Kendre Miller,NO,RB,active,ACT,5,2002-06-11,72,220,TCU,3,2023,3,71,NO,3
00-0036973,Travis Etienne,NO,RB,active,ACT,3,1999-01-26,70,215,Clemson,5,2021,1,25,JAX,1
00-0037276,Ty Chandler,NO,RB,ir,RES,32,1998-05-12,71,205,North Carolina,4,2022,5,169,MIN,5
00-0038040,Zamir White,NO,RB,practice_squad,DEV,26,1999-09-18,71,227,Georgia,4,2022,4,122,LV,
00-0040643,Jonas Sanker,NO,S,active,ACT,7,2002-11-23,73,210,Virginia,1,2025,3,93,NO,1
00-0036253,Julian Blackmon,NO,S,active,ACT,23,1998-08-24,72,204,Utah,6,2020,3,85,IND,1
00-0034361,Justin Reid,NO,S,active,ACT,21,1997-02-15,73,204,Stanford,8,2018,3,68,HOU,1
00-0036040,Juwan Johnson,NO,TE,active,ACT,83,1996-09-13,76,245,Oregon; Penn State,6,2020,,,,1
00-0040244,Moliki Matavao,NO,TE,ir,RES,80,2003-03-17,78,263,UCLA,1,2025,7,248,NO,4
00-0035644,Noah Fant,NO,TE,active,ACT,87,1997-11-20,76,249,Iowa,7,2019,1,20,DEN,2
00-0041041,Oscar Delp,NO,TE,active,INA,4,2003-08-04,77,245,Georgia,0,2026,3,73,NO,3
00-0037475,Stone Smartt,NO,TE,practice_squad,DEV,84,1998-10-04,76,226,Old Dominion,4,2022,,,,
00-0039518,Treyton Welch,NO,TE,active,ACT,82,2001-01-10,76,241,Wyoming,2,2024,,,,
00-0041099,Barion Brown,NO,WR,active,ACT,19,2003-12-12,71,177,LSU; Kentucky,0,2026,6,190,NO,2
00-0041451,Brock Rechsteiner,NO,WR,ir,RES,89,2002-08-21,74,222,Jacksonville State,0,2026,,,,
00-0041067,Bryce Lance,NO,WR,active,ACT,18,2002-08-20,75,204,North Dakota State,0,2026,4,136,NO,1
00-0038979,Cedric Tillman,NO,WR,practice_squad,DEV,13,2000-04-19,75,215,Tennessee,3,2023,3,74,CLE,
00-0037239,Chris Olave,NO,WR,active,ACT,12,2000-06-27,72,185,Ohio State,4,2022,1,11,NO,1
00-0039424,Devaughn Vele,NO,WR,active,ACT,14,1997-12-12,77,210,Utah,2,2024,7,235,DEN,1
00-0038740,Jalen Moreno-Cropper,NO,WR,practice_squad,DEV,85,2001-05-03,72,172,Fresno State,3,2023,,,,
00-0041029,Jordyn Tyson,NO,WR,ir,RES,0,2004-08-12,74,203,Arizona State; Colorado,0,2026,1,8,NO,2
00-0037231,Kevin Austin Jr.,NO,WR,active,ACT,81,2000-03-30,74,200,Notre Dame,4,2022,,,,
00-0040633,Kyrese Rowan,NO,WR,practice_squad,DEV,86,2001-01-25,70,185,Utah State; Utah,1,2025,,,,
00-0039623,Mason Tipton,NO,WR,ir,RES,15,2000-09-27,71,187,Yale,2,2024,,,,2
00-0039052,Trey Palmer,NO,WR,practice_squad,DEV,16,2001-04-02,73,190,Nebraska; LSU,3,2023,6,191,TB,
00-0039446,Bryan Hudson,NYG,C,active,ACT,60,2001-01-11,77,305,Louisville,2,2024,,,,2
00-0041234,Geno VanDeMark,NYG,C,practice_squad,DEV,69,2002-06-12,77,314,Alabama; Michigan State,0,2026,,,,
00-0039019,John Michael Schmitz,NYG,C,active,ACT,61,1999-04-19,76,320,Minnesota,3,2023,2,57,NYG,1
00-0039442,Kingsley Eguakun,NYG,C,practice_squad,DEV,67,2001-03-23,75,305,Florida,2,2024,,,,
00-0039821,Andru Phillips,NYG,CB,active,ACT,22,2001-11-30,71,180,Kentucky,2,2024,3,70,NYG,1
00-0036587,Ar'Darius Washington,NYG,CB,active,ACT,24,1999-11-02,68,178,TCU,5,2021,,,,2
00-0041462,Colton Hood,NYG,CB,active,ACT,12,2005-02-23,72,193,Tennessee; Colorado; Auburn,0,2026,2,37,NYG,2
00-0039000,Deonte Banks,NYG,CB,active,ACT,2,2001-04-03,74,200,Maryland,3,2023,1,24,NYG,2
00-0039823,Elijah Jones,NYG,CB,practice_squad,DEV,37,2000-01-08,73,184,Boston College,2,2024,3,90,ARI,
00-0036996,Greg Newsome II,NYG,CB,active,ACT,20,2000-05-18,72,192,Northwestern,5,2021,1,26,CLE,1
00-0038401,Jarrick Bernard-Converse,NYG,CB,ir,RES,35,2000-04-29,73,205,LSU; Oklahoma State,3,2023,6,204,NYJ,4
00-0040243,Korie Black,NYG,CB,ir,RES,38,2002-06-22,72,190,Oklahoma State,1,2025,7,246,NYG,3
00-0038986,Nic Jones,NYG,CB,active,INA,31,2001-10-15,72,189,Ball State,3,2023,7,250,KC,3
00-0036937,Paulson Adebo,NYG,CB,active,ACT,21,1999-07-03,73,193,Stanford,5,2021,3,76,NO,1
00-0039620,Rico Payton,NYG,CB,ir,RES,36,1999-11-28,72,182,Pittsburg State (KS); Southern Illinois,2,2024,,,,3
00-0041142,Thaddeus Dixon,NYG,CB,ir,RES,39,2002-02-20,73,195,North Carolina; Washington; Long Beach City College,0,2026,,,,4
00-0039176,Basil Okoye,NYG,DT,active,ACT,99,2001-10-20,78,315,,3,2023,,,,2
00-0041141,Ben Barten,NYG,DT,practice_squad,DEV,68,,,330,,0,2026,,,,
00-0041095,Bobby Jamison-Travis,NYG,DT,active,INA,97,2001-04-28,75,328,Auburn; Iowa Western CC,0,2026,6,186,NYG,2
00-0032424,DJ Reader,NYG,DT,active,ACT,98,1994-07-01,75,335,Clemson,10,2016,5,166,HOU,1
00-0040694,Darius Alexander,NYG,DT,active,ACT,91,2000-08-26,76,310,Toledo,1,2025,3,65,NYG,1
00-0033347,Josh Tupou,NYG,DT,practice_squad,DEV,94,1994-05-02,75,350,Colorado,9,2017,,,,
00-0032667,Roy Robertson-Harris,NYG,DT,ir,RES,95,1993-07-23,79,300,Texas-El Paso,10,2016,,,,3
00-0031270,Shelby Harris,NYG,DT,active,ACT,93,1991-08-11,74,290,Illinois State; Wisconsin,12,2014,7,235,LV,1
00-0040677,Abdul Carter,NYG,EDGE,active,ACT,3,2003-10-03,75,252,Penn State,1,2025,1,3,NYG,1
00-0035713,Brian Burns,NYG,EDGE,active,ACT,0,1998-04-23,77,250,Florida State,7,2019,1,16,CAR,1
00-0036982,Chauncey Golston,NYG,EDGE,active,ACT,57,1998-02-10,77,277,Iowa,5,2021,3,84,DAL,2
00-0037611,Kayvon Thibodeaux,NYG,EDGE,active,ACT,5,2000-12-15,77,258,Oregon,4,2022,1,5,NYG,2
00-0040434,Trace Ford,NYG,EDGE,practice_squad,DEV,48,2001-01-24,74,252,Oklahoma; Oklahoma State,1,2025,,,,
00-0041585,Grant Finley,NYG,FB,practice_squad,DEV,47,2003-08-19,76,281,Missouri Western,0,2026,,,,
00-0033376,Patrick Ricard,NYG,FB,active,ACT,45,1994-05-27,75,300,Maine,9,2017,,,,1
00-0041145,Dominic Zvada,NYG,K,active,ACT,34,2003-10-25,75,187,Michigan; Arkansas State,0,2026,,,,1
00-0041509,Arvell Reese,NYG,LB,active,ACT,52,2005-08-30,76,241,Ohio State,0,2026,1,5,NYG,1
00-0040108,Chandler Martin,NYG,LB,practice_squad,DEV,55,2002-12-11,72,230,Memphis; East Tennessee State,1,2025,,,,
00-0041102,Jack Kelly,NYG,LB,active,ACT,51,2003-01-02,74,240,BYU; Weber State,0,2026,6,193,NYG,2
00-0036280,Malik Harrison,NYG,LB,active,ACT,54,1998-03-05,75,245,Ohio State,6,2020,3,98,BAL,
00-0037259,Micah McFadden,NYG,LB,active,ACT,41,2000-01-03,74,232,Indiana,4,2022,5,146,NYG,2
00-0034673,Tremaine Edmunds,NYG,LB,active,ACT,49,1998-05-02,76,250,Virginia Tech,8,2018,1,16,BUF,1
00-0038399,Zaire Barnes,NYG,LB,active,ACT,46,1999-09-03,73,232,Western Michigan,3,2023,6,184,NYJ,3
00-0041143,Ben Mann,NYG,LS,active,ACT,58,2002-07-06,77,232,Boston College; Yale,0,2026,,,,1
00-0034668,Aaron Stinnie,NYG,OG,active,ACT,64,1994-02-18,75,312,James Madison,8,2018,,,,2
00-0041505,Francis Mauigoa,NYG,OG,active,ACT,65,2005-06-04,78,335,Miami,0,2026,1,10,NYG,1
00-0036246,Jon Runyan,NYG,OG,active,ACT,76,1997-08-08,76,307,Michigan,6,2020,6,192,GB,1
00-0036386,Andrew Thomas,NYG,OT,active,ACT,78,1999-01-22,77,315,Georgia,6,2020,1,4,NYG,1
00-0037194,Darian Kinnard,NYG,OT,practice_squad,DEV,75,1999-12-29,77,322,Kentucky,4,2022,5,145,KC,
00-0041101,J.C. Davis,NYG,OT,active,INA,74,2003-10-09,76,322,Illinois; New Mexico; Contra Costa,0,2026,6,192,NYG,2
00-0041578,Jarrod Gray,NYG,OT,practice_squad,DEV,79,2004-01-05,79,318,,0,2026,,,,
00-0033290,Jermaine Eluemunor,NYG,OT,active,ACT,72,1994-12-13,76,335,Texas A&M; Lackawanna JC,9,2017,5,159,BAL,1
00-0040181,Marcus Mbow,NYG,OT,active,ACT,71,2003-04-02,77,300,Purdue,1,2025,5,154,NYG,2
00-0041144,Ryan Schernecke,NYG,OT,practice_squad,DEV,70,2003-04-30,80,330,Kutztown,0,2026,,,,
00-0038094,Jordan Stout,NYG,P,active,ACT,15,1998-08-04,75,214,Penn State,4,2022,4,130,BAL,1
00-0038998,Jake Haener,NYG,QB,practice_squad,DEV,18,1999-03-10,73,200,Fresno State; Washington,3,2023,4,127,NO,
00-0031503,Jameis Winston,NYG,QB,active,ACT,19,1994-01-06,76,231,Florida State,11,2015,1,1,TB,2
00-0040691,Jaxson Dart,NYG,QB,active,ACT,6,2003-05-13,74,225,Mississippi; USC,1,2025,1,25,NYG,1
00-0040715,Cam Skattebo,NYG,RB,active,ACT,44,2002-02-05,71,215,Arizona State; Sacramento State,1,2025,4,105,NYG,1
00-0035250,Devin Singletary,NYG,RB,active,ACT,26,1997-09-03,67,203,Florida Atlantic,7,2019,3,74,BUF,4
00-0036893,Najee Harris,NYG,RB,active,INA,23,1998-03-09,73,230,Alabama,5,2021,1,24,PIT,3
00-0039384,Tyrone Tracy Jr.,NYG,RB,active,ACT,29,1999-11-23,71,210,Purdue; Iowa,2,2024,5,166,NYG,2
00-0034248,Elijah Campbell,NYG,S,active,ACT,28,1995-08-24,71,193,Northern Iowa,8,2018,,,,2
00-0036502,Jason Pinnock,NYG,S,active,INA,25,1999-06-30,72,200,Pittsburgh,5,2021,5,175,NYJ,2
00-0036998,Jevon Holland,NYG,S,active,ACT,8,2000-03-03,73,207,Oregon,5,2021,2,36,MIA,1
00-0037468,Raheem Layne,NYG,S,practice_squad,DEV,43,1999-07-02,71,192,Indiana,4,2022,,,,
00-0039861,Tyler Nubin,NYG,S,active,ACT,27,2001-06-14,74,210,Minnesota,2,2024,2,47,NYG,1
00-0031484,Chris Manhertz,NYG,TE,active,ACT,85,1992-04-10,78,235,Canisius College,11,2015,,,,
00-0037838,Isaiah Likely,NYG,TE,active,ACT,9,2000-04-18,76,241,Coastal Carolina,4,2022,4,139,BAL,1
00-0039847,Theo Johnson,NYG,TE,active,ACT,84,2001-02-26,78,264,Penn State,2,2024,4,107,NYG,2
00-0040225,Thomas Fidone II,NYG,TE,active,INA,86,2002-09-20,78,255,Nebraska,1,2025,7,219,NYG,3
00-0034419,Braxton Berrios,NYG,WR,active,ACT,87,1995-10-06,69,190,Miami,8,2018,6,210,NE,
00-0037837,Calvin Austin III,NYG,WR,ir,RES,82,1999-03-24,69,162,Memphis,4,2022,4,138,PIT,2
00-0038576,Charlie Jones,NYG,WR,practice_squad,DEV,89,1998-10-29,72,188,Purdue; Iowa,3,2023,4,131,CIN,
00-0040431,Dalen Cambre,NYG,WR,active,INA,83,2001-04-10,72,192,Louisiana,1,2025,,,,
00-0036309,Darnell Mooney,NYG,WR,active,ACT,17,1997-10-29,71,177,Tulane,6,2020,5,173,CHI,1
00-0035645,Gunner Olszewski,NYG,WR,ir,RES,80,1996-11-26,72,190,Bemidji State University,7,2019,,,,2
00-0038938,Jalin Hyatt,NYG,WR,practice_squad,DEV,81,2001-09-25,72,185,Tennessee,3,2023,3,73,NYG,
00-0041042,Malachi Fields,NYG,WR,active,ACT,88,2003-08-26,76,222,Notre Dame; Virginia,0,2026,3,74,NYG,1
00-0039337,Malik Nabers,NYG,WR,active,ACT,1,2003-07-28,72,200,LSU,2,2024,1,6,NYG,1
00-0031235,Odell Beckham Jr.,NYG,WR,active,ACT,13,1992-11-05,71,198,LSU,12,2014,1,12,NYG,2
00-0036604,Jordan Meredith,NYJ,C,active,ACT,67,1998-01-04,74,300,Western Kentucky,5,2021,,,,2
00-0036622,Josh Myers,NYJ,C,active,ACT,71,1998-07-16,77,312,Ohio State,5,2021,2,62,GB,1
00-0040133,Azareye'h Thomas,NYJ,CB,active,ACT,1,2004-07-06,73,198,Florida State,1,2025,3,73,NYJ,2
00-0036987,Brandon Stephens,NYJ,CB,active,ACT,21,1997-12-29,73,215,SMU; UCLA,5,2021,3,104,BAL,1
00-0041038,D'Angelo Ponds,NYJ,CB,active,INA,23,2005-01-13,68,182,Indiana; James Madison,0,2026,2,50,NYJ,2
00-0039372,Jarvis Brownlee Jr.,NYJ,CB,active,ACT,2,2001-07-13,70,194,Louisville; Florida,2,2024,5,146,TEN,1
00-0040397,Jordan Clark,NYJ,CB,practice_squad,DEV,33,2001-04-22,69,185,Notre Dame; Arizona State,1,2025,,,,
00-0041196,Mory Bamba,NYJ,CB,practice_squad,DEV,38,2000-11-21,74,190,BYU; Tyler JC,0,2026,,,,
00-0036986,Nahshon Wright,NYJ,CB,active,ACT,26,1998-09-23,76,190,Oregon State,5,2021,3,99,DAL,1
00-0039789,Qwan'tez Stiggers,NYJ,CB,active,ACT,37,2002-01-08,72,197,,2,2024,5,176,NYJ,2
00-0037830,Samuel Womack,NYJ,CB,practice_squad,DEV,22,1999-07-07,70,187,Toledo,4,2022,5,172,SF,
00-0036885,Tre Brown,NYJ,CB,ir,RES,30,1997-09-24,70,186,Oklahoma,5,2021,4,137,SEA,3
00-0041549,Darrell Jackson Jr.,NYJ,DT,active,ACT,95,2003-04-28,77,315,Florida State; Maryland,0,2026,4,103,NYJ,2
00-0033051,David Onyemata,NYJ,DT,active,ACT,93,1992-11-13,75,300,Manitoba (Canada),10,2016,4,120,NO,2
00-0034782,Harrison Phillips,NYJ,DT,active,ACT,97,1996-01-25,75,307,Stanford,8,2018,3,96,BUF,1
00-0036788,Jack Heflin,NYJ,DT,practice_squad,DEV,96,1998-03-08,75,304,Iowa,5,2021,,,,
00-0039431,Jowon Briggs,NYJ,DT,active,ACT,91,2001-09-01,73,313,Cincinnati; Virginia,2,2024,7,243,CLE,3
00-0040404,Payton Page,NYJ,DT,practice_squad,DEV,98,2002-09-27,76,300,Clemson,1,2025,,,,
00-0039886,T'Vondre Sweat,NYJ,DT,active,ACT,99,2001-07-11,76,366,Texas,2,2024,2,38,TEN,1
00-0039284,Braiden McGregor,NYJ,EDGE,active,ACT,55,2001-07-12,78,267,Michigan,2,2024,,,,2
00-0041026,David Bailey,NYJ,EDGE,active,ACT,31,2003-08-28,75,251,Texas Tech; Stanford,0,2026,1,2,NYJ,2
00-0036902,Joseph Ossai,NYJ,EDGE,active,INA,46,2000-04-13,76,253,Texas,5,2021,3,69,CIN,3
00-0037083,Kingsley Enagbare,NYJ,EDGE,active,ACT,52,2000-01-18,76,258,South Carolina,4,2022,5,179,GB,1
00-0037431,Kingsley Jonathan,NYJ,EDGE,ir,RES,57,1998-04-28,76,260,Syracuse,4,2022,,,,3
00-0039447,Nate Lynn,NYJ,EDGE,practice_squad,DEV,92,2002-07-06,75,255,William & Mary,2,2024,,,,
00-0040196,Tyler Baron,NYJ,EDGE,ir,RES,94,2001-10-22,76,260,Miami; Tennessee,1,2025,5,176,NYJ,4
00-0039142,Will McDonald IV,NYJ,EDGE,active,ACT,9,1999-06-04,76,245,Iowa State,3,2023,1,15,NYJ,1
00-0034959,Andrew Beck,NYJ,FB,active,ACT,47,1996-05-15,75,255,Texas,7,2019,,,,1
00-0038905,Blake Grupe,NYJ,K,active,INA,39,1998-11-05,67,156,Notre Dame; Arkansas State,3,2023,,,,1
00-0034794,Jason Sanders,NYJ,K,active,ACT,19,1995-11-16,71,186,New Mexico,8,2018,7,229,MIA,
00-0029607,Demario Davis,NYJ,LB,active,ACT,56,1989-01-11,74,239,Arkansas State,14,2012,3,77,NYJ,1
00-0040186,Francisco Mauigoa,NYJ,LB,active,ACT,51,2003-03-17,74,230,Miami; Washington State,1,2025,5,162,NYJ,1
00-0041410,Jaden Keller,NYJ,LB,practice_squad,DEV,48,2003-04-17,75,235,Virginia Tech,0,2026,,,,
00-0036500,Jamien Sherwood,NYJ,LB,active,ACT,44,2000-01-12,74,216,Auburn,5,2021,5,146,NYJ,1
00-0037526,Marcelino McCrary-Ball,NYJ,LB,active,ACT,41,1999-03-23,72,214,Indiana,4,2022,,,,2
00-0036300,Mykal Walker,NYJ,LB,ir,RES,43,1997-08-28,75,230,Fresno State,6,2020,4,119,ATL,
00-0040793,Paschal Ekeji,NYJ,LB,practice_squad,DEV,54,2002-03-19,76,233,,1,2025,,,,
00-0039347,Trevin Wallace,NYJ,LB,active,INA,49,2003-02-22,73,237,Kentucky,2,2024,3,72,CAR,2
00-0035617,Troy Reeder,NYJ,LB,practice_squad,DEV,50,1994-09-13,75,245,Delaware,7,2019,,,,
00-0033260,Thomas Hennessy,NYJ,LS,active,ACT,42,1994-06-11,74,246,Duke,9,2017,,,,1
00-0041097,Anez Cooper,NYJ,OG,ir,RES,72,2004-01-06,77,334,Miami,0,2026,6,188,NYJ,2
00-0037255,Dylan Parham,NYJ,OG,active,ACT,64,1999-08-24,75,311,Memphis,4,2022,3,90,LV,1
00-0039145,Joe Tippmann,NYJ,OG,active,ACT,66,2001-03-24,78,313,Wisconsin,3,2023,2,43,NYJ,1
00-0038194,Kohl Levao,NYJ,OG,practice_squad,DEV,60,1998-02-21,78,350,Hawaii; City College (SF),4,2022,,,,
00-0037748,Marquis Hayes,NYJ,OG,practice_squad,DEV,77,1999-02-14,77,318,Oklahoma,4,2022,7,257,ARI,
00-0037601,Xavier Newman-Johnson,NYJ,OG,practice_squad,DEV,65,1999-08-04,74,310,Baylor,4,2022,,,,
00-0040123,Armand Membou,NYJ,OT,active,ACT,70,2004-03-27,76,332,Missouri,1,2025,1,7,NYJ,1
00-0040034,Brant Banks,NYJ,OT,practice_squad,DEV,75,2000-05-01,79,306,Rice,1,2025,,,,
00-0034768,Chukwuma Okorafor,NYJ,OT,active,ACT,79,1997-08-08,78,320,Western Michigan,8,2018,3,92,PIT,2
00-0038114,Max Mitchell,NYJ,OT,active,ACT,61,1999-10-12,78,307,Louisiana-Lafayette,4,2022,4,111,NYJ,2
00-0039790,Olumuyiwa Fashanu,NYJ,OT,active,ACT,74,2002-12-09,78,312,Penn State,2,2024,1,11,NYJ,1
00-0039634,Austin McNamara,NYJ,P,active,ACT,14,2001-02-24,76,204,Texas Tech,2,2024,,,,1
00-0038108,Bailey Zappe,NYJ,QB,practice_squad,DEV,4,1999-04-26,73,220,Western Kentucky; Houston Christian University,4,2022,4,137,NE,
00-0041056,Cade Klubnik,NYJ,QB,active,ACT,10,2003-10-10,74,207,Clemson,0,2026,4,110,NYJ,2
00-0030565,Geno Smith,NYJ,QB,active,ACT,7,1990-10-10,75,221,West Virginia,13,2013,2,39,NYJ,1
00-0039794,Braelon Allen,NYJ,RB,active,ACT,0,2004-01-20,73,235,Wisconsin,2,2024,4,134,NYJ,2
00-0038120,Breece Hall,NYJ,RB,active,ACT,20,2001-05-31,71,220,Iowa State,4,2022,2,36,NYJ,1
00-0041239,Chip Trayanum,NYJ,RB,ir,RES,40,2002-01-02,71,227,Toledo; Kentucky; Ohio State; Arizona State,0,2026,,,,5
00-0040937,Dominic Richardson,NYJ,RB,ir,RES,35,,,204,,0,2026,,,,
00-0039798,Isaiah Davis,NYJ,RB,active,ACT,32,2002-02-21,73,220,South Dakota State,2,2024,5,173,NYJ,3
00-0036842,Kene Nwangwu,NYJ,RB,active,INA,3,1998-02-09,73,210,Iowa State,5,2021,4,119,MIN,4
00-0036941,Andre Cisco,NYJ,S,active,ACT,8,2000-03-23,72,210,Syracuse,5,2021,3,65,JAX,2
00-0038123,Dane Belton,NYJ,S,active,ACT,6,2000-12-07,73,205,Iowa,4,2022,4,114,NYG,1
00-0040165,Malachi Moore,NYJ,S,active,ACT,27,2001-09-13,71,196,Alabama,1,2025,4,130,NYJ,3
00-0034789,Minkah Fitzpatrick,NYJ,S,active,ACT,29,1996-11-17,73,202,Alabama,8,2018,1,11,MIA,1
00-0041120,VJ Payne,NYJ,S,ir,RES,34,2004-03-17,75,206,Kansas State,0,2026,7,228,NYJ,2
00-0041577,Connor Hulstein,NYJ,TE,ir,RES,49,,,247,,0,2026,,,,
00-0037755,Jelani Woods,NYJ,TE,active,ACT,86,1998-10-09,79,253,Virginia,4,2022,3,73,IND,4
00-0037805,Jeremy Ruckert,NYJ,TE,active,ACT,89,2000-08-11,77,250,Ohio State,4,2022,3,101,NYJ,3
00-0041032,Kenyon Sadiq,NYJ,TE,active,ACT,16,2005-03-04,75,241,Oregon,0,2026,1,16,NYJ,2
00-0040736,Mason Taylor,NYJ,TE,active,ACT,85,2004-05-08,77,251,LSU,1,2025,2,42,NYJ,1
00-0039890,Adonai Mitchell,NYJ,WR,active,ACT,15,2002-10-08,74,205,Texas; Georgia,2,2024,2,52,IND,1
00-0040582,Arian Smith,NYJ,WR,active,ACT,82,2001-10-11,72,179,Georgia,1,2025,4,110,NYJ,2
00-0037740,Garrett Wilson,NYJ,WR,active,ACT,5,2000-07-22,72,183,Ohio State,4,2022,1,10,NYJ,1
00-0039451,Isaiah Williams,NYJ,WR,active,ACT,18,2001-01-29,70,185,Illinois,2,2024,,,,2
00-0040405,Jamaal Pritchett,NYJ,WR,practice_squad,DEV,81,2003-06-10,68,175,South Alabama; Tuskegee University,1,2025,,,,
00-0041267,Malik McClain,NYJ,WR,practice_squad,DEV,84,2002-10-08,77,195,Arizona State; Penn State; Florida,0,2026,,,,
00-0041511,Omar Cooper Jr.,NYJ,WR,active,ACT,11,2003-12-14,72,199,Indiana,0,2026,1,30,NYJ,1
00-0033375,Tim Patrick,NYJ,WR,ir,RES,17,1993-11-23,77,212,Utah; Grossmont,9,2017,,,,2
00-0038112,Cam Jurgens,PHI,C,active,ACT,51,1999-08-21,75,303,Nebraska,4,2022,2,51,PHI,1
00-0040587,Drew Kendall,PHI,C,active,ACT,66,2001-11-27,76,308,Boston College,1,2025,5,168,PHI,2
00-0040422,Jake Majors,PHI,C,practice_squad,DEV,75,2002-01-17,75,306,Texas,1,2025,,,,
00-0040631,Willie Lampkin,PHI,C,active,ACT,61,2002-01-22,71,290,North Carolina; Coastal Carolina,1,2025,,,,3
00-0039841,Cooper DeJean,PHI,CB,active,ACT,33,2003-02-09,72,198,Iowa,2,2024,2,40,PHI,1
00-0039072,Jakorian Bennett,PHI,CB,ir,RES,23,2000-08-23,70,200,Maryland,3,2023,4,104,LV,4
00-0032580,Jonathan Jones,PHI,CB,active,ACT,32,1993-09-20,70,190,Auburn,10,2016,,,,2
00-0039140,Kelee Ringo,PHI,CB,active,ACT,7,2002-06-27,74,205,Georgia,3,2023,4,105,PHI,2
00-0040071,Mac McWilliams,PHI,CB,active,ACT,22,2001-11-29,70,191,UCF; UAB,1,2025,5,145,PHI,3
00-0036501,Michael Carter II,PHI,CB,active,ACT,35,1999-03-08,70,184,Duke,5,2021,5,154,NYJ,2
00-0039888,Quinyon Mitchell,PHI,CB,active,ACT,27,2001-07-18,72,196,Toledo,2,2024,1,22,PHI,1
00-0037079,Riq Woolen,PHI,CB,active,ACT,2,1999-05-02,76,210,Texas-San Antonio,4,2022,5,153,SEA,1
00-0040077,Robert Longerbeam,PHI,CB,practice_squad,DEV,38,2001-01-18,71,178,Rutgers,1,2025,6,212,BAL,
00-0038978,Byron Young,PHI,DT,active,ACT,94,2000-11-10,75,292,Alabama,3,2023,3,70,LV,2
00-0039265,Gabe Hall,PHI,DT,practice_squad,DEV,96,2001-01-12,78,292,Baylor,2,2024,,,,
00-0038386,Jalen Carter,PHI,DT,active,ACT,98,2001-04-04,75,314,Georgia,3,2023,1,9,PHI,1
00-0037073,Jordan Davis,PHI,DT,active,ACT,90,2000-01-12,78,336,Georgia,4,2022,1,13,PHI,
00-0038412,Moro Ojomo,PHI,DT,active,ACT,97,2001-08-15,75,292,Texas,3,2023,7,249,PHI,1
00-0040662,Ty Robinson,PHI,DT,active,ACT,95,2001-05-03,77,288,Nebraska,1,2025,4,111,PHI,2
00-0041580,Uar Bernard,PHI,DT,practice_squad,DEV,93,2004-10-10,76,306,,0,2026,7,251,PHI,
00-0036192,A.J. Epenesa,PHI,EDGE,active,ACT,57,1998-09-15,78,280,Iowa,6,2020,2,54,BUF,3
00-0038116,Arnold Ebiketie,PHI,EDGE,active,ACT,17,1999-01-23,75,256,Penn State,4,2022,2,38,ATL,2
00-0039740,Jalyx Hunt,PHI,EDGE,active,ACT,58,2001-03-13,75,252,Houston Christian University; Cornell,2,2024,3,94,PHI,2
00-0036224,Jonathan Greenard,PHI,EDGE,active,INA,52,1997-05-25,75,263,Florida; Louisville,6,2020,3,90,HOU,1
00-0040926,Joshua Weru,PHI,EDGE,practice_squad,DEV,46,2003-10-03,76,244,,0,2026,,,,
00-0040908,Keyshawn James-Newby,PHI,EDGE,practice_squad,DEV,50,2002-08-08,73,240,New Mexico; Idaho; Montana College of Technology,0,2026,7,252,PHI,
00-0041162,Mason Reiger,PHI,EDGE,practice_squad,DEV,43,2002-08-19,77,251,Wisconsin; Louisville,0,2026,,,,
00-0039013,Nolan Smith,PHI,EDGE,active,ACT,3,2001-01-18,74,235,Georgia,3,2023,1,30,PHI,1
00-0033787,Jake Elliott,PHI,K,active,ACT,4,1995-01-21,69,167,Memphis,9,2017,5,153,CIN,1
00-0037312,Chance Campbell,PHI,LB,practice_squad,DEV,59,1999-10-08,74,235,Mississippi,4,2022,6,219,TEN,
00-0039826,Jeremiah Trotter Jr.,PHI,LB,active,ACT,54,2002-12-24,72,225,Clemson,2,2024,5,155,PHI,2
00-0040708,Jihaad Campbell,PHI,LB,active,ACT,11,2004-02-24,75,235,Alabama,1,2025,1,31,PHI,1
00-0040013,Smael Mondon Jr.,PHI,LB,active,ACT,42,2003-02-13,74,225,Georgia,1,2025,5,161,PHI,2
00-0036418,Zack Baun,PHI,LB,active,ACT,53,1996-12-30,75,225,Wisconsin,6,2020,3,74,NO,1
00-0040925,Rocco Underwood,PHI,LS,active,ACT,41,2002-08-14,75,231,Florida,0,2026,,,,1
00-0039822,Kiran Amegadjie,PHI,OG,practice_squad,DEV,73,2002-02-01,77,326,Yale,2,2024,3,75,CHI,
00-0037002,Landon Dickerson,PHI,OG,active,ACT,69,1998-09-30,78,332,Alabama,5,2021,2,37,PHI,1
00-0040897,Micah Morris,PHI,OG,active,INA,76,2003-08-25,77,334,Georgia,0,2026,6,207,PHI,3
00-0039001,Tyler Steen,PHI,OG,active,ACT,56,2000-06-24,78,321,Alabama; Vanderbilt,3,2023,3,65,PHI,1
00-0034951,Fred Johnson,PHI,OT,active,ACT,74,1997-06-05,79,326,Florida,7,2019,,,,2
00-0038852,John Ojukwu,PHI,OT,practice_squad,DEV,67,1999-01-09,77,310,Boise State,3,2023,,,,
00-0034429,Jordan Mailata,PHI,OT,active,ACT,68,1997-03-31,80,365,,8,2018,7,233,PHI,1
00-0030561,Lane Johnson,PHI,OT,active,ACT,65,1990-05-08,78,325,Oklahoma; Kilgore,13,2013,1,4,PHI,1
00-0041554,Markel Bell,PHI,OT,active,ACT,72,2004-07-19,81,346,Miami; Holmes County JC,0,2026,3,68,PHI,2
00-0036313,Braden Mann,PHI,P,active,ACT,10,1997-11-24,71,198,Texas A&M,6,2020,6,191,NYJ,1
00-0027973,Andy Dalton,PHI,QB,active,ACT,14,1987-10-29,74,220,TCU,15,2011,2,35,CIN,2
00-0040891,Cole Payton,PHI,QB,active,INA,18,2002-10-26,74,232,North Dakota State,0,2026,5,178,PHI,4
00-0036389,Jalen Hurts,PHI,QB,active,ACT,1,1998-08-07,73,223,Oklahoma; Alabama,6,2020,2,53,PHI,1
00-0038400,Tanner McKee,PHI,QB,active,INA,16,2000-04-27,78,230,Stanford,3,2023,6,188,PHI,3
00-0039325,Carson Steele,PHI,RB,practice_squad,DEV,34,2002-10-21,72,225,UCLA; Ball State,2,2024,,,,
00-0037258,Dameon Pierce,PHI,RB,practice_squad,DEV,39,2000-02-19,70,215,Florida,4,2022,4,107,HOU,
00-0040586,Jaydon Blue,PHI,RB,practice_squad,DEV,30,2004-01-08,69,200,Texas,1,2025,5,149,DAL,
00-0034844,Saquon Barkley,PHI,RB,active,ACT,26,1997-02-09,72,233,Penn State,8,2018,1,2,NYG,1
00-0038555,Tank Bigsby,PHI,RB,active,ACT,8,2002-08-30,71,213,Auburn,3,2023,3,88,JAX,2
00-0039746,Will Shipley,PHI,RB,active,ACT,28,2002-08-29,71,210,Clemson,2,2024,4,127,PHI,3
00-0039267,Andre' Sam,PHI,S,ir,RES,32,1999-02-09,70,194,LSU; Marshall; McNeese State,2,2024,,,,2
00-0040749,Andrew Mukuba,PHI,S,active,ACT,24,2002-12-07,71,186,Texas; Clemson,1,2025,2,64,PHI,1
00-0040905,Cole Wisniewski,PHI,S,practice_squad,DEV,21,2002-03-09,75,219,Texas Tech; North Dakota State,0,2026,7,244,PHI,
00-0034993,Marcus Epps,PHI,S,active,ACT,29,1996-01-27,72,198,Wyoming,7,2019,6,191,MIN,1
00-0040923,Maximus Pulley,PHI,S,practice_squad,DEV,36,2002-09-11,71,200,Wofford; Western Kentucky,0,2026,,,,
00-0040929,Tucker Large,PHI,S,ir,RES,37,2001-08-23,71,183,Washington State; South Dakota State,0,2026,,,,3
00-0034351,Dallas Goedert,PHI,TE,active,ACT,88,1995-01-03,77,256,South Dakota State,8,2018,2,49,PHI,1
00-0038498,E.J. Jenkins,PHI,TE,active,ACT,84,1998-11-03,78,243,Georgia Tech; South Carolina; St. Francis PA,3,2023,,,,4
00-0041483,Eli Stowers,PHI,TE,ir,RES,87,2003-04-15,76,239,Vanderbilt; New Mexico State; Texas A&M,0,2026,2,54,PHI,3
00-0037086,Grant Calcaterra,PHI,TE,ir,RES,81,1998-12-04,76,240,SMU; Oklahoma,4,2022,6,198,PHI,5
00-0033246,Johnny Mundt,PHI,TE,active,ACT,83,1994-11-23,76,245,Oregon,9,2017,,,,2
00-0037132,Britain Covey,PHI,WR,active,ACT,85,1997-03-18,68,170,Utah,4,2022,,,,
00-0037828,Danny Gray,PHI,WR,practice_squad,DEV,82,1999-04-01,72,199,SMU,4,2022,3,105,SF,
00-0040024,Darius Cooper,PHI,WR,active,ACT,80,2001-11-22,71,210,Tarleton State,1,2025,,,,2
00-0036912,DeVonta Smith,PHI,WR,active,ACT,6,1998-11-14,72,170,Alabama,5,2021,1,10,PHI,1
00-0038393,Dontayvion Wicks,PHI,WR,active,ACT,13,2001-06-16,73,208,Virginia,3,2023,5,159,GB,1
00-0036980,Elijah Moore,PHI,WR,active,INA,19,2000-03-27,70,178,Mississippi,5,2021,2,34,NYJ,2
00-0039236,Johnny Wilson,PHI,WR,ir,RES,89,2001-04-03,78,228,Florida State; Arizona State,2,2024,6,185,PHI,3
00-0040867,Makai Lemon,PHI,WR,active,ACT,9,2004-06-02,71,192,USC,0,2026,1,20,PHI,1
00-0035662,Marquise Brown,PHI,WR,active,ACT,0,1997-06-04,69,170,Oklahoma; College of the Canyons,7,2019,1,25,BAL,2
00-0038496,Xavier Gipson,PHI,WR,practice_squad,DEV,88,2001-03-08,69,180,Stephen F. Austin State,3,2023,,,,
00-0036783,Ryan McCollum,PIT,C,active,ACT,62,1998-03-04,77,300,Texas A&M,5,2021,,,,2
00-0039896,Zach Frazier,PIT,C,active,ACT,54,2001-08-29,75,310,West Virginia,2,2024,2,51,PIT,1
00-0036617,Asante Samuel Jr.,PIT,CB,active,ACT,22,1999-10-03,70,180,Florida State,5,2021,2,47,LAC,2
00-0036504,Brandin Echols,PIT,CB,active,ACT,26,1997-10-16,70,178,Kentucky,5,2021,6,200,NYJ,2
00-0040322,Car'lin Vigers,PIT,CB,practice_squad,DEV,42,2000-08-16,74,200,Louisiana-Monroe; Independence Comm. College,1,2025,,,,
00-0039883,Daequan Hardy,PIT,CB,ir,RES,31,2001-06-13,69,178,Penn State,2,2024,6,219,BUF,3
00-0041393,Daylen Everette,PIT,CB,active,ACT,23,2004-05-06,73,196,Georgia,0,2026,3,85,PIT,2
00-0040341,Doneiko Slaughter,PIT,CB,active,ACT,40,2001-11-08,72,190,Arkansas; Tennessee,1,2025,,,,
00-0040232,Donte Kent,PIT,CB,ir,RES,34,2001-09-28,70,189,Central Michigan,1,2025,7,229,PIT,3
00-0033055,Jalen Ramsey,PIT,CB,active,ACT,5,1994-10-24,73,208,Florida State,10,2016,1,5,JAX,1
00-0035699,Jamel Dean,PIT,CB,active,ACT,35,1996-10-15,73,206,Auburn; Ohio State,7,2019,3,94,TB,1
00-0039167,Joey Porter Jr.,PIT,CB,active,INA,24,2000-07-26,74,194,Penn State,3,2023,2,32,PIT,1
00-0027969,Cameron Heyward,PIT,DT,active,ACT,97,1989-05-06,77,295,Ohio State,15,2011,1,31,PIT,1
00-0040678,Derrick Harmon,PIT,DT,active,ACT,99,2003-08-03,76,310,Oregon; Michigan State,1,2025,1,21,PIT,1
00-0037274,Esezi Otomewo,PIT,DT,practice_squad,DEV,93,1999-03-09,77,285,Minnesota,4,2022,5,165,MIN,
00-0041400,Gabe Rubio,PIT,DT,active,INA,96,2003-07-09,77,321,Notre Dame,0,2026,6,210,PIT,
00-0039110,Keeanu Benton,PIT,DT,active,ACT,95,2001-07-17,76,309,Wisconsin,3,2023,2,49,PIT,1
00-0041261,Kevin Jobity Jr.,PIT,DT,active,INA,92,2003-10-06,76,300,Syracuse,0,2026,,,,2
00-0039609,Kyler Baugh,PIT,DT,practice_squad,DEV,65,2001-11-28,74,295,Minnesota; Houston Christian University,2,2024,,,,
00-0039389,Logan Lee,PIT,DT,ir,RES,91,2000-06-12,77,291,Iowa,2,2024,6,178,PIT,2
00-0034810,Sebastian Joseph-Day,PIT,DT,active,ACT,69,1995-03-21,76,310,Rutgers,8,2018,6,195,LA,3
00-0040188,Yahya Black,PIT,DT,active,ACT,94,2002-04-21,77,330,Iowa,1,2025,5,164,PIT,2
00-0036333,Alex Highsmith,PIT,EDGE,active,ACT,56,1997-08-07,76,242,Charlotte,6,2020,3,102,PIT,1
00-0040176,Bradyn Swinson,PIT,EDGE,practice_squad,DEV,57,2002-07-04,76,255,LSU; Oregon,1,2025,5,146,NE,
00-0040160,Jack Sawyer,PIT,EDGE,active,ACT,33,2002-05-06,76,260,Ohio State,1,2025,4,123,PIT,2
00-0039931,Julius Welschof,PIT,EDGE,practice_squad,DEV,45,1997-03-12,78,266,Charlotte,2,2024,,,,
00-0038577,Nick Herbig,PIT,EDGE,active,ACT,51,2001-11-21,74,240,Wisconsin,3,2023,4,132,PIT,2
00-0033886,T.J. Watt,PIT,EDGE,active,ACT,90,1994-10-11,76,252,Wisconsin,9,2017,1,30,PIT,1
00-0031136,Chris Boswell,PIT,K,active,ACT,9,1991-03-16,74,185,Rice,12,2014,,,,1
00-0040231,Carson Bruener,PIT,LB,active,ACT,44,2001-06-06,73,226,Washington,1,2025,7,226,PIT,2
00-0035286,Cole Holcomb,PIT,LB,active,ACT,55,1996-07-30,73,240,North Carolina,7,2019,5,173,WAS,2
00-0039457,Jacoby Windmon,PIT,LB,practice_squad,DEV,53,2001-08-20,74,250,Michigan State; UNLV,2,2024,,,,
00-0036323,Patrick Queen,PIT,LB,active,ACT,6,1999-08-13,72,227,LSU,6,2020,1,28,BAL,1
00-0039741,Payton Wilson,PIT,LB,active,ACT,41,2000-04-21,76,242,N.C. State,2,2024,3,98,PIT,1
00-0034051,Christian Kuntz,PIT,LS,active,ACT,46,1994-04-13,73,228,Duquesne,9,2017,,,,1
00-0037336,Brock Hoffman,PIT,OG,active,ACT,67,1999-07-02,76,318,Virginia Tech; Coastal Carolina,4,2022,,,,2
00-0039716,Doug Nester,PIT,OG,practice_squad,DEV,72,2000-08-07,78,306,West Virginia; Virginia Tech,2,2024,,,,
00-0041396,Gennings Dunker,PIT,OG,active,INA,73,2003-05-08,77,319,Iowa,0,2026,3,96,PIT,2
00-0039358,Mason McCormick,PIT,OG,active,ACT,66,2000-05-25,77,315,South Dakota State,2,2024,4,119,PIT,1
00-0038645,Spencer Anderson,PIT,OG,active,ACT,74,2000-06-07,77,305,Maryland,3,2023,7,251,PIT,1
00-0039555,Steven Jones,PIT,OG,practice_squad,DEV,79,2000-09-06,77,340,Oregon,2,2024,,,,
00-0037480,Dylan Cook,PIT,OT,active,ACT,60,1998-01-11,78,305,Montana; Northern Montana State University,4,2022,,,,1
00-0036396,Jack Driscoll,PIT,OT,ir,RES,68,1997-04-01,77,312,Auburn; UMass Amherst,6,2020,4,145,PHI,2
00-0041482,Max Iheanachor,PIT,OT,active,ACT,71,2003-10-19,78,321,Arizona State,0,2026,1,21,PIT,2
00-0039871,Troy Fautanu,PIT,OT,active,ACT,76,2000-10-11,76,317,Washington,2,2024,1,20,PIT,1
00-0033729,Cameron Johnston,PIT,P,active,ACT,19,1992-02-24,71,194,Ohio State,9,2017,,,,1
00-0023459,Aaron Rodgers,PIT,QB,active,ACT,8,1983-12-02,74,225,California; Butte College,21,2005,1,24,GB,1
00-0041565,Drew Allar,PIT,QB,active,INA,16,2004-03-08,77,228,Penn State,0,2026,3,76,PIT,4
00-0034771,Mason Rudolph,PIT,QB,active,ACT,2,1995-07-17,77,235,Oklahoma State,8,2018,3,76,PIT,2
00-0040203,Will Howard,PIT,QB,active,INA,18,2001-09-24,76,235,Ohio State; Kansas State,1,2025,6,185,PIT,3
00-0041490,Eli Heidenreich,PIT,RB,active,ACT,29,2003-07-28,72,198,Navy,0,2026,7,230,PIT,3
00-0037228,Jaylen Warren,PIT,RB,active,ACT,30,1998-11-01,68,215,Oklahoma State,4,2022,,,,1
00-0038409,Lew Nichols III,PIT,RB,practice_squad,DEV,31,2001-08-16,70,222,Central Michigan,3,2023,7,235,GB,
00-0036139,Rico Dowdle,PIT,RB,active,ACT,13,1998-06-14,71,215,South Carolina,6,2020,,,,2
00-0035594,Travis Homer,PIT,RB,practice_squad,DEV,21,1998-08-07,70,211,Miami,7,2019,6,204,SEA,
00-0040914,Bishop Fitzgerald,PIT,S,practice_squad,DEV,38,2003-07-14,71,201,USC; N.C. State; Coffeyville CC,0,2026,,,,
00-0034277,DeShon Elliott,PIT,S,ir,RES,25,1997-04-21,73,210,Texas,8,2018,6,190,BAL,2
00-0038135,Jaquan Brisker,PIT,S,active,ACT,3,1999-04-20,73,202,Penn State; Lackawanna JC,4,2022,2,48,CHI,1
00-0033941,Rayshawn Jenkins,PIT,S,active,ACT,20,1994-01-25,73,220,Miami,9,2017,4,113,LAC,1
00-0041401,Robert Spears-Jennings,PIT,S,active,ACT,28,2004-01-25,73,205,Oklahoma,0,2026,7,224,PIT,
00-0040527,Sebastian Castro,PIT,S,practice_squad,DEV,49,2000-10-14,71,203,Iowa,1,2025,,,,
00-0038558,Darnell Washington,PIT,TE,active,ACT,80,2001-08-17,79,265,Georgia,3,2023,3,93,PIT,2
00-0041263,Lake McRee,PIT,TE,practice_squad,DEV,81,2002-09-04,76,250,USC,0,2026,,,,
00-0036894,Pat Freiermuth,PIT,TE,active,ACT,88,1998-10-25,77,258,Penn State,5,2021,2,55,PIT,1
00-0041398,Riley Nowakowski,PIT,TE,active,ACT,37,2002-06-30,74,250,Indiana; Wisconsin,0,2026,5,169,PIT,1
00-0033757,Robert Tonyan,PIT,TE,active,ACT,85,1994-04-30,77,237,Indiana State,9,2017,,,,3
00-0036862,Ben Skowronek,PIT,WR,active,ACT,15,1997-06-27,75,224,Notre Dame; Northwestern,5,2021,7,249,LA,2
00-0037382,Brandon Johnson,PIT,WR,practice_squad,DEV,82,1998-07-26,74,208,UCF; Tennessee,4,2022,,,,
00-0036775,Brandon Smith,PIT,WR,practice_squad,DEV,87,1998-12-10,74,215,Iowa,5,2021,,,,
00-0039626,Cole Burgess,PIT,WR,ir,RES,85,2000-02-11,73,200,Cortland State Of New York,2,2024,,,,3
00-0035640,DK Metcalf,PIT,WR,active,ACT,4,1997-12-14,76,235,Mississippi,7,2019,2,64,SEA,1
00-0041489,Germie Bernard,PIT,WR,active,ACT,17,2003-12-02,73,206,Alabama; Washington; Michigan State,0,2026,2,47,PIT,2
00-0041397,Kaden Wetjen,PIT,WR,active,ACT,10,2002-03-09,69,193,Iowa; Iowa Western CC,0,2026,4,121,PIT,2
00-0040618,Max Hurleman,PIT,WR,practice_squad,DEV,84,2001-10-19,71,202,Notre Dame; Colgate,1,2025,,,,
00-0036252,Michael Pittman,PIT,WR,active,ACT,11,1997-10-05,76,220,USC,6,2020,2,34,IND,1
00-0039739,Roman Wilson,PIT,WR,active,ACT,14,2001-06-19,72,192,Michigan,2,2024,3,84,PIT,1
00-0040764,Federico Maranges,SEA,C,practice_squad,DEV,62,2001-10-05,75,300,Florida Atlantic,1,2025,,,,
00-0039926,Jalen Sundell,SEA,C,active,ACT,61,1999-10-18,77,300,North Dakota State,2,2024,,,,1
00-0038593,Olu Oluwatimi,SEA,C,active,ACT,55,1999-08-05,75,307,Michigan; Virginia,3,2023,5,154,SEA,2
00-0040903,Andre Fuller,SEA,CB,practice_squad,DEV,35,2002-04-08,73,200,Toledo; University of Arkansas at Pine Bluff,0,2026,7,236,SEA,
00-0041382,Avery Smith,SEA,CB,active,ACT,27,2004-07-01,71,196,Toledo,0,2026,,,,3
00-0039169,Devon Witherspoon,SEA,CB,active,ACT,21,2000-12-11,72,185,Illinois,3,2023,1,5,SEA,1
00-0037137,Josh Jobe,SEA,CB,active,ACT,29,1998-04-09,71,189,Alabama,4,2022,,,,1
00-0040873,Julian Neal,SEA,CB,active,ACT,1,2003-02-12,74,203,Arkansas; Fresno State,0,2026,3,99,SEA,2
00-0040910,Michael Dansby,SEA,CB,practice_squad,DEV,37,2004-07-22,71,185,Arizona; San Jose State,0,2026,7,255,SEA,
00-0039795,Nehemiah Pritchett,SEA,CB,active,ACT,28,2001-02-11,72,190,Auburn,2,2024,5,136,SEA,2
00-0040733,Nick Emmanwori,SEA,CB,active,INA,3,2004-02-07,75,220,South Carolina,1,2025,2,35,SEA,1
00-0036361,Trevon Diggs,SEA,CB,practice_squad,DEV,16,1998-09-20,73,203,Alabama,6,2020,2,51,DAL,
00-0038694,Brandon Pili,SEA,DT,active,ACT,95,1999-04-02,75,334,USC,3,2023,,,,2
00-0039309,Byron Murphy II,SEA,DT,active,ACT,91,2002-09-08,72,308,Texas,2,2024,1,16,SEA,1
00-0040904,Deven Eastern,SEA,DT,practice_squad,DEV,97,2003-04-05,78,320,Minnesota,0,2026,7,242,SEA,
00-0032387,Jarran Reed,SEA,DT,active,ACT,90,1992-12-16,75,315,Alabama; East Mississippi JC,10,2016,2,49,SEA,1
00-0031933,Leonard Williams,SEA,DT,active,ACT,99,1994-06-20,77,310,USC,11,2015,1,6,NYJ,1
00-0038591,Mike Morris,SEA,DT,active,INA,94,2001-04-22,78,306,Michigan,3,2023,5,151,SEA,2
00-0040647,Rylie Mills,SEA,DT,active,ACT,98,2001-08-20,77,295,Notre Dame,1,2025,5,142,SEA,2
00-0040975,Uso Seumalo,SEA,DT,practice_squad,DEV,92,2002-05-17,75,340,Kansas State; Garden City CC,0,2026,,,,
00-0040972,Aidan Hubbard,SEA,EDGE,practice_squad,DEV,93,2003-03-15,76,260,Northwestern,0,2026,,,,
00-0040061,Connor O'Toole,SEA,EDGE,active,ACT,57,2002-08-27,75,248,Utah,1,2025,,,,3
00-0032052,Dante Fowler Jr.,SEA,EDGE,active,ACT,56,1994-08-03,75,264,Florida,11,2015,1,3,JAX,2
00-0031411,DeMarcus Lawrence,SEA,EDGE,active,ACT,0,1992-04-28,75,254,Boise State; Butler County JC,12,2014,2,34,DAL,1
00-0039047,Derick Hall,SEA,EDGE,active,ACT,58,2001-03-19,75,260,Auburn,3,2023,2,37,SEA,2
00-0040973,Marvin Jones Jr.,SEA,EDGE,practice_squad,DEV,59,2004-06-08,77,245,Oklahoma; Florida State; Georgia,0,2026,,,,
00-0034350,Uchenna Nwosu,SEA,EDGE,active,ACT,7,1996-12-28,74,265,USC,8,2018,2,48,LAC,1
00-0038488,Brady Russell,SEA,FB,active,ACT,38,1998-08-31,75,250,Colorado,3,2023,,,,1
00-0040649,Robbie Ouzts,SEA,FB,ir,RES,40,2002-09-06,75,274,Alabama,1,2025,5,175,SEA,2
00-0031492,Jason Myers,SEA,K,active,ACT,5,1991-05-12,70,190,Marist,11,2015,,,,1
00-0037003,Chazz Surratt,SEA,LB,active,ACT,44,1997-02-16,74,233,North Carolina,5,2021,3,78,MIN,3
00-0038922,Drake Thomas,SEA,LB,active,ACT,32,2000-02-25,71,228,N.C. State,3,2023,,,,1
00-0036994,Ernest Jones,SEA,LB,active,ACT,13,1999-11-22,74,230,South Carolina,5,2021,3,103,LA,1
00-0038764,Patrick O'Connell,SEA,LB,active,ACT,52,1998-12-31,73,230,Montana,3,2023,,,,2
00-0039815,Tyrice Knight,SEA,LB,active,ACT,48,1999-12-20,72,235,Texas-El Paso; Independence Comm. College,2,2024,4,118,SEA,2
00-0038769,Chris Stoll,SEA,LS,active,ACT,41,1998-08-03,74,255,Penn State,3,2023,,,,1
00-0039020,Anthony Bradford,SEA,OG,active,ACT,75,2001-04-28,76,335,LSU,3,2023,4,108,SEA,1
00-0040882,Beau Stephens,SEA,OG,active,INA,70,2002-11-01,77,315,Iowa,0,2026,5,148,SEA,2
00-0040650,Bryce Cabeldue,SEA,OG,active,INA,77,2001-09-04,76,308,Kansas,1,2025,6,192,SEA,3
00-0039839,Christian Haynes,SEA,OG,active,ACT,64,2000-04-13,75,317,Connecticut,2,2024,3,81,SEA,2
00-0040639,Grey Zabel,SEA,OG,active,ACT,76,2002-03-30,78,316,North Dakota State,1,2025,1,18,SEA,1
00-0040652,Mason Richman,SEA,OG,ir,RES,78,2002-05-07,77,310,Iowa,1,2025,7,234,SEA,3
00-0037812,Abraham Lucas,SEA,OT,active,ACT,72,1998-10-15,78,319,Washington State,4,2022,3,72,SEA,1
00-0040059,Amari Kight,SEA,OT,ir,RES,79,2000-12-21,79,318,UCF; Alabama,1,2025,,,,
00-0031622,Bobby Hart,SEA,OT,practice_squad,DEV,68,1994-08-21,77,310,Florida State,11,2015,7,226,NYG,
00-0037821,Charles Cross,SEA,OT,active,ACT,67,2000-11-25,77,317,Mississippi State,4,2022,1,9,SEA,1
00-0036363,Josh Jones,SEA,OT,active,ACT,74,1997-06-22,79,339,Houston,6,2020,3,72,ARI,2
00-0040495,Logan Brown,SEA,OT,practice_squad,DEV,73,2001-04-17,78,315,Kansas; Wisconsin,1,2025,,,,
00-0034160,Michael Dickson,SEA,P,active,ACT,4,1996-01-04,74,208,Texas,8,2018,5,149,SEA,1
00-0035704,Drew Lock,SEA,QB,active,ACT,2,1996-11-10,76,228,Missouri,7,2019,2,42,DEN,2
00-0040673,Jalen Milroe,SEA,QB,active,INA,6,2002-12-13,74,216,Alabama,1,2025,3,92,SEA,3
00-0034869,Sam Darnold,SEA,QB,active,ACT,14,1997-06-05,75,225,USC,8,2018,1,3,NYJ,1
00-0038797,Emanuel Wilson,SEA,RB,active,ACT,23,1999-05-08,70,226,Fort Valley State College,3,2023,,,,3
00-0039299,George Holani,SEA,RB,active,ACT,36,1999-12-16,70,210,Boise State,2,2024,,,,2
00-0040067,Jacardia Wright,SEA,RB,practice_squad,DEV,31,2000-09-26,72,220,Missouri State; Kansas State,1,2025,,,,
00-0041512,Jadarian Price,SEA,RB,active,ACT,8,2003-10-09,71,209,Notre Dame,0,2026,1,32,SEA,1
00-0037745,Velus Jones Jr.,SEA,RB,active,ACT,33,1997-05-11,72,204,Tennessee; USC,4,2022,3,71,CHI,
00-0039165,Zach Charbonnet,SEA,RB,ir,RES,26,2001-01-08,73,220,UCLA; Michigan,3,2023,2,52,SEA,4
00-0038866,AJ Finley,SEA,S,active,ACT,30,2001-09-14,74,205,Mississippi,3,2023,,,,
00-0041463,Bud Clark,SEA,S,ir,RES,9,2002-05-03,73,188,TCU,0,2026,2,64,SEA,2
00-0037332,D'Anthony Bell,SEA,S,practice_squad,DEV,23,1996-10-17,73,211,University of West Florida,4,2022,,,,
00-0034974,Julian Love,SEA,S,active,ACT,20,1998-03-19,71,193,Notre Dame,7,2019,4,108,NYG,1
00-0040026,Maxen Hook,SEA,S,practice_squad,DEV,43,2001-08-19,72,205,Toledo,1,2025,,,,
00-0037323,Rodney Thomas,SEA,S,active,ACT,24,1998-06-26,73,196,Yale,4,2022,7,239,IND,
00-0038765,Ty Okada,SEA,S,active,INA,39,1999-06-04,71,200,Montana State,3,2023,,,,1
00-0039793,AJ Barner,SEA,TE,active,ACT,88,2002-05-03,78,251,Michigan; Indiana,2,2024,4,121,SEA,1
00-0040739,Elijah Arroyo,SEA,TE,active,ACT,18,2003-04-05,77,254,Miami,1,2025,2,50,SEA,3
00-0033576,Eric Saubert,SEA,TE,active,ACT,81,1994-05-09,77,248,Drake,9,2017,5,174,ATL,2
00-0040058,Nick Kallerup,SEA,TE,active,INA,89,2001-03-27,77,266,Minnesota,1,2025,,,,4
00-0033908,Cooper Kupp,SEA,WR,active,ACT,10,1993-06-15,74,208,Eastern Washington,9,2017,3,69,LA,1
00-0040895,Emmanuel Henderson Jr.,SEA,WR,practice_squad,DEV,84,2003-03-21,73,185,Kansas; Alabama,0,2026,6,199,SEA,
00-0037156,Irvin Charles,SEA,WR,ir,RES,85,1997-04-13,76,219,"Indiana PA,  University of; Penn State",4,2022,,,,2
00-0038752,Jake Bobo,SEA,WR,ir,RES,19,1998-08-04,76,211,UCLA; Duke,3,2023,,,,3
00-0038543,Jaxon Smith-Njigba,SEA,WR,active,ACT,11,2002-02-14,72,198,Ohio State,3,2023,1,20,SEA,1
00-0039329,Julian Hicks,SEA,WR,practice_squad,DEV,1,1999-09-29,74,201,Albany; Akron; Central Michigan,2,2024,,,,
00-0040621,Montorie Foster Jr,SEA,WR,active,ACT,87,2001-08-03,71,186,Michigan State,1,2025,,,,2
00-0037545,Rashid Shaheed,SEA,WR,active,ACT,22,1998-08-31,72,180,Weber State,4,2022,,,,1
00-0040653,Ricky White III,SEA,WR,practice_squad,DEV,86,2002-02-06,73,184,UNLV; Michigan State,1,2025,7,238,SEA,
00-0040648,Tory Horton,SEA,WR,active,INA,15,2002-11-29,74,196,Colorado State; Nevada,1,2025,5,166,SEA,2
00-0035743,Brett Toth,SF,C,ir,RES,78,1996-09-01,78,304,Army,7,2019,,,,3
00-0039700,Drake Nugent,SF,C,practice_squad,DEV,66,2001-02-09,73,301,Michigan; Stanford,2,2024,,,,
00-0032701,Jake Brendel,SF,C,active,ACT,64,1992-09-10,76,299,UCLA,10,2016,,,,1
00-0038615,Jarrett Patterson,SF,C,active,ACT,58,1999-09-01,76,310,Notre Dame,3,2023,6,201,HOU,2
00-0039333,Brandon Codrington,SF,CB,practice_squad,DEV,17,2000-11-17,69,185,North Carolina Central,2,2024,,,,
00-0036563,Deommodore Lenoir,SF,CB,active,ACT,2,1999-10-06,70,202,Oregon,5,2021,5,172,SF,1
00-0041068,Ephesians Prysock,SF,CB,active,INA,28,2003-02-28,76,196,Washington; Arizona,0,2026,4,139,SF,2
00-0038039,Jack Jones,SF,CB,active,ACT,25,1997-12-20,71,175,Arizona State,4,2022,4,121,NE,2
00-0040559,Jakob Robinson,SF,CB,practice_squad,DEV,43,2000-10-04,70,181,BYU; Utah State,1,2025,,,,
00-0036871,Nate Hobbs,SF,CB,ir,RES,22,1999-06-24,73,195,Illinois,5,2021,5,167,LV,3
00-0039345,Renardo Green,SF,CB,active,ACT,0,2000-11-09,72,186,Florida State,2,2024,2,64,SF,1
00-0040152,Upton Stout,SF,CB,active,ACT,20,2002-01-09,69,182,Western Kentucky; North Texas,1,2025,3,100,SF,1
00-0040721,Alfred Collins,SF,DT,ir,RES,95,2001-10-08,77,332,Texas,1,2025,2,43,SF,1
00-0040711,CJ West,SF,DT,active,ACT,99,2002-06-12,73,316,Indiana; Kent State,1,2025,4,113,SF,1
00-0041557,Gracen Halton,SF,DT,active,ACT,93,2004-01-27,75,293,Oklahoma,0,2026,4,107,SF,2
00-0041363,James Thompson Jr.,SF,DT,active,ACT,96,2002-08-29,78,308,Illinois; Wisconsin,0,2026,,,,
00-0035026,Kevin Givens,SF,DT,practice_squad,DEV,90,1997-03-01,73,285,Penn State,7,2019,,,,
00-0034807,Ogbo Okoronkwo,SF,DT,active,ACT,59,1995-04-24,74,253,Oklahoma,8,2018,5,160,LA,
00-0036942,Osa Odighizuwa,SF,DT,active,ACT,92,1998-08-13,74,280,UCLA,5,2021,3,75,DAL,1
00-0040560,Sebastian Valdez,SF,DT,practice_squad,DEV,55,2002-08-01,75,301,Washington; Montana State,1,2025,,,,
00-0036896,Victor Dimukeje,SF,DT,ir,RES,96,1999-11-18,74,265,Duke,5,2021,6,210,ARI,
00-0040950,Vincent Anthony Jr.,SF,DT,practice_squad,DEV,98,2004-04-26,78,258,Duke,0,2026,,,,
00-0038865,Andrew Farmer,SF,EDGE,ir,RES,50,2000-04-19,76,250,Lane College,3,2023,,,,3
00-0039148,Keion White,SF,EDGE,active,ACT,56,1999-01-20,77,286,Georgia Tech; Old Dominion,3,2023,2,46,NE,1
00-0036341,Khalid Kareem,SF,EDGE,active,ACT,47,1998-04-28,76,265,Notre Dame,6,2020,5,147,CIN,2
00-0041360,Mikail Kamara,SF,EDGE,ir,RES,59,2001-10-10,73,262,Indiana; James Madison,0,2026,,,,4
00-0040660,Mykel Williams,SF,EDGE,ir,RES,98,2004-06-29,77,265,Georgia,1,2025,1,11,SF,4
00-0035717,Nick Bosa,SF,EDGE,active,ACT,97,1997-10-23,76,266,Ohio State,7,2019,1,2,SF,1
00-0041556,Romello Height,SF,EDGE,active,ACT,94,2001-04-13,75,239,Texas Tech; Georgia Tech; USC; Auburn,0,2026,3,70,SF,2
00-0037602,Sam Okuayinonu,SF,EDGE,ir,RES,91,1998-05-01,73,269,Maryland,4,2022,,,,3
00-0029892,Kyle Juszczyk,SF,FB,active,ACT,44,1991-04-23,74,235,Harvard,13,2013,4,130,BAL,1
00-0034173,Eddy Pineiro,SF,K,active,ACT,18,1995-09-13,71,190,Florida,8,2018,,,,1
00-0034982,Dre Greenlaw,SF,LB,active,ACT,57,1997-05-25,72,230,Arkansas,7,2019,5,148,SF,1
00-0034815,Fred Warner,SF,LB,active,ACT,54,1996-11-19,75,230,BYU,8,2018,3,70,SF,1
00-0036844,Garret Wallow,SF,LB,active,ACT,49,1999-01-25,74,230,TCU,5,2021,5,170,HOU,2
00-0041078,Jaden Dugger,SF,LB,active,ACT,53,2004-02-26,77,240,Louisiana; Georgetown,0,2026,5,154,SF,3
00-0038648,Jalen Graham,SF,LB,practice_squad,DEV,41,2001-01-11,75,220,Purdue,3,2023,7,255,SF,
00-0035413,Luke Gifford,SF,LB,active,ACT,51,1995-08-28,75,245,Nebraska,7,2019,,,,3
00-0040135,Nick Martin,SF,LB,ir,RES,45,2002-10-13,71,220,Oklahoma State,1,2025,3,75,SF,4
00-0039435,Tatum Bethune,SF,LB,active,INA,48,2001-02-19,72,230,Florida State; UCF,2,2024,7,251,SF,2
00-0027224,Jon Weeks,SF,LS,active,ACT,46,1986-02-17,70,242,Baylor,16,2010,,,,1
00-0041061,Carver Willis,SF,OG,active,ACT,74,2002-04-20,77,303,Washington; Kansas State,0,2026,4,127,SF,2
00-0040245,Connor Colby,SF,OG,active,ACT,75,2003-01-16,77,310,Iowa,1,2025,7,249,SF,1
00-0039351,Dominick Puni,SF,OG,active,ACT,77,2000-02-24,77,313,Kansas; Central Missouri,2,2024,3,86,SF,1
00-0037831,Nick Zakelj,SF,OG,ir,RES,63,1999-06-22,78,316,Fordham,4,2022,6,187,SF,3
00-0035829,Austen Pleasants,SF,OT,ir,RES,62,1997-08-22,79,330,Ohio,6,2020,,,,4
00-0036256,Colton McKivitz,SF,OT,active,ACT,68,1996-08-09,78,301,West Virginia,6,2020,5,153,SF,1
00-0041090,Enrique Cruz,SF,OT,active,INA,69,2003-08-04,77,313,Kansas,0,2026,5,179,SF,3
00-0036584,Foster Sarell,SF,OT,practice_squad,DEV,70,1998-08-28,78,315,Stanford,5,2021,,,,
00-0036448,Isaac Alarcon,SF,OT,practice_squad,DEV,67,1998-07-27,79,320,,6,2020,,,,
00-0027857,Trent Williams,SF,OT,active,ACT,71,1988-07-19,77,320,Oklahoma,16,2010,1,4,WAS,1
00-0037287,Vederian Lowe,SF,OT,active,ACT,76,1999-04-17,77,315,Illinois,4,2022,6,184,MIN,2
00-0035821,Corliss Waitman,SF,P,active,ACT,15,1995-07-21,74,210,South Alabama,6,2020,,,,1
00-0037834,Brock Purdy,SF,QB,active,ACT,13,1999-12-27,73,220,Iowa State,4,2022,7,262,SF,1
00-0040589,Kurtis Rourke,SF,QB,active,INA,14,2000-10-25,76,223,Indiana,1,2025,7,227,SF,3
00-0036972,Mac Jones,SF,QB,active,ACT,10,1998-09-05,75,220,Alabama,5,2021,1,15,NE,2
00-0033280,Christian McCaffrey,SF,RB,active,ACT,23,1996-06-07,71,210,Stanford,9,2017,1,8,CAR,1
00-0039363,Isaac Guerendo,SF,RB,ir,RES,31,2000-06-28,72,221,Louisville; Wisconsin,2,2024,4,129,SF,4
00-0040177,Jordan James,SF,RB,active,INA,29,2004-03-29,69,210,Oregon,1,2025,5,147,SF,3
00-0041052,Kaelon Black,SF,RB,active,ACT,26,2001-10-17,69,208,Indiana; James Madison,0,2026,3,90,SF,2
00-0037509,Sincere McCormick,SF,RB,practice_squad,DEV,35,2000-09-10,69,205,Texas-San Antonio,4,2022,,,,
00-0036329,Ashtyn Davis,SF,S,active,ACT,24,1996-10-10,73,205,California,6,2020,3,68,NYJ,3
00-0036638,Darrick Forrest,SF,S,ir,RES,29,1999-05-22,71,200,Cincinnati,5,2021,5,163,WAS,3
00-0041362,Jalen Stroman,SF,S,practice_squad,DEV,38,2003-05-22,72,201,Notre Dame; Virginia Tech,0,2026,,,,
00-0038554,Ji'Ayir Brown,SF,S,active,ACT,27,2000-01-25,71,202,Penn State; Lackawanna JC,3,2023,3,87,SF,1
00-0039360,Malik Mustapha,SF,S,active,ACT,6,2002-06-25,70,206,Wake Forest,2,2024,4,124,SF,1
00-0040185,Marques Sigle,SF,S,active,ACT,36,2002-07-18,71,197,Kansas State; North Dakota State,1,2025,5,160,SF,2
00-0034391,Siran Neal,SF,S,active,ACT,33,1994-08-04,72,205,Jacksonville State,8,2018,5,154,BUF,2
00-0038643,Brayden Willis,SF,TE,practice_squad,DEV,9,1999-11-11,76,240,Oklahoma,3,2023,7,247,SF,
00-0033288,George Kittle,SF,TE,active,ACT,85,1993-10-09,76,250,Iowa,9,2017,5,146,SF,1
00-0037112,Jake Tonges,SF,TE,active,ACT,88,1999-07-08,76,240,California,4,2022,,,,2
00-0041357,Khalil Dinkins,SF,TE,practice_squad,DEV,43,2002-05-29,76,226,Penn State,0,2026,,,,
00-0036887,Luke Farrell,SF,TE,active,ACT,89,1997-10-14,77,250,Ohio State,5,2021,5,145,JAX,3
00-0034775,Christian Kirk,SF,WR,ir,RES,3,1996-11-18,71,200,Texas A&M,8,2018,2,47,ARI,3
00-0041035,De'Zhaun Stribling,SF,WR,active,ACT,7,2002-12-18,74,207,Mississippi; Oklahoma State; Washington State,0,2026,2,33,SF,1
00-0035719,Deebo Samuel Sr.,SF,WR,active,ACT,19,1996-01-15,72,214,South Carolina,7,2019,2,36,SF,1
00-0032775,Demarcus Robinson,SF,WR,active,ACT,11,1994-09-21,73,203,Florida,10,2016,4,126,KC,2
00-0039365,Jacob Cowing,SF,WR,active,ACT,4,2001-02-04,69,170,Arizona; Texas-El Paso,2,2024,4,135,SF,2
00-0040172,Jordan Watkins,SF,WR,active,INA,17,2002-02-15,71,196,Mississippi; Louisville,1,2025,4,138,SF,2
00-0034854,KhaDarel Hodge,SF,WR,active,ACT,86,1994-01-03,74,210,Prairie View A&M; Hinds CC; Alcorn State,8,2018,,,,
00-0031408,Mike Evans,SF,WR,active,ACT,5,1993-08-21,77,231,Texas A&M,12,2014,1,7,TB,1
00-0039916,Ricky Pearsall,SF,WR,ir,RES,1,2000-09-09,73,190,Florida; Arizona State,2,2024,1,31,SF,3
00-0041359,Wesley Grimes,SF,WR,practice_squad,DEV,81,2004-03-09,74,195,N.C. State; Wake Forest,0,2026,,,,
00-0041361,Will Pauling,SF,WR,practice_squad,DEV,84,2003-03-04,69,183,Notre Dame; Wisconsin; Cincinnati,0,2026,,,,
00-0040427,Ben Scott,TB,C,practice_squad,DEV,66,2001-01-09,77,310,Nebraska; Arizona State,1,2025,,,,
00-0033910,Dan Feeney,TB,C,active,ACT,65,1994-05-29,76,310,Indiana,9,2017,3,71,LAC,2
00-0039905,Graham Barton,TB,C,active,ACT,62,2002-06-01,77,311,Duke,2,2024,1,26,TB,1
00-0041253,Ayden Garnes,TB,CB,active,INA,24,2003-03-20,72,183,Arizona; West Virginia,0,2026,,,,2
00-0040747,Benjamin Morrison,TB,CB,active,ACT,21,2004-03-11,72,190,Notre Dame,1,2025,2,53,TB,1
00-0040143,Jacob Parrish,TB,CB,active,ACT,25,2004-02-29,70,198,Kansas State,1,2025,3,84,TB,1
00-0039051,Josh Hayes,TB,CB,ir,RES,32,1999-04-24,72,189,Kansas State; Virginia; North Dakota State,3,2023,6,181,TB,3
00-0041057,Keionte Scott,TB,CB,active,ACT,22,2001-08-11,72,193,Miami; Auburn; Snow,0,2026,4,116,TB,2
00-0040089,Kevin Knowles,TB,CB,active,ACT,38,2003-04-09,71,190,Florida State,1,2025,,,,3
00-0035239,Sean Murphy-Bunting,TB,CB,practice_squad,DEV,26,1997-06-19,72,195,Central Michigan,7,2019,2,39,TB,
00-0037268,Zyon McCollum,TB,CB,active,ACT,27,1999-05-03,74,200,Sam Houston State,4,2022,5,157,TB,1
00-0032889,A'Shawn Robinson,TB,DT,active,ACT,91,1995-03-21,75,320,Alabama,10,2016,2,46,DET,1
00-0039063,Calijah Kancey,TB,DT,active,ACT,94,2001-03-01,72,280,Pittsburgh,3,2023,1,19,TB,2
00-0041079,DeMonte Capehart,TB,DT,active,INA,90,2002-07-19,77,313,Clemson,0,2026,5,155,TB,3
00-0041339,Deshawn McKnight,TB,DT,ir,RES,73,2003-08-07,73,283,Arizona; Tennessee-Martin,0,2026,,,,3
00-0040183,Elijah Roberts,TB,DT,active,ACT,95,2001-12-24,76,295,SMU; Miami,1,2025,5,157,TB,1
00-0040384,Elijah Simmons,TB,DT,active,INA,92,2001-07-26,73,335,Tennessee,1,2025,,,,2
00-0040105,Jayson Jones,TB,DT,practice_squad,DEV,93,2001-10-29,78,340,Auburn; Oregon,1,2025,,,,
00-0031957,Rakeem Nunez-Roches,TB,DT,active,ACT,56,1993-07-03,74,307,Southern Mississippi,11,2015,6,217,KC,2
00-0034773,Vita Vea,TB,DT,active,ACT,50,1995-02-05,76,347,Washington,8,2018,1,12,TB,1
00-0033964,Al-Quadin Muhammad,TB,EDGE,active,ACT,97,1995-03-28,76,250,Miami,9,2017,6,196,NO,2
00-0035254,Anthony Nelson,TB,EDGE,active,ACT,98,1997-03-04,79,272,Iowa,7,2019,4,107,TB,2
00-0040158,David Walker,TB,EDGE,active,ACT,51,2000-06-03,74,263,Central Arkansas; Southern Arkansas,1,2025,4,121,TB,3
00-0039877,Mohamed Kamara,TB,EDGE,ir,RES,59,2000-06-09,73,250,Colorado State,2,2024,5,158,MIA,3
00-0041031,Rueben Bain Jr.,TB,EDGE,active,ACT,3,2004-09-08,75,270,Miami,0,2026,1,15,TB,1
00-0041434,Yasir Holmes,TB,EDGE,practice_squad,DEV,57,2002-05-06,76,240,Tarleton State; Frostburg State,0,2026,,,,
00-0039068,Yaya Diaby,TB,EDGE,active,ACT,0,1999-05-30,75,270,Louisville,3,2023,3,82,TB,1
00-0035358,Chase McLaughlin,TB,K,active,ACT,4,1996-04-09,72,187,Illinois,7,2019,,,,1
00-0033914,Alex Anzalone,TB,LB,active,ACT,34,1994-09-22,75,234,Florida,9,2017,3,76,NO,1
00-0041338,Caden Fordham,TB,LB,practice_squad,DEV,46,2002-10-21,73,223,N.C. State,0,2026,,,,
00-0035942,Christian Rozeboom,TB,LB,active,ACT,52,1997-01-30,74,230,South Dakota State,6,2020,,,,2
00-0041424,Javin Wright,TB,LB,practice_squad,DEV,48,2000-03-19,76,230,Nebraska,0,2026,,,,
00-0041502,Josiah Trotter,TB,LB,active,ACT,45,2005-04-15,74,237,Missouri,0,2026,2,46,TB,1
00-0039049,SirVocea Dennis,TB,LB,active,ACT,8,2000-03-09,72,230,Pittsburgh,3,2023,5,153,TB,2
00-0038817,Evan Deckers,TB,LS,active,ACT,86,1999-02-23,75,252,Duke,3,2023,,,,1
00-0036132,Ben Bredeson,TB,OG,active,ACT,68,1998-02-20,77,315,Michigan,6,2020,4,143,BAL,1
00-0041082,Billy Schrauth,TB,OG,active,INA,75,2003-09-09,76,310,Notre Dame,0,2026,5,160,TB,2
00-0039157,Cody Mauch,TB,OG,active,ACT,69,1999-01-15,78,301,North Dakota State,3,2023,2,48,TB,1
00-0041255,Henry Lutovsky,TB,OG,practice_squad,DEV,61,2003-01-22,78,320,Nebraska,0,2026,,,,
00-0038818,Luke Haggard,TB,OG,active,ACT,72,2000-01-03,79,305,Indiana,3,2023,,,,3
00-0040417,Benjamin Chukwuma,TB,OT,active,ACT,70,2001-05-08,78,310,Georgia State,1,2025,,,,2
00-0034989,Justin Skule,TB,OT,active,INA,77,1996-11-23,78,318,Vanderbilt,7,2019,6,183,SF,2
00-0037835,Luke Goedeke,TB,OT,active,ACT,67,1998-11-21,77,310,Central Michigan,4,2022,2,57,TB,1
00-0041583,Paul Rubelt,TB,OT,practice_squad,DEV,76,2000-07-17,82,310,UCF,0,2026,,,,
00-0036406,Tristan Wirfs,TB,OT,active,ACT,78,1999-01-24,77,322,Iowa,6,2020,1,13,TB,1
00-0032943,Riley Dixon,TB,P,active,ACT,9,1993-08-24,76,221,Syracuse,10,2016,7,228,DEN,1
00-0034855,Baker Mayfield,TB,QB,active,ACT,6,1995-04-14,73,215,Oklahoma; Texas Tech,8,2018,1,1,CLE,1
00-0035282,Easton Stick,TB,QB,practice_squad,DEV,16,1995-09-09,73,217,North Dakota State,7,2019,5,166,LAC,
00-0041251,Jalon Daniels,TB,QB,active,ACT,10,2002-10-29,72,219,Kansas,0,2026,,,,2
00-0039361,Bucky Irving,TB,RB,active,ACT,7,2002-08-19,70,195,Oregon; Minnesota,2,2024,4,125,TB,1
00-0040429,Josh Williams,TB,RB,active,ACT,18,2000-06-09,68,210,LSU,1,2025,,,,
00-0036919,Kenny Gainwell,TB,RB,active,ACT,1,1999-03-14,69,200,Memphis,5,2021,5,150,PHI,2
00-0038951,Sean Tucker,TB,RB,active,INA,44,2001-10-25,70,205,Syracuse,3,2023,,,,3
00-0036411,Antoine Winfield Jr.,TB,S,active,ACT,31,1998-08-16,69,205,Minnesota,6,2020,2,45,TB,1
00-0036993,Ifeatu Melifonwu,TB,S,active,ACT,5,1999-05-02,75,213,Syracuse,5,2021,3,101,DET,
00-0040425,JJ Roberts,TB,S,practice_squad,DEV,36,2001-09-22,72,195,Marshall,1,2025,,,,
00-0032399,Miles Killebrew,TB,S,active,ACT,29,1993-05-10,74,222,Southern Utah State,10,2016,4,111,DET,2
00-0040992,Silas Walters,TB,S,practice_squad,DEV,33,2002-07-20,73,199,Miami (Ohio),0,2026,,,,
00-0039846,Tykee Smith,TB,S,active,ACT,23,2001-02-18,70,205,Georgia; West Virginia,2,2024,3,89,TB,1
00-0041592,Xavier Williams,TB,S,ir,RES,26,,,214,,0,2026,,,,
00-0041094,Bauer Sharp,TB,TE,active,ACT,84,2003-05-03,77,249,LSU; Oklahoma; Southeastern Louisiana,0,2026,6,185,TB,4
00-0040566,CJ Dippre,TB,TE,practice_squad,DEV,82,2002-04-29,77,256,Alabama; Maryland,1,2025,,,,
00-0038129,Cade Otton,TB,TE,active,ACT,88,1999-04-15,77,250,Washington,4,2022,4,106,TB,1
00-0037311,Ko Kieft,TB,TE,active,ACT,41,1998-01-20,77,265,Minnesota,4,2022,6,218,TB,3
00-0039050,Payne Durham,TB,TE,active,ACT,87,2000-06-15,77,255,Purdue,3,2023,5,171,TB,2
00-0033921,Chris Godwin Jr.,TB,WR,active,ACT,14,1996-02-27,73,209,Penn State,9,2017,3,84,TB,1
00-0035359,David Sills,TB,WR,ir,RES,80,1995-05-29,75,210,West Virginia,7,2019,,,,3
00-0041435,Dean Patterson IV,TB,WR,practice_squad,DEV,81,2002-05-20,74,200,Georgia Tech; Florida International; Findlay,0,2026,,,,
00-0040129,Emeka Egbuka,TB,WR,active,ACT,2,2002-10-14,73,205,Ohio State,1,2025,1,19,TB,1
00-0041257,Eric Rivers Jr.,TB,WR,practice_squad,DEV,83,2002-09-17,70,176,Georgia Tech; Florida International; Memphis,0,2026,,,,
00-0040419,Garrett Greene,TB,WR,practice_squad,DEV,85,2001-10-12,71,201,West Virginia,1,2025,,,,
00-0039855,Jalen McMillan,TB,WR,active,INA,11,2001-12-07,73,192,Washington,2,2024,3,92,TB,1
00-0039589,Kameron Johnson,TB,WR,active,ACT,19,2002-03-17,70,170,Barton College,2,2024,,,,2
00-0041048,Ted Hurst III,TB,WR,active,ACT,17,2004-07-02,75,195,Georgia State; Valdosta State,0,2026,3,84,TB,2
00-0040237,Tez Johnson,TB,WR,active,ACT,15,2002-05-18,70,165,Oregon; Troy,1,2025,7,235,TB,2
00-0034112,Austin Schlottmann,TEN,C,active,ACT,51,1995-09-18,78,310,TCU,8,2018,,,,1
00-0040893,Pat Coogan,TEN,C,active,ACT,79,2002-11-18,77,311,Indiana; Notre Dame,0,2026,6,194,TEN,2
00-0038121,Alontae Taylor,TEN,CB,active,ACT,24,1998-12-03,73,199,Tennessee,4,2022,2,49,NO,1
00-0037758,Cordale Flott,TEN,CB,active,ACT,18,2001-08-24,73,175,LSU,4,2022,3,81,NYG,1
00-0038620,Erick Hallett,TEN,CB,active,ACT,41,2000-04-24,71,200,Pittsburgh,3,2023,6,208,JAX,
00-0040917,Jalen McMurray,TEN,CB,practice_squad,DEV,47,2003-01-07,71,187,Tennessee; Temple,0,2026,,,,
00-0038407,Jaylon Jones,TEN,CB,active,INA,42,2002-04-03,74,205,Texas A&M,3,2023,7,221,IND,2
00-0038043,Joshua Williams,TEN,CB,ir,RES,25,1999-10-17,75,201,Fayetteville State University,4,2022,4,135,KC,2
00-0040201,Marcus Harris,TEN,CB,active,ACT,26,2001-03-06,71,191,California; Idaho; Oregon State,1,2025,6,183,TEN,1
00-0040020,Micah Robinson,TEN,CB,active,ACT,21,2002-02-05,71,184,Tulane,1,2025,7,237,GB,2
00-0039292,Shemar Bartholomew,TEN,CB,practice_squad,DEV,45,2000-06-06,73,200,Georgia Southern; Northwestern State (LA),2,2024,,,,
00-0040892,Jackie Marshall,TEN,DT,active,INA,96,2003-04-26,74,293,Baylor,0,2026,6,184,TEN,2
00-0035643,Jeffery Simmons,TEN,DT,active,ACT,98,1997-07-28,76,305,Mississippi State,7,2019,1,19,TEN,1
00-0036266,Jordan Elliott,TEN,DT,active,ACT,95,1997-11-23,76,325,Missouri; Texas,6,2020,3,88,CLE,1
00-0040762,Laki Tasi,TEN,DT,practice_squad,DEV,68,2003-10-24,78,373,,1,2025,,,,
00-0040041,Nazir Stackhouse,TEN,DT,active,ACT,93,2002-04-18,76,327,Georgia,1,2025,,,,3
00-0033870,Solomon Thomas,TEN,DT,active,ACT,90,1995-08-26,74,285,Stanford,9,2017,1,3,SF,2
00-0037585,Timmy Horne,TEN,DT,practice_squad,DEV,94,1997-10-25,76,312,Kansas State,4,2022,,,,
00-0034163,Jacob Martin,TEN,EDGE,active,ACT,57,1995-12-11,74,260,Temple,8,2018,6,186,SEA,2
00-0034264,Jalyn Holmes,TEN,EDGE,practice_squad,DEV,97,1996-01-25,77,283,Ohio State,8,2018,4,102,MIN,
00-0039436,Jaylen Harrell,TEN,EDGE,ir,RES,92,2002-05-01,76,255,Michigan,2,2024,7,252,TEN,4
00-0037663,Jermaine Johnson II,TEN,EDGE,active,ACT,11,1999-01-08,77,254,Florida State,4,2022,1,26,NYJ,1
00-0034805,John Franklin-Myers,TEN,EDGE,active,ACT,91,1996-09-26,76,288,Stephen F. Austin State,8,2018,4,135,LA,1
00-0041508,Keldric Faulk,TEN,EDGE,active,ACT,15,2005-09-07,77,276,Auburn,0,2026,1,31,TEN,2
00-0040752,Oluwafemi Oladejo,TEN,EDGE,active,ACT,7,2003-09-29,75,259,UCLA; California,1,2025,2,52,TEN,3
00-0033902,Tanoh Kpassagnon,TEN,EDGE,ir,RES,58,1994-06-14,79,289,Villanova,9,2017,2,59,KC,4
00-0038514,Truman Jones,TEN,EDGE,active,ACT,56,2000-05-13,75,255,Harvard,3,2023,,,,3
00-0035192,Joey Slye,TEN,K,active,ACT,6,1996-04-10,71,228,Virginia Tech,7,2019,,,,1
00-0041479,Anthony Hill Jr.,TEN,LB,active,ACT,53,2005-02-14,75,238,Texas,0,2026,2,60,TEN,2
00-0039858,Cedric Gray,TEN,LB,active,INA,33,2002-10-30,74,240,North Carolina,2,2024,4,106,TEN,1
00-0035672,Cody Barton,TEN,LB,active,ACT,50,1996-11-13,74,237,Utah,7,2019,3,88,SEA,1
00-0039381,Dominique Hampton,TEN,LB,ir,RES,40,2000-07-25,75,220,Washington,2,2024,5,161,WAS,
00-0040503,Dorian Mausi,TEN,LB,ir,RES,54,2002-03-05,73,234,Auburn; Duke,1,2025,,,,2
00-0039430,James Williams,TEN,LB,active,ACT,52,2003-02-15,76,232,Miami,2,2024,7,242,TEN,1
00-0036511,Milo Eifler,TEN,LB,ir,RES,45,1998-02-13,74,225,Illinois,5,2021,,,,3
00-0038711,Mohamoud Diabate,TEN,LB,active,ACT,44,2001-05-18,76,235,Utah,3,2023,,,,
00-0038600,Owen Pappoe,TEN,LB,active,INA,40,2000-09-29,72,230,Auburn,3,2023,5,168,ARI,2
00-0027557,Morgan Cox,TEN,LS,active,ACT,46,1986-04-26,76,233,Tennessee,16,2010,,,,1
00-0038586,Atonio Mafi,TEN,OG,active,INA,70,2000-10-20,75,330,UCLA,3,2023,5,144,NE,2
00-0040557,Drew Moss,TEN,OG,practice_squad,DEV,67,2003-05-21,75,310,Colorado State; Lamar,1,2025,,,,
00-0040881,Fernando Carmona,TEN,OG,active,ACT,66,2002-07-08,77,316,Arkansas; San Jose State,0,2026,5,142,TEN,1
00-0040190,Jackson Slater,TEN,OG,active,ACT,64,2003-05-30,75,320,Sacramento State,1,2025,5,167,TEN,2
00-0039034,Peter Skoronski,TEN,OG,active,ACT,77,2001-07-31,76,330,Northwestern,3,2023,1,11,TEN,1
00-0040512,Brandon Crenshaw-Dickson,TEN,OT,active,INA,78,2001-02-22,79,316,Florida; San Diego State,1,2025,,,,2
00-0036869,Dan Moore Jr.,TEN,OT,active,ACT,75,1998-09-28,77,315,Texas A&M,5,2021,4,128,PIT,1
00-0039731,JC Latham,TEN,OT,active,ACT,55,2003-02-08,78,342,Alabama,2,2024,1,7,TEN,1
00-0036866,James Hudson,TEN,OT,active,ACT,59,1999-05-13,77,310,Cincinnati,5,2021,4,110,CLE,2
00-0040918,Rasheed Miller,TEN,OT,practice_squad,DEV,62,2001-05-20,79,310,Louisville; Georgia Southern,0,2026,,,,
00-0035889,Tommy Townsend,TEN,P,active,ACT,3,1996-11-12,73,191,Florida,6,2020,,,,1
00-0040676,Cam Ward,TEN,QB,active,ACT,1,2002-05-25,74,219,Miami; Washington State; Incarnate Word,1,2025,1,1,TEN,1
00-0038550,Hendon Hooker,TEN,QB,practice_squad,DEV,16,1998-01-13,75,218,Tennessee; Virginia Tech,3,2023,3,68,DET,
00-0033869,Mitchell Trubisky,TEN,QB,active,ACT,10,1994-08-20,74,222,North Carolina,9,2017,1,2,CHI,2
00-0037594,Julius Chestnut,TEN,RB,active,ACT,36,2000-10-26,71,228,Sacred Heart University,4,2022,,,,4
00-0040205,Kalel Mullings,TEN,RB,practice_squad,DEV,31,2002-10-04,74,226,Michigan,1,2025,6,188,TEN,
00-0036924,Michael Carter,TEN,RB,practice_squad,DEV,35,1999-05-07,68,200,North Carolina,5,2021,4,107,NYJ,
00-0040886,Nicholas Singleton,TEN,RB,active,INA,32,2004-01-06,72,219,Penn State,0,2026,5,165,TEN,3
00-0035261,Tony Pollard,TEN,RB,active,ACT,20,1997-04-30,72,209,Memphis,7,2019,4,128,DAL,1
00-0039032,Tyjae Spears,TEN,RB,active,ACT,2,2001-06-15,71,200,Tulane,3,2023,3,81,TEN,2
00-0035632,Amani Hooker,TEN,S,active,ACT,37,1998-06-14,71,210,Iowa,7,2019,4,116,TEN,1
00-0034357,Isaiah Oliver,TEN,S,practice_squad,DEV,28,1996-09-30,72,210,Colorado,8,2018,2,58,ATL,
00-0038613,Jerrick Reed II,TEN,S,practice_squad,DEV,28,2000-08-07,69,192,New Mexico; Northwest Mississippi CC,3,2023,6,198,SEA,
00-0038703,Kendell Brooks,TEN,S,ir,RES,30,2000-03-03,72,206,Michigan State; North Greenville College,3,2023,,,,2
00-0040141,Kevin Winston Jr.,TEN,S,active,ACT,23,2003-12-02,74,213,Penn State,1,2025,3,82,TEN,1
00-0036421,Terrell Burgess,TEN,S,active,ACT,38,1998-11-12,71,202,Utah,6,2020,3,104,LA,3
00-0037155,Tony Adams,TEN,S,active,ACT,29,1999-01-24,71,210,Illinois,4,2022,,,,2
00-0038115,Daniel Bellinger,TEN,TE,active,ACT,82,2000-09-22,78,255,San Diego State,4,2022,4,112,NYG,2
00-0039648,David Martin-Robinson,TEN,TE,active,ACT,88,1999-12-26,75,255,Temple,2,2024,,,,4
00-0040584,Gunnar Helm,TEN,TE,active,ACT,84,2002-09-06,77,241,Texas,1,2025,4,120,TEN,1
00-0040901,Jaren Kanak,TEN,TE,ir,RES,81,2004-02-10,74,234,Oklahoma,0,2026,7,225,TEN,5
00-0039023,Joel Wilson,TEN,TE,practice_squad,DEV,83,2000-06-21,76,245,Central Michigan,3,2023,,,,
00-0036876,Kylen Granson,TEN,TE,active,ACT,86,1998-03-27,75,242,SMU,5,2021,4,127,IND,3
00-0034837,Calvin Ridley,TEN,WR,active,ACT,0,1994-12-20,73,190,Alabama,8,2018,1,26,ATL,1
00-0041438,Carnell Tate,TEN,WR,active,ACT,14,2005-01-19,74,192,Ohio State,0,2026,1,4,TEN,1
00-0040705,Chimere Dike,TEN,WR,active,ACT,17,2001-12-14,73,199,Florida; Wisconsin,1,2025,4,103,TEN,2
00-0040170,Elic Ayomanor,TEN,WR,active,ACT,5,2003-06-03,74,206,Stanford,1,2025,4,136,TEN,2
00-0036345,K.J. Osborn,TEN,WR,practice_squad,DEV,8,1997-06-10,71,200,Miami; Buffalo,6,2020,5,176,MIN,
00-0040919,Tyren Montgomery,TEN,WR,practice_squad,DEV,19,2001-07-03,71,204,John Carroll University; Nicholls State; LSU,0,2026,,,,
00-0038117,Wan'Dale Robinson,TEN,WR,active,ACT,4,2001-01-05,68,185,Kentucky,4,2022,2,43,NYG,1
00-0040522,Xavier Restrepo,TEN,WR,practice_squad,DEV,87,2002-04-12,70,202,Miami,1,2025,,,,
00-0041108,Matt Gulbin,WAS,C,active,ACT,66,2002-10-27,76,312,Michigan State; Wake Forest,0,2026,6,209,WAS,2
00-0035149,Nick Allegretti,WAS,C,active,ACT,67,1996-04-21,76,310,Illinois,7,2019,7,216,KC,1
00-0036375,Amik Robertson,WAS,CB,active,ACT,2,1998-07-06,69,183,Louisiana Tech,6,2020,4,139,LV,1
00-0038388,Darius Rush,WAS,CB,practice_squad,DEV,36,2000-02-22,74,198,South Carolina,3,2023,5,138,IND,
00-0033918,Fabian Moreau,WAS,CB,active,ACT,24,1994-04-09,72,204,UCLA,9,2017,3,81,WAS,2
00-0041177,Fred Davis,WAS,CB,practice_squad,DEV,38,2002-02-12,73,200,Northwestern; Jacksonville State; UCF; Clemson,0,2026,,,,
00-0034780,Isaac Yiadom,WAS,CB,practice_squad,DEV,37,1996-02-20,73,190,Boston College,8,2018,3,99,DEN,
00-0039898,Mike Sainristil,WAS,CB,active,ACT,0,2000-10-03,70,182,Michigan,2,2024,2,50,WAS,1
00-0033551,Rasul Douglas,WAS,CB,active,ACT,29,1994-08-29,74,209,West Virginia; Nassau CC,9,2017,3,99,PHI,1
00-0038395,Terell Smith,WAS,CB,practice_squad,DEV,47,1999-07-27,72,207,Minnesota,3,2023,5,165,CHI,
00-0040731,Trey Amos,WAS,CB,ir,RES,23,2002-03-03,73,190,Mississippi; Alabama; Louisiana,1,2025,2,61,WAS,2
00-0035278,Byron Cowart,WAS,DT,practice_squad,DEV,55,1996-05-20,75,300,Maryland; Auburn,7,2019,5,159,NE,
00-0035279,Charles Omenihu,WAS,DT,active,ACT,90,1997-08-20,77,280,Texas,7,2019,5,161,HOU,2
00-0034333,Daron Payne,WAS,DT,active,ACT,94,1997-05-27,75,320,Alabama,8,2018,1,13,WAS,1
00-0033947,Deatrich Wise,WAS,DT,ir,RES,91,1994-07-26,77,280,Arkansas,9,2017,4,131,NE,4
00-0036260,Javon Kinlaw,WAS,DT,active,ACT,99,1997-10-03,77,319,South Carolina; Jones County JC,6,2020,1,14,SF,1
00-0040864,Jeffrey M'ba,WAS,DT,practice_squad,DEV,60,1999-09-14,78,312,SMU; Purdue; Auburn; Independence Comm. College,0,2026,,,,
00-0039906,Jer'Zhan Newton,WAS,DT,ir,RES,95,2002-08-31,74,295,Illinois,2,2024,2,36,WAS,3
00-0040314,Ricky Barber,WAS,DT,active,INA,50,2001-01-31,75,295,UCF; Western Kentucky,1,2025,,,,3
00-0035409,Shy Tuttle,WAS,DT,active,ACT,96,1995-10-20,75,300,Tennessee,7,2019,,,,2
00-0034397,Tim Settle,WAS,DT,active,ACT,97,1997-07-11,75,315,Virginia Tech,8,2018,5,163,WAS,1
00-0038535,DJ Johnson,WAS,EDGE,practice_squad,DEV,53,1998-10-29,76,260,Oregon; Miami,3,2023,3,80,CAR,
00-0034373,Dorance Armstrong,WAS,EDGE,ir,RES,92,1997-06-10,76,255,Kansas,8,2018,4,116,DAL,2
00-0037826,Drake Jackson,WAS,EDGE,ir,RES,93,2001-04-12,76,250,USC,4,2022,2,61,SF,
00-0039412,Javontae Jean-Baptiste,WAS,EDGE,active,ACT,41,2000-05-16,76,260,Notre Dame; Ohio State,2,2024,7,222,WAS,3
00-0041074,Joshua Josephs,WAS,EDGE,active,ACT,48,2003-12-08,75,240,Tennessee,0,2026,5,147,WAS,2
00-0036286,K'Lavon Chaisson,WAS,EDGE,active,ACT,45,1999-07-25,75,255,LSU,6,2020,1,20,JAX,1
00-0036940,Odafe Oweh,WAS,EDGE,active,ACT,98,1998-12-15,77,251,Penn State,5,2021,1,31,BAL,1
00-0040004,T.J. Maguranyanga,WAS,EDGE,ir,RES,59,2002-12-22,76,234,,1,2025,,,,
00-0041182,Drew Stevens,WAS,K,active,ACT,19,2003-12-09,73,213,Iowa,0,2026,,,,1
00-0040318,Ale Kaho,WAS,LB,practice_squad,DEV,51,2000-04-07,74,230,UCLA; Alabama,1,2025,,,,
00-0034302,Frankie Luvu,WAS,LB,active,ACT,4,1996-09-19,75,235,Washington State,8,2018,,,,1
00-0039368,Jordan Magee,WAS,LB,active,ACT,58,2001-03-24,75,225,Temple,2,2024,5,139,WAS,2
00-0040216,Kain Medrano,WAS,LB,active,ACT,56,2001-02-16,75,230,UCLA,1,2025,6,205,WAS,3
00-0037819,Leo Chenal,WAS,LB,active,ACT,54,2000-10-26,75,250,Wisconsin,4,2022,3,103,KC,2
00-0041028,Sonny Styles,WAS,LB,active,ACT,52,2004-11-24,77,244,Ohio State,0,2026,1,7,WAS,1
00-0031156,Tyler Ott,WAS,LS,active,ACT,69,1992-02-28,75,253,Harvard,12,2014,,,,1
00-0039913,Brandon Coleman,WAS,OG,active,ACT,74,2000-10-12,78,320,TCU; Trinity Valley CC,2,2024,3,67,WAS,1
00-0037092,Chris Paul,WAS,OG,active,ACT,75,1998-11-19,76,324,Tulsa,4,2022,7,230,WAS,1
00-0035997,Julian Good-Jones,WAS,OG,active,ACT,61,1997-03-02,77,313,Iowa State,6,2020,,,,
00-0036618,Sam Cosmi,WAS,OG,active,ACT,76,1999-02-16,78,309,Texas,5,2021,2,51,WAS,1
00-0041183,Tanoa Togiai,WAS,OG,active,INA,62,2001-08-25,78,321,Utah,0,2026,,,,3
00-0033831,Andrew Wylie,WAS,OT,active,ACT,71,1994-08-19,77,304,Eastern Michigan,9,2017,,,,2
00-0040092,Esa Pole,WAS,OT,practice_squad,DEV,77,2001-07-04,79,319,Washington State; Chabot College,1,2025,,,,
00-0040686,Josh Conerly Jr.,WAS,OT,active,ACT,72,2003-11-05,76,315,Oregon,1,2025,1,29,WAS,1
00-0032380,Laremy Tunsil,WAS,OT,ir,RES,78,1994-08-02,77,313,Mississippi,10,2016,1,13,MIA,4
00-0034571,Trent Scott,WAS,OT,practice_squad,DEV,73,1994-01-25,77,320,Grambling State,8,2018,,,,
00-0030140,Tress Way,WAS,P,active,ACT,10,1990-04-18,73,220,Oklahoma,13,2013,,,,1
00-0041117,Athan Kaliakmanis,WAS,QB,active,INA,16,2003-08-20,74,216,Rutgers; Minnesota,0,2026,7,223,WAS,3
00-0039910,Jayden Daniels,WAS,QB,active,ACT,5,2000-12-18,76,210,LSU; Arizona State,2,2024,1,2,WAS,1
00-0032268,Marcus Mariota,WAS,QB,active,ACT,8,1993-10-30,76,222,Oregon,11,2015,1,2,TEN,2
00-0039677,Sam Hartman,WAS,QB,practice_squad,DEV,15,1999-07-29,73,210,Notre Dame; Wake Forest,2,2024,,,,
00-0035567,Craig Reynolds,WAS,RB,practice_squad,DEV,32,1996-06-15,71,225,Kutztown,7,2019,,,,
00-0040242,Jacory Croskey-Merritt,WAS,RB,active,ACT,22,2001-04-12,71,208,Arizona; New Mexico; Alabama State,1,2025,7,245,WAS,1
00-0033955,Jeremy McNichols,WAS,RB,ir,RES,26,1995-12-26,69,205,Boise State,9,2017,5,162,TB,4
00-0041096,Kaytron Allen,WAS,RB,active,ACT,31,2003-01-08,71,217,Penn State,0,2026,6,187,WAS,3
00-0037256,Rachaad White,WAS,RB,active,ACT,1,1999-01-12,72,214,Arizona State; Mt. San Antonio; Kearney State,4,2022,3,91,TB,2
00-0041178,Robert Henry Jr.,WAS,RB,practice_squad,DEV,30,2001-12-31,69,196,Texas-San Antonio,0,2026,,,,
00-0034465,Jeremy Reaves,WAS,S,active,ACT,39,1996-08-29,71,200,South Alabama,8,2018,,,,1
00-0041181,Malik Spencer,WAS,S,ir,RES,36,,,191,,0,2026,,,,
00-0037616,Nick Cross,WAS,S,active,ACT,25,2001-09-10,72,212,Maryland,4,2022,3,96,IND,1
00-0038100,Percy Butler,WAS,S,active,ACT,35,2000-05-29,72,190,Louisiana-Lafayette,4,2022,4,113,WAS,3
00-0039149,Quan Martin,WAS,S,active,ACT,20,2000-04-17,72,195,Illinois,3,2023,2,47,WAS,2
00-0039681,Tyler Owens,WAS,S,active,ACT,18,2001-05-12,74,213,Texas Tech; Texas,2,2024,,,,2
00-0039912,Ben Sinnott,WAS,TE,active,ACT,82,2002-06-14,76,245,Kansas State,2,2024,2,53,WAS,3
00-0037809,Chig Okonkwo,WAS,TE,active,ACT,85,1999-09-08,75,238,Maryland,4,2022,4,143,TEN,1
00-0039686,Colson Yankoff,WAS,TE,active,ACT,80,2000-03-01,76,225,UCLA; Washington,2,2024,,,,4
00-0039305,Jack Westover,WAS,TE,practice_squad,DEV,89,1999-06-09,75,248,Washington,2,2024,,,,
00-0036628,John Bates,WAS,TE,active,ACT,87,1997-11-06,78,256,Boise State,5,2021,4,124,WAS,2
00-0040552,Joshua Simon,WAS,TE,practice_squad,DEV,47,2000-11-27,76,240,South Carolina; Western Kentucky,1,2025,,,,
00-0041040,Antonio Williams,WAS,WR,active,ACT,14,2004-07-14,71,195,Clemson,0,2026,3,71,WAS,1
00-0036626,Dyami Brown,WAS,WR,active,ACT,6,1999-11-01,72,195,North Carolina,5,2021,3,82,WAS,2
00-0041176,Jaden Bradley,WAS,WR,practice_squad,DEV,86,2003-03-25,76,195,UNLV; Charlotte; Pittsburgh,0,2026,,,,
00-0040164,Jaylin Lane,WAS,WR,active,ACT,83,2002-05-01,70,196,Virginia Tech; Middle Tennessee State,1,2025,4,128,WAS,3
00-0039355,Luke McCaffrey,WAS,WR,active,INA,11,2001-04-02,74,195,Rice; Nebraska,2,2024,3,100,WAS,2
00-0031588,Stefon Diggs,WAS,WR,active,ACT,3,1993-11-29,72,191,Maryland,11,2015,5,146,MIN,1
00-0035659,Terry McLaurin,WAS,WR,active,ACT,17,1995-09-15,72,210,Ohio State,7,2019,3,76,WAS,1
00-0037742,Treylon Burks,WAS,WR,active,INA,13,2000-03-23,74,225,Arkansas,4,2022,1,18,TEN,2
00-0036415,Van Jefferson,WAS,WR,practice_squad,DEV,12,1996-07-26,73,197,Florida; Mississippi,6,2020,2,57,LA,
