gsis_id,name,team,position,depth_rank,snaps,basis,pr,speed,acceleration,agility,strength,jumping,stamina,football_iq,composure,determination,leadership,consistency,big_games,durability,recovery,pain_tolerance,throw_power,short_accuracy,medium_accuracy,deep_accuracy,throw_on_run,pocket_presence,decision,ball_security,vision,elusiveness,break_tackle,catching,contested_catch,route_running,release,run_block,pass_block,lead_block,power_rush,finesse_rush,block_shedding,run_stop,tackling,pursuit,man_coverage,zone_coverage,press,ball_skills,kick_power,kick_accuracy,punt_power,punt_accuracy,returning
00-0035127,Andre James,,C,,935,measured,10.9,1.73,4.23,2.99,10.67,8.29,11.8,11.44,7.01,5.81,10.16,6.77,11.62,12.26,18.67,13.86,4.93,3.82,2.5,3.03,2.1,2.78,2.1,3.41,3.27,4.45,3.96,2.8,3.0,2.88,1.68,7.31,17.0,4.38,3.6,3.51,2.01,3.34,2.85,2.0,2.82,3.22,2.89,2.48,3.19,1.4,4.91,3.81,2.32
00-0041430,Greg Crippen,,C,,0,prior,11.7,4.47,5.95,6.52,13.42,8.51,11.8,8.26,8.11,9.57,6.99,12.44,11.67,10.31,10.99,11.29,2.42,2.35,3.85,4.48,3.34,3.28,1.07,2.22,3.82,3.45,1.6,2.18,5.24,3.57,3.97,9.86,16.1,2.71,1.43,3.38,3.83,3.78,2.97,1.49,3.63,2.73,2.31,2.03,2.3,3.05,3.34,3.91,1.71
00-0040401,Gus Hartwig,,C,,0,prior,10.0,3.75,5.41,5.83,13.21,7.97,11.8,8.4,7.88,6.76,8.17,12.35,8.85,10.31,10.99,11.29,3.53,3.42,1.46,1.0,3.27,3.32,3.85,1.96,4.04,3.08,5.61,3.64,2.82,1.12,4.39,10.55,9.98,3.95,3.86,2.31,3.49,3.87,3.38,3.1,1.0,2.81,2.05,1.89,2.03,2.66,2.33,3.29,1.76
00-0041169,Jaren Kump,,C,,0,prior,12.0,4.11,5.35,5.96,13.65,8.14,11.8,10.68,6.83,10.15,6.71,12.74,8.99,10.31,10.99,11.29,3.2,2.97,1.82,3.03,4.18,4.6,3.4,1.9,5.29,1.78,2.36,3.1,1.86,4.92,1.95,9.86,16.1,3.3,4.26,3.82,3.12,4.23,2.21,3.14,2.55,3.95,2.89,4.29,3.05,1.28,2.14,3.86,2.53
00-0036859,Jimmy Morrissey,,C,,1,prior,11.5,2.26,4.69,9.42,13.39,9.78,11.8,10.58,7.52,9.35,8.5,6.31,10.92,12.26,7.27,11.29,3.06,2.78,3.19,3.31,2.76,4.63,2.51,4.43,1.43,3.18,2.01,4.05,4.21,1.92,1.0,12.47,10.76,3.12,3.14,2.34,3.62,2.64,1.0,2.9,2.64,1.37,3.2,2.33,2.32,1.54,2.84,3.48,1.0
00-0040446,Joseph Michalski,,C,,0,prior,9.9,4.07,5.92,6.29,13.03,8.26,11.8,7.56,5.3,7.26,6.6,9.85,12.07,10.31,10.99,11.29,2.89,3.63,1.0,3.0,1.65,3.13,2.48,3.8,2.68,3.5,3.19,2.95,1.73,1.49,2.58,10.55,9.98,3.94,2.27,1.61,2.91,3.04,5.06,1.0,2.66,2.91,2.36,1.92,2.83,3.15,2.91,4.36,4.3
00-0041513,Josh Kreutz,,C,,0,prior,11.7,5.08,6.99,7.45,13.03,9.13,11.8,7.92,6.91,7.54,6.34,9.5,10.68,10.31,10.99,11.29,2.7,1.76,3.65,2.17,3.2,4.99,4.71,2.03,3.98,2.93,2.95,5.11,1.8,2.4,2.51,9.86,16.1,5.13,3.51,2.35,1.72,3.35,3.26,3.49,2.69,3.75,1.01,3.32,2.46,1.91,2.74,2.63,5.87
00-0038223,Liam Fornadel,,C,,0,prior,10.8,4.44,5.9,6.48,13.44,8.47,11.8,11.1,7.63,8.71,7.77,14.12,9.94,10.31,10.99,11.29,1.87,3.24,3.04,4.21,2.91,1.61,1.48,2.53,3.98,2.35,4.57,4.56,2.55,4.01,3.63,11.45,9.98,4.2,3.88,1.39,3.42,3.53,3.79,2.54,1.94,3.83,1.87,3.38,3.26,4.6,4.42,4.5,3.32
00-0037385,Michael Niese,,C,3.0,31,prior,11.0,4.2,6.29,6.63,12.8,8.43,11.8,9.64,3.58,8.72,8.83,10.94,13.66,14.76,10.99,11.29,3.28,4.03,2.37,2.36,2.74,2.94,2.61,3.1,4.73,4.24,3.34,4.05,2.49,2.83,2.85,10.4,12.98,1.5,1.74,1.62,3.28,3.49,1.89,2.85,5.55,2.8,2.98,4.55,3.37,1.46,2.88,2.9,3.18
00-0039612,Sincere Haynesworth,,C,,0,prior,10.6,5.92,6.5,7.61,14.43,9.69,11.8,8.66,8.2,10.35,7.34,12.74,7.43,10.31,10.99,11.29,3.02,3.69,2.49,3.22,2.13,3.65,2.91,4.33,3.28,1.93,1.97,2.13,2.18,2.07,3.77,11.15,9.98,3.97,3.4,3.23,4.16,2.75,4.65,3.2,1.81,3.43,3.77,1.32,3.9,4.2,1.94,2.2,3.89
00-0040497,Zeke Correll,,C,,0,prior,10.5,5.06,6.32,7.05,13.69,8.95,11.8,10.73,5.82,6.25,6.42,12.77,12.13,10.31,10.99,11.29,3.26,2.8,1.94,1.4,1.93,4.08,5.57,2.3,2.24,2.9,4.55,2.36,3.87,4.47,1.45,10.55,9.98,1.84,2.08,2.34,4.54,3.49,3.12,2.42,1.69,1.95,2.42,3.36,4.44,2.08,2.98,3.63,2.39
00-0036114,A.J. Green,,CB,,5,prior,9.3,11.91,13.99,14.18,6.5,14.69,11.8,9.7,9.15,6.53,9.27,10.74,12.49,13.79,14.62,7.06,3.4,3.73,2.15,3.1,2.38,4.86,3.39,2.9,2.31,1.27,3.28,2.29,2.56,3.12,3.98,2.89,2.81,3.35,2.68,1.36,2.07,9.13,11.69,13.83,7.18,7.18,9.79,6.54,1.74,2.68,2.56,3.41,3.05
00-0039685,A.J. Woods,,CB,,0,prior,9.9,15.05,15.72,13.63,7.23,15.4,11.8,10.44,10.84,10.92,5.24,10.62,14.06,10.31,10.99,11.29,2.9,2.41,2.87,3.86,2.62,2.86,3.68,2.51,2.6,4.04,3.74,2.66,2.75,2.95,1.0,4.5,2.41,1.61,3.23,2.33,3.19,10.09,12.69,16.91,7.22,7.22,10.01,5.55,3.8,3.27,1.55,3.05,4.46
00-0041417,"Al'zillion ""AZ"" Hamilton",,CB,,0,prior,8.5,15.08,15.63,13.96,6.41,14.87,11.8,8.33,5.25,6.5,4.48,7.29,9.8,10.31,10.99,11.29,4.29,1.5,4.45,2.59,3.68,5.03,1.82,3.33,3.21,2.72,3.66,2.41,1.76,2.49,3.21,3.55,2.77,3.56,3.12,3.05,4.45,7.37,11.98,14.62,4.56,4.56,9.76,3.77,2.77,2.58,3.93,3.82,6.16
00-0038646,Alex Austin,,CB,,373,measured,7.8,13.29,14.17,13.41,6.49,13.26,11.8,10.91,7.21,8.63,7.15,13.36,13.63,7.98,15.16,4.32,2.81,2.78,3.87,1.0,3.24,2.47,4.75,1.64,2.89,2.57,3.33,3.12,2.35,4.7,3.17,3.4,3.49,2.99,3.03,3.43,4.27,5.91,5.26,11.84,4.16,4.16,9.79,6.04,1.31,3.81,1.47,3.6,5.44
00-0038788,Art Green,,CB,,32,prior,9.5,15.08,15.93,13.98,6.75,15.49,11.8,10.55,11.66,12.07,7.79,11.12,12.32,7.59,16.22,7.51,2.73,1.0,1.39,2.01,3.53,2.26,4.39,3.03,3.8,1.0,3.18,4.41,4.05,3.27,3.97,3.84,1.0,3.41,3.68,1.51,1.85,8.17,12.05,15.75,6.4,6.4,9.87,5.28,2.17,1.99,4.27,3.23,4.66
00-0039454,Beanie Bishop,,CB,4.0,358,measured,9.9,15.05,15.53,13.68,6.87,14.92,11.8,9.29,8.06,8.82,9.11,13.71,15.86,12.42,10.99,11.29,3.08,1.04,4.61,1.59,3.32,3.36,1.0,3.07,2.56,3.88,3.32,1.58,4.39,4.05,2.73,3.22,1.71,5.2,2.92,2.66,2.91,6.48,9.08,13.38,7.35,7.35,9.9,6.62,3.28,2.92,2.4,3.29,6.01
00-0040565,Brandon Crossley,,CB,,0,prior,9.8,15.08,15.63,13.96,6.41,14.87,11.8,9.05,8.51,8.86,6.72,6.59,10.37,10.31,10.99,11.29,1.8,4.58,3.65,1.81,2.16,2.91,2.7,3.62,2.63,3.59,2.68,4.19,2.7,3.17,3.79,3.0,3.85,2.67,3.28,2.63,2.22,10.1,12.83,16.93,7.06,7.06,9.76,5.08,3.75,3.33,2.08,2.19,4.88
00-0041002,Caleb Offord,,CB,,0,prior,8.5,15.06,15.81,13.72,7.15,15.5,11.8,10.81,8.86,6.2,5.59,9.11,13.73,10.31,10.99,11.29,2.8,1.28,2.06,1.39,3.21,2.64,3.31,2.72,3.39,2.5,2.14,1.59,1.0,3.18,4.86,3.16,2.86,5.43,3.14,5.09,2.06,7.37,11.98,14.62,4.56,4.56,9.99,3.77,2.61,5.2,4.49,3.13,6.16
00-0041150,Cam Miller,,CB,,0,prior,8.5,15.07,15.73,13.83,6.81,15.21,11.8,8.41,5.18,6.76,5.1,10.38,12.76,10.31,10.99,11.29,2.8,2.8,3.53,4.14,4.52,4.74,4.04,2.86,3.48,2.36,3.26,2.68,3.64,3.79,3.38,2.2,1.09,2.98,2.85,1.89,4.6,7.37,11.98,14.62,4.56,4.56,9.88,3.77,4.01,4.55,2.27,2.95,6.16
00-0041249,Ceyair Wright,,CB,,0,prior,8.5,15.07,15.7,13.87,6.69,15.11,11.8,7.76,6.42,9.01,5.93,7.85,7.82,10.31,10.99,11.29,2.37,2.31,4.48,2.49,2.52,3.18,2.71,3.19,2.43,4.03,3.41,1.51,3.15,1.76,3.41,3.47,3.26,4.17,4.42,3.18,3.49,7.37,11.98,14.62,4.56,4.56,9.85,3.77,3.03,3.22,2.71,3.32,6.16
00-0040546,Cobee Bryant,,CB,,93,prior,8.8,13.66,14.74,14.14,5.84,14.38,11.8,8.54,3.55,7.77,8.1,7.16,8.16,13.04,10.99,11.29,2.74,2.87,3.6,3.23,2.81,3.9,2.56,2.33,3.84,1.87,3.48,3.02,3.44,2.52,2.71,2.52,1.97,1.0,1.66,1.0,1.21,9.78,13.04,15.68,5.79,5.79,9.59,4.3,3.61,3.79,3.62,4.82,6.09
00-0038453,Corey Mayfield Jr.,,CB,,0,prior,10.0,15.07,15.7,13.87,6.69,15.11,11.8,9.03,8.24,9.4,8.21,9.7,11.23,10.31,10.99,11.29,3.97,2.88,1.04,3.76,4.5,3.41,1.78,2.03,5.0,2.83,3.9,2.17,3.1,2.51,3.03,4.85,3.34,4.49,4.73,3.48,1.83,9.98,12.63,16.84,7.26,7.26,9.85,6.07,2.3,2.52,3.7,3.35,3.87
00-0039322,D.J. Miller,,CB,,0,prior,9.9,15.07,15.7,13.87,6.69,15.11,11.8,9.5,10.59,9.44,4.7,10.98,10.71,10.31,10.99,11.29,2.42,4.03,2.41,1.64,2.05,4.94,1.97,2.92,3.76,2.94,2.87,3.42,2.2,1.05,2.96,3.75,4.17,1.6,2.9,1.47,4.9,10.09,12.69,16.91,7.22,7.22,9.85,5.55,2.71,2.94,2.59,2.6,4.46
00-0039800,DJ James,,CB,,1,prior,10.2,16.16,15.92,14.34,5.22,13.98,11.8,11.22,11.56,5.66,7.36,12.19,8.51,13.04,10.99,11.29,3.75,3.46,4.46,4.17,2.14,3.26,4.18,3.46,5.12,5.77,5.03,3.02,1.7,2.31,2.53,1.8,4.03,4.03,2.47,3.67,3.13,9.87,12.69,17.26,7.31,7.31,9.41,6.32,2.02,2.77,3.26,3.88,4.65
00-0040535,Dalys Beanum,,CB,,0,prior,9.8,15.07,15.88,13.83,7.0,15.54,11.8,10.98,6.61,8.35,7.32,11.83,11.7,10.31,10.99,11.29,3.64,3.6,3.03,2.95,2.06,2.73,3.37,1.76,3.48,3.4,2.41,3.54,2.26,4.13,2.14,2.73,3.78,3.91,1.31,3.35,1.0,10.1,12.83,16.93,7.06,7.06,9.94,5.08,3.15,1.37,4.62,3.54,4.88
00-0040365,Daryl Porter,,CB,,1,prior,9.6,15.05,15.54,13.66,6.92,14.97,11.8,10.16,10.62,10.41,7.11,10.99,14.24,13.04,10.99,11.29,3.04,3.37,2.23,2.07,1.0,1.74,3.89,3.06,2.16,2.2,4.64,3.81,2.1,1.97,2.98,2.83,1.5,3.01,6.27,3.65,4.91,9.87,12.69,16.82,6.8,6.8,9.92,4.74,2.3,1.5,1.64,2.33,5.19
00-0041283,DeCarlos Nicholson,,CB,,0,prior,8.5,15.07,15.69,13.88,6.64,15.06,11.8,7.15,7.34,8.94,7.08,10.44,9.1,10.31,10.99,11.29,4.91,3.97,3.09,2.83,2.8,3.09,2.57,3.36,4.8,3.95,4.1,3.21,4.27,2.09,4.46,5.44,2.99,2.15,3.46,3.96,2.95,7.37,11.98,14.62,4.56,4.56,9.83,3.77,3.44,2.49,2.41,4.44,6.16
00-0041259,Devan Boykin,,CB,,0,prior,8.5,15.06,15.77,13.78,6.98,15.35,11.8,9.45,7.37,9.0,6.07,8.86,14.4,10.31,10.99,11.29,3.73,2.6,3.0,2.26,1.05,2.19,1.95,3.17,2.12,3.69,2.93,3.0,3.41,2.23,3.75,4.11,2.08,2.5,2.7,4.97,3.23,7.37,11.98,14.62,4.56,4.56,9.94,3.77,1.82,3.11,1.87,3.33,6.16
00-0041597,Devyn Bobby,,CB,,0,prior,8.5,15.07,15.69,13.88,6.64,15.06,11.8,10.28,8.95,7.61,5.24,9.13,8.95,10.31,10.99,11.29,4.58,2.36,3.05,2.77,4.16,3.51,3.06,2.43,3.43,4.13,3.24,5.24,4.85,3.1,4.86,2.59,2.94,3.79,3.68,3.12,2.79,7.37,11.98,14.62,4.56,4.56,9.83,3.77,3.27,1.36,2.35,3.07,6.16
00-0041018,Devyn Perkins,,CB,,0,prior,8.5,15.06,15.77,13.78,6.98,15.35,11.8,7.99,7.98,7.77,6.74,14.07,13.44,10.31,10.99,11.29,1.97,2.15,2.82,1.78,2.17,1.0,3.91,4.09,2.81,2.46,1.42,3.09,4.0,4.07,3.83,2.55,1.67,1.97,3.52,4.02,5.39,7.37,11.98,14.62,4.56,4.56,9.94,3.77,3.41,1.0,1.63,2.74,6.16
00-0039714,Dwight McGlothern,,CB,,41,prior,9.1,15.01,13.36,14.2,6.07,11.85,11.8,8.36,7.16,8.5,7.13,10.59,11.06,14.76,10.99,5.58,3.76,3.07,3.41,1.56,3.87,3.67,3.31,3.21,2.56,1.88,2.15,4.84,1.0,1.01,2.21,2.79,3.0,1.12,2.52,1.26,2.49,7.85,9.71,14.53,6.3,6.3,9.66,4.74,2.76,2.21,2.0,2.74,5.39
00-0038956,Ekow Boye-Doe,,CB,,7,prior,9.6,15.1,15.45,14.21,5.62,14.22,11.8,9.11,12.34,7.92,8.88,5.56,12.2,12.15,10.99,11.29,2.86,2.07,3.33,2.21,3.0,4.57,2.99,1.92,1.67,2.52,3.66,2.63,2.98,2.88,1.49,2.95,4.13,3.3,1.93,2.25,4.08,9.27,12.05,15.66,6.76,6.76,9.53,5.55,4.87,4.1,5.3,3.1,4.45
00-0041364,Elijah Culp,,CB,,0,prior,8.5,15.07,15.66,13.92,6.52,14.96,11.8,8.8,11.11,9.01,6.67,13.17,12.57,10.31,10.99,11.29,2.73,2.28,2.69,2.89,3.04,1.93,1.85,2.4,2.37,3.0,3.98,4.42,1.79,2.48,1.0,2.55,1.04,1.23,3.42,1.93,2.97,7.37,11.98,14.62,4.56,4.56,9.8,3.77,4.77,2.83,2.07,2.15,6.16
00-0040468,Eric Rogers,,CB,,0,prior,9.8,15.1,15.78,14.18,6.12,14.96,11.8,9.09,11.61,12.53,4.5,13.39,12.56,10.31,10.99,11.29,3.02,3.51,3.05,2.53,1.41,2.85,3.12,1.06,3.43,2.88,2.61,2.35,3.61,2.84,4.82,1.77,2.66,2.97,3.93,3.1,4.2,10.1,12.83,16.94,7.06,7.06,9.68,5.08,4.03,3.47,3.04,3.76,4.88
00-0038604,Eric Scott Jr.,,CB,,0,prior,10.2,15.08,15.95,13.94,6.86,15.59,11.8,10.62,11.91,8.12,7.36,10.81,11.17,10.31,10.99,11.29,3.17,2.79,2.38,4.0,4.8,2.98,2.95,4.55,4.08,4.6,4.18,1.58,3.29,1.0,3.29,2.0,3.44,2.6,1.0,3.23,5.9,10.09,12.2,16.23,7.7,7.7,9.9,6.55,3.71,3.55,2.79,2.38,3.97
00-0040479,Hudson Clark,,CB,,0,prior,9.8,15.07,15.71,13.85,6.75,15.16,11.8,9.09,6.97,5.88,7.26,12.54,11.74,10.31,10.99,11.29,2.6,2.63,3.24,3.1,4.07,5.04,3.26,2.75,2.81,1.0,1.92,1.77,3.03,2.48,3.21,2.73,3.5,2.87,3.63,3.35,4.08,10.1,12.83,16.93,7.06,7.06,9.87,5.08,3.43,1.78,4.47,3.28,4.88
00-0038641,Isaiah Bolden,,CB,,92,prior,9.4,15.08,15.99,13.89,7.03,15.74,11.8,10.85,9.14,11.02,3.92,13.65,11.47,12.42,10.99,14.86,2.7,3.28,3.13,2.82,3.4,3.25,2.17,2.48,2.15,1.78,2.22,4.26,2.97,3.71,2.34,2.13,1.95,3.05,2.06,2.12,3.92,7.53,11.04,14.47,6.39,6.39,9.95,5.1,3.73,4.35,3.58,3.64,5.14
00-0038091,JT Woods,,CB,,23,prior,10.8,17.55,17.92,14.1,6.35,17.33,11.8,9.1,11.45,9.55,8.53,14.96,12.79,6.69,5.33,11.29,2.19,3.76,1.67,3.97,3.8,2.81,2.24,1.32,2.32,2.99,3.39,4.11,5.03,2.83,1.0,3.85,2.06,2.55,2.35,3.43,4.57,8.74,11.06,15.65,7.7,7.7,9.75,7.32,3.17,3.83,2.17,3.19,4.46
00-0041514,Jai'Onte' McMillan,,CB,,0,prior,8.5,15.07,15.7,13.87,6.69,15.11,11.8,7.1,7.54,4.72,5.98,13.97,6.81,10.31,10.99,11.29,2.86,2.48,1.71,3.21,2.41,4.15,2.99,3.78,3.04,4.95,1.87,4.34,3.11,4.0,1.91,2.79,2.63,3.09,3.43,2.87,3.39,7.37,11.98,14.62,4.56,4.56,9.85,3.77,1.48,4.53,2.55,3.55,6.16
00-0040518,Jalen Kimber,,CB,,0,prior,9.8,15.07,15.7,13.87,6.69,15.11,11.8,9.85,8.47,8.25,5.78,13.4,10.92,10.31,10.99,11.29,2.88,3.22,3.35,2.61,3.8,2.47,1.52,1.73,2.15,2.83,4.33,2.87,2.01,2.06,3.02,4.61,3.02,4.36,4.46,1.45,1.88,10.1,12.83,16.93,7.06,7.06,9.85,5.08,3.39,3.69,3.08,2.06,4.88
00-0041573,Jarod Washington,,CB,,0,prior,8.5,15.07,15.67,13.9,6.58,15.01,11.8,8.38,5.99,8.2,3.93,7.95,12.37,10.31,10.99,11.29,1.85,2.66,2.71,2.83,3.32,1.93,2.39,3.24,4.04,1.16,2.42,3.55,1.0,2.12,2.09,3.99,3.88,3.78,3.3,1.75,4.49,7.37,11.98,14.62,4.56,4.56,9.82,3.77,4.68,2.07,2.48,5.24,6.16
00-0041147,Jaylon Guilbeau,,CB,,0,prior,8.5,15.07,15.7,13.87,6.69,15.11,11.8,9.99,5.62,6.62,5.55,16.19,10.03,10.31,10.99,11.29,1.68,2.13,3.09,2.58,1.87,2.02,3.46,1.85,2.26,3.63,3.12,2.14,3.84,1.65,4.26,2.88,5.23,3.27,1.81,3.54,3.47,7.37,11.98,14.62,4.56,4.56,9.85,3.77,3.67,2.67,3.48,1.41,6.16
00-0037106,Jaylon Jones,,CB,,145,measured,9.0,14.76,15.34,13.46,6.95,14.91,11.8,8.01,8.18,7.75,7.89,9.57,5.12,13.69,17.0,11.29,3.52,3.24,3.93,1.01,4.8,3.07,5.77,3.83,1.92,1.53,1.83,1.76,3.69,1.34,3.97,2.27,4.89,3.0,2.85,4.5,4.47,7.34,13.03,16.69,5.4,5.4,9.93,5.3,1.0,1.0,3.39,1.17,4.61
00-0041332,Jeremiah McClendon,,CB,,0,prior,8.5,15.08,15.63,13.96,6.41,14.87,11.8,8.78,9.42,6.81,6.31,11.4,9.5,10.31,10.99,11.29,4.09,2.78,2.33,3.1,3.49,2.68,2.77,3.35,2.49,3.35,3.55,2.86,2.03,3.54,1.7,3.09,2.61,5.05,2.87,3.45,4.11,7.37,11.98,14.62,4.56,4.56,9.76,3.77,4.11,3.78,4.61,2.59,6.16
00-0041269,Jordan Dunbar,,CB,,0,prior,8.5,15.06,15.77,13.78,6.98,15.35,11.8,8.39,7.55,6.09,5.25,8.23,14.15,10.31,10.99,11.29,1.86,3.08,2.37,1.41,3.9,2.72,3.23,2.9,2.66,3.26,2.95,3.25,4.96,4.07,1.6,3.38,3.58,4.0,2.68,3.62,3.69,7.37,11.98,14.62,4.56,4.56,9.94,3.77,3.34,3.99,2.55,3.4,6.16
00-0041584,Jordan Washington,,CB,,0,prior,8.5,15.07,15.7,13.87,6.69,15.11,11.8,8.5,6.72,9.91,6.58,15.16,12.97,10.31,10.99,11.29,2.83,2.48,4.54,3.62,1.0,4.7,4.16,5.41,2.56,3.6,3.0,1.0,4.18,1.46,3.53,3.66,4.5,1.63,3.09,2.22,3.28,7.37,11.98,14.62,4.56,4.56,9.85,3.77,2.44,3.1,3.09,3.96,6.16
00-0038348,Josh Butler,,CB,,129,measured,9.6,14.5,14.98,13.49,6.24,14.22,11.8,10.01,10.2,8.98,9.09,10.22,6.84,4.51,15.98,7.51,3.58,2.29,3.56,2.12,4.38,4.55,2.68,4.16,4.75,3.23,3.41,3.53,1.77,2.94,4.72,1.5,3.99,3.84,3.62,3.34,2.02,5.89,13.26,16.43,6.79,6.79,9.71,5.83,3.36,3.26,3.29,2.25,5.16
00-0040576,Josh Minkins,,CB,,0,prior,9.8,15.06,15.83,13.68,7.26,15.6,11.8,9.31,9.37,10.66,6.19,11.34,12.23,10.31,10.99,11.29,3.24,4.93,1.95,3.68,1.75,1.64,1.8,2.49,4.26,4.95,1.9,1.78,2.04,2.98,2.6,1.31,4.8,2.01,3.34,4.16,3.31,10.1,12.83,16.92,7.06,7.06,10.02,5.08,3.02,2.72,2.94,3.37,4.88
00-0040499,Keenan Garber,,CB,,0,prior,9.8,15.07,15.67,13.9,6.58,15.01,11.8,9.58,7.75,7.52,7.2,13.32,8.83,10.31,10.99,11.29,3.36,1.81,2.16,2.48,1.91,2.59,1.47,3.84,2.38,4.18,4.32,3.05,3.01,2.46,1.95,1.29,4.32,3.0,1.0,5.03,3.59,10.1,12.83,16.93,7.06,7.06,9.82,5.08,2.99,3.77,2.89,3.42,4.88
00-0040674,Keydrain Calligan,,CB,,0,prior,9.8,15.07,15.88,13.83,7.0,15.54,11.8,9.11,7.92,11.03,7.71,10.99,11.93,10.31,10.99,11.29,3.77,2.57,4.07,2.71,3.93,5.53,2.34,3.83,3.97,4.4,3.46,3.42,2.56,4.72,2.52,1.0,2.81,1.36,3.02,4.18,2.59,10.1,12.83,16.93,7.06,7.06,9.94,5.08,3.33,2.04,3.09,2.63,4.88
00-0040252,Kobee Minor,,CB,,41,prior,9.2,15.06,15.65,13.72,6.95,15.16,11.8,7.63,9.99,11.32,7.98,8.04,9.06,13.04,10.99,11.29,3.79,3.45,2.29,1.8,3.39,1.0,4.82,3.72,2.81,4.38,2.71,3.12,2.58,2.05,3.68,2.12,2.03,3.74,2.94,3.45,3.73,8.12,11.01,14.55,6.15,6.15,9.93,4.44,3.11,4.17,2.66,5.24,6.02
00-0039418,MJ Devonshire,,CB,,0,prior,10.0,15.06,15.65,13.72,6.95,15.16,11.8,8.78,9.76,8.64,7.99,8.12,11.18,10.31,10.99,11.29,2.12,3.43,3.43,3.49,2.61,5.19,4.01,3.35,2.37,2.56,3.66,3.59,1.9,1.59,3.67,2.29,3.14,1.0,2.41,1.0,2.55,10.09,12.52,16.79,7.31,7.31,9.93,6.08,3.31,2.16,4.09,2.82,4.59
00-0041340,Marcus Allen,,CB,,0,prior,8.5,15.06,15.79,13.74,7.09,15.45,11.8,10.63,7.63,5.38,5.88,10.08,15.74,10.31,10.99,11.29,2.48,2.46,3.03,3.05,2.55,3.61,2.26,2.84,1.73,1.0,3.78,3.2,1.11,2.5,2.1,2.02,3.27,5.09,2.33,4.24,3.55,7.37,11.98,14.62,4.56,4.56,9.97,3.77,3.36,3.64,1.67,2.73,6.16
00-0037136,Mario Goodrich,,CB,,30,prior,9.2,13.85,14.99,13.94,6.47,14.91,11.8,11.61,8.18,8.78,9.02,11.3,10.59,12.15,10.99,11.29,3.28,3.42,4.29,5.26,2.66,5.3,2.85,2.64,5.14,1.65,1.0,2.37,3.68,2.86,2.31,3.63,3.13,2.77,1.85,1.68,1.96,8.41,11.65,14.4,6.42,6.42,9.78,5.58,3.44,3.17,4.59,1.89,4.23
00-0040112,Marquise Robinson,,CB,,0,prior,9.8,15.08,15.77,13.98,6.55,15.15,11.8,10.57,10.78,9.48,5.43,8.24,7.85,10.31,10.99,11.29,2.92,3.38,2.05,2.96,2.55,3.2,4.82,2.14,4.36,3.97,2.82,2.82,3.16,3.43,3.01,3.71,2.38,4.55,2.84,2.09,2.7,10.1,12.83,16.93,7.06,7.06,9.81,5.08,3.81,2.88,3.62,2.35,4.88
00-0040983,Matthew McDoom,,CB,,0,prior,8.5,15.08,15.57,14.05,6.13,14.62,11.8,9.08,5.02,13.66,6.7,6.72,16.82,10.31,10.99,11.29,3.1,2.64,3.22,2.33,3.06,4.45,3.05,4.32,5.39,3.62,3.1,2.75,1.95,2.42,2.54,3.08,1.46,4.11,2.6,4.09,3.59,7.37,11.98,14.63,4.56,4.56,9.68,3.77,3.18,3.88,3.4,3.37,6.16
00-0041574,Mekhi Rodgers,,CB,,0,prior,8.5,15.05,15.89,13.61,7.49,15.79,11.8,8.71,5.85,6.61,6.29,12.64,8.84,10.31,10.99,11.29,3.24,3.35,4.19,1.96,4.89,4.24,3.73,4.8,4.66,2.76,2.34,2.58,2.08,3.99,3.56,1.99,3.18,4.4,3.03,3.01,4.2,7.37,11.98,14.61,4.56,4.56,10.09,3.77,1.6,1.38,2.38,2.12,6.16
00-0040093,Melvin Smith,,CB,3.0,0,prior,9.8,15.09,15.68,14.1,6.15,14.81,11.8,8.97,8.13,7.89,5.8,11.58,8.32,10.31,10.99,11.29,2.7,1.0,4.04,2.57,3.08,3.36,3.79,1.27,1.72,3.43,3.98,3.23,3.43,3.03,3.23,2.39,1.82,1.58,1.6,2.0,4.3,10.1,12.83,16.94,7.06,7.06,9.69,5.08,1.75,3.11,4.1,3.52,4.88
00-0039312,Miles Battle,,CB,,44,prior,9.6,15.09,16.04,14.03,6.77,15.69,11.8,8.64,10.24,7.36,8.42,7.57,13.21,14.76,10.99,11.29,1.89,3.27,2.54,1.59,1.66,1.66,1.0,3.15,4.28,3.42,2.89,1.42,1.74,1.79,1.66,3.84,2.55,3.14,2.73,2.05,2.64,7.84,12.06,16.2,6.65,6.65,9.87,5.54,2.71,3.54,1.85,2.0,5.4
00-0040473,Myles Purchase,,CB,,0,prior,9.8,15.03,15.85,13.45,7.8,15.88,11.8,9.5,6.68,7.79,8.41,7.01,10.43,10.31,10.99,11.29,2.88,3.92,3.98,3.92,2.58,3.8,2.95,3.63,3.3,3.43,3.06,3.96,1.65,2.71,2.92,5.28,2.62,3.3,3.3,3.51,3.24,10.1,12.83,16.91,7.06,7.06,10.18,5.08,1.54,2.25,1.74,2.66,4.88
00-0041278,Nate Evans,,CB,,0,prior,8.5,15.08,15.61,13.99,6.3,14.77,11.8,8.86,7.62,8.77,5.09,11.25,9.8,10.31,10.99,11.29,2.56,2.02,4.01,2.31,2.42,1.74,5.07,2.23,3.9,3.09,1.69,4.79,1.51,2.57,3.57,4.08,2.64,3.11,2.07,4.34,3.38,7.37,11.98,14.63,4.56,4.56,9.73,3.77,1.82,2.66,3.33,2.4,6.16
00-0037984,Pepe Williams,,CB,,0,prior,10.4,15.01,14.07,13.71,8.5,13.31,11.8,10.02,9.04,8.82,8.25,13.0,15.43,12.5,10.99,6.86,3.04,2.09,3.93,3.11,3.42,3.11,4.92,2.48,3.1,2.82,3.91,1.7,2.9,3.94,3.33,1.8,1.0,3.96,2.29,2.63,3.66,10.07,12.05,15.72,8.18,8.18,10.39,7.03,3.16,2.09,1.73,3.39,3.57
00-0041210,Preston Hodge,,CB,,0,prior,8.5,15.06,15.83,13.68,7.26,15.6,11.8,7.45,7.9,6.85,7.49,11.04,12.76,10.31,10.99,11.29,3.6,3.19,3.05,3.46,1.78,1.0,2.51,5.31,2.61,3.35,1.0,4.39,4.43,2.2,1.32,2.74,2.58,2.93,3.39,3.38,2.58,7.37,11.98,14.62,4.56,4.56,10.02,3.77,2.56,3.07,1.95,4.81,6.16
00-0039767,Quinton Newsome,,CB,,0,prior,9.9,15.1,15.62,14.19,5.87,14.57,11.8,9.37,8.77,11.15,8.43,9.24,11.23,10.31,10.99,11.29,3.44,2.73,3.53,1.44,2.35,2.91,2.93,2.62,2.87,1.98,2.03,3.27,2.86,4.82,3.0,3.8,2.69,1.64,3.34,2.76,2.23,10.09,12.69,16.93,7.22,7.22,9.6,5.55,2.84,3.05,3.92,3.52,4.46
00-0041589,Ricardo Hallman,,CB,,0,prior,8.5,15.07,15.7,13.87,6.69,15.11,11.8,9.55,6.16,6.49,4.63,11.82,10.46,10.31,10.99,11.29,3.42,3.1,3.76,2.42,1.78,2.95,3.13,4.34,2.95,3.02,2.92,2.54,4.38,2.55,3.6,1.6,4.36,3.4,3.84,5.34,2.69,7.37,11.98,14.62,4.56,4.56,9.85,3.77,3.85,3.63,1.0,4.19,6.16
00-0040423,Roman Parodie,,CB,,0,prior,9.8,15.05,15.89,13.61,7.49,15.79,11.8,8.05,8.49,6.2,6.37,15.62,6.83,10.31,10.99,11.29,4.24,5.14,1.89,4.05,2.39,3.34,3.87,1.09,2.8,2.28,3.38,3.93,3.76,3.36,2.39,5.43,2.57,1.42,3.42,2.24,2.22,10.1,12.83,16.92,7.06,7.06,10.09,5.08,2.96,2.52,3.49,3.93,4.88
00-0039245,Ryan Cooper Jr.,,CB,,0,prior,9.9,15.06,15.61,13.77,6.78,15.01,11.8,9.12,9.46,9.87,6.02,14.57,12.16,10.31,10.99,11.29,4.54,1.97,1.96,1.43,2.48,3.82,2.4,1.0,3.25,2.65,2.04,2.42,1.52,1.93,2.3,1.61,2.83,3.04,3.15,3.44,5.04,10.09,12.69,16.91,7.22,7.22,9.88,5.55,1.0,2.42,2.99,2.12,4.46
00-0041304,Stephen Hall,,CB,,0,prior,8.5,15.06,15.82,13.7,7.2,15.55,11.8,6.87,6.78,7.86,6.27,10.16,6.52,10.31,10.99,11.29,1.59,3.06,2.35,2.05,1.0,4.34,4.06,2.09,3.64,3.1,2.22,3.48,4.21,4.18,3.05,2.4,1.44,2.04,2.95,3.85,3.18,7.37,11.98,14.62,4.56,4.56,10.0,3.77,3.7,4.92,3.07,2.72,6.16
00-0038655,Steven Gilmore,,CB,,1,prior,9.9,15.1,15.44,14.23,5.56,14.19,11.8,10.79,7.66,9.33,6.77,10.77,8.64,12.15,10.99,11.29,3.09,4.04,3.96,2.81,3.85,3.68,1.05,3.04,2.47,1.33,1.14,3.03,3.58,2.76,3.27,3.64,2.44,1.0,3.45,3.34,4.23,9.8,12.4,16.27,7.18,7.18,9.51,6.01,1.5,2.26,3.59,4.32,3.97
00-0041488,Tamon Lynum,,CB,,0,prior,8.5,15.08,15.63,13.96,6.41,14.87,11.8,7.98,5.48,7.71,4.71,8.98,15.06,10.31,10.99,11.29,3.9,1.0,3.64,1.75,5.56,3.82,4.03,1.01,1.91,2.26,2.82,2.91,3.26,2.45,1.31,2.46,4.18,2.25,2.68,2.73,3.21,7.37,11.98,14.62,4.56,4.56,9.76,3.77,1.88,4.0,4.97,3.12,6.16
00-0038403,Tre Hawkins III,,CB,,199,measured,9.7,15.1,15.91,14.22,6.21,15.2,11.8,9.63,11.34,8.75,5.92,4.08,11.78,15.84,10.99,6.6,3.6,1.63,3.23,3.2,4.25,1.43,4.28,2.86,1.04,2.56,2.19,4.24,4.01,3.17,2.24,2.51,3.27,3.29,3.25,3.55,4.99,9.79,13.25,15.25,6.45,6.45,9.7,6.31,1.0,3.86,1.12,3.63,5.35
00-0039586,Tyrek Funderburk,,CB,,101,measured,8.6,15.08,15.63,13.96,6.41,14.87,11.8,7.68,6.6,6.84,7.65,14.5,13.76,12.42,10.99,11.29,2.24,2.43,3.46,3.09,3.58,2.28,3.07,3.19,1.22,2.75,4.53,3.06,3.5,1.76,4.02,4.44,2.79,3.73,2.16,3.36,1.07,6.03,11.06,15.0,4.78,4.78,9.76,4.33,2.79,2.49,2.77,1.0,5.79
00-0041300,William Wright,,CB,,0,prior,8.5,15.07,15.74,13.81,6.86,15.26,11.8,9.59,10.37,11.06,2.64,7.61,12.13,10.31,10.99,11.29,2.01,4.61,3.68,4.29,1.91,1.67,2.8,2.78,4.59,4.34,3.49,2.9,2.25,3.13,1.0,4.61,3.88,2.9,2.3,3.17,2.8,7.37,11.98,14.62,4.56,4.56,9.9,3.77,2.7,3.99,1.88,2.91,6.16
00-0040966,Zelmar Vedder,,CB,,0,prior,8.5,15.07,15.74,13.81,6.86,15.26,11.8,8.24,4.06,10.95,5.26,11.43,9.72,10.31,10.99,11.29,1.35,3.71,2.77,2.97,2.08,2.69,4.26,3.15,3.22,3.68,4.45,2.46,1.85,2.93,4.57,2.03,4.53,4.3,2.65,2.49,4.04,7.37,11.98,14.62,4.56,4.56,9.9,3.77,2.19,3.07,1.97,2.23,6.16
00-0040982,Aaron Graves,,DT,,0,prior,9.2,6.94,8.3,7.5,13.07,10.55,11.8,8.35,8.27,5.27,4.75,9.95,13.91,10.31,10.99,11.29,2.81,3.4,5.0,4.43,2.26,1.51,3.15,3.2,2.41,3.08,3.13,4.67,3.48,2.63,2.06,1.34,2.37,1.63,9.76,8.66,8.4,7.42,7.7,9.57,1.52,3.03,3.44,2.12,4.26,2.45,3.72,2.38,4.41
00-0040304,Alex Huntley,,DT,,0,prior,6.4,6.69,8.13,7.49,12.7,10.27,11.8,4.8,3.86,2.13,6.4,9.62,9.49,10.31,10.99,11.29,3.74,2.92,3.95,2.97,3.34,2.65,3.64,2.07,1.3,3.31,2.15,2.85,3.99,4.14,2.53,1.0,3.79,2.12,4.94,3.88,5.41,5.16,4.16,12.82,2.69,2.91,2.16,2.35,1.15,2.36,1.91,2.58,3.18
00-0040956,Amari McNeill,,DT,,0,prior,9.2,6.94,8.3,7.5,13.07,10.55,11.8,9.3,5.42,12.17,6.27,16.46,9.56,10.31,10.99,11.29,2.03,2.09,3.46,1.43,1.72,3.26,5.21,4.41,1.0,2.82,1.33,3.52,2.84,5.1,5.18,1.58,2.48,3.89,9.76,8.66,8.4,7.42,7.7,9.57,1.0,3.12,1.35,3.19,4.34,2.98,3.87,2.72,2.22
00-0041140,Anquin Barnes Jr.,,DT,,0,prior,9.2,3.86,4.74,3.13,14.49,6.86,11.8,7.7,6.6,9.05,6.27,14.73,13.84,10.31,10.99,11.29,2.64,3.76,2.82,3.4,1.63,5.37,2.27,4.76,4.49,2.51,1.24,3.0,3.1,2.27,4.65,2.71,2.86,3.73,10.54,7.87,8.4,7.42,7.7,8.33,2.51,2.91,2.78,3.42,1.7,2.24,2.63,2.31,5.14
00-0041591,Brien Taylor,,DT,,0,prior,9.2,7.01,8.38,7.59,13.04,10.65,11.8,10.47,6.18,7.01,4.62,11.2,7.87,10.31,10.99,11.29,2.82,3.69,3.56,2.46,2.07,3.61,3.1,3.09,2.99,2.63,3.38,3.13,2.76,4.31,1.35,2.53,3.31,2.77,9.74,8.68,8.4,7.42,7.7,9.6,1.67,3.97,4.66,1.55,2.07,3.25,1.76,2.17,4.11
00-0038939,Brodric Martin,,DT,,38,prior,8.3,4.45,5.68,4.67,13.24,7.79,11.8,9.3,7.62,5.19,9.02,10.52,8.38,6.43,5.16,11.29,3.05,1.3,3.2,2.3,2.76,3.99,2.88,3.43,2.23,2.89,2.96,1.59,4.29,2.94,2.52,1.98,3.45,1.45,9.03,6.99,8.83,6.55,4.45,11.6,2.18,1.79,3.42,1.88,1.97,2.8,2.64,3.58,4.29
00-0041596,Cam Rice,,DT,,0,prior,9.2,6.4,7.67,6.74,13.32,9.77,11.8,9.19,8.41,9.0,6.23,13.74,12.95,10.31,10.99,11.29,3.55,3.69,3.52,1.0,4.75,4.34,3.58,2.71,2.7,2.19,4.4,3.3,3.32,4.64,4.95,3.64,2.64,2.42,9.9,8.52,8.4,7.42,7.7,9.35,3.13,3.06,2.48,2.43,2.08,2.5,2.52,2.34,2.62
00-0036850,Cameron Sample,,DT,,379,measured,11.1,10.46,11.23,9.43,12.0,14.59,11.8,11.03,7.31,9.56,8.55,12.44,11.05,11.77,17.8,4.97,3.06,3.9,1.0,3.78,4.16,3.0,2.89,2.51,3.47,3.55,4.01,4.71,2.99,4.26,4.24,1.47,3.22,2.94,13.41,13.92,9.83,8.82,9.82,13.39,4.34,2.1,1.8,2.64,2.26,1.33,2.76,3.34,3.86
00-0039510,Casey Rogers,,DT,,25,prior,7.4,6.15,7.65,7.11,12.45,9.64,11.8,7.26,6.9,3.77,5.33,14.72,15.96,14.76,10.99,11.29,3.21,3.13,1.82,4.46,3.15,2.45,2.31,1.86,1.94,2.78,4.09,2.31,4.83,2.85,4.24,4.26,2.85,3.8,6.39,5.23,7.88,5.88,4.23,12.3,2.25,3.67,3.41,1.87,3.39,2.53,2.13,2.32,3.61
00-0040952,Cole Brevard,,DT,,0,prior,9.2,3.39,4.24,2.5,14.68,6.27,11.8,8.66,6.62,8.96,6.25,6.99,6.17,10.31,10.99,11.29,1.07,2.05,4.23,2.18,1.2,3.14,3.84,4.39,3.05,1.98,3.72,2.74,4.47,1.48,3.58,2.13,3.27,3.36,10.66,7.76,8.4,7.42,7.7,8.15,3.3,2.71,4.01,2.81,2.02,4.35,3.26,2.33,2.6
00-0040088,Coziah Izzard,,DT,,0,prior,6.5,6.26,7.51,6.55,13.39,9.59,11.8,7.98,5.29,6.05,6.0,6.54,7.5,10.31,10.99,11.29,4.0,1.4,3.37,3.07,3.1,4.4,2.07,2.31,5.1,3.42,2.82,2.54,1.25,3.17,1.32,3.24,4.07,1.72,5.14,3.69,5.41,5.16,4.16,12.65,2.98,3.62,5.54,3.26,4.22,3.89,3.88,2.27,4.26
00-0040940,DJ Withers,,DT,,0,prior,9.2,6.6,7.9,7.02,13.23,10.06,11.8,9.48,8.49,6.18,6.93,8.91,13.19,10.31,10.99,11.29,2.11,4.36,3.71,2.23,1.53,2.43,2.77,3.54,1.33,3.89,1.8,4.65,3.3,4.57,2.25,3.58,2.31,4.05,9.84,8.57,8.4,7.42,7.7,9.43,1.91,3.7,3.03,4.17,1.6,3.29,4.29,2.48,4.17
00-0040960,Damon Payne,,DT,,0,prior,9.2,5.85,7.04,5.96,13.58,9.15,11.8,8.4,5.49,7.81,7.46,4.56,12.29,10.31,10.99,11.29,4.57,2.71,4.32,4.03,2.73,2.09,3.39,2.94,2.72,2.62,3.13,1.86,3.12,4.13,3.57,2.81,2.69,2.14,10.04,8.38,8.4,7.42,7.7,9.13,4.0,3.77,3.45,3.24,3.29,3.97,3.47,2.6,3.36
00-0041315,David Blay Jr.,,DT,,0,prior,9.2,6.26,7.51,6.55,13.39,9.59,11.8,8.39,6.99,9.86,8.03,6.13,9.06,10.31,10.99,11.29,3.27,2.12,1.84,2.55,2.15,1.97,3.45,2.07,3.68,4.43,2.29,5.19,2.85,3.22,2.49,2.98,2.28,4.98,9.93,8.48,8.4,7.42,7.7,9.3,2.81,4.26,2.98,2.8,4.2,4.83,2.96,3.21,1.92
00-0038893,Devonnsha Maxwell,,DT,,0,prior,6.6,6.93,8.15,7.13,13.57,10.45,11.8,7.92,1.0,7.33,6.72,12.2,7.54,10.31,10.99,11.29,3.38,4.68,3.26,3.77,5.14,2.66,3.32,2.74,2.01,2.76,3.0,2.63,3.56,1.81,3.14,1.0,2.67,2.66,5.07,3.8,5.6,5.19,4.19,12.96,4.57,4.08,2.09,4.89,2.89,3.3,3.89,2.73,2.69
00-0040995,Dion Wilson,,DT,,0,prior,9.2,6.26,7.51,6.55,13.39,9.59,11.8,7.02,7.07,3.47,6.76,15.87,18.01,10.31,10.99,11.29,3.25,1.78,2.77,3.08,3.04,4.67,1.73,3.32,2.94,3.37,3.48,4.28,4.06,2.11,4.01,3.76,2.5,4.13,9.93,8.48,8.4,7.42,7.7,9.3,2.72,1.01,4.45,4.12,2.69,2.69,2.03,5.48,2.75
00-0039696,Evan Anderson,,DT,,173,measured,9.2,4.83,5.85,4.49,14.05,8.04,11.8,7.6,6.76,5.99,8.42,11.88,9.1,12.42,10.99,11.29,2.41,4.56,3.66,3.19,2.97,4.49,3.13,4.3,3.19,2.98,2.71,2.16,2.16,2.91,3.21,3.58,2.98,3.78,9.35,7.17,8.13,8.28,10.25,11.23,3.58,2.22,5.19,4.56,2.84,4.34,2.19,2.87,3.89
00-0040403,Fatorma Mulbah,,DT,,0,prior,6.4,6.14,7.5,6.73,12.95,9.54,11.8,8.72,3.13,5.86,6.34,11.52,11.74,10.31,10.99,11.29,2.33,3.82,4.02,2.89,4.99,3.81,3.23,3.78,2.82,3.35,3.01,2.75,2.2,1.34,2.93,4.26,2.61,2.68,5.08,3.74,5.41,5.16,4.16,12.6,3.93,3.27,2.41,2.87,1.86,3.73,4.04,2.33,1.74
00-0039644,Isaiah Iton,,DT,2.0,0,prior,6.6,6.66,7.83,6.75,13.7,10.06,11.8,7.12,4.27,5.23,8.56,12.41,7.89,10.31,10.99,11.29,1.96,2.84,3.85,4.12,3.74,3.98,2.62,2.89,3.49,2.39,3.56,1.81,2.17,4.11,2.9,4.6,2.78,3.26,5.11,3.69,5.39,5.39,4.2,12.78,2.58,4.92,3.75,3.79,3.57,2.6,3.24,3.29,3.58
00-0037230,Israel Antwine,,DT,,0,prior,6.6,6.6,7.9,7.02,13.23,10.06,11.8,9.84,4.87,4.55,10.73,13.14,13.46,10.31,10.99,11.29,2.88,2.9,2.89,5.71,2.49,3.96,4.39,2.92,4.04,4.08,3.18,3.33,3.56,3.22,4.4,3.01,2.97,2.52,5.07,3.8,5.8,5.38,4.19,12.83,2.56,1.0,5.12,2.49,3.53,2.16,2.21,2.39,1.56
00-0040063,J.R. Singleton,,DT,,0,prior,6.6,6.37,7.36,5.97,14.32,9.56,11.8,7.96,7.34,2.45,7.73,12.98,13.38,10.31,10.99,11.29,3.28,4.03,4.82,1.0,1.0,2.42,3.81,3.51,3.09,2.96,4.38,3.33,1.55,3.47,4.13,3.96,2.02,3.14,5.28,3.54,5.41,5.16,4.16,12.69,2.4,2.17,1.99,3.0,4.04,2.85,2.98,4.47,4.23
00-0041378,Jacobian Guillory,,DT,,0,prior,9.2,5.37,6.48,5.27,13.8,8.63,11.8,6.87,8.61,5.22,2.91,11.48,11.65,10.31,10.99,11.29,3.86,2.29,1.05,3.04,3.45,3.0,2.99,4.72,4.4,2.88,5.08,3.46,2.81,3.53,3.82,2.52,3.28,2.13,10.16,8.26,8.4,7.42,7.7,8.94,3.41,2.56,1.47,3.4,1.24,3.48,1.0,2.8,2.66
00-0040486,Jah Joyner,,DT,,0,prior,6.5,8.99,10.96,10.42,12.12,13.11,11.8,5.72,6.89,6.07,3.93,12.51,14.32,10.31,10.99,11.29,2.86,4.7,2.82,1.31,2.04,3.41,3.54,3.43,3.38,2.91,2.43,3.07,3.01,2.13,3.67,3.25,3.17,1.94,4.44,4.39,5.41,5.16,4.16,13.74,1.08,1.0,1.33,3.17,2.43,3.57,3.24,1.18,1.0
00-0041375,Jahmeer Carter,,DT,,0,prior,9.2,5.85,7.04,5.96,13.58,9.15,11.8,7.99,6.94,5.95,5.99,11.52,8.6,10.31,10.99,11.29,4.1,1.23,3.04,5.13,2.81,2.83,3.27,1.0,2.49,2.67,1.79,5.06,1.66,1.25,1.92,1.61,1.86,2.88,10.04,8.38,8.4,7.42,7.7,9.13,3.56,3.72,3.46,4.01,1.61,3.67,4.37,1.81,2.53
00-0040055,Jalan Gaines,,DT,,0,prior,6.5,10.42,12.78,12.56,11.27,14.82,11.8,5.14,5.12,4.92,6.0,9.43,18.66,10.31,10.99,11.29,2.99,4.54,1.67,3.0,3.73,3.84,2.04,3.0,2.69,3.5,2.29,2.56,1.34,4.41,2.77,2.96,3.08,3.28,4.04,4.79,5.41,5.16,4.16,14.31,1.29,2.05,2.84,4.36,4.22,2.66,4.03,2.39,2.89
00-0041428,Jaxson Moi,,DT,,0,prior,9.2,6.32,7.44,6.26,13.86,9.57,11.8,9.33,7.37,8.13,5.23,7.56,15.84,10.31,10.99,11.29,1.89,2.97,3.11,3.36,2.02,1.2,4.49,3.38,1.0,3.43,3.67,1.73,3.67,2.24,2.65,3.18,2.3,3.13,10.0,8.41,8.4,7.42,7.7,9.32,3.31,1.99,2.24,3.03,2.96,4.51,4.02,4.19,2.46
00-0040019,Jay Toia,,DT,,82,prior,8.3,3.76,4.5,2.62,15.03,6.66,11.8,9.81,4.87,2.78,7.53,15.53,14.33,13.04,10.99,11.29,4.35,3.53,2.19,4.51,1.14,1.25,3.35,3.87,2.61,2.49,2.29,2.32,4.12,4.19,2.21,3.15,3.71,3.04,9.41,6.51,8.18,5.85,4.4,11.47,3.06,5.46,1.92,2.98,2.76,3.56,3.34,3.86,3.36
00-0041254,Josiah Green,,DT,,0,prior,9.2,7.63,9.16,8.45,12.76,11.57,11.8,7.05,8.15,6.99,6.54,12.26,6.94,10.31,10.99,11.29,3.15,2.2,1.99,1.43,2.95,4.42,3.23,2.76,2.14,4.38,2.13,3.4,3.9,2.69,4.18,2.33,3.49,3.91,9.58,8.83,8.4,7.42,7.7,9.84,2.59,3.39,3.28,3.3,2.5,2.06,2.57,2.55,3.62
00-0041163,Kahlil Saunders,,DT,,0,prior,9.2,6.81,8.14,7.31,13.13,10.36,11.8,9.53,7.09,9.04,4.5,6.43,4.12,10.31,10.99,11.29,3.42,3.3,2.76,3.64,1.77,2.08,1.61,3.85,3.27,3.51,1.91,3.41,3.03,1.0,3.87,4.17,1.69,2.68,9.79,8.62,8.4,7.42,7.7,9.52,2.87,3.12,2.93,2.78,2.84,3.4,3.18,2.89,2.44
00-0040338,Keivie Rose,,DT,,0,prior,6.5,6.4,7.67,6.74,13.32,9.77,11.8,8.27,5.33,3.77,7.79,13.32,17.01,10.31,10.99,11.29,4.15,1.8,2.21,2.56,2.59,2.93,4.32,1.71,1.65,2.32,3.48,2.74,3.98,2.49,3.18,1.68,3.23,3.58,5.1,3.72,5.41,5.16,4.16,12.7,3.65,2.49,4.75,4.27,2.15,1.86,4.84,4.95,3.28
00-0041594,Keveion'ta Spears,,DT,,0,prior,9.2,5.72,6.88,5.76,13.64,9.0,11.8,9.08,7.99,9.82,6.58,10.81,9.05,10.31,10.99,11.29,2.55,1.67,1.97,3.75,1.0,3.24,1.11,2.16,1.5,3.9,3.22,4.5,3.66,3.79,3.23,3.25,3.51,2.74,10.07,8.34,8.4,7.42,7.7,9.08,2.74,1.66,3.43,1.81,2.96,4.43,3.38,3.11,2.78
00-0040454,Kristian Williams,,DT,,0,prior,6.6,7.0,8.23,7.22,13.54,10.55,11.8,7.0,3.27,3.81,6.0,13.5,12.32,10.31,10.99,11.29,3.26,2.41,4.34,2.47,2.26,5.16,3.55,2.67,1.67,2.41,2.61,3.5,2.59,2.56,4.05,3.48,2.78,4.01,5.03,3.79,5.41,5.16,4.16,12.94,2.03,3.71,4.03,3.21,2.46,2.88,4.06,3.3,3.95
00-0039946,Kyon Barrs,,DT,,0,prior,6.6,7.34,8.62,7.7,13.38,11.03,11.8,8.6,5.32,3.87,8.42,10.59,9.6,10.31,10.99,11.29,2.49,2.44,1.68,2.82,3.11,3.11,2.77,3.5,2.75,3.13,3.37,2.17,1.34,3.64,2.58,2.57,2.61,1.68,4.96,3.9,5.43,5.18,4.18,13.11,2.95,2.7,3.37,2.17,4.56,2.58,2.46,3.87,4.65
00-0040229,Kyonte Hamilton,,DT,3.0,0,prior,6.4,6.28,7.66,6.92,12.89,9.69,11.8,6.26,4.15,5.61,6.26,11.72,9.01,10.31,10.99,11.29,3.74,4.1,3.48,2.3,5.56,2.29,2.41,2.78,1.58,3.01,3.52,3.07,3.38,3.53,3.33,2.41,1.68,3.53,5.08,3.81,5.43,5.18,4.15,12.68,1.44,4.04,4.16,2.79,2.0,2.88,2.85,3.5,2.94
00-0039354,McKinnley Jackson,,DT,,289,measured,9.3,3.1,5.35,3.84,14.65,5.08,11.8,10.35,5.22,6.64,6.28,13.75,11.92,14.76,10.99,14.86,2.11,2.66,3.67,3.11,3.46,3.35,1.64,4.63,3.26,3.3,3.63,2.73,3.27,1.94,3.84,3.51,2.24,4.16,11.02,8.03,8.71,7.72,6.04,8.68,2.81,2.27,4.0,2.11,3.26,2.89,4.12,3.3,2.73
00-0040684,Patrick Jenkins,,DT,,0,prior,6.6,7.14,8.38,7.41,13.48,10.74,11.8,6.33,5.41,9.3,6.58,12.56,8.8,10.31,10.99,11.29,2.95,5.5,2.31,4.73,2.91,4.42,1.05,2.62,3.97,3.25,2.74,4.31,2.81,2.85,4.28,2.5,3.45,3.45,5.0,3.83,5.41,5.16,4.16,13.0,3.57,4.72,3.68,3.67,1.48,1.09,4.67,1.78,3.74
00-0041423,Payton Zdroik,,DT,,0,prior,9.2,8.52,10.33,9.73,12.34,12.58,11.8,6.51,5.0,10.28,4.84,7.29,5.71,10.31,10.99,11.29,3.03,3.95,2.86,1.58,2.98,2.65,3.81,1.49,4.72,4.59,4.15,2.25,2.17,3.47,3.05,3.94,1.99,4.89,9.35,9.06,8.4,7.42,7.7,10.2,3.72,3.4,1.23,3.68,3.18,1.87,2.83,3.41,5.58
00-0041432,Smith Vilbert,,DT,,0,prior,9.2,7.83,9.43,8.75,12.66,11.82,11.8,8.01,4.58,5.37,7.74,7.99,9.13,10.31,10.99,11.29,2.95,3.52,3.18,4.41,3.41,2.59,2.88,3.54,3.81,2.87,3.68,3.46,1.98,2.81,2.55,4.45,2.03,2.89,9.53,8.89,8.4,7.42,7.7,9.93,3.45,1.95,2.98,2.4,3.54,1.97,4.63,3.13,3.13
00-0040022,Tommy Akingbesote,,DT,,0,prior,6.4,5.47,5.93,5.76,13.27,7.99,11.8,7.17,5.69,6.39,5.96,8.62,14.52,10.31,10.99,11.29,3.05,4.64,3.38,4.09,2.46,1.34,2.73,1.0,2.13,2.79,4.59,3.46,4.4,2.65,2.23,2.25,3.2,3.54,5.28,3.6,5.43,5.17,4.15,12.35,3.28,3.47,3.81,2.21,2.43,4.59,3.72,5.53,2.9
00-0038405,Travis Bell,,DT,4.0,14,prior,7.7,6.37,7.36,5.97,14.32,9.56,11.8,6.74,5.56,8.09,7.86,14.63,13.14,12.15,10.99,11.29,1.45,2.76,2.62,3.32,3.09,2.87,3.18,1.44,3.42,2.95,3.56,2.11,2.18,4.57,2.97,3.77,4.04,1.79,6.51,4.77,8.14,6.14,4.37,12.56,1.84,3.7,3.14,1.96,2.43,2.69,3.07,3.79,3.77
00-0041500,Travis Shaw,,DT,,0,prior,9.2,3.7,4.57,2.92,14.56,6.66,11.8,6.56,6.28,3.09,6.4,9.24,8.14,10.31,10.99,11.29,3.46,4.01,2.65,4.17,4.43,2.32,3.45,3.87,2.78,2.22,2.6,2.99,3.01,4.28,3.97,2.43,4.26,3.82,10.58,7.83,8.4,7.42,7.7,8.27,3.51,5.7,3.62,3.77,2.79,3.35,3.17,3.07,2.59
00-0040487,Treven Ma'ae,,DT,,0,prior,6.5,7.29,8.71,7.98,12.91,11.05,11.8,6.77,4.61,1.0,6.29,8.68,8.22,10.31,10.99,11.29,1.74,4.3,2.84,3.11,2.77,3.59,2.63,2.58,2.18,2.6,1.15,3.4,3.19,3.19,4.41,3.77,4.63,4.05,4.87,3.95,5.41,5.16,4.16,13.06,2.37,4.89,4.27,3.19,1.0,1.0,1.78,3.08,3.56
00-0041487,Tywone Malone,,DT,,0,prior,9.2,5.99,7.19,6.15,13.51,9.3,11.8,8.52,7.74,9.27,6.36,11.61,8.48,10.31,10.99,11.29,4.19,2.94,2.71,4.08,3.87,1.32,1.0,3.45,5.72,2.74,3.71,1.95,2.43,3.41,2.38,1.49,3.1,2.99,10.0,8.41,8.4,7.42,7.7,9.19,3.7,3.63,3.66,2.3,2.26,4.01,2.13,2.25,4.88
00-0038575,Viliami Fehoko Jr.,,DT,,0,prior,7.0,9.08,11.24,10.93,12.46,13.29,11.8,7.67,4.71,5.26,7.79,11.11,11.29,10.31,10.99,4.89,3.2,3.03,2.85,3.09,4.12,4.75,2.79,2.85,1.63,3.22,2.76,3.95,3.21,4.01,1.95,3.44,2.11,3.31,4.52,4.38,7.15,5.38,4.19,13.83,1.95,1.9,3.75,1.0,4.11,5.97,2.8,3.32,4.03
00-0040064,Wy'Kevious Thomas,,DT,,0,prior,6.6,6.45,7.59,6.46,13.79,9.76,11.8,8.0,4.29,4.48,6.13,7.38,16.95,10.31,10.99,11.29,3.12,4.29,3.34,2.31,2.49,2.14,2.93,4.79,3.51,1.99,3.36,4.61,3.44,2.84,3.32,3.82,3.95,2.62,5.17,3.65,5.41,5.16,4.16,12.72,3.48,3.27,4.13,3.38,2.82,1.0,3.91,3.62,3.23
00-0041540,Zion Wilson,,DT,,0,prior,9.2,5.51,6.64,5.47,13.73,8.78,11.8,7.73,3.9,8.83,8.48,10.24,15.34,10.31,10.99,11.29,2.6,3.36,1.01,4.84,1.65,4.55,1.0,4.35,1.18,3.38,2.71,2.1,2.4,3.23,2.89,3.0,4.85,3.16,10.12,8.29,8.4,7.42,7.7,9.0,4.73,3.16,1.4,3.29,1.49,3.44,2.08,3.26,2.0
00-0041012,Anthony Dunn,,EDGE,,0,prior,8.5,10.47,12.08,11.02,11.24,13.27,11.8,8.14,7.19,4.48,6.77,15.8,12.43,10.31,10.99,11.29,4.1,3.08,2.68,3.25,3.52,3.23,3.32,2.93,1.75,3.52,2.44,2.68,4.2,2.43,2.98,4.15,1.54,2.59,7.24,7.13,6.62,7.97,9.29,13.89,5.8,6.8,2.11,1.45,3.93,3.42,2.03,1.53,4.27
00-0040018,Antwaun Powell-Ryland,,EDGE,,0,prior,6.9,10.92,13.44,11.67,11.17,15.38,11.8,7.42,7.47,5.39,6.3,10.32,12.85,10.31,10.99,11.29,5.81,3.82,3.54,3.86,3.02,1.91,3.7,3.95,4.48,3.87,5.0,4.25,2.59,4.23,3.81,3.11,3.0,3.34,4.96,5.03,4.99,4.99,3.99,13.56,5.8,6.8,2.62,3.36,2.39,2.31,1.75,4.29,2.71
00-0041355,Arden Walker,,EDGE,,0,prior,8.6,11.19,12.95,12.11,10.83,13.97,11.8,8.67,8.18,6.02,5.97,12.08,12.13,10.31,10.99,11.29,3.42,2.63,2.91,3.81,2.96,2.86,5.73,4.12,2.36,3.44,3.03,4.07,1.54,3.88,2.84,3.83,4.5,3.13,7.04,7.33,6.62,7.97,9.29,14.18,5.8,6.8,4.12,3.87,2.87,4.42,2.77,3.55,3.27
00-0039155,BJ Ojulari,,EDGE,,346,measured,9.1,11.22,14.08,11.63,11.37,13.6,11.8,9.18,9.15,5.78,5.58,9.79,11.12,6.28,6.65,15.41,2.58,2.43,3.63,2.06,4.53,3.75,1.0,2.49,2.93,3.21,3.78,1.97,1.54,3.61,4.44,3.14,4.23,3.0,8.68,8.79,7.05,5.69,7.06,15.52,5.8,6.8,2.48,4.84,2.47,3.89,2.14,3.58,2.94
00-0041268,Cade Denhoff,,EDGE,,0,prior,8.5,10.59,12.23,11.19,11.17,13.39,11.8,9.18,9.57,8.18,3.37,15.18,11.28,10.31,10.99,11.29,3.14,2.72,2.0,3.84,2.8,2.59,2.48,3.34,3.34,3.43,3.48,2.39,5.03,1.44,1.54,3.25,2.68,4.43,7.21,7.16,6.62,7.97,9.29,13.94,5.8,6.8,2.01,4.18,3.51,2.59,1.78,4.87,3.28
00-0041353,Cam'Ron Stewart,,EDGE,,0,prior,8.6,11.19,12.95,12.11,10.83,13.97,11.8,7.71,7.27,4.2,3.83,14.39,11.75,10.31,10.99,11.29,3.31,5.26,4.5,2.76,3.37,3.82,3.08,2.93,3.86,4.3,3.4,3.12,4.72,3.33,1.0,2.69,3.78,2.76,7.04,7.33,6.62,7.97,9.29,14.18,5.8,6.8,1.27,4.09,2.72,2.44,2.41,3.72,2.65
00-0041295,Dasan McCullough,,EDGE,,0,prior,8.8,12.09,14.05,13.66,10.31,15.06,11.8,8.5,9.06,6.25,5.01,12.31,10.58,10.31,10.99,11.29,2.18,2.47,3.38,2.68,3.13,2.93,3.16,2.98,3.52,3.31,3.38,2.62,3.25,3.23,2.89,2.98,3.34,3.5,6.8,7.58,6.62,7.97,9.29,14.54,5.8,6.8,3.46,1.24,2.37,4.07,3.97,2.7,4.9
00-0038638,Derek Parish,,EDGE,,0,prior,6.9,11.51,12.92,12.08,11.2,13.82,11.8,8.19,7.32,6.21,7.3,8.87,13.87,10.31,10.99,11.29,2.38,2.65,3.6,3.75,3.37,1.97,2.14,3.95,2.83,3.47,1.0,2.28,3.12,2.89,3.56,2.17,3.93,2.94,4.87,5.14,5.01,5.0,3.99,13.57,5.8,6.8,4.41,2.85,2.13,3.34,4.54,4.73,2.9
00-0040971,Devean Deal,,EDGE,,0,prior,8.6,11.19,12.95,12.11,10.83,13.97,11.8,7.07,6.24,3.82,5.76,11.96,11.31,10.31,10.99,11.29,2.94,3.02,2.53,3.68,3.61,3.6,3.03,3.68,1.71,3.27,3.31,4.53,3.45,2.13,3.79,4.4,3.62,2.78,7.04,7.33,6.62,7.97,9.29,14.18,5.8,6.8,2.41,2.3,3.84,1.8,3.6,2.83,3.45
00-0039003,Drew Sanders,,EDGE,3.0,123,measured,8.8,12.21,14.41,14.15,9.98,15.48,11.8,8.68,5.27,8.05,9.69,8.92,15.67,5.85,5.53,11.29,3.33,2.44,3.45,1.49,4.79,2.25,4.03,4.12,1.65,2.91,4.28,3.61,2.61,3.03,3.81,2.72,2.53,2.19,7.31,8.25,6.86,6.78,6.43,14.36,5.8,6.8,2.41,3.25,4.38,1.98,4.04,3.03,1.32
00-0039207,Durell Nchami,,EDGE,,30,prior,7.0,10.59,12.23,11.19,11.17,13.39,11.8,8.07,6.58,4.36,9.5,11.02,10.6,13.04,10.99,11.29,3.06,3.78,1.07,3.67,4.41,1.57,1.01,1.86,2.73,3.0,2.03,1.0,2.56,4.19,4.48,2.8,4.39,2.24,5.16,5.11,5.5,5.8,4.57,13.11,5.8,6.8,2.12,3.88,2.91,2.02,2.34,2.25,3.66
00-0040969,Ethan Hurkett,,EDGE,,0,prior,8.6,10.71,12.37,11.37,11.1,13.5,11.8,7.89,9.94,6.45,7.18,10.35,10.58,10.31,10.99,11.29,2.74,2.37,1.35,3.71,2.56,3.47,3.38,3.77,2.22,2.82,2.43,3.16,3.82,1.51,2.14,1.99,3.21,2.41,7.18,7.2,6.62,7.97,9.29,13.99,5.8,6.8,2.44,2.72,3.35,3.18,4.15,2.15,2.84
00-0038693,Garrett Nelson,,EDGE,,0,prior,6.9,11.48,13.31,12.63,10.66,14.3,11.8,8.01,7.2,5.68,7.99,10.54,7.35,10.31,10.99,11.29,4.1,5.15,3.39,2.65,4.17,5.09,1.95,5.34,2.73,3.41,1.97,2.46,4.44,3.49,2.46,4.43,3.26,2.42,4.78,5.23,5.0,5.01,4.01,13.6,5.8,6.8,2.64,4.87,2.48,2.77,2.91,2.63,3.9
00-0041154,Isaiah Smith,,EDGE,,0,prior,8.7,11.54,13.39,12.73,10.62,14.38,11.8,7.39,4.29,7.84,4.32,7.75,7.2,10.31,10.99,11.29,2.01,3.33,1.88,4.73,2.59,2.48,2.79,2.26,1.55,5.1,3.26,2.16,3.5,3.82,1.81,3.21,4.42,3.96,6.95,7.43,6.62,7.97,9.29,14.32,5.8,6.8,3.29,3.72,2.94,4.37,3.41,4.28,3.04
00-0040594,Jamil Muhammad,,EDGE,,0,prior,6.7,10.64,11.63,10.53,11.99,12.73,11.8,8.15,3.3,4.46,7.53,11.21,2.21,10.31,10.99,11.29,2.28,2.61,3.6,3.76,3.82,2.58,1.95,1.0,1.5,2.94,2.85,2.35,1.87,3.12,2.52,2.43,3.52,1.73,5.14,4.83,4.99,4.99,3.99,13.45,5.8,6.8,2.84,1.46,3.21,2.61,3.09,3.04,1.79
00-0038716,Jeremiah Martin,,EDGE,,0,prior,6.7,10.18,11.72,10.58,11.42,12.98,11.8,7.84,11.48,5.17,7.18,13.6,11.22,10.31,10.99,11.29,3.23,3.53,2.01,2.88,2.85,1.0,3.21,2.23,2.0,3.42,3.64,2.95,2.56,2.84,2.66,3.86,1.73,4.13,5.14,4.87,5.0,5.01,4.01,13.08,5.8,6.8,2.93,3.45,3.61,3.52,1.7,2.95,3.2
00-0036249,Julian Okwara,,EDGE,,239,measured,9.6,11.47,13.36,12.84,13.85,14.41,11.8,10.09,7.62,7.02,10.32,5.75,11.53,11.78,13.73,7.43,2.38,3.54,2.73,3.53,1.81,2.77,4.3,2.05,3.22,2.01,3.78,2.91,3.68,3.04,4.55,1.87,2.49,1.48,8.86,8.19,8.85,8.28,6.3,13.55,5.8,6.8,2.0,2.86,3.67,2.21,3.25,2.67,3.01
00-0039494,Kenny Dyson,,EDGE,,7,prior,7.1,12.11,13.85,13.39,10.58,14.78,11.8,9.37,6.85,4.39,7.88,9.04,8.36,12.42,10.99,11.29,4.16,3.41,1.74,3.37,2.74,3.02,4.6,2.76,1.09,2.4,2.56,2.49,4.74,1.64,3.21,2.36,4.27,4.46,4.67,5.37,5.37,5.02,4.01,14.54,5.8,6.8,2.67,3.72,2.8,3.67,3.77,2.14,3.51
00-0038462,Keshawn Banks,,EDGE,4.0,0,prior,6.8,11.14,12.68,11.76,11.13,13.69,11.8,7.54,4.0,8.01,5.64,9.79,12.03,12.42,10.99,11.29,3.29,1.65,1.0,2.89,5.64,3.9,3.42,3.33,3.37,2.31,1.52,3.9,2.7,3.94,2.08,3.08,2.63,1.45,4.92,5.08,5.0,5.01,4.01,13.46,5.8,6.8,2.59,2.91,4.37,2.46,2.57,2.84,3.83
00-0041590,Malakai Williams,,EDGE,,0,prior,8.6,11.07,12.81,11.91,10.9,13.85,11.8,9.26,7.72,6.58,4.91,10.1,11.52,10.31,10.99,11.29,2.62,1.78,2.35,3.22,3.77,3.95,3.93,2.96,1.65,4.46,2.9,1.0,4.0,2.28,3.68,4.34,3.15,3.5,7.08,7.3,6.62,7.97,9.29,14.13,5.8,6.8,1.96,2.05,3.03,3.54,1.76,1.98,2.77
00-0039425,Myles Cole,,EDGE,2.0,84,prior,8.0,11.23,12.61,9.91,11.33,13.85,11.8,8.33,5.1,7.29,8.78,10.5,10.76,12.42,10.99,11.29,3.53,4.18,2.41,2.81,1.11,3.02,4.3,3.52,3.36,3.03,3.73,2.16,2.46,2.09,1.83,4.1,2.38,1.18,5.71,5.83,6.82,8.43,6.44,13.56,5.8,6.8,3.73,2.23,3.31,4.34,1.0,2.44,2.22
00-0041379,Niles King,,EDGE,,0,prior,8.5,10.59,12.23,11.19,11.17,13.39,11.8,6.49,6.49,6.16,8.63,14.41,15.3,10.31,10.99,11.29,2.99,1.0,3.1,2.48,2.96,2.16,3.73,1.92,4.53,2.53,3.81,4.47,2.2,2.79,3.25,3.2,4.5,4.38,7.21,7.16,6.62,7.97,9.29,13.94,5.8,6.8,2.55,4.38,2.32,2.8,3.29,3.68,2.24
00-0041209,Quindarius Dunnigan,,EDGE,,0,prior,8.4,9.9,11.36,10.15,11.59,12.69,11.8,6.05,3.81,7.97,6.61,13.37,11.74,10.31,10.99,11.29,2.36,3.64,2.36,1.76,4.19,1.77,1.61,1.0,3.3,2.68,1.41,3.79,2.58,1.49,3.16,3.97,3.6,3.78,7.4,6.97,6.62,7.97,9.29,13.66,5.8,6.8,3.42,4.92,2.5,3.23,4.27,2.22,4.14
00-0039548,Ron Stone Jr.,,EDGE,,0,prior,6.9,11.42,13.24,12.52,10.69,14.23,11.8,8.98,8.16,4.95,6.91,9.71,5.38,10.31,10.99,11.29,2.37,3.68,2.36,3.75,3.37,1.43,3.69,1.99,4.53,3.14,3.09,3.32,1.63,3.6,3.19,4.11,2.2,3.28,4.79,5.2,5.0,5.0,4.0,13.74,5.8,6.8,1.78,3.49,2.0,2.19,2.48,3.95,2.79
00-0040054,Seth Coleman-Lyles,,EDGE,,0,prior,6.9,11.17,13.15,12.38,10.56,14.2,11.8,6.71,1.77,4.43,7.68,8.59,9.66,10.31,10.99,11.29,2.93,3.4,2.99,4.03,2.57,2.87,1.0,3.32,3.14,2.85,5.22,2.48,3.38,3.11,4.0,2.66,1.74,1.0,4.8,5.17,4.99,4.99,3.99,13.66,5.8,6.8,3.85,3.6,4.86,3.62,1.63,3.03,2.74
00-0041412,Xavier Holmes,,EDGE,,0,prior,8.8,11.91,13.62,13.08,10.68,14.56,11.8,7.46,7.95,10.46,5.51,14.82,10.9,10.31,10.99,11.29,4.31,1.7,1.94,2.77,3.98,2.35,1.7,1.61,4.08,2.85,2.48,3.4,2.63,1.53,4.36,2.28,2.94,2.12,6.89,7.48,6.62,7.97,9.29,14.47,5.8,6.8,2.63,3.55,3.3,4.79,2.79,2.11,3.31
00-0040637,Lucas Scott,,FB,,0,prior,7.0,10.24,11.43,10.3,9.89,12.53,11.8,5.97,1.0,4.71,3.6,13.62,12.39,10.31,10.99,11.29,2.48,1.0,1.73,3.2,2.69,2.31,2.7,3.19,3.38,2.95,4.59,6.51,2.36,2.6,3.15,5.59,9.67,6.59,5.22,2.97,2.07,4.13,5.02,2.12,1.77,2.49,2.91,3.58,2.76,1.29,2.54,2.38,2.91
00-0038748,B.T. Potter,,K,,0,prior,6.6,10.24,11.42,10.24,9.88,12.53,10.45,7.65,1.0,2.77,7.6,15.18,8.38,10.31,10.99,11.29,2.0,3.17,4.44,4.38,3.26,2.32,1.0,3.64,4.25,2.49,4.12,3.25,3.52,2.83,1.45,1.04,2.53,1.42,2.88,2.78,3.97,3.28,3.45,2.5,4.29,3.49,2.29,3.41,5.89,7.23,2.75,1.82,1.87
00-0040530,Ben Sauls,,K,,8,prior,8.4,10.24,11.42,10.24,9.88,12.53,11.85,8.2,6.91,4.64,8.4,14.15,9.49,13.04,10.99,11.29,2.97,2.43,2.38,2.04,4.8,2.84,2.51,3.83,2.56,1.33,4.28,1.43,3.07,2.71,3.91,3.59,5.65,3.65,4.47,3.38,2.76,3.45,2.74,2.69,2.07,3.86,3.26,4.43,7.79,8.93,3.49,2.06,5.65
00-0038354,Tanner Brown,,K,,0,prior,6.6,10.24,11.42,10.24,9.88,12.53,7.63,7.94,2.21,1.73,9.18,9.88,12.58,10.31,10.99,11.29,2.38,2.66,1.0,3.37,1.95,1.81,3.48,2.44,4.25,3.65,2.87,4.29,2.68,2.95,3.44,3.1,2.96,2.41,3.46,2.23,2.08,2.86,2.88,3.99,2.88,3.06,3.33,2.13,5.89,7.23,2.31,2.96,3.93
00-0040407,Aaron Smith,,LB,,0,prior,8.9,12.14,13.05,12.44,10.02,13.63,11.8,8.08,3.88,3.87,5.42,9.48,10.37,10.31,10.99,11.29,3.26,2.0,2.85,2.7,2.84,3.45,5.5,4.13,3.28,4.71,2.99,2.83,2.8,1.6,3.54,4.49,3.37,3.99,7.88,7.94,5.43,6.93,10.21,11.64,7.16,8.66,3.31,2.03,2.49,2.26,1.36,3.47,1.7
00-0038617,Amari Burney,,LB,,104,measured,11.1,12.09,12.96,12.45,9.61,13.41,11.8,9.47,6.87,4.5,7.82,11.18,10.1,13.86,10.99,11.29,1.36,3.09,2.83,4.36,3.45,3.84,2.56,3.14,1.97,2.86,2.58,3.45,1.0,3.22,3.69,2.88,3.58,2.57,7.17,7.36,10.45,11.71,13.22,12.9,8.33,9.83,3.58,5.04,2.94,2.0,4.0,2.5,3.18
00-0038908,Anfernee Orji,,LB,,88,prior,11.5,13.66,14.37,12.39,9.74,16.07,11.8,10.89,8.88,9.3,7.37,14.81,13.71,12.42,10.99,11.29,3.08,1.81,4.02,2.57,2.82,1.83,2.99,2.79,2.42,3.78,2.44,4.54,4.48,3.32,3.66,2.27,4.6,4.1,5.83,6.52,10.05,11.73,13.21,15.5,8.21,9.71,2.4,4.78,1.78,2.89,3.08,3.21,1.69
00-0039587,Antonio Grier Jr.,,LB,,1,prior,9.0,12.01,12.75,11.96,10.22,13.35,11.8,8.19,8.36,3.13,5.81,11.59,13.16,12.42,10.99,11.29,2.68,3.52,2.12,2.83,2.26,3.46,3.1,1.57,2.7,5.36,3.3,2.26,2.92,3.19,3.82,4.46,4.95,2.78,8.14,8.08,5.46,6.96,10.31,11.59,7.51,9.01,2.07,2.08,2.02,3.1,1.69,3.44,2.88
00-0040087,Brandon George,,LB,,0,prior,8.9,12.27,13.38,12.92,9.99,13.99,11.8,7.72,7.77,4.95,4.95,10.93,13.04,10.31,10.99,11.29,3.39,2.0,3.07,2.72,2.84,1.48,1.78,3.01,2.4,4.57,4.0,4.74,2.85,3.78,2.92,3.62,5.22,3.01,7.85,7.97,5.43,6.93,10.21,11.7,7.16,8.66,1.01,2.03,3.15,3.85,1.8,1.75,2.37
00-0040573,Cam Riley,,LB,,0,prior,8.9,12.43,13.82,13.93,8.94,14.15,11.8,7.96,3.32,3.41,6.72,10.41,5.37,10.31,10.99,11.29,1.73,5.38,3.75,4.84,3.38,2.58,3.46,3.04,3.76,3.03,2.12,3.16,3.05,2.51,2.67,2.73,1.52,2.35,7.64,8.18,5.43,6.93,10.21,11.76,7.16,8.66,2.21,2.03,1.76,3.41,2.34,3.43,2.25
00-0041515,Chase Wilson,,LB,,0,prior,11.9,12.11,12.99,12.45,9.74,13.48,11.8,8.36,7.31,5.79,4.96,12.91,7.8,10.31,10.99,11.29,3.08,3.25,3.35,2.28,3.15,4.33,1.78,1.74,2.38,4.7,4.2,3.72,1.87,2.56,2.86,3.97,2.26,3.29,5.15,5.3,14.45,14.22,14.51,15.82,7.25,8.75,1.1,5.43,1.31,1.33,4.45,2.5,3.52
00-0039318,Curtis Jacobs,,LB,4.0,15,prior,9.4,12.74,14.37,11.95,9.0,14.4,11.8,7.18,7.97,1.0,4.88,8.03,11.0,14.76,10.99,7.78,4.33,2.06,4.95,3.4,3.8,2.38,3.55,2.55,3.78,3.18,1.88,2.36,3.08,3.71,3.4,3.68,1.87,1.23,6.28,6.91,6.58,8.36,11.22,12.55,7.55,9.05,3.43,2.59,1.98,2.69,3.32,1.88,2.83
00-0041409,Daveren Rayner,,LB,,0,prior,12.0,12.01,12.79,12.47,8.88,13.0,11.8,9.67,13.82,8.44,6.55,16.58,9.19,10.31,10.99,11.29,1.04,3.97,1.48,3.42,2.66,4.43,2.98,3.22,2.74,3.29,3.98,3.89,2.86,2.62,2.68,3.12,1.7,2.65,5.02,5.43,14.45,14.22,14.51,15.78,7.25,8.75,4.96,5.43,4.54,2.74,3.6,2.44,3.57
00-0040922,Deontae Lawson,,LB,,0,prior,11.9,12.08,12.93,12.46,9.48,13.33,11.8,8.81,10.0,9.74,6.47,8.47,11.49,10.31,10.99,11.29,3.66,4.33,3.23,2.14,4.41,4.66,3.35,2.61,2.07,3.35,3.32,3.51,1.45,4.05,3.95,3.16,3.39,1.76,5.11,5.34,14.45,14.22,14.51,15.81,7.25,8.75,3.6,5.43,5.49,1.87,2.93,3.19,1.95
00-0040787,Devin Veresuk,,LB,,0,prior,12.0,12.11,12.99,12.45,9.74,13.48,11.8,9.58,8.23,8.0,6.82,10.62,8.18,10.31,10.99,11.29,2.79,3.32,3.45,4.97,3.35,1.99,2.85,2.39,2.52,3.68,1.0,4.09,2.07,3.35,1.31,4.59,2.75,2.93,5.15,5.3,14.45,14.22,14.51,15.82,7.25,8.75,3.61,5.43,3.52,4.44,3.09,2.8,2.58
00-0038479,Dyontae Johnson,,LB,,24,prior,10.6,12.11,12.99,12.45,9.74,13.48,11.8,9.25,6.01,4.28,7.71,9.19,7.74,12.42,10.99,4.32,2.95,2.74,2.25,4.07,4.61,1.78,3.47,1.14,1.97,3.67,2.55,1.0,2.57,3.89,3.78,2.66,2.46,3.1,6.56,6.7,7.61,10.24,13.98,12.76,8.07,9.57,3.23,3.13,2.56,4.23,2.49,3.38,4.66
00-0039956,Elliott Brown,,LB,,0,prior,8.9,12.0,13.13,13.83,6.8,12.78,11.8,7.73,6.86,4.54,6.03,11.99,11.83,10.31,10.99,11.29,3.53,5.32,1.38,4.51,3.94,3.17,3.71,3.71,2.57,2.95,3.45,4.9,3.09,3.9,2.69,2.35,3.11,2.86,7.98,9.12,5.41,6.91,10.05,11.54,7.5,9.0,1.85,2.05,5.05,2.32,3.19,4.3,3.25
00-0039526,Emany Johnson,,LB,,0,prior,8.8,12.0,12.78,12.48,8.81,12.96,11.8,6.94,4.26,5.65,7.01,9.29,9.58,10.31,10.99,11.29,4.46,1.0,1.89,2.18,1.35,2.99,2.92,2.07,5.21,2.77,3.75,2.89,4.81,2.61,3.95,2.37,3.01,4.89,8.33,8.77,5.41,6.91,10.05,11.54,7.5,9.0,3.37,2.05,2.46,3.21,1.83,3.67,2.98
00-0041243,Eric Gentry,,LB,,0,prior,11.9,12.04,12.86,12.47,9.14,13.15,11.8,8.6,10.31,6.94,4.98,13.89,12.39,10.31,10.99,11.29,4.24,5.74,2.68,1.22,4.06,3.38,3.8,2.83,3.32,1.01,2.93,4.89,2.55,2.96,4.23,2.59,2.91,3.26,5.06,5.39,14.45,14.22,14.51,15.79,7.25,8.75,1.0,5.43,2.41,2.79,3.48,2.33,1.42
00-0041242,Jack Dingle,,LB,,0,prior,12.2,12.18,13.14,12.43,10.55,13.86,11.8,10.93,7.32,7.75,5.28,6.31,9.05,10.31,10.99,11.29,2.84,4.43,1.82,2.98,4.04,4.24,2.62,4.08,2.82,3.85,3.33,2.75,2.88,3.97,2.29,1.65,3.49,4.32,5.28,5.17,14.45,14.22,14.51,15.85,7.25,8.75,2.82,5.43,4.48,2.48,2.4,4.51,4.16
00-0040808,Jaheim Thomas,,LB,,0,prior,9.0,12.22,13.22,12.42,11.0,14.11,11.8,9.19,1.0,7.3,6.71,8.39,9.73,10.31,10.99,11.29,3.19,1.91,1.47,2.37,3.1,2.2,2.82,3.34,2.74,3.79,3.37,2.17,2.85,2.25,2.3,3.28,3.45,2.53,8.04,7.79,5.43,6.93,10.21,11.68,7.16,8.66,2.52,2.03,2.52,2.62,3.2,3.02,4.27
00-0039277,Jimmy Ciarlo,,LB,,0,prior,8.8,12.07,12.92,12.46,9.41,13.3,11.8,6.89,5.33,1.86,7.22,12.94,15.9,13.04,10.99,11.29,4.1,3.67,2.94,3.12,4.92,3.89,2.16,3.99,2.17,3.79,2.83,2.55,1.54,3.05,3.25,1.44,2.38,3.34,8.43,8.68,5.41,6.91,10.05,11.57,7.5,9.0,2.03,2.05,1.89,3.96,3.23,3.4,3.95
00-0040416,John Bullock,,LB,,6,prior,9.2,11.94,12.52,11.53,10.79,13.22,11.8,8.78,7.05,5.02,4.73,11.82,13.66,13.04,10.99,11.29,1.97,1.75,4.11,1.54,4.15,4.4,1.89,1.88,3.34,2.87,4.29,2.84,3.5,2.84,3.29,3.89,2.27,1.0,6.77,6.49,5.5,7.71,11.14,12.01,7.41,8.91,1.79,2.2,3.28,2.97,2.86,2.33,3.33
00-0037184,Josh Ross,,LB,,0,prior,8.9,11.9,12.43,11.54,10.25,12.99,11.8,7.62,6.18,7.88,8.91,16.68,6.1,14.23,10.99,11.29,1.99,2.68,4.0,2.27,4.79,3.29,1.62,2.65,4.61,4.09,1.14,3.51,4.51,1.65,3.02,2.86,3.82,3.02,9.29,9.19,5.41,6.91,9.53,11.29,8.16,9.66,2.88,2.07,3.66,1.35,5.14,2.72,2.78
00-0040313,Kam Arnold,,LB,,0,prior,8.7,12.0,12.72,11.96,10.05,13.28,11.8,6.51,3.19,6.8,4.34,13.97,8.21,10.31,10.99,11.29,5.88,3.8,4.03,4.07,1.83,4.11,1.61,2.4,4.1,4.66,2.87,5.49,2.65,3.95,1.84,4.5,1.98,2.47,7.91,7.91,5.43,6.93,10.21,11.59,7.16,8.66,3.6,2.03,2.72,3.46,2.52,2.76,4.48
00-0040935,Langston Patterson,,LB,,0,prior,11.9,12.14,13.07,12.44,10.1,13.67,11.8,8.58,5.58,11.51,6.71,12.76,15.18,10.31,10.99,11.29,2.93,2.06,2.98,3.09,3.08,2.47,3.23,4.32,2.02,4.85,3.77,2.85,2.77,3.69,2.92,3.8,4.78,4.05,5.21,5.24,14.45,14.22,14.51,15.84,7.25,8.75,2.26,5.43,3.23,3.74,1.44,3.42,1.65
00-0039637,Maema Njongmeta,,LB,,25,prior,9.3,7.87,10.6,9.51,11.68,13.59,11.8,8.07,7.21,6.37,9.09,11.5,11.83,14.76,10.99,11.29,2.66,2.91,2.44,3.15,2.49,1.0,1.0,4.22,3.87,2.7,4.27,2.24,1.46,2.48,3.48,1.67,2.37,3.24,7.5,5.49,7.69,9.44,11.97,10.96,7.55,9.05,5.51,3.06,3.37,5.12,2.72,2.57,2.76
00-0040554,Malik Verdon,,LB,3.0,0,prior,8.8,12.21,13.32,12.55,8.23,13.38,11.8,7.46,5.6,8.22,6.62,6.68,9.99,4.16,4.44,11.29,1.6,3.84,4.55,3.17,2.55,2.09,3.48,3.32,3.08,1.7,3.17,1.72,3.8,3.39,3.29,4.69,1.0,2.64,7.56,8.27,5.43,6.93,10.21,11.67,7.16,8.66,3.46,2.03,5.04,3.84,2.68,4.01,3.83
00-0040920,Mani Powell,,LB,,0,prior,11.8,12.11,12.99,12.45,9.74,13.48,11.8,7.34,7.03,8.77,7.43,12.9,11.46,10.31,10.99,11.29,4.99,4.55,4.39,5.67,2.53,4.43,2.53,1.0,4.46,1.02,2.14,2.07,3.28,3.92,4.39,3.93,3.07,3.3,5.15,5.3,14.45,14.22,14.51,15.82,7.25,8.75,1.92,5.43,1.96,3.82,4.03,2.74,4.42
00-0039054,Marte Mapu,,LB,,513,measured,11.9,12.09,13.02,12.98,8.39,13.09,11.8,10.56,8.18,10.21,6.83,8.55,10.92,15.84,10.99,17.55,3.55,3.33,3.52,3.32,2.63,1.76,3.86,1.95,3.54,2.54,3.06,3.01,3.84,2.51,2.64,3.93,2.57,2.71,4.97,5.59,14.83,11.66,9.16,16.23,13.65,15.15,4.63,11.61,3.58,2.73,3.57,3.52,1.54
00-0039429,Michael Barrett,,LB,,0,prior,8.9,11.99,12.65,11.5,11.59,13.55,11.8,7.55,5.04,4.12,7.92,7.77,6.46,10.31,10.99,11.29,3.43,3.48,2.61,1.99,1.75,2.21,2.68,1.54,3.08,2.76,2.56,1.08,3.53,3.42,4.6,2.72,3.01,3.42,8.59,8.05,5.42,6.92,10.05,11.54,7.5,9.0,3.49,2.06,4.0,4.27,4.08,3.95,2.93
00-0040625,Nick Jackson,,LB,,16,prior,9.3,11.98,12.62,11.51,11.41,13.48,11.8,6.05,7.13,6.03,6.22,8.1,15.4,13.04,10.99,11.29,2.98,1.0,4.55,2.28,3.66,3.32,1.35,4.37,2.57,3.57,3.47,3.08,3.41,3.86,2.7,4.76,2.85,1.0,6.73,6.25,6.67,8.67,11.28,12.6,7.49,8.99,3.53,2.43,4.08,3.83,1.1,2.88,2.79
00-0041419,Nikhai Hill-Green,,LB,,0,prior,11.9,12.14,13.07,12.44,10.1,13.67,11.8,8.17,7.53,9.7,4.72,13.25,18.77,10.31,10.99,11.29,2.15,3.24,1.8,2.49,2.18,3.89,2.26,5.9,2.43,4.4,1.26,3.33,5.39,2.2,3.49,2.27,2.96,3.75,5.21,5.24,14.45,14.22,14.51,15.84,7.25,8.75,2.56,5.43,3.81,3.19,5.3,3.57,2.43
00-0038853,Otis Reese,,LB,,98,prior,11.0,12.1,13.09,12.9,8.99,13.38,11.8,9.34,7.25,6.43,9.8,13.46,13.41,8.26,13.74,7.78,2.47,2.16,2.65,2.71,3.95,1.73,3.54,3.79,2.91,2.18,2.16,3.51,3.76,2.16,2.24,2.37,3.97,1.0,6.42,6.83,9.85,11.32,13.03,13.51,8.56,10.06,2.0,5.42,1.95,3.1,4.28,3.63,4.97
00-0040588,Pooh Paul Jr.,,LB,,0,prior,8.6,11.85,12.17,11.95,10.67,14.08,11.8,6.94,6.21,4.08,5.23,11.02,15.73,10.31,10.99,11.29,1.06,2.05,1.0,4.37,2.82,3.74,2.44,2.98,2.77,4.01,1.97,3.21,2.23,4.46,2.44,1.0,3.13,3.58,7.6,7.33,5.45,6.95,10.2,11.52,6.68,8.18,2.35,2.05,2.9,2.62,3.21,2.42,3.01
00-0040270,Power Echols,,LB,,0,prior,8.5,10.31,10.9,7.64,10.34,14.45,11.8,6.58,5.72,6.15,7.3,11.22,9.51,10.31,10.99,11.29,1.6,1.35,3.31,3.64,1.25,2.44,2.62,3.72,3.17,3.86,1.54,3.15,3.37,2.09,1.33,2.58,2.84,2.08,8.26,7.57,5.43,6.93,10.21,10.91,7.16,8.66,3.54,2.03,1.7,3.42,2.02,3.24,4.21
00-0041492,Reid Carrico,,LB,,0,prior,12.0,12.11,12.99,12.45,9.74,13.48,11.8,8.87,8.26,9.86,4.62,13.32,14.92,10.31,10.99,11.29,1.82,2.75,4.34,3.39,4.4,4.01,3.6,2.28,1.92,3.33,2.63,3.27,2.39,2.51,3.45,3.37,2.78,1.44,5.15,5.3,14.45,14.22,14.51,15.82,7.25,8.75,3.57,5.43,2.57,2.8,3.81,4.61,4.22
00-0041473,Stephen Dix Jr,,LB,,0,prior,12.0,12.16,13.1,12.44,10.28,13.75,11.8,8.8,5.42,9.99,5.98,8.58,12.14,10.31,10.99,11.29,3.43,1.81,1.57,3.7,1.83,2.77,1.89,2.77,1.11,3.02,3.42,3.62,2.7,1.91,2.89,2.79,1.93,3.05,5.24,5.21,14.45,14.22,14.51,15.84,7.25,8.75,1.0,5.43,3.86,4.65,3.36,1.0,3.75
00-0040947,TJ Quinn,,LB,,0,prior,11.9,12.07,12.92,12.46,9.41,13.3,11.8,8.18,12.45,8.63,5.68,12.03,11.12,10.31,10.99,11.29,2.84,4.76,2.94,1.0,4.84,2.14,1.54,1.23,1.97,2.29,2.71,3.08,3.56,3.61,3.01,1.36,3.97,2.03,5.1,5.35,14.45,14.22,14.51,15.81,7.25,8.75,2.52,5.43,1.85,3.5,4.77,2.64,3.66
00-0041301,Taurean York,,LB,,0,prior,11.9,12.08,12.93,12.46,9.48,13.33,11.8,8.8,4.64,8.93,6.05,10.58,13.3,10.31,10.99,11.29,1.88,4.1,3.0,2.64,3.51,3.38,3.3,2.44,2.8,2.83,3.3,2.93,4.11,4.86,3.01,3.63,1.62,3.97,5.11,5.34,14.45,14.22,14.51,15.81,7.25,8.75,3.37,5.43,1.66,2.97,3.32,2.96,1.82
00-0041223,Theron Gaines,,LB,,0,prior,11.9,12.16,13.1,12.44,10.28,13.75,11.8,8.29,8.96,7.55,3.26,14.14,13.27,10.31,10.99,11.29,2.64,4.92,2.73,1.0,4.54,2.83,2.56,3.28,4.04,3.26,2.99,3.36,2.95,4.47,2.64,4.01,3.99,1.0,5.24,5.21,14.45,14.22,14.51,15.84,7.25,8.75,2.69,5.43,3.23,3.2,2.45,3.48,3.71
00-0040951,Wesley Bissainthe,,LB,,0,prior,12.0,12.07,12.92,12.46,9.41,13.3,11.8,9.22,7.67,9.54,5.78,9.16,11.6,10.31,10.99,11.29,2.06,2.25,3.28,1.78,2.72,2.92,1.88,4.56,3.01,2.91,3.22,3.76,3.46,2.66,2.1,4.58,2.21,3.75,5.1,5.35,14.45,14.22,14.51,15.81,7.25,8.75,2.9,5.43,2.84,1.86,2.62,3.39,3.64
00-0041008,Xavian Sorey Jr.,,LB,,0,prior,12.0,12.09,12.96,12.45,9.61,13.41,11.8,9.17,9.72,10.08,4.84,13.07,9.13,10.31,10.99,11.29,3.25,3.65,2.06,3.5,2.62,3.59,2.92,3.31,2.78,2.62,3.63,1.84,3.86,2.59,3.27,2.89,3.79,4.2,5.13,5.32,14.45,14.22,14.51,15.82,7.25,8.75,3.5,5.43,3.39,3.23,3.6,2.35,1.27
00-0039268,Peter Bowden,,LS,,0,prior,9.2,10.6,11.56,10.69,9.71,12.54,11.28,9.42,8.91,9.78,8.02,10.62,14.0,10.31,10.99,11.29,1.78,4.59,3.66,3.41,2.9,2.2,3.91,4.29,2.44,3.08,1.67,4.63,1.96,2.35,4.95,3.78,3.05,3.27,5.02,3.24,2.04,3.53,3.31,4.74,3.82,3.63,3.71,4.96,3.51,4.34,1.06,3.14,4.86
00-0040997,Tyler Duzansky,,LS,,0,prior,8.3,10.6,11.56,10.69,9.71,12.54,8.64,8.01,7.95,7.89,6.39,9.22,8.02,10.31,10.99,11.29,2.65,3.57,4.85,2.29,3.96,3.12,2.52,2.64,3.2,1.46,3.32,4.19,2.94,3.06,3.16,2.65,2.26,1.47,3.12,1.0,3.72,4.59,1.86,1.62,2.44,2.76,2.85,4.8,2.11,4.02,4.02,3.14,3.53
00-0039010,Braeden Daniels,,OG,,0,prior,8.5,6.8,7.8,7.81,12.96,9.99,11.8,8.14,6.71,4.26,7.57,12.16,14.01,10.31,10.99,11.29,1.77,1.82,3.26,5.33,2.09,3.24,1.0,3.56,2.46,3.37,3.6,2.21,4.47,3.67,2.25,6.47,8.38,3.86,1.0,3.93,2.06,1.68,4.16,3.15,2.33,1.3,3.46,4.18,1.64,3.87,2.08,1.37,4.03
00-0037225,Chris Glaser,,OG,,34,prior,10.1,4.82,6.41,6.51,12.99,8.63,11.8,9.23,8.75,9.95,7.97,10.31,10.01,13.86,10.99,11.29,3.24,3.93,2.82,1.96,1.83,1.94,3.11,1.23,1.49,1.14,4.41,1.45,4.22,3.32,2.04,9.46,10.81,3.47,1.79,2.76,2.73,3.23,2.67,1.58,2.7,1.81,1.92,2.35,2.01,2.62,2.34,3.63,3.82
00-0041437,DJ Wingfield,,OG,,0,prior,11.4,4.42,6.25,6.47,13.11,8.9,11.8,8.36,9.96,12.65,5.91,12.13,10.28,10.31,10.99,11.29,1.26,3.63,1.63,3.31,4.75,3.68,2.75,2.45,5.99,3.1,4.13,4.53,4.16,2.28,1.82,13.04,10.83,2.13,3.72,4.24,4.19,1.0,2.39,1.7,3.75,2.96,4.05,4.14,4.17,5.03,1.39,3.63,3.53
00-0039246,Darrian Dalcourt,,OG,,0,prior,8.5,4.81,6.11,5.5,13.06,8.36,11.8,9.63,5.45,3.49,5.68,12.81,7.44,10.31,10.99,11.29,3.25,2.36,2.03,4.8,4.06,3.65,3.97,1.29,2.42,3.09,1.55,3.09,4.86,3.11,2.27,6.45,9.2,3.44,2.68,1.69,2.14,2.73,2.77,1.81,1.95,2.8,3.67,2.26,1.93,4.8,2.54,3.53,3.39
00-0041349,Delby Lemieux,,OG,,0,prior,11.5,4.82,6.7,7.49,12.93,8.9,11.8,9.48,10.58,10.46,6.29,10.43,10.02,10.31,10.99,11.29,2.59,3.14,3.03,3.76,4.09,3.81,3.0,1.95,2.42,3.61,3.7,3.26,1.2,2.04,2.39,13.04,10.83,1.52,3.49,4.09,1.78,2.23,3.09,3.35,1.87,1.89,3.45,2.62,3.94,2.58,2.18,4.07,3.38
00-0040941,Dylan Barrett,,OG,,0,prior,11.4,4.02,5.8,5.41,13.29,8.9,11.8,9.89,6.91,11.04,5.32,10.24,12.7,10.31,10.99,11.29,3.13,3.46,2.03,1.74,2.06,2.64,2.9,3.32,4.51,1.96,4.05,2.73,3.31,4.09,1.71,13.04,10.83,1.69,2.05,4.18,3.06,4.41,2.68,3.2,2.22,2.7,3.16,4.93,3.87,4.07,4.2,2.0,2.81
00-0040909,Evan Beerntsen,,OG,,0,prior,11.2,3.25,5.23,6.44,13.01,10.79,11.8,6.45,10.33,7.56,7.99,10.52,11.34,10.31,10.99,11.29,3.35,3.3,3.27,4.48,2.58,2.8,2.06,3.01,1.29,4.04,3.75,2.33,2.11,2.95,3.79,13.05,10.81,2.82,4.25,2.61,2.67,4.46,5.39,2.18,2.59,4.49,2.59,2.13,3.63,4.06,3.91,1.84,3.31
00-0040079,Garrett Dellinger,,OG,3.0,29,prior,9.6,3.87,5.64,5.06,13.35,8.9,11.8,8.42,3.42,4.81,7.28,4.39,9.22,13.04,10.99,11.29,3.13,1.52,2.82,4.92,4.49,2.88,2.69,2.93,4.8,2.99,1.89,2.8,4.07,4.07,3.33,9.33,9.74,2.72,1.61,2.93,4.11,2.47,3.69,3.44,3.58,3.66,3.2,5.23,4.42,1.16,1.48,2.85,3.51
00-0040564,Jack Conley,,OG,,0,prior,8.6,3.72,6.08,6.72,13.27,9.45,11.8,7.89,3.96,5.3,5.59,9.85,14.73,10.31,10.99,11.29,4.59,2.28,3.77,3.62,3.14,3.48,2.44,3.62,3.24,2.83,2.8,3.62,1.87,4.24,2.7,6.44,9.2,2.31,2.95,3.91,4.02,2.6,2.37,4.29,3.61,3.93,5.02,3.25,4.07,2.05,2.98,2.07,2.65
00-0040924,Jaeden Roberts,,OG,,0,prior,11.3,3.78,5.55,4.84,13.38,8.9,11.8,9.29,8.35,10.52,4.32,15.41,8.5,10.31,10.99,11.29,4.63,3.23,3.89,2.1,3.27,1.62,2.92,3.18,4.52,3.09,2.61,1.7,3.19,3.14,3.12,13.04,10.83,2.17,2.5,2.24,1.96,1.86,4.61,1.33,3.33,2.44,3.48,2.24,3.6,2.05,3.05,2.54,3.66
00-0038509,Jerome Carvin,,OG,,0,prior,8.5,4.12,5.92,5.69,13.24,8.9,11.8,8.45,6.11,1.96,9.51,16.46,7.03,13.04,10.99,11.29,2.95,4.7,1.96,3.91,4.54,3.05,4.33,3.71,1.51,4.55,3.71,3.31,3.22,4.01,4.08,6.46,9.2,3.66,3.36,3.38,3.05,2.3,3.05,3.83,3.4,3.0,2.36,3.01,1.32,2.86,5.1,3.19,2.17
00-0041324,JonDarius Morgan,,OG,,0,prior,11.3,4.15,5.95,5.76,13.23,8.9,11.8,8.09,7.45,9.69,6.49,11.69,13.89,10.31,10.99,11.29,3.31,2.96,5.73,2.64,2.8,3.7,4.04,2.3,3.35,3.15,3.13,2.45,3.79,3.97,3.12,13.04,10.83,2.49,1.39,2.45,2.76,4.45,3.64,2.1,3.78,3.32,2.68,3.76,2.85,3.85,3.94,4.32,3.54
00-0040307,Josh Priebe,,OG,,0,prior,8.6,4.53,6.37,6.74,13.06,8.9,11.8,8.3,6.94,7.53,6.17,17.33,10.61,10.31,10.99,11.29,2.3,3.07,3.74,2.6,3.14,2.75,3.74,1.89,3.48,4.02,3.33,2.88,3.15,4.45,2.56,6.44,9.2,3.22,3.33,4.18,3.1,2.9,1.75,1.68,3.23,1.98,3.91,3.65,3.28,3.42,2.83,2.97,3.34
00-0040548,Joshua Gray,,OG,,0,prior,8.6,6.13,6.47,6.47,13.11,9.74,11.8,8.41,2.47,6.34,6.97,5.46,14.64,10.31,10.99,11.29,3.34,3.71,2.66,2.95,4.05,3.57,3.8,4.0,3.65,4.63,2.46,3.17,1.7,2.15,2.88,6.44,9.2,3.01,2.49,2.63,1.93,4.06,3.16,3.07,3.01,3.75,1.95,1.89,2.15,2.39,4.37,2.88,1.93
00-0041240,Liam Brown,,OG,,0,prior,11.3,4.26,6.07,6.04,13.18,8.9,11.8,6.97,12.13,9.17,6.33,6.5,10.96,10.31,10.99,11.29,3.23,2.09,2.17,4.33,3.22,4.32,4.49,3.18,3.92,2.37,4.26,3.5,2.93,3.58,1.34,13.04,10.83,3.95,2.81,1.0,2.38,1.77,3.12,2.84,2.93,1.61,1.89,2.57,3.58,3.41,2.83,3.65,1.78
00-0040593,Mehki Butler,,OG,,0,prior,8.4,4.41,5.66,4.45,13.24,8.35,11.8,8.32,6.06,5.02,7.93,8.21,14.48,10.31,10.99,11.29,3.98,1.69,3.27,3.22,2.08,2.88,3.96,2.94,3.59,1.43,4.48,1.93,3.49,2.9,1.97,6.44,9.2,1.58,2.4,1.19,3.14,2.08,2.87,4.3,3.52,4.77,3.31,3.22,1.83,3.04,4.64,4.41,3.01
00-0041460,Melvin Priestly,,OG,,0,prior,11.5,4.55,6.4,6.81,13.05,8.9,11.8,10.39,8.22,9.51,5.99,9.8,10.56,10.31,10.99,11.29,3.51,1.76,3.46,3.79,5.5,3.69,2.68,2.59,3.49,3.75,1.63,3.22,2.29,1.36,2.29,13.04,10.83,3.86,2.37,5.39,2.73,2.12,4.75,2.98,2.77,4.25,3.9,1.0,3.02,2.17,2.57,2.23,3.9
00-0040420,Nash Hutmacher,,OG,,0,prior,8.6,4.55,6.11,5.81,13.11,8.63,11.8,9.64,8.86,6.54,8.05,8.82,10.04,10.31,10.99,11.29,6.48,3.75,1.89,2.38,2.42,2.52,3.18,3.1,1.99,3.55,2.31,3.77,4.26,3.96,2.01,6.44,9.2,3.81,1.05,4.0,2.3,2.43,2.97,1.55,2.2,5.29,3.25,2.89,3.27,5.55,2.96,3.16,2.49
00-0040611,Wyatt Bowles,,OG,,0,prior,8.6,4.69,6.55,7.15,12.99,8.9,11.8,7.85,7.15,5.2,5.85,11.52,12.26,10.31,10.99,11.29,2.96,4.47,3.73,4.63,3.71,1.99,2.88,1.97,4.07,3.65,3.29,2.65,1.86,4.37,3.1,6.44,9.2,3.1,2.4,1.0,2.09,3.1,2.97,3.55,2.0,2.12,4.18,2.75,4.2,1.0,3.24,3.63,3.17
00-0041238,Xavier Hill,,OG,,0,prior,11.4,4.2,6.01,5.9,13.2,8.9,11.8,9.61,8.5,8.05,7.37,11.88,13.9,10.31,10.99,11.29,1.36,3.79,1.47,3.48,2.87,4.06,2.99,3.56,3.32,2.42,2.71,3.79,3.92,3.4,3.65,13.04,10.83,2.59,3.37,3.95,4.36,2.17,4.87,3.33,2.65,3.01,1.99,1.26,4.76,1.25,4.81,2.42,2.84
00-0040921,Aamil Wagner,,OT,,0,prior,10.4,4.75,6.67,6.18,12.18,9.11,11.8,7.97,9.47,7.71,5.13,13.54,7.1,10.31,10.99,11.29,1.95,3.15,2.77,2.82,1.1,4.59,3.36,1.0,2.74,3.14,4.22,2.92,2.99,3.54,2.27,11.01,11.55,1.36,4.81,4.32,3.1,1.28,3.75,3.0,3.61,2.34,2.86,4.22,4.01,1.63,4.49,1.93,1.77
00-0039535,Andrew Coker,,OT,,0,prior,11.1,1.6,2.16,3.22,11.62,5.36,11.8,8.58,7.1,9.21,4.83,11.26,13.27,10.31,10.99,11.29,2.75,4.23,3.81,2.74,3.78,1.24,5.83,2.55,2.44,3.5,1.94,2.05,3.13,2.01,3.32,10.24,15.33,2.25,4.64,1.88,1.37,3.35,2.2,1.85,2.02,3.52,2.67,2.27,2.82,3.81,2.84,3.92,1.96
00-0037620,Andrew Stueber,,OT,,4,prior,11.2,3.46,4.53,3.46,11.23,5.53,11.8,8.35,6.47,11.68,7.82,11.79,6.53,12.42,10.99,11.29,2.53,2.17,1.81,3.12,3.45,2.29,2.43,3.97,3.11,3.97,4.01,4.02,3.17,3.12,1.8,11.17,14.79,2.54,1.0,2.87,2.24,1.45,4.4,3.18,4.68,3.92,2.9,1.76,3.34,2.56,3.22,2.25,3.5
00-0037302,Austin Deculus,,OT,,520,measured,12.1,5.6,7.2,3.18,12.25,8.94,11.8,12.06,12.75,10.34,8.38,13.42,11.69,12.09,6.54,4.97,2.78,2.83,2.63,3.78,4.57,3.59,4.39,3.39,1.55,3.19,3.29,4.86,3.57,1.65,4.11,15.96,12.38,2.31,4.13,1.26,4.47,2.84,2.27,4.07,4.03,2.28,2.81,1.21,5.45,2.68,5.36,4.18,3.62
00-0038304,Barry Wesley,,OT,,0,prior,11.8,4.32,6.28,6.01,11.7,8.7,11.8,8.82,10.98,7.7,8.26,10.96,5.6,4.16,18.05,11.29,2.66,3.15,3.02,4.31,3.58,2.13,2.77,3.26,2.28,3.45,2.58,3.97,4.39,1.44,2.48,10.77,15.52,2.55,3.96,1.98,1.84,4.06,2.42,2.83,2.04,2.05,1.78,1.2,2.97,1.98,1.95,3.13,2.43
00-0041270,Bruno Fina,,OT,,0,prior,10.5,4.77,6.71,6.25,12.19,9.14,11.8,8.61,6.78,8.23,5.54,10.72,10.45,10.31,10.99,11.29,2.41,2.46,3.02,3.9,2.61,1.38,2.61,2.47,3.33,2.73,2.93,3.94,2.9,1.99,2.52,11.01,11.55,3.2,2.6,4.64,3.15,2.42,4.41,2.78,2.21,2.46,3.64,2.25,1.56,2.54,3.87,4.3,2.21
00-0041418,Bryce Henderson,,OT,,0,prior,10.1,4.2,5.9,4.73,11.95,8.38,11.8,6.26,8.21,4.76,6.54,11.91,11.68,10.31,10.99,11.29,3.56,1.76,2.62,4.06,1.57,3.34,2.65,2.55,1.8,3.81,2.23,1.82,2.36,2.5,4.22,11.01,11.55,3.42,4.63,1.04,2.6,3.9,3.34,1.49,2.46,2.68,3.32,2.17,3.26,2.62,3.19,2.38,3.65
00-0041245,Christian Jones,,OT,,0,prior,10.1,3.71,5.24,3.57,11.68,7.78,11.8,9.26,5.86,5.42,6.12,15.96,7.86,10.31,10.99,11.29,1.65,1.83,4.49,2.81,2.23,3.22,3.38,4.27,2.95,3.78,2.58,2.82,2.29,2.4,1.0,11.01,11.55,2.96,2.39,2.42,2.05,2.26,4.52,3.49,2.05,3.98,3.04,4.56,2.51,3.55,2.22,1.3,2.58
00-0038592,Colby Sorsdal,,OT,,103,measured,10.7,4.77,6.71,6.25,12.19,9.14,11.8,9.49,8.53,6.77,5.67,13.76,12.17,13.86,10.99,11.29,1.98,3.7,3.78,2.04,1.03,3.41,4.47,1.89,5.23,1.72,2.48,4.49,1.0,2.24,1.9,11.59,11.45,3.87,2.32,3.83,3.15,1.78,2.95,4.15,2.69,4.27,4.96,4.16,1.67,3.39,3.4,4.42,3.4
00-0041247,Corey Robinson II,,OT,,0,prior,10.4,4.6,6.47,5.8,12.13,8.92,11.8,8.26,9.42,6.15,6.84,8.06,11.35,10.31,10.99,11.29,3.1,2.01,3.17,4.82,3.09,2.8,3.89,3.6,1.0,2.95,3.75,3.03,2.56,2.36,1.0,11.01,11.55,3.78,2.11,1.86,2.58,5.56,2.22,1.25,4.2,3.25,4.55,2.84,3.82,2.9,2.02,2.4,4.2
00-0041507,Courtland Ford,,OT,,0,prior,10.2,4.49,6.3,5.49,12.08,8.76,11.8,6.42,7.02,11.33,6.44,6.77,11.12,10.31,10.99,11.29,2.94,2.97,2.85,3.06,3.13,3.69,4.35,3.38,1.4,1.0,4.25,5.51,1.42,3.03,2.18,11.01,11.55,2.23,2.15,3.14,2.3,2.97,3.46,1.94,2.41,1.09,1.79,4.76,2.37,1.0,1.44,1.87,1.81
00-0032222,D.J. Humphries,,OT,2.0,509,measured,11.1,3.42,4.29,4.12,13.39,8.33,11.8,12.43,7.69,8.98,9.57,6.51,8.22,5.79,5.56,7.11,2.6,2.67,2.09,1.81,2.02,2.65,3.27,2.05,3.89,2.31,2.18,3.09,2.34,4.74,2.84,13.28,11.42,5.02,4.02,1.88,5.33,2.56,1.95,2.76,3.78,2.24,2.47,3.3,2.63,5.29,2.83,2.48,4.63
00-0041224,Da'Metrius Weatherspoon,,OT,,0,prior,10.3,4.34,6.1,5.11,12.02,8.57,11.8,9.19,6.84,9.19,4.84,10.42,9.89,10.31,10.99,11.29,3.93,3.61,2.22,3.59,2.51,2.27,5.27,3.7,5.12,3.81,3.49,5.95,2.27,4.22,2.33,11.01,11.55,3.92,2.12,3.68,3.86,3.38,3.59,3.05,2.49,1.43,2.47,4.01,3.08,3.48,1.35,2.06,2.56
00-0038923,Dalton Wagner,,OT,3.0,2,prior,11.4,3.34,4.67,4.59,10.85,5.65,11.8,10.03,7.46,8.96,8.26,9.6,16.99,13.04,10.99,11.29,3.05,2.61,3.54,2.12,4.11,2.6,1.83,4.1,2.35,3.04,2.93,1.23,2.09,2.41,2.98,10.76,15.06,4.42,3.48,1.95,2.54,4.35,3.77,2.59,4.06,2.32,2.81,2.38,2.95,2.69,2.87,1.0,2.97
00-0041519,Derrick Graham,,OT,,0,prior,10.3,4.52,6.34,5.57,12.09,8.8,11.8,7.82,7.32,6.33,3.99,8.74,8.65,10.31,10.99,11.29,3.64,2.53,3.05,3.14,2.57,2.77,3.89,2.62,3.79,4.04,4.23,2.71,4.81,2.67,2.21,11.01,11.55,3.59,3.28,3.12,2.81,2.98,2.32,2.75,3.31,2.96,1.87,3.04,2.18,2.49,1.59,4.42,2.78
00-0040999,Isaiah Jatta,,OT,,0,prior,10.4,4.63,6.51,5.87,12.14,8.95,11.8,8.92,5.3,6.83,7.58,11.95,9.28,10.31,10.99,11.29,3.78,3.6,1.26,2.8,3.28,3.38,1.8,2.64,3.61,4.5,2.1,4.7,2.43,1.81,3.1,11.01,11.55,3.2,1.0,1.71,1.71,2.83,1.38,1.54,1.71,2.71,4.15,3.12,3.24,2.56,1.95,3.51,2.5
00-0041282,Izavion Miller,,OT,,0,prior,10.7,5.29,7.44,7.59,12.4,9.83,11.8,9.08,6.87,8.42,4.75,11.05,9.34,10.31,10.99,11.29,2.63,4.15,1.8,2.38,1.3,3.68,3.23,3.97,2.35,3.09,2.69,2.44,3.21,3.19,2.04,11.01,11.55,1.52,3.46,3.99,2.96,4.53,4.17,2.17,3.83,3.47,1.66,2.47,3.93,3.0,3.34,3.21,3.81
00-0040380,Jeremiah Byers,,OT,,0,prior,11.4,4.65,6.12,4.0,12.58,8.67,11.8,9.24,9.64,7.96,5.57,14.0,16.75,10.31,10.99,11.29,4.27,2.33,3.79,2.38,4.37,3.46,1.83,2.37,5.49,3.53,1.85,2.44,2.24,3.14,3.52,9.88,15.31,2.76,4.39,1.71,1.68,3.07,3.64,3.67,1.0,2.2,3.59,3.35,1.0,2.11,2.34,2.11,3.52
00-0041214,Jimto Obidegwu,,OT,,0,prior,10.1,3.9,5.49,4.0,11.78,8.0,11.8,7.8,9.03,4.7,8.91,8.09,9.38,10.31,10.99,11.29,4.03,3.84,4.35,4.48,3.49,1.0,4.14,3.53,4.75,3.85,2.77,4.37,2.36,2.71,4.69,11.01,11.55,3.65,5.08,3.1,3.1,1.91,4.3,3.48,3.61,2.52,4.23,2.32,2.21,1.65,2.98,2.82,3.72
00-0037349,Kellen Diesch,,OT,,0,prior,12.2,7.77,8.3,7.17,11.87,11.08,11.8,10.17,10.89,10.29,9.4,7.09,18.02,10.31,10.99,11.29,1.0,4.76,3.17,2.02,2.81,2.41,3.25,1.43,3.36,3.28,4.55,2.62,3.36,4.0,4.81,10.77,15.52,3.05,2.29,3.95,3.07,2.64,4.41,4.82,2.37,4.5,4.8,3.9,3.07,1.96,3.66,6.3,1.77
00-0041137,Kevin Cline,,OT,,0,prior,10.3,4.34,6.1,5.11,12.02,8.57,11.8,8.63,7.39,3.85,6.69,12.18,8.82,10.31,10.99,11.29,2.75,1.76,5.77,3.35,3.06,3.31,4.95,2.48,4.3,4.43,2.35,3.4,3.38,2.46,3.02,11.01,11.55,2.86,1.93,2.37,5.09,3.69,3.22,4.77,2.46,2.4,1.9,3.26,3.23,3.75,2.75,2.12,2.45
00-0040442,Marques Cox,,OT,,0,prior,11.6,4.91,6.7,5.66,12.47,9.17,11.8,8.76,10.47,9.29,6.97,9.77,12.14,10.31,10.99,11.29,3.35,1.29,3.31,3.34,4.45,1.0,2.83,3.01,4.36,3.58,2.95,3.97,3.61,1.0,3.57,9.88,15.31,4.57,2.89,2.87,3.34,4.39,3.2,4.3,2.09,3.15,2.11,1.62,3.09,2.77,3.01,3.4,1.99
00-0040349,Marshall Foerner,,OT,,0,prior,11.8,4.95,6.95,6.71,12.26,9.37,11.8,10.74,10.54,9.96,5.37,9.86,9.68,10.31,10.99,11.29,2.89,3.27,3.26,3.74,4.11,2.71,3.28,3.37,3.76,3.78,3.89,3.89,2.56,3.96,4.82,9.88,15.31,2.8,3.89,2.67,1.71,3.01,3.76,2.03,2.86,3.29,2.75,3.02,3.92,3.78,2.39,2.68,2.52
00-0037754,Nicholas Petit-Frere,,OT,,441,measured,10.2,4.8,5.6,5.73,12.48,5.77,11.8,9.46,8.89,6.43,7.78,11.55,10.57,7.2,15.48,14.6,2.99,3.91,4.17,2.57,1.9,1.19,2.56,3.84,4.79,3.59,5.84,3.01,1.0,1.94,2.5,12.33,9.93,3.0,3.86,2.25,1.86,4.67,4.09,3.64,4.94,3.11,3.48,1.0,3.51,1.5,1.57,1.88,3.37
00-0038776,Ricky Lee,,OT,,0,prior,11.9,5.08,6.94,6.11,12.54,9.4,11.8,10.27,9.94,6.77,7.68,10.86,8.68,14.23,10.99,11.29,3.87,3.19,2.59,2.72,3.08,3.04,4.58,2.32,2.65,2.84,2.56,2.99,3.83,1.43,2.93,10.5,15.37,3.22,3.54,1.61,3.28,1.43,3.27,1.0,4.22,3.13,2.58,2.03,3.22,3.48,2.38,2.13,3.45
00-0037381,Sebastian Gutierrez,,OT,,2,prior,12.1,5.31,7.28,6.81,12.66,9.73,11.8,11.17,10.39,9.21,8.85,12.35,13.99,13.04,10.99,11.29,1.83,4.99,3.48,2.35,1.89,3.48,2.46,2.02,4.12,3.09,4.33,2.4,2.26,3.36,2.84,11.11,15.06,2.57,3.56,2.29,2.42,1.89,2.37,2.37,3.27,2.34,4.89,3.62,2.79,5.39,1.71,4.89,1.17
00-0040936,Shiyazh Pete,,OT,,0,prior,10.3,4.29,6.02,4.96,12.0,8.5,11.8,8.96,2.35,8.82,7.69,12.81,10.58,10.31,10.99,11.29,3.74,3.89,2.73,2.4,4.45,1.89,2.65,3.15,3.05,3.16,3.39,1.66,1.77,2.96,1.0,11.01,11.55,2.88,2.28,4.13,2.16,1.86,4.68,4.05,2.41,3.0,3.01,3.38,2.77,2.05,2.62,2.45,3.35
00-0040320,Timothy McKay,,OT,,0,prior,11.6,5.22,6.93,5.52,12.82,9.43,11.8,7.68,9.33,6.65,5.17,15.83,11.07,10.31,10.99,11.29,1.85,3.86,2.26,3.63,2.31,2.94,2.71,3.71,2.71,4.53,3.15,4.96,2.34,2.36,3.18,9.88,15.31,2.49,2.82,1.0,4.42,3.95,3.8,3.06,2.67,2.08,4.61,2.58,2.23,3.59,2.95,3.49,5.32
00-0041351,Tomas Rimac,,OT,,0,prior,10.3,4.43,6.22,5.34,12.06,8.69,11.8,8.25,4.21,4.38,7.8,7.62,12.33,10.31,10.99,11.29,3.75,3.39,3.19,3.27,3.72,2.98,3.83,2.54,3.44,1.45,3.08,3.1,1.49,1.95,3.99,11.01,11.55,2.92,1.0,2.53,1.85,1.0,2.29,3.24,3.16,2.82,2.21,2.76,1.33,3.99,1.38,1.0,1.63
00-0040602,Trey Wedig,,OT,,0,prior,11.4,4.06,5.91,5.32,11.55,8.36,11.8,9.48,12.97,10.07,5.07,12.31,13.0,10.31,10.99,11.29,2.61,4.57,2.81,2.24,3.64,3.56,2.38,3.74,4.24,5.43,2.61,3.09,4.96,3.68,3.82,9.88,15.31,3.2,3.55,2.56,1.0,2.18,5.09,4.32,2.31,4.4,1.65,1.29,3.13,3.0,1.04,3.53,2.32
00-0041348,Tristan Leigh,,OT,,0,prior,10.4,4.63,6.51,5.87,12.14,8.95,11.8,8.27,6.43,8.14,7.08,8.64,8.5,10.31,10.99,11.29,2.75,2.51,2.35,3.74,2.96,3.48,1.78,3.14,1.03,1.78,2.74,3.27,3.5,3.47,4.17,11.01,11.55,1.84,2.72,2.75,3.54,4.26,3.93,2.37,4.22,3.37,3.31,2.67,1.0,2.47,3.05,2.61,1.22
00-0040451,Xavier Truss,,OT,,0,prior,11.5,3.4,4.9,6.09,11.72,6.82,11.8,10.04,8.76,4.28,6.65,9.46,9.2,13.04,10.99,11.29,4.63,3.32,3.18,2.85,1.78,2.75,2.4,3.27,1.0,3.51,3.98,2.86,3.74,3.34,2.34,9.88,15.31,3.53,3.5,2.25,3.24,2.36,5.31,2.0,2.21,2.67,2.83,2.95,4.14,2.77,3.26,2.94,2.44
00-0037618,Zach Thomas,,OT,,80,prior,11.0,7.1,7.5,8.2,10.67,4.76,11.8,9.34,8.65,5.47,9.15,8.35,10.59,14.23,10.99,11.29,3.72,3.74,2.28,3.79,3.49,3.92,4.2,3.9,2.02,2.65,2.51,3.13,1.0,3.37,2.46,11.7,12.04,4.61,1.09,2.1,2.14,2.36,4.0,2.62,1.84,2.15,3.55,3.79,3.71,1.84,2.82,2.49,3.31
00-0039477,Jack Browning,,P,,6,prior,6.1,9.97,10.92,9.72,10.13,12.13,10.24,6.07,2.44,5.15,7.78,13.91,11.2,12.42,10.99,11.29,2.89,2.29,2.38,2.27,2.57,2.59,2.94,3.26,3.85,5.04,2.99,4.41,2.28,2.3,4.5,2.7,4.25,2.54,2.59,2.87,4.56,2.62,2.92,4.54,2.08,1.96,3.74,4.37,2.13,1.76,6.08,6.08,1.0
00-0039567,Nik Constantinou,,P,,0,prior,6.0,7.51,9.69,9.72,10.13,12.13,8.6,5.82,2.68,1.0,7.47,16.32,7.71,10.31,10.99,11.29,3.93,2.92,3.96,4.02,3.22,2.89,1.0,3.7,1.54,3.64,3.27,2.1,3.82,2.89,3.67,3.86,2.39,2.58,3.89,2.64,4.72,2.24,2.27,3.82,1.68,3.48,3.48,2.96,3.06,2.64,5.95,5.95,2.12
00-0038658,Adrian Martinez,,QB,,0,prior,7.3,9.46,10.07,12.15,10.08,11.18,11.8,7.67,7.13,7.85,8.22,9.03,11.84,13.04,10.99,11.29,4.57,6.71,7.99,9.15,4.6,5.81,8.89,7.42,2.11,1.0,4.16,4.1,3.88,3.82,4.53,3.77,3.31,3.4,2.91,2.49,3.26,1.66,2.4,2.52,2.63,4.94,3.45,1.0,3.82,4.12,2.75,2.2,3.25
00-0039464,Austin Reed,,QB,,0,prior,7.2,9.07,9.66,12.2,10.08,10.93,11.8,7.24,7.09,6.08,7.85,11.56,9.87,10.31,10.99,11.29,4.58,6.6,7.93,9.13,4.59,5.57,8.89,7.43,3.61,1.0,4.02,1.95,2.92,3.04,1.35,2.5,2.13,1.97,4.43,4.78,2.54,3.41,3.1,2.69,2.03,1.0,3.25,4.98,3.56,3.31,3.82,3.4,3.25
00-0040222,Cam Miller,,QB,,0,prior,7.2,9.39,9.57,12.22,10.08,10.59,11.8,7.62,6.99,5.02,10.08,12.59,12.36,10.31,10.99,11.29,4.6,6.56,7.75,9.12,4.58,5.55,8.89,7.42,4.13,1.0,3.07,2.67,3.17,2.55,2.98,4.36,4.93,3.35,1.92,2.97,2.4,3.52,4.68,1.96,2.78,3.54,3.59,2.63,3.67,1.28,4.35,3.5,4.92
00-0040415,Connor Bazelak,,QB,,0,prior,7.2,9.65,10.28,12.05,10.08,11.25,11.8,7.15,6.98,6.01,8.55,12.52,7.77,10.31,10.99,11.29,4.59,6.57,7.75,9.12,4.57,5.55,8.72,7.43,3.72,1.0,1.99,2.17,4.25,4.44,2.68,4.36,3.79,3.05,1.92,5.04,1.9,3.66,1.58,5.0,1.35,2.73,3.83,2.07,3.43,1.0,4.81,3.94,3.82
00-0040656,Hunter Dekkers,,QB,,0,prior,7.3,9.7,9.98,12.04,10.08,10.83,11.8,8.63,6.98,6.75,7.52,13.62,12.9,10.31,10.99,11.29,4.59,6.57,7.75,9.12,4.57,5.55,8.72,7.43,2.15,1.0,4.75,1.97,2.38,3.64,1.0,2.7,2.63,5.85,2.7,1.4,3.89,3.05,3.6,3.99,2.34,1.06,4.17,5.18,4.76,5.49,2.36,3.11,3.77
00-0040996,Jacob Clark,,QB,,0,prior,7.0,9.58,10.02,12.1,10.08,11.0,11.8,6.86,5.99,5.5,8.75,10.99,8.71,10.31,10.99,11.29,10.94,6.59,6.9,8.59,4.81,5.59,5.36,7.44,2.31,2.55,1.76,3.56,3.07,2.07,2.35,3.89,3.97,3.83,3.48,2.57,2.66,3.1,3.01,4.67,2.64,4.47,4.18,2.72,4.49,3.43,3.11,2.95,5.13
00-0039152,Will Levis,,QB,,622,measured,7.8,9.68,12.83,12.02,10.08,13.97,11.8,7.28,6.24,5.38,9.15,9.75,8.83,13.86,10.99,4.04,15.91,7.55,7.04,9.07,6.6,5.09,5.03,5.51,3.51,3.32,1.81,3.69,2.71,1.47,3.47,3.64,2.1,3.31,2.84,4.43,2.26,2.17,2.1,3.21,1.5,1.45,2.49,2.1,3.22,3.38,3.16,3.93,4.61
00-0041598,Alex Tecza,,RB,,0,prior,11.3,14.68,14.69,13.9,7.86,13.97,11.8,9.83,11.77,7.79,5.63,10.2,14.26,10.31,10.99,11.29,2.18,2.23,2.47,1.93,1.0,2.3,2.72,15.23,9.65,8.14,9.47,11.34,3.85,5.78,6.33,3.21,5.57,4.21,3.46,3.62,3.91,2.97,4.06,3.05,2.84,1.22,3.66,2.43,1.0,4.65,1.52,1.13,10.6
00-0041595,Barika Kpeenu,,RB,,0,prior,11.1,13.82,14.23,12.98,8.92,13.92,11.8,9.12,9.37,9.83,6.84,8.55,8.19,10.31,10.99,11.29,2.96,4.21,3.93,3.0,3.49,2.13,2.72,15.23,9.65,8.14,9.47,11.34,1.73,5.78,6.33,3.21,5.57,4.21,2.35,2.85,4.04,2.24,3.61,4.46,2.38,2.95,1.9,3.5,5.19,2.91,1.03,3.21,10.25
00-0040567,Brock Lampe,,RB,,0,prior,7.4,12.28,13.67,10.52,12.21,14.03,11.8,8.51,4.12,3.98,5.61,12.56,7.91,10.31,10.99,11.29,3.41,3.08,2.98,2.8,1.7,3.49,3.01,6.63,5.26,5.26,5.26,3.76,2.93,3.71,5.51,1.0,5.85,1.0,4.21,4.4,2.35,3.38,2.88,1.12,3.01,4.1,1.6,3.79,2.76,1.86,3.57,2.64,14.97
00-0041165,Coleman Bennett,,RB,,0,prior,11.1,14.0,14.33,13.18,8.7,13.93,11.8,8.97,8.01,8.43,5.51,13.06,15.9,10.31,10.99,11.29,4.1,1.97,4.24,3.83,2.49,3.16,3.7,15.23,9.65,8.14,9.47,11.34,2.66,5.78,6.33,3.21,5.57,4.21,2.77,2.37,2.34,4.9,4.49,2.96,3.25,3.3,1.78,3.9,1.78,4.45,3.42,3.44,10.32
00-0040651,Damien Martinez,,RB,,0,prior,7.9,14.08,15.08,11.68,10.38,14.4,11.8,6.92,6.02,5.76,4.49,8.89,8.21,10.31,10.99,11.29,2.12,2.51,2.59,4.3,3.27,2.78,5.43,8.11,5.24,5.28,5.24,3.75,2.41,3.92,6.21,1.0,6.0,1.0,1.22,3.73,3.58,3.94,3.71,2.72,4.01,3.33,3.72,2.68,3.78,4.14,1.33,2.85,15.92
00-0038622,Deuce Vaughn,,RB,,54,prior,9.6,14.57,13.37,16.09,6.61,13.62,11.8,8.91,10.0,8.51,6.45,8.05,14.02,13.86,10.99,11.29,3.12,2.81,4.64,3.28,1.2,3.05,1.92,11.68,7.29,5.72,6.34,9.79,3.26,7.85,8.36,1.24,6.24,2.24,3.04,4.58,3.26,3.4,3.76,2.6,3.51,1.37,5.26,3.7,2.56,4.53,4.16,1.0,13.79
00-0040400,Donovan Edwards,,RB,,0,prior,7.9,14.39,14.79,12.87,8.68,14.2,11.8,7.78,7.13,9.71,5.72,14.03,11.68,10.31,10.99,11.29,3.94,4.34,2.82,5.08,1.69,2.63,3.78,6.63,5.26,5.26,5.26,3.76,3.38,3.71,5.51,1.0,5.85,1.0,2.87,4.41,1.0,2.1,3.53,3.47,3.44,3.75,1.56,2.3,2.94,4.25,3.92,4.27,15.81
00-0040984,Dontae McMillan,,RB,,0,prior,11.2,14.43,14.56,13.64,8.16,13.96,11.8,10.58,10.73,8.52,7.48,10.07,8.21,10.31,10.99,11.29,2.82,4.11,3.8,4.53,3.83,2.19,2.82,15.23,9.65,8.14,9.47,11.34,3.11,5.78,6.33,3.21,5.57,4.21,4.22,2.4,1.66,2.63,4.71,1.46,2.81,4.53,2.41,5.14,2.96,3.34,1.28,3.95,10.5
00-0040991,Elijah Tau-Tolliver,,RB,,0,prior,11.1,13.93,14.3,13.11,8.77,13.93,11.8,9.56,8.28,6.86,5.17,6.04,9.93,10.31,10.99,11.29,2.85,2.85,3.45,2.64,2.24,4.34,2.68,15.23,9.65,8.14,9.47,11.34,4.68,5.78,6.33,3.21,5.57,4.21,3.53,4.24,3.58,4.08,2.99,2.57,3.7,1.0,2.28,3.09,3.16,1.65,1.0,3.02,10.3
00-0038396,Eric Gray,,RB,,98,prior,9.3,13.76,13.43,13.28,8.78,15.08,11.8,9.85,7.12,8.82,9.08,10.45,12.89,15.84,10.99,16.74,1.1,3.86,1.87,2.1,3.26,2.61,2.66,12.34,5.75,5.85,6.44,12.15,3.94,7.37,7.62,2.04,6.75,3.04,3.56,2.72,3.59,4.73,3.4,3.03,3.13,2.46,2.51,2.26,2.64,2.65,2.39,3.96,12.26
00-0039466,Ian Wheeler,,RB,,0,prior,7.9,14.31,14.49,13.5,8.31,13.95,11.8,7.73,6.21,10.31,7.23,11.92,10.63,10.31,10.99,11.29,3.17,1.9,2.13,2.28,1.0,3.46,2.36,6.61,5.28,5.24,5.28,4.09,1.95,3.7,5.37,1.0,5.96,1.0,2.45,3.59,4.18,2.87,2.32,3.35,3.89,3.61,3.9,3.22,1.44,1.8,3.88,2.2,15.78
00-0040332,Ja'Quinden Jackson,,RB,,0,prior,7.6,13.69,13.64,11.47,9.82,12.42,11.8,8.47,8.03,7.74,3.81,9.83,11.12,10.31,10.99,11.29,1.31,3.54,4.31,2.19,1.71,3.34,3.83,6.63,5.26,5.26,5.26,3.76,2.3,3.71,5.51,1.0,5.85,1.0,2.12,3.04,1.4,2.82,1.77,2.85,1.89,3.09,1.05,2.92,2.99,3.81,3.2,2.81,15.53
00-0040946,Jaden Nixon,,RB,,0,prior,11.3,14.62,14.66,13.83,7.93,13.97,11.8,12.39,10.68,10.21,6.0,16.74,11.37,10.31,10.99,11.29,2.61,3.83,3.37,4.19,4.47,1.98,2.22,15.23,9.65,8.14,9.47,11.34,3.85,5.78,6.33,3.21,5.57,4.21,3.47,3.2,2.88,1.35,2.47,3.39,3.36,3.3,3.17,2.47,2.61,2.21,4.4,2.79,10.57
00-0041129,Jam Miller,,RB,,0,prior,11.1,14.06,14.36,13.24,8.62,13.94,11.8,8.87,9.98,13.26,4.42,8.69,13.09,10.31,10.99,11.29,2.55,5.49,2.79,3.3,3.84,3.58,4.7,15.59,9.51,8.26,9.17,11.29,3.7,5.87,6.65,3.03,5.62,4.03,2.37,2.1,3.78,3.72,2.32,3.03,2.86,4.02,3.01,3.44,3.75,2.82,2.92,1.97,11.81
00-0041244,Jamal Haynes,,RB,,0,prior,11.4,15.24,14.99,14.49,7.17,14.01,11.8,9.33,7.29,12.84,7.43,14.39,8.43,10.31,10.99,11.29,2.16,3.71,3.45,2.94,3.66,3.87,2.63,15.23,9.65,8.14,9.47,11.34,3.17,5.78,6.33,3.21,5.57,4.21,3.07,2.89,3.84,4.83,2.78,2.48,3.44,3.66,1.51,2.91,2.55,2.13,2.88,3.42,10.82
00-0037410,Jashaun Corbin,,RB,,6,prior,8.0,13.42,14.02,12.46,9.53,13.89,11.8,9.45,8.06,8.35,8.91,11.46,11.42,12.15,10.99,7.89,3.83,1.62,2.99,3.3,4.59,1.07,2.52,7.42,5.35,5.33,5.35,6.19,3.12,4.72,6.21,1.0,5.99,1.0,3.57,2.54,2.74,2.83,3.29,3.56,1.98,2.68,2.44,3.06,3.62,4.49,2.75,2.78,14.45
00-0036670,Jermar Jefferson,,RB,4.0,8,prior,7.8,12.92,12.25,10.18,6.5,11.15,11.8,10.7,6.04,7.71,8.95,10.1,4.7,12.06,14.16,14.09,3.29,2.81,3.36,3.09,2.91,1.0,2.47,7.75,5.68,5.35,5.38,7.48,3.22,4.76,5.52,1.0,6.0,1.0,3.16,3.01,3.23,2.43,3.83,2.93,1.12,2.18,3.04,1.86,2.34,3.98,4.41,3.21,14.76
00-0038678,Jordan Mims,,RB,,63,prior,9.4,14.57,14.76,13.41,8.23,14.08,11.8,10.7,8.78,5.8,7.76,15.4,12.53,15.84,10.99,11.29,1.75,2.13,4.64,2.43,4.64,3.35,1.42,10.18,7.66,5.76,6.54,8.53,2.77,10.08,11.36,2.21,5.6,3.21,3.53,2.98,1.08,3.41,3.1,1.73,3.17,3.05,4.45,2.67,1.52,3.58,2.59,4.02,12.97
00-0041588,Justin Jones,,RB,,0,prior,11.2,14.25,14.46,13.44,8.39,13.95,11.8,9.3,9.2,10.06,6.13,6.18,11.13,10.31,10.99,11.29,3.29,4.61,2.09,3.41,5.37,1.65,2.52,15.23,9.65,8.14,9.47,11.34,5.6,5.78,6.33,3.21,5.57,4.21,2.87,3.75,3.46,2.67,3.19,3.94,2.65,1.0,4.23,2.16,3.65,3.03,1.34,3.41,10.42
00-0041485,Miles Davis,,RB,,0,prior,11.1,13.72,14.18,12.85,9.08,13.91,11.8,9.1,7.26,9.58,6.21,9.64,10.49,10.31,10.99,11.29,3.83,3.49,4.01,1.66,2.22,3.49,1.87,15.23,9.65,8.14,9.47,11.34,1.34,5.78,6.33,3.21,5.57,4.21,2.5,3.16,3.03,4.56,3.96,2.5,3.19,3.08,1.24,2.96,2.6,2.71,2.53,3.67,10.21
00-0038458,Owen Wright,,RB,,5,prior,7.9,12.8,13.44,12.39,10.01,13.62,11.8,6.57,4.86,7.26,7.05,11.96,15.83,14.23,10.99,11.29,1.0,1.49,3.46,3.77,2.24,1.7,2.87,8.12,5.32,5.32,5.32,5.7,2.58,4.02,4.87,1.0,5.92,1.0,3.86,2.93,3.65,3.51,3.9,4.35,2.63,2.78,3.38,1.9,4.7,1.91,3.83,1.32,14.2
00-0040021,Phil Mafah,,RB,,9,prior,8.2,13.38,14.26,11.7,10.07,14.11,11.8,7.55,1.16,4.66,4.95,8.02,8.75,4.26,15.38,7.51,3.04,2.1,3.97,2.66,3.41,4.11,4.0,9.83,5.69,5.36,5.39,5.7,4.28,6.42,8.22,1.0,5.99,1.0,2.91,2.61,2.64,3.59,3.1,2.13,1.46,4.07,2.61,3.41,2.06,2.8,2.18,3.81,14.42
00-0041572,Roydell Williams,,RB,,0,prior,10.9,13.32,13.97,12.33,9.69,13.88,11.8,8.43,12.6,8.77,6.74,10.02,9.45,10.31,10.99,11.29,2.22,4.14,2.64,3.49,4.13,3.56,3.86,15.23,9.65,8.14,9.47,11.34,2.17,5.78,6.33,3.21,5.57,4.21,1.96,3.48,4.17,4.59,4.04,1.42,3.76,3.79,2.47,2.41,3.13,3.05,3.61,2.06,10.05
00-0040526,Tre Stewart,,RB,,0,prior,8.1,15.12,14.93,14.35,7.32,14.0,11.8,7.73,4.98,5.46,5.36,7.88,10.76,10.31,10.99,11.29,3.32,2.21,2.71,2.61,3.15,2.49,3.84,6.63,5.26,5.26,5.26,3.76,4.08,3.71,5.51,1.0,5.85,1.0,3.91,1.9,3.24,4.91,1.95,3.82,3.47,2.72,1.0,3.5,1.53,3.06,2.39,3.04,16.1
00-0040476,Ulysses Bentley IV,,RB,,2,prior,7.7,12.0,12.25,13.93,8.02,12.35,11.8,7.52,5.3,5.13,5.16,10.7,14.16,13.04,10.99,11.29,3.37,1.09,3.66,3.5,1.39,2.62,3.46,8.46,5.29,5.29,5.29,4.44,1.48,3.92,5.37,1.0,5.83,1.0,2.88,4.28,2.26,5.22,3.36,2.19,1.77,2.64,4.87,2.18,3.1,2.81,2.09,3.72,14.4
00-0038475,Alex Cook,,S,,60,prior,8.4,14.1,15.01,13.64,7.35,14.5,11.8,8.23,5.56,6.03,6.79,10.28,11.04,12.15,10.99,11.29,3.44,2.27,1.79,3.3,3.51,2.12,4.4,3.48,3.99,3.17,3.48,2.51,2.13,1.75,4.11,2.88,2.0,4.45,3.44,2.06,2.28,9.41,8.19,11.63,5.22,6.22,9.06,6.37,1.99,2.18,3.7,3.27,9.8
00-0039506,Alex Johnson,,S,2.0,0,prior,8.2,14.13,14.75,13.82,6.94,14.13,11.8,8.12,8.58,6.1,8.46,9.49,8.41,10.31,10.99,11.29,3.98,3.62,2.25,2.83,1.75,4.2,1.49,4.25,4.31,4.52,2.88,4.39,2.55,2.4,2.45,3.42,2.09,2.47,2.39,1.07,2.07,13.17,6.58,9.91,4.86,5.86,8.94,5.86,1.57,2.79,2.61,3.4,9.8
00-0041226,Austin Brown,,S,,0,prior,10.9,13.35,14.22,14.76,8.75,14.83,11.8,10.72,6.37,8.26,4.42,9.18,10.02,10.31,10.99,11.29,2.35,2.34,2.08,2.47,1.49,3.79,2.32,3.87,2.65,3.02,1.78,4.51,1.17,5.43,3.38,4.35,4.05,3.0,2.31,2.01,3.14,9.26,10.27,15.11,8.81,9.81,9.48,11.16,5.42,4.09,3.96,4.58,9.8
00-0039241,Beau Brade,,S,,7,prior,7.8,13.78,14.52,14.2,7.66,14.39,11.8,7.56,6.59,4.68,6.79,13.83,13.74,14.76,10.99,11.29,4.24,2.54,3.34,4.28,2.83,2.34,2.64,3.08,2.57,5.47,2.74,1.18,3.72,2.6,3.0,2.89,1.69,4.11,1.61,1.68,2.44,9.85,6.64,9.81,4.92,5.92,9.16,5.92,4.21,2.11,2.6,2.37,9.8
00-0038644,Brandon Hill,,S,,0,prior,8.3,15.93,15.82,14.43,7.5,14.59,11.8,9.41,7.42,4.32,8.42,12.06,9.21,12.15,10.99,11.29,3.39,2.57,3.98,1.0,3.63,2.28,3.21,1.18,2.2,2.97,3.78,3.34,5.23,3.04,2.83,2.85,1.21,4.13,2.25,4.96,2.9,8.7,6.57,10.65,4.89,5.89,9.11,5.89,4.82,2.9,3.16,2.38,9.8
00-0039513,Chris Edmonds,,S,,6,prior,7.7,13.65,14.98,13.94,8.7,15.28,11.8,7.66,2.32,7.48,6.56,12.56,13.01,14.76,10.99,11.29,2.17,3.56,2.0,2.54,2.61,3.9,2.65,3.85,2.98,2.68,3.02,1.47,2.99,1.65,2.47,2.29,2.04,3.2,3.16,3.66,2.35,8.68,6.6,9.76,4.91,5.91,9.47,5.92,3.36,3.05,4.25,2.45,9.8
00-0039414,Daijahn Anthony,,S,,38,prior,7.9,13.29,12.69,14.39,8.03,14.59,11.8,7.87,6.91,5.78,7.47,13.58,12.49,5.41,16.22,14.86,3.23,2.54,1.23,2.36,2.8,1.79,3.33,3.59,3.2,1.21,3.62,1.56,3.15,3.85,1.63,2.74,3.4,3.82,3.77,3.49,3.01,8.71,6.76,11.0,5.04,6.04,9.27,6.13,2.25,3.28,4.31,2.95,9.8
00-0040233,Dan Jackson,,S,,0,prior,7.8,14.32,15.15,13.41,6.91,14.34,11.8,6.93,6.23,3.03,7.13,11.53,9.86,10.31,10.99,11.29,2.83,3.4,1.72,3.32,2.44,3.6,2.14,3.01,3.05,2.27,2.42,2.37,1.46,4.02,2.31,3.25,3.55,1.0,2.93,4.23,2.75,9.59,6.37,9.99,4.86,5.86,8.93,5.87,3.68,3.12,4.67,4.47,9.8
00-0040396,Dean Clark,,S,,167,measured,8.9,13.61,14.4,14.42,8.1,14.57,11.8,9.64,7.46,7.06,6.08,13.73,11.28,13.04,10.99,11.29,4.05,3.02,4.27,3.82,2.35,3.04,2.34,3.29,3.79,2.99,3.93,3.04,3.54,3.77,3.92,1.53,3.48,3.81,1.46,3.95,2.46,10.54,6.73,13.02,6.02,7.02,9.29,7.9,3.85,2.62,3.28,1.79,9.8
00-0039601,Demani Richardson,,S,,285,measured,11.2,13.5,14.6,14.35,8.72,15.06,11.8,11.03,8.45,9.58,7.62,8.81,12.8,14.76,10.99,11.29,3.12,2.7,4.13,3.51,3.11,2.92,4.5,1.69,3.09,3.28,3.79,3.42,2.96,2.19,3.03,2.03,2.53,1.74,2.54,4.05,1.93,7.68,14.22,16.58,8.27,9.27,9.48,9.74,4.79,1.85,2.6,2.69,9.8
00-0040659,Derrick Canteen,,S,,0,prior,7.6,13.76,13.97,14.67,6.99,13.72,11.8,6.72,5.57,3.57,5.33,12.65,8.14,10.31,10.99,11.29,1.39,4.41,3.63,1.56,2.66,3.5,4.31,1.62,2.85,4.52,3.11,2.74,4.46,2.34,2.97,2.7,3.16,2.25,3.46,1.84,3.24,8.92,6.36,9.78,4.88,5.88,8.96,5.88,2.96,1.0,4.54,3.03,9.8
00-0041377,Devin Grant,,S,,0,prior,10.7,13.64,14.42,14.39,8.03,14.54,11.8,8.65,9.0,8.65,4.33,9.1,7.02,10.31,10.99,11.29,3.88,3.35,2.45,1.96,4.78,1.95,5.24,3.19,3.56,2.65,2.41,3.46,4.2,4.01,3.23,2.12,5.19,1.95,3.18,3.05,2.21,9.26,10.27,15.23,8.81,9.81,9.27,11.16,2.44,3.36,2.52,2.87,9.8
00-0041213,Devin Neal,,S,,0,prior,10.7,13.38,14.24,14.73,8.68,14.8,11.8,9.61,7.16,6.34,6.82,10.54,11.03,10.31,10.99,11.29,3.13,2.55,3.16,3.68,1.84,3.25,3.89,3.72,2.89,3.15,3.95,4.11,3.15,2.05,2.6,4.84,2.7,2.6,2.72,2.44,1.06,9.26,10.27,15.12,8.81,9.81,9.46,11.16,3.19,4.01,2.38,2.02,9.8
00-0041586,Eric Butler,,S,,0,prior,10.8,13.94,14.63,14.01,7.3,14.24,11.8,9.06,9.88,10.26,7.63,9.49,9.21,10.31,10.99,11.29,1.35,3.59,3.08,2.82,2.96,4.1,3.07,2.38,2.8,3.78,1.54,2.97,3.31,3.04,2.16,2.67,5.85,1.37,2.89,2.52,1.0,9.26,10.27,15.35,8.81,9.81,9.05,11.16,3.84,2.3,3.7,4.33,9.8
00-0040284,Jack Henderson,,S,,0,prior,7.7,13.97,15.19,13.56,7.97,14.99,11.8,7.77,4.69,5.96,6.3,10.18,13.78,10.31,10.99,11.29,4.09,4.36,2.17,5.75,2.8,2.35,4.26,3.5,2.79,2.24,4.1,3.67,4.39,4.07,5.62,2.68,1.29,1.62,2.32,2.91,1.87,8.92,6.36,9.86,4.88,5.88,9.25,5.88,3.97,1.74,2.53,4.59,9.8
00-0039285,Jarius Monroe,,S,,13,prior,7.9,13.97,15.19,13.56,7.97,14.99,11.8,8.6,7.91,3.85,9.55,11.17,6.3,14.76,10.99,11.29,4.45,3.71,3.2,2.3,2.56,1.38,3.63,3.36,2.93,4.83,2.14,1.94,1.5,4.36,2.84,2.24,2.59,4.97,2.45,2.09,2.41,8.93,6.65,9.92,4.94,5.94,9.25,5.94,3.03,2.02,2.77,1.0,9.8
00-0039060,Jason Taylor II,,S,,16,prior,7.7,14.31,16.36,14.76,7.0,18.94,11.8,6.33,3.67,6.77,8.26,7.51,16.29,12.15,10.99,11.29,2.77,3.81,2.09,2.76,1.0,1.36,2.07,2.23,2.45,1.8,2.15,2.65,3.09,2.19,2.6,3.09,3.53,4.09,2.93,5.21,1.79,8.7,6.7,10.45,4.94,5.94,8.96,5.94,1.66,2.4,3.56,2.91,9.8
00-0039697,Jaylen Mahoney,,S,,0,prior,7.5,13.9,14.33,14.27,7.04,13.95,11.8,5.92,5.09,5.51,4.72,12.42,14.75,12.42,10.99,11.29,2.85,5.47,2.58,3.37,1.51,3.42,4.65,1.42,2.22,1.92,3.28,3.13,3.42,5.02,3.54,1.14,4.19,2.5,2.53,4.37,2.89,8.69,6.57,9.82,4.89,5.89,8.97,5.87,3.58,3.61,2.38,1.65,9.8
00-0040310,John Saunders Jr.,,S,,0,prior,7.7,13.8,15.08,13.75,8.33,15.14,11.8,7.65,2.25,4.89,5.51,15.12,8.64,10.31,10.99,11.29,3.31,3.08,2.93,3.49,5.93,1.52,3.2,3.49,1.4,3.33,4.55,4.04,1.91,2.32,3.94,2.4,4.46,4.29,3.52,4.01,3.39,8.92,6.36,9.79,4.88,5.88,9.36,5.88,3.79,1.96,4.09,3.86,9.8
00-0036872,Joshuah Bledsoe,,S,,0,prior,7.8,13.68,14.18,14.54,7.55,14.11,11.8,8.79,6.45,6.98,8.42,9.76,10.79,7.4,14.36,6.86,3.94,3.26,3.32,1.56,3.41,2.34,3.38,2.29,2.2,4.79,2.45,4.1,3.09,3.71,3.25,2.96,4.97,1.3,2.69,3.61,2.6,8.7,6.58,9.74,4.86,5.86,9.12,5.86,1.09,1.14,2.47,2.93,9.8
00-0041406,Larry Worth,,S,,0,prior,10.6,13.03,14.0,15.18,9.55,15.16,11.8,8.56,6.99,7.93,6.4,12.99,17.76,10.31,10.99,11.29,4.46,3.99,3.47,3.14,2.96,3.03,3.82,2.96,3.27,3.16,2.58,2.06,2.96,4.33,2.27,3.27,1.98,1.0,1.72,2.63,2.66,9.26,10.27,14.99,8.81,9.81,9.72,11.16,3.25,2.74,3.85,4.35,9.8
00-0041160,Louis Moore,,S,,0,prior,11.0,14.09,14.73,13.86,7.01,14.15,11.8,10.49,8.35,11.93,4.97,6.91,11.84,10.31,10.99,11.29,1.0,2.47,2.13,2.48,4.25,2.99,1.62,3.45,2.47,1.58,1.0,3.97,2.69,2.2,4.05,2.67,2.93,4.32,1.49,2.66,4.54,9.26,10.27,15.41,8.81,9.81,8.96,11.16,3.05,3.59,2.03,2.4,9.8
00-0039488,Mark Perry,,S,,0,prior,7.6,13.35,14.22,14.76,8.75,14.83,11.8,7.47,4.16,7.9,7.83,8.26,11.1,10.31,10.99,11.29,2.73,3.92,2.88,2.73,2.5,4.93,4.39,2.82,3.37,2.16,4.51,2.59,3.58,1.21,3.76,3.53,2.37,2.35,2.56,2.35,2.93,8.69,6.57,9.6,4.89,5.89,9.48,5.87,3.09,2.85,2.38,2.57,9.8
00-0040600,Nate Valcarcel,,S,,0,prior,8.0,14.25,15.1,13.48,7.06,14.38,11.8,9.79,4.98,6.0,5.72,10.77,10.4,10.31,10.99,11.29,2.9,3.64,2.73,3.55,1.54,3.68,2.32,2.1,1.64,5.83,4.81,5.08,2.95,2.49,1.0,2.19,1.81,3.07,3.6,3.82,3.21,8.92,6.36,9.97,4.88,5.88,8.98,5.88,2.02,5.43,1.34,2.39,9.8
00-0041371,Noah Avinger,,S,,0,prior,10.6,14.13,14.75,13.82,6.94,14.13,11.8,6.97,7.45,11.33,3.89,12.13,10.79,10.31,10.99,11.29,2.25,2.5,2.58,2.5,2.86,1.9,2.15,2.57,2.62,1.6,4.08,2.36,3.39,1.73,2.51,3.51,3.64,3.88,3.96,3.26,3.86,9.26,10.27,15.42,8.81,9.81,8.94,11.16,4.58,3.76,2.48,3.06,9.8
00-0041298,Parker Robertson,,S,,0,prior,10.7,14.31,14.87,13.63,6.58,14.04,11.8,7.81,4.98,7.15,5.34,11.45,15.06,10.31,10.99,11.29,3.72,4.84,3.49,2.9,1.0,1.55,4.04,3.26,2.0,1.83,3.46,1.07,3.21,2.55,3.99,2.34,2.83,1.0,4.35,2.96,4.82,9.26,10.27,15.5,8.81,9.81,8.83,11.16,2.38,2.67,2.75,4.38,9.8
00-0039881,Patrick McMorris,,S,,6,prior,7.8,13.49,11.81,14.57,7.0,10.7,11.8,8.25,8.86,3.4,5.75,6.05,10.61,12.42,10.99,4.32,2.41,4.64,2.25,2.93,3.11,4.3,3.29,5.01,2.18,2.55,3.02,5.19,1.0,1.25,3.04,1.49,2.96,2.69,3.91,1.38,2.96,9.57,6.6,9.69,4.91,5.91,8.96,5.91,2.95,2.89,3.45,3.46,9.8
00-0041405,Peter Manuma,,S,,0,prior,10.8,13.64,14.42,14.39,8.03,14.54,11.8,9.45,6.23,4.11,6.74,8.52,11.12,10.31,10.99,11.29,4.33,2.97,3.62,4.69,1.4,4.24,3.11,2.34,3.36,3.68,3.02,4.45,4.15,2.07,3.28,3.86,5.12,2.66,1.92,4.66,1.74,9.26,10.27,15.23,8.81,9.81,9.27,11.16,3.05,3.46,2.63,2.78,9.8
00-0038368,Quindell Johnson,,S,,14,prior,7.9,13.79,14.8,13.97,8.0,14.76,11.8,8.63,5.54,2.93,9.82,10.52,15.73,12.15,10.99,11.29,1.91,1.92,1.75,2.46,1.79,4.96,2.87,3.7,2.52,3.63,2.99,3.86,2.53,3.72,2.33,2.36,3.92,3.26,2.73,4.17,1.82,8.31,6.64,10.23,4.95,5.95,9.26,5.95,1.53,3.55,2.35,2.89,9.8
00-0037522,Qwuantrezz Knight,,S,,2,prior,7.7,13.51,14.23,13.89,7.59,14.11,11.8,8.21,6.45,2.88,9.22,8.33,4.39,12.15,10.99,11.29,2.24,3.48,1.17,3.57,3.07,2.22,1.96,3.93,2.8,4.0,1.76,4.15,1.86,4.07,2.03,3.14,3.7,3.2,3.46,3.37,2.24,8.22,6.59,9.69,4.89,5.89,9.14,5.9,1.96,5.07,2.61,3.41,9.8
00-0039596,Rashad Wisdom,,S,,2,prior,7.6,13.03,13.19,15.88,8.47,14.01,11.8,7.51,7.64,5.57,8.46,15.16,10.79,4.46,5.09,11.29,2.96,1.0,5.32,3.12,1.59,3.01,2.51,2.61,3.05,3.33,2.95,2.44,3.39,2.32,2.83,1.0,2.62,2.23,2.18,3.75,5.48,8.69,6.58,9.5,4.9,5.9,9.4,5.9,3.65,3.54,3.87,2.15,9.8
00-0040319,Robert McDaniel,,S,,0,prior,7.8,13.9,15.14,13.64,8.12,15.05,11.8,8.57,5.53,2.04,5.96,10.54,12.58,10.31,10.99,11.29,4.06,3.24,4.19,3.44,3.28,1.13,2.41,3.84,1.75,2.96,3.42,3.13,2.32,4.45,2.62,1.93,1.0,3.71,3.53,3.42,2.7,8.92,6.36,9.83,4.88,5.88,9.3,5.88,3.1,3.57,3.32,2.89,9.8
00-0041010,Tanner Wall,,S,,0,prior,10.6,13.64,14.42,14.39,8.03,14.54,11.8,7.87,9.32,8.8,6.96,12.73,17.06,10.31,10.99,11.29,2.11,2.95,2.3,4.65,2.75,1.43,5.1,2.31,4.19,4.15,3.76,2.56,3.36,4.0,3.36,1.41,4.6,3.04,2.63,1.0,2.86,9.26,10.27,15.23,8.81,9.81,9.27,11.16,4.68,4.26,3.33,2.45,9.8
00-0039959,Tra Fluellen,,S,,0,prior,7.9,13.8,15.08,13.75,8.33,15.14,11.8,8.96,5.22,7.28,8.33,15.12,9.33,10.31,10.99,11.29,3.32,4.92,3.99,1.34,4.55,2.26,2.93,3.52,3.99,2.36,3.11,1.4,2.17,2.91,3.93,2.6,3.23,2.07,3.85,2.3,3.13,8.69,6.57,9.78,4.89,5.89,9.36,5.87,3.58,2.23,2.88,3.24,9.8
00-0040295,Trevian Thomas,,S,,0,prior,7.8,13.74,14.22,14.46,7.4,14.05,11.8,8.27,4.43,6.3,8.91,9.75,8.73,13.04,10.99,11.29,3.74,1.08,4.66,3.44,1.96,2.75,3.55,3.61,4.21,2.56,4.33,1.48,3.45,2.6,1.96,1.56,1.94,4.27,1.93,1.8,2.76,8.92,6.36,9.77,4.88,5.88,9.08,5.88,3.36,2.84,3.39,4.5,9.8
00-0040273,Tysheem Johnson,,S,,0,prior,7.6,13.47,13.77,15.06,7.72,13.94,11.8,7.09,3.96,4.99,6.34,9.39,11.82,10.31,10.99,11.29,1.27,5.36,3.29,4.86,2.99,3.69,2.61,1.01,3.12,2.33,2.93,3.02,2.52,2.21,2.48,2.29,4.46,2.13,4.15,3.35,3.0,8.92,6.36,9.66,4.88,5.88,9.18,5.88,3.21,3.12,3.4,3.31,9.8
00-0040364,Wande Owens,,S,,0,prior,7.6,13.34,13.95,15.0,8.41,14.46,11.8,7.81,5.33,7.71,7.21,7.29,5.74,10.31,10.99,11.29,1.64,3.32,3.43,2.97,3.23,3.85,3.4,3.3,3.39,2.08,2.67,4.9,3.76,3.64,4.71,2.84,2.83,2.56,4.99,1.0,1.0,8.92,6.36,9.61,4.88,5.88,9.38,5.88,4.45,1.0,1.76,3.64,9.8
00-0038809,Ben Sims,,TE,6.0,288,measured,9.6,10.79,12.11,11.96,9.63,13.22,11.8,8.43,6.25,5.79,6.44,15.0,8.27,15.84,10.99,11.29,3.65,2.04,1.67,4.35,2.89,4.29,4.75,7.24,2.84,5.79,8.45,10.97,7.99,7.27,6.58,10.97,11.45,8.82,3.37,5.34,3.36,3.32,2.07,3.72,3.56,4.16,2.77,2.78,3.08,2.77,1.5,1.2,5.38
00-0040392,Caden Prieskorn,,TE,,0,prior,9.5,10.53,11.88,11.75,10.02,13.01,11.8,9.94,8.86,3.68,8.05,11.39,11.45,10.31,10.99,11.29,3.13,2.28,3.3,2.81,2.53,1.62,1.99,6.43,1.0,2.05,4.7,19.4,5.68,4.19,4.19,8.8,11.85,6.64,2.37,3.72,4.55,4.34,1.0,1.26,4.31,1.96,3.6,1.46,1.71,2.61,3.68,2.19,1.0
00-0041237,Chase Curtis,,TE,,0,prior,9.0,11.81,13.03,12.76,8.08,14.12,11.8,7.76,4.15,6.86,6.41,13.95,12.43,10.31,10.99,11.29,4.74,1.92,2.27,3.06,3.83,2.48,3.64,6.67,2.5,7.11,9.77,8.1,8.66,8.18,7.9,10.23,8.86,8.08,2.81,5.03,3.68,1.54,2.32,4.61,4.25,3.71,3.49,1.5,2.58,2.23,2.83,3.33,3.27
00-0041327,Cody Hardy,,TE,,0,prior,9.3,9.7,11.08,10.98,12.3,12.24,11.8,8.05,7.05,6.84,4.1,6.47,10.42,10.31,10.99,11.29,2.44,3.92,4.81,2.74,1.71,3.35,4.32,6.67,2.51,7.11,9.77,8.1,8.66,8.18,7.9,10.23,8.86,8.08,2.47,3.42,1.16,2.09,3.97,4.7,2.17,2.13,3.03,3.27,2.5,4.77,4.18,4.07,1.51
00-0039754,Devin Culp,,TE,,67,prior,9.6,15.01,14.72,12.57,8.53,14.07,11.8,7.89,8.29,7.69,5.87,13.14,14.42,14.76,10.99,11.29,1.76,3.58,2.75,3.12,2.51,1.77,2.54,7.98,2.09,5.6,8.25,14.57,6.09,6.16,4.48,8.98,11.57,6.82,3.21,2.89,4.09,2.28,4.5,1.47,2.96,4.07,4.82,2.07,4.23,3.22,4.26,3.13,2.96
00-0041576,Drew Biber,,TE,,0,prior,9.1,11.17,12.45,12.26,9.05,13.53,11.8,6.71,4.89,3.59,6.44,9.28,11.95,10.31,10.99,11.29,4.26,3.21,2.53,2.95,2.96,2.8,2.66,6.67,4.12,7.11,9.77,8.1,8.66,8.18,7.9,10.23,8.86,8.08,3.17,3.9,2.29,2.97,3.49,3.38,2.22,4.5,2.93,3.83,3.51,3.86,3.26,1.0,1.23
00-0041207,Ethan Conner,,TE,,0,prior,9.1,11.49,12.74,12.51,8.56,13.8,11.8,8.58,7.32,7.79,6.25,13.63,16.08,10.31,10.99,11.29,5.03,4.14,2.69,3.16,3.47,4.14,3.16,6.67,5.26,7.11,9.77,8.1,8.66,8.18,7.9,10.23,8.86,8.08,4.04,3.15,5.04,2.05,2.21,3.58,2.6,2.47,3.37,1.51,4.84,4.52,1.62,4.14,3.43
00-0040528,JJ Galbreath,,TE,,0,prior,9.4,11.64,12.86,12.42,8.82,13.87,11.8,8.26,6.08,5.41,8.13,10.43,15.11,10.31,10.99,11.29,2.22,3.6,2.69,5.2,2.92,1.21,2.54,6.43,3.46,2.05,4.7,19.4,5.68,4.19,4.19,8.8,11.85,6.64,3.39,1.86,2.48,2.87,3.73,2.97,3.53,4.44,2.92,1.71,4.89,4.26,4.13,3.26,3.2
00-0039420,Jaheim Bell,,TE,,52,prior,9.0,12.18,14.07,12.27,9.24,14.4,11.8,8.77,7.67,8.23,8.01,8.71,12.2,12.42,10.99,11.29,4.43,3.69,2.68,2.46,4.28,2.4,3.85,8.12,3.63,4.11,6.77,14.74,5.91,4.57,4.54,9.19,10.12,7.04,1.42,4.07,3.4,3.8,2.29,2.93,3.66,1.96,2.56,2.13,3.49,2.59,1.62,2.07,3.89
00-0041566,Jeremiah Franklin,,TE,,0,prior,9.1,11.24,12.51,12.31,8.95,13.59,11.8,7.95,3.56,6.32,6.9,11.01,13.35,10.31,10.99,11.29,4.66,4.7,4.19,4.39,4.18,4.12,2.74,6.67,4.03,7.11,9.77,8.1,8.66,8.18,7.9,10.23,8.86,8.08,1.25,3.11,2.17,3.84,1.36,2.85,3.58,3.32,2.21,4.1,1.75,2.0,3.66,3.94,2.75
00-0040457,Jermaine Terry,,TE,,0,prior,9.4,11.17,12.45,12.26,9.05,13.53,11.8,7.74,6.1,5.71,6.78,13.09,10.92,10.31,10.99,11.29,5.67,3.8,1.0,1.79,1.7,1.96,3.32,6.43,1.0,2.05,4.7,19.4,5.68,4.19,4.19,8.8,11.85,6.64,2.77,2.57,2.86,2.28,2.98,3.88,4.17,3.25,3.49,3.16,4.11,1.58,3.62,2.53,1.41
00-0041452,Johnny Pascuzzi,,TE,,0,prior,9.1,11.43,12.68,12.46,8.66,13.74,11.8,6.27,4.44,6.98,4.04,13.66,11.0,10.31,10.99,11.29,2.3,2.22,4.09,3.06,4.19,3.54,1.85,6.67,3.26,7.11,9.77,8.1,8.66,8.18,7.9,10.23,8.86,8.08,4.0,2.6,3.71,3.35,4.89,4.06,3.77,3.51,2.74,2.99,3.21,2.79,3.62,3.35,2.6
00-0041246,Josh Kattus,,TE,,0,prior,9.1,11.04,12.34,12.16,9.24,13.43,11.8,8.06,6.72,5.75,7.12,14.55,10.1,10.31,10.99,11.29,2.51,4.23,1.58,3.46,2.47,1.59,2.46,6.67,1.44,7.11,9.77,8.1,8.66,8.18,7.9,10.23,8.86,8.08,4.28,1.77,3.31,2.65,3.67,4.19,2.11,3.43,2.14,3.9,2.59,2.91,1.0,2.56,1.68
00-0040974,Lance Mason,,TE,,0,prior,9.1,10.85,12.17,12.01,9.53,13.27,11.8,7.79,7.48,6.19,4.72,13.91,5.93,10.31,10.99,11.29,2.95,2.86,3.59,2.75,4.19,2.71,3.97,6.67,3.57,7.11,9.77,8.1,8.66,8.18,7.9,10.23,8.86,8.08,2.45,2.16,4.65,1.77,5.34,2.78,1.03,4.25,2.94,3.56,3.96,3.92,1.02,3.42,1.48
00-0040792,Layne Pryor,,TE,,0,prior,9.6,9.85,11.24,11.29,11.45,12.43,11.8,7.77,5.27,5.14,5.76,8.5,13.32,10.31,10.99,11.29,4.56,3.18,2.66,2.67,3.09,2.81,3.57,6.43,1.59,2.05,4.7,19.4,5.68,4.19,4.19,8.8,11.85,6.64,3.63,4.45,2.02,3.94,3.86,4.07,1.1,4.23,1.0,5.54,3.99,3.36,2.71,2.83,3.6
00-0041535,Louis Hansen,,TE,,0,prior,9.1,11.49,12.74,12.51,8.56,13.8,11.8,9.03,6.5,7.69,7.05,11.79,11.74,10.31,10.99,11.29,1.78,3.06,2.91,3.48,3.89,1.59,2.65,6.67,4.02,7.11,9.77,8.1,8.66,8.18,7.9,10.23,8.86,8.08,4.69,1.67,4.4,3.48,3.23,2.12,2.56,2.61,3.25,3.64,4.75,1.58,3.4,3.53,3.14
00-0040060,Marshall Lang,,TE,,0,prior,9.5,11.26,12.52,12.11,9.4,13.55,11.8,9.99,7.76,7.63,5.38,14.74,14.62,10.31,10.99,11.29,3.11,2.71,4.3,2.19,1.25,2.88,2.55,6.43,2.29,2.05,4.7,19.4,5.68,4.19,4.19,8.8,11.85,6.64,3.31,2.82,2.5,4.61,3.03,1.85,2.39,3.57,2.61,3.05,3.95,2.97,2.77,2.19,3.18
00-0039702,Mason Pline,,TE,,0,prior,9.4,9.92,11.35,11.74,9.99,12.61,11.8,8.07,8.01,5.24,8.85,8.16,18.72,10.31,10.99,11.29,3.28,3.3,2.64,1.91,2.62,4.36,3.13,6.42,2.71,2.02,4.67,19.4,5.7,4.17,4.17,8.63,11.98,6.48,4.08,2.03,2.22,2.03,2.88,3.34,3.39,2.49,2.23,3.23,1.75,3.01,2.6,2.27,2.19
00-0041001,Matt Lauter,,TE,,0,prior,9.1,11.17,12.45,12.26,9.05,13.53,11.8,9.93,2.52,7.42,4.54,12.94,10.3,10.31,10.99,11.29,2.76,2.63,1.79,2.46,3.75,2.69,2.62,6.67,3.01,7.11,9.77,8.1,8.66,8.18,7.9,10.23,8.86,8.08,2.27,3.49,2.43,2.23,3.22,2.38,4.46,4.32,1.57,2.84,2.63,2.47,3.13,2.71,2.27
00-0041180,Quentin Moore,,TE,,0,prior,9.2,10.21,11.58,11.54,10.67,12.75,11.8,9.24,8.74,6.93,5.4,7.61,10.62,10.31,10.99,11.29,2.29,3.48,2.34,1.33,1.52,4.51,5.72,6.67,3.7,7.11,9.77,8.1,8.66,8.18,7.9,10.23,8.86,8.08,2.2,3.33,1.38,2.73,1.48,1.58,3.55,3.48,2.72,2.14,4.16,3.47,3.84,3.03,2.85
00-0040046,Rivaldo Fairweather,,TE,,0,prior,9.5,11.09,12.35,11.76,10.2,13.36,11.8,9.13,11.2,9.22,5.44,7.46,7.71,10.31,10.99,11.29,2.64,3.97,2.18,2.24,3.63,3.46,2.69,6.43,3.32,2.05,4.7,19.4,5.68,4.19,4.19,8.8,11.85,6.64,3.71,2.64,3.96,2.42,5.42,3.69,3.6,2.93,2.04,2.68,1.98,2.09,3.42,3.19,2.13
00-0041403,Rohan Jones,,TE,,0,prior,9.1,11.62,12.86,12.61,8.37,13.91,11.8,7.66,4.22,8.6,6.66,12.05,10.93,10.31,10.99,11.29,3.47,4.86,3.66,3.73,3.08,3.83,2.92,6.67,4.75,7.11,9.77,8.1,8.66,8.18,7.9,10.23,8.86,8.08,3.09,1.97,3.21,3.51,2.93,3.27,4.8,4.78,4.3,3.06,4.47,2.68,3.75,3.13,2.52
00-0037011,Tre' McKitty,,TE,,24,prior,9.3,11.32,12.57,12.16,9.31,13.6,11.8,11.31,5.93,7.51,9.29,11.2,12.83,13.73,10.99,11.29,4.21,2.59,3.34,2.73,4.29,1.0,3.48,12.37,2.96,2.4,5.06,19.4,5.78,4.28,4.28,8.12,10.91,5.96,4.28,4.26,4.06,4.1,1.7,2.84,2.94,2.58,3.43,3.81,1.86,2.75,2.64,2.36,2.4
00-0041570,Tyler Moore,,TE,,0,prior,9.1,10.53,11.88,11.75,10.02,13.01,11.8,8.31,7.18,8.74,7.1,13.65,6.87,10.31,10.99,11.29,2.39,2.62,3.1,1.36,5.67,3.76,3.57,6.67,1.18,7.11,9.77,8.1,8.66,8.18,7.9,10.23,8.86,8.08,3.65,3.97,2.1,1.76,4.5,3.66,3.19,2.45,2.72,3.09,2.36,1.02,3.04,4.64,1.95
00-0040387,Zach Horton,,TE,,11,prior,9.2,10.87,12.17,11.8,9.99,13.24,11.8,8.77,3.51,3.26,6.57,9.81,11.04,13.04,10.99,11.29,1.61,3.86,2.56,4.96,3.43,3.93,2.63,6.45,2.66,3.34,6.0,16.77,5.73,4.24,4.24,9.14,11.07,6.99,3.55,1.72,3.25,4.59,2.95,2.52,4.15,1.85,1.62,4.52,3.31,2.31,3.43,4.57,3.09
00-0038406,Zack Kuntz,,TE,,1,prior,9.8,13.29,15.65,15.8,12.0,17.55,11.8,9.27,7.06,6.98,8.15,14.76,9.65,13.86,10.99,11.29,3.63,4.11,4.46,3.49,2.02,1.86,2.92,8.12,2.55,2.03,4.68,19.4,5.72,4.22,4.22,8.32,11.71,6.16,2.07,3.0,2.97,3.05,3.0,2.48,4.41,4.22,1.93,3.72,4.34,3.71,3.18,1.76,2.82
00-0040302,A.J. Henning,,WR,,0,prior,9.7,15.13,15.39,13.38,7.36,15.02,11.8,10.9,9.35,11.34,5.92,11.86,8.26,10.31,10.99,11.29,3.86,3.2,2.53,4.37,2.67,2.5,4.16,11.77,10.15,16.06,14.98,13.55,3.6,3.59,3.59,4.62,3.35,3.3,1.99,4.65,3.09,1.98,3.0,4.09,3.7,3.03,4.49,1.91,4.47,4.1,1.29,3.32,10.38
00-0039679,Ben Nikkel,,WR,,0,prior,9.6,14.2,15.03,13.31,7.59,15.11,11.8,8.6,7.77,7.66,8.24,11.81,9.25,10.31,10.99,11.29,2.99,1.0,4.73,4.59,3.25,1.1,2.34,11.32,10.76,16.07,15.0,14.22,3.62,3.66,3.62,3.29,3.17,3.19,3.96,3.6,4.09,2.92,1.99,3.96,2.36,3.16,2.36,3.74,1.44,3.14,3.1,2.5,10.01
00-0041215,Ben Patterson,,WR,,0,prior,8.3,13.74,14.74,12.83,8.23,15.18,11.8,8.94,7.1,10.38,6.58,11.89,4.6,10.31,10.99,11.29,2.57,1.64,4.22,2.28,2.06,2.51,2.7,7.61,4.36,7.0,5.93,5.54,4.66,6.25,6.26,3.37,3.13,4.33,2.59,2.78,2.03,6.43,3.19,1.96,4.03,3.31,1.61,2.23,4.17,3.05,2.88,4.95,12.77
00-0041205,Brady Boyd,,WR,,0,prior,8.7,14.94,15.5,14.01,6.64,15.01,11.8,9.65,9.88,10.26,5.49,12.29,8.06,10.31,10.99,11.29,3.72,3.17,5.1,1.45,3.94,2.26,2.71,7.61,4.36,7.0,5.93,5.54,4.66,6.25,6.26,1.85,2.37,2.32,1.66,3.23,3.49,4.18,2.97,4.24,1.95,2.42,1.48,1.08,2.5,3.19,3.3,1.49,13.25
00-0040324,Cam Camper,,WR,,0,prior,9.7,14.94,15.5,14.01,6.64,15.01,11.8,9.64,7.16,11.43,7.85,12.36,16.21,10.31,10.99,11.29,3.33,2.91,2.69,3.41,4.01,3.07,2.56,11.77,10.15,16.06,14.98,13.55,3.6,3.59,3.59,3.97,5.42,2.82,2.46,1.42,1.94,3.75,2.9,4.89,2.05,2.89,3.82,2.13,4.25,3.52,3.82,2.55,10.3
00-0041299,Cameron Ross,,WR,,0,prior,8.8,15.38,15.78,14.44,6.07,14.95,11.8,9.78,7.57,9.12,5.6,8.89,12.44,10.31,10.99,11.29,3.06,3.02,1.88,3.44,2.84,3.43,3.15,7.61,4.36,7.0,5.93,5.54,4.66,6.25,6.26,1.0,2.57,1.48,2.53,4.03,1.81,2.1,3.3,3.43,2.42,3.8,2.63,3.95,2.3,2.44,3.61,4.44,13.42
00-0041199,Caullin Lacy,,WR,,0,prior,8.8,15.53,15.87,14.58,5.88,14.93,11.8,8.73,9.67,10.27,8.53,11.7,10.68,10.31,10.99,11.29,5.37,3.85,1.0,4.36,2.67,4.11,4.26,7.61,4.36,7.0,5.93,5.54,4.66,6.25,6.26,2.75,3.37,4.16,2.47,5.29,3.87,2.82,3.47,2.1,3.88,3.33,3.68,1.55,2.41,1.98,2.19,2.96,13.48
00-0040323,Chandler Brayboy,,WR,,0,prior,9.6,14.74,15.38,13.82,6.9,15.04,11.8,10.13,7.1,9.05,5.72,7.75,11.86,10.31,10.99,11.29,3.01,2.09,2.71,4.32,2.36,2.4,2.54,11.77,10.15,16.06,14.98,13.55,3.6,3.59,3.59,2.62,3.07,4.71,4.97,4.94,2.57,1.1,2.06,2.34,5.21,2.11,3.73,4.85,1.15,4.31,3.46,3.37,10.23
00-0039437,Cornelius Johnson,,WR,,0,prior,10.0,15.7,16.69,13.92,6.86,16.33,11.8,8.88,11.63,7.87,6.68,9.25,11.23,10.31,10.99,11.29,3.04,2.41,2.94,4.81,3.45,2.1,3.34,11.54,10.76,16.07,15.0,14.1,3.62,3.66,3.62,2.84,1.73,2.6,2.15,2.47,1.0,2.57,2.36,3.42,4.75,1.75,1.53,4.77,3.17,2.89,2.39,3.39,10.47
00-0036647,Cornell Powell,,WR,,0,prior,10.0,13.39,15.55,13.54,8.0,15.69,11.8,10.73,9.76,7.4,10.17,11.15,7.49,12.05,10.99,11.29,3.45,3.6,2.63,2.76,2.26,4.36,3.76,10.12,11.53,16.99,15.92,15.44,3.63,4.19,3.63,3.19,3.18,3.51,3.66,3.1,2.41,2.02,3.11,1.88,2.46,2.99,3.62,2.71,4.04,2.33,2.69,4.21,9.14
00-0040977,Cortez Braham,,WR,,0,prior,8.6,14.64,15.31,13.73,7.02,15.05,11.8,9.08,6.86,5.83,5.8,9.93,10.59,10.31,10.99,11.29,2.78,5.21,2.8,4.58,4.12,2.01,4.04,7.61,4.36,7.0,5.93,5.54,4.66,6.25,6.26,4.24,1.36,2.85,2.62,2.89,3.93,1.0,2.99,5.3,2.62,3.09,1.28,2.47,4.72,3.85,2.75,2.1,13.13
00-0040445,Courtney Jackson,,WR,,0,prior,9.7,15.26,15.55,13.78,6.87,14.99,11.8,9.2,5.67,10.19,6.17,13.61,13.17,10.31,10.99,11.29,4.44,1.26,4.07,3.26,2.27,3.84,2.44,11.77,10.15,16.06,14.98,13.55,3.6,3.59,3.59,4.26,3.37,2.78,2.58,3.11,3.35,3.12,4.61,2.65,3.25,5.98,3.86,1.16,1.06,3.52,1.03,2.86,10.43
00-0040629,Dalevon Campbell,,WR,3.0,8,prior,8.6,13.7,14.95,13.61,7.32,15.15,11.8,8.04,8.75,7.7,5.86,11.63,11.49,13.04,10.99,11.29,3.35,1.48,1.75,4.08,3.04,2.13,4.43,9.04,7.45,13.38,12.31,9.6,3.65,3.87,3.7,3.57,2.61,2.79,3.23,2.79,1.0,2.62,3.03,2.4,2.48,1.98,3.84,3.55,3.31,3.68,2.32,3.31,11.24
00-0035535,Darius Slayton,,WR,,1638,measured,10.0,16.32,17.96,14.05,5.5,17.86,11.8,13.11,11.26,9.84,10.48,8.48,11.8,7.22,14.66,13.99,4.29,1.68,3.85,2.71,2.93,2.94,2.15,5.6,10.03,13.23,12.16,5.28,8.41,7.44,7.0,3.41,2.86,3.23,4.31,3.85,3.55,3.72,3.73,1.39,2.56,1.0,3.28,1.68,2.0,3.73,3.26,4.88,13.49
00-0039259,Dayton Wade,,WR,,0,prior,10.0,15.98,15.85,13.92,6.59,14.91,11.8,10.85,9.54,8.95,5.71,12.77,11.42,10.31,10.99,11.29,3.85,2.9,4.07,3.07,3.5,3.31,1.86,11.32,10.76,16.07,15.0,14.22,3.62,3.66,3.62,5.35,3.26,1.22,2.17,3.89,2.99,1.62,2.98,2.77,4.49,2.65,4.22,3.11,2.88,4.12,4.27,3.02,10.72
00-0037570,Dennis Houston,,WR,,0,prior,10.0,14.45,15.19,13.54,7.28,15.08,11.8,11.8,7.26,6.31,8.94,11.09,10.49,12.05,10.99,11.29,3.45,4.75,1.96,2.72,3.08,3.74,3.3,10.09,11.41,16.72,15.65,15.33,3.63,3.75,3.63,4.99,3.77,2.64,3.27,3.12,2.96,2.65,4.93,1.99,2.47,4.45,2.96,3.6,5.19,3.18,1.67,3.31,10.1
00-0041380,Devonte Ross,,WR,,0,prior,9.0,16.17,16.28,15.19,5.06,14.84,11.8,7.64,7.15,8.62,5.1,9.1,10.78,10.31,10.99,11.29,5.22,3.42,2.13,2.69,2.88,3.9,3.46,7.61,4.36,7.0,5.93,5.54,4.66,6.25,6.26,3.16,2.39,2.72,4.16,1.0,2.2,3.56,1.0,3.36,3.44,1.0,3.38,4.16,2.7,2.17,3.7,3.02,13.74
00-0041158,Donaven McCulley,,WR,,0,prior,8.5,14.55,15.25,13.64,7.15,15.06,11.8,6.16,6.25,9.24,3.96,10.05,4.17,10.31,10.99,11.29,3.1,3.29,2.66,1.0,3.16,3.45,1.97,7.61,4.36,7.0,5.93,5.54,4.66,6.25,6.26,1.97,3.14,3.17,3.51,1.32,3.76,2.51,4.1,4.22,4.12,2.28,3.41,2.46,2.19,3.9,4.17,3.61,13.09
00-0041011,E.J. Williams Jr.,,WR,,0,prior,8.6,14.42,15.33,14.06,6.67,15.06,11.8,8.8,4.82,9.93,5.31,5.67,11.42,10.31,10.99,11.29,3.79,4.55,1.57,3.5,3.82,2.53,1.96,7.61,4.36,7.0,5.93,5.54,4.66,6.25,6.26,3.58,2.41,1.0,3.35,1.81,1.74,2.39,3.57,3.14,2.29,1.23,2.92,1.94,2.24,3.47,2.7,3.48,13.04
00-0040337,Eli Pancol,,WR,,0,prior,9.6,14.42,15.33,14.06,6.67,15.06,11.8,8.35,10.71,7.95,6.97,14.32,11.54,10.31,10.99,11.29,2.69,2.84,2.3,4.42,3.96,1.2,2.82,11.77,10.15,16.06,14.98,13.55,3.6,3.59,3.59,3.75,2.51,3.2,3.84,2.73,2.36,3.46,4.78,2.1,2.67,2.85,5.55,4.05,3.0,2.77,2.86,2.15,10.1
00-0038667,Elijah Cooks,,WR,,48,prior,8.5,14.16,15.24,14.08,6.68,15.08,11.8,9.53,6.71,9.08,7.21,10.56,12.63,13.86,10.99,11.29,3.13,3.47,1.46,1.29,3.36,3.18,2.81,7.79,6.1,11.78,10.71,7.81,3.85,4.45,3.93,2.94,2.48,2.98,3.77,2.13,2.54,1.92,3.8,3.36,5.04,3.03,1.14,4.34,3.79,2.33,3.85,1.47,12.16
00-0038092,Erik Ezukanma,,WR,,24,prior,8.7,13.73,15.39,12.27,7.93,15.65,11.8,9.58,11.37,8.85,7.47,9.97,15.41,14.23,10.99,11.29,3.23,3.7,4.9,3.29,3.34,2.95,3.81,8.24,7.52,13.02,11.95,8.19,3.71,5.84,4.3,2.49,4.36,3.33,3.19,2.37,1.28,2.5,3.23,4.53,1.0,2.31,2.67,4.5,2.23,3.29,1.3,4.03,9.81
00-0040259,Gage Larvadain,,WR,,169,measured,8.2,16.19,15.9,13.85,6.64,14.89,11.8,8.13,5.03,11.15,7.44,9.48,13.6,13.04,10.99,15.41,5.74,4.61,3.52,2.85,1.33,4.55,4.31,7.75,4.22,7.67,6.59,4.73,4.03,4.33,6.29,3.67,2.5,2.48,2.3,2.02,3.29,2.58,2.53,1.68,4.39,1.0,3.2,1.6,2.94,1.06,1.96,3.16,12.36
00-0040912,Hank Beatty,,WR,,0,prior,8.8,15.43,15.81,14.48,6.01,14.94,11.8,9.74,7.51,6.73,5.98,8.11,13.04,10.31,10.99,11.29,4.27,4.22,2.62,3.22,2.52,2.79,2.2,7.61,4.36,7.0,5.93,5.54,4.66,6.25,6.26,1.0,2.9,5.81,3.8,2.82,2.29,4.65,4.99,3.09,3.01,2.63,3.43,2.14,3.82,2.02,3.63,3.08,13.44
00-0038883,Isaiah Winstead,,WR,,0,prior,9.8,14.01,15.15,13.94,6.87,15.1,11.8,10.31,11.27,8.25,7.18,9.33,10.93,10.31,10.99,11.29,1.64,4.63,3.65,2.43,3.35,1.5,3.84,10.63,11.17,16.08,15.0,14.76,3.63,3.74,3.62,2.46,1.58,2.02,3.8,3.44,1.0,2.38,4.91,1.54,2.93,2.12,2.73,4.02,2.25,1.64,2.37,1.5,9.93
00-0039722,JaQuae Jackson,,WR,,0,prior,9.9,15.18,15.66,14.25,6.33,14.97,11.8,9.17,9.62,9.67,6.34,9.01,9.6,10.31,10.99,11.29,2.77,2.92,1.24,2.47,3.65,2.83,3.93,11.32,10.76,16.07,15.0,14.22,3.62,3.66,3.62,2.25,3.48,2.6,1.0,2.91,2.17,2.76,4.49,3.02,3.74,4.14,5.87,1.69,3.66,2.61,1.61,2.22,10.4
00-0040967,Jacob De Jesus,,WR,,0,prior,9.0,16.17,16.28,15.19,5.06,14.84,11.8,9.58,7.61,9.61,7.15,6.8,12.13,10.31,10.99,11.29,4.02,4.37,3.58,2.42,2.92,3.24,2.21,7.61,4.36,7.0,5.93,5.54,4.66,6.25,6.26,2.71,3.33,2.75,2.61,4.01,2.11,3.88,3.98,2.86,3.32,3.21,4.73,4.37,1.1,3.05,2.37,2.61,13.74
00-0040317,Jacoby Jones,,WR,3.0,11,prior,8.8,13.4,14.67,12.97,8.13,15.22,11.8,9.32,11.54,9.11,7.35,14.24,9.04,13.04,10.99,11.29,2.08,3.92,2.83,1.93,3.31,1.58,4.95,8.84,9.22,14.44,13.36,9.16,3.66,5.3,4.11,2.12,3.42,5.0,3.06,1.79,2.82,2.19,3.91,1.68,2.73,3.8,1.32,3.78,4.36,2.88,2.4,3.64,11.3
00-0040769,Jaden Smith,,WR,,0,prior,9.6,14.13,15.38,14.6,6.07,15.06,11.8,9.96,7.14,10.36,8.34,13.14,11.22,10.31,10.99,11.29,2.53,2.79,3.9,3.23,4.37,3.34,2.24,11.77,10.15,16.06,14.98,13.55,3.6,3.59,3.59,2.41,3.77,1.56,3.45,4.43,2.29,4.57,3.62,2.81,3.56,3.04,2.47,2.49,3.21,1.68,5.15,2.89,9.98
00-0040388,Jakobie Keeney-James,,WR,,46,prior,8.6,14.94,15.5,14.01,6.64,15.01,11.8,9.27,11.45,5.52,6.93,6.97,7.0,13.04,10.99,11.29,2.09,2.24,4.14,2.56,3.27,1.96,1.64,7.98,5.7,10.71,9.64,7.63,3.76,5.08,4.1,3.19,4.12,1.27,2.57,4.52,1.0,1.5,2.55,2.48,2.76,2.87,3.48,2.66,1.0,4.55,3.25,1.38,11.91
00-0039379,Jamari Thrash,,WR,3.0,288,measured,8.5,15.24,14.71,12.41,6.63,13.42,11.8,7.48,5.89,7.71,8.52,4.56,8.68,7.01,17.31,6.6,1.99,2.67,2.32,3.46,3.74,3.95,4.25,7.76,5.06,8.1,7.03,6.29,4.85,5.03,6.32,1.36,2.31,3.68,2.16,4.16,1.82,3.91,4.1,3.89,2.19,3.04,1.72,3.9,3.07,3.62,2.23,2.33,12.27
00-0038492,Jason Brownlee,,WR,,150,measured,8.2,14.57,15.42,14.2,6.48,15.04,11.8,9.61,12.24,9.85,8.15,13.4,10.6,7.84,7.38,11.29,3.19,3.52,3.15,2.41,2.98,2.72,4.35,7.38,5.13,10.65,9.58,7.19,4.47,3.64,3.96,1.81,3.42,2.76,2.95,4.37,2.86,4.6,4.8,3.99,3.64,2.41,3.72,3.35,3.3,3.71,2.02,4.86,12.82
00-0041575,Jeff Weimer,,WR,,0,prior,8.4,13.96,14.88,13.07,7.91,15.15,11.8,7.72,9.41,7.29,6.88,7.77,7.42,10.31,10.99,11.29,3.14,3.7,2.38,3.76,3.79,3.31,3.63,7.61,4.36,7.0,5.93,5.54,4.66,6.25,6.26,2.8,3.92,1.5,1.06,1.0,3.11,4.23,3.56,3.53,2.69,1.36,4.28,5.14,6.23,1.68,4.73,2.67,12.85
00-0041373,Jerand Bradley,,WR,,0,prior,8.3,13.62,14.66,12.69,8.42,15.2,11.8,8.06,8.09,7.37,5.23,7.49,12.76,10.31,10.99,11.29,2.2,3.65,1.62,2.11,4.12,2.64,2.43,7.61,4.36,7.0,5.93,5.54,4.66,6.25,6.26,3.6,3.23,3.63,2.16,1.0,3.77,3.19,4.18,3.07,3.9,2.85,1.0,3.36,5.9,1.78,3.88,3.45,12.72
00-0039392,Jha'Quan Jackson,,WR,,29,prior,9.1,16.16,14.71,13.45,6.0,12.28,11.8,10.37,7.97,9.62,6.83,9.9,16.55,12.42,10.99,11.29,3.08,3.38,1.51,3.82,2.36,4.31,3.31,8.34,6.24,12.01,10.94,7.83,3.71,5.84,4.77,3.73,3.58,2.12,5.02,3.74,1.54,2.33,2.2,4.21,3.75,2.83,3.9,2.9,1.62,2.78,2.75,3.33,10.52
00-0041322,Jimmy Kibble,,WR,,0,prior,8.6,14.64,15.31,13.73,7.02,15.05,11.8,8.42,8.54,8.46,6.7,8.58,13.98,10.31,10.99,11.29,4.29,4.22,2.59,2.75,2.9,2.92,2.49,7.61,4.36,7.0,5.93,5.54,4.66,6.25,6.26,2.95,1.82,1.0,2.3,2.64,3.04,3.58,4.42,3.65,2.11,3.8,3.97,2.74,2.37,2.23,2.5,3.24,13.13
00-0041294,Joseph Manjack,,WR,,0,prior,8.4,14.15,15.0,13.26,7.66,15.12,11.8,8.9,9.19,8.98,7.72,7.42,8.04,10.31,10.99,11.29,2.81,4.18,4.49,2.42,3.94,4.46,3.97,7.61,4.36,7.0,5.93,5.54,4.66,6.25,6.26,3.56,2.54,4.47,3.38,3.83,3.2,2.46,1.0,4.0,2.63,1.42,3.97,2.14,3.09,1.11,3.45,4.13,12.93
00-0040247,Junior Bergen,,WR,,0,prior,9.7,15.54,15.57,13.5,7.16,14.97,11.8,9.75,6.97,12.42,5.46,6.45,15.42,10.31,10.99,11.29,3.25,3.75,3.0,1.34,3.57,2.07,4.57,12.22,10.16,15.8,14.73,13.44,3.58,3.61,3.61,3.92,3.11,2.98,2.35,2.92,1.41,3.21,2.17,5.69,3.99,3.48,2.39,3.43,1.43,2.23,2.75,5.15,10.4
00-0040239,Kaden Prather,,WR,,0,prior,9.4,14.2,15.03,13.31,7.59,15.11,11.8,9.11,6.64,8.34,6.41,10.26,10.99,10.31,10.99,11.29,3.0,3.53,3.09,1.18,1.0,1.83,2.79,12.39,10.16,15.57,14.5,13.44,3.57,3.61,3.61,3.32,5.49,1.9,6.13,3.66,3.24,1.79,2.51,1.31,1.55,2.82,3.22,2.54,2.41,4.16,2.45,2.67,9.78
00-0041266,Keelan Marion,,WR,,0,prior,8.7,14.94,15.5,14.01,6.64,15.01,11.8,8.65,8.18,5.3,5.87,6.69,11.35,10.31,10.99,11.29,2.88,3.52,2.48,2.12,3.33,2.9,5.12,7.61,4.36,7.0,5.93,5.54,4.66,6.25,6.26,3.52,3.61,1.05,4.43,3.91,3.16,3.13,1.51,1.88,1.01,3.52,4.8,1.89,1.83,1.0,4.18,3.5,13.25
00-0037422,Kendric Pryor,,WR,,11,prior,9.3,15.05,15.32,13.58,6.87,14.8,11.8,10.22,10.51,8.76,9.48,11.93,15.76,12.42,10.99,11.29,4.14,1.0,3.45,4.16,3.89,3.22,3.29,7.98,8.81,14.07,13.0,10.73,3.69,4.8,4.09,2.17,3.93,2.03,3.87,4.79,3.95,3.74,4.54,2.2,4.13,1.26,2.99,2.71,2.43,2.04,1.66,2.61,10.34
00-0040616,Kisean Johnson,,WR,,0,prior,9.4,13.91,14.85,13.02,7.98,15.15,11.8,10.17,7.21,10.36,6.44,12.85,9.16,10.31,10.99,11.29,3.46,2.95,1.53,5.13,2.33,5.1,3.04,11.77,10.15,16.06,14.98,13.55,3.6,3.59,3.59,2.86,2.92,3.83,3.26,3.49,4.11,3.49,1.63,3.62,3.23,2.9,4.16,3.29,3.09,2.56,4.78,3.81,9.89
00-0041152,Kobe Prentice,,WR,,0,prior,8.7,15.18,15.66,14.25,6.33,14.97,11.8,7.2,7.99,8.42,3.95,7.07,11.58,10.31,10.99,11.29,2.81,2.37,3.81,2.81,4.28,4.76,2.31,7.61,4.36,7.0,5.93,5.54,4.66,6.25,6.26,3.16,2.45,5.93,4.13,3.91,2.06,4.27,2.35,2.53,2.09,1.0,2.36,4.16,2.18,2.91,3.46,2.29,13.34
00-0037055,Lance McCutcheon,,WR,,0,prior,10.1,14.66,15.48,14.29,6.35,15.02,11.8,9.75,5.55,12.71,7.6,11.91,7.37,7.81,14.0,14.09,2.19,1.92,2.6,2.19,1.97,3.07,2.8,10.09,11.41,16.72,15.65,15.33,3.63,3.75,3.63,2.03,3.7,3.44,1.85,4.3,4.14,3.01,4.46,1.93,2.2,4.23,2.09,3.33,1.8,4.74,3.69,3.0,10.19
00-0040976,Levi Wentz,,WR,,0,prior,8.5,14.45,15.19,13.54,7.28,15.08,11.8,7.69,7.06,7.74,3.49,10.0,12.26,10.31,10.99,11.29,3.19,3.64,4.05,3.59,2.76,1.49,4.12,7.61,4.36,7.0,5.93,5.54,4.66,6.25,6.26,3.05,5.09,3.1,4.2,2.27,3.67,1.68,2.78,1.56,1.48,3.64,4.22,3.79,1.91,3.0,3.9,2.92,13.05
00-0041571,Liam Clifford,,WR,,0,prior,8.5,14.45,15.19,13.54,7.28,15.08,11.8,10.2,5.61,5.98,2.88,12.01,7.92,10.31,10.99,11.29,3.88,4.41,3.58,2.87,3.25,3.86,5.16,7.61,4.36,7.0,5.93,5.54,4.66,6.25,6.26,3.85,3.33,2.34,2.0,2.69,1.85,3.36,4.98,3.03,1.91,2.37,3.55,4.68,4.06,1.0,1.99,2.71,13.05
00-0035406,Lil'Jordan Humphrey,,WR,2.0,847,measured,10.0,9.86,11.61,12.58,6.5,12.96,11.8,10.44,10.94,8.37,11.72,15.69,14.22,17.99,10.99,13.82,2.52,3.54,3.74,1.0,3.96,3.27,4.47,6.51,7.83,12.65,11.57,11.52,12.29,7.04,7.5,2.8,3.41,1.32,3.44,2.65,3.19,3.95,2.41,3.1,2.89,3.24,2.56,3.28,3.78,3.34,2.02,3.01,14.01
00-0040617,Luke Floriea,,WR,,0,prior,9.9,16.24,15.93,13.9,6.58,14.89,11.8,7.25,8.62,11.38,7.61,9.6,9.87,10.31,10.99,11.29,2.21,3.85,3.11,4.58,3.41,1.06,1.97,11.77,10.15,16.06,14.98,13.55,3.6,3.59,3.59,3.86,1.0,1.44,5.4,3.48,3.06,1.6,1.62,3.79,2.28,2.66,3.17,3.35,4.72,2.38,3.79,2.68,10.83
00-0038911,Malik Cunningham,,WR,,6,prior,9.1,13.66,14.85,14.25,6.33,14.97,11.8,9.16,9.58,9.25,6.97,12.97,13.34,14.23,10.99,11.29,1.0,2.64,3.0,3.68,4.02,4.62,2.69,8.73,8.89,14.44,13.37,11.19,3.66,4.19,3.71,1.97,3.15,5.31,1.21,2.32,4.3,5.21,3.89,3.2,3.19,3.25,2.25,2.96,3.53,3.32,5.34,2.8,11.15
00-0041352,Marcus Sanders Jr.,,WR,,0,prior,8.7,15.18,15.66,14.25,6.33,14.97,11.8,8.51,7.95,10.0,6.54,11.82,9.1,10.31,10.99,11.29,2.66,3.57,2.02,2.94,1.57,3.65,2.91,7.61,4.36,7.0,5.93,5.54,4.66,6.25,6.26,2.87,2.56,2.16,2.79,2.22,3.41,2.65,1.88,1.57,3.74,3.22,3.06,2.58,1.65,3.0,2.79,4.03,13.34
00-0041599,Matthew Henry,,WR,,0,prior,8.8,15.53,15.87,14.58,5.88,14.93,11.8,8.09,9.67,8.68,6.5,11.62,10.83,10.31,10.99,11.29,3.87,1.16,2.96,1.42,2.23,2.03,3.38,7.61,4.36,7.0,5.93,5.54,4.66,6.25,6.26,3.36,2.11,3.94,3.22,2.98,2.17,3.39,2.88,4.6,2.98,3.0,2.01,2.54,3.37,2.51,4.38,2.58,13.48
00-0037708,Maurice Alexander,,WR,,1,prior,10.2,15.18,15.19,13.46,6.6,14.47,11.8,11.69,8.4,13.07,8.44,4.28,10.1,15.31,10.99,11.29,3.26,2.34,2.72,3.16,3.5,2.15,2.39,8.67,11.52,16.18,15.11,15.19,3.64,4.3,3.69,3.95,3.65,2.85,3.6,2.91,2.21,2.81,2.35,3.56,1.4,1.51,1.79,2.58,2.48,1.35,2.21,2.43,11.07
00-0041274,Max Tomczak,,WR,,0,prior,8.7,14.94,15.5,14.01,6.64,15.01,11.8,9.41,8.95,6.74,6.56,11.66,7.69,10.31,10.99,11.29,1.43,2.42,3.24,2.82,1.81,2.48,4.25,7.61,4.36,7.0,5.93,5.54,4.66,6.25,6.26,3.3,2.72,3.67,3.36,1.42,3.65,2.22,2.02,2.58,3.21,5.36,2.83,3.84,2.74,2.39,1.0,4.22,13.25
00-0041317,Nick DeGennaro,,WR,,0,prior,8.6,14.89,15.47,13.97,6.71,15.01,11.8,7.74,4.42,7.18,7.21,7.48,13.07,10.31,10.99,11.29,3.06,3.56,4.87,3.94,1.3,2.36,2.45,7.61,4.36,7.0,5.93,5.54,4.66,6.25,6.26,4.63,3.73,2.39,2.83,3.85,2.95,2.9,2.54,2.39,1.45,2.55,2.82,4.37,4.55,3.36,2.45,2.54,13.23
00-0040551,Nick Nash,,WR,,0,prior,9.3,12.92,14.22,14.53,6.03,13.83,11.8,11.25,8.54,6.69,6.86,10.76,12.35,10.31,10.99,11.29,3.76,1.67,4.86,3.5,4.26,2.94,2.12,11.77,10.15,16.06,14.98,13.55,3.6,3.59,3.59,2.37,2.9,3.7,1.0,1.76,1.31,2.71,4.75,3.47,4.83,4.04,5.35,3.9,2.11,3.19,1.0,3.27,9.5
00-0040989,Octavian Smith,,WR,,0,prior,8.8,15.58,15.91,14.62,5.82,14.92,11.8,9.06,6.72,9.22,5.36,11.96,8.92,10.31,10.99,11.29,3.2,2.37,2.1,3.69,3.69,1.62,2.29,7.61,4.36,7.0,5.93,5.54,4.66,6.25,6.26,6.27,2.13,3.21,3.7,3.75,3.48,2.79,3.97,1.84,2.86,3.01,2.44,3.47,2.49,3.11,4.54,2.41,13.5
00-0041168,Omari Kelly,,WR,,0,prior,8.7,15.28,15.72,14.34,6.2,14.96,11.8,9.75,6.96,4.65,6.4,15.46,8.39,10.31,10.99,11.29,5.71,3.47,3.08,2.52,3.61,3.15,2.36,7.61,4.36,7.0,5.93,5.54,4.66,6.25,6.26,2.62,2.42,1.7,4.64,2.63,2.77,2.75,4.02,1.73,2.63,2.9,2.06,2.44,1.39,2.62,2.05,3.86,13.38
00-0040406,Quentin Skinner,,WR,,13,prior,8.9,14.91,15.64,14.53,6.03,14.99,11.8,8.18,8.81,9.48,7.2,14.04,12.93,13.04,10.99,11.29,3.21,4.22,2.98,4.42,2.95,3.68,1.73,8.73,7.44,13.08,12.0,9.01,3.67,4.44,3.77,3.37,3.28,3.35,3.28,3.47,2.32,3.8,1.44,1.24,2.6,2.51,4.56,3.62,3.94,1.37,2.55,3.75,11.9
00-0040553,Quincy Skinner Jr.,,WR,,0,prior,9.6,14.43,15.26,13.8,6.97,15.07,11.8,10.35,8.47,11.22,6.28,14.19,7.93,10.31,10.99,11.29,3.53,4.12,2.74,3.36,3.5,2.96,1.23,11.77,10.15,16.06,14.98,13.55,3.6,3.59,3.59,2.41,2.87,2.62,1.58,3.23,2.13,3.37,2.52,1.27,2.86,3.41,1.7,1.0,4.05,2.93,3.28,1.03,10.1
00-0041476,Rashad Rochelle,,WR,,0,prior,8.8,15.43,15.81,14.48,6.01,14.94,11.8,8.91,4.69,10.85,9.43,13.03,13.32,10.31,10.99,11.29,1.72,2.53,4.37,3.98,3.67,2.19,4.29,7.61,4.36,7.0,5.93,5.54,4.66,6.25,6.26,1.0,3.44,3.41,3.14,4.65,2.91,2.78,3.05,1.56,4.25,2.28,3.25,4.59,4.24,4.09,3.01,2.76,13.44
00-0041233,Raylen Sharpe,,WR,,0,prior,9.1,16.66,16.59,15.66,4.42,14.77,11.8,8.08,8.13,6.31,3.64,8.93,6.62,10.31,10.99,11.29,2.44,2.35,4.07,4.15,2.69,2.12,3.2,7.61,4.36,7.0,5.93,5.54,4.66,6.25,6.26,3.15,4.15,2.2,3.08,4.92,3.45,2.05,3.28,2.85,3.56,2.04,2.99,4.64,4.67,1.58,1.0,2.41,13.93
00-0040531,Roc Taylor,,WR,,0,prior,9.4,14.05,14.94,13.16,7.79,15.13,11.8,8.36,9.67,9.48,6.46,13.16,6.45,10.31,10.99,11.29,3.95,3.01,1.94,1.92,3.86,1.48,3.64,11.77,10.15,16.06,14.98,13.55,3.6,3.59,3.59,2.23,5.82,1.35,1.96,3.63,1.0,2.69,2.37,2.94,3.78,3.71,2.08,2.8,2.55,2.42,2.97,1.92,9.95
00-0041228,Sahmir Hagans,,WR,,0,prior,8.7,14.94,15.5,14.01,6.64,15.01,11.8,8.27,7.98,8.28,6.21,9.83,7.71,10.31,10.99,11.29,3.04,3.9,1.07,3.18,3.91,3.66,2.88,7.61,4.36,7.0,5.93,5.54,4.66,6.25,6.26,2.69,2.62,2.56,1.0,3.64,4.53,4.53,3.1,1.65,3.35,3.37,2.9,3.69,2.36,2.59,3.51,4.19,13.25
00-0037098,Samori Toure,,WR,,68,prior,9.6,15.04,15.5,14.11,6.33,14.84,11.8,10.43,8.8,5.93,7.74,9.14,12.04,15.1,10.99,11.29,1.41,1.98,3.83,3.97,2.81,2.61,1.66,7.62,5.83,10.7,9.63,7.48,3.89,7.64,7.56,2.0,1.99,3.63,3.0,2.46,3.88,2.23,3.82,4.36,4.63,3.42,2.24,3.99,1.97,3.71,4.15,1.89,12.27
00-0038891,Shedrick Jackson,,WR,,24,prior,9.7,14.6,15.28,13.68,7.09,15.06,11.8,11.02,11.38,9.73,9.41,8.79,7.9,14.23,10.99,11.29,1.93,3.3,1.0,1.16,2.58,4.83,3.57,7.93,8.64,12.36,11.29,9.59,3.72,7.29,5.88,2.72,3.65,3.27,3.33,3.8,1.92,2.72,2.92,2.08,2.65,3.7,4.1,2.51,3.12,2.68,2.14,1.84,11.99
00-0039884,Tahj Washington,,WR,,40,prior,9.1,15.97,15.6,14.18,6.29,14.13,11.8,8.89,6.66,7.36,6.95,12.63,7.83,13.04,10.99,11.29,2.74,2.49,4.32,1.0,2.56,3.77,3.99,6.85,6.23,11.68,10.61,7.88,3.79,5.63,4.44,3.5,1.72,3.91,3.36,3.01,2.66,2.96,3.36,1.34,4.37,3.01,3.37,2.61,3.28,4.09,1.35,3.47,12.36
00-0036491,Tarik Black,,WR,,0,prior,10.2,13.29,16.21,14.15,7.5,17.76,11.8,9.39,4.13,8.34,9.02,9.02,7.15,12.05,10.99,11.29,4.17,2.77,1.77,3.43,1.9,2.75,2.91,9.52,11.52,16.99,15.92,16.19,3.64,3.96,3.63,3.79,4.52,3.35,1.86,2.11,1.7,2.16,3.39,4.19,2.92,2.93,3.67,2.89,3.54,4.48,2.43,3.41,9.64
00-0039397,Tejhaun Palmer,,WR,,4,prior,9.0,14.19,15.1,13.56,7.29,15.1,11.8,9.07,9.0,6.49,8.49,6.67,11.52,13.04,10.99,11.29,1.75,2.5,3.89,2.28,2.27,1.36,1.0,9.52,8.84,14.29,13.22,10.62,3.64,4.29,3.7,4.27,1.51,1.0,2.66,5.12,3.79,3.65,2.83,3.94,2.38,2.95,2.49,1.0,4.73,1.61,1.6,3.94,10.0
00-0041481,Terrill Davis,,WR,,0,prior,8.7,14.94,15.5,14.01,6.64,15.01,11.8,8.31,6.85,8.52,6.93,11.54,12.81,10.31,10.99,11.29,3.24,4.49,3.06,3.57,3.66,2.7,2.31,7.61,4.36,7.0,5.93,5.54,4.66,6.25,6.26,3.11,2.69,2.75,2.28,4.41,3.36,1.08,1.55,3.57,1.26,2.13,2.13,3.12,1.65,4.07,2.37,3.0,13.25
00-0041308,Treyvhon Saunders,,WR,,0,prior,8.7,15.18,15.66,14.25,6.33,14.97,11.8,9.33,7.44,7.43,3.26,9.87,13.74,10.31,10.99,11.29,2.67,4.56,2.39,3.12,3.23,4.03,3.21,7.61,4.36,7.0,5.93,5.54,4.66,6.25,6.26,2.97,2.14,1.0,3.16,3.27,2.71,1.56,2.2,3.89,4.04,2.09,1.82,3.71,3.54,1.64,2.32,3.56,13.34
00-0040609,Tru Edwards,,WR,,0,prior,9.6,14.57,15.42,14.2,6.48,15.04,11.8,9.97,9.27,7.84,4.35,6.71,7.56,10.31,10.99,11.29,2.67,2.3,5.11,2.4,5.48,2.16,2.49,11.77,10.15,16.06,14.98,13.55,3.6,3.59,3.59,1.96,1.75,3.38,3.61,2.5,2.37,5.73,1.0,3.5,5.6,2.29,2.71,5.01,3.79,2.19,1.0,3.59,10.15
00-0038941,Tyler Scott,,WR,,197,measured,9.0,15.7,17.76,13.71,6.92,17.8,11.8,10.35,6.37,7.43,9.04,10.35,12.57,13.86,10.99,14.41,3.52,2.51,1.58,1.0,2.24,5.63,2.6,7.2,5.45,9.26,8.19,5.81,4.22,6.3,6.18,2.99,2.12,1.28,4.38,3.34,1.21,1.21,2.98,3.18,3.19,2.41,3.48,1.75,3.45,1.41,2.13,3.59,10.23
00-0039473,Xavier Johnson,,WR,,0,prior,9.6,14.2,15.03,13.31,7.59,15.11,11.8,9.77,6.78,6.88,7.9,7.78,9.67,10.31,10.99,11.29,2.07,5.41,3.22,2.75,1.17,3.43,3.23,11.32,10.76,16.07,15.0,14.22,3.62,3.66,3.62,3.71,3.8,4.63,5.65,3.12,4.08,2.83,2.85,1.89,3.83,2.65,1.06,3.43,3.84,3.15,2.84,5.05,10.01
00-0041020,Xavier Loyd,,WR,,0,prior,8.6,14.89,15.47,13.97,6.71,15.01,11.8,6.71,7.13,5.51,4.38,9.79,11.22,10.31,10.99,11.29,3.57,3.68,1.0,2.31,2.56,3.05,5.15,7.61,4.36,7.0,5.93,5.54,4.66,6.25,6.26,4.18,3.02,4.03,4.01,3.14,2.79,5.52,1.49,3.96,3.59,1.58,2.3,1.65,2.32,2.53,3.18,3.41,13.23
00-0039521,Xavier Weaver,,WR,,286,measured,8.4,15.68,15.97,14.72,5.69,14.9,11.8,8.69,8.4,6.48,4.93,14.17,10.73,4.37,17.94,4.65,3.78,3.18,3.41,3.83,3.03,3.67,3.24,7.37,3.43,7.52,6.44,6.64,5.25,3.71,4.65,2.35,4.31,2.47,2.96,1.33,2.82,1.6,2.77,2.99,3.91,1.38,3.98,2.03,2.7,3.89,3.49,3.27,13.6
00-0035258,Hjalte Froholdt,ARI,C,1.0,2192,measured,13.2,3.28,4.88,7.69,15.7,7.38,11.8,12.69,14.29,8.96,9.77,13.95,13.15,17.99,10.99,16.98,4.33,1.77,3.39,2.37,1.0,3.52,2.04,3.89,5.25,3.31,3.8,2.7,2.72,4.5,3.24,15.32,12.03,2.1,3.63,2.44,1.0,1.65,4.48,1.5,2.49,2.28,3.11,3.9,3.9,2.7,3.97,4.69,3.65
00-0038571,Jon Gaines II,ARI,C,2.0,333,measured,10.5,4.11,5.35,5.96,13.65,8.14,11.8,10.18,4.75,9.24,6.86,13.35,16.46,14.76,10.99,11.29,3.07,2.75,1.97,3.65,2.98,3.92,2.36,1.79,2.91,1.34,2.03,1.98,2.75,3.04,3.64,11.48,9.63,2.21,1.89,2.58,4.29,3.87,2.57,3.38,2.98,3.21,3.64,3.33,3.42,2.98,5.1,3.74,3.67
00-0040712,Vershon Lee,ARI,C,,0,prior,10.0,4.44,5.9,6.48,13.44,8.47,11.8,8.04,6.42,8.35,6.66,9.37,8.52,13.04,10.99,11.29,2.76,2.97,2.41,4.3,5.45,2.0,2.24,2.35,1.85,4.52,1.82,5.29,4.46,3.07,4.65,10.55,9.98,1.1,4.55,3.32,2.24,2.46,3.02,2.88,2.25,2.24,4.53,2.11,1.65,3.54,3.71,1.09,2.88
00-0038877,D'Shawn Jamison,ARI,CB,,45,prior,9.4,15.05,15.55,13.65,6.98,15.02,11.8,10.34,6.55,8.43,9.71,12.52,11.09,14.23,10.99,7.29,2.14,3.33,4.29,3.02,1.79,2.71,2.71,1.7,2.13,3.69,2.91,2.64,2.4,2.16,3.01,3.15,4.78,3.07,3.81,4.43,3.13,8.63,11.17,14.68,6.43,6.43,9.94,5.42,4.12,2.73,3.97,4.21,4.64
00-0040195,Denzel Burke,ARI,CB,1.0,618,measured,11.6,14.77,15.5,13.72,6.95,15.16,11.8,10.31,10.32,12.62,9.78,12.9,14.13,13.04,10.99,15.41,1.87,3.3,2.37,4.71,1.6,3.55,3.57,2.42,4.56,3.95,2.37,3.25,4.19,4.61,4.66,3.97,3.13,2.37,1.94,3.71,2.91,6.72,9.12,13.0,9.95,9.95,9.93,12.96,2.55,3.61,3.34,3.97,13.26
00-0039007,Garrett Williams,ARI,CB,1.0,1163,measured,12.1,15.04,15.63,13.54,7.32,15.31,11.8,11.0,10.36,10.68,8.95,9.24,11.35,8.44,18.19,18.07,2.79,2.44,1.54,3.34,4.29,4.11,2.79,5.79,2.55,3.24,2.62,2.39,3.91,3.21,3.38,3.49,2.81,3.49,2.33,3.71,3.7,2.32,9.76,13.73,11.09,11.09,10.04,12.17,4.16,2.7,2.92,4.21,11.67
00-0039239,Kalen King,ARI,CB,,0,prior,9.4,12.18,13.58,14.41,6.95,15.42,11.8,9.83,9.97,8.42,7.29,9.75,1.12,13.04,10.99,11.29,2.1,3.28,3.64,1.86,5.25,4.04,1.99,1.98,2.87,2.31,3.51,3.36,2.53,3.1,1.82,3.34,1.94,3.18,2.99,2.96,3.24,10.09,12.65,15.69,7.31,7.31,9.93,6.02,1.88,2.01,3.07,2.29,4.47
00-0038984,Kei'Trel Clark,ARI,CB,2.0,434,measured,10.7,16.16,15.7,13.9,6.7,13.91,11.8,9.92,11.53,10.64,7.84,8.97,13.99,12.18,15.46,7.29,2.73,3.56,2.08,3.86,4.17,2.01,2.74,4.54,4.81,3.92,2.39,3.46,3.24,3.55,2.97,2.71,2.32,2.69,3.79,1.95,3.65,10.08,12.48,15.07,8.25,8.25,9.85,7.2,1.34,2.03,3.29,3.51,15.35
00-0039807,Max Melton,ARI,CB,2.0,754,measured,12.6,16.86,18.54,13.72,6.95,18.32,11.8,9.58,8.74,15.25,8.08,10.39,6.74,7.25,6.88,13.91,2.03,2.75,3.44,3.53,2.75,5.21,3.33,3.1,2.85,3.49,2.9,3.53,2.68,3.0,3.33,4.12,4.13,2.15,4.16,4.42,2.77,5.48,6.93,15.78,12.42,12.42,9.93,7.57,5.11,4.05,2.41,2.79,17.49
00-0038663,Starling Thomas V,ARI,CB,,735,measured,8.2,15.04,15.66,13.5,7.43,15.41,11.8,10.07,1.71,5.93,6.86,8.22,9.56,8.55,14.64,11.29,1.2,1.69,2.03,2.58,3.02,2.33,4.76,1.12,2.42,2.4,2.4,2.3,4.73,2.57,1.33,1.83,2.26,3.04,1.43,3.71,3.64,3.09,5.88,11.8,4.68,4.68,10.07,3.96,5.3,4.29,4.13,2.32,5.74
00-0040751,Will Johnson,ARI,CB,1.0,653,measured,11.4,15.08,15.93,13.98,6.75,15.49,11.8,10.85,8.47,9.41,7.82,9.72,14.08,7.37,5.23,15.08,3.48,3.19,2.88,3.43,2.52,2.76,2.13,1.59,1.0,1.0,1.72,2.24,2.13,2.52,2.79,2.49,2.61,4.08,4.37,2.94,3.5,4.28,5.03,10.33,9.9,9.9,9.87,12.03,2.62,1.72,2.57,3.1,13.8
00-0033066,Andrew Billings,ARI,DT,2.0,886,measured,12.9,4.86,7.11,2.18,15.7,8.0,11.8,14.76,11.34,11.67,10.2,10.63,7.81,15.43,14.48,8.18,3.06,1.09,3.15,3.73,4.12,2.43,3.6,2.71,3.53,2.22,3.68,2.76,4.23,2.88,1.65,1.0,3.74,2.99,14.49,11.75,13.93,12.56,8.99,7.42,4.06,4.72,3.67,1.62,2.98,3.63,1.35,4.11,2.76
00-0040517,Cam Horsley,ARI,DT,,14,prior,7.1,5.78,7.09,5.86,13.61,10.57,11.8,8.26,3.7,4.7,6.08,9.61,14.7,13.04,10.99,11.29,2.3,3.46,3.81,3.39,5.21,2.92,3.12,2.01,3.16,2.73,2.75,3.58,3.18,4.19,2.73,1.0,4.01,4.27,6.11,4.41,6.76,5.39,4.21,12.32,1.66,4.76,3.22,2.72,2.16,3.53,3.64,3.22,1.23
00-0041369,Damonic Williams,ARI,DT,,0,prior,9.5,6.37,7.36,5.97,15.24,9.56,11.8,6.39,7.82,7.48,5.88,8.5,9.17,10.31,10.99,11.29,2.77,4.1,3.14,3.6,2.76,3.12,3.24,3.92,4.17,2.42,2.97,1.29,1.86,2.43,3.38,1.11,2.06,3.64,10.24,8.18,8.4,7.42,7.7,9.34,5.32,2.64,1.93,5.11,1.53,2.05,2.92,4.94,2.93
00-0040283,Jared Harrison-Hunte,ARI,DT,,0,prior,6.4,8.53,9.07,7.87,12.57,11.28,11.8,7.11,3.98,4.55,7.39,12.41,11.18,10.31,10.99,11.29,2.97,4.03,3.01,2.67,4.57,3.52,3.99,2.31,3.6,1.88,3.86,2.23,4.15,1.8,4.0,3.96,3.64,3.57,4.6,4.23,5.41,5.16,4.16,13.56,3.52,3.28,4.13,2.44,4.59,3.73,2.05,4.02,3.9
00-0041555,Kaleb Proctor,ARI,DT,3.0,0,prior,10.1,9.47,9.98,6.99,13.41,12.02,11.8,8.45,11.14,8.53,6.78,11.87,11.15,10.31,10.99,11.29,3.37,3.62,3.95,5.13,3.04,2.35,3.64,3.13,2.11,2.96,2.87,4.22,2.79,3.24,3.98,3.63,3.72,4.36,11.61,11.27,8.96,7.55,7.66,10.68,4.6,4.03,3.86,3.75,3.01,1.43,1.99,3.64,3.63
00-0035636,L.J. Collier,ARI,DT,3.0,480,measured,12.1,6.82,9.39,4.68,12.92,10.0,11.8,11.38,9.17,8.97,11.24,13.27,11.24,4.21,17.11,4.47,3.33,3.2,1.86,3.46,1.39,2.9,1.78,3.5,3.24,3.66,3.31,2.42,2.25,2.32,3.2,3.58,2.47,1.0,14.99,13.9,13.55,9.76,6.19,8.47,1.47,3.26,3.86,3.08,1.72,2.91,2.01,2.79,4.98
00-0036568,Roy Lopez,ARI,DT,1.0,856,measured,12.8,3.75,5.29,8.9,17.92,9.53,11.8,12.03,10.99,9.69,8.43,9.62,8.52,16.37,15.16,18.37,3.16,3.23,3.52,4.27,3.25,2.1,2.76,3.46,2.38,1.26,4.02,3.19,3.77,2.66,3.1,2.07,1.66,3.97,10.51,6.6,14.32,15.48,13.0,6.19,4.05,2.48,2.75,1.42,1.0,1.0,2.57,2.45,3.52
00-0040706,Walter Nolen,ARI,DT,1.0,157,measured,13.6,6.55,7.98,7.3,12.76,10.07,11.8,12.31,11.26,10.47,6.79,11.74,9.21,5.08,14.13,18.22,3.42,3.4,3.3,3.91,3.5,1.0,3.82,2.68,2.39,3.08,4.39,2.75,3.13,2.96,4.18,2.03,1.59,2.62,15.83,14.7,15.97,13.22,9.54,9.19,2.56,1.85,2.91,1.38,2.46,3.11,3.27,3.63,2.51
00-0037804,Zachary Carter,ARI,DT,2.0,476,measured,7.8,6.8,8.0,7.21,9.5,8.59,11.8,8.45,6.33,5.85,9.18,12.96,11.47,16.96,10.99,11.29,4.48,4.29,4.17,1.55,2.6,1.0,1.96,4.17,2.71,1.0,2.53,2.43,2.05,2.24,3.59,2.71,4.13,1.73,7.81,7.92,5.72,7.48,9.67,10.0,4.28,3.3,2.69,1.84,4.3,2.72,2.9,3.44,2.06
00-0041367,Cam Robertson,ARI,EDGE,,0,prior,8.5,10.59,12.23,11.19,11.17,13.39,11.8,7.04,4.81,5.86,6.41,9.98,15.57,10.31,10.99,11.29,2.43,1.67,2.79,2.07,2.39,2.09,3.22,4.02,2.03,2.67,1.26,2.57,2.58,2.8,1.12,4.02,3.92,2.78,7.21,7.16,6.62,7.97,9.29,13.94,5.8,6.8,1.73,2.83,3.65,3.84,2.73,4.13,1.57
00-0038623,Dante Stills,ARI,EDGE,2.0,1058,measured,7.3,8.67,9.58,8.65,10.0,9.45,11.8,8.22,4.79,3.6,8.34,14.27,9.94,14.39,14.56,17.74,2.66,3.6,4.39,3.58,4.78,1.82,2.0,3.09,3.74,2.43,3.01,3.86,3.61,2.91,3.64,3.38,3.13,2.52,6.15,5.85,5.19,6.1,13.79,8.68,5.8,6.8,1.0,3.44,3.19,1.64,3.6,2.83,4.74
00-0039854,Darius Robinson,ARI,EDGE,1.0,581,measured,9.4,7.33,8.47,8.85,10.67,12.63,11.8,10.07,8.01,6.06,7.61,12.38,12.76,6.29,4.25,17.22,2.11,4.17,4.62,2.33,3.34,2.97,2.29,3.27,3.05,2.79,3.77,2.4,3.41,4.6,2.69,2.15,3.02,2.98,8.64,7.63,10.08,13.4,12.33,9.81,5.8,6.8,3.67,2.92,2.47,2.92,3.5,2.76,3.0
00-0038782,Eku Leota,ARI,EDGE,3.0,73,prior,7.4,10.77,12.45,11.46,11.07,13.56,11.8,6.53,5.61,8.76,6.52,8.66,7.02,15.84,10.99,11.29,2.18,2.57,2.4,4.39,3.36,3.57,4.19,4.05,2.67,3.45,3.94,3.12,1.95,4.5,2.77,1.48,4.28,3.67,5.34,5.39,5.97,7.26,5.67,12.91,5.8,6.8,3.62,2.89,4.07,4.02,4.11,3.74,4.1
00-0040137,Jordan Burch,ARI,EDGE,2.0,450,measured,8.2,11.23,11.68,9.48,11.87,12.22,11.8,8.94,5.07,9.18,5.73,10.38,6.25,13.04,10.99,11.29,2.83,2.51,2.93,1.66,2.84,1.9,4.94,3.07,2.54,5.04,3.17,2.74,3.47,1.35,3.04,2.57,3.57,5.3,7.56,7.49,5.88,6.4,4.93,10.98,5.8,6.8,3.16,3.21,2.27,2.46,3.14,4.71,3.54
00-0034381,Josh Sweat,ARI,EDGE,1.0,1245,measured,13.9,13.2,14.36,11.5,11.08,16.38,11.8,13.76,13.51,11.07,9.87,13.31,12.78,11.89,14.65,17.66,4.36,2.61,3.07,2.78,1.69,2.78,2.9,4.11,4.31,1.79,4.14,3.74,1.81,4.71,3.35,3.53,2.82,2.2,15.0,15.9,13.4,11.81,11.84,9.84,5.8,6.8,3.37,3.11,1.88,2.95,3.27,2.38,4.19
00-0038567,Chad Ryland,ARI,K,1.0,69,measured,8.9,10.24,11.42,10.24,9.88,12.53,8.52,7.03,7.49,3.82,9.97,9.41,11.9,15.84,10.99,11.29,4.55,3.58,1.0,1.77,3.63,2.36,3.33,2.16,2.55,2.95,3.1,2.66,3.66,4.42,1.7,2.1,1.0,3.1,1.76,3.18,2.99,3.79,2.89,1.0,2.25,1.46,3.46,2.78,9.9,7.92,2.63,1.65,2.76
00-0036995,Baron Browning,ARI,LB,2.0,901,measured,10.7,12.74,15.68,15.55,12.0,17.74,11.8,10.09,6.84,6.14,8.8,12.79,12.93,7.21,14.35,15.82,3.67,1.74,1.26,3.08,3.09,1.99,3.63,3.89,2.57,1.0,6.14,3.05,3.93,2.65,1.0,3.4,3.14,3.68,16.96,16.54,13.17,11.41,7.05,11.1,8.64,10.14,3.26,5.16,4.29,5.22,1.63,3.05,4.05
00-0040645,Cody Simon,ARI,LB,1.0,508,measured,11.4,12.11,12.99,12.45,9.74,13.48,11.8,9.43,6.04,10.32,6.78,10.59,14.53,12.11,15.23,18.22,4.9,3.0,2.18,3.85,2.01,3.05,2.84,2.73,2.25,2.34,3.34,3.64,2.03,2.38,1.87,1.2,3.72,2.01,9.6,9.75,7.78,10.63,13.32,15.37,9.39,10.89,5.28,6.61,3.12,5.67,4.06,1.98,4.77
00-0040299,Eugene Asante,ARI,LB,,0,prior,8.9,11.96,12.64,11.97,9.63,13.05,11.8,8.47,4.9,5.22,6.89,12.82,12.5,10.31,10.99,11.29,3.33,2.66,1.93,5.02,3.4,3.1,1.31,3.27,5.45,2.79,4.23,3.81,1.03,3.94,1.25,2.49,3.34,3.47,7.85,7.98,5.43,6.93,10.21,11.57,7.16,8.66,3.11,2.03,2.85,3.12,2.49,3.42,1.71
00-0037596,Jack Gibbens,ARI,LB,2.0,867,measured,13.9,12.29,13.42,12.92,10.16,14.1,11.8,11.33,8.57,10.05,11.57,14.61,8.69,7.97,16.79,14.41,3.3,3.88,4.85,4.53,3.81,1.0,2.66,4.34,3.94,2.48,5.07,2.87,1.15,2.12,3.33,2.33,2.23,2.37,14.87,14.93,15.17,16.1,16.68,16.08,7.59,9.09,2.44,5.09,3.09,2.08,3.5,1.82,2.58
00-0041093,Karson Sharar,ARI,LB,2.0,0,prior,12.0,13.11,14.32,11.96,10.31,16.86,11.8,9.82,8.85,7.92,7.11,15.32,12.22,10.31,10.99,11.29,2.02,2.28,5.14,2.3,2.87,2.2,3.77,1.99,3.79,2.4,1.6,3.64,3.15,2.53,1.81,3.48,1.88,3.14,13.24,13.54,10.26,12.43,15.12,16.27,4.94,6.44,3.84,2.77,1.0,1.74,5.26,2.62,3.17
00-0035144,Mack Wilson,ARI,LB,1.0,1094,measured,13.8,11.9,12.1,11.77,11.11,11.98,11.8,12.65,10.52,10.66,12.7,11.9,11.54,5.81,6.81,15.03,2.81,2.11,2.66,3.49,1.57,4.99,2.26,1.62,3.04,4.98,2.88,5.23,1.5,2.95,1.56,4.44,1.0,3.69,11.98,11.57,14.02,14.45,11.01,16.12,16.58,17.77,1.88,13.37,3.86,2.44,2.16,4.15,3.06
00-0036933,Zaven Collins,ARI,LB,1.0,1152,measured,10.9,11.23,13.1,13.1,9.5,14.13,11.8,8.5,10.3,8.86,9.8,8.56,14.11,17.3,14.36,14.09,1.89,2.89,2.78,3.13,2.91,3.35,2.57,3.21,3.43,4.56,3.23,3.24,2.47,1.8,2.89,6.47,3.38,3.86,15.7,15.62,10.61,13.29,10.52,9.91,8.27,9.77,1.77,7.41,3.65,1.66,2.22,2.73,2.73
00-0030957,Casey Kreiter,ARI,LS,1.0,2,prior,10.5,7.78,8.74,8.27,9.71,10.17,9.96,11.63,10.2,7.56,14.04,12.99,10.32,17.99,10.99,11.29,3.86,2.88,5.29,1.7,2.2,3.01,1.84,3.63,3.38,1.04,2.9,2.34,2.11,2.24,1.0,2.28,3.61,4.28,3.89,2.48,1.17,3.39,3.43,5.08,3.73,2.22,3.37,1.52,2.24,3.05,2.42,2.87,3.29
00-0041468,Chase Bisontis,ARI,OG,2.0,0,prior,10.3,6.4,6.8,6.65,13.16,10.56,11.8,8.33,10.35,9.44,3.93,7.33,13.31,10.31,10.99,11.29,3.94,3.72,3.61,1.85,2.55,1.11,2.83,2.97,3.26,3.29,2.38,2.43,1.83,1.65,1.35,9.9,10.83,1.03,3.24,3.81,3.42,4.09,1.48,3.51,2.39,3.99,3.95,1.0,3.71,1.59,3.61,2.05,1.0
00-0040219,Hayden Conner,ARI,OG,2.0,29,prior,10.3,4.15,6.25,3.82,13.16,9.17,11.8,9.23,7.32,7.31,6.44,11.12,12.05,4.85,6.65,5.58,2.85,2.05,3.59,1.0,2.43,2.01,2.3,1.94,3.65,4.43,3.1,4.62,3.13,4.03,1.61,7.46,14.14,3.57,2.71,3.73,3.51,3.53,2.96,2.68,1.11,2.88,3.24,2.45,1.0,4.11,3.78,3.31,2.67
00-0032954,Isaac Seumalo,ARI,OG,1.0,1691,measured,12.9,2.43,3.96,7.64,13.11,5.6,11.8,15.14,8.95,10.15,11.08,12.87,11.92,8.33,6.55,13.89,1.91,3.01,2.27,2.44,4.9,3.02,3.04,2.45,3.59,2.29,1.85,1.42,2.04,1.67,3.43,15.73,11.81,3.94,2.6,3.27,4.03,3.67,1.32,1.83,1.33,4.92,3.47,2.94,3.22,2.15,2.82,2.78,3.19
00-0039808,Isaiah Adams,ARI,OG,1.0,1002,measured,13.4,3.7,4.85,5.55,13.17,5.65,11.8,11.11,9.29,12.02,8.05,12.44,4.99,12.56,14.45,14.86,2.1,3.6,2.63,1.97,3.27,4.43,3.63,3.01,3.93,4.08,4.78,1.76,3.39,3.45,2.16,13.92,16.56,3.46,2.79,3.73,2.99,2.88,3.43,1.0,3.02,4.13,4.2,3.49,1.95,2.18,3.51,1.01,3.65
00-0038792,Demontrey Jacobs,ARI,OT,,612,measured,9.5,4.2,5.9,4.73,11.95,8.38,11.8,8.17,5.6,7.12,9.27,9.76,15.12,14.76,10.99,11.29,4.06,3.6,2.56,3.99,3.39,2.95,1.56,3.31,3.45,2.57,3.49,2.81,1.19,4.79,3.25,11.05,9.63,1.54,2.36,1.6,3.03,5.9,1.86,3.73,3.82,5.43,2.36,3.39,2.32,2.39,1.97,4.68,1.38
00-0033676,Elijah Wilkinson,ARI,OT,1.0,1223,measured,10.5,3.24,5.05,4.42,12.08,7.69,11.8,12.68,8.17,6.37,13.7,9.92,4.82,7.17,15.68,15.07,3.18,4.79,3.67,3.15,3.33,1.57,2.2,3.65,3.85,2.59,2.54,4.08,1.61,3.26,1.16,13.66,9.79,2.39,2.6,2.35,2.85,2.71,2.34,1.11,3.26,1.97,2.94,1.84,3.09,3.85,3.55,2.38,3.39
00-0041113,Jayden Williams,ARI,OT,2.0,0,prior,10.2,5.33,7.09,5.82,12.86,9.58,11.8,6.98,7.78,7.38,5.6,7.15,13.62,10.31,10.99,11.29,3.24,2.24,3.37,1.91,2.31,2.67,1.34,3.75,2.75,3.42,3.26,3.06,2.67,2.96,3.29,10.26,11.35,3.79,3.79,2.5,2.1,4.34,3.0,2.04,1.3,2.75,3.81,2.43,1.77,2.94,3.07,4.74,3.76
00-0040382,Josh Fryar,ARI,OT,2.0,271,measured,12.0,4.65,6.33,4.97,12.37,8.83,11.8,9.33,8.55,7.5,5.94,12.4,8.9,13.04,10.99,11.29,2.17,1.65,3.2,4.21,3.05,4.07,2.49,2.82,1.97,2.77,4.32,4.08,1.7,2.77,3.28,11.1,15.61,3.32,3.28,3.67,1.5,5.0,1.52,1.35,3.43,2.77,2.58,3.86,2.09,4.9,4.7,3.77,3.28
00-0034417,Matt Pryor,ARI,OT,,773,measured,9.6,2.35,4.06,3.25,11.33,6.74,11.8,9.45,6.54,7.49,10.44,8.6,11.37,11.98,13.85,11.29,3.25,3.67,2.65,2.23,2.55,2.79,3.5,1.36,2.73,2.42,2.71,2.75,1.52,2.75,4.05,10.29,11.0,4.22,2.02,3.8,2.46,3.91,4.04,2.28,3.73,2.69,3.64,4.23,1.64,2.98,5.48,4.82,4.47
00-0038540,Paris Johnson Jr.,ARI,OT,1.0,1762,measured,10.3,4.2,6.7,4.73,11.95,8.86,11.8,9.76,4.67,8.19,10.07,8.23,9.12,7.57,5.38,8.0,3.15,2.97,1.0,3.04,1.37,3.83,2.74,1.83,4.41,1.0,2.72,1.47,3.05,2.03,1.36,13.89,9.32,4.96,3.95,2.41,5.79,2.09,3.2,3.29,1.93,3.08,4.26,1.46,1.0,3.07,4.77,1.0,1.35
00-0040765,Valentin Senn,ARI,OT,,0,prior,11.5,4.32,6.28,6.01,11.7,8.7,11.8,8.7,9.84,7.91,5.28,12.77,11.22,10.31,10.99,11.29,2.94,3.31,2.84,2.54,6.35,2.08,4.4,3.96,2.35,4.7,3.62,1.41,3.08,1.65,4.27,9.88,15.31,4.3,2.81,3.78,2.88,4.47,2.63,4.49,4.31,1.36,4.19,4.97,3.56,3.98,2.32,3.81,4.31
00-0035859,Blake Gillikin,ARI,P,1.0,53,measured,10.4,9.5,10.58,9.54,10.13,11.95,11.98,10.03,3.13,4.26,9.7,14.2,14.0,5.56,17.82,16.74,1.93,3.86,2.91,2.57,2.95,1.77,2.58,2.72,4.28,2.44,3.19,2.15,2.86,3.99,2.0,1.65,4.69,2.2,1.43,2.13,3.52,4.01,5.09,2.78,2.54,1.55,2.81,3.12,3.28,4.03,10.72,9.98,2.6
00-0041561,Carson Beck,ARI,QB,3.0,0,prior,7.1,9.65,10.56,12.03,10.08,11.61,11.8,6.27,6.04,7.83,7.97,10.53,10.34,10.31,10.99,11.29,11.3,6.57,6.59,8.48,5.38,5.85,5.6,7.11,2.04,2.73,1.2,2.31,2.69,3.13,1.0,4.71,3.5,1.3,2.11,2.64,3.46,2.22,3.21,2.94,1.95,2.76,3.17,3.5,4.15,5.05,3.39,2.97,4.68
00-0035289,Gardner Minshew,ARI,QB,2.0,808,measured,8.6,6.26,8.72,10.45,10.08,12.0,11.8,9.31,7.96,7.98,14.32,15.19,9.47,11.98,7.51,6.0,6.91,8.13,11.25,8.05,8.1,9.89,7.58,6.76,4.76,6.93,3.78,3.76,2.03,4.34,2.06,3.01,2.14,3.36,3.21,2.28,2.91,1.96,5.45,2.93,4.05,3.66,3.41,4.46,3.51,3.11,2.97,3.69,5.72
00-0033119,Jacoby Brissett,ARI,QB,1.0,1004,measured,14.0,5.46,6.97,8.69,10.08,9.13,11.8,14.87,13.9,15.12,16.06,14.74,7.62,17.99,10.99,7.16,11.19,12.83,17.85,15.11,10.39,12.51,15.72,12.89,3.19,3.06,1.75,2.82,2.65,1.64,2.65,2.62,2.42,2.51,4.17,2.18,5.2,3.94,2.4,5.8,5.22,3.34,3.49,2.53,3.53,2.73,2.77,2.62,3.66
00-0037157,Bam Knight,ARI,RB,3.0,264,measured,9.6,12.74,11.9,13.18,8.7,11.0,11.8,9.27,7.52,9.56,6.0,9.87,13.97,7.4,14.42,17.66,2.59,4.36,2.17,3.49,3.19,3.63,3.53,11.48,7.06,6.26,8.26,13.81,2.48,9.74,9.92,2.31,4.66,3.31,2.23,3.0,1.56,2.74,4.39,2.41,3.56,5.68,3.13,2.11,3.68,1.5,2.91,1.68,9.33
00-0038397,Evan Hull,ARI,RB,,66,prior,9.9,15.01,15.33,13.51,8.7,15.56,11.8,9.66,6.78,8.32,9.9,12.6,12.36,15.84,10.99,11.29,2.6,2.87,3.0,4.92,1.16,2.33,3.65,13.07,7.37,5.91,6.39,10.12,3.09,2.34,1.87,1.8,6.45,2.8,1.26,2.51,1.79,1.4,5.39,2.85,2.63,4.89,5.13,2.41,3.29,3.33,3.76,3.91,14.14
00-0033553,James Conner,ARI,RB,4.0,701,measured,12.8,10.37,9.85,10.52,10.0,8.68,11.8,14.64,10.52,10.42,9.76,12.81,7.46,8.35,7.6,8.08,3.51,1.9,1.87,2.41,2.9,2.43,2.76,10.81,15.62,11.5,14.04,18.33,2.28,10.23,9.2,12.58,13.33,13.58,2.97,2.8,2.49,3.53,3.36,3.63,3.97,5.15,3.4,4.48,3.96,2.45,2.43,3.2,12.07
00-0041027,Jeremiyah Love,ARI,RB,1.0,0,prior,11.5,17.55,16.35,12.95,8.76,14.05,11.8,9.18,9.84,8.57,9.13,7.6,8.35,10.31,10.99,11.29,3.01,3.68,2.73,4.68,3.64,2.22,4.72,19.4,7.39,12.21,5.45,4.1,1.88,11.09,10.43,1.0,12.88,1.32,5.27,2.61,4.81,2.75,4.55,4.8,4.53,4.21,3.16,2.03,1.98,3.83,3.02,2.03,17.31
00-0039921,Trey Benson,ARI,RB,5.0,203,measured,11.5,16.86,16.07,12.12,9.75,13.48,11.8,11.06,12.03,8.5,7.7,10.79,14.77,4.53,5.43,7.78,2.6,3.09,2.57,2.48,2.62,4.24,5.08,17.75,7.42,8.42,7.85,13.21,3.48,9.07,8.39,3.12,8.23,4.12,1.25,1.33,3.89,2.25,2.86,3.97,3.71,2.52,2.46,5.08,2.35,4.31,4.01,2.53,15.69
00-0037263,Tyler Allgeier,ARI,RB,2.0,642,measured,12.3,12.37,13.18,12.3,9.92,12.99,11.8,9.13,7.87,7.82,8.08,11.66,11.56,16.96,10.99,15.41,3.13,1.48,2.69,4.32,1.54,4.08,1.87,15.1,11.93,11.01,12.67,12.46,2.34,7.29,4.82,3.29,7.79,4.29,2.16,3.01,2.99,3.3,3.73,3.18,3.23,3.38,3.74,2.31,2.05,2.97,3.68,2.95,11.98
00-0035378,Andrew Wingard,ARI,S,1.0,1157,measured,14.5,12.54,13.22,12.97,4.5,14.47,11.8,12.37,13.59,14.88,11.14,12.4,12.77,15.36,15.23,8.19,2.59,3.69,1.54,2.1,2.86,2.99,2.59,4.06,1.11,5.38,2.8,1.91,2.91,2.11,1.85,1.99,2.96,2.42,3.06,3.48,1.87,12.2,14.67,12.18,17.33,17.98,8.21,12.38,3.16,3.74,2.43,4.62,9.8
00-0033890,Budda Baker,ARI,S,1.0,1964,measured,13.1,14.61,12.68,16.27,7.5,11.28,11.8,11.94,11.52,9.82,12.41,11.62,12.68,8.43,15.53,13.88,2.37,2.49,2.46,1.91,1.0,2.09,3.87,2.28,3.82,4.75,2.26,4.36,3.8,1.51,4.54,4.51,2.36,4.99,2.79,3.9,2.24,16.98,19.4,16.57,9.03,10.03,9.11,9.62,3.47,1.36,2.12,3.19,9.8
00-0039864,Dadrion Taylor-Demerson,ARI,S,2.0,571,measured,14.0,16.39,16.07,15.06,7.72,15.99,11.8,11.28,13.16,11.19,6.4,10.89,7.78,7.88,4.06,15.41,1.85,2.17,1.77,5.39,3.05,2.01,1.95,3.76,2.23,2.67,4.4,2.32,3.88,2.83,3.43,1.9,4.15,2.95,1.77,3.41,4.07,14.4,17.53,16.3,11.97,12.97,9.18,11.19,1.0,2.07,2.33,2.37,9.8
00-0037141,Joey Blount,ARI,S,4.0,22,prior,8.2,14.14,15.03,13.6,7.28,14.47,11.8,10.55,3.33,6.82,8.63,10.62,13.9,8.1,14.97,14.65,2.96,2.17,4.03,4.61,2.88,2.52,1.93,2.73,2.68,3.23,4.02,3.81,1.0,1.46,3.18,2.03,2.57,2.82,3.78,1.0,4.36,7.93,6.66,10.42,4.97,5.97,9.04,6.04,2.21,5.08,3.89,2.76,9.8
00-0040230,Kitan Crawford,ARI,S,2.0,127,measured,9.6,16.39,17.3,17.1,9.0,18.2,11.8,8.5,7.14,8.94,5.93,13.99,11.13,13.04,10.99,13.96,1.67,2.55,1.5,3.74,2.34,1.32,3.31,2.53,3.3,3.59,2.47,2.88,3.78,4.27,4.4,4.29,2.88,1.42,2.27,2.9,3.75,13.73,10.79,12.1,5.53,6.53,9.56,6.42,2.33,3.6,3.16,2.4,9.8
00-0041370,Wydett Williams Jr.,ARI,S,3.0,0,prior,10.7,13.79,14.8,13.97,8.0,14.76,11.8,8.65,8.5,9.03,5.73,7.19,10.46,10.31,10.99,11.29,3.39,4.27,1.0,5.02,3.6,1.77,3.04,1.52,4.24,1.17,2.54,1.84,1.47,4.37,2.98,3.94,3.23,3.04,5.31,2.48,3.79,9.26,10.27,15.29,8.81,9.81,9.26,11.16,4.04,1.63,2.42,2.71,9.8
00-0039041,Elijah Higgins,ARI,TE,2.0,789,measured,13.0,13.48,15.26,12.75,9.57,14.68,11.8,10.61,9.65,13.28,6.98,9.19,9.25,15.84,10.99,13.95,1.31,3.16,2.62,1.27,1.99,3.8,3.75,7.78,2.3,13.74,16.4,9.54,9.5,14.33,16.1,12.87,17.15,10.71,1.53,4.43,3.15,2.87,3.5,1.83,3.02,3.76,3.45,3.24,2.32,4.23,2.77,3.56,2.74
00-0037004,Hunter Long,ARI,TE,3.0,427,measured,9.2,10.64,11.97,11.84,9.82,13.1,11.8,9.95,5.37,7.83,10.43,8.1,9.28,5.21,4.76,6.33,2.0,3.08,3.15,2.18,2.41,2.2,4.18,10.23,2.84,4.28,6.93,13.09,9.78,7.23,7.34,9.01,7.5,6.85,3.08,3.13,2.51,2.16,4.88,2.73,3.33,3.3,4.21,3.14,3.49,3.62,2.93,4.16,4.7
00-0041366,Jameson Geers,ARI,TE,5.0,0,prior,9.1,10.85,12.17,12.01,9.53,13.27,11.8,8.8,6.19,7.97,6.45,11.34,10.92,10.31,10.99,11.29,2.56,2.78,3.36,4.79,4.06,1.23,2.57,6.67,1.9,7.11,9.77,8.1,8.66,8.18,7.9,10.23,8.86,8.08,3.42,4.55,2.07,2.66,3.67,3.22,3.54,3.06,1.95,3.4,4.5,4.4,3.32,2.81,3.2
00-0039550,Shawn Bowman,ARI,TE,,0,prior,9.5,11.06,12.34,11.96,9.7,13.39,11.8,9.93,9.3,6.93,6.8,14.32,11.17,10.31,10.99,11.29,2.94,3.39,3.75,3.08,2.58,4.54,1.65,6.42,3.38,2.02,4.67,19.4,5.7,4.17,4.17,8.63,11.98,6.48,2.63,2.55,3.68,2.79,3.21,4.65,1.0,2.87,2.95,3.13,1.88,2.88,3.11,2.58,2.82
00-0037277,Teagan Quitoriano,ARI,TE,,247,measured,8.6,10.13,11.52,11.68,11.33,12.73,11.8,7.86,3.84,5.29,8.44,16.99,11.29,12.65,13.92,11.29,2.63,1.42,3.23,1.42,5.57,2.07,4.75,8.94,3.69,5.06,7.72,13.29,7.93,5.4,5.9,6.51,8.89,4.35,3.27,1.78,4.87,1.47,2.15,1.69,3.39,1.5,3.33,2.65,2.35,4.48,1.95,3.77,3.17
00-0039737,Tip Reiman,ARI,TE,4.0,377,measured,9.3,11.69,13.08,13.47,14.31,13.34,11.8,10.63,5.07,5.85,7.11,8.12,15.11,5.18,17.31,16.98,2.89,3.88,3.18,4.07,2.6,2.73,3.64,13.87,3.22,4.86,7.52,11.25,8.61,6.06,5.41,11.03,6.02,8.87,2.64,3.2,2.97,3.88,3.65,3.12,3.29,4.43,1.26,2.85,2.73,3.94,2.25,2.86,2.54
00-0037744,Trey McBride,ARI,TE,1.0,1874,measured,15.0,11.26,11.88,12.11,9.0,12.57,11.8,12.77,13.52,11.84,11.11,2.57,9.43,15.27,14.74,16.1,3.11,2.92,4.35,3.02,3.53,3.62,2.52,16.31,1.86,9.22,11.88,16.44,18.42,17.95,17.9,14.67,15.82,12.52,4.86,2.17,1.61,4.78,2.38,4.2,4.1,3.53,3.65,4.26,1.38,1.86,2.59,2.24,3.16
00-0036331,Devin Duvernay,ARI,WR,2.0,219,measured,11.1,16.54,15.97,12.81,7.7,14.31,11.8,11.51,10.56,10.33,10.12,5.14,14.87,17.3,14.27,17.21,2.15,4.71,3.83,3.64,3.66,2.96,3.12,10.95,6.05,10.52,9.44,12.44,6.95,7.32,8.32,1.0,2.4,3.42,4.61,1.09,2.69,4.48,3.45,3.41,3.17,1.0,3.02,3.84,4.19,3.93,4.74,3.49,14.39
00-0041368,Harrison Wallace III,ARI,WR,,0,prior,8.3,13.48,14.58,13.64,7.06,15.01,11.8,6.25,10.19,8.14,4.43,11.25,14.13,10.31,10.99,11.29,2.64,2.66,3.38,3.84,3.14,2.04,1.37,7.61,4.36,7.0,5.93,5.54,4.66,6.25,6.26,3.11,3.61,2.99,1.4,2.5,2.66,4.5,2.72,3.19,2.28,2.32,2.38,3.41,3.48,2.02,2.42,3.94,12.66
00-0036635,Ihmir Smith-Marsette,ARI,WR,,56,prior,9.5,15.93,16.07,14.1,6.96,15.7,11.8,9.83,7.44,5.29,11.43,16.84,8.51,12.03,7.4,11.29,1.32,2.59,1.38,2.79,2.22,2.67,4.33,7.77,7.44,12.11,11.04,7.88,3.87,6.89,5.03,2.25,1.68,2.23,3.46,4.38,1.87,3.13,3.03,1.09,3.89,3.31,1.79,3.74,2.7,4.14,1.56,2.79,15.12
00-0038640,Jalen Brooks,ARI,WR,2.0,365,measured,8.9,10.92,14.76,12.08,6.97,15.14,11.8,10.83,7.89,8.66,9.36,12.87,9.68,12.59,15.02,16.61,3.68,3.66,3.89,4.78,4.73,3.67,2.71,10.3,5.88,10.23,9.16,10.27,7.12,5.25,5.94,4.2,5.07,3.29,1.63,3.85,1.51,4.41,3.35,2.25,1.98,3.26,3.34,2.86,4.04,2.29,4.18,2.51,13.45
00-0033307,Kendrick Bourne,ARI,WR,1.0,1006,measured,11.9,9.99,12.69,15.21,4.5,13.25,11.8,13.54,10.96,7.58,14.03,10.18,8.35,17.99,10.99,15.88,1.0,2.87,2.08,2.35,2.89,4.07,4.68,8.99,12.3,15.14,14.06,14.82,16.62,8.38,7.81,2.58,3.28,2.19,2.66,1.49,3.33,2.15,1.1,2.89,2.12,2.27,2.67,3.3,4.4,1.39,3.7,4.6,12.24
00-0039849,Marvin Harrison Jr.,ARI,WR,1.0,1082,measured,10.5,13.71,14.88,13.35,7.62,15.16,11.8,9.9,8.21,9.96,8.75,11.68,6.14,7.88,5.32,18.22,3.31,2.05,3.6,3.51,2.23,3.68,2.23,17.05,7.39,5.31,4.24,7.37,7.6,9.93,12.25,3.64,3.87,4.2,3.93,2.61,3.47,5.07,3.99,3.17,4.15,1.87,2.18,2.52,4.01,3.15,1.86,4.48,7.5
00-0038559,Michael Wilson,ARI,WR,1.0,1686,measured,11.9,12.74,14.61,13.36,12.0,16.05,11.8,12.83,15.18,14.03,8.75,6.63,11.46,13.7,7.13,6.14,1.78,1.13,2.36,3.41,2.53,1.87,1.47,14.02,8.37,8.68,7.6,15.26,13.88,8.47,8.39,1.89,3.94,4.0,2.88,3.15,4.45,3.41,2.66,4.44,1.92,1.05,2.72,4.47,3.16,4.44,2.55,1.08,12.53
00-0041070,Reggie Virgil,ARI,WR,2.0,0,prior,9.7,12.92,15.21,14.65,5.83,15.47,11.8,8.73,7.69,9.86,5.6,9.87,10.08,10.31,10.99,11.29,3.31,1.99,4.75,3.51,2.48,2.92,3.33,12.65,5.54,7.25,6.17,8.6,6.44,7.63,7.7,2.45,4.4,2.5,1.26,3.37,3.19,5.38,2.04,2.98,1.4,2.76,2.84,1.16,2.47,2.28,3.79,3.44,14.15
00-0036646,Simi Fehoko,ARI,WR,3.0,204,measured,8.4,15.43,14.67,15.08,8.0,13.4,11.8,10.69,6.45,5.02,9.4,12.12,6.01,17.99,10.99,14.86,5.39,3.7,3.21,3.22,4.33,4.8,3.07,7.21,5.68,9.46,8.38,6.86,4.73,3.99,3.89,4.82,1.0,4.86,4.64,1.94,3.99,2.24,2.04,2.65,2.62,1.78,6.09,4.32,2.54,2.15,3.06,1.59,12.4
00-0033793,Corey Levin,ATL,C,2.0,274,measured,11.9,3.11,4.64,5.64,13.39,6.31,11.8,13.08,5.12,6.8,11.37,11.75,15.57,17.99,10.99,15.41,3.27,2.34,2.1,1.09,2.85,1.95,3.44,2.7,3.58,3.97,1.28,3.91,3.19,1.7,2.32,13.21,11.34,2.71,4.03,3.72,4.08,5.05,2.16,3.3,3.65,2.75,1.68,1.68,4.59,3.36,4.23,2.61,3.14
00-0041186,James Brockermeyer,ATL,C,,0,prior,12.0,5.35,6.81,7.48,13.5,9.24,11.8,9.78,11.33,7.97,5.58,12.8,8.41,10.31,10.99,11.29,2.13,2.77,3.82,3.82,4.07,3.36,3.18,2.02,4.47,6.33,3.37,2.29,2.93,2.98,2.71,9.86,16.1,2.24,2.78,3.32,1.64,2.95,3.43,2.87,3.64,4.71,5.47,2.71,2.67,3.47,4.28,2.46,3.33
00-0036833,Ryan Neuzil,ATL,C,1.0,1463,measured,11.8,4.71,5.98,6.76,13.67,8.65,11.8,11.63,6.26,9.72,9.77,10.85,5.76,16.96,10.99,14.86,1.51,2.55,3.96,3.76,4.76,5.21,4.25,3.74,1.21,1.88,3.21,4.69,4.0,4.14,1.6,8.3,16.01,1.58,4.0,2.58,4.08,1.96,2.56,2.88,2.35,3.58,2.69,5.05,2.98,3.85,1.0,3.7,4.24
00-0036285,A.J. Terrell,ATL,CB,1.0,2039,measured,11.6,16.16,17.34,13.83,7.5,14.84,11.8,12.52,12.19,13.13,10.44,11.49,6.64,12.53,6.01,17.12,2.37,3.33,3.23,1.8,1.32,1.0,4.3,1.36,3.8,2.35,3.46,2.92,2.51,3.26,3.08,1.53,2.73,4.11,4.05,3.54,3.52,5.65,5.42,10.16,9.55,9.55,10.09,12.55,2.36,3.57,2.16,3.16,8.06
00-0041469,Avieon Terrell,ATL,CB,2.0,0,prior,11.0,15.07,15.36,13.9,8.5,13.83,11.8,11.05,13.38,11.11,7.29,8.11,8.98,10.31,10.99,11.29,2.16,5.32,3.7,4.97,4.17,3.37,3.41,2.76,4.16,2.03,2.4,2.73,4.47,2.49,3.04,4.42,2.37,2.34,3.53,1.95,3.81,9.14,10.77,13.76,9.28,9.28,10.39,7.7,3.8,4.89,2.34,1.85,18.32
00-0040156,Billy Bowman Jr.,ATL,CB,1.0,276,measured,12.2,16.16,15.95,13.54,8.5,14.59,11.8,9.91,12.77,9.33,9.8,9.03,7.63,5.08,6.03,7.51,1.02,2.73,2.47,3.0,2.06,1.63,2.65,2.48,3.92,2.85,2.94,4.35,3.45,2.82,2.9,2.01,4.14,3.59,2.99,2.5,3.3,6.6,11.05,13.48,10.86,10.86,10.39,10.87,4.39,1.95,3.9,3.84,12.89
00-0036281,C.J. Henderson,ATL,CB,2.0,323,measured,13.5,16.86,17.3,13.74,10.0,16.33,11.8,14.03,11.87,12.13,8.97,6.2,7.73,5.77,6.76,5.86,1.56,1.57,2.5,3.91,1.88,3.81,2.41,4.51,5.92,3.14,3.1,2.49,1.0,3.27,2.37,2.97,3.23,5.91,1.8,1.36,2.87,6.01,9.24,14.31,12.99,12.99,10.84,12.83,1.38,4.45,4.03,2.47,14.39
00-0036394,Darnay Holmes,ATL,CB,,398,measured,9.6,14.71,15.5,13.37,6.0,15.54,11.8,9.87,9.87,4.89,10.97,9.08,9.69,11.98,14.16,4.28,4.8,2.86,5.7,5.53,3.2,3.55,5.04,3.46,3.72,1.16,3.87,1.86,4.61,4.06,3.05,3.18,2.19,2.15,3.39,1.62,5.24,7.82,12.18,13.7,6.73,6.73,9.64,6.89,2.92,5.94,3.58,2.64,3.92
00-0041188,Malcolm DeWalt IV,ATL,CB,2.0,0,prior,9.8,15.1,15.79,14.16,6.18,15.01,11.8,9.68,12.19,6.31,5.54,18.79,9.49,10.31,10.99,11.29,2.71,2.85,3.8,2.8,3.07,4.52,3.29,2.17,3.45,4.52,4.15,3.58,2.94,1.16,2.54,3.99,3.47,1.94,1.87,1.99,4.0,8.74,12.05,14.98,7.05,7.05,9.7,6.06,2.51,2.72,3.46,3.51,18.3
00-0034639,Mike Ford,ATL,CB,3.0,100,measured,9.2,14.06,14.71,12.86,7.03,14.54,11.8,11.98,9.82,9.06,10.57,10.02,16.41,8.21,16.41,15.41,2.42,3.49,2.61,3.78,2.35,3.32,3.51,3.29,2.38,4.07,3.53,3.1,2.5,3.87,2.24,3.03,3.1,4.53,3.51,3.11,1.98,8.18,12.4,14.41,6.16,6.16,9.95,6.75,2.77,3.49,1.91,4.46,3.04
00-0034843,Mike Hughes,ATL,CB,1.0,1251,measured,12.8,13.16,15.06,16.57,10.0,14.71,11.8,12.01,10.58,13.3,10.98,14.72,12.41,5.5,14.61,5.2,4.07,4.84,2.91,3.25,3.73,3.02,2.73,2.76,2.01,3.48,2.71,1.62,1.96,3.29,2.23,2.62,2.37,1.28,2.57,2.88,1.58,3.75,9.86,9.66,12.47,12.47,10.84,13.27,2.25,3.66,2.84,3.94,6.29
00-0041484,Anterio Thompson,ATL,DT,3.0,0,prior,9.4,5.87,7.19,6.35,13.08,9.25,11.8,7.8,6.43,6.78,5.3,9.55,11.94,10.31,10.99,11.29,4.21,4.46,4.09,2.17,3.02,4.32,2.28,4.87,2.8,1.0,2.37,1.07,2.83,3.21,4.11,3.91,3.37,2.7,11.06,9.58,8.45,7.55,7.69,9.16,5.06,1.68,3.25,2.49,1.6,3.3,2.61,3.23,2.07
00-0039859,Brandon Dorlus,ATL,DT,1.0,443,measured,13.5,8.67,9.13,6.82,13.07,10.23,11.8,11.13,12.02,12.94,9.81,11.46,13.21,12.29,17.99,16.51,3.24,3.07,2.75,3.89,2.76,2.5,2.34,1.15,3.46,4.22,2.0,3.8,3.19,2.66,1.91,1.76,2.76,3.27,14.95,14.45,15.24,13.19,10.13,8.43,3.47,3.76,3.85,1.73,5.81,3.32,2.84,2.86,3.06
00-0041184,Carlos Allen Jr.,ATL,DT,,0,prior,9.2,6.94,8.3,7.5,13.07,10.55,11.8,7.87,7.91,8.43,5.31,8.56,8.33,10.31,10.99,11.29,1.0,2.59,3.09,2.27,3.17,2.53,4.68,3.36,1.44,5.07,3.39,3.07,3.03,3.61,3.38,1.41,3.3,4.08,9.76,8.66,8.4,7.42,7.7,9.57,2.79,3.7,1.0,3.71,3.96,2.51,4.03,1.66,4.4
00-0034371,Da'Shawn Hand,ATL,DT,1.0,853,measured,12.9,5.48,6.76,5.99,13.29,9.02,11.8,14.14,11.42,11.55,11.24,8.29,11.36,6.35,15.29,4.65,3.05,4.32,4.53,4.77,1.69,2.97,2.01,1.86,3.7,3.3,2.41,3.52,3.55,2.67,4.02,2.42,4.56,2.28,10.01,8.32,15.58,16.77,14.16,8.71,2.32,3.7,2.91,2.28,4.32,3.58,1.88,2.7,1.18
00-0039070,Gervon Dexter Sr.,ATL,DT,1.0,1196,measured,12.9,8.27,8.73,7.06,11.33,10.46,11.8,10.1,11.15,12.89,8.33,11.59,15.05,13.98,15.02,7.78,3.01,3.05,2.75,1.5,3.06,1.1,4.64,3.67,2.63,3.25,3.95,2.14,4.07,2.3,2.99,2.4,3.3,4.16,16.07,16.05,14.43,10.42,11.49,7.79,3.27,1.95,1.7,4.66,3.08,3.42,2.61,3.33,3.63
00-0040056,Jared Ivey,ATL,DT,4.0,15,prior,6.9,8.22,10.44,10.42,10.56,12.55,11.8,7.27,2.23,5.82,5.99,12.04,9.09,13.04,10.99,11.29,2.96,1.26,2.71,2.62,1.98,3.14,5.08,3.27,3.54,2.47,2.48,2.62,2.28,1.66,2.75,1.46,3.8,3.24,5.43,5.65,6.83,5.4,4.21,13.28,3.68,4.54,3.87,2.55,1.0,3.47,3.56,2.41,3.33
00-0036204,LaCale London,ATL,DT,2.0,331,measured,12.3,6.43,7.76,6.98,13.13,10.03,11.8,11.78,9.64,13.07,12.26,8.79,12.74,6.92,17.7,6.92,2.62,4.72,3.6,3.95,2.51,3.1,3.37,3.35,4.08,2.18,2.21,3.38,4.61,1.2,2.72,2.39,3.81,3.52,11.85,10.55,12.21,13.88,15.26,8.88,1.01,1.0,1.9,1.96,3.66,3.56,2.71,3.84,2.64
00-0039889,Maason Smith,ATL,DT,2.0,529,measured,8.5,6.53,7.47,6.71,12.48,10.22,11.8,9.76,8.62,3.33,8.29,12.74,10.53,8.14,7.2,4.84,2.74,2.84,2.83,1.0,3.71,2.38,3.34,3.59,2.82,3.37,2.5,1.0,4.3,4.11,3.32,1.42,3.27,2.54,7.39,6.35,8.07,9.03,6.4,5.56,4.44,4.66,3.35,4.18,3.55,2.03,3.45,2.35,4.69
00-0038937,Zacch Pickens,ATL,DT,,309,measured,9.4,8.13,10.07,8.17,11.33,10.95,11.8,10.88,9.98,7.58,8.64,10.78,13.08,7.98,4.63,11.29,2.75,3.74,2.59,2.19,1.1,1.0,2.08,3.39,4.93,3.79,1.0,4.42,4.71,3.09,5.76,2.31,2.97,3.43,10.55,10.47,8.64,7.03,8.82,10.95,3.33,3.55,1.0,3.16,3.54,1.36,1.0,2.79,3.84
00-0038980,Zach Harrison,ATL,DT,,544,measured,12.6,8.41,10.52,10.32,12.92,12.66,11.8,11.75,10.4,10.47,6.22,15.45,14.78,6.72,18.28,4.24,3.28,1.02,3.95,1.81,5.1,2.35,2.11,2.35,2.42,3.33,3.47,1.02,2.92,3.9,3.61,3.41,2.99,3.51,15.22,14.68,13.16,9.49,11.95,10.78,2.06,4.03,1.0,1.99,3.12,2.78,1.88,3.87,1.49
00-0039837,Bralen Trice,ATL,EDGE,,0,prior,6.7,10.46,11.55,9.98,11.66,12.57,11.8,7.45,4.55,3.39,6.9,11.55,10.09,10.31,10.99,11.29,3.61,3.52,2.43,1.78,3.39,4.38,1.61,1.55,4.8,2.27,3.07,2.09,1.31,1.82,2.96,2.99,3.69,2.76,5.14,4.88,5.01,5.0,3.98,13.02,5.8,6.8,2.89,3.31,3.04,3.6,2.27,3.46,3.55
00-0037815,Cameron Thomas,ATL,EDGE,2.0,471,measured,11.7,10.3,11.86,10.75,12.46,13.1,11.8,10.61,7.77,10.99,6.14,8.4,11.28,16.96,10.99,11.29,1.76,2.36,2.34,4.01,3.51,1.0,1.27,2.77,3.35,4.48,2.02,3.87,3.62,4.94,3.01,4.1,2.9,2.38,11.35,10.75,12.23,13.08,12.88,11.71,5.8,6.8,3.5,1.87,2.44,4.51,1.63,2.34,2.68
00-0037808,DeAngelo Malone,ATL,EDGE,3.0,81,prior,9.1,12.11,13.85,13.39,12.0,14.78,11.8,9.76,6.94,7.05,7.68,13.81,4.71,16.96,10.99,11.29,1.69,2.65,1.0,3.35,3.43,1.49,3.38,2.61,2.77,2.96,2.06,1.52,3.9,4.31,1.93,5.42,2.29,2.34,8.01,8.21,7.75,7.32,4.84,14.71,5.8,6.8,2.44,3.79,1.88,3.74,2.88,4.52,2.74
00-0040577,Jalon Walker,ATL,EDGE,3.0,455,measured,9.7,11.51,12.92,12.08,11.2,13.82,11.8,5.68,6.64,7.1,6.09,6.96,15.89,8.5,6.14,17.32,2.9,2.19,2.75,3.42,3.99,3.38,2.43,2.29,2.12,2.35,2.46,3.03,3.4,4.27,3.12,3.1,3.46,1.36,9.42,9.69,8.07,7.16,8.61,15.52,5.8,6.8,2.57,3.59,3.82,1.0,1.59,2.04,5.22
00-0040578,James Pearce Jr.,ATL,EDGE,2.0,548,measured,10.1,15.01,15.33,13.11,10.32,12.32,11.8,9.92,5.31,8.59,5.93,15.48,8.72,13.04,10.99,18.22,3.32,4.14,3.55,3.68,5.01,1.08,2.62,2.33,3.92,2.97,1.93,3.38,3.24,4.4,3.51,2.72,2.35,3.81,8.44,10.24,8.8,7.53,5.3,12.63,5.8,6.8,2.87,2.68,2.52,2.59,5.11,3.68,3.73
00-0033945,Samson Ebukam,ATL,EDGE,1.0,678,measured,12.2,10.33,11.96,11.36,10.93,13.12,11.8,12.99,9.21,12.33,11.74,10.53,7.85,11.88,5.01,13.82,3.54,1.77,3.41,2.35,3.22,1.95,3.4,3.37,1.67,3.13,1.91,1.2,4.88,4.42,2.68,3.59,2.27,3.24,10.53,10.48,13.9,16.48,16.85,12.77,5.8,6.8,3.07,3.29,3.56,3.81,2.51,3.97,4.84
00-0031576,Za'Darius Smith,ATL,EDGE,1.0,761,measured,12.7,6.83,7.62,6.3,12.0,7.88,11.8,14.76,10.93,15.71,14.33,10.23,11.42,17.99,10.99,4.92,2.47,3.88,3.39,3.32,3.56,3.06,1.74,3.94,1.83,4.97,4.1,2.94,3.48,2.49,3.7,2.22,3.01,2.26,15.11,13.46,14.88,15.5,11.09,7.72,5.8,6.8,2.08,3.96,2.96,1.03,2.52,3.0,2.98
00-0025565,Nick Folk,ATL,K,1.0,59,measured,13.9,2.49,5.12,6.08,9.88,8.42,12.85,11.23,10.52,9.99,11.98,13.11,12.13,14.1,7.06,7.34,1.0,3.85,4.19,3.63,2.4,2.33,2.85,3.3,2.59,1.68,2.24,3.11,1.05,2.02,3.69,2.89,2.81,2.92,1.49,2.22,3.12,3.1,4.56,3.3,2.01,3.55,2.87,1.95,13.27,14.58,2.86,3.47,4.48
00-0037823,Christian Harris,ATL,LB,1.0,511,measured,11.8,15.7,17.59,12.44,9.88,15.11,11.8,10.26,6.54,7.4,11.75,8.83,10.4,12.63,15.51,15.01,5.67,1.39,3.34,4.0,3.91,4.18,4.84,3.99,1.8,2.2,4.27,3.26,2.88,3.09,3.05,3.98,3.18,3.16,10.22,11.58,9.01,10.69,11.91,14.31,10.99,12.49,3.08,7.59,1.85,1.36,3.02,2.56,2.95
00-0036990,Divine Deablo,ATL,LB,1.0,1460,measured,12.8,16.14,16.66,11.64,9.5,14.23,11.8,11.36,9.78,7.62,10.65,13.41,8.84,7.94,13.72,7.68,4.0,2.27,2.5,3.8,1.68,2.77,1.0,3.09,4.89,2.36,4.28,1.0,2.85,1.66,2.83,2.09,3.32,3.31,9.96,11.6,10.2,11.22,10.14,15.74,16.01,17.28,3.44,9.5,2.62,2.2,1.18,2.06,4.73
00-0041112,Harold Perkins Jr.,ATL,LB,2.0,0,prior,11.7,11.89,12.42,11.55,10.16,12.96,11.8,8.97,6.65,7.11,5.83,11.13,13.06,10.31,10.99,11.29,3.25,3.44,3.28,4.17,1.66,3.69,4.18,2.66,3.87,3.6,4.28,3.27,3.73,3.19,4.36,2.18,1.58,1.17,13.43,13.36,10.26,12.43,15.13,15.8,4.94,6.44,4.19,2.76,4.56,2.59,1.76,2.56,1.03
00-0039370,JD Bertrand,ATL,LB,5.0,290,measured,12.2,12.04,12.8,11.95,10.0,13.46,11.8,10.55,7.51,7.36,7.17,13.36,9.07,8.41,4.82,6.6,1.14,2.88,4.61,2.65,1.0,2.81,2.95,3.55,4.55,3.5,2.85,2.26,4.67,1.0,2.69,3.18,1.78,2.85,6.4,6.43,15.49,14.19,13.06,15.73,8.54,10.04,1.97,5.87,2.98,2.76,3.54,3.67,3.13
00-0034801,Josh Woods,ATL,LB,3.0,254,measured,10.8,11.3,12.09,11.29,10.76,12.97,11.8,10.96,8.34,6.19,8.95,12.07,13.96,7.46,5.0,14.53,3.63,2.0,1.82,5.89,3.03,1.19,2.96,3.49,2.77,1.5,3.83,3.81,3.07,4.31,2.12,4.57,4.48,3.38,6.85,6.36,11.25,11.3,11.15,11.41,9.84,11.34,3.76,5.92,3.72,2.14,2.06,1.43,3.71
00-0041066,Kendal Daniels,ATL,LB,2.0,0,prior,11.8,12.47,13.9,13.92,9.28,14.39,11.8,8.75,10.06,4.96,4.5,8.25,16.76,10.31,10.99,11.29,4.48,2.94,2.57,2.03,1.68,2.62,2.69,2.53,2.69,2.63,3.32,3.99,4.09,1.59,3.0,2.49,5.62,2.52,13.17,13.61,10.44,12.65,15.12,15.96,4.93,6.43,3.23,2.77,3.08,3.31,2.94,3.3,5.23
00-0038580,Yasir Abdullah,ATL,LB,3.0,131,measured,11.0,15.01,16.73,11.95,10.58,16.02,11.8,9.5,6.03,9.07,9.61,14.12,4.92,7.04,16.44,7.68,4.26,2.95,2.08,2.0,3.17,3.58,2.48,4.43,2.65,2.88,3.08,4.17,2.27,3.6,3.0,4.65,1.73,4.1,5.53,6.4,10.46,11.74,11.86,13.99,7.87,9.37,3.52,5.22,4.78,1.08,2.33,3.51,4.98
00-0036082,Liam McCullough,ATL,LS,1.0,0,prior,11.5,10.16,11.12,10.31,9.71,12.19,10.76,12.88,11.32,6.63,10.86,10.48,9.84,16.96,10.99,15.41,2.21,3.94,3.3,2.5,2.91,1.62,2.79,3.49,2.91,2.37,2.19,3.35,4.46,3.7,2.22,1.77,3.14,2.16,2.73,2.81,3.01,2.76,3.37,2.83,3.28,2.67,3.0,5.08,1.32,3.87,2.42,2.19,1.93
00-0035630,Chris Lindstrom,ATL,OG,1.0,2159,measured,14.2,7.33,9.65,7.25,12.92,10.64,11.8,12.16,12.67,13.18,10.47,10.58,9.14,17.99,10.99,18.46,3.08,3.3,2.19,2.53,1.51,3.73,1.71,3.14,1.22,3.56,2.31,3.52,3.27,3.3,1.0,16.98,14.54,2.93,2.53,2.95,1.39,3.08,4.41,1.22,3.01,4.07,3.01,2.76,4.62,3.38,1.63,3.61,3.72
00-0040965,Josh Thompson,ATL,OG,,0,prior,11.3,4.41,5.96,5.46,13.17,8.63,11.8,8.67,7.25,7.47,7.39,7.64,11.28,10.31,10.99,11.29,4.29,2.63,1.85,2.2,2.97,2.65,3.29,2.9,3.38,4.16,3.34,2.73,2.78,4.64,1.59,13.04,10.83,4.24,3.87,2.6,2.92,3.19,1.88,2.2,3.02,3.05,3.12,2.74,2.49,2.94,2.21,3.13,3.54
00-0041276,Kam Dewberry,ATL,OG,,0,prior,11.2,3.95,5.44,4.26,13.38,8.63,11.8,8.6,11.59,11.09,6.92,6.33,8.74,10.31,10.99,11.29,2.17,3.05,4.73,3.47,4.6,1.0,4.24,2.98,4.27,3.75,3.24,3.43,3.62,2.5,2.53,13.04,10.83,2.93,2.68,2.61,2.41,4.71,1.95,3.8,1.68,3.87,2.16,3.33,3.01,2.77,3.18,2.37,4.43
00-0036354,Kyle Hinton,ATL,OG,2.0,248,measured,11.6,4.49,5.48,3.98,13.19,7.92,11.8,11.77,10.55,10.64,6.76,8.56,11.52,16.96,10.99,11.29,2.04,5.37,2.8,2.96,3.23,3.06,2.86,3.21,4.21,3.76,3.71,2.11,2.72,3.66,2.59,8.44,17.2,2.23,3.53,3.76,1.24,4.41,1.7,4.61,2.1,1.32,3.35,4.02,1.0,1.86,2.61,2.53,2.42
00-0039048,Matthew Bergeron,ATL,OG,1.0,2027,measured,10.8,4.28,5.34,6.11,13.17,9.27,11.8,10.02,6.74,9.22,8.61,11.19,9.51,12.62,7.0,15.41,3.7,3.54,3.68,2.27,2.89,2.98,1.44,2.01,4.72,1.03,3.77,2.92,4.89,2.01,4.22,11.06,11.3,4.01,1.52,2.68,3.11,2.79,2.34,3.79,3.8,2.21,3.61,2.76,1.9,2.3,2.72,3.26,4.55
00-0040687,Cameron Williams,ATL,OT,4.0,48,prior,10.8,4.43,6.22,5.34,12.06,8.69,11.8,10.23,8.84,3.55,8.06,13.59,11.39,4.26,15.38,4.13,2.65,1.33,4.2,2.9,2.22,3.33,2.35,2.63,2.45,3.91,1.86,3.41,2.11,1.2,3.59,11.0,12.42,2.8,3.1,2.68,3.58,3.12,3.18,4.22,4.05,2.77,2.37,2.64,2.33,2.45,3.24,1.32,2.61
00-0041121,Ethan Onianwa,ATL,OT,3.0,0,prior,10.1,3.69,5.41,4.44,11.35,7.9,11.8,8.07,8.86,7.85,6.0,10.96,14.66,10.31,10.99,11.29,4.8,3.41,1.56,3.33,2.33,3.32,1.84,2.31,1.71,3.0,1.11,3.94,3.72,2.86,2.21,11.09,11.45,3.24,3.05,2.89,3.9,1.65,3.73,2.57,2.98,2.53,3.7,3.13,1.98,3.2,2.65,2.96,2.62
00-0031279,Jake Matthews,ATL,OT,1.0,2144,measured,12.6,3.43,4.16,7.82,12.46,7.54,11.8,13.41,10.79,13.27,17.85,7.16,12.14,17.99,10.99,15.05,2.37,4.14,3.15,3.12,3.44,2.81,2.76,4.23,4.06,1.73,3.46,2.43,3.34,3.27,3.37,14.62,13.68,2.78,1.97,3.64,4.41,4.62,3.42,3.11,3.63,3.2,2.57,3.28,4.25,2.22,4.63,4.76,4.11
00-0035237,Jawaan Taylor,ATL,OT,1.0,1835,measured,15.4,4.61,6.38,5.34,12.46,8.9,11.8,13.64,10.7,11.91,8.21,4.75,7.92,8.36,5.66,14.29,2.45,2.8,2.26,2.96,3.45,1.0,2.84,3.18,3.41,1.0,1.21,3.51,2.8,3.51,2.51,17.97,18.73,2.57,1.8,2.37,3.33,3.15,2.36,2.02,2.82,1.54,1.35,3.38,3.9,3.2,3.37,3.93,5.04
00-0039842,Michael Jerrell,ATL,OT,2.0,188,measured,11.0,4.97,6.78,5.81,12.49,9.25,11.8,11.25,7.65,6.58,7.41,10.77,12.79,14.76,10.99,11.29,4.1,2.69,2.27,3.88,2.24,2.69,2.16,2.82,4.16,3.18,3.01,3.67,1.12,4.19,3.6,10.77,12.6,3.29,3.42,3.71,3.0,1.94,3.82,2.83,3.51,2.15,2.15,2.33,4.0,2.51,3.69,3.46,1.0
00-0041192,Riley Mahlman,ATL,OT,,0,prior,10.1,3.76,5.71,5.54,11.07,8.14,11.8,7.43,8.21,7.06,5.33,7.05,8.49,10.31,10.99,11.29,1.96,3.72,2.96,4.3,4.12,1.95,3.36,3.1,3.7,3.49,3.06,3.87,3.21,1.09,2.28,11.01,11.55,1.0,2.25,1.14,2.79,4.61,2.03,3.2,3.73,3.55,2.39,4.83,2.97,4.01,3.16,3.68,5.85
00-0033752,Storm Norton,ATL,OT,5.0,196,measured,11.8,2.81,4.76,4.71,11.7,7.4,11.8,11.1,9.39,9.17,12.31,16.51,8.2,4.42,5.77,7.06,1.37,3.68,2.88,4.1,3.55,3.92,2.87,1.79,2.85,2.95,2.87,2.93,3.82,2.58,3.72,11.61,15.16,3.2,3.13,5.18,2.39,1.98,3.54,3.5,3.04,1.54,3.94,2.95,2.93,1.49,2.03,3.12,1.0
00-0035280,Jake Bailey,ATL,P,1.0,86,measured,12.6,10.03,11.05,9.36,10.13,12.23,13.24,13.35,10.21,7.81,10.93,8.77,11.3,13.94,14.05,16.21,3.4,3.95,3.46,3.06,4.1,2.09,3.12,3.44,3.08,4.01,5.84,3.61,3.88,1.37,3.41,3.85,3.93,2.74,4.57,2.98,3.38,2.47,3.49,1.73,2.04,3.04,2.32,3.8,1.5,2.3,11.05,14.17,3.57
00-0033662,Cooper Rush,ATL,QB,3.0,492,measured,7.7,5.92,5.72,9.01,10.08,6.32,11.8,8.87,6.98,4.21,13.63,13.98,9.98,17.99,10.99,11.29,7.11,6.0,8.55,8.9,6.18,11.12,6.0,7.84,4.9,2.02,2.17,3.06,4.33,1.4,2.42,2.29,1.45,1.85,2.64,5.31,3.19,3.05,2.43,2.78,2.81,5.34,3.85,3.33,3.92,2.37,5.8,2.93,3.79
00-0041194,Jack Strand,ATL,QB,4.0,0,prior,7.0,9.67,10.84,12.0,10.08,11.93,11.8,5.95,5.99,5.23,6.78,13.63,6.43,10.31,10.99,11.29,10.94,6.59,6.9,8.59,4.81,5.59,5.36,7.44,3.29,2.55,4.91,2.1,4.04,3.47,2.24,4.2,1.97,2.73,3.43,4.26,3.2,2.73,2.96,2.3,4.12,3.34,2.69,2.0,2.9,1.98,3.95,2.38,2.27
00-0039917,Michael Penix Jr.,ATL,QB,2.0,661,measured,8.8,9.78,10.23,11.99,10.08,11.08,11.8,8.76,8.49,7.73,7.93,8.37,10.13,14.76,10.99,5.58,11.02,8.02,7.85,5.73,7.37,14.41,8.83,6.1,1.18,9.31,2.63,1.58,2.84,2.03,3.18,4.32,2.99,3.08,4.14,2.44,1.74,2.07,1.43,1.57,3.04,2.74,3.09,3.07,3.71,2.73,3.01,3.14,3.05
00-0036212,Tua Tagovailoa,ATL,QB,1.0,1621,measured,12.8,9.08,9.68,12.1,10.08,10.94,11.8,12.25,13.15,12.43,12.9,9.69,7.31,8.06,13.88,6.17,9.12,15.89,15.37,12.88,11.53,13.35,10.64,12.34,5.08,5.78,2.49,2.91,2.79,1.0,2.41,2.11,2.18,2.75,2.67,3.23,3.05,3.56,3.74,2.45,3.07,2.29,3.01,2.89,5.42,1.99,2.77,4.51,3.75
00-0038542,Bijan Robinson,ATL,RB,1.0,1679,measured,15.7,15.24,15.7,12.92,9.0,15.7,11.8,11.67,15.41,15.4,8.49,11.19,9.91,15.84,10.99,11.29,3.18,3.08,3.0,3.69,3.75,3.64,3.07,17.33,17.66,20.0,14.43,9.59,5.03,13.14,11.17,10.13,10.34,11.13,2.79,4.02,3.7,2.75,2.66,3.69,2.96,2.18,3.02,3.73,3.25,4.15,3.31,3.29,14.62
00-0037746,Brian Robinson,ATL,RB,2.0,698,measured,12.9,13.66,13.63,11.84,9.9,11.05,11.8,11.24,10.17,10.74,8.17,7.16,14.17,11.82,14.83,7.36,2.66,1.44,3.9,2.23,3.78,3.14,2.51,13.61,12.84,13.97,13.63,9.2,4.48,8.1,6.73,2.11,9.92,3.11,3.4,3.38,1.3,3.07,2.15,3.68,5.77,3.65,1.03,2.74,2.46,3.56,2.93,2.55,14.47
00-0041191,Cash Jones,ATL,RB,,0,prior,11.4,14.93,14.83,14.16,7.55,13.99,11.8,9.6,9.19,8.49,5.21,11.59,12.41,10.31,10.99,11.29,2.58,3.8,2.92,4.47,2.13,2.34,1.0,15.23,9.65,8.14,9.47,11.34,2.72,5.78,6.33,3.21,5.57,4.21,3.37,4.45,3.13,3.67,4.83,4.24,2.53,2.43,1.24,2.87,3.05,2.77,2.06,3.66,10.7
00-0036984,Trey Sermon,ATL,RB,3.0,202,measured,10.4,12.92,14.71,14.78,8.99,15.84,11.8,9.54,6.51,9.87,9.76,11.61,11.53,13.94,14.27,7.62,3.65,2.59,1.0,3.21,3.92,3.38,3.13,15.2,7.58,7.29,7.4,11.88,2.55,4.74,4.26,3.54,5.44,4.54,3.61,1.65,3.04,1.7,2.57,4.15,3.31,3.04,4.03,4.79,3.68,1.84,2.93,4.62,13.93
00-0037120,Tyler Goodson,ATL,RB,,140,measured,11.0,16.16,15.95,14.09,8.02,15.24,11.8,10.78,9.0,6.78,9.43,11.98,12.58,7.86,4.47,4.13,3.57,3.92,2.84,4.36,1.91,3.42,2.02,10.92,10.08,7.44,9.06,10.15,2.34,8.51,9.28,3.88,5.47,4.88,2.28,4.56,2.06,3.21,2.73,3.19,3.56,4.03,2.16,4.75,2.13,3.09,2.52,2.88,13.59
00-0036956,Darren Hall,ATL,S,3.0,129,measured,9.6,15.01,17.22,12.93,8.0,17.27,11.8,10.25,7.35,6.1,9.27,11.42,13.28,11.9,15.23,16.36,3.86,3.39,2.69,3.99,2.28,1.75,3.03,4.01,3.85,2.62,2.54,3.4,3.36,4.38,3.15,3.78,3.72,2.98,3.61,3.27,1.0,10.94,11.75,13.05,5.41,6.41,9.26,6.87,2.35,2.4,2.76,2.64,9.8
00-0038628,DeMarcco Hellams,ATL,S,2.0,168,measured,9.6,12.92,13.73,13.9,7.85,12.05,11.8,9.78,6.35,7.39,9.01,9.12,15.82,7.14,18.99,15.41,1.73,2.26,1.19,2.62,1.0,1.51,2.98,1.55,2.86,3.45,3.55,4.57,3.52,4.16,2.98,4.62,2.99,1.31,2.65,2.05,4.13,13.74,11.37,10.89,6.35,7.35,9.22,6.59,2.7,3.59,2.75,2.67,9.8
00-0038587,Jammie Robinson,ATL,S,,37,prior,8.3,12.56,12.3,14.43,12.0,12.65,11.8,8.29,9.79,7.47,8.44,12.53,14.63,7.41,5.16,14.41,3.82,1.34,1.58,4.74,2.92,1.26,4.33,2.2,3.16,1.55,3.82,3.63,2.95,5.47,3.17,2.65,3.48,3.69,1.25,1.31,1.0,9.86,9.69,10.64,5.0,6.0,10.46,6.07,3.18,6.05,2.43,1.45,9.8
00-0034675,Jessie Bates,ATL,S,1.0,2196,measured,14.6,13.82,12.95,14.88,8.36,13.33,11.8,14.71,11.96,13.58,12.72,18.73,8.59,16.56,14.08,15.41,3.42,3.38,4.69,4.41,1.89,3.55,4.01,6.34,2.21,1.55,4.69,3.98,1.48,2.87,4.86,2.76,3.33,2.02,3.08,1.68,3.26,12.64,14.84,15.87,13.53,14.53,9.37,17.5,2.19,3.55,2.35,3.49,9.8
00-0039002,Sydney Brown,ATL,S,2.0,414,measured,10.5,15.01,16.89,15.48,12.0,17.95,11.8,9.07,9.22,5.91,6.3,6.0,8.75,7.99,14.24,14.56,3.34,1.13,1.47,2.38,2.21,2.73,3.86,2.86,4.47,2.46,3.11,2.4,2.14,1.93,3.18,4.75,4.43,4.4,2.5,3.43,1.6,9.62,11.3,12.02,8.79,9.79,10.46,8.13,2.47,1.82,1.92,2.74,9.8
00-0040148,Xavier Watts,ATL,S,1.0,1021,measured,12.7,13.69,14.46,14.31,7.88,14.48,11.8,10.91,9.49,8.87,5.91,13.98,8.73,13.04,10.99,11.29,5.13,1.61,4.91,2.69,2.42,2.0,3.07,2.3,4.41,2.18,2.63,1.76,2.88,3.34,3.29,3.2,1.73,1.87,4.69,2.96,2.17,7.49,8.84,15.19,13.65,14.65,9.22,15.35,1.72,2.41,2.81,2.73,9.8
00-0032392,Austin Hooper,ATL,TE,3.0,1058,measured,10.2,9.11,10.13,12.04,9.5,11.46,11.8,11.68,5.89,9.75,10.34,15.24,11.09,7.22,7.23,7.06,4.25,3.0,2.35,4.37,3.75,3.88,2.45,11.58,1.87,6.42,9.07,16.25,20.0,9.8,8.72,4.87,7.26,2.71,2.8,3.08,2.7,3.03,3.37,3.71,3.72,3.39,1.8,1.75,4.29,3.87,3.28,2.03,4.0
00-0036429,Charlie Woerner,ATL,TE,2.0,943,measured,9.7,9.29,11.49,10.55,10.67,13.38,11.8,10.67,6.72,8.34,7.74,9.3,8.31,16.37,14.74,11.29,4.68,4.34,4.65,3.43,3.42,2.69,3.84,8.66,4.41,9.89,12.55,9.06,11.07,6.38,7.45,13.54,6.63,11.38,3.68,3.31,2.04,2.94,4.2,3.99,2.3,1.82,3.27,2.0,4.29,3.85,4.04,2.58,1.95
00-0041195,Jack Velling,ATL,TE,,0,prior,9.1,11.37,12.63,12.41,8.76,13.69,11.8,8.47,7.1,10.1,7.12,7.74,5.37,10.31,10.99,11.29,3.13,2.26,4.47,2.96,3.22,3.87,1.82,6.67,2.53,7.11,9.77,8.1,8.66,8.18,7.9,10.23,8.86,8.08,1.0,2.23,1.95,3.29,2.54,4.52,4.13,4.04,3.94,4.16,1.95,5.02,5.52,1.54,3.01
00-0036970,Kyle Pitts,ATL,TE,1.0,1648,measured,14.3,15.7,17.1,12.39,11.33,14.4,11.8,12.14,15.41,10.85,10.03,11.68,13.13,14.1,14.21,17.88,4.13,2.16,3.99,1.0,3.77,3.52,3.04,18.74,2.8,7.96,10.62,17.41,15.13,14.84,15.78,13.11,14.02,10.96,4.01,4.87,3.53,3.52,3.63,2.54,3.35,2.65,3.33,2.16,4.04,3.5,2.97,1.81,4.86
00-0037317,Nick Muse,ATL,TE,,11,prior,9.4,10.85,12.17,12.01,9.53,13.27,11.8,9.83,4.65,7.68,8.23,6.13,9.57,14.23,10.99,14.86,1.96,3.79,2.16,3.44,2.66,1.72,3.1,8.12,2.82,2.42,5.08,19.4,5.74,4.26,4.23,8.37,11.43,6.21,2.79,3.56,2.27,2.35,4.56,2.85,3.53,2.01,3.17,2.26,3.62,3.44,3.28,2.94,4.09
00-0040438,Antwane Wells Jr.,ATL,WR,,0,prior,9.2,12.74,14.37,13.28,7.58,13.97,11.8,7.86,10.69,8.71,5.66,9.73,8.19,10.31,10.99,11.29,1.0,3.5,4.12,4.08,4.31,3.04,3.29,11.77,10.15,16.06,14.98,13.55,3.6,3.59,3.59,2.49,3.1,1.99,1.67,4.0,1.61,2.44,1.0,2.65,2.88,2.03,1.41,1.87,4.44,2.33,4.55,2.12,9.42
00-0040432,Beaux Collins,ATL,WR,2.0,73,prior,10.3,14.37,15.3,14.01,6.73,15.06,11.8,10.35,9.56,11.0,9.72,10.78,13.2,6.15,5.51,11.29,3.26,3.57,3.25,2.77,2.04,2.85,3.37,12.87,6.11,11.39,10.31,12.48,4.61,6.98,6.24,2.68,2.83,5.32,4.09,3.0,1.69,5.87,2.97,3.75,2.22,3.66,3.71,1.0,2.73,2.22,1.85,3.25,15.03
00-0036463,Chris Blair,ATL,WR,2.0,31,prior,11.4,13.64,14.63,13.06,7.61,14.88,11.8,12.66,10.48,11.39,7.92,14.75,8.76,15.84,10.99,11.29,2.44,1.85,4.78,1.87,2.39,2.62,1.76,10.98,10.16,14.2,13.12,17.51,5.16,7.28,7.05,2.79,2.16,2.89,2.69,3.64,2.68,2.37,2.87,1.91,2.42,2.71,3.44,1.83,3.21,1.84,3.72,2.46,14.52
00-0037238,Drake London,ATL,WR,1.0,1695,measured,13.7,13.91,15.08,13.85,7.0,15.12,11.8,12.73,10.79,12.58,8.2,11.24,13.73,8.26,4.29,17.6,2.82,2.73,3.51,4.53,4.04,2.75,4.2,15.92,11.99,8.34,7.27,13.25,10.73,15.04,15.25,2.33,2.86,2.84,3.84,3.17,1.81,2.61,2.36,2.5,2.61,1.63,3.22,2.09,2.09,2.62,3.72,3.14,8.83
00-0038953,Dylan Drummond,ATL,WR,,108,measured,8.5,15.2,15.59,13.99,6.63,14.98,11.8,7.31,9.13,8.18,7.33,8.19,16.64,14.23,10.99,11.29,2.52,3.69,4.3,2.09,4.24,2.47,2.06,7.58,4.96,7.84,6.77,7.44,4.07,4.98,4.32,2.87,3.59,5.52,3.85,3.74,1.64,3.59,1.29,1.69,2.49,3.53,3.07,4.72,3.9,3.58,1.8,4.67,13.7
00-0037741,Jahan Dotson,ATL,WR,1.0,1383,measured,9.5,15.93,15.33,11.7,6.43,14.64,11.8,10.45,7.39,8.85,9.79,11.33,9.13,14.29,7.17,7.62,2.06,3.86,3.26,5.15,2.13,4.14,4.47,15.65,3.66,6.31,5.23,9.23,9.77,5.49,5.33,3.43,2.94,1.99,3.96,2.5,3.49,3.05,4.4,2.06,4.4,2.88,5.32,2.94,3.31,3.53,3.6,1.83,10.18
00-0035208,Olamide Zaccheaus,ATL,WR,1.0,1060,measured,12.7,14.7,14.8,12.44,8.1,14.74,11.8,12.82,13.29,11.65,9.05,13.96,7.03,17.99,10.99,5.58,1.0,1.96,2.2,2.81,2.01,3.57,3.69,12.05,10.85,14.24,13.17,9.65,15.04,12.0,12.72,3.05,3.19,3.21,2.55,1.0,1.53,2.18,4.16,3.16,2.63,5.22,3.67,1.33,3.24,1.0,2.33,3.86,10.23
00-0041185,Vinny Anthony II,ATL,WR,,0,prior,8.6,13.48,14.67,16.36,7.5,14.14,11.8,9.32,3.12,6.49,4.43,11.85,9.73,10.31,10.99,11.29,1.01,3.47,3.86,2.82,2.8,3.34,1.75,7.61,4.36,7.0,5.93,5.54,4.66,6.25,6.26,2.54,3.53,2.08,2.42,2.19,4.39,3.68,3.13,4.27,5.25,3.1,3.65,2.21,4.21,2.22,1.79,3.62,12.66
00-0041044,Zachariah Branch,ATL,WR,2.0,0,prior,10.4,17.78,17.3,14.08,10.0,16.27,11.8,7.36,9.93,9.73,7.06,9.7,10.63,10.31,10.99,11.29,1.3,2.85,1.79,2.54,2.0,2.23,2.97,13.52,5.65,7.19,6.12,8.14,5.81,7.65,7.92,2.09,3.32,2.99,1.88,4.34,2.3,1.49,4.49,4.89,1.89,3.24,3.23,2.9,2.95,2.92,4.79,3.66,15.86
00-0036215,Danny Pinter,BAL,C,3.0,211,measured,11.0,7.09,7.76,5.64,12.46,8.86,11.8,12.21,6.04,9.54,8.43,9.95,11.11,16.46,10.99,7.62,4.45,2.26,2.87,2.8,4.09,4.04,1.0,3.24,2.77,2.73,4.07,2.65,1.8,3.1,2.11,11.99,10.35,3.6,3.65,1.0,2.6,2.31,2.65,2.26,3.0,3.19,2.28,3.97,3.79,2.56,3.33,3.03,3.19
00-0033901,Ethan Pocic,BAL,C,2.0,1868,measured,11.7,3.58,5.25,3.37,13.39,7.07,11.8,13.49,10.36,8.23,11.81,6.86,13.37,7.12,14.03,13.86,4.07,3.98,2.02,2.27,5.03,2.09,1.85,3.71,2.01,1.0,3.37,3.08,2.08,5.08,2.55,11.73,12.77,3.73,3.56,2.82,2.9,3.81,2.96,3.5,1.0,4.28,1.55,2.66,4.68,5.12,2.64,2.13,1.52
00-0038629,Jovaughn Gwyn,BAL,C,1.0,9,prior,11.2,5.07,6.93,4.3,14.1,8.47,11.8,10.56,7.56,5.11,8.85,12.54,9.03,15.84,10.99,11.29,1.87,3.35,5.93,2.66,1.8,3.41,3.61,3.12,4.0,3.73,2.73,2.33,2.04,3.33,2.55,13.87,9.65,3.4,3.61,3.85,1.93,1.58,4.04,3.0,3.09,2.89,3.12,3.22,4.13,4.73,2.16,3.22,1.33
00-0040979,Nick Dawkins,BAL,C,,0,prior,11.7,4.79,6.5,7.01,13.21,8.84,11.8,8.11,8.45,7.79,6.76,12.11,11.11,10.31,10.99,11.29,1.0,3.7,1.48,3.18,2.9,1.0,3.37,2.12,4.76,3.41,4.6,3.94,3.44,3.68,3.43,9.86,16.1,5.16,2.87,2.54,3.61,3.98,1.31,2.3,4.14,2.01,4.19,3.14,4.69,2.63,2.76,1.76,1.69
00-0035270,Amani Oruwariye,BAL,CB,,190,measured,10.0,14.17,13.7,15.09,8.5,14.1,11.8,11.25,12.28,9.44,10.19,11.35,10.97,5.99,14.06,6.0,3.33,4.59,2.86,2.0,2.29,3.9,2.75,3.16,2.81,1.79,3.0,4.09,4.56,1.0,2.82,4.21,3.28,2.68,2.38,1.02,3.12,9.35,12.46,13.73,7.32,7.32,10.39,7.4,3.45,2.93,3.79,2.8,3.3
00-0040073,Bilhal Kone,BAL,CB,3.0,0,prior,10.2,15.93,16.07,14.01,6.44,12.79,11.8,9.02,12.68,11.51,6.19,10.24,8.81,10.31,10.99,11.29,2.88,5.64,1.22,2.31,1.9,3.16,1.95,4.75,2.76,2.67,3.51,3.02,3.46,3.91,4.07,3.82,2.34,2.51,4.11,2.19,2.54,10.13,12.63,16.98,7.34,7.34,9.77,6.11,4.4,3.87,2.8,3.4,5.17
00-0040885,Chandler Rivers,BAL,CB,3.0,0,prior,9.5,16.62,17.76,13.59,7.15,17.3,11.8,9.57,9.71,9.64,8.94,11.43,13.82,10.31,10.99,11.29,1.0,3.64,2.41,5.47,1.92,3.19,2.05,2.75,3.7,1.0,2.14,2.64,3.07,1.69,1.64,1.73,2.45,3.08,2.3,3.28,3.39,7.54,11.63,14.94,5.82,5.82,9.99,4.73,2.14,4.04,2.69,1.53,6.17
00-0033548,Chidobe Awuzie,BAL,CB,2.0,1070,measured,9.8,14.86,16.58,15.13,8.0,14.2,11.8,11.86,7.77,7.07,10.14,12.34,12.53,5.06,17.54,8.11,3.89,2.5,2.36,3.98,4.08,1.77,1.94,3.36,3.8,1.0,3.62,3.35,1.0,1.76,3.56,2.72,3.33,4.17,2.06,2.87,2.74,2.97,6.85,11.65,6.68,6.68,10.24,8.17,2.66,2.56,3.69,4.97,13.92
00-0040636,Keyon Martin,BAL,CB,2.0,131,measured,10.1,15.06,15.31,13.77,6.39,14.34,11.8,8.41,8.57,6.97,5.2,8.07,12.42,7.7,14.85,11.29,4.0,3.81,2.18,1.94,2.89,1.96,3.2,2.82,3.58,4.27,2.48,3.78,2.38,5.08,2.94,3.42,4.49,4.8,3.25,2.55,1.79,11.25,15.36,14.88,7.34,7.34,9.76,6.08,3.54,3.06,1.68,3.61,16.81
00-0038038,Kyle Hamilton,BAL,CB,1.0,1995,measured,13.8,12.56,15.75,13.93,7.37,16.96,11.8,10.94,15.85,11.29,9.64,9.42,10.66,16.96,10.99,7.12,2.69,1.98,2.64,2.79,1.78,1.0,1.54,4.59,3.24,3.0,4.17,2.17,3.91,4.16,1.68,3.46,3.34,3.86,2.21,3.62,4.16,15.43,16.86,9.67,14.93,14.93,10.05,11.91,2.33,2.09,2.71,3.53,11.49
00-0040993,Ladarius Webb Jr.,BAL,CB,,0,prior,8.4,15.05,15.39,13.66,6.73,14.63,11.8,8.58,6.4,6.48,6.41,11.43,6.03,10.31,10.99,11.29,4.5,3.11,2.66,3.45,3.9,3.17,3.33,2.07,2.35,3.68,2.25,1.6,2.97,3.32,3.93,1.29,2.16,1.54,3.78,3.28,3.16,7.37,11.98,14.61,4.56,4.56,9.86,3.77,3.63,3.73,4.63,3.19,6.16
00-0033281,Marlon Humphrey,BAL,CB,1.0,1625,measured,14.1,15.69,15.81,14.96,5.0,15.0,11.8,15.46,15.17,12.94,15.24,10.49,9.57,8.33,17.83,17.08,3.67,2.64,2.26,3.5,1.0,2.85,1.87,2.73,1.0,1.48,3.56,3.06,2.61,4.19,2.93,3.08,1.0,3.82,3.69,4.79,1.95,12.14,8.0,12.51,13.91,13.91,9.34,18.43,3.73,2.2,2.42,3.98,6.78
00-0039232,Nate Wiggins,BAL,CB,1.0,1392,measured,14.7,19.4,18.66,14.1,6.15,15.47,11.8,12.54,15.39,11.11,9.97,6.45,10.66,12.56,14.92,7.78,3.84,2.93,2.12,3.46,2.75,2.11,2.52,3.72,3.58,1.93,3.91,3.48,3.71,4.72,3.68,4.5,1.8,3.07,1.81,2.83,4.19,3.16,5.32,15.54,14.58,14.58,9.69,14.86,4.53,1.67,4.41,2.82,13.32
00-0039234,T.J. Tampa,BAL,CB,2.0,141,measured,10.4,15.08,15.75,14.01,6.44,15.06,11.8,11.99,6.89,11.38,9.25,10.47,11.84,7.25,15.16,4.84,3.22,3.93,2.91,4.18,2.61,3.81,2.42,2.05,2.52,1.93,3.53,1.53,1.57,4.03,3.61,2.91,2.42,2.61,1.97,1.1,3.38,6.94,11.02,13.6,8.1,8.1,9.77,7.7,2.31,1.95,3.43,3.12,16.39
00-0040076,Aeneas Peebles,BAL,DT,3.0,67,prior,8.6,7.47,8.13,6.28,14.64,11.27,11.8,7.57,6.98,8.08,9.04,11.25,10.79,13.04,10.99,11.29,1.42,1.39,1.81,5.02,3.3,4.36,1.33,4.13,3.49,2.85,2.71,2.24,2.7,3.11,5.1,1.58,3.17,2.53,8.55,7.09,8.3,6.36,4.81,12.85,3.1,2.06,2.94,2.93,4.22,2.78,2.78,2.92,2.18
00-0036081,Broderick Washington,BAL,DT,2.0,552,measured,8.7,5.02,6.03,4.74,12.0,8.3,11.8,9.7,5.54,5.8,7.83,11.18,14.21,4.57,14.89,6.0,1.85,4.77,2.93,2.68,1.88,3.27,3.68,2.88,3.59,4.67,3.43,1.55,4.65,2.51,1.16,2.6,2.64,3.84,9.11,7.71,8.21,8.34,7.14,4.6,3.09,3.8,3.77,2.83,4.5,4.47,4.53,2.95,3.09
00-0026190,Calais Campbell,BAL,DT,1.0,1169,measured,16.2,1.93,3.66,4.13,8.0,6.04,11.8,15.99,14.64,16.32,13.89,15.57,13.15,8.29,14.51,5.87,2.59,3.64,1.87,1.66,2.45,3.22,2.11,3.16,3.52,2.33,4.03,3.25,2.92,4.06,3.19,3.19,3.34,3.01,19.72,18.65,19.4,19.4,18.39,7.85,3.25,2.18,1.99,2.9,3.76,1.81,3.59,2.5,2.25
00-0039938,David Olajiga,BAL,DT,,0,prior,6.5,5.62,6.82,5.8,13.55,8.97,11.8,6.65,5.28,5.9,5.85,10.61,10.14,10.31,10.99,11.29,2.46,3.63,5.3,4.03,4.31,3.56,1.15,1.35,1.91,3.67,2.99,4.8,2.74,3.85,3.66,3.16,2.58,2.82,5.29,3.57,5.43,5.18,4.18,12.43,3.1,1.97,2.08,4.21,3.97,5.14,1.26,3.76,3.03
00-0030070,John Jenkins,BAL,DT,2.0,1123,measured,9.4,1.0,1.0,1.0,15.24,2.15,11.8,11.85,7.55,4.71,14.09,14.27,11.61,11.98,7.48,16.98,4.84,4.09,2.76,3.95,2.33,3.68,3.24,3.0,4.0,2.42,2.78,3.57,4.09,3.92,1.27,1.22,2.67,2.47,6.97,3.03,8.5,12.99,13.44,1.32,3.12,5.53,2.98,3.35,2.85,1.4,1.42,2.92,4.9
00-0036130,Nnamdi Madubuike,BAL,DT,1.0,927,measured,16.2,8.65,8.56,8.04,15.7,9.35,11.8,15.62,12.77,16.16,12.31,7.93,17.87,4.67,6.05,6.0,2.31,4.34,2.42,2.15,2.28,2.18,2.61,2.88,3.45,3.41,2.73,1.46,3.6,1.22,4.1,1.77,3.09,1.5,18.54,17.12,17.85,16.35,13.87,10.13,3.15,3.66,1.31,4.0,2.68,2.95,3.09,4.08,1.38
00-0040907,Rayshaun Benny,BAL,DT,,0,prior,9.3,6.26,7.51,6.55,13.39,9.59,11.8,9.86,6.44,10.88,4.64,11.81,10.92,10.31,10.99,11.29,2.72,3.43,2.9,2.55,2.93,3.73,4.6,2.94,3.18,3.4,3.76,4.55,3.71,5.32,1.83,3.66,3.36,1.96,10.45,9.01,8.44,7.54,7.69,9.32,3.53,2.4,4.05,2.39,2.83,3.29,1.0,2.47,4.55
00-0037756,Travis Jones,BAL,DT,1.0,1267,measured,14.7,7.73,8.47,9.14,14.06,9.06,11.8,10.81,12.05,11.48,9.27,9.49,12.65,15.33,14.16,14.21,2.84,3.61,2.0,1.69,1.65,3.69,3.3,2.41,4.04,4.41,3.73,1.84,4.16,2.4,3.78,4.65,2.86,4.22,13.63,12.46,16.47,17.98,15.39,6.24,1.91,1.4,1.05,2.85,2.74,3.62,3.45,2.75,3.13
00-0039791,Adisa Isaac,BAL,EDGE,,21,prior,7.0,10.15,12.82,11.81,10.93,14.05,11.8,7.59,9.15,5.1,6.25,8.71,13.38,5.25,7.11,6.6,3.47,1.88,4.56,1.94,3.38,4.1,2.31,5.82,1.98,2.9,3.7,3.24,2.82,2.36,2.32,2.88,1.77,2.39,5.22,5.11,5.51,5.79,4.1,12.89,5.8,6.8,3.27,1.86,4.39,2.64,2.07,3.66,4.17
00-0040978,Ethan Burke,BAL,EDGE,3.0,0,prior,8.4,10.03,11.98,10.84,10.94,13.31,11.8,7.28,8.62,6.89,5.21,10.08,12.12,10.31,10.99,11.29,1.84,2.07,3.08,1.21,3.75,2.74,3.39,3.34,3.4,2.06,2.22,3.99,2.11,3.33,3.47,2.26,2.15,5.35,7.27,7.11,6.62,7.97,9.29,13.71,5.8,6.8,4.13,3.27,2.63,3.86,2.86,5.27,4.09
00-0040658,Kaimon Rucker,BAL,EDGE,,0,prior,6.8,10.33,11.46,10.31,13.85,12.66,11.8,7.63,7.51,3.78,6.27,11.39,12.35,10.31,10.99,11.29,3.01,2.28,4.74,4.34,3.2,3.2,2.7,2.44,4.92,1.57,4.05,1.42,2.65,3.85,1.97,5.45,3.77,3.79,5.52,4.45,4.99,4.99,3.99,13.32,5.8,6.8,3.25,4.22,1.0,1.28,3.16,1.0,4.26
00-0040722,Mike Green,BAL,EDGE,2.0,655,measured,9.8,11.32,12.9,12.04,14.31,13.87,11.8,7.46,8.73,8.4,5.48,7.45,15.21,13.04,10.99,15.41,2.6,1.95,3.4,4.57,2.25,3.3,3.54,2.93,3.35,3.42,3.13,3.07,2.59,1.19,1.87,2.88,1.0,3.44,8.8,7.91,8.62,9.45,8.57,11.78,5.8,6.8,2.36,3.74,2.36,3.05,3.63,3.97,2.84
00-0038505,Tavius Robinson,BAL,EDGE,1.0,870,measured,9.9,11.38,12.68,9.76,12.0,13.2,11.8,9.25,10.96,7.73,9.8,11.61,11.11,7.62,17.31,15.41,2.02,1.9,3.06,2.7,3.58,4.33,4.53,3.03,2.59,2.84,4.56,2.85,1.96,1.1,1.84,3.68,2.45,3.03,10.03,9.98,8.3,6.62,8.27,14.11,5.8,6.8,2.84,2.91,3.46,2.95,3.23,4.19,3.18
00-0033935,Trey Hendrickson,BAL,EDGE,1.0,1118,measured,15.2,10.22,11.95,12.78,11.35,12.44,11.8,13.64,15.76,10.01,11.46,12.83,6.55,5.57,4.39,7.84,1.32,4.97,1.62,4.15,2.94,4.59,1.33,3.87,2.53,3.28,1.0,2.11,3.25,1.14,1.89,2.6,1.92,1.99,18.09,17.86,16.89,14.95,10.79,7.69,5.8,6.8,4.15,1.0,1.0,2.45,1.98,3.41,4.79
00-0041494,Zion Young,BAL,EDGE,2.0,0,prior,9.5,10.16,11.92,10.8,11.15,13.2,11.8,7.38,11.04,7.99,6.07,7.64,10.66,10.31,10.99,11.29,1.58,3.38,1.91,4.04,2.76,1.1,5.0,3.39,2.46,4.44,3.99,2.34,2.39,3.17,1.92,2.05,2.24,4.18,8.84,8.66,8.45,9.02,9.35,11.86,5.8,6.8,3.59,1.89,3.88,2.73,3.59,3.16,2.61
00-0038562,Jake Moody,BAL,K,,58,measured,7.3,10.24,11.42,10.24,9.88,12.53,8.59,8.63,8.14,4.31,8.74,16.35,8.93,12.59,5.37,11.29,2.07,3.29,3.79,3.78,3.52,3.61,3.85,2.1,1.0,3.54,3.88,3.02,3.04,1.87,4.25,2.56,2.61,3.88,3.24,1.56,3.9,2.17,3.89,3.17,3.17,4.64,1.51,1.86,8.16,6.41,2.65,4.56,1.0
00-0040074,Tyler Loop,BAL,K,1.0,34,measured,8.0,10.24,11.42,10.24,9.88,12.53,12.18,9.57,1.73,1.84,9.01,9.6,17.86,13.04,10.99,11.29,2.83,3.56,2.05,4.82,2.91,5.13,3.86,4.31,2.97,4.02,4.15,2.14,4.38,3.1,3.63,1.34,3.8,2.15,2.53,4.0,4.21,2.74,3.94,1.57,3.2,4.17,4.9,3.4,6.47,9.59,2.53,3.87,3.73
00-0039460,Carl Jones,BAL,LB,,1,prior,8.9,11.89,12.42,11.55,10.16,12.96,11.8,7.43,7.09,3.93,8.18,8.7,6.52,14.76,10.99,11.29,1.45,4.51,2.9,4.79,4.33,2.47,2.12,4.61,2.49,2.97,3.69,3.34,2.95,3.03,3.01,2.89,2.49,2.88,7.95,7.88,5.46,6.96,10.59,11.55,7.51,9.01,5.35,2.08,3.62,1.0,3.47,2.23,3.86
00-0040980,Dominic DeLuca,BAL,LB,,0,prior,12.1,12.0,12.72,11.96,10.05,13.28,11.8,10.45,9.98,5.62,4.84,15.34,17.32,10.31,10.99,11.29,4.45,2.88,2.5,2.66,2.18,1.72,1.71,3.22,2.73,1.58,2.32,3.98,2.91,2.67,4.32,3.08,1.37,4.14,5.22,5.23,14.45,14.22,14.51,15.78,7.25,8.75,3.85,5.43,4.02,3.17,1.84,4.26,2.16
00-0040037,Jamon Johnson,BAL,LB,,63,prior,10.7,12.13,12.98,11.93,11.56,13.97,11.8,8.38,5.74,7.58,6.77,11.49,7.47,13.04,10.99,11.29,2.51,3.14,1.95,3.71,2.24,2.81,2.14,4.75,2.71,2.58,4.83,1.06,2.21,2.78,3.49,2.53,3.42,3.16,6.21,5.73,9.29,11.04,13.09,14.89,7.55,9.05,2.08,4.03,3.21,2.68,4.89,1.88,3.92
00-0040100,Jay Higgins,BAL,LB,2.0,7,prior,9.0,9.07,9.13,12.87,10.79,11.63,11.8,7.26,4.82,6.57,6.36,12.59,18.09,7.07,18.28,15.41,2.51,3.47,3.67,3.0,1.84,2.24,2.79,3.2,3.03,1.73,1.96,4.3,3.78,2.94,3.39,4.22,3.38,2.86,15.14,13.86,5.47,6.97,11.97,11.43,4.97,6.47,2.73,2.02,3.11,3.8,3.74,3.04,4.04
00-0034874,Roquan Smith,BAL,LB,1.0,1973,measured,16.0,13.62,13.42,11.52,10.67,13.14,11.8,13.73,16.0,15.38,10.28,9.76,9.47,14.16,6.78,7.92,2.26,2.85,2.31,2.04,3.39,3.35,1.0,3.05,2.96,3.96,2.34,3.73,1.0,3.36,3.55,3.4,1.72,2.04,5.91,6.26,17.8,19.4,19.0,17.1,13.91,15.41,2.71,11.7,4.59,3.74,2.4,4.02,3.76
00-0040069,Teddye Buchanan,BAL,LB,1.0,612,measured,11.1,12.37,14.42,12.43,13.39,17.13,11.8,8.15,9.05,9.54,7.97,10.73,7.22,8.04,15.98,11.29,2.58,2.35,1.67,3.38,1.74,2.37,4.33,2.38,1.35,4.04,3.84,1.8,3.58,4.47,2.18,1.0,2.51,2.85,6.38,5.34,9.31,10.75,12.88,15.66,9.89,11.39,2.61,6.48,3.28,2.12,4.72,2.16,2.35
00-0038504,Trenton Simpson,BAL,LB,2.0,812,measured,12.8,15.93,15.17,12.43,12.92,13.95,11.8,9.13,9.52,10.96,8.59,8.37,13.49,14.39,7.05,11.29,2.36,2.35,2.4,2.49,2.19,1.97,3.23,3.91,3.4,2.68,3.41,3.56,3.2,2.71,2.55,2.18,3.73,4.12,15.26,15.63,16.77,16.82,13.59,13.63,4.54,6.04,1.87,4.56,4.72,3.61,2.6,2.43,4.32
00-0035408,Nick Moore,BAL,LS,1.0,0,prior,9.5,8.59,9.55,8.96,9.71,10.86,12.14,12.19,7.81,9.87,11.99,6.28,14.54,16.46,10.99,11.29,4.77,3.69,2.47,3.29,2.9,2.25,2.21,1.41,2.26,3.65,3.86,2.97,3.93,4.67,3.0,2.2,2.26,3.01,3.12,2.57,1.67,3.63,2.81,3.48,2.17,3.84,1.22,1.97,4.36,4.7,3.18,1.65,4.11
00-0038383,Andrew Vorhees,BAL,OG,2.0,1074,measured,15.1,3.72,5.46,5.71,13.34,8.69,11.8,12.14,13.79,12.01,8.16,12.68,13.84,12.56,15.16,6.6,2.4,1.25,3.37,3.08,3.14,4.21,2.68,2.19,2.59,3.19,2.66,2.74,4.62,3.92,4.03,16.06,19.4,2.62,3.03,3.6,2.18,2.97,6.08,2.12,3.82,1.0,3.56,4.42,1.87,2.3,2.58,3.42,2.38
00-0040068,Emery Jones Jr.,BAL,OG,2.0,42,prior,9.9,4.02,5.8,5.41,13.29,8.9,11.8,8.26,7.74,6.04,6.01,12.02,9.26,4.85,6.08,11.29,1.59,3.74,3.8,2.66,3.36,3.32,2.56,3.06,3.65,3.09,4.32,2.22,3.7,2.62,3.43,7.98,12.19,1.67,3.07,1.49,2.83,2.51,3.23,4.07,4.83,3.8,2.98,2.8,2.79,3.91,2.21,2.07,1.68
00-0036369,John Simpson,BAL,OG,1.0,2068,measured,12.3,3.03,5.33,2.69,17.09,9.08,11.8,11.7,8.27,10.41,10.6,15.65,7.5,17.99,10.99,13.98,3.36,2.95,3.56,3.96,3.28,2.33,2.6,1.76,3.43,1.11,1.69,3.94,3.63,2.11,3.38,14.74,10.13,4.63,1.48,3.0,2.55,2.33,2.65,2.63,2.85,4.06,2.97,4.03,2.5,2.9,3.22,4.84,1.81
00-0040866,Olaivavega Ioane,BAL,OG,1.0,0,prior,11.3,4.12,5.46,4.68,13.31,10.09,11.8,9.33,12.96,10.69,7.94,11.23,13.16,10.31,10.99,11.29,4.44,4.65,4.43,3.14,1.91,2.46,2.36,3.32,5.21,2.45,2.92,1.97,2.18,3.15,1.78,13.35,10.68,1.0,5.45,4.02,1.55,3.49,4.0,2.23,2.2,2.36,2.21,3.49,3.58,1.63,1.33,2.47,3.98
00-0037845,A.J. Arcuri,BAL,OT,,32,prior,11.0,3.66,5.5,4.93,11.53,8.0,11.8,11.5,10.91,6.21,7.82,10.92,5.64,13.04,10.99,11.29,1.82,3.61,3.51,1.38,1.46,3.57,2.26,1.67,1.63,2.42,2.3,1.0,2.15,4.08,5.13,11.48,12.83,2.13,4.01,4.41,2.85,3.43,3.29,2.54,2.96,3.31,4.15,4.11,2.54,2.27,3.1,2.5,2.57
00-0040070,Carson Vinson,BAL,OT,2.0,3,prior,10.8,5.07,7.33,6.53,11.45,9.18,11.8,8.51,6.63,4.18,5.85,9.44,7.59,13.04,10.99,11.29,3.08,1.65,4.6,4.65,3.02,3.26,4.35,3.11,3.7,2.13,2.82,2.11,4.11,3.31,3.54,9.87,13.3,3.68,3.97,3.64,1.88,1.42,3.27,4.08,3.12,2.97,2.21,3.42,2.94,3.5,2.93,1.58,4.75
00-0035698,Chuma Edoga,BAL,OT,,400,measured,12.1,3.68,6.01,5.36,10.67,9.15,11.8,10.64,7.88,12.34,8.71,7.71,13.27,4.55,13.91,4.87,4.15,3.4,3.37,3.19,1.0,2.77,2.17,1.83,1.38,3.79,4.14,2.28,1.14,2.83,2.65,13.0,14.76,2.39,1.95,3.75,3.9,3.09,2.04,3.44,3.13,2.36,3.88,2.67,3.16,2.93,3.08,4.98,3.31
00-0040098,Gerad Lichtenhan,BAL,OT,,0,prior,11.2,3.37,5.2,4.66,10.87,7.67,11.8,8.38,8.33,9.87,6.0,14.05,11.17,10.31,10.99,11.29,2.94,3.64,4.14,1.46,3.0,2.15,4.53,2.23,3.06,3.84,2.9,3.11,4.74,3.47,4.13,9.88,15.31,3.81,2.54,2.96,4.68,1.28,2.5,2.8,2.29,3.43,2.12,3.22,2.58,2.12,3.94,2.29,3.42
00-0039233,Roger Rosengarten,BAL,OT,1.0,1534,measured,11.6,7.73,9.12,6.49,12.48,10.15,11.8,8.78,8.75,7.47,8.81,10.63,12.18,14.76,10.99,11.29,2.72,3.85,2.66,3.72,1.33,1.65,3.98,2.76,2.68,3.25,2.08,2.58,3.44,3.7,3.82,17.77,9.04,3.71,2.46,3.57,5.29,3.12,2.24,3.04,4.78,3.34,3.32,2.51,5.61,3.49,3.4,2.82,2.01
00-0032965,Ronnie Stanley,BAL,OT,1.0,1791,measured,14.9,2.43,4.62,1.48,12.14,7.47,11.8,13.95,12.11,14.07,12.62,12.37,11.28,6.3,5.3,6.42,1.0,2.57,2.16,4.2,3.12,3.17,1.74,3.03,3.61,2.78,3.86,2.95,4.16,4.34,3.01,19.4,17.87,1.19,3.54,2.48,3.41,4.15,2.87,2.93,1.33,2.94,1.0,1.78,3.4,4.09,4.18,1.01,4.2
00-0040898,Ryan Eckley,BAL,P,1.0,0,prior,13.9,8.9,10.38,9.72,10.13,12.13,12.09,11.13,11.14,9.06,6.79,8.17,9.05,10.31,10.99,11.29,3.83,3.83,3.77,3.39,2.06,3.95,2.2,3.54,2.69,3.64,2.39,3.67,1.44,2.42,3.63,3.12,2.57,2.68,4.48,3.38,4.55,2.91,1.46,2.1,1.76,2.17,4.34,3.63,2.59,3.33,19.51,8.34,2.42
00-0040981,Joe Fagnano,BAL,QB,3.0,0,prior,7.0,8.93,10.97,12.2,10.08,13.57,11.8,7.07,5.97,2.95,5.49,13.42,9.41,10.31,10.99,11.29,10.94,6.59,6.9,8.59,4.81,5.59,5.36,7.44,2.57,2.55,3.56,4.24,2.96,2.58,2.73,1.43,2.98,3.19,2.37,3.04,1.63,2.59,3.27,3.35,1.8,2.67,3.43,3.08,1.09,4.39,3.97,2.91,3.21
00-0034796,Lamar Jackson,BAL,QB,1.0,1771,measured,15.3,9.37,9.31,11.44,10.08,10.0,11.8,15.33,14.93,15.24,14.75,12.56,8.79,7.8,7.61,5.04,13.47,13.5,19.56,14.85,16.08,12.98,17.46,9.89,3.28,7.2,3.17,4.07,3.18,2.7,2.27,2.12,3.5,2.73,2.73,3.99,2.1,1.69,3.5,3.34,2.4,4.16,2.99,1.43,4.81,2.85,2.63,4.16,3.15
00-0037327,Skylar Thompson,BAL,QB,4.0,38,prior,6.9,7.42,8.49,13.1,10.08,10.32,11.8,7.47,6.8,4.74,7.75,9.67,6.86,13.04,10.99,4.06,4.72,7.02,8.0,8.94,5.28,5.29,7.01,6.92,1.96,1.0,3.88,3.05,3.51,2.66,2.13,1.32,3.27,1.0,1.0,1.0,3.98,3.91,4.05,4.83,2.85,2.85,3.07,2.69,3.06,3.42,2.89,2.6,2.31
00-0035993,Tyler Huntley,BAL,QB,2.0,415,measured,9.8,9.55,9.5,11.86,10.08,10.26,11.8,8.55,9.23,6.83,9.28,14.53,12.44,17.99,10.99,7.4,8.32,9.65,16.35,7.16,7.86,9.34,8.46,7.21,4.65,3.82,3.22,1.8,3.64,5.25,3.72,2.25,2.96,2.7,3.36,3.55,2.68,2.57,3.07,4.25,2.68,3.0,2.47,2.5,2.47,3.2,3.98,4.34,3.28
00-0040888,Adam Randall,BAL,RB,4.0,0,prior,11.0,14.31,15.21,10.3,13.39,15.7,11.8,7.31,8.45,10.6,6.57,12.42,9.93,10.31,10.99,11.29,3.78,1.91,1.38,3.93,4.12,4.16,3.86,16.79,9.27,8.39,8.49,10.91,3.02,6.12,6.83,2.96,6.0,3.96,1.28,1.76,1.97,3.46,3.63,2.18,2.53,1.83,4.02,3.19,2.72,2.4,2.91,1.43,12.7
00-0032764,Derrick Henry,BAL,RB,1.0,1181,measured,15.4,11.96,14.46,9.86,11.33,15.14,11.8,18.26,13.14,14.51,11.64,9.62,10.84,17.3,14.1,7.06,4.26,3.29,4.65,3.23,2.48,2.78,4.42,8.36,20.0,18.43,19.39,13.05,1.46,6.71,3.84,14.2,13.64,15.2,2.48,3.02,2.69,3.43,2.27,3.76,3.0,3.93,3.67,2.51,3.93,3.49,3.28,2.98,11.28
00-0035924,Jonathan Ward,BAL,RB,,7,prior,8.2,14.45,14.53,13.33,8.0,13.84,11.8,11.63,6.83,6.31,9.77,7.41,7.96,13.66,6.04,11.29,2.33,4.47,1.15,2.21,2.99,2.95,2.56,5.88,5.66,5.34,5.37,7.48,2.18,4.15,4.74,1.0,6.0,1.0,1.22,2.76,4.52,4.34,4.71,4.66,2.73,4.28,3.11,2.77,3.32,2.58,2.74,1.0,15.37
00-0034975,Justice Hill,BAL,RB,2.0,629,measured,12.6,16.36,17.47,14.02,10.67,17.51,11.8,13.77,11.04,8.52,8.59,11.85,11.67,5.63,16.67,8.09,3.76,3.13,1.55,2.35,4.56,3.47,3.23,9.88,9.92,12.13,12.52,12.92,2.48,10.78,9.33,5.27,7.52,6.27,2.46,2.96,2.91,3.6,3.58,3.06,2.33,4.76,3.92,1.84,1.94,4.54,1.04,1.7,16.22
00-0039796,Rasheen Ali,BAL,RB,3.0,122,measured,10.1,14.06,14.36,13.24,8.62,13.94,11.8,9.38,8.53,8.0,7.99,11.71,16.9,7.09,6.34,6.2,2.59,3.35,3.89,4.03,2.82,3.05,2.52,14.95,8.12,7.0,7.24,8.86,2.63,5.26,4.75,2.56,4.63,3.56,2.73,2.22,2.51,3.49,2.64,2.73,4.08,3.58,5.08,1.8,3.41,3.2,1.0,3.88,13.43
00-0040988,Jahquez Robinson,BAL,S,3.0,0,prior,10.8,13.77,15.06,13.79,8.41,15.17,11.8,9.36,7.93,7.1,6.09,13.28,13.02,10.31,10.99,11.29,3.69,3.08,4.85,2.23,3.78,4.2,2.6,2.01,2.19,3.71,3.83,3.6,4.49,3.55,2.64,3.15,2.47,2.83,4.91,5.04,5.05,9.26,10.27,15.28,8.81,9.81,9.38,11.16,4.39,1.68,3.33,1.86,9.8
00-0036302,Jaylinn Hawkins,BAL,S,1.0,1219,measured,12.4,13.31,12.77,13.86,8.36,13.47,11.8,11.55,7.73,12.0,11.05,10.77,16.22,8.0,15.3,4.97,3.63,4.73,2.99,1.74,3.51,3.8,3.37,2.49,3.09,3.21,3.31,2.85,4.5,3.0,4.06,2.38,2.94,2.19,3.65,4.17,2.48,6.67,9.15,14.0,13.78,14.78,9.37,13.14,4.31,2.78,3.92,2.45,9.8
00-0036395,K'Von Wallace,BAL,S,,520,measured,11.6,13.3,16.28,16.06,9.0,16.84,11.8,11.53,9.48,5.65,8.14,10.32,7.17,7.08,6.59,16.1,3.98,3.08,2.14,2.37,2.68,2.69,2.06,1.06,1.83,3.77,1.0,3.54,2.58,1.01,1.95,2.76,2.34,2.99,3.67,2.61,2.55,12.79,14.08,15.16,8.31,9.31,9.56,11.26,3.4,3.85,2.92,3.11,9.8
00-0040104,Keondre Jackson,BAL,S,2.0,1,prior,8.2,13.65,14.98,13.94,8.7,15.28,11.8,8.9,4.1,7.94,4.66,9.71,9.34,13.04,10.99,11.29,3.27,2.57,2.84,2.49,3.37,1.14,3.72,2.83,2.72,3.26,3.34,3.75,4.34,2.08,3.51,4.97,2.4,1.65,3.82,2.07,3.39,13.18,6.6,9.72,4.89,5.89,9.47,5.89,2.29,1.63,2.26,3.31,9.8
00-0040688,Malaki Starks,BAL,S,1.0,993,measured,10.0,14.31,15.08,10.41,8.0,13.47,11.8,10.47,5.83,7.4,9.07,13.02,13.74,13.04,10.99,11.29,3.62,3.66,2.32,3.14,4.34,1.89,4.24,2.55,1.51,3.02,3.16,4.21,3.42,3.35,2.27,1.0,3.55,3.89,3.18,2.55,1.65,14.8,10.62,12.18,5.84,6.84,9.26,8.46,2.35,1.59,2.76,4.2,9.8
00-0034798,Durham Smythe,BAL,TE,2.0,828,measured,10.2,8.12,8.12,11.67,9.0,9.53,11.8,11.91,11.01,9.11,9.07,10.65,12.55,11.98,14.16,14.17,2.58,3.11,3.1,3.37,4.28,3.59,2.56,11.93,2.32,7.67,10.32,10.15,9.6,6.98,7.83,12.18,15.41,10.02,2.41,2.05,5.24,2.4,5.49,1.62,3.89,2.98,1.36,2.5,1.22,4.04,1.59,2.32,1.81
00-0040887,Josh Cuevas,BAL,TE,4.0,0,prior,9.2,11.54,12.27,10.24,9.57,13.14,11.8,9.41,8.27,7.05,6.66,11.32,12.3,10.31,10.99,11.29,2.04,2.61,4.29,2.47,2.91,2.58,3.71,8.85,3.29,6.81,9.46,8.54,8.55,8.24,7.92,9.91,8.84,7.75,2.9,2.47,4.32,3.86,3.11,1.14,2.35,2.78,5.09,2.69,2.23,2.81,1.99,1.0,2.02
00-0034753,Mark Andrews,BAL,TE,1.0,1218,measured,14.0,10.18,9.81,9.52,8.5,9.95,11.8,14.36,12.85,14.06,12.94,9.13,10.34,12.32,15.31,4.73,3.13,4.37,3.84,3.46,4.49,2.33,1.89,10.38,2.74,6.68,9.33,18.54,17.27,14.23,15.57,16.1,12.49,13.96,3.02,2.83,1.0,2.47,3.38,4.63,4.25,3.4,1.55,1.51,2.87,3.25,3.64,1.07,2.01
00-0040879,Matthew Hibner,BAL,TE,3.0,0,prior,9.8,12.92,12.49,11.86,14.31,14.59,11.8,7.75,5.42,3.88,7.84,10.79,8.95,10.31,10.99,11.29,1.94,2.99,1.3,2.76,3.7,1.89,2.4,10.27,4.22,6.75,9.41,8.9,8.55,8.26,7.94,9.69,8.84,7.53,3.89,2.38,3.15,3.92,2.9,2.32,2.11,3.26,3.35,4.44,3.35,3.56,2.78,3.71,1.56
00-0032394,Nick Vannett,BAL,TE,,346,measured,9.3,7.94,7.8,12.12,8.5,8.58,11.8,10.19,3.4,3.14,10.91,10.22,8.09,12.19,7.05,14.19,2.97,3.56,3.96,1.89,2.47,2.97,2.47,13.17,2.05,4.03,6.68,16.74,9.95,7.18,8.36,6.35,10.66,4.2,2.92,2.89,1.0,4.18,1.87,2.11,2.56,4.28,2.78,4.34,1.83,3.33,2.04,4.06,2.65
00-0032398,Chris Moore,BAL,WR,,646,measured,8.3,11.97,14.37,14.44,5.0,14.99,11.8,12.93,8.3,9.16,13.54,17.9,11.22,11.89,13.8,6.97,2.35,3.02,2.33,1.52,1.02,2.1,3.87,5.29,6.32,9.4,8.32,6.72,8.01,4.65,4.53,3.26,2.42,2.99,1.54,2.56,2.92,3.47,1.89,1.94,3.27,2.69,3.83,1.0,1.87,3.16,3.41,5.16,6.66
00-0039792,Devontez Walker,BAL,WR,2.0,175,measured,11.6,17.55,18.91,13.78,6.96,18.32,11.8,11.48,11.32,10.44,6.03,9.37,12.47,7.88,16.36,15.41,2.86,2.31,1.89,2.1,4.3,3.49,3.7,12.68,8.91,10.67,9.6,12.43,6.05,8.1,8.12,2.02,3.79,2.97,3.65,4.13,5.43,3.28,2.56,2.4,3.49,2.76,2.45,2.8,2.79,3.94,3.93,3.22,15.88
00-0040876,Elijah Sarratt,BAL,WR,2.0,0,prior,9.6,13.94,14.95,13.33,7.61,15.14,11.8,8.66,10.08,9.27,4.91,15.25,8.74,10.31,10.99,11.29,2.64,3.03,3.39,3.65,1.98,3.05,3.28,12.86,5.65,7.22,6.14,8.37,6.2,7.64,7.71,2.95,2.31,1.4,2.87,2.2,3.22,2.02,2.81,1.0,4.26,4.37,3.14,3.42,2.3,2.8,3.33,2.72,14.55
00-0040870,Ja'Kobi Lane,BAL,WR,1.0,0,prior,12.2,15.01,16.73,14.32,6.36,17.64,11.8,12.34,13.59,11.74,8.11,6.01,10.13,10.31,10.99,11.29,3.86,2.26,4.69,2.0,5.23,1.07,2.93,15.99,11.08,12.47,11.4,12.68,7.64,10.94,9.64,3.66,2.64,2.48,3.23,3.3,3.57,1.57,2.87,5.16,3.09,3.35,2.54,3.33,2.08,1.82,2.65,4.32,12.5
00-0040075,LaJohntay Wester,BAL,WR,2.0,43,prior,9.9,15.24,14.96,13.69,6.91,12.69,11.8,8.42,12.01,8.36,8.46,17.53,13.5,13.04,10.99,11.29,3.54,3.6,3.1,3.95,1.45,1.57,3.18,14.2,6.34,12.02,10.94,13.31,4.16,4.74,4.92,3.5,1.11,2.44,2.99,2.96,2.63,3.79,2.44,3.06,2.24,3.26,4.44,1.45,3.59,4.87,3.7,2.72,14.72
00-0036550,Rashod Bateman,BAL,WR,1.0,1266,measured,11.9,16.86,16.32,14.11,6.52,14.91,11.8,12.06,10.99,10.55,11.71,11.2,11.26,7.74,13.81,6.41,3.75,4.42,2.36,3.31,3.32,2.03,2.55,15.23,8.19,10.59,9.51,8.42,12.23,10.04,11.04,3.92,3.42,3.8,3.06,3.85,3.77,1.59,2.56,3.79,4.9,4.68,2.45,3.23,3.22,2.71,1.51,3.84,12.2
00-0040986,Ty Pezza,BAL,WR,,0,prior,8.1,12.93,14.36,12.41,8.89,15.3,11.8,7.17,9.03,8.05,5.63,10.32,11.66,10.31,10.99,11.29,3.51,2.81,2.89,2.65,3.15,2.21,3.18,7.61,4.36,7.0,5.93,5.54,4.66,6.25,6.26,2.93,3.28,2.58,2.32,3.58,4.62,2.81,3.11,2.5,4.19,2.76,3.47,3.44,3.48,3.11,2.36,3.63,12.44
00-0040099,Xavier Guillory,BAL,WR,,0,prior,9.5,14.19,15.1,13.56,7.29,15.1,11.8,8.12,10.56,9.17,4.72,11.91,8.4,10.31,10.99,11.29,3.3,2.67,1.31,3.26,1.96,3.74,2.85,11.77,10.15,16.06,14.98,13.55,3.6,3.59,3.59,4.13,4.03,4.91,3.98,3.6,2.97,2.22,4.27,3.46,3.61,4.49,3.8,2.03,2.78,4.11,2.06,3.22,10.0
00-0039064,Zay Flowers,BAL,WR,1.0,1732,measured,14.8,16.16,16.93,13.54,7.1,15.14,11.8,15.35,13.99,16.35,10.92,12.34,12.75,15.21,14.69,18.61,2.23,2.62,3.08,3.83,1.27,2.8,2.32,8.9,13.67,13.74,12.66,9.48,13.26,17.14,18.73,4.18,3.47,3.38,3.41,2.3,3.42,5.61,2.59,3.3,3.85,2.32,1.58,2.66,2.55,2.99,4.2,2.76,11.42
00-0035679,Connor McGovern,BUF,C,1.0,2038,measured,15.1,2.79,6.24,6.96,14.31,8.11,11.8,13.38,13.45,11.99,10.96,13.33,14.79,16.56,7.48,14.6,3.33,3.02,3.16,3.08,5.06,1.76,2.74,2.77,2.4,2.46,5.17,3.65,3.68,3.33,3.52,19.38,14.66,2.33,2.84,2.37,4.2,3.98,3.44,3.79,3.14,3.97,2.77,3.84,3.47,2.97,3.67,3.54,2.6
00-0036391,Lloyd Cushenberry III,BUF,C,2.0,1622,measured,9.7,2.67,4.69,5.98,12.92,8.07,11.8,9.33,4.86,8.33,9.42,12.95,5.74,14.16,7.51,16.74,2.83,3.19,3.37,2.73,2.61,3.04,4.93,3.29,3.25,3.62,2.36,3.15,3.15,3.59,2.3,10.8,8.48,3.56,2.8,2.44,1.0,4.22,3.16,2.03,2.5,4.25,3.38,3.59,3.32,2.36,2.44,4.0,4.07
00-0038848,Anthony Kendall,BUF,CB,,1,prior,9.8,15.05,15.58,13.61,7.09,15.11,11.8,10.68,8.92,11.16,9.55,16.05,12.46,11.93,14.56,15.11,2.05,3.07,3.36,4.1,2.78,2.41,3.06,5.07,3.12,2.87,3.53,4.08,5.06,1.57,2.24,3.0,5.01,2.87,4.74,4.61,3.01,9.78,12.33,16.22,7.05,7.05,9.97,5.84,3.46,4.19,4.86,3.42,4.22
00-0037288,Christian Benford,BUF,CB,1.0,1692,measured,12.6,15.06,15.95,13.74,7.29,15.79,11.8,11.14,11.52,12.06,10.59,12.36,13.58,12.31,13.87,4.08,3.22,2.9,1.66,2.91,2.52,5.24,3.68,2.03,1.8,3.12,3.52,3.38,1.11,3.33,2.32,4.26,3.29,2.84,4.16,3.44,2.5,7.27,5.8,11.52,12.93,12.93,10.03,10.05,3.32,4.44,3.83,3.23,9.75
00-0041391,Davison Igbinosun,BUF,CB,2.0,0,prior,10.8,15.47,14.84,14.18,6.12,13.42,11.8,10.08,11.63,9.89,6.1,13.18,7.04,10.31,10.99,11.29,3.01,2.63,4.87,1.0,2.26,1.0,3.85,3.91,2.95,3.16,1.7,2.78,2.5,2.36,3.33,4.95,3.43,2.61,3.22,2.28,2.7,9.13,11.04,14.11,8.92,8.92,9.68,7.52,1.92,4.72,3.55,3.95,18.32
00-0037034,Dee Alford,BUF,CB,1.0,1247,measured,13.8,14.8,15.23,13.66,6.38,14.44,11.8,15.05,10.81,14.42,10.13,9.45,9.58,12.63,18.62,14.09,3.38,3.3,1.0,3.63,2.55,2.55,1.42,1.93,3.75,4.03,1.2,2.85,2.13,4.5,1.93,2.76,1.0,5.0,1.56,2.54,1.91,3.52,13.75,15.06,14.16,14.16,9.76,13.41,2.48,2.1,2.74,3.8,6.21
00-0040197,Dorian Strong,BUF,CB,2.0,84,prior,9.9,14.31,13.23,13.96,7.5,13.94,11.8,8.93,9.95,11.56,4.58,7.82,11.23,4.6,15.57,11.29,1.98,4.51,3.49,2.92,2.23,3.34,3.93,4.0,1.0,4.07,3.58,1.17,3.28,2.5,3.84,2.35,2.53,2.66,2.89,3.81,2.11,7.35,11.68,14.59,7.55,7.55,10.09,6.61,2.63,2.16,2.12,1.77,16.83
00-0041086,Jalon Kilgore,BUF,CB,2.0,0,prior,10.5,16.62,17.76,13.26,8.0,16.44,11.8,9.1,8.82,10.98,7.27,9.6,10.41,10.31,10.99,11.29,3.02,3.7,1.56,4.09,4.38,3.91,3.06,3.7,3.38,3.9,2.54,4.13,3.61,2.07,3.06,2.65,3.46,2.73,4.56,2.7,2.66,8.93,11.71,15.28,7.51,7.51,10.24,6.6,4.31,5.13,2.5,4.16,18.31
00-0041275,Kani Walker,BUF,CB,,0,prior,8.5,15.08,15.98,13.91,6.97,15.69,11.8,8.35,5.73,6.33,7.77,11.32,14.25,10.31,10.99,11.29,3.67,3.72,3.01,3.33,1.12,1.15,2.56,1.57,4.41,2.9,2.91,3.81,1.79,4.48,3.01,3.09,3.61,2.25,3.52,2.91,1.6,7.37,11.98,14.62,4.56,4.56,9.93,3.77,3.93,4.64,2.19,3.5,6.16
00-0040709,Maxwell Hairston,BUF,CB,1.0,326,measured,14.1,19.4,19.07,13.68,7.06,17.43,11.8,11.58,12.85,12.43,6.62,11.48,13.48,13.04,10.99,15.41,3.2,1.74,4.27,3.52,1.72,3.94,2.76,2.1,2.31,3.06,2.96,4.07,1.0,2.31,1.0,2.02,2.69,4.24,3.25,1.85,2.91,4.53,7.59,12.13,13.14,13.14,9.96,13.71,2.03,2.62,4.45,3.06,13.76
00-0039469,Te'Cory Couch,BUF,CB,,0,prior,9.9,15.05,15.54,13.66,6.92,14.97,11.8,10.56,8.77,8.53,5.94,9.27,10.66,10.31,10.99,11.29,4.4,2.5,1.76,3.92,3.27,1.65,2.0,3.46,2.64,3.97,2.89,3.27,3.57,3.89,4.26,4.24,1.9,3.05,1.73,2.89,2.14,10.09,12.69,16.91,7.22,7.22,9.92,5.55,2.42,4.87,5.77,2.71,4.46
00-0039873,DeWayne Carter,BUF,DT,2.0,197,measured,9.4,6.8,7.8,4.33,13.86,11.04,11.8,9.98,8.3,7.94,8.34,11.56,11.36,7.43,14.65,7.78,2.0,1.18,1.54,2.82,3.54,3.8,3.25,2.87,4.34,2.3,2.87,3.31,1.85,2.82,4.0,2.92,3.32,2.38,8.02,6.6,9.2,9.82,7.72,9.34,2.32,4.04,1.63,2.82,4.08,3.45,3.76,1.73,1.0
00-0040710,Deone Walker,BUF,DT,1.0,435,measured,11.8,4.27,5.53,5.15,12.33,6.24,11.8,10.91,7.73,10.65,7.24,10.0,10.8,13.04,10.99,15.41,4.26,3.05,4.39,2.64,2.85,5.21,4.88,2.78,3.41,2.79,3.21,4.71,2.75,2.94,2.47,3.59,2.86,3.22,10.0,8.23,14.18,14.32,13.53,7.48,3.01,3.51,3.26,2.53,2.7,1.0,2.23,2.12,2.37
00-0035230,Ed Oliver,BUF,DT,1.0,791,measured,16.9,7.34,10.54,7.48,16.16,14.29,11.8,15.1,12.68,14.7,9.82,11.77,12.8,4.94,5.03,7.46,3.56,2.77,3.32,2.48,4.06,4.43,1.68,3.97,2.38,2.82,3.63,2.59,3.17,2.38,1.68,4.44,4.14,2.96,17.82,15.78,19.4,18.58,14.22,8.13,2.61,2.21,3.25,2.26,2.65,3.8,3.8,1.0,2.03
00-0035667,Greg Gaines,BUF,DT,2.0,791,measured,9.4,3.71,5.85,4.58,15.24,9.64,11.8,10.51,7.92,7.74,9.66,7.45,10.45,14.4,7.62,17.32,2.92,2.36,2.83,3.5,2.43,2.12,2.45,2.59,1.9,2.16,2.53,4.76,2.94,3.01,4.28,3.19,2.71,4.9,9.6,6.62,7.75,9.15,9.22,3.63,3.93,3.46,2.89,2.05,1.53,3.79,1.52,2.63,5.05
00-0038099,Phidarian Mathis,BUF,DT,2.0,364,measured,9.0,5.6,7.13,4.72,13.14,5.68,11.8,8.92,9.54,9.92,8.31,9.52,6.1,6.59,15.38,6.92,3.27,3.64,3.7,3.55,2.43,2.73,1.88,3.84,3.81,2.74,2.89,3.63,3.66,2.98,3.92,4.26,3.87,3.85,8.28,6.69,8.32,8.95,9.11,7.58,3.27,3.14,2.39,3.8,2.71,1.22,2.88,1.72,1.0
00-0040724,T.J. Sanders,BUF,DT,1.0,280,measured,10.1,6.75,8.38,6.36,12.67,11.05,11.8,8.33,10.76,7.7,9.53,8.0,10.58,7.37,15.98,7.51,3.42,3.21,2.28,2.28,1.94,4.6,2.28,3.26,3.34,1.0,2.04,1.54,1.25,3.14,4.14,2.6,2.59,2.26,11.97,10.94,9.65,8.3,7.2,8.99,2.06,4.99,2.96,3.32,1.67,4.09,3.32,4.09,3.52
00-0039930,Travis Clayton,BUF,DT,,0,prior,6.2,6.32,8.12,8.04,11.11,10.0,11.8,6.37,3.37,4.06,7.24,12.63,12.93,10.31,10.99,11.29,3.98,2.65,2.87,1.65,4.92,3.13,3.35,3.62,1.27,2.07,1.66,4.19,2.58,2.79,3.91,4.19,2.6,4.66,4.76,4.13,5.64,5.19,4.18,12.71,3.01,1.58,3.44,3.97,3.23,2.19,3.69,1.55,4.32
00-0041091,Zane Durant,BUF,DT,3.0,0,prior,9.8,10.0,10.0,7.42,13.85,12.09,11.8,8.89,8.19,11.64,3.72,10.39,14.23,10.31,10.99,11.29,3.21,1.7,3.04,2.56,2.48,3.45,4.15,3.75,3.61,2.49,3.24,3.59,3.4,5.01,3.76,2.9,3.75,2.96,10.68,10.38,8.56,7.55,7.67,10.89,4.03,1.17,2.31,2.73,2.98,2.59,3.16,1.69,3.97
00-0038635,Andre Jones Jr.,BUF,EDGE,,118,measured,7.4,10.7,11.35,11.59,10.83,10.13,11.8,7.46,7.18,4.09,7.1,7.87,8.86,15.84,10.99,11.29,3.99,3.59,4.53,2.33,4.97,1.49,3.36,2.2,1.82,2.3,2.08,4.45,1.78,2.29,1.94,2.52,2.71,3.73,5.75,5.86,5.79,7.02,5.02,12.94,5.8,6.8,3.26,4.32,3.29,3.15,2.68,2.36,1.13
00-0034832,Bradley Chubb,BUF,EDGE,1.0,1054,measured,14.5,10.77,12.24,9.36,12.46,14.02,11.8,14.93,15.83,12.55,12.04,7.74,14.3,15.08,14.56,6.35,1.11,2.06,3.52,3.7,2.53,2.39,3.61,1.03,2.85,3.41,2.71,4.72,2.21,3.82,1.46,3.28,3.79,4.38,16.65,16.22,14.81,14.58,12.49,12.07,5.8,6.8,2.45,4.71,4.28,2.58,1.89,2.83,3.69
00-0036914,Greg Rousseau,BUF,EDGE,1.0,1318,measured,15.0,11.08,11.29,11.11,10.67,10.45,11.8,12.52,14.76,13.95,12.05,12.71,7.12,14.41,7.55,11.29,2.79,3.54,1.08,1.88,3.86,3.08,4.3,3.6,2.09,2.95,3.44,1.53,4.71,1.42,2.38,3.89,2.43,2.07,14.89,15.19,18.7,19.4,17.2,8.28,5.8,6.8,1.7,3.12,4.02,2.73,3.87,4.01,1.46
00-0039879,Javon Solomon,BUF,EDGE,3.0,261,measured,7.8,10.46,11.98,11.5,12.0,15.01,11.8,8.36,6.8,2.61,7.22,9.17,6.99,12.23,7.15,11.29,3.99,1.73,4.22,2.21,2.61,4.12,4.12,2.49,5.32,2.88,5.41,1.99,2.71,2.65,2.97,2.95,4.23,1.94,5.83,5.45,6.38,8.0,7.37,12.45,5.8,6.8,2.98,2.47,2.73,3.1,3.01,4.23,3.49
00-0040132,Landon Jackson,BUF,EDGE,4.0,29,prior,7.2,11.08,14.67,11.28,10.77,17.86,11.8,8.37,5.92,4.9,7.34,8.67,16.75,13.04,10.99,11.29,2.75,1.01,5.22,2.7,1.65,3.85,2.77,2.53,2.84,3.98,3.89,3.11,1.67,2.53,2.63,2.09,1.67,2.98,5.06,5.33,5.47,5.05,4.04,13.25,5.8,6.8,2.21,1.34,2.76,3.42,2.76,2.32,3.46
00-0036378,Michael Danna,BUF,EDGE,3.0,993,measured,10.1,10.65,11.93,10.96,11.54,13.03,11.8,10.09,6.67,7.5,8.4,11.19,14.92,7.11,6.31,6.23,2.46,3.85,2.65,1.47,4.47,3.7,2.86,4.06,3.98,1.46,3.01,2.56,4.36,3.97,2.85,4.73,2.45,3.14,8.98,8.83,9.57,10.82,10.99,11.03,5.8,6.8,3.67,3.27,3.15,1.12,4.75,1.4,3.69
00-0035933,Michael Hoecht,BUF,EDGE,2.0,864,measured,10.1,9.85,11.39,10.3,11.42,12.72,11.8,11.47,9.64,8.97,10.92,12.38,12.87,17.99,10.99,15.11,1.64,3.57,4.22,3.05,1.0,2.64,2.76,3.88,3.92,4.36,1.91,2.78,3.61,2.61,2.34,3.76,2.05,3.68,9.18,8.79,9.7,10.95,13.39,13.89,5.8,6.8,4.52,2.28,3.28,1.0,2.19,1.45,4.68
00-0041036,TJ Parker,BUF,EDGE,2.0,0,prior,9.7,11.08,12.53,10.71,11.55,13.42,11.8,8.52,5.7,6.78,7.15,13.89,10.22,10.31,10.99,11.29,4.1,2.14,2.71,2.8,4.0,1.71,3.38,1.77,4.46,1.0,2.72,4.06,1.79,1.89,2.7,1.03,2.66,1.0,8.87,8.86,8.6,9.02,9.28,12.16,5.8,6.8,2.14,1.71,1.74,3.44,3.03,2.87,1.22
00-0036162,Tyler Bass,BUF,K,1.0,33,measured,9.6,9.69,10.87,9.77,9.88,12.09,10.52,11.45,6.81,4.84,11.18,11.65,12.08,5.04,15.78,11.29,2.9,2.24,2.05,2.65,3.56,2.42,4.21,1.45,3.99,3.14,2.59,3.53,2.99,4.66,1.99,3.21,1.91,3.35,4.11,2.73,5.1,3.51,4.27,3.51,3.12,3.38,3.24,4.18,9.26,9.89,4.11,3.82,5.27
00-0035020,Demetrius Flannigan-Fowles,BUF,LB,,365,measured,11.9,11.25,11.98,11.91,8.34,12.14,11.8,9.78,5.99,8.4,7.02,6.78,10.43,5.59,5.46,4.58,3.33,2.9,2.93,3.31,4.35,4.3,1.0,2.57,2.3,4.03,1.84,4.07,4.13,3.87,4.24,3.64,2.6,2.41,7.96,8.3,14.54,13.62,12.82,12.12,10.3,11.8,3.07,6.28,1.76,4.91,2.06,2.67,2.97
00-0038557,Dorian Williams,BUF,LB,2.0,908,measured,14.5,14.54,14.34,11.96,10.22,13.2,11.8,10.84,12.51,9.55,5.64,9.57,12.69,14.31,15.98,14.86,3.94,4.55,2.56,2.12,2.93,3.27,3.13,1.95,2.51,3.55,2.04,3.7,3.26,2.42,3.98,5.68,3.68,2.57,13.31,14.14,14.49,17.83,19.4,14.99,7.34,8.84,1.9,4.11,3.78,4.1,4.46,2.84,1.81
00-0039763,Joe Andreessen,BUF,LB,2.0,160,measured,12.1,12.09,12.9,11.94,11.11,13.73,11.8,10.72,7.96,11.0,8.03,10.03,10.88,14.76,10.99,11.29,1.61,2.08,3.75,2.73,4.67,3.28,5.19,3.15,2.57,2.31,3.35,2.62,3.59,1.48,3.17,3.81,4.53,4.12,14.9,14.56,9.14,11.72,15.41,15.67,6.26,7.76,3.05,2.29,2.9,3.61,2.84,4.48,2.94
00-0041444,Kaleb Elarms-Orr,BUF,LB,1.0,0,prior,11.9,15.01,15.58,11.86,10.02,16.99,11.8,8.45,8.14,5.8,7.1,8.54,8.46,10.31,10.99,11.29,4.06,1.14,2.58,5.37,4.38,3.56,2.85,1.79,2.32,2.22,3.22,2.55,4.83,2.26,3.66,3.07,3.58,1.57,9.52,10.58,8.48,10.78,13.2,17.11,9.82,11.32,2.32,6.26,1.0,1.91,1.81,2.32,2.95
00-0040362,Keonta Jenkins,BUF,LB,,20,prior,10.0,12.07,12.92,12.46,9.41,13.3,11.8,9.77,8.08,6.24,3.97,12.52,9.25,13.04,10.99,11.29,2.5,2.52,4.82,2.71,3.05,2.92,3.31,1.62,5.25,4.25,2.92,3.99,1.15,3.17,5.79,2.39,2.11,4.11,6.37,6.61,7.6,9.34,11.96,12.82,7.49,8.99,4.43,2.76,1.04,2.27,3.02,3.08,2.8
00-0031550,Shaq Thompson,BUF,LB,,576,measured,13.0,10.16,10.56,13.99,10.79,11.53,11.8,12.22,10.6,9.16,14.72,14.04,9.15,4.68,7.16,5.14,4.02,1.83,2.6,2.79,3.45,2.89,2.85,3.05,3.0,1.0,3.96,1.5,2.82,2.48,3.25,3.34,2.39,3.53,5.93,5.03,16.13,15.8,15.16,10.62,12.77,14.27,4.02,7.0,4.62,3.06,2.85,3.45,1.92
00-0037254,Terrel Bernard,BUF,LB,1.0,1481,measured,13.3,11.96,13.71,13.47,11.33,14.59,11.8,10.76,10.39,11.14,9.36,10.55,11.81,7.57,15.33,5.32,1.35,3.15,3.49,2.11,2.46,2.18,2.84,3.13,1.98,2.53,3.7,2.78,2.94,3.2,3.32,2.2,2.43,2.57,11.58,11.12,11.66,13.81,16.33,15.55,10.68,12.18,2.42,13.04,2.28,2.94,3.78,3.29,1.34
00-0032497,Reid Ferguson,BUF,LS,1.0,0,prior,10.8,9.04,10.0,9.35,9.71,11.25,11.2,12.96,9.93,7.7,12.7,13.39,11.93,17.99,10.99,11.29,3.88,1.0,2.94,4.6,2.31,4.62,3.89,3.32,1.66,2.89,3.17,2.56,3.01,3.67,4.65,1.64,1.81,2.23,5.43,1.0,2.47,2.02,3.97,3.88,2.47,3.28,3.18,2.17,3.49,2.65,3.6,2.85,2.71
00-0037428,Alec Anderson,BUF,OG,1.0,348,measured,14.6,4.55,6.4,6.81,13.05,8.9,11.8,11.81,13.05,12.84,9.63,8.09,12.94,10.31,10.99,11.29,1.92,3.66,4.26,2.87,4.2,2.21,3.21,1.94,2.67,4.36,3.46,2.34,4.54,2.44,3.25,16.55,16.97,4.01,4.09,2.78,3.33,3.09,2.51,4.35,2.35,3.37,2.4,2.6,3.76,2.92,3.03,3.5,2.91
00-0041128,Ar'maj Reed-Adams,BUF,OG,3.0,0,prior,11.1,2.8,6.0,5.1,13.16,9.53,11.8,7.45,6.97,10.89,7.33,8.9,9.95,10.31,10.99,11.29,4.68,4.46,3.24,2.21,3.98,3.96,1.0,3.52,1.64,2.19,4.32,2.52,3.97,3.08,3.67,13.05,10.55,2.43,3.59,2.51,2.41,4.11,4.82,2.15,1.0,1.93,1.12,3.4,1.77,3.46,3.0,3.53,1.54
00-0034261,Austin Corbett,BUF,OG,2.0,926,measured,11.0,3.61,5.08,5.51,9.5,7.44,11.8,10.89,8.76,10.93,11.88,12.39,14.52,5.74,7.44,15.41,3.59,2.25,1.89,2.86,4.25,4.47,2.56,4.43,3.17,3.23,3.36,3.13,2.38,2.18,2.94,9.71,15.84,2.06,2.85,1.95,4.16,2.57,1.79,3.4,4.33,2.9,4.47,4.17,1.89,4.32,2.94,2.55,1.06
00-0038633,Nick Broeker,BUF,OG,,6,prior,9.2,2.95,5.39,5.87,13.05,8.63,11.8,11.27,5.14,3.72,8.51,10.04,11.11,13.86,10.99,14.86,2.39,1.28,3.48,3.1,2.74,2.92,2.44,2.39,1.9,3.07,2.27,1.71,3.83,2.6,3.66,7.99,9.21,1.89,4.31,4.37,2.91,4.92,2.15,3.73,2.64,1.94,3.74,1.22,3.14,4.52,3.59,2.73,2.82
00-0038548,O'Cyrus Torrence,BUF,OG,1.0,2158,measured,15.3,2.35,3.98,4.76,13.35,4.83,11.8,14.36,9.36,12.41,9.73,15.28,10.39,15.84,10.99,11.29,2.84,3.82,2.9,2.09,3.35,1.23,2.0,4.3,2.59,2.38,1.75,1.0,1.0,3.73,2.75,19.4,16.35,2.56,2.63,3.96,2.61,2.72,4.13,1.89,3.72,3.41,2.55,3.92,3.05,3.09,3.02,3.58,2.24
00-0040217,Chase Lundt,BUF,OT,,0,prior,11.5,4.47,6.48,6.39,11.78,8.89,11.8,8.75,8.89,9.47,6.89,3.18,15.5,4.31,15.98,11.29,4.32,2.68,2.53,3.11,2.19,2.77,2.59,1.91,3.96,2.65,3.37,2.8,3.27,1.74,3.85,9.88,15.18,2.86,2.67,5.3,1.47,1.7,2.87,2.77,4.44,2.8,2.3,1.36,3.34,4.63,2.24,2.86,4.04
00-0033904,Dion Dawkins,BUF,OT,1.0,1959,measured,13.2,3.67,4.87,6.72,13.39,5.87,11.8,13.39,10.24,9.95,11.48,14.27,10.5,13.8,16.46,14.09,2.08,1.32,2.82,3.67,2.59,3.56,3.35,2.92,3.6,2.73,3.85,1.33,3.54,3.48,5.02,19.4,11.63,1.42,3.58,2.59,3.83,2.01,3.89,2.12,4.1,1.89,3.09,4.09,3.64,1.81,3.81,3.33,1.97
00-0036267,Jedrick Wills,BUF,OT,,394,measured,9.9,6.0,8.25,4.65,12.8,12.66,11.8,10.82,6.01,4.59,11.64,14.6,9.37,6.95,5.39,15.95,3.48,2.33,5.4,1.0,3.95,2.81,2.69,1.87,5.09,4.73,3.25,2.45,3.56,3.48,2.65,12.28,8.72,1.46,3.87,2.99,1.76,1.0,1.94,2.09,1.36,2.74,2.83,1.15,4.55,4.03,2.54,3.87,3.22
00-0041548,Jude Bowry,BUF,OT,3.0,0,prior,10.5,5.6,8.55,5.43,12.44,12.94,11.8,8.55,7.81,7.43,7.61,10.77,11.52,10.31,10.99,11.29,3.8,1.88,2.27,3.05,2.97,2.91,3.06,3.44,4.11,3.89,2.73,1.86,1.39,2.19,1.45,11.16,11.35,4.37,4.54,2.55,3.71,1.75,2.98,3.01,1.81,3.05,2.51,3.11,3.86,3.44,3.97,3.08,1.14
00-0036976,Spencer Brown,BUF,OT,1.0,1846,measured,15.8,3.8,5.82,5.91,11.18,8.25,11.8,11.85,14.69,15.95,10.14,11.97,6.37,11.81,15.19,4.55,3.56,3.28,2.23,2.38,3.28,4.17,2.47,2.25,1.03,4.14,1.44,3.74,1.75,2.62,2.06,19.4,19.4,1.39,2.77,4.69,2.76,4.31,2.96,3.77,2.27,2.39,4.35,2.72,2.63,1.92,3.11,3.01,2.9
00-0039882,Tylan Grable,BUF,OT,2.0,111,measured,11.2,7.33,9.92,5.51,12.45,14.4,11.8,9.2,8.24,9.2,6.63,9.02,10.57,6.52,16.8,4.25,3.72,3.39,1.72,4.83,3.25,1.48,1.77,2.91,2.8,2.73,3.92,1.54,3.35,2.2,3.89,11.5,12.68,2.05,4.49,4.65,2.76,2.69,1.0,3.35,2.35,1.47,1.94,4.4,3.19,4.0,2.86,3.0,4.74
00-0041126,Tommy Doman Jr.,BUF,P,1.0,0,prior,13.9,8.49,10.18,9.72,10.13,12.13,10.04,10.61,9.97,10.35,4.6,8.82,8.78,10.31,10.99,11.29,2.99,1.98,2.94,3.27,3.74,3.36,3.22,3.54,3.46,2.17,4.67,1.25,3.34,5.07,3.34,3.23,2.17,3.46,2.07,2.9,3.58,4.06,3.22,2.44,4.55,4.06,4.53,3.32,3.03,2.47,19.46,8.3,2.18
00-0034857,Josh Allen,BUF,QB,1.0,2035,measured,14.6,9.19,10.94,12.7,10.08,12.42,11.8,14.03,14.91,11.3,14.64,10.01,11.14,17.99,10.99,7.97,14.0,16.24,14.45,14.26,16.94,14.6,14.25,14.01,3.22,11.71,1.0,2.04,3.41,1.59,2.99,3.49,4.98,2.4,1.23,3.64,3.96,1.97,3.28,3.63,2.09,2.62,3.22,1.0,2.16,3.95,3.21,1.41,4.21
00-0034577,Kyle Allen,BUF,QB,2.0,26,prior,9.4,9.12,9.27,11.14,10.08,10.02,11.8,10.08,9.25,9.77,13.63,8.13,10.56,11.98,14.27,11.29,4.63,8.32,13.81,8.43,7.48,11.56,9.09,7.42,2.3,1.0,2.61,2.55,2.47,1.55,4.55,3.3,2.93,1.95,3.49,2.83,2.98,3.84,1.83,4.12,2.52,4.36,2.52,4.35,3.63,2.42,4.74,3.2,1.0
00-0036679,Shane Buechele,BUF,QB,,29,prior,7.1,9.2,9.32,12.0,10.08,10.33,11.8,8.21,6.84,6.35,11.01,13.08,7.46,13.04,10.99,11.29,4.67,6.23,8.35,9.12,5.4,4.89,7.67,7.41,4.32,1.0,4.4,3.79,2.67,5.01,3.82,1.7,2.28,5.66,2.12,4.55,2.84,2.2,1.23,2.72,3.4,3.24,2.48,5.09,1.92,2.11,1.73,3.48,1.95
00-0039471,Frank Gore Jr.,BUF,RB,,0,prior,7.9,13.85,13.87,14.13,8.19,13.58,11.8,8.91,5.41,4.25,6.38,14.96,10.24,10.31,10.99,11.29,3.43,1.16,3.56,4.79,2.47,4.44,3.39,6.61,5.28,5.24,5.28,4.09,2.1,3.7,5.37,1.0,5.96,1.0,3.47,4.29,1.63,4.27,2.76,4.69,2.46,3.63,2.92,3.3,2.75,3.91,2.97,4.87,15.6
00-0037248,James Cook,BUF,RB,1.0,1192,measured,15.8,16.16,16.19,14.49,7.17,13.54,11.8,13.52,12.19,11.82,9.38,11.69,12.65,16.96,10.99,6.6,3.58,2.87,3.31,3.11,2.42,3.38,2.63,9.33,18.95,17.34,18.79,8.34,2.04,10.95,8.93,9.83,16.37,10.83,3.38,4.1,3.57,1.0,4.11,4.1,1.97,4.02,2.99,3.22,2.57,1.67,3.29,3.96,10.62
00-0039875,Ray Davis,BUF,RB,2.0,295,measured,13.5,13.3,13.57,13.41,9.02,13.54,11.8,11.24,12.98,12.29,6.81,7.35,13.7,14.76,10.99,14.86,3.87,1.82,2.77,3.41,2.44,2.12,4.16,14.99,17.33,15.51,11.64,8.81,1.67,11.12,9.98,1.31,4.36,2.31,3.01,4.39,4.32,3.66,2.09,2.13,3.96,2.74,3.31,3.98,4.51,2.24,2.32,3.96,15.15
00-0035537,Ty Johnson,BUF,RB,3.0,535,measured,12.9,13.44,13.74,12.99,8.78,13.53,11.8,10.95,11.76,11.58,10.6,9.98,10.4,17.99,10.99,7.29,2.36,2.18,3.08,2.85,4.69,2.57,4.31,11.01,14.62,9.54,13.34,16.55,3.47,8.65,5.44,8.59,10.62,9.59,5.7,2.83,1.0,2.98,2.3,2.9,1.35,1.9,1.0,3.34,3.11,2.32,3.4,2.41,10.04
00-0035253,C.J. Gardner-Johnson,BUF,S,1.0,1374,measured,13.6,14.54,13.48,13.66,8.5,13.88,11.8,10.45,12.33,12.26,10.82,10.97,10.02,7.33,13.93,15.07,2.55,2.87,2.75,4.54,3.09,2.96,2.95,2.78,3.44,1.98,2.31,1.7,4.17,2.38,2.94,3.29,4.02,2.14,2.37,2.99,2.13,13.68,11.45,10.74,14.24,15.24,9.41,17.32,2.77,1.03,2.66,2.48,9.8
00-0039872,Cole Bishop,BUF,S,1.0,1069,measured,11.8,15.47,15.82,13.64,8.12,16.56,11.8,10.5,6.62,8.45,9.2,8.57,10.1,14.76,10.99,11.29,1.54,2.95,2.89,4.24,3.54,2.87,4.43,2.22,2.75,2.99,3.12,3.09,2.05,1.56,2.08,2.41,3.27,4.94,5.21,3.36,4.86,7.12,11.88,16.7,10.13,11.13,9.3,11.09,2.86,2.21,4.31,3.53,9.8
00-0036888,Damar Hamlin,BUF,S,2.0,583,measured,11.8,12.22,12.53,13.0,9.0,13.44,11.8,12.23,9.01,9.68,9.46,13.88,8.0,6.49,15.81,4.2,2.29,4.5,3.7,2.8,3.5,2.56,2.46,1.1,4.33,3.39,1.71,1.99,2.5,4.82,3.81,3.05,2.93,2.7,4.35,1.89,2.38,13.77,14.5,14.96,9.13,10.13,9.56,9.42,2.27,4.83,4.47,5.7,9.8
00-0036199,Geno Stone,BUF,S,,2056,measured,14.2,12.0,12.0,15.0,6.0,12.65,11.8,13.55,15.15,12.32,9.39,14.27,3.46,17.99,10.99,16.83,1.61,3.98,4.27,2.69,3.32,4.7,2.95,3.41,1.78,4.56,1.69,1.0,2.23,3.84,2.44,4.83,3.34,3.96,1.82,3.21,3.07,4.68,9.6,16.21,16.84,17.56,8.66,20.0,3.07,3.49,2.9,3.08,9.8
00-0040192,Jordan Hancock,BUF,S,3.0,138,measured,8.8,14.14,15.03,13.6,7.28,14.47,11.8,8.69,5.59,5.97,5.42,8.11,9.65,13.04,10.99,5.58,3.48,2.43,2.47,3.52,2.0,3.92,2.53,2.86,2.97,2.53,3.36,4.93,5.72,3.18,2.53,4.43,3.83,2.58,1.07,3.09,2.63,10.21,8.18,12.5,5.61,6.61,9.04,7.15,4.31,2.69,2.92,2.71,9.8
00-0036037,Sam Franklin Jr.,BUF,S,3.0,126,measured,9.4,13.14,14.57,12.59,8.31,14.64,11.8,9.52,8.77,5.04,9.05,10.71,6.01,11.88,15.73,14.21,3.04,3.37,2.46,3.25,4.92,1.0,3.27,3.2,3.61,3.37,1.52,1.11,2.44,1.93,4.69,3.14,5.23,1.94,2.42,3.78,2.52,8.3,10.57,12.31,6.88,7.88,9.35,7.2,4.57,3.6,2.05,5.31,9.8
00-0038933,Dalton Kincaid,BUF,TE,1.0,863,measured,14.7,11.41,12.63,12.02,9.66,13.62,11.8,10.92,12.47,12.71,8.96,12.6,11.48,7.34,14.63,5.88,1.96,3.2,3.06,1.63,4.58,3.66,1.97,14.16,2.89,12.98,15.63,16.62,10.85,19.65,17.17,14.88,13.02,12.72,1.88,2.81,4.21,1.35,3.08,2.24,3.85,2.64,2.8,3.83,2.4,2.54,3.83,1.06,1.0
00-0035689,Dawson Knox,BUF,TE,2.0,1200,measured,12.8,10.11,11.42,12.09,8.0,12.95,11.8,11.53,14.88,11.12,10.25,9.74,11.66,7.72,14.5,17.09,1.78,2.51,1.23,3.01,2.23,1.9,2.26,14.04,2.09,11.67,14.32,9.43,13.97,13.17,14.66,17.68,11.92,15.82,3.38,1.33,3.83,1.98,3.46,1.53,2.0,1.0,2.56,1.86,3.61,2.12,4.52,3.83,1.4
00-0040194,Jackson Hawes,BUF,TE,3.0,446,measured,9.4,9.07,11.78,11.5,8.0,13.77,11.8,8.21,7.1,6.04,7.92,8.51,9.19,13.04,10.99,11.29,2.95,3.91,1.83,1.59,1.72,2.38,2.57,9.6,3.74,8.57,11.22,9.62,10.0,10.65,9.05,8.61,9.06,6.45,2.67,2.49,2.6,1.99,2.92,1.0,3.83,2.28,2.18,3.64,4.47,3.87,1.53,2.07,1.54
00-0040363,Keleki Latu,BUF,TE,4.0,74,prior,9.2,10.77,12.1,12.16,9.18,13.25,11.8,7.53,7.47,5.74,7.19,16.61,12.02,13.04,10.99,11.29,2.74,1.32,2.68,3.3,2.7,2.4,2.93,6.85,3.67,5.81,8.47,13.81,6.2,5.69,4.44,10.25,10.47,8.1,1.0,2.83,3.28,2.8,3.07,3.96,3.44,3.85,4.01,3.87,3.35,2.59,2.86,5.13,3.04
00-0034827,DJ Moore,BUF,WR,1.0,2037,measured,14.7,15.71,17.35,15.26,7.5,17.31,11.8,14.43,14.27,13.96,12.01,10.97,10.33,11.98,13.97,18.34,3.52,2.86,3.46,3.47,2.92,1.92,2.13,12.94,11.88,13.9,12.82,14.67,15.74,13.03,13.6,2.94,3.31,3.39,3.51,2.91,4.11,2.36,3.97,2.67,2.27,1.45,4.86,2.57,5.01,2.96,2.67,3.57,11.64
00-0035500,Greg Dortch,BUF,WR,,722,measured,11.8,16.02,15.67,13.42,7.07,14.84,11.8,12.02,10.77,8.12,8.14,9.4,12.5,11.84,15.06,16.24,1.0,1.68,3.25,3.25,2.05,1.82,1.92,4.82,10.61,14.47,13.4,8.09,8.94,11.02,11.91,2.46,3.45,2.14,2.56,3.7,2.35,3.19,3.25,4.19,3.26,1.4,2.31,3.08,3.42,2.99,1.52,1.66,15.08
00-0041272,Ja'Mori Maclin,BUF,WR,,0,prior,8.8,15.56,15.74,14.06,6.49,14.94,11.8,9.77,8.53,8.25,4.59,10.56,13.49,10.31,10.99,11.29,2.26,3.01,2.51,2.06,1.61,4.17,3.04,7.61,4.36,7.0,5.93,5.54,4.66,6.25,6.26,4.07,3.91,2.57,1.23,3.09,2.13,1.2,1.0,2.53,2.22,1.93,3.03,2.32,3.8,3.43,4.49,3.95,13.49
00-0036988,Josh Palmer,BUF,WR,2.0,970,measured,10.6,14.2,15.03,13.31,7.59,15.11,11.8,11.93,8.17,6.94,9.15,10.6,14.32,7.19,18.12,6.36,1.39,3.46,2.17,2.22,3.92,1.83,2.81,9.72,5.93,4.99,3.91,11.02,9.06,8.56,8.08,3.92,2.32,2.26,2.26,2.49,4.97,4.08,3.19,2.59,3.5,1.72,3.13,2.3,2.76,4.0,2.79,2.99,14.57
00-0039901,Keon Coleman,BUF,WR,1.0,910,measured,10.2,12.18,14.81,13.59,7.3,16.55,11.8,9.47,10.17,8.13,8.7,16.6,10.03,11.92,6.24,4.84,1.37,1.6,2.16,1.58,2.56,3.02,2.11,12.76,11.0,12.5,11.43,7.67,9.42,8.65,9.32,3.74,2.88,3.14,3.35,3.04,3.44,2.03,1.48,2.08,4.92,5.53,3.02,2.16,2.04,3.39,2.14,2.59,10.42
00-0037261,Khalil Shakir,BUF,WR,1.0,1161,measured,16.0,15.93,16.07,12.11,6.63,14.19,11.8,12.02,15.14,18.42,9.68,12.96,9.47,14.34,15.16,14.86,3.31,2.97,1.9,2.86,2.96,3.26,5.22,9.89,15.67,18.35,17.27,17.32,15.13,15.82,16.46,3.13,4.07,3.95,1.0,2.81,2.53,3.01,4.04,2.15,3.08,4.6,2.85,1.0,4.17,1.28,3.51,1.11,9.82
00-0041443,Skyler Bell,BUF,WR,2.0,0,prior,10.3,16.62,18.25,13.64,7.06,18.44,11.8,9.72,8.82,6.63,5.7,14.96,7.63,10.31,10.99,11.29,3.07,2.78,2.26,1.0,2.8,3.6,1.76,12.79,5.55,7.22,6.14,8.48,6.32,7.64,7.7,1.41,2.59,2.69,1.7,2.02,3.1,3.65,3.58,4.48,2.42,3.2,1.73,4.93,2.17,3.17,4.01,3.6,15.62
00-0040361,Stephen Gosnell,BUF,WR,,0,prior,9.7,14.79,15.41,13.87,6.83,15.03,11.8,8.22,9.36,7.01,8.5,11.06,11.82,10.31,10.99,11.29,4.27,1.83,3.75,3.79,1.0,3.58,3.62,11.77,10.15,16.06,14.98,13.55,3.6,3.59,3.59,3.3,2.27,3.78,3.24,3.23,3.25,4.01,1.05,1.69,1.24,3.33,1.51,3.14,3.88,2.76,4.4,2.82,10.24
00-0034487,Trent Sherfield,BUF,WR,,430,measured,9.2,13.74,14.31,12.64,7.45,14.37,11.8,10.34,10.92,10.43,10.19,16.46,13.19,17.99,10.99,15.02,4.51,3.45,1.48,2.88,3.95,2.78,2.89,5.99,6.08,11.94,10.87,7.43,7.15,6.2,6.78,3.36,2.3,4.54,2.11,3.27,2.49,2.78,3.49,3.43,1.12,2.81,2.31,2.79,1.51,2.57,1.85,3.27,12.84
00-0038679,Tyrell Shavers,BUF,WR,2.0,421,measured,12.5,14.16,15.24,14.08,6.68,15.08,11.8,12.88,14.36,11.09,5.12,6.42,7.63,14.76,10.99,11.29,3.31,1.53,2.71,3.17,2.81,1.8,4.34,9.78,10.13,13.04,11.96,12.1,8.6,12.13,12.14,4.84,3.83,3.06,3.5,4.66,4.26,2.71,4.09,2.37,3.34,3.79,1.0,4.01,2.97,3.88,1.45,4.66,15.59
00-0037814,Luke Fortner,CAR,C,1.0,1124,measured,11.9,3.74,4.81,4.2,12.68,5.2,11.8,11.63,9.39,10.68,9.17,9.9,13.79,16.96,10.99,14.41,2.83,1.88,4.98,4.42,3.97,3.28,2.82,3.41,2.61,2.06,2.48,2.25,2.34,2.33,1.63,6.66,19.4,4.49,1.13,2.71,4.73,3.24,3.55,1.67,3.1,4.34,2.72,3.56,2.47,3.28,2.66,2.27,3.88
00-0041071,Sam Hecht,CAR,C,2.0,0,prior,10.0,5.33,5.47,5.8,13.3,7.75,11.8,6.59,7.64,7.59,3.91,5.3,9.07,10.31,10.99,11.29,1.98,3.0,3.08,2.59,4.01,3.45,3.57,3.94,2.66,2.33,2.99,1.95,2.31,1.5,3.72,10.35,11.08,3.85,2.77,2.94,3.08,3.63,1.99,3.74,1.55,2.7,3.79,3.85,4.61,4.58,2.25,3.45,3.23
00-0038101,Akayleb Evans,CAR,CB,2.0,434,measured,10.8,15.24,16.85,13.89,7.03,15.7,11.8,11.67,6.94,8.73,7.23,12.12,16.25,7.1,17.77,4.79,4.02,4.09,2.86,3.51,1.84,2.81,1.12,4.28,4.05,3.22,3.69,2.77,3.95,4.36,4.15,2.25,3.67,5.86,3.41,1.1,3.81,8.61,9.28,12.14,8.88,8.88,9.95,7.48,2.6,4.29,2.57,2.4,14.79
00-0039380,Chau Smith-Wade,CAR,CB,1.0,765,measured,10.0,13.48,15.01,12.77,9.0,14.33,11.8,9.18,12.64,7.01,10.15,14.35,14.44,11.82,15.8,15.41,1.8,2.43,3.16,3.32,3.72,3.1,3.1,4.56,6.03,3.68,3.63,2.35,4.72,2.58,1.0,3.94,2.94,1.0,1.59,4.21,3.19,9.29,13.17,14.47,7.58,7.58,10.54,7.86,1.62,3.42,2.53,3.98,12.25
00-0040296,Corey Thornton,CAR,CB,,117,measured,9.4,15.06,15.93,13.76,7.23,15.74,11.8,9.72,12.17,10.06,7.17,11.08,14.49,13.04,10.99,11.29,5.79,2.84,3.64,3.91,1.92,2.96,2.95,2.63,3.68,4.03,2.11,3.94,2.27,5.74,3.7,4.46,4.3,2.65,3.19,1.06,3.39,6.69,11.68,15.0,6.41,6.41,10.01,4.7,1.86,4.23,2.12,3.17,6.1
00-0041153,Devonta Smith,CAR,CB,,0,prior,8.5,15.05,15.72,13.63,7.23,15.4,11.8,9.31,10.65,9.45,7.56,10.58,11.17,10.31,10.99,11.29,2.94,3.23,3.58,1.75,1.1,3.02,3.07,1.35,4.17,3.72,2.98,3.0,2.78,4.53,2.8,2.93,3.72,2.82,2.54,1.05,4.52,7.37,11.98,14.61,4.56,4.56,10.01,3.77,2.49,2.54,3.07,1.45,6.16
00-0036944,Jaycee Horn,CAR,CB,1.0,1663,measured,14.6,16.86,18.37,13.61,9.5,18.66,11.8,14.36,15.3,11.77,10.36,12.38,12.27,7.55,13.7,14.02,1.77,4.74,2.48,3.31,2.92,2.82,3.93,4.02,3.46,4.89,5.09,2.32,4.26,2.4,3.48,5.21,3.26,2.76,2.98,6.31,1.38,6.11,4.71,8.66,14.75,14.75,10.69,17.22,3.2,2.73,1.48,4.7,10.33
00-0035277,Mike Jackson,CAR,CB,1.0,1936,measured,12.3,14.93,16.56,13.39,6.5,17.49,11.8,14.66,14.97,12.32,12.99,9.7,9.47,17.99,10.99,15.41,2.46,3.19,2.65,2.93,2.64,1.73,3.6,4.11,3.66,3.85,2.43,4.01,1.18,4.06,2.7,3.01,4.0,4.44,2.13,2.47,2.69,1.0,5.96,13.27,10.76,10.76,9.79,16.92,3.48,3.01,3.24,1.28,7.3
00-0041063,Will Lee III,CAR,CB,2.0,0,prior,10.1,13.85,16.6,13.92,6.72,18.78,11.8,8.78,11.37,8.1,5.87,9.26,12.83,10.31,10.99,11.29,4.44,2.54,1.0,2.34,1.89,4.09,1.89,4.1,3.37,3.58,4.97,3.66,4.1,2.49,2.85,2.64,1.74,3.27,2.97,2.43,3.93,8.95,11.67,14.0,7.84,7.84,9.86,6.84,2.0,3.2,3.87,2.5,18.31
00-0041148,Aaron Hall,CAR,DT,2.0,0,prior,8.5,6.55,7.98,7.3,12.76,10.07,11.8,8.03,7.07,6.54,4.51,9.89,10.15,10.31,10.99,11.29,3.04,3.51,2.05,3.5,3.77,3.0,2.84,4.21,3.95,3.37,4.55,3.1,3.08,4.55,3.11,2.01,2.8,1.84,7.85,6.73,6.83,8.28,9.06,7.95,1.83,1.88,3.27,1.0,1.48,4.12,3.61,4.45,3.61
00-0039783,Anthony Goodlow,CAR,DT,,33,prior,8.0,6.49,8.05,7.58,12.29,10.08,11.8,8.68,4.94,7.03,10.46,12.61,14.27,13.04,10.99,11.29,3.19,2.61,3.27,1.84,5.38,1.89,1.9,4.04,4.58,4.37,5.55,1.0,4.06,3.7,3.52,2.58,3.33,3.97,7.45,6.47,8.44,6.74,4.83,12.54,3.36,2.84,5.37,2.81,2.08,2.8,2.9,4.09,2.82
00-0036903,Bobby Brown III,CAR,DT,1.0,765,measured,11.1,4.5,5.61,4.39,13.71,7.77,11.8,12.18,8.65,7.83,10.42,16.85,9.26,17.99,10.99,14.86,2.82,4.05,4.94,1.89,3.13,2.88,3.11,4.0,4.49,4.89,1.78,3.79,3.03,3.7,3.11,1.88,4.12,3.06,7.05,4.87,11.97,15.41,15.49,8.2,1.0,2.1,3.45,3.03,2.53,4.39,5.03,1.46,3.14
00-0040174,Cam Jackson,CAR,DT,2.0,75,prior,7.8,4.4,3.34,4.0,13.09,4.54,11.8,8.35,5.18,3.01,5.02,17.29,13.03,13.04,10.99,15.41,3.28,5.14,4.69,2.32,2.36,3.67,2.98,2.75,3.04,2.9,3.08,2.19,3.2,2.1,2.77,2.6,2.8,2.65,6.79,4.8,7.08,8.31,7.88,8.79,2.68,1.28,1.51,3.71,4.66,1.45,3.51,3.11,3.31
00-0036220,Derrick Brown,CAR,DT,1.0,1182,measured,13.7,4.39,6.33,2.15,14.31,8.0,11.8,11.21,10.97,12.61,12.67,8.51,12.41,17.99,10.99,15.02,2.91,4.99,3.87,4.16,3.23,4.29,3.4,4.04,2.73,3.48,2.23,3.16,3.38,2.44,2.49,3.78,3.99,2.71,15.48,13.06,13.06,14.19,16.58,8.61,2.72,3.73,2.02,2.03,3.17,2.97,3.47,1.91,3.13
00-0041478,Lee Hunter,CAR,DT,1.0,0,prior,12.0,4.27,4.73,5.27,13.8,3.31,11.8,10.81,11.7,10.08,4.51,10.57,10.73,10.31,10.99,11.29,4.42,3.44,4.73,1.87,3.28,1.32,2.8,2.76,3.06,2.22,2.45,5.48,1.21,2.9,2.93,2.53,3.1,3.78,13.25,10.96,13.26,12.36,9.84,7.9,2.7,4.07,2.94,3.39,1.63,3.79,1.38,1.48,2.41
00-0041151,Parker Petersen,CAR,DT,,0,prior,9.1,5.93,7.27,6.44,13.04,9.32,11.8,5.37,8.13,7.31,7.75,9.81,9.75,10.31,10.99,11.29,2.5,1.0,3.69,3.54,3.09,1.91,4.45,3.8,1.98,1.22,4.11,3.42,3.54,2.9,1.29,4.67,3.22,2.48,9.93,8.49,8.4,7.42,7.7,9.17,2.33,3.59,2.89,4.46,1.69,3.33,2.67,4.52,1.29
00-0040458,TeRah Edwards,CAR,DT,2.0,0,prior,6.6,6.32,7.44,6.26,13.86,9.57,11.8,8.86,5.15,2.0,7.13,12.89,10.21,10.31,10.99,11.29,2.94,2.19,3.14,4.26,4.09,2.28,3.98,4.53,3.08,2.75,2.09,3.44,2.03,1.89,1.17,3.74,3.46,1.94,5.19,3.6,5.39,5.38,4.2,12.64,2.19,3.6,3.72,4.35,4.55,3.7,2.8,2.86,2.27
00-0035890,Tershawn Wharton,CAR,DT,3.0,976,measured,9.3,6.98,8.08,6.88,14.01,10.48,11.8,11.01,7.34,6.69,8.18,8.4,12.31,6.75,5.58,7.82,4.01,3.82,3.29,3.42,2.94,4.16,3.04,1.96,2.69,2.62,1.8,3.08,3.31,2.3,4.53,3.87,3.18,3.69,12.62,11.2,6.04,5.68,8.68,10.45,4.49,4.68,3.94,2.68,2.1,2.94,2.77,4.03,3.08
00-0036045,Cam Gill,CAR,EDGE,,166,measured,8.6,11.54,13.22,12.66,10.75,14.2,11.8,10.63,7.88,8.04,10.15,10.89,12.82,14.23,10.99,16.1,2.88,4.19,2.67,2.73,3.27,3.95,2.77,2.71,1.03,2.32,4.34,3.16,3.87,1.83,2.71,3.76,4.16,3.93,7.13,7.56,6.9,7.24,7.15,14.5,5.8,6.8,1.3,3.37,2.49,2.99,3.34,4.08,2.4
00-0036934,Jaelan Phillips,CAR,EDGE,1.0,1001,measured,13.8,13.11,14.81,10.89,10.67,15.19,11.8,13.14,8.71,12.46,11.82,15.63,14.2,11.83,17.67,14.24,3.83,2.96,3.75,1.0,4.35,1.95,2.63,3.68,5.24,4.23,3.3,2.64,3.05,4.75,2.16,3.35,3.02,1.96,12.58,13.6,14.4,16.55,14.61,11.38,5.8,6.8,3.0,3.98,4.59,3.92,3.43,3.22,3.17
00-0037179,Jeremiah Moon,CAR,EDGE,,133,measured,7.7,9.85,14.71,10.86,10.38,18.21,11.8,8.73,6.23,7.2,9.62,10.05,7.38,15.84,10.99,14.86,1.71,3.25,2.04,5.08,2.87,3.55,2.96,1.78,1.21,3.3,4.79,1.86,3.83,3.19,2.43,2.55,2.39,2.48,5.46,5.43,6.67,7.67,5.63,13.43,5.8,6.8,2.41,3.57,4.16,3.19,3.3,1.74,2.85
00-0040746,Nic Scourton,CAR,EDGE,4.0,662,measured,9.0,10.33,11.46,10.31,11.89,12.66,11.8,8.8,4.49,5.94,6.97,8.7,12.08,13.04,10.99,11.29,3.34,1.78,4.45,1.0,4.23,2.76,1.0,2.33,4.83,3.06,2.61,3.87,1.83,1.07,1.36,2.88,3.7,3.59,8.46,8.07,7.89,7.83,7.64,11.52,5.8,6.8,2.42,1.63,2.84,2.41,3.26,3.09,2.97
00-0037007,Patrick Jones II,CAR,EDGE,1.0,712,measured,11.1,8.67,8.33,11.19,11.33,10.45,11.8,9.99,6.08,8.7,11.27,10.86,10.39,5.11,15.41,7.19,2.14,3.95,3.07,5.9,4.17,3.46,3.73,2.51,5.01,3.78,1.67,2.74,2.04,2.62,2.45,2.71,2.73,3.27,9.49,8.72,14.17,17.48,14.46,10.82,5.8,6.8,3.44,2.88,3.08,3.03,4.38,3.02,3.54
00-0040136,Princely Umanmielen,CAR,EDGE,2.0,209,measured,9.8,10.46,13.71,9.92,11.0,16.41,11.8,8.06,9.39,9.24,6.06,9.86,7.79,12.11,16.55,11.29,1.84,1.5,3.62,3.28,4.98,1.82,2.16,3.44,4.51,3.23,2.52,2.8,2.54,4.32,4.11,3.95,3.0,3.81,8.19,8.15,8.4,10.89,11.76,12.86,5.8,6.8,3.48,3.23,3.96,3.23,4.17,2.17,1.93
00-0038791,Thomas Incoom,CAR,EDGE,3.0,56,prior,7.4,11.38,12.19,11.8,12.0,11.25,11.8,9.64,6.22,4.26,6.87,13.74,14.81,15.84,10.99,11.29,3.18,1.37,1.13,3.51,3.07,1.0,2.12,1.83,4.3,3.14,5.09,3.6,2.65,2.56,1.0,1.67,2.93,4.06,5.26,5.2,5.76,7.44,5.44,13.74,5.8,6.8,4.06,4.33,2.04,1.04,1.96,3.5,2.55
00-0036305,Trevis Gipson,CAR,EDGE,2.0,284,measured,9.5,9.92,11.5,10.47,12.92,12.81,11.8,12.55,7.15,4.61,10.99,14.68,7.92,7.61,15.16,11.29,2.11,2.89,1.88,4.39,2.96,1.31,3.39,3.38,2.43,1.92,2.62,3.79,3.34,2.37,1.96,3.15,2.17,2.1,9.26,8.36,9.4,9.49,6.35,11.34,5.8,6.8,2.83,2.84,2.98,2.82,3.11,1.14,4.28
00-0040279,Ryan Fitzgerald,CAR,K,1.0,29,measured,10.7,10.24,11.42,10.24,9.88,12.53,9.5,9.56,10.45,11.19,9.09,12.95,18.18,13.04,10.99,11.29,4.87,4.4,2.43,3.54,1.61,3.18,3.04,5.04,2.93,2.22,2.75,3.27,3.0,3.31,3.66,2.85,5.49,2.04,3.59,2.53,2.52,3.22,1.83,3.21,2.52,2.96,4.21,1.73,10.16,11.24,2.49,3.61,5.14
00-0040289,Bam Martin-Scott,CAR,LB,3.0,51,prior,10.4,12.14,13.07,12.44,10.1,13.67,11.8,8.85,8.12,9.97,5.24,7.48,14.01,13.04,10.99,11.29,2.43,1.6,2.44,2.8,2.8,3.87,3.99,1.93,3.28,2.81,3.12,4.88,1.98,2.23,4.48,2.7,4.27,3.33,6.38,6.41,9.25,10.72,12.29,13.32,7.49,8.99,1.72,3.41,3.82,1.95,3.39,4.09,3.62
00-0035687,Bobby Okereke,CAR,LB,1.0,1949,measured,12.8,12.06,13.14,11.25,10.58,12.89,11.8,11.45,8.89,8.56,13.19,8.53,11.52,7.68,4.92,14.29,4.19,2.54,2.17,3.09,3.02,3.11,3.16,3.16,3.47,3.04,4.38,2.61,3.32,4.03,2.83,3.34,2.29,2.82,8.52,8.35,6.15,9.16,15.54,16.31,15.83,17.13,1.59,13.89,4.22,3.58,3.62,3.66,1.23
00-0038493,Claudin Cherelus,CAR,LB,2.0,295,measured,11.1,12.16,13.1,12.44,10.28,13.75,11.8,8.53,6.89,7.04,9.29,8.69,13.97,6.39,18.91,8.12,3.98,4.82,3.84,4.68,2.83,2.44,3.8,5.58,2.7,1.96,4.87,3.02,1.0,4.02,3.9,2.84,3.84,3.56,12.16,12.14,8.67,10.99,13.71,14.09,7.19,8.69,2.31,3.2,2.07,3.64,2.87,3.86,2.37
00-0037244,Devin Lloyd,CAR,LB,1.0,1623,measured,11.5,11.38,14.16,12.91,12.92,14.68,11.8,10.74,7.23,9.35,11.58,7.61,8.89,12.49,14.38,6.29,2.4,3.29,3.21,2.44,2.79,2.69,3.57,1.4,2.67,3.32,3.6,2.26,3.84,4.04,4.11,3.73,4.51,5.03,12.1,10.88,9.97,10.87,11.41,13.35,10.87,12.37,4.33,16.46,1.42,3.2,3.18,3.25,1.67
00-0041119,Jackson Kuwatch,CAR,LB,2.0,0,prior,11.8,12.3,13.5,13.44,9.03,13.82,11.8,8.8,8.03,7.05,3.78,10.08,7.28,10.31,10.99,11.29,2.41,4.19,1.84,1.52,1.73,3.76,3.31,1.93,2.37,1.36,3.01,3.42,2.98,4.12,1.0,2.06,3.72,1.76,13.16,13.63,10.14,12.43,15.13,16.03,4.95,6.45,1.41,2.76,2.59,2.12,1.89,3.09,1.92
00-0040763,Mapalo Mwansa,CAR,LB,,0,prior,8.9,12.23,13.29,12.94,9.59,13.77,11.8,7.96,3.05,2.75,4.98,12.01,8.19,10.31,10.99,11.29,2.93,2.77,4.01,6.28,2.95,2.32,3.0,3.76,2.44,2.91,3.11,1.0,1.86,3.6,4.57,3.3,2.81,2.26,7.79,8.03,5.43,6.93,10.21,11.68,7.16,8.66,4.33,2.03,3.65,3.05,2.29,3.78,3.58
00-0035352,Tyrel Dodson,CAR,LB,,1618,measured,14.3,12.3,12.62,11.45,12.46,13.35,11.8,12.88,10.19,13.79,8.1,12.04,10.42,8.43,16.4,17.97,2.14,4.92,2.56,2.17,2.98,5.28,2.44,1.54,3.39,2.19,2.16,2.47,4.17,1.97,2.12,4.02,3.52,3.14,10.96,10.22,16.65,16.63,16.89,16.81,8.75,10.25,2.21,9.32,3.73,5.95,4.06,3.08,2.12
00-0026027,J.J. Jansen,CAR,LS,1.0,2,prior,11.4,6.18,7.14,6.9,9.71,8.8,10.44,12.98,11.11,8.67,14.11,10.67,12.27,17.99,10.99,11.29,2.32,2.41,3.21,1.65,1.93,3.36,1.87,2.15,4.08,2.58,5.17,2.03,2.94,1.9,2.55,3.7,3.86,3.35,2.48,3.76,3.77,2.03,1.7,2.92,3.39,3.23,2.94,3.27,4.87,4.27,4.1,3.55,2.94
00-0038536,Chandler Zavala,CAR,OG,,478,measured,11.7,3.87,5.64,5.06,13.35,8.9,11.8,11.46,8.44,9.23,7.06,10.78,7.82,5.51,18.8,15.41,4.14,3.77,4.17,4.25,3.01,4.18,3.16,3.39,1.94,4.06,2.43,1.83,3.58,3.36,2.32,13.23,11.41,3.75,4.5,4.29,1.51,3.19,2.01,1.53,2.61,3.65,2.0,2.6,3.02,2.58,4.31,2.45,2.7
00-0039242,Corey Bullock,CAR,OG,2.0,9,prior,10.4,4.28,5.51,4.1,13.3,8.35,11.8,10.11,8.47,9.35,7.79,15.4,10.27,13.04,10.99,11.29,1.86,1.99,1.71,3.29,2.95,3.46,3.24,3.18,3.57,5.42,3.27,1.03,4.05,2.52,2.04,6.47,15.69,3.14,3.71,2.08,2.66,2.5,3.43,3.85,3.12,3.87,3.21,3.85,1.9,3.4,4.25,3.03,2.86
00-0036417,Damien Lewis,CAR,OG,1.0,1902,measured,13.3,2.89,5.39,2.19,13.85,9.08,11.8,10.57,12.05,8.55,10.57,13.87,9.88,13.96,15.31,13.8,3.57,3.7,2.71,1.0,4.22,4.71,2.78,3.91,2.97,3.84,3.73,2.74,4.01,3.93,3.38,14.33,16.14,2.21,4.03,4.28,1.87,4.1,2.97,2.17,2.31,2.45,1.0,5.24,2.86,1.0,3.24,2.82,2.13
00-0041146,Isaia Glass,CAR,OG,,0,prior,11.4,4.39,6.22,6.39,13.12,8.9,11.8,9.7,15.08,9.43,6.22,10.43,14.94,10.31,10.99,11.29,3.54,3.7,1.91,4.83,3.55,2.69,2.27,2.28,2.68,3.16,3.35,1.94,3.04,2.17,1.18,13.04,10.83,3.16,4.96,1.12,2.61,1.0,2.11,1.06,3.72,2.38,2.52,1.49,3.4,3.86,2.54,3.36,2.92
00-0036795,Jake Curhan,CAR,OG,,430,measured,11.4,3.67,5.74,5.89,13.28,9.0,11.8,9.45,6.31,9.7,9.3,17.09,12.59,17.99,10.99,14.41,3.13,2.98,3.83,2.94,1.95,3.79,2.05,3.21,3.66,1.53,3.02,1.48,2.29,3.26,4.32,14.47,9.15,2.99,4.12,5.8,1.08,3.35,2.96,3.09,1.52,2.33,4.11,1.32,3.96,2.16,4.16,2.29,2.5
00-0036325,Robert Hunt,CAR,OG,1.0,975,measured,14.3,2.85,4.91,4.75,13.4,8.56,11.8,12.25,11.15,13.46,12.26,11.19,10.12,13.74,6.29,7.36,2.32,3.11,2.57,2.06,4.29,2.69,4.48,5.79,2.06,4.41,3.3,2.59,2.16,3.8,4.12,15.36,17.79,4.21,4.13,1.0,4.13,3.41,2.67,3.92,3.24,3.66,5.11,3.4,3.07,3.62,3.15,2.16,2.53
00-0040541,Torricelli Simpkins III,CAR,OG,,163,measured,11.9,4.36,6.19,6.32,13.13,8.9,11.8,7.65,13.46,9.36,7.17,9.8,14.09,13.04,10.99,11.29,1.42,3.53,4.89,2.78,2.13,3.1,1.12,1.49,4.85,2.35,1.61,1.0,3.1,2.79,3.41,10.75,15.51,3.78,3.68,1.8,3.75,1.0,2.69,3.33,2.04,3.5,4.4,3.05,1.69,3.48,3.35,1.13,3.2
00-0041138,Albert Reese,CAR,OT,2.0,0,prior,9.8,3.88,5.66,4.88,11.45,8.13,11.8,7.26,6.62,5.67,6.6,11.58,14.41,10.31,10.99,11.29,3.4,3.31,2.49,3.79,3.41,1.89,3.94,3.2,4.09,2.8,3.03,2.79,3.08,4.3,3.5,10.24,11.35,3.49,2.41,2.11,3.14,4.41,3.07,2.98,4.29,1.46,4.28,2.4,3.55,4.43,2.09,1.0,3.4
00-0036968,Brady Christensen,CAR,OT,2.0,555,measured,11.4,4.32,9.82,6.27,15.24,13.43,11.8,9.96,4.35,8.57,9.92,12.54,9.19,17.99,10.99,11.29,5.33,1.97,3.49,1.95,1.89,2.87,3.78,3.65,3.26,3.41,2.54,3.55,3.77,4.18,2.82,17.87,7.37,3.34,4.05,1.95,3.19,6.82,4.65,3.4,3.05,2.97,4.75,3.15,4.95,2.33,5.05,1.67,1.93
00-0037229,Ikem Ekwonu,CAR,OT,3.0,1940,measured,12.9,7.6,8.0,5.25,12.54,9.05,11.8,11.49,14.11,10.27,10.44,9.91,11.37,12.25,13.66,14.15,3.56,3.54,4.4,2.63,1.37,3.84,1.96,3.27,4.0,3.76,4.34,3.97,3.29,2.7,2.88,12.56,16.34,3.6,3.23,2.84,3.02,3.13,2.81,3.36,3.12,5.35,2.92,3.28,1.0,1.48,2.85,1.51,2.11
00-0041034,Monroe Freeling,CAR,OT,1.0,0,prior,12.4,7.6,9.55,5.02,11.48,12.51,11.8,8.97,7.44,10.15,9.92,11.15,15.9,10.31,10.99,11.29,3.27,3.03,2.75,3.09,1.48,3.31,3.65,2.63,1.99,3.85,4.06,3.17,4.54,2.57,4.11,11.99,16.05,2.68,3.74,2.4,2.66,3.69,3.0,4.32,1.6,2.62,2.65,2.48,3.67,3.17,1.0,2.58,2.74
00-0037196,Rasheed Walker,CAR,OT,1.0,1962,measured,14.7,4.2,5.9,4.73,11.95,8.38,11.8,9.15,12.8,14.5,10.0,8.53,10.07,16.96,10.99,16.98,1.9,3.18,2.43,2.71,2.92,3.06,2.23,1.93,3.17,3.77,3.13,2.15,3.2,1.93,2.79,16.11,19.4,5.79,4.92,1.49,2.39,3.29,3.72,2.68,3.59,3.18,1.91,3.86,2.17,2.81,4.99,2.79,3.21
00-0039042,Ryan Hayes,CAR,OT,,0,prior,12.0,4.27,5.33,7.97,12.19,8.92,11.8,10.85,6.81,12.95,7.27,9.04,10.54,12.42,10.99,11.29,3.9,4.67,3.08,3.24,3.83,1.87,3.12,2.98,3.76,1.6,2.9,3.2,3.38,1.0,3.25,10.57,15.37,1.9,2.23,2.54,3.19,4.51,2.61,4.17,2.33,4.85,1.29,4.18,2.45,1.67,1.37,3.09,2.54
00-0036653,Stone Forsythe,CAR,OT,2.0,1111,measured,11.6,4.56,5.36,7.66,12.92,7.54,11.8,10.87,9.57,6.9,8.51,6.71,13.7,8.38,5.8,11.29,4.63,3.03,3.37,3.15,4.68,1.98,4.73,3.27,3.57,2.88,3.02,3.9,4.05,2.22,1.63,8.89,15.24,5.56,2.9,2.13,1.82,2.98,2.91,3.25,2.85,3.39,1.38,2.54,2.17,3.85,3.15,4.34,3.02
00-0033284,Taylor Moton,CAR,OT,3.0,1863,measured,11.3,2.84,5.11,5.51,12.0,8.77,11.8,11.31,8.69,7.31,11.09,8.39,10.72,12.57,15.33,18.75,2.51,2.53,3.92,2.68,2.69,5.12,4.62,4.96,3.06,2.6,3.63,1.46,4.77,2.88,2.13,11.89,13.1,3.83,3.53,3.7,2.91,2.83,4.0,1.0,2.01,3.24,1.72,2.87,2.49,3.68,2.92,2.87,4.6
00-0030092,Sam Martin,CAR,P,1.0,65,measured,13.8,5.98,7.43,7.17,10.13,9.58,11.52,14.72,10.84,10.44,11.84,11.97,13.1,17.99,10.99,7.06,3.15,3.08,3.41,4.76,4.17,2.65,2.38,3.63,4.65,3.17,3.85,2.26,2.1,3.13,1.0,4.15,3.47,2.53,2.65,2.37,1.0,4.18,1.21,4.39,2.59,1.39,4.02,2.59,2.0,1.37,10.11,17.39,2.51
00-0039150,Bryce Young,CAR,QB,1.0,1810,measured,11.0,9.19,9.15,12.36,10.08,10.21,11.8,10.55,10.23,11.9,10.55,15.44,12.13,13.95,17.69,11.29,7.46,15.56,7.41,10.83,12.8,14.24,11.0,9.51,1.58,9.57,2.21,1.99,4.63,2.41,1.8,3.8,2.16,2.79,1.65,2.56,3.47,2.29,4.9,3.05,3.54,3.71,2.11,2.26,2.25,2.59,3.0,4.1,3.78
00-0041149,Haynes King,CAR,QB,3.0,0,prior,7.1,9.78,9.95,12.01,10.08,10.73,11.8,7.32,5.99,9.26,7.47,9.23,9.2,10.31,10.99,11.29,10.94,6.59,6.9,8.59,4.81,5.59,5.36,7.44,2.72,2.55,2.88,2.26,4.03,3.16,5.64,4.24,3.97,3.34,2.01,3.69,3.71,2.65,4.19,1.46,4.05,3.34,2.26,2.75,1.99,4.67,3.27,3.54,4.35
00-0038102,Kenny Pickett,CAR,QB,2.0,436,measured,8.0,10.22,12.31,12.52,10.08,13.27,11.8,8.21,8.11,6.72,9.02,13.03,11.06,12.22,6.46,5.13,9.34,7.36,8.03,7.64,7.66,8.61,7.26,7.32,1.95,4.38,1.13,3.59,3.68,3.61,2.94,2.32,2.82,2.2,5.02,2.71,3.09,2.69,3.01,1.67,2.97,2.52,4.62,3.48,2.61,2.74,2.98,2.0,1.75
00-0036265,AJ Dillon,CAR,RB,3.0,247,measured,10.5,13.55,16.22,11.21,12.0,18.16,11.8,9.62,6.78,6.08,9.26,8.53,11.38,14.28,14.01,13.87,2.3,3.42,3.13,2.02,5.08,3.98,3.89,15.03,5.94,7.2,7.51,14.7,3.08,5.49,3.6,2.83,10.82,3.83,3.05,3.58,4.6,2.81,2.07,2.84,1.0,3.06,4.22,2.87,1.89,2.63,2.07,3.54,14.1
00-0040260,Ahmani Marshall,CAR,RB,,0,prior,7.7,13.63,14.39,12.03,9.67,14.13,11.8,9.38,4.59,1.37,4.71,9.78,10.99,10.31,10.99,11.29,2.66,2.22,1.78,2.77,3.29,4.04,3.37,6.63,5.26,5.26,5.26,3.76,2.71,3.71,5.51,1.0,5.85,1.0,2.04,2.71,2.26,2.09,2.73,5.42,3.59,4.13,3.03,3.36,3.66,4.4,2.86,3.16,15.51
00-0040394,Anthony Tyus III,CAR,RB,,0,prior,7.7,13.78,14.47,12.23,9.44,14.14,11.8,6.09,6.31,6.62,7.08,13.39,12.05,10.31,10.99,11.29,1.0,3.52,3.48,1.96,2.3,1.66,3.0,6.63,5.26,5.26,5.26,3.76,2.94,3.71,5.51,1.0,5.85,1.0,3.58,5.89,2.37,3.43,4.41,2.61,3.39,2.34,4.11,2.63,2.29,4.33,1.71,4.79,15.57
00-0036555,Chuba Hubbard,CAR,RB,1.0,1159,measured,13.9,14.77,14.47,11.94,10.0,14.5,11.8,11.98,15.55,13.22,10.33,12.76,11.9,13.8,7.03,13.83,2.43,3.07,3.55,1.36,3.74,1.76,4.28,9.09,16.6,12.8,16.29,11.13,3.03,5.97,6.51,8.16,14.74,9.16,2.81,4.03,2.21,1.06,2.63,2.67,3.25,4.44,3.41,3.36,1.0,3.08,2.17,2.91,9.47
00-0039344,Jonathon Brooks,CAR,RB,2.0,15,prior,8.9,13.88,14.39,12.7,9.07,14.04,11.8,9.83,5.47,6.89,5.88,12.07,12.36,5.16,7.07,6.2,3.29,1.83,4.24,1.58,1.54,3.49,4.11,13.08,5.34,6.86,5.34,4.08,5.17,9.61,9.25,1.0,8.93,1.0,3.16,2.81,4.36,3.1,1.78,2.39,2.51,1.58,3.4,3.7,2.47,1.0,3.08,2.14,16.9
00-0040644,Trevor Etienne,CAR,RB,4.0,43,prior,9.9,16.16,16.19,13.77,7.5,14.4,11.8,8.75,8.33,10.12,7.11,12.18,6.67,13.04,10.99,11.29,1.53,2.58,2.06,2.29,2.11,3.6,2.07,15.22,6.44,5.8,5.61,8.2,2.88,6.13,7.55,1.0,6.76,1.0,2.66,3.84,2.09,3.18,3.9,2.57,3.38,4.53,1.4,1.0,2.37,4.52,3.49,4.69,14.13
00-0036356,Isaiah Simmons,CAR,S,,275,measured,11.2,16.82,18.17,13.74,9.87,17.45,11.8,11.36,11.58,8.41,10.89,16.78,11.66,17.99,10.99,8.14,2.9,3.9,4.05,3.65,3.49,2.56,2.46,1.0,3.58,3.21,3.58,1.9,2.28,3.86,2.71,2.76,2.91,4.11,4.19,3.53,4.47,14.09,15.17,13.94,6.2,7.2,9.82,7.86,2.95,3.93,2.44,2.59,9.8
00-0040159,Lathan Ransom,CAR,S,2.0,311,measured,9.8,13.72,14.48,14.27,7.81,14.45,11.8,8.37,7.3,7.13,6.15,12.73,4.63,12.11,15.49,11.29,1.44,3.08,2.72,2.18,3.9,4.38,3.27,1.06,1.48,2.59,2.21,2.54,3.63,1.25,3.15,3.41,3.43,1.09,3.52,6.03,2.99,11.12,13.27,13.93,6.1,7.1,9.2,7.67,2.39,3.12,4.22,3.38,9.8
00-0035669,Nick Scott,CAR,S,1.0,1404,measured,12.0,12.55,13.0,13.66,7.69,13.25,11.8,12.07,11.62,7.4,10.71,12.4,5.07,11.79,15.83,6.37,3.36,3.26,3.01,4.38,2.44,4.67,3.84,4.06,3.03,2.58,3.09,2.11,3.89,4.54,5.02,3.07,1.86,3.33,3.14,2.94,5.16,9.5,13.48,16.6,10.52,11.52,9.17,10.22,3.66,3.64,1.72,3.3,9.8
00-0036962,Tre'von Moehrig,CAR,S,1.0,2081,measured,14.5,14.31,15.33,14.75,8.7,13.61,11.8,12.23,9.45,10.47,10.0,14.02,10.0,16.56,14.1,7.62,2.98,3.21,2.69,2.74,3.29,4.35,3.14,1.12,2.76,4.11,3.6,3.63,3.77,3.46,4.38,3.65,4.54,2.7,2.87,1.7,1.71,17.99,17.18,11.12,13.9,14.9,9.47,13.86,4.11,1.98,4.38,2.42,9.8
00-0041076,Zakee Wheatley,CAR,S,2.0,0,prior,10.4,14.23,14.67,13.09,7.8,13.05,11.8,6.87,7.27,5.98,4.98,10.93,7.84,10.31,10.99,11.29,4.55,3.84,2.57,3.33,1.0,3.77,4.83,2.91,2.56,3.54,4.13,2.97,2.58,2.34,2.56,4.61,2.61,1.63,1.06,3.93,3.5,14.08,12.27,12.41,8.06,9.06,9.2,7.97,2.5,3.03,1.95,3.67,9.8
00-0040044,Zion Childress,CAR,S,,4,prior,7.6,13.54,14.09,14.73,7.91,14.26,11.8,6.49,2.5,5.54,5.97,9.15,11.0,13.04,10.99,11.29,2.52,4.08,2.59,2.77,3.0,2.1,2.61,3.69,1.0,3.08,2.94,3.12,2.4,2.08,3.3,5.03,3.12,3.03,2.38,1.21,2.43,8.84,6.59,9.71,4.9,5.9,9.23,5.91,4.19,4.25,3.59,3.68,9.8
00-0031610,Darren Waller,CAR,TE,3.0,457,measured,10.6,13.3,13.88,11.4,6.0,14.18,11.8,13.47,9.46,6.84,12.66,8.36,7.46,5.13,4.56,14.66,2.27,1.0,2.22,4.13,1.29,3.49,3.81,9.68,2.29,2.82,5.47,16.15,12.97,12.67,11.52,7.68,8.8,5.52,3.63,2.88,3.4,2.64,2.83,4.32,2.39,3.26,3.76,2.16,4.26,2.36,2.72,3.5,2.78
00-0036825,Feleipe Franks,CAR,TE,5.0,30,prior,9.3,11.95,12.1,12.51,9.47,12.16,11.8,8.77,6.09,9.89,7.16,5.06,8.24,12.52,14.82,17.66,2.52,2.65,3.63,2.23,2.48,1.0,1.89,6.65,3.91,2.49,5.14,17.63,5.8,4.34,4.4,8.69,11.38,6.53,4.21,2.58,2.77,2.64,2.89,2.99,4.22,2.77,2.53,3.27,1.96,3.6,5.53,5.84,5.15
00-0039356,Ja'Tavion Sanders,CAR,TE,4.0,707,measured,10.0,10.92,12.43,12.49,9.11,13.71,11.8,8.13,8.11,6.46,6.09,19.31,11.24,7.96,13.65,7.19,2.45,2.5,2.69,2.26,5.44,3.51,2.23,12.07,2.61,4.43,7.09,9.68,15.54,12.79,10.59,9.63,5.43,7.47,3.66,3.18,3.01,3.13,3.09,2.47,1.0,2.63,2.07,4.97,5.3,1.02,3.36,3.78,3.09
00-0040187,Mitchell Evans,CAR,TE,2.0,350,measured,9.5,10.15,10.83,10.82,11.32,11.15,11.8,9.44,8.13,7.46,5.97,15.47,9.87,13.04,10.99,11.29,2.61,3.64,3.51,4.7,3.11,3.59,2.47,9.12,4.33,12.04,14.7,8.16,7.15,11.06,7.96,8.34,8.07,6.18,2.59,4.1,2.07,2.76,3.36,2.19,4.26,4.0,4.2,2.51,2.7,1.43,3.36,1.0,2.11
00-0037005,Tommy Tremble,CAR,TE,1.0,1161,measured,12.1,12.37,13.68,12.01,10.0,15.1,11.8,10.93,8.43,8.84,8.92,9.04,5.59,12.22,17.79,7.17,4.41,2.6,2.89,3.42,3.22,3.64,4.41,11.17,1.87,12.53,15.19,14.67,14.98,7.92,8.12,17.01,5.93,15.03,3.29,4.48,3.7,3.02,1.44,2.08,1.82,2.55,2.8,3.93,4.37,2.67,4.76,3.61,3.31
00-0038840,Brycen Tremayne,CAR,WR,2.0,249,measured,10.4,14.06,15.18,13.99,6.81,15.1,11.8,10.55,10.17,11.46,7.04,9.25,12.19,14.76,10.99,5.58,3.2,1.51,1.33,5.1,1.27,3.62,2.42,7.85,7.5,10.69,9.62,12.47,7.44,6.99,5.07,3.12,3.65,2.97,3.68,4.35,3.98,5.18,2.75,3.9,2.88,4.69,3.67,2.42,4.8,2.19,3.27,3.95,15.18
00-0039394,Casey Washington,CAR,WR,,170,measured,7.9,14.46,15.12,13.28,7.58,15.09,11.8,9.19,5.96,4.31,4.5,11.44,11.92,4.48,5.13,11.29,3.16,2.99,3.07,3.58,2.52,2.87,1.39,7.78,5.66,7.85,6.78,6.04,4.11,4.48,3.74,4.08,1.28,4.24,2.62,4.18,3.8,2.7,4.11,4.14,2.68,5.51,3.14,2.69,3.47,2.61,4.0,3.22,12.03
00-0041047,Chris Brazzell II,CAR,WR,3.0,0,prior,9.1,17.32,16.99,14.65,5.92,15.0,11.8,7.99,9.83,5.47,6.68,11.47,3.71,10.31,10.99,11.29,3.27,2.88,2.59,2.91,2.23,3.89,2.69,7.93,4.43,6.35,5.28,4.59,4.13,6.81,6.81,3.22,2.16,4.99,4.37,1.99,4.0,1.87,4.24,1.62,2.24,2.8,4.2,5.33,2.66,4.36,3.68,2.87,12.23
00-0033589,David Moore,CAR,WR,,491,measured,9.0,12.57,13.41,11.5,8.53,14.18,11.8,10.4,8.95,4.95,12.25,10.34,8.56,11.81,7.32,4.59,2.6,2.7,2.28,3.97,1.61,4.63,3.54,6.11,6.13,10.27,9.2,7.24,7.83,6.79,7.2,2.77,3.61,1.37,1.0,2.8,3.5,4.35,1.21,3.32,2.13,4.08,3.38,1.67,1.87,3.26,1.06,2.55,11.72
00-0040265,Ja'Seem Reed,CAR,WR,,0,prior,9.7,14.92,15.57,14.27,6.34,15.0,11.8,9.89,13.35,12.64,6.32,5.4,11.57,10.31,10.99,11.29,3.61,2.86,3.04,3.05,2.92,4.28,1.89,11.77,10.15,16.06,14.98,13.55,3.6,3.59,3.59,2.13,1.62,3.11,3.3,2.71,4.69,2.8,2.42,2.01,2.85,3.12,2.56,1.78,3.74,2.94,2.56,2.54,10.3
00-0039491,Jalen Coker,CAR,WR,1.0,694,measured,12.9,14.02,15.08,13.68,7.18,15.11,11.8,12.35,12.4,10.76,8.05,7.2,9.95,8.14,7.41,7.87,3.59,2.03,1.93,2.51,3.28,1.52,3.95,10.05,10.74,12.32,11.25,17.64,14.19,8.33,8.82,3.57,2.88,3.51,3.58,3.82,4.95,1.47,2.91,3.08,3.99,3.02,3.09,3.39,2.98,3.17,4.09,3.08,13.75
00-0040218,Jimmy Horn Jr.,CAR,WR,2.0,138,measured,10.6,15.24,16.69,12.5,7.21,16.69,11.8,11.27,8.49,7.61,7.61,12.8,9.2,13.04,10.99,11.29,3.6,3.52,3.57,2.39,2.46,1.0,1.89,13.35,6.41,9.36,8.29,10.97,5.72,8.25,7.46,2.24,2.85,4.4,1.98,2.97,3.62,4.52,2.33,4.22,1.44,2.97,2.83,5.06,2.84,3.81,2.14,2.9,15.16
00-0037614,John Metchie III,CAR,WR,2.0,802,measured,10.7,14.53,15.08,13.07,7.82,15.09,11.8,11.07,9.9,9.74,8.21,8.58,11.23,12.07,16.32,14.41,1.29,3.12,4.59,2.32,3.25,3.67,3.2,9.98,5.38,6.55,5.48,7.73,7.48,10.14,11.77,4.07,3.3,2.96,5.45,3.19,2.93,5.34,2.52,2.8,2.59,2.86,5.27,4.08,4.45,3.22,2.64,4.0,9.18
00-0040124,Tetairoa McMillan,CAR,WR,1.0,862,measured,11.7,13.69,15.02,13.87,7.01,15.14,11.8,13.5,12.75,12.28,7.03,9.85,8.26,13.04,10.99,18.22,2.82,1.05,1.87,2.76,3.83,2.53,3.35,19.15,11.8,11.9,10.82,8.22,7.21,12.94,12.47,1.4,4.52,4.36,2.22,1.8,2.64,1.74,4.57,3.29,2.02,3.46,3.41,5.6,3.82,2.07,3.15,2.41,8.64
00-0039342,Xavier Legette,CAR,WR,1.0,1048,measured,10.5,16.86,17.06,13.45,7.49,17.27,11.8,10.64,10.34,8.9,9.07,9.8,8.82,11.94,17.86,14.01,2.54,2.55,4.29,2.4,1.46,3.5,2.5,13.03,4.14,3.88,2.81,8.34,9.51,7.81,8.54,3.76,2.08,3.72,2.38,3.59,2.06,2.22,1.66,3.22,2.02,3.47,2.28,2.21,3.98,3.38,3.33,3.71,11.33
00-0035588,Garrett Bradbury,CHI,C,1.0,2055,measured,13.4,6.61,6.14,8.01,17.09,8.77,11.8,12.26,10.9,8.69,11.62,11.04,8.01,12.65,7.17,6.43,2.5,3.02,3.3,4.76,2.35,3.98,2.03,3.94,3.43,3.9,4.02,3.22,2.59,2.8,5.84,12.24,15.0,2.6,4.35,2.9,4.45,2.84,2.45,1.61,3.34,3.79,2.25,4.72,3.41,3.26,3.84,2.41,2.71
00-0041539,Logan Jones,CHI,C,2.0,0,prior,10.9,8.0,8.6,8.29,13.54,11.16,11.8,8.87,7.71,11.85,5.5,11.64,12.98,10.31,10.99,11.29,1.88,2.19,3.76,2.66,3.65,1.7,2.92,2.93,2.63,2.06,3.77,2.21,2.44,4.3,2.33,11.45,11.08,3.01,3.68,2.19,1.66,2.6,2.7,2.8,4.16,1.84,2.62,4.34,2.59,3.03,2.43,3.4,2.34
00-0035357,Cam Lewis,CHI,CB,1.0,795,measured,11.0,14.58,15.01,13.11,7.18,14.63,11.8,14.01,11.79,13.23,11.47,8.78,12.73,17.99,10.99,17.76,2.44,2.56,4.29,2.63,1.7,3.96,3.93,4.13,2.17,1.32,4.13,4.18,3.24,3.58,2.08,2.85,2.29,3.92,3.12,5.0,2.13,13.37,15.01,14.67,8.99,8.99,10.0,9.49,1.53,3.66,2.43,2.09,7.22
00-0038568,Clark Phillips III,CHI,CB,2.0,440,measured,9.7,14.08,15.0,13.02,9.0,13.49,11.8,10.23,10.4,11.05,9.17,11.28,11.76,4.9,6.28,11.29,3.01,3.43,3.39,4.06,2.67,3.54,2.91,2.99,1.99,5.0,2.92,1.79,2.68,2.61,2.04,2.22,4.06,3.81,3.88,3.34,2.54,9.74,10.41,13.26,6.95,6.95,10.54,7.61,3.95,4.61,3.05,2.32,15.65
00-0037395,Dallis Flowers,CHI,CB,4.0,186,measured,8.7,14.67,15.31,13.65,6.44,14.71,11.8,10.59,6.85,7.65,8.67,14.71,10.28,16.96,10.99,14.41,4.04,4.2,3.23,2.2,3.39,3.32,2.66,2.58,3.02,1.36,3.13,2.77,2.35,2.93,3.0,3.22,4.63,3.47,3.92,3.95,1.77,5.44,9.22,13.8,5.36,5.36,9.77,4.77,1.7,4.46,3.25,2.58,3.35
00-0039378,Deantre Prince,CHI,CB,,66,prior,10.1,17.09,16.93,13.96,6.41,14.33,11.8,11.5,10.04,11.16,6.84,12.43,5.36,12.42,10.99,11.29,2.45,2.56,2.84,1.88,4.3,4.63,2.72,1.0,4.07,3.05,2.59,3.43,1.29,2.84,1.78,3.09,3.29,1.7,4.03,2.68,4.08,6.46,11.03,15.25,6.76,6.76,9.76,6.1,2.29,2.2,3.49,2.74,5.8
00-0040550,Dontae Manning,CHI,CB,2.0,0,prior,10.9,15.04,15.61,13.57,7.21,15.21,11.8,8.79,7.12,8.68,6.24,9.3,9.13,10.31,10.99,11.29,3.65,2.74,3.31,1.13,3.22,3.92,2.63,1.76,4.36,3.23,1.35,3.65,3.59,2.29,1.2,2.74,2.38,2.45,1.88,5.77,2.56,10.91,13.04,16.93,9.15,9.15,10.0,6.72,2.24,2.88,5.02,2.91,14.74
00-0036292,Jaylon Johnson,CHI,CB,1.0,1290,measured,12.7,14.31,15.21,14.63,7.5,15.38,11.8,11.51,7.11,8.76,10.21,5.64,15.24,5.01,14.34,4.6,1.52,2.98,2.19,1.96,2.91,3.06,2.49,2.47,1.85,3.38,3.57,2.12,2.38,3.64,3.67,2.95,2.51,2.51,2.72,3.1,3.26,7.45,4.97,9.66,12.65,12.65,10.09,13.67,1.43,2.49,3.86,2.59,7.88
00-0037129,Josh Blackwell,CHI,CB,2.0,81,prior,10.4,15.07,15.51,13.92,6.33,14.62,11.8,8.76,8.72,9.29,8.91,6.06,16.43,8.35,17.78,8.0,2.88,2.86,2.12,1.97,2.8,4.58,3.69,4.66,2.83,1.72,3.38,2.04,6.85,3.14,2.15,2.56,4.01,2.83,3.44,4.38,1.17,9.15,11.58,14.99,8.03,8.03,9.74,7.39,3.84,4.36,3.1,4.57,14.13
00-0038111,Kyler Gordon,CHI,CB,3.0,849,measured,10.4,13.85,15.15,13.54,7.52,15.65,11.8,10.88,12.28,11.72,7.49,6.7,15.04,5.0,15.43,4.27,3.34,3.71,1.65,4.18,1.31,4.22,3.8,1.68,4.09,4.12,2.33,3.0,4.76,2.42,3.14,1.75,2.43,1.64,1.4,1.59,4.43,12.79,13.41,9.64,8.53,8.53,10.1,6.79,2.03,1.86,5.16,4.08,5.55
00-0041060,Malik Muhammad,CHI,CB,3.0,0,prior,9.7,16.16,17.51,14.01,6.24,17.3,11.8,8.3,8.32,11.76,5.54,11.43,13.41,10.31,10.99,11.29,1.66,4.54,3.4,2.9,5.17,2.76,3.31,2.22,3.46,3.33,3.48,3.26,3.42,4.52,3.46,2.5,2.73,2.51,2.38,1.0,3.66,7.71,11.25,14.44,6.3,6.3,9.71,5.47,4.24,3.83,2.96,3.18,6.25
00-0039071,Tyrique Stevenson,CHI,CB,1.0,1430,measured,14.5,15.47,16.07,11.83,8.05,16.49,11.8,13.48,14.33,14.47,9.04,8.48,11.91,8.31,14.81,7.29,2.25,1.78,2.97,1.0,2.6,1.84,2.91,3.79,3.44,2.65,1.88,1.43,2.71,2.6,1.88,2.83,2.78,3.42,2.33,3.39,1.0,8.78,12.26,14.14,15.29,15.29,10.26,15.53,1.72,2.95,4.56,2.7,11.74
00-0031583,Grady Jarrett,CHI,DT,1.0,1177,measured,11.9,3.99,6.06,7.41,15.24,9.09,11.8,15.96,8.37,14.58,13.86,8.74,12.98,12.6,18.28,7.13,2.2,4.85,3.5,2.72,3.02,3.61,3.26,4.17,3.02,3.09,3.47,1.0,3.1,2.16,3.09,4.21,2.51,2.8,11.33,8.44,11.41,13.82,13.18,9.44,4.22,3.85,2.55,3.86,2.5,2.88,3.9,3.96,3.71
00-0036337,James Lynch,CHI,DT,3.0,459,measured,10.1,6.53,8.07,10.05,12.0,9.41,11.8,11.76,11.95,5.32,7.97,7.0,7.53,15.22,7.32,15.41,2.02,3.2,1.51,2.95,4.5,1.81,2.6,2.35,3.95,2.9,3.2,4.84,2.29,2.79,2.78,1.16,3.93,1.98,9.7,8.84,9.62,10.32,11.68,11.12,1.57,3.7,2.13,2.91,2.27,1.23,2.23,3.53,2.78
00-0041171,Jayden Loving,CHI,DT,2.0,0,prior,8.7,6.1,7.05,5.57,14.45,9.25,11.8,6.7,4.61,8.95,6.26,12.04,8.23,10.31,10.99,11.29,3.26,2.05,3.57,4.27,2.62,3.44,1.73,4.16,1.41,2.79,3.09,1.96,2.24,1.59,3.92,2.94,2.23,2.28,8.23,6.35,6.83,8.28,9.06,7.77,3.96,3.49,1.49,2.84,2.12,2.38,1.88,2.92,2.31
00-0041110,Jordan van den Berg,CHI,DT,4.0,0,prior,9.5,5.92,7.11,6.06,13.55,9.22,11.8,8.36,10.47,6.75,7.81,12.25,11.39,10.31,10.99,11.29,4.87,2.34,3.81,2.66,4.21,2.24,1.25,2.84,3.32,2.25,4.9,3.76,4.83,3.41,2.03,3.13,2.27,2.8,11.02,9.4,8.45,7.55,7.69,9.19,2.59,5.3,3.63,2.45,2.47,2.68,2.49,2.06,3.16
00-0034320,Kentavius Street,CHI,DT,1.0,494,measured,12.9,7.58,7.21,4.57,14.31,8.13,11.8,10.68,12.92,12.32,11.24,10.4,10.36,8.17,14.79,14.09,2.62,4.97,3.44,2.45,2.85,3.69,2.82,1.62,5.83,2.64,1.95,4.06,1.59,1.3,3.85,3.43,4.1,3.68,11.38,10.07,13.88,15.37,14.61,8.18,4.87,4.29,3.28,2.43,1.36,2.69,2.83,3.01,2.68
00-0036366,Neville Gallimore,CHI,DT,2.0,713,measured,10.0,8.89,8.35,2.16,12.0,8.93,11.8,10.51,12.49,7.47,8.33,10.73,12.79,14.1,4.9,15.41,3.64,1.0,2.83,3.16,2.9,4.71,2.72,2.94,1.42,2.27,3.76,1.98,2.61,3.15,2.98,2.04,3.3,3.17,10.19,10.15,8.98,9.44,11.0,8.11,2.31,3.88,4.49,3.26,3.51,2.78,4.22,2.69,2.41
00-0040741,Shemar Turner,CHI,DT,3.0,72,prior,9.4,7.29,8.71,7.98,12.91,11.05,11.8,9.22,10.03,8.91,5.69,9.54,8.53,13.04,10.99,11.29,2.7,3.05,3.34,3.27,3.52,2.82,3.82,2.03,3.08,3.15,3.35,2.85,2.18,4.08,1.0,1.87,3.94,1.17,9.21,8.29,9.57,8.36,7.18,12.8,3.18,4.76,3.01,4.63,1.99,4.11,1.7,2.58,2.29
00-0039840,Austin Booker,CHI,EDGE,2.0,675,measured,9.1,9.47,11.73,13.18,10.11,12.77,11.8,6.77,8.95,9.63,6.91,4.94,13.96,14.76,10.99,4.13,2.94,1.83,3.37,1.36,4.13,2.6,2.63,3.5,3.25,3.71,2.67,3.98,3.89,2.05,2.7,3.74,2.2,1.0,8.24,8.17,7.99,8.94,10.42,12.02,5.8,6.8,2.48,5.17,1.0,2.37,2.66,2.59,3.82
00-0037843,Daniel Hardy,CHI,EDGE,3.0,70,prior,7.7,10.92,12.19,11.19,11.54,13.24,11.8,8.28,8.09,6.24,10.02,11.58,14.72,15.31,10.99,11.29,3.43,3.46,1.94,3.01,3.07,1.31,3.42,2.57,3.45,1.43,4.71,3.03,4.03,3.22,3.98,1.84,2.35,3.6,6.48,6.42,6.08,6.32,4.63,12.82,5.8,6.8,3.69,2.97,2.73,4.27,3.62,2.65,2.98
00-0036480,Dayo Odeyingbo,CHI,EDGE,1.0,1083,measured,10.3,9.47,11.01,9.69,11.6,12.44,11.8,10.62,7.31,10.44,10.74,8.78,9.56,17.99,10.99,14.86,2.92,5.62,2.92,4.08,3.35,2.29,4.2,4.83,2.3,2.63,3.89,1.38,4.41,2.48,1.31,1.16,2.43,2.06,9.69,9.11,11.21,12.56,8.7,7.5,5.8,6.8,2.5,3.93,1.08,3.67,5.34,4.7,3.21
00-0039461,Jamree Kromah,CHI,EDGE,2.0,0,prior,6.7,10.13,11.44,10.27,11.72,12.7,11.8,7.95,3.13,3.63,10.68,9.66,9.59,10.31,10.99,11.29,3.92,4.9,3.08,2.99,2.67,1.69,3.75,1.92,3.06,4.69,1.3,2.75,2.93,1.73,2.87,4.35,3.81,5.28,5.21,4.81,5.01,5.01,4.01,11.97,5.8,6.8,4.2,3.31,3.48,2.47,2.5,2.36,3.12
00-0036239,Jonathan Garvin,CHI,EDGE,4.0,0,prior,6.8,9.07,12.77,12.11,12.0,15.19,11.8,8.46,6.17,1.7,7.86,11.15,11.83,12.33,10.99,11.29,1.65,3.42,4.6,4.27,3.11,3.73,3.79,3.27,2.11,4.46,3.16,1.99,4.06,2.74,3.58,4.3,3.27,3.06,5.45,4.58,5.01,5.01,4.01,12.23,5.8,6.8,3.01,5.07,2.72,2.48,4.16,3.05,1.76
00-0034344,Marcus Davenport,CHI,EDGE,,373,measured,9.5,12.09,13.67,10.44,11.33,13.2,11.8,10.45,6.86,8.29,12.36,14.36,7.73,4.03,15.11,16.23,3.88,3.28,3.52,3.1,4.05,1.0,2.44,3.53,1.92,3.04,3.26,2.81,1.6,2.73,2.51,1.62,3.67,4.25,8.57,8.99,8.04,7.91,6.17,9.44,5.8,6.8,3.05,4.83,2.82,5.0,3.58,3.19,3.28
00-0035647,Montez Sweat,CHI,EDGE,1.0,1449,measured,15.3,15.74,15.87,12.81,10.67,14.63,11.8,12.82,14.02,16.13,12.55,8.44,10.61,14.1,14.8,7.94,2.43,2.13,2.11,3.29,3.35,3.3,3.67,3.16,2.42,3.54,2.93,2.44,1.49,2.81,4.24,3.39,3.28,2.54,13.73,15.66,18.04,18.15,13.3,11.02,5.8,6.8,1.52,3.15,2.39,1.23,2.45,2.61,1.0
00-0031203,Cairo Santos,CHI,K,1.0,65,measured,14.8,7.48,8.85,8.19,9.88,10.52,12.74,14.33,11.01,9.49,16.9,12.93,8.75,14.16,14.83,7.13,2.05,3.25,2.12,2.76,2.76,1.0,2.18,3.74,1.42,3.33,2.64,2.03,4.3,2.06,3.25,4.31,3.66,4.57,2.62,1.0,2.79,2.17,4.43,2.96,3.08,4.46,1.76,4.94,14.71,14.89,1.77,3.68,3.55
00-0036870,Buddy Johnson,CHI,LB,,28,prior,10.5,12.18,13.14,12.43,10.55,13.86,11.8,10.29,5.86,7.59,9.63,11.74,4.98,12.04,7.06,15.88,2.0,1.26,4.9,1.98,3.28,2.11,2.08,1.75,3.81,2.39,4.75,3.31,3.18,4.34,2.37,3.62,2.89,2.71,6.86,6.75,7.93,10.33,12.19,12.11,8.68,10.18,4.38,3.74,1.53,2.53,4.87,2.49,3.74
00-0037271,D'Marco Jackson,CHI,LB,1.0,290,measured,11.8,13.25,14.86,11.92,10.22,13.64,11.8,10.03,8.43,9.5,10.31,10.59,12.3,8.24,14.37,4.62,2.17,3.97,2.14,3.34,5.51,3.92,2.67,1.7,2.96,2.79,4.82,4.31,1.61,1.0,3.91,3.39,5.19,2.85,11.37,11.75,7.64,8.62,10.58,15.47,14.82,16.27,3.91,7.64,3.86,1.73,3.98,3.59,4.48
00-0035525,Devin Bush,CHI,LB,1.0,1234,measured,14.9,15.88,16.02,14.35,10.67,17.17,11.8,12.16,8.69,13.31,11.35,8.67,12.16,17.99,10.99,6.81,2.35,2.52,2.18,3.83,2.66,4.38,1.98,4.35,4.29,4.7,3.24,2.86,3.17,3.37,2.85,2.15,3.41,4.15,9.55,10.69,15.25,15.73,16.07,15.98,14.25,15.75,2.6,14.75,2.54,4.78,2.32,1.64,2.12
00-0037109,Jack Sanborn,CHI,LB,2.0,535,measured,13.0,10.31,10.65,12.44,10.0,12.8,11.8,10.21,10.83,6.94,6.97,13.13,8.21,6.59,17.61,14.41,4.47,2.85,1.87,3.26,2.98,2.84,2.64,3.36,2.17,4.39,2.35,2.66,2.05,3.63,2.57,2.48,1.58,3.04,14.2,13.63,14.42,15.41,14.84,15.12,8.37,9.87,1.68,4.89,1.72,2.24,2.53,2.5,4.33
00-0041085,Keyshaun Elliott,CHI,LB,2.0,0,prior,11.6,12.02,14.23,11.96,10.67,16.27,11.8,7.74,12.06,8.05,4.79,8.66,7.49,10.31,10.99,11.29,2.18,3.79,1.11,3.19,4.93,2.11,3.99,2.54,3.08,2.97,3.17,4.68,3.74,4.07,3.3,3.5,3.54,2.34,13.5,13.29,10.34,12.43,15.12,15.82,4.94,6.44,2.91,2.77,3.72,3.89,2.23,1.42,2.08
00-0037544,Nephi Sewell,CHI,LB,3.0,60,prior,11.2,11.23,12.61,13.01,10.61,12.55,11.8,9.99,10.58,7.24,8.84,9.65,9.3,16.96,10.99,5.08,2.96,3.69,2.97,4.68,1.77,4.33,2.96,3.85,3.5,3.59,3.09,2.36,3.74,1.7,3.97,4.16,2.86,2.83,8.79,8.33,9.26,11.32,14.24,12.29,8.56,10.06,1.39,4.32,2.5,3.9,3.69,3.96,5.51
00-0038390,Noah Sewell,CHI,LB,3.0,396,measured,12.5,11.69,11.6,11.93,13.85,12.29,11.8,9.24,11.95,8.32,7.88,9.84,11.2,7.92,7.08,6.6,2.11,3.42,3.47,3.59,4.24,2.75,2.52,3.71,3.14,3.33,3.83,1.92,3.14,2.02,2.65,2.8,2.31,1.9,5.11,3.9,15.52,16.56,15.88,12.68,8.58,10.08,1.56,5.84,2.4,1.0,1.97,2.58,1.77
00-0040167,Ruben Hyppolite II,CHI,LB,4.0,28,prior,10.3,12.0,12.66,11.5,11.68,13.59,11.8,9.47,6.47,8.11,6.4,8.13,10.21,5.3,6.08,11.29,3.12,2.99,2.34,2.16,3.3,3.78,3.39,3.46,2.39,4.67,1.64,4.36,2.87,1.0,1.02,2.85,1.85,3.83,6.46,5.89,8.01,10.55,12.79,12.51,7.26,8.76,3.83,3.14,3.84,3.13,1.6,4.62,3.74
00-0035386,T.J. Edwards,CHI,LB,1.0,1659,measured,12.6,11.2,11.77,10.91,8.0,12.57,11.8,12.87,10.61,6.4,12.94,7.4,12.18,6.83,4.49,15.41,1.33,2.5,3.15,2.19,1.44,3.49,2.99,2.38,4.29,2.14,3.47,3.67,2.05,3.27,2.38,5.15,1.98,2.37,12.27,12.7,10.84,11.88,12.39,14.0,12.95,14.45,2.96,13.52,2.91,2.42,2.97,1.81,4.51
00-0036634,Tony Fields II,CHI,LB,2.0,104,measured,10.7,11.69,11.35,10.87,8.5,12.59,11.8,9.71,8.8,6.76,8.0,9.1,11.04,12.28,13.85,7.62,3.83,2.46,2.53,3.41,2.58,3.21,3.24,3.31,2.01,3.28,1.0,2.35,3.27,2.33,3.78,2.04,2.78,3.66,13.66,14.1,7.67,10.07,11.85,12.48,7.5,9.0,5.7,2.62,2.42,2.18,4.18,2.14,3.54
00-0041408,Wayne Matthews II,CHI,LB,,0,prior,12.1,11.88,12.39,11.55,9.99,12.88,11.8,9.95,5.59,7.34,5.42,10.64,12.96,10.31,10.99,11.29,2.9,1.42,1.29,3.47,3.09,3.67,3.07,4.81,1.01,1.37,2.02,3.24,2.15,2.92,4.56,1.99,3.39,2.48,5.23,5.21,14.45,14.22,14.51,15.73,7.25,8.75,2.04,5.43,3.39,3.03,3.05,2.3,4.35
00-0041167,Beau Gardner,CHI,LS,1.0,0,prior,9.1,10.6,11.56,10.69,9.71,12.54,8.63,8.14,9.38,10.27,7.62,11.16,14.46,10.31,10.99,11.29,2.92,1.69,1.94,3.84,3.37,2.19,3.16,2.0,1.46,1.67,4.35,5.02,2.8,3.52,2.1,3.29,2.76,3.5,2.74,3.24,4.15,3.4,4.49,1.45,3.59,1.83,3.87,2.02,3.06,4.12,4.63,3.17,2.96
00-0041164,Caden Barnett,CHI,OG,,0,prior,11.3,4.39,5.93,5.39,13.19,8.63,11.8,9.16,7.7,7.49,7.1,9.01,12.85,10.31,10.99,11.29,1.0,3.08,2.48,2.45,4.61,4.15,3.82,2.53,2.47,3.83,1.89,3.12,3.44,2.35,1.36,13.04,10.83,1.95,3.81,3.89,3.56,3.9,2.23,1.27,3.73,3.44,3.63,4.26,3.63,1.98,3.06,4.08,3.6
00-0032391,Joe Thuney,CHI,OG,1.0,2226,measured,14.4,5.3,6.23,6.8,14.31,7.32,11.8,14.79,12.89,10.28,12.16,12.71,8.75,17.99,10.99,6.96,2.3,3.12,3.03,4.22,3.16,2.99,2.25,4.7,3.53,3.32,2.4,2.93,3.28,3.55,2.94,17.44,13.9,3.4,1.94,3.85,3.33,3.33,3.21,2.92,1.94,3.94,3.76,3.8,2.21,4.63,2.54,3.26,3.36
00-0036258,Jonah Jackson,CHI,OG,1.0,1560,measured,13.0,2.99,3.42,3.04,14.31,5.74,11.8,13.15,10.17,10.68,12.59,8.94,13.16,12.48,5.42,15.96,1.0,3.96,3.78,2.84,2.04,2.46,4.33,2.3,2.41,3.2,3.46,3.93,2.7,1.6,2.54,17.25,11.05,1.9,2.18,2.77,4.08,2.99,1.83,1.0,1.83,4.35,5.18,4.13,1.95,3.69,2.36,1.61,2.23
00-0038595,Jordan McFadden,CHI,OG,2.0,72,prior,11.0,6.8,6.88,5.44,13.08,8.39,11.8,9.54,9.43,7.99,6.13,13.27,10.14,15.84,10.99,11.29,3.83,2.61,2.38,1.88,5.39,1.82,2.14,2.78,2.62,1.88,3.57,1.11,4.14,1.69,2.67,8.34,14.98,3.01,5.34,3.31,2.47,2.76,1.97,3.4,1.0,1.35,2.31,3.02,4.26,3.3,2.47,3.0,2.95
00-0039624,Kyle Hergel,CHI,OG,,29,prior,9.6,4.68,5.66,4.14,13.19,8.08,11.8,9.37,8.56,10.01,6.73,8.77,12.61,12.42,10.99,11.29,2.62,2.09,3.02,3.39,2.42,2.82,3.46,4.39,4.47,3.06,1.2,2.28,1.6,1.22,1.95,9.34,9.84,1.94,1.0,3.04,2.86,2.51,2.33,3.12,3.74,3.07,2.44,2.83,3.88,4.82,2.25,1.0,3.42
00-0040210,Luke Newman,CHI,OG,2.0,22,prior,10.6,4.55,6.11,5.81,13.11,8.63,11.8,10.81,8.33,9.51,9.6,10.55,8.56,6.15,17.31,5.58,3.74,1.88,3.65,2.34,3.22,1.1,3.25,1.9,3.46,4.3,1.92,1.38,3.89,3.25,3.54,7.12,14.98,3.44,3.88,3.55,1.0,3.36,2.2,3.19,3.57,3.01,4.3,3.26,3.67,2.58,4.08,4.36,1.64
00-0037081,Braxton Jones,CHI,OT,1.0,961,measured,12.5,7.07,7.73,5.27,12.56,7.07,11.8,10.54,10.98,11.68,7.93,11.92,12.83,5.35,14.4,16.1,4.74,2.38,3.07,1.0,5.04,2.2,2.78,2.35,2.19,3.6,2.86,4.32,1.32,2.54,3.44,7.1,19.4,3.65,3.42,3.39,1.0,2.3,2.64,2.47,3.5,4.18,3.11,2.57,2.23,2.61,3.77,2.98,1.88
00-0039382,Christian Jones,CHI,OT,,46,prior,10.8,6.13,7.46,3.13,12.54,9.4,11.8,9.82,7.05,5.68,6.64,10.37,9.01,4.73,6.65,4.1,4.09,2.99,4.1,2.69,2.01,3.13,3.26,3.34,2.35,3.73,2.79,3.46,1.0,3.19,2.89,11.25,12.74,1.63,3.39,2.78,3.56,2.63,3.27,1.88,2.11,2.84,3.19,2.38,2.91,2.15,2.38,2.99,4.73
00-0038932,Darnell Wright,CHI,OT,1.0,2128,measured,12.5,6.53,8.77,4.59,12.31,9.83,11.8,11.54,10.84,6.55,9.04,10.24,14.46,13.79,17.75,16.74,3.01,1.61,1.23,2.6,2.01,1.0,3.97,2.08,1.41,5.84,2.51,2.23,2.24,1.68,1.84,18.63,10.88,1.77,3.24,4.86,3.53,3.54,5.21,1.32,3.78,2.7,3.38,3.97,2.65,3.47,3.47,3.8,2.55
00-0040740,Ozzy Trapilo,CHI,OT,2.0,454,measured,12.1,3.85,5.73,6.11,11.17,8.26,11.8,8.74,10.23,12.01,8.22,10.57,12.3,13.04,10.99,5.58,2.89,2.38,2.19,3.67,1.86,3.1,3.87,5.3,1.45,1.7,1.67,3.64,3.87,1.0,4.5,16.95,11.88,4.33,3.14,3.78,3.52,1.68,1.81,2.99,2.95,3.92,4.18,3.09,3.17,1.39,3.08,4.12,4.35
00-0039459,Theo Benedet,CHI,OT,2.0,531,measured,12.0,4.47,6.48,6.39,11.78,8.89,11.8,8.19,10.39,8.57,7.33,10.53,10.45,13.04,10.99,5.58,3.36,1.56,3.61,1.64,6.04,1.94,3.51,4.4,2.9,3.32,4.95,2.26,3.28,2.84,1.36,13.76,13.84,2.36,3.18,1.0,2.95,1.68,4.15,3.17,3.13,3.68,3.0,2.56,3.57,3.06,3.59,3.09,3.39
00-0039745,Tory Taylor,CHI,P,1.0,75,measured,13.1,7.24,9.35,9.38,10.13,11.79,9.51,10.99,9.84,7.34,8.55,11.93,8.37,14.76,10.99,11.29,2.09,2.72,4.99,3.28,3.44,3.37,1.46,3.53,2.52,3.7,3.42,2.26,2.35,2.25,3.3,2.63,1.63,2.38,2.41,4.14,3.81,3.46,4.59,2.38,1.89,2.53,2.07,2.7,4.58,3.55,16.45,9.7,4.04
00-0039918,Caleb Williams,CHI,QB,1.0,1778,measured,11.3,9.24,9.88,12.26,10.08,11.13,11.8,11.84,10.96,6.96,12.05,12.21,9.16,14.76,10.99,11.29,19.11,10.91,5.68,9.68,9.2,11.75,13.45,13.35,1.66,12.08,3.17,2.41,3.08,2.47,3.49,2.01,3.07,3.31,1.48,3.74,2.53,2.83,2.49,3.3,2.63,5.12,2.49,1.29,2.79,2.85,1.45,2.78,2.67
00-0028986,Case Keenum,CHI,QB,3.0,43,prior,8.1,6.77,4.73,9.04,10.08,7.39,11.8,9.12,7.39,4.83,13.53,11.66,10.94,7.64,13.97,6.33,4.69,7.08,12.25,9.16,6.43,7.4,7.33,7.24,3.51,1.0,4.22,4.32,4.78,4.39,1.88,4.18,4.08,3.02,3.06,3.1,4.22,3.04,3.17,5.07,3.18,1.11,3.89,3.91,2.86,3.18,4.6,2.86,2.69
00-0041172,Miller Moss,CHI,QB,,0,prior,7.0,9.63,9.74,12.09,10.08,10.59,11.8,6.07,5.99,3.62,6.72,8.42,9.17,10.31,10.99,11.29,10.94,6.59,6.9,8.59,4.81,5.59,5.36,7.44,3.16,2.55,2.85,3.53,3.07,3.76,2.87,2.4,5.13,4.29,2.01,5.1,2.17,2.74,2.68,3.05,2.75,4.14,3.03,3.25,3.12,3.35,2.49,2.4,2.83
00-0038416,Tyson Bagent,CHI,QB,2.0,147,measured,8.9,10.03,10.13,11.88,10.08,10.74,11.8,8.96,8.47,8.41,10.1,10.4,16.97,15.84,10.99,11.29,7.78,8.37,10.5,6.88,7.25,12.78,8.08,7.68,3.39,1.84,3.92,3.17,4.12,3.94,2.02,3.1,4.02,3.78,4.19,2.77,2.47,3.18,3.2,1.0,2.55,3.99,3.18,2.84,2.49,2.89,3.05,2.95,2.5
00-0037329,Brittain Brown,CHI,RB,4.0,14,prior,8.6,14.53,14.71,13.06,8.15,13.99,11.8,9.47,7.01,7.16,9.42,15.15,11.11,14.05,10.99,11.29,2.54,4.11,2.55,5.09,4.97,3.42,3.05,8.85,5.83,5.4,5.44,7.26,3.91,4.42,4.96,1.0,6.01,1.0,2.2,1.38,1.0,3.49,2.02,3.8,1.18,3.2,3.74,1.69,2.88,1.79,2.5,2.86,14.74
00-0036275,D'Andre Swift,CHI,RB,1.0,1332,measured,12.9,14.77,14.71,13.86,8.49,14.31,11.8,11.78,11.65,6.48,11.58,16.29,13.68,7.8,7.57,18.77,2.73,3.56,3.96,2.45,3.89,2.94,3.78,11.23,11.7,15.23,13.89,8.64,4.08,8.87,6.98,3.76,8.04,4.76,2.55,4.11,3.66,2.93,2.89,1.7,4.51,1.58,2.23,4.64,3.08,2.86,2.86,4.25,12.19
00-0040236,Kyle Monangai,CHI,RB,2.0,437,measured,12.7,12.37,12.44,13.54,8.87,13.22,11.8,11.51,9.9,9.94,6.77,16.14,12.56,13.04,10.99,11.29,4.39,3.26,3.58,3.07,3.74,2.67,3.75,14.67,15.47,12.62,15.4,3.92,3.03,5.21,3.66,2.89,5.08,3.89,3.24,2.06,1.8,4.27,2.86,3.02,2.67,3.16,2.72,1.0,3.31,3.49,4.42,1.63,10.59
00-0039021,Roschon Johnson,CHI,RB,3.0,345,measured,11.3,12.74,13.87,11.99,9.91,12.51,11.8,10.49,9.17,7.52,8.02,13.12,10.65,5.54,5.83,5.58,2.92,3.23,3.76,5.28,1.55,2.52,3.99,16.4,9.39,8.22,10.0,14.52,3.44,5.44,4.93,5.46,6.84,6.46,3.89,6.21,2.85,4.05,3.49,5.45,2.87,1.65,1.77,3.72,2.56,1.46,1.88,3.19,12.05
00-0036020,Salvon Ahmed,CHI,RB,,56,prior,9.0,12.0,12.99,14.09,7.63,13.63,11.8,9.87,7.63,4.27,9.06,13.89,16.12,6.09,7.14,7.43,2.49,3.89,3.71,4.16,4.19,2.55,3.26,8.72,7.64,5.6,6.5,10.92,3.22,9.1,9.95,3.16,6.25,4.16,2.97,3.52,2.48,2.33,2.52,1.52,1.74,1.23,1.16,4.68,1.68,4.01,2.6,3.54,12.46
00-0038440,Zavier Scott,CHI,RB,,95,prior,10.1,13.89,14.53,12.36,9.29,14.15,11.8,9.63,11.12,8.31,9.32,7.93,15.12,12.11,16.55,15.41,3.5,3.83,2.04,2.44,2.62,3.78,4.19,9.94,8.73,6.45,7.8,13.53,2.66,10.06,10.24,2.95,5.95,3.95,4.25,3.06,3.21,3.76,3.53,2.58,3.54,4.49,2.91,3.79,4.19,3.95,3.12,4.33,12.64
00-0038411,Anthony Johnson,CHI,S,,138,measured,9.4,13.48,15.01,14.46,8.17,16.05,11.8,9.17,5.2,9.56,7.78,8.58,11.06,13.86,10.99,11.29,3.55,3.46,1.0,3.56,2.89,1.63,4.63,1.22,1.79,2.74,2.88,3.09,2.31,2.79,3.3,1.73,3.92,1.69,3.19,4.08,3.34,8.69,9.2,13.66,7.0,8.0,9.31,7.53,4.55,2.0,2.83,3.55,9.8
00-0038136,Coby Bryant,CHI,S,3.0,1457,measured,13.0,13.48,14.69,13.52,8.5,14.41,11.8,9.3,8.16,11.62,10.88,11.62,12.16,8.19,7.03,11.29,4.7,3.77,4.21,1.67,3.23,2.75,1.97,3.11,2.27,1.57,3.77,3.4,4.95,5.09,1.0,2.27,3.36,3.65,3.61,2.99,3.23,13.49,7.02,15.61,13.19,14.19,9.41,19.78,2.81,4.61,5.23,3.41,9.8
00-0041538,Dillon Thieneman,CHI,S,1.0,0,prior,10.4,17.78,17.3,14.23,9.0,17.57,11.8,8.98,11.06,6.23,6.5,12.25,10.82,10.31,10.99,11.29,2.25,3.09,2.02,4.35,3.43,2.61,4.58,2.68,1.0,2.74,3.87,3.71,3.23,3.58,4.24,1.61,2.51,3.16,1.53,4.04,2.55,15.36,11.38,12.72,6.15,7.15,9.56,6.89,1.45,2.51,1.76,2.17,9.8
00-0037096,Elijah Hicks,CHI,S,2.0,499,measured,10.3,13.19,13.73,14.49,7.98,14.01,11.8,11.05,4.86,5.92,9.53,12.79,13.72,12.2,6.51,6.6,2.52,3.6,2.82,3.65,1.63,3.77,3.27,3.45,2.97,3.84,3.32,2.6,2.96,2.31,3.41,2.55,2.96,4.96,1.0,1.74,3.55,10.97,9.83,12.31,8.46,9.46,9.25,8.2,3.47,2.73,4.81,4.44,9.8
00-0038696,Keidron Smith,CHI,S,,74,prior,9.4,14.0,15.21,13.53,7.9,14.96,11.8,10.54,9.12,5.68,6.55,8.05,12.47,14.76,10.99,11.29,3.5,2.72,2.38,2.31,2.3,2.09,2.35,1.91,4.8,3.66,3.04,3.08,4.11,3.83,4.02,2.04,3.46,5.2,1.0,1.72,2.21,9.05,12.27,13.39,5.29,6.29,9.23,6.55,2.96,4.39,2.46,2.69,9.8
00-0041021,Marlen Sewell,CHI,S,,0,prior,10.7,13.81,14.54,14.16,7.59,14.36,11.8,8.71,10.89,7.01,6.86,11.49,8.79,10.31,10.99,11.29,3.14,4.12,4.85,3.9,3.78,2.41,3.8,2.74,3.57,1.42,3.11,4.22,3.02,2.46,1.65,2.67,3.98,2.3,3.18,3.71,3.66,9.26,10.27,15.3,8.81,9.81,9.14,11.16,3.09,2.46,1.23,3.87,9.8
00-0041175,Skyler Thomas,CHI,S,2.0,0,prior,11.0,14.48,15.52,13.04,6.96,14.58,11.8,10.32,6.15,6.0,6.68,11.92,12.03,10.31,10.99,11.29,1.8,3.21,1.48,2.83,4.18,3.23,3.22,4.21,4.64,3.45,3.68,3.78,3.67,3.41,2.94,2.14,2.24,2.38,4.11,3.12,2.04,13.32,11.56,13.0,8.74,9.74,8.95,8.16,4.2,4.0,2.11,2.29,9.8
00-0033579,Xavier Woods,CHI,S,1.0,1582,measured,12.1,12.47,13.19,15.96,9.5,12.61,11.8,14.46,7.88,7.49,11.62,1.14,14.85,5.24,7.5,16.47,2.86,2.68,3.79,3.32,2.6,2.62,2.68,4.08,1.57,2.38,1.94,2.98,2.47,2.67,3.52,1.91,5.05,3.75,2.79,3.88,5.04,5.54,9.91,14.31,11.11,12.11,9.71,16.42,1.92,3.41,3.18,3.6,9.8
00-0036290,Cole Kmet,CHI,TE,2.0,1711,measured,11.6,10.77,13.12,9.61,10.07,15.56,11.8,11.47,10.38,10.67,9.33,14.56,15.13,15.36,15.46,14.58,1.6,3.4,4.51,2.55,2.11,3.8,1.25,15.59,2.56,6.91,9.57,12.15,19.42,12.51,13.94,8.48,11.28,6.32,1.92,1.04,1.22,1.86,2.72,1.0,2.35,2.59,2.86,2.27,1.38,3.56,2.48,4.27,1.34
00-0040126,Colston Loveland,CHI,TE,1.0,644,measured,13.7,11.28,12.57,12.56,8.4,13.67,11.8,10.23,9.26,12.35,8.72,9.0,10.37,13.04,10.99,7.51,2.98,3.46,2.71,1.54,2.82,2.65,2.91,17.53,5.24,11.76,14.42,16.81,8.91,16.89,12.3,14.24,14.52,12.08,1.23,2.66,2.82,3.56,2.64,1.63,3.2,2.98,2.05,3.43,2.72,1.5,3.19,1.15,1.0
00-0041170,Hayden Large,CHI,TE,5.0,0,prior,9.2,11.0,12.28,11.91,9.79,13.34,11.8,7.83,5.59,7.76,6.37,15.0,3.66,10.31,10.99,11.29,2.65,3.8,4.42,2.36,3.35,1.08,2.67,6.67,4.19,7.11,9.77,8.1,8.66,8.18,7.9,10.23,8.86,8.08,2.91,3.77,2.26,2.7,3.47,3.83,2.87,3.92,3.08,3.57,3.19,1.65,2.97,3.54,2.07
00-0037031,Nikola Kalinic,CHI,TE,4.0,1,prior,9.3,10.75,12.01,11.68,9.31,13.15,11.8,9.51,6.96,3.76,8.9,9.41,15.85,15.31,10.99,11.29,3.76,2.31,3.89,5.25,2.41,3.57,2.88,6.44,4.2,2.01,4.66,19.4,5.71,4.21,4.21,8.32,11.98,6.16,3.61,3.63,1.0,4.64,3.29,3.17,2.04,2.69,2.27,3.39,3.48,3.74,3.32,1.64,2.33
00-0039843,Qadir Ismail,CHI,TE,,0,prior,9.3,11.86,13.08,13.02,7.53,14.24,11.8,7.14,5.01,7.22,5.53,7.39,12.05,10.31,10.99,11.29,4.36,3.35,1.3,2.57,2.39,1.89,2.98,6.42,3.21,2.02,4.67,19.4,5.7,4.17,4.17,8.63,11.98,6.48,2.68,2.7,2.56,3.38,2.53,3.73,3.96,3.98,1.63,1.0,4.96,3.09,2.89,2.74,3.67
00-0041558,Sam Roush,CHI,TE,3.0,0,prior,9.5,10.77,13.86,12.19,12.92,16.62,11.8,8.13,7.37,6.05,5.73,12.44,11.23,10.31,10.99,11.29,4.37,2.67,3.31,1.32,3.05,3.96,2.98,14.34,3.9,6.35,9.01,9.95,8.55,8.67,8.19,9.13,8.63,6.98,4.06,1.14,3.81,3.62,2.41,3.14,2.11,3.09,1.59,2.59,2.93,2.31,2.11,4.88,3.14
00-0035039,Stephen Carlson,CHI,TE,,12,prior,9.3,10.52,11.8,11.49,9.6,12.96,11.8,11.29,4.6,5.57,8.93,11.89,12.54,5.91,13.59,11.29,2.79,3.27,3.02,6.0,1.97,5.48,3.26,6.45,3.64,2.39,5.05,19.4,5.76,4.23,4.25,8.12,11.67,5.96,4.68,3.41,2.36,2.32,3.15,3.53,2.88,3.88,2.1,3.34,3.4,2.61,1.0,4.1,4.39
00-0040275,JP Richardson,CHI,WR,,0,prior,9.6,14.97,15.36,13.5,7.25,15.03,11.8,8.79,6.66,8.15,6.13,10.92,10.37,10.31,10.99,11.29,2.52,2.81,2.03,3.28,2.8,3.43,3.48,11.77,10.15,16.06,14.98,13.55,3.6,3.59,3.59,2.33,1.6,4.38,2.46,3.53,2.84,1.0,2.45,3.89,3.38,3.1,3.86,1.84,1.16,3.25,4.02,2.94,10.32
00-0040277,Jahdae Walker,CHI,WR,2.0,78,prior,10.7,14.42,15.33,14.06,6.67,15.06,11.8,8.66,9.48,9.32,7.77,12.22,12.66,6.15,7.59,11.29,1.91,2.17,2.78,2.25,3.11,5.27,3.9,12.87,7.45,10.95,9.87,13.31,5.2,7.75,5.91,2.99,1.54,3.05,1.93,2.53,3.14,2.58,2.97,1.71,2.6,3.41,2.8,2.52,4.4,4.0,3.1,3.26,15.06
00-0037380,Kaden Davis,CHI,WR,,10,prior,9.3,15.18,15.66,14.25,6.33,14.97,11.8,9.99,9.26,10.32,5.18,9.13,11.14,14.76,10.99,11.29,2.58,2.66,2.55,3.26,3.4,1.93,3.58,7.99,8.84,14.29,13.22,10.74,3.68,4.36,3.77,3.8,3.1,3.88,3.12,4.24,4.07,3.21,3.7,2.96,2.99,3.22,2.27,4.0,2.1,2.43,3.3,4.26,13.81
00-0032464,Kalif Raymond,CHI,WR,1.0,624,measured,15.5,15.4,14.9,13.44,5.64,13.67,11.8,14.19,14.84,14.4,12.22,13.53,12.45,7.18,16.68,18.67,2.94,3.63,4.03,4.14,2.59,3.76,3.75,10.15,14.05,17.05,15.98,17.86,16.16,14.21,14.29,3.54,4.06,2.71,2.35,4.63,1.76,3.45,4.27,3.8,3.88,3.76,2.81,2.8,3.01,5.37,3.42,1.0,14.47
00-0040735,Luther Burden III,CHI,WR,1.0,373,measured,14.6,16.39,16.13,13.05,7.9,15.12,11.8,11.37,16.01,12.16,5.53,10.73,7.94,8.5,17.97,11.29,3.18,3.08,1.8,2.81,1.76,3.48,3.46,17.68,16.33,15.21,14.14,9.93,8.13,18.73,17.54,3.34,3.71,3.77,2.46,2.23,4.44,2.8,4.32,2.72,3.09,2.86,1.56,2.64,2.47,3.74,3.06,2.81,13.96
00-0034407,Ray-Ray McCloud,CHI,WR,,920,measured,9.5,13.05,11.48,12.66,6.5,12.14,11.8,13.03,5.91,8.92,11.09,11.28,11.01,6.06,14.98,7.89,3.92,3.26,4.25,1.61,4.48,1.25,4.78,4.12,7.19,11.27,10.2,6.37,8.09,8.8,8.47,4.68,2.93,4.83,2.65,3.58,2.13,2.81,2.73,2.64,3.14,3.26,2.76,5.49,5.06,2.7,1.68,2.77,11.13
00-0039919,Rome Odunze,CHI,WR,1.0,1292,measured,11.5,15.47,15.82,16.56,7.3,16.56,11.8,9.11,12.57,14.39,7.79,14.71,7.62,7.88,15.65,4.93,2.11,4.02,3.06,3.05,2.68,3.38,2.48,13.39,11.65,14.14,13.06,6.79,8.31,11.12,10.7,1.33,2.87,3.37,1.0,4.81,3.62,1.38,2.08,1.47,2.01,3.81,4.08,2.21,4.75,2.34,3.5,3.57,9.73
00-0035298,Scott Miller,CHI,WR,,402,measured,11.1,15.67,15.5,13.65,6.53,14.6,11.8,12.46,9.62,8.46,9.84,17.34,5.76,7.6,4.42,7.06,2.47,2.98,2.77,2.75,3.25,2.14,3.88,6.59,5.81,10.49,9.41,7.46,6.8,10.48,12.12,2.74,3.57,3.46,3.71,3.47,3.85,2.42,5.96,3.76,3.78,2.8,2.35,3.96,1.83,3.06,2.86,4.22,12.78
00-0041051,Zavion Thomas,CHI,WR,2.0,0,prior,10.6,19.4,17.67,13.47,7.24,14.91,11.8,9.43,7.17,10.06,8.34,16.8,10.19,10.31,10.99,11.29,1.4,4.92,2.5,1.14,3.47,1.95,3.7,13.34,5.65,7.22,6.14,8.19,5.89,7.65,7.92,2.03,2.6,3.21,1.21,2.38,2.72,2.97,3.77,3.35,1.65,2.73,2.91,2.51,1.75,1.68,2.35,4.39,16.57
00-0041062,Connor Lew,CIN,C,2.0,0,prior,10.6,4.44,5.9,6.48,13.44,8.47,11.8,10.24,5.13,11.23,5.48,13.66,10.32,10.31,10.99,11.29,3.61,2.74,4.59,3.36,1.0,2.8,3.15,1.86,1.67,3.38,4.49,3.04,3.13,3.31,3.44,10.37,11.08,2.92,3.89,2.12,4.22,4.86,3.66,3.36,2.45,2.04,2.31,4.19,3.72,3.58,2.82,3.29,4.57
00-0040359,Jacob Bayer,CIN,C,3.0,0,prior,10.1,4.93,6.1,6.85,13.77,8.81,11.8,7.69,8.67,10.78,5.1,10.35,7.03,10.31,10.99,11.29,1.59,3.32,3.61,2.56,3.02,2.53,1.4,1.61,3.88,3.45,1.0,2.55,1.89,1.63,1.86,10.55,9.98,3.32,1.35,1.54,4.16,3.13,3.63,2.44,1.62,4.1,2.73,3.07,5.79,2.75,3.28,3.95,2.34
00-0032445,Ted Karras,CIN,C,1.0,2224,measured,13.9,2.52,3.98,4.83,13.44,6.83,11.8,15.5,13.88,12.39,13.34,9.36,9.19,17.99,10.99,7.06,2.12,2.92,1.96,4.44,3.14,2.83,3.12,1.17,4.68,4.41,3.69,1.24,2.94,1.28,3.77,16.51,13.83,4.31,1.59,2.36,3.53,1.48,2.86,1.83,3.71,3.19,2.27,2.04,3.37,1.98,1.39,3.27,2.46
00-0040372,Bralyn Lux,CIN,CB,,19,prior,9.3,15.06,15.46,13.77,6.58,14.68,11.8,9.82,5.91,10.25,6.34,7.14,10.25,13.04,10.99,11.29,3.01,3.56,1.4,2.17,1.68,3.71,4.73,2.23,3.01,3.32,3.47,4.12,3.02,2.31,3.93,3.2,3.28,3.27,3.21,2.78,1.64,8.74,12.52,15.04,6.16,6.16,9.82,4.36,1.0,2.82,5.29,2.99,5.95
00-0038642,D.J. Ivey,CIN,CB,3.0,154,measured,9.8,15.08,15.81,13.92,6.72,15.3,11.8,11.07,9.78,8.88,5.76,8.66,6.11,8.52,15.02,14.86,2.74,3.47,3.23,3.12,3.12,2.22,3.13,2.17,3.67,3.81,2.57,3.32,1.0,1.81,2.94,2.51,3.82,2.73,2.02,3.34,2.92,8.16,11.16,15.76,7.05,7.05,9.86,6.28,3.09,3.64,1.17,3.87,5.18
00-0038549,DJ Turner II,CIN,CB,1.0,1584,measured,12.7,19.4,19.4,13.81,6.67,17.18,11.8,10.15,13.95,15.08,9.91,13.12,5.57,15.84,10.99,17.32,3.42,2.51,3.03,6.27,2.96,3.06,2.32,3.16,1.6,2.23,2.15,3.56,3.47,1.85,3.17,4.29,3.64,3.25,1.82,3.35,2.47,1.75,2.59,13.36,10.61,10.61,9.84,13.76,4.22,1.49,2.48,3.46,11.82
00-0037743,Daxton Hill,CIN,CB,1.0,1575,measured,13.1,17.09,15.95,18.7,6.81,13.34,11.8,13.62,11.5,14.91,8.71,10.21,12.46,15.33,14.0,14.09,2.63,3.43,3.48,4.12,1.97,5.81,1.39,2.91,1.02,3.54,4.76,3.69,3.15,3.43,4.7,3.54,1.72,2.0,2.71,4.17,4.35,8.25,12.9,13.26,11.2,11.2,9.88,12.74,2.17,1.78,3.22,3.03,11.16
00-0037307,Ja'Sir Taylor,CIN,CB,2.0,572,measured,10.4,15.05,15.54,13.66,6.92,14.97,11.8,12.11,10.48,9.18,7.72,10.77,15.88,14.03,16.77,14.68,1.08,3.95,2.89,3.13,3.5,4.29,3.1,3.76,3.65,2.3,1.52,3.15,3.25,2.3,3.73,3.71,1.48,3.0,3.41,2.57,3.54,7.87,7.63,11.77,8.67,8.67,9.92,7.06,3.96,2.39,2.15,3.99,14.72
00-0034446,Jalen Davis,CIN,CB,1.0,307,measured,12.1,14.21,14.64,12.91,6.92,14.25,11.8,15.51,14.65,10.66,15.27,9.56,10.67,14.36,7.64,7.7,4.11,1.41,4.14,3.67,3.15,2.68,1.0,4.08,2.16,2.66,2.67,4.16,2.1,4.17,3.49,3.96,3.0,3.29,2.8,3.65,1.18,11.34,9.32,11.5,11.71,11.71,9.92,11.53,1.92,1.0,3.63,2.46,6.33
00-0039375,Josh Newton,CIN,CB,2.0,572,measured,9.6,14.08,15.08,14.5,7.5,13.97,11.8,9.31,6.23,8.4,5.39,7.99,10.0,11.86,16.22,5.58,3.94,3.48,3.04,4.98,3.2,3.69,3.16,2.82,1.61,3.78,1.63,2.55,2.1,2.88,3.33,2.51,1.48,3.24,3.87,4.65,2.53,8.64,5.55,10.14,7.24,7.24,10.09,7.27,2.27,2.39,2.11,3.16,16.75
00-0041464,Tacario Davis,CIN,CB,2.0,0,prior,10.9,16.39,16.07,14.38,5.89,15.56,11.8,8.74,9.0,11.88,5.69,8.4,18.93,10.31,10.99,11.29,2.61,4.37,1.35,3.49,3.0,4.07,2.19,2.53,4.58,2.67,2.6,2.65,3.75,2.94,1.0,2.5,2.1,4.56,3.12,2.88,2.36,9.05,11.06,14.55,8.7,8.7,9.61,7.43,3.72,3.07,3.38,4.11,18.32
00-0040251,Trikweze Bridges,CIN,CB,,223,measured,9.5,15.08,15.93,13.98,6.75,15.49,11.8,10.16,10.13,8.84,5.4,7.25,10.17,13.04,10.99,11.29,2.51,2.43,2.7,4.0,4.2,5.0,3.02,1.37,1.95,4.72,4.49,2.22,3.42,1.13,3.79,3.73,1.69,2.17,3.8,3.59,4.54,9.86,13.05,14.98,6.32,6.32,9.87,5.5,5.21,3.24,2.74,1.01,6.13
00-0034800,B.J. Hill,CIN,DT,2.0,1403,measured,13.2,5.61,5.01,8.74,17.55,5.91,11.8,13.22,11.34,13.39,14.43,13.27,17.16,15.13,7.11,18.84,2.53,2.27,2.98,3.19,3.64,3.98,1.65,1.46,2.83,4.01,4.88,1.68,2.75,2.21,4.35,3.54,2.23,1.59,15.95,12.82,10.08,12.69,15.74,7.9,2.69,4.41,3.24,1.28,3.57,3.75,3.31,4.6,3.56
00-0035683,Dexter Lawrence,CIN,DT,1.0,1342,measured,14.2,5.71,5.27,2.44,17.92,5.65,11.8,13.2,12.57,13.0,13.95,8.37,13.03,16.63,14.59,18.48,1.94,4.06,2.42,2.74,2.27,1.83,4.19,3.64,4.21,3.21,2.35,3.62,2.15,1.68,1.59,3.67,1.91,3.67,17.31,14.08,14.58,12.43,12.58,4.53,3.66,2.55,1.04,3.93,2.83,2.26,3.28,4.33,5.18
00-0040369,Howard Cross III,CIN,DT,,50,prior,8.0,7.53,7.17,7.61,13.79,8.57,11.8,8.31,5.32,9.54,7.2,13.84,9.81,13.04,10.99,11.29,4.26,2.06,2.58,3.59,2.92,3.6,3.78,3.87,4.13,4.81,1.0,4.48,4.13,2.45,2.7,1.44,3.0,2.5,7.51,6.37,7.68,6.38,5.09,12.15,2.72,4.07,2.88,3.92,3.77,2.4,2.84,4.05,3.38
00-0033523,Jonathan Allen,CIN,DT,1.0,1324,measured,13.2,5.39,6.26,7.6,10.67,8.43,11.8,13.05,9.2,11.93,14.16,7.79,11.76,6.81,17.92,14.29,3.94,1.56,2.7,3.0,2.27,2.68,3.07,2.24,2.28,1.7,4.85,3.08,2.97,3.89,1.79,4.1,3.23,3.01,14.23,13.43,14.92,14.85,14.01,6.92,2.17,3.75,2.7,4.28,4.58,3.51,3.37,2.97,2.39
00-0039908,Kris Jenkins,CIN,DT,3.0,787,measured,10.0,7.87,9.68,5.6,14.77,10.45,11.8,8.82,9.35,6.63,8.62,14.16,11.2,12.56,5.91,14.86,2.47,3.57,1.75,3.08,3.94,4.31,1.0,2.21,5.48,4.26,3.71,3.48,3.33,4.49,3.01,1.11,3.62,4.52,11.48,10.11,7.27,7.62,10.47,10.29,3.4,2.52,3.14,3.75,3.46,4.21,4.12,3.1,2.64
00-0041118,Landon Robinson,CIN,DT,3.0,0,prior,9.7,7.11,8.08,6.66,14.48,10.53,11.8,9.16,9.77,6.25,7.18,13.7,13.17,10.31,10.99,11.29,3.43,2.87,1.59,2.75,2.8,4.06,3.4,1.95,2.61,3.16,3.57,1.98,1.0,3.51,1.67,1.0,2.71,2.81,10.89,9.36,8.44,7.55,7.69,9.66,2.77,2.83,3.03,2.68,3.98,2.17,3.08,2.86,3.71
00-0036642,Tedarrell Slaton,CIN,DT,2.0,1071,measured,10.3,5.14,6.81,3.9,13.85,8.89,11.8,10.45,9.78,8.81,9.85,10.99,10.07,17.99,10.99,15.11,3.62,2.81,2.04,1.94,3.1,4.54,3.57,3.31,2.14,1.84,4.66,2.39,2.57,2.19,2.17,2.88,2.0,2.13,8.78,6.77,9.32,11.99,13.26,3.89,3.07,3.78,1.88,3.56,4.02,3.68,2.68,1.91,3.94
00-0038133,Boye Mafe,CIN,EDGE,1.0,1243,measured,13.4,13.66,15.11,10.75,11.35,16.27,11.8,10.88,9.98,13.6,10.83,10.33,5.95,14.34,15.02,14.03,2.57,4.14,3.75,2.66,2.89,3.32,2.92,1.82,2.33,2.2,4.02,2.66,3.73,3.41,2.95,1.75,2.98,2.97,13.24,14.21,13.52,12.92,10.11,14.57,5.8,6.8,4.27,3.18,2.2,2.78,1.73,2.5,2.13
00-0041546,Cashius Howell,CIN,EDGE,2.0,0,prior,9.7,12.56,12.05,11.81,10.93,12.08,11.8,8.55,4.18,8.02,8.73,14.84,13.44,10.31,10.99,11.29,3.76,1.99,3.18,2.19,3.56,3.74,3.22,2.41,2.01,2.87,3.93,1.0,2.62,1.67,3.38,3.72,4.35,3.86,8.4,9.13,8.52,9.02,9.35,12.77,5.8,6.8,3.1,3.47,3.67,2.34,3.73,1.02,4.8
00-0039752,Cedric Johnson,CIN,EDGE,3.0,243,measured,9.8,11.85,13.4,10.53,12.92,15.85,11.8,10.64,8.64,9.69,7.12,10.73,9.82,7.01,16.85,11.29,2.31,2.79,3.91,3.08,2.85,4.45,3.2,3.06,2.77,2.78,3.69,2.6,2.35,2.77,2.3,2.19,2.2,3.64,9.14,8.92,8.43,8.26,7.17,14.41,5.8,6.8,3.52,3.35,2.94,2.63,3.53,3.44,1.64
00-0040472,Garmon Randolph,CIN,EDGE,,0,prior,6.7,10.53,13.02,12.2,10.09,14.27,11.8,7.17,4.95,4.95,8.18,10.08,9.41,10.31,10.99,11.29,1.42,1.0,2.75,2.09,3.82,2.22,1.0,4.59,2.31,3.4,3.59,1.68,4.6,3.45,3.16,1.68,2.88,4.2,4.83,5.14,4.99,4.99,3.99,13.4,5.8,6.8,3.69,2.19,2.53,4.85,2.55,1.72,4.49
00-0039143,Isaiah Foskey,CIN,EDGE,,107,measured,9.0,12.74,14.61,10.57,11.33,14.11,11.8,8.8,5.43,7.51,6.56,13.34,11.11,12.08,7.35,7.37,2.95,2.9,1.96,4.44,4.59,3.35,3.39,3.6,1.0,2.06,3.82,4.02,4.14,3.04,2.46,1.77,2.42,3.9,7.29,7.94,7.33,7.46,6.13,12.9,5.8,6.8,5.28,1.62,3.35,2.68,3.44,2.18,3.18
00-0038546,Myles Murphy,CIN,EDGE,1.0,986,measured,11.7,9.73,11.35,10.12,12.92,12.73,11.8,9.96,9.92,10.7,6.32,10.63,7.42,15.84,10.99,14.86,3.14,2.18,1.31,4.97,3.43,3.93,4.05,2.95,1.83,3.5,3.34,3.68,2.49,1.52,3.58,3.57,2.34,1.16,13.68,12.72,8.91,9.38,13.71,11.97,5.8,6.8,2.73,2.76,2.58,3.15,1.0,4.06,3.87
00-0040756,Shemar Stewart,CIN,EDGE,2.0,266,measured,9.3,12.56,15.75,10.8,11.15,17.83,11.8,8.25,8.7,7.81,5.0,7.55,10.2,5.71,5.55,11.29,3.29,1.36,1.18,4.1,3.7,2.98,3.26,2.82,4.71,3.41,3.07,1.82,3.26,2.65,4.62,2.96,1.96,1.15,7.99,8.64,7.1,7.07,5.49,12.56,5.8,6.8,2.26,1.0,4.36,4.22,4.03,3.85,2.84
00-0036854,Evan McPherson,CIN,K,1.0,57,measured,10.3,10.24,11.42,10.24,9.88,12.53,9.42,9.19,7.36,6.91,9.97,12.79,14.72,17.99,10.99,7.62,2.03,2.85,2.35,2.49,2.14,2.75,4.54,3.92,3.14,3.02,3.47,2.66,4.05,3.11,2.17,3.64,3.85,2.79,1.8,2.63,3.55,2.94,2.62,2.2,2.75,3.35,3.51,1.79,10.4,10.14,3.48,1.83,2.83
00-0040157,Barrett Carter,CIN,LB,1.0,734,measured,11.8,11.94,11.97,11.11,10.79,13.08,11.8,9.69,8.7,11.69,4.85,11.57,13.52,13.04,10.99,11.29,2.91,4.03,2.14,1.51,3.04,3.6,2.36,1.73,2.26,3.03,3.93,3.0,3.23,3.69,2.57,3.86,3.21,2.18,6.99,6.71,8.93,11.09,13.16,17.13,11.2,12.7,3.67,7.7,1.88,2.86,4.13,3.48,3.16
00-0040738,Demetrius Knight Jr.,CIN,LB,1.0,741,measured,12.5,12.74,12.89,12.77,11.33,11.95,11.8,10.44,13.0,6.62,7.07,15.25,14.28,13.04,10.99,11.29,2.28,1.58,2.34,4.21,3.21,2.39,4.75,3.59,4.25,1.27,1.17,3.52,3.2,2.68,2.53,2.9,3.22,3.05,12.21,12.02,9.64,10.3,11.81,18.81,12.42,13.92,4.09,12.14,3.98,4.32,4.05,4.44,2.86
00-0035363,Joe Giles-Harris,CIN,LB,,42,prior,10.8,9.5,9.3,12.02,8.5,9.21,11.8,11.52,6.1,6.11,9.65,5.27,11.5,16.46,10.99,11.29,2.85,2.56,3.4,1.8,2.15,2.44,3.82,3.17,1.74,3.16,2.07,2.17,2.8,2.12,1.58,2.7,1.45,1.0,9.35,9.01,7.82,10.06,12.21,10.68,11.15,12.65,3.37,5.21,2.38,3.41,2.87,3.86,3.18
00-0034754,Oren Burks,CIN,LB,1.0,549,measured,11.7,11.38,14.55,14.92,9.0,16.65,11.8,11.8,10.21,5.55,10.06,15.2,11.73,8.46,5.04,14.29,1.49,4.43,2.44,1.76,2.53,3.13,3.73,2.47,2.55,2.28,2.46,2.21,3.34,2.75,2.82,2.29,2.95,2.8,12.12,12.28,7.44,9.39,11.19,11.85,14.77,16.23,2.97,10.0,2.89,2.7,3.99,2.46,5.85
00-0038890,Shaka Heyward,CIN,LB,,44,prior,10.8,13.66,12.89,10.4,11.33,11.3,11.8,9.57,8.71,7.32,4.83,14.19,9.69,7.88,17.46,11.29,3.13,1.0,1.15,3.87,4.39,3.65,1.89,2.14,2.31,1.4,2.64,4.37,2.14,3.38,2.24,1.0,3.56,3.49,6.81,6.95,8.85,10.72,12.79,13.28,8.07,9.57,2.17,3.72,2.48,3.71,4.19,3.24,3.46
00-0039313,Swayze Bozeman,CIN,LB,2.0,36,prior,10.2,11.98,12.68,11.97,9.83,13.16,11.8,8.73,5.96,6.91,7.97,11.59,11.09,5.76,7.0,15.41,3.35,3.06,2.41,4.18,3.93,2.94,3.72,2.18,2.38,2.05,4.57,3.67,3.18,2.64,4.15,3.59,3.3,3.6,13.95,14.02,6.48,8.68,12.19,13.37,6.31,7.81,2.29,2.11,3.16,1.0,2.6,1.35,3.66
00-0040379,William Wagner,CIN,LS,1.0,0,prior,9.8,10.6,11.56,10.69,9.71,12.54,12.25,10.23,9.66,10.49,7.55,14.76,13.61,13.04,10.99,11.29,2.06,2.96,1.99,2.07,3.16,2.52,3.5,3.54,1.0,4.21,4.21,1.54,4.55,1.88,3.11,2.87,2.94,3.67,2.77,4.28,2.59,4.38,2.82,5.77,3.28,2.63,3.26,3.22,4.09,2.01,2.67,2.13,2.3
00-0041098,Brian Parker II,CIN,OG,2.0,0,prior,11.7,4.45,6.28,6.53,13.1,8.9,11.8,10.28,8.68,9.69,6.83,11.94,12.19,10.31,10.99,11.29,3.2,3.29,3.29,3.96,1.93,1.41,2.06,3.32,3.04,2.15,3.41,3.93,3.0,2.71,3.0,9.48,15.7,2.46,3.33,3.45,3.09,2.34,2.86,4.61,2.79,3.3,2.46,2.73,2.03,4.1,3.17,1.73,4.07
00-0035702,Dalton Risner,CIN,OG,1.0,1373,measured,11.5,1.39,4.74,6.41,12.0,8.11,11.8,10.92,8.58,10.09,10.32,12.72,15.55,17.99,10.99,5.21,4.75,2.82,3.69,2.47,3.53,2.06,3.76,3.01,3.14,1.8,2.58,2.0,2.57,2.43,4.04,10.1,15.41,2.9,4.32,1.04,4.76,3.18,2.3,2.92,3.39,2.14,4.05,3.12,2.82,3.34,4.42,3.94,1.1
00-0040140,Dylan Fairchild,CIN,OG,1.0,899,measured,11.3,4.28,6.94,6.11,13.17,8.71,11.8,9.47,10.82,9.7,5.06,10.37,8.41,13.04,10.99,5.58,1.72,2.78,1.0,1.99,1.72,1.3,4.54,2.87,2.29,3.15,3.41,3.09,2.71,2.13,1.0,15.12,7.86,2.35,3.16,3.44,3.04,2.38,3.75,4.1,2.43,1.93,3.24,1.89,2.83,3.13,2.87,2.96,1.26
00-0040180,Jalen Rivers,CIN,OG,2.0,436,measured,13.2,2.65,5.53,5.83,13.22,9.09,11.8,9.99,12.09,9.41,8.89,12.1,12.53,13.04,10.99,11.29,1.0,3.16,5.02,3.69,1.24,4.42,2.79,2.07,4.14,3.58,3.07,5.07,3.83,1.34,3.51,13.08,17.01,2.77,2.74,3.91,1.76,3.37,2.45,3.29,2.63,2.88,4.69,2.2,2.75,2.49,2.72,2.78,4.22
00-0039925,Amarius Mims,CIN,OT,1.0,1519,measured,10.1,5.73,7.67,3.2,10.53,7.43,11.8,9.28,6.84,5.52,9.95,11.63,8.75,12.56,6.96,16.61,3.64,3.23,1.74,1.62,2.11,3.27,3.83,3.25,4.82,2.05,2.24,2.9,4.22,2.32,4.76,15.88,7.98,1.17,2.92,3.65,2.28,5.07,3.48,4.18,2.62,2.12,2.97,3.18,1.64,1.56,2.74,3.01,1.49
00-0039158,Blake Freeland,CIN,OT,,307,measured,12.2,6.93,10.47,7.54,11.78,15.14,11.8,11.06,8.41,10.41,7.51,13.02,5.3,13.86,10.99,14.41,3.65,4.52,2.93,2.5,1.67,1.0,5.0,3.68,2.1,3.97,4.34,1.0,1.23,2.0,2.43,11.35,14.55,1.56,2.39,2.81,4.14,1.69,3.37,2.92,3.67,2.6,2.25,2.76,2.27,4.13,4.84,3.27,3.7
00-0039742,Javon Foster,CIN,OT,2.0,0,prior,11.2,2.5,5.05,5.05,12.38,10.91,11.8,8.9,9.67,6.28,7.96,10.22,15.5,12.42,10.99,11.29,2.06,2.53,2.02,2.26,2.71,2.96,3.0,1.53,1.7,2.82,4.16,2.82,2.93,3.11,3.69,9.87,14.79,1.66,3.38,1.0,2.21,2.81,3.64,2.73,3.07,4.47,2.04,1.9,3.26,2.88,1.35,2.21,2.65
00-0040015,Myles Hinton,CIN,OT,3.0,0,prior,11.0,3.68,5.2,3.06,11.66,10.06,11.8,8.05,5.77,6.33,6.87,10.41,8.7,4.16,15.46,4.47,2.13,1.86,1.53,5.01,2.88,3.43,3.13,1.58,2.73,3.1,2.95,3.13,2.52,2.33,2.48,9.88,15.18,4.01,2.14,2.41,1.84,2.73,2.03,2.75,3.9,3.26,2.21,4.43,2.58,3.18,3.42,3.5,3.01
00-0034752,Orlando Brown,CIN,OT,1.0,1899,measured,13.7,1.0,1.0,2.57,7.0,1.0,11.8,11.65,7.48,10.81,11.4,9.27,13.2,12.08,14.71,4.78,3.76,3.06,3.65,2.66,3.5,2.85,1.0,2.88,3.95,4.14,3.86,2.86,3.36,2.11,2.67,17.52,18.15,1.63,2.03,3.62,3.0,1.0,1.86,3.86,3.13,1.99,1.76,2.94,5.15,3.78,1.0,3.24,4.14
00-0039323,Ryan Rehkow,CIN,P,1.0,65,measured,13.1,6.96,9.41,9.72,10.13,12.13,9.87,9.65,9.25,10.04,10.17,8.93,11.1,14.76,10.99,11.29,2.99,3.41,3.76,3.72,3.5,3.76,4.14,3.53,2.91,2.32,3.44,3.14,2.32,4.36,3.74,4.86,4.22,1.44,3.08,2.28,3.33,3.22,3.6,1.21,4.08,2.32,1.91,3.04,2.68,3.48,17.53,8.64,2.03
00-0036442,Joe Burrow,CIN,QB,1.0,1438,measured,14.8,9.47,9.79,11.32,10.08,10.5,11.8,14.98,14.58,14.41,12.05,6.47,13.71,6.44,7.39,8.14,8.5,17.75,15.08,13.3,17.62,13.73,18.09,11.0,5.13,6.22,3.46,2.87,3.04,3.22,3.74,3.22,4.27,1.0,1.93,3.92,3.91,4.77,3.04,3.75,3.38,4.27,1.96,1.84,1.73,1.45,3.31,3.07,1.74
00-0026158,Joe Flacco,CIN,QB,2.0,1092,measured,10.2,4.02,4.22,10.95,10.08,4.97,11.8,10.51,9.31,9.87,14.23,11.5,11.4,11.98,7.39,15.41,10.81,7.86,12.67,8.26,9.41,16.94,8.58,7.0,3.38,11.41,1.2,5.16,1.89,3.38,3.11,2.99,3.66,2.16,3.18,3.27,4.44,4.18,4.26,3.39,2.63,2.41,1.12,3.98,2.1,2.03,2.59,2.59,2.13
00-0026300,Josh Johnson,CIN,QB,,144,measured,8.4,9.49,7.19,5.12,10.08,8.16,11.8,9.16,7.58,9.57,14.78,13.18,10.03,16.46,10.99,11.29,4.91,7.11,13.16,9.14,6.85,7.8,7.45,7.16,2.65,1.0,2.68,4.2,3.06,2.4,1.8,2.46,1.55,2.03,3.14,2.53,3.88,2.28,2.44,2.74,4.21,2.66,1.5,3.29,2.07,3.08,2.47,2.04,3.16
00-0038391,Sean Clifford,CIN,QB,,4,prior,7.3,9.72,9.89,11.97,10.08,10.68,11.8,8.25,7.0,5.08,7.42,10.31,10.49,12.15,10.99,11.29,4.62,6.72,7.9,9.12,4.61,5.88,8.43,7.24,2.66,1.0,2.94,3.92,2.37,3.72,3.37,2.87,3.42,3.73,1.0,3.18,1.4,2.23,3.06,2.26,2.33,1.35,2.62,2.93,3.58,3.02,4.02,1.63,3.24
00-0038597,Chase Brown,CIN,RB,1.0,1168,measured,14.0,15.93,16.81,13.28,8.78,17.41,11.8,10.51,12.67,11.27,9.32,16.31,11.87,12.53,14.59,8.17,1.18,3.14,2.27,2.76,3.16,3.47,3.29,9.6,14.25,12.43,17.31,11.49,3.21,12.14,11.58,10.43,10.97,11.43,4.14,4.84,3.09,5.12,3.74,1.89,1.88,2.86,2.16,3.78,1.99,2.64,1.87,1.46,9.48
00-0039266,Kendall Milton,CIN,RB,,4,prior,7.7,12.0,13.97,11.66,9.0,14.73,11.8,9.07,5.02,6.71,7.01,11.27,8.92,14.76,10.99,11.29,1.0,3.01,3.14,1.23,4.16,4.48,2.64,8.26,5.3,5.3,5.31,5.03,2.64,3.79,4.76,1.0,5.85,1.0,3.36,1.97,2.06,4.66,3.21,3.0,3.01,3.23,3.06,3.04,3.64,3.18,1.84,2.21,13.89
00-0041241,Kentrel Bullock,CIN,RB,,0,prior,11.1,14.05,14.23,13.6,8.4,13.82,11.8,7.14,10.26,10.44,3.94,16.15,11.27,10.31,10.99,11.29,2.69,4.59,2.08,2.71,2.71,3.88,3.38,15.23,9.65,8.14,9.47,11.34,3.07,5.78,6.33,3.21,5.57,4.21,4.14,2.17,2.76,3.57,5.65,2.65,2.82,1.43,2.69,3.88,2.73,5.16,3.15,3.96,10.34
00-0033526,Samaje Perine,CIN,RB,2.0,651,measured,12.0,10.49,10.73,10.08,15.24,11.57,11.8,12.42,13.3,10.25,11.21,13.7,8.18,14.16,7.0,14.41,2.22,1.55,3.42,3.29,2.8,3.4,2.74,7.99,14.38,13.02,15.1,15.77,4.56,9.41,7.25,8.5,2.23,9.5,2.99,3.17,5.04,3.6,2.9,3.53,3.16,3.5,3.37,4.16,3.02,2.86,2.39,1.47,12.04
00-0040208,Tahj Brooks,CIN,RB,3.0,42,prior,9.5,13.85,13.97,16.15,8.0,13.85,11.8,8.91,1.0,9.79,6.8,11.32,11.05,12.11,15.23,11.29,2.74,3.64,3.72,2.96,2.63,2.65,2.48,13.92,7.17,5.52,5.73,7.52,3.31,4.42,4.73,1.0,5.86,1.0,4.21,2.78,4.35,2.71,3.82,2.87,1.54,3.15,4.23,3.82,3.86,3.39,5.01,2.8,13.95
00-0037193,Bryan Cook,CIN,S,1.0,1682,measured,11.9,13.65,14.7,14.16,8.36,14.91,11.8,10.37,9.18,5.88,8.82,13.8,6.03,12.6,15.1,11.29,3.29,1.76,4.06,3.66,2.54,3.15,2.96,5.46,4.23,2.98,3.35,4.61,2.48,4.99,3.18,3.84,3.56,1.07,2.96,1.65,4.04,14.0,10.87,15.11,10.35,11.35,9.37,11.67,2.93,3.42,3.02,2.31,9.8
00-0038560,Jordan Battle,CIN,S,1.0,1496,measured,13.1,13.29,14.49,14.35,8.5,15.06,11.8,11.18,8.99,14.2,10.89,5.98,11.33,15.84,10.99,11.29,1.67,3.16,2.96,1.65,4.73,2.26,3.0,5.53,3.32,2.49,4.47,1.84,4.91,3.4,3.3,2.29,4.42,2.89,5.92,1.92,3.08,11.6,17.33,16.62,9.74,10.74,9.41,16.57,2.35,2.67,2.25,2.71,9.8
00-0036231,Kyle Dugger,CIN,S,2.0,1643,measured,14.0,13.75,16.45,13.68,8.5,18.28,11.8,11.38,12.17,11.68,9.98,9.71,13.24,12.06,18.07,13.83,3.17,2.88,2.38,3.0,3.55,2.5,2.01,1.99,3.53,2.06,2.36,2.13,1.0,1.33,2.91,2.83,3.82,3.03,4.18,1.0,3.78,15.61,13.84,11.58,14.35,15.35,9.41,14.87,4.25,3.12,2.96,3.47,9.8
00-0039632,PJ Jules,CIN,S,2.0,8,prior,8.6,13.69,14.46,14.31,7.88,14.48,11.8,9.22,9.08,5.2,6.68,8.92,10.28,8.04,16.55,5.58,3.96,2.54,1.99,2.16,4.2,4.18,4.05,2.77,2.3,3.63,1.04,2.84,2.22,2.58,3.99,4.25,3.2,3.22,3.43,4.19,4.47,13.84,8.5,9.76,4.92,5.92,9.22,5.91,3.18,2.87,2.84,2.71,9.8
00-0037844,Russ Yeast,CIN,S,,341,measured,10.2,13.62,13.87,14.86,7.36,13.82,11.8,9.02,9.88,9.72,8.15,14.07,17.35,14.23,10.99,14.41,1.64,1.77,1.0,3.02,3.76,1.43,3.66,2.05,1.96,1.29,2.86,3.08,2.52,2.93,2.49,3.27,1.62,4.78,2.85,4.24,2.55,7.89,9.04,14.55,8.76,9.76,9.07,9.71,2.51,2.6,2.17,2.28,9.8
00-0035631,Drew Sample,CIN,TE,2.0,1181,measured,9.9,9.78,10.22,11.36,10.54,11.83,11.8,10.34,5.87,7.49,9.92,13.9,10.3,7.47,5.49,16.1,3.31,1.53,2.51,4.63,2.21,2.76,1.09,14.27,3.14,8.19,10.85,12.39,14.76,6.71,6.93,11.45,5.21,9.29,2.7,2.63,1.77,3.29,2.82,3.61,4.19,3.89,3.01,3.34,3.87,4.02,3.08,3.14,3.52
00-0039814,Erick All,CIN,TE,3.0,157,measured,10.0,10.53,11.88,11.75,10.02,13.01,11.8,8.67,9.13,9.36,7.93,12.73,7.58,12.42,10.99,11.29,2.93,2.25,4.43,3.3,4.61,3.39,1.98,12.14,2.8,4.21,6.86,13.96,6.7,9.01,7.09,9.93,11.99,7.77,4.45,2.75,3.14,3.93,3.77,4.19,2.75,1.45,2.25,3.18,3.21,3.53,1.49,2.77,3.99
00-0041116,Jack Endries,CIN,TE,4.0,0,prior,9.1,12.0,12.74,12.26,9.05,14.36,11.8,8.23,10.55,6.77,6.4,12.72,10.54,10.31,10.99,11.29,2.75,2.35,4.21,3.82,2.54,2.48,3.24,8.13,2.38,6.81,9.47,8.24,8.56,8.19,7.91,9.95,8.84,7.79,2.12,3.49,3.48,1.53,4.64,4.17,3.16,2.03,3.39,2.2,1.58,4.12,2.72,2.96,1.72
00-0034829,Mike Gesicki,CIN,TE,1.0,870,measured,12.2,12.53,14.9,16.0,11.33,17.48,11.8,12.39,11.78,8.32,12.98,12.66,3.14,12.21,15.81,7.06,3.62,2.91,3.97,2.02,3.5,3.44,2.94,14.62,2.89,5.4,8.05,19.4,14.14,11.56,13.23,13.67,3.34,11.51,2.43,3.44,4.14,4.63,1.18,2.63,3.07,4.21,4.3,3.44,1.0,1.53,3.97,3.89,4.31
00-0034613,Tanner Hudson,CIN,TE,,322,measured,11.2,10.22,11.47,11.44,8.47,12.79,11.8,11.02,10.03,6.31,12.42,13.57,6.75,5.62,7.26,7.21,4.57,4.07,2.51,2.37,2.56,3.37,2.91,6.9,3.16,4.68,7.33,15.42,9.83,16.75,14.05,8.66,7.69,6.51,2.2,3.62,4.1,3.73,3.07,2.68,2.89,4.65,3.7,3.93,4.37,3.08,2.01,3.84,4.52
00-0038619,Andrei Iosivas,CIN,WR,1.0,1489,measured,10.2,15.93,17.06,15.96,9.5,17.12,11.8,8.79,9.44,8.72,8.3,17.2,9.32,15.21,14.56,11.29,2.16,2.15,3.55,4.04,1.66,1.61,1.6,13.74,4.7,6.85,5.78,7.53,12.55,6.0,6.06,4.36,2.84,2.74,2.33,2.85,2.06,2.52,4.61,3.79,3.16,3.39,2.48,2.63,5.2,4.4,3.33,1.73,14.34
00-0041069,Colbie Young,CIN,WR,2.0,0,prior,9.8,14.54,15.41,13.7,7.19,15.14,11.8,10.56,9.28,10.13,8.16,12.49,13.93,10.31,10.99,11.29,3.71,3.83,4.28,1.6,4.26,2.57,3.45,12.67,5.54,7.25,6.17,8.56,6.44,7.63,7.7,2.63,3.86,2.99,1.2,4.56,3.15,2.61,3.43,3.36,1.79,5.09,2.43,1.48,2.4,4.36,3.61,2.03,14.8
00-0040785,Dohnte Meyers,CIN,WR,2.0,0,prior,10.2,15.41,15.64,13.92,6.68,14.97,11.8,8.85,9.9,8.37,5.23,8.42,13.32,10.31,10.99,11.29,2.19,1.13,1.65,3.62,3.25,4.0,3.89,11.51,5.45,7.53,6.45,9.59,6.85,7.31,7.53,3.02,2.34,4.32,3.29,2.76,4.03,2.19,3.51,2.09,2.62,2.78,3.38,3.42,4.04,2.38,2.32,3.13,16.02
00-0036900,Ja'Marr Chase,CIN,WR,1.0,1993,measured,15.8,18.01,18.82,16.25,7.58,18.35,11.8,15.45,15.87,17.56,8.12,9.03,13.43,14.3,14.4,17.45,3.66,2.3,3.28,6.47,3.09,3.33,3.4,16.32,14.98,15.36,14.28,13.0,13.37,16.67,15.66,4.33,4.16,2.71,2.62,3.39,3.05,4.45,3.15,1.66,2.1,4.37,4.93,1.93,3.75,2.43,2.04,2.92,9.61
00-0040375,Jordan Moore,CIN,WR,,0,prior,9.7,15.15,15.56,13.94,6.69,14.99,11.8,7.66,10.13,8.44,6.33,10.63,9.4,10.31,10.99,11.29,4.73,2.75,3.33,2.63,3.03,2.07,2.85,11.77,10.15,16.06,14.98,13.55,3.6,3.59,3.59,2.44,4.61,1.0,2.19,1.0,4.68,4.29,3.72,2.99,3.14,2.3,1.54,5.28,3.67,3.02,3.29,1.64,10.39
00-0040534,Ke'Shawn Williams,CIN,WR,2.0,20,prior,10.6,15.29,15.41,13.26,7.48,15.01,11.8,10.28,9.36,9.68,7.38,13.52,15.58,13.04,10.99,11.29,3.77,1.78,1.56,2.44,2.52,4.55,3.24,14.77,7.6,12.97,11.9,15.19,3.86,6.31,4.91,2.25,3.16,4.23,2.6,2.18,2.19,2.36,5.04,2.18,2.73,4.19,2.85,1.98,2.25,2.03,2.76,1.77,13.9
00-0041248,Noah Thomas,CIN,WR,,0,prior,8.6,14.39,15.47,14.57,6.06,15.04,11.8,10.31,7.64,7.14,5.99,6.66,9.4,10.31,10.99,11.29,2.22,2.09,2.56,3.28,4.28,2.21,1.25,7.61,4.36,7.0,5.93,5.54,4.66,6.25,6.26,4.51,3.82,1.57,2.14,3.93,2.17,3.6,3.12,3.06,2.47,3.03,2.43,2.66,6.24,2.09,1.22,1.6,13.03
00-0036410,Tee Higgins,CIN,WR,1.0,1376,measured,12.3,13.7,14.95,13.61,7.32,15.15,11.8,13.61,12.38,10.41,11.07,15.35,14.14,7.53,7.58,15.99,1.43,3.23,3.62,2.89,3.06,2.24,3.09,13.65,12.15,12.76,11.69,13.5,14.01,9.61,9.58,3.66,3.76,3.07,3.32,3.62,2.57,3.99,4.3,3.5,4.66,2.68,1.4,2.61,1.9,3.82,3.38,3.53,11.2
00-0035526,Elgton Jenkins,CLE,C,1.0,1573,measured,14.6,2.99,5.42,5.44,14.77,7.9,11.8,12.4,11.29,10.12,11.42,10.54,16.22,12.34,7.09,14.52,1.88,2.77,2.69,4.04,4.51,3.13,3.42,3.96,2.71,4.22,2.64,3.49,4.19,2.98,3.4,17.19,16.2,1.9,3.17,2.32,2.6,2.53,1.95,3.79,2.47,2.64,3.45,2.62,3.31,3.02,2.06,2.92,4.87
00-0038609,Luke Wypler,CLE,C,3.0,276,measured,12.7,4.8,6.2,7.59,13.56,9.63,11.8,11.99,13.65,9.55,8.53,12.69,13.19,14.23,10.99,11.29,1.84,4.59,3.59,2.48,4.5,3.56,2.4,1.85,4.61,3.3,3.43,5.12,3.88,2.77,1.7,12.5,14.41,2.54,1.96,3.84,3.15,3.83,3.69,2.81,1.0,3.59,3.48,3.85,3.22,2.8,3.23,1.99,2.85
00-0041073,Parker Brailsford,CLE,C,2.0,0,prior,10.4,7.33,10.17,7.09,13.66,12.49,11.8,8.22,6.23,7.84,8.52,9.95,14.1,10.31,10.99,11.29,2.01,2.72,2.2,3.5,2.98,3.32,3.48,3.65,2.99,5.77,1.54,2.92,1.81,1.49,1.42,10.34,11.08,3.54,1.91,3.2,2.74,4.09,2.63,1.59,5.6,3.3,2.47,3.28,2.51,1.27,2.48,2.67,3.17
00-0034966,D'Angelo Ross,CLE,CB,,161,measured,9.3,14.43,14.92,12.89,7.46,14.75,11.8,9.78,9.77,7.6,8.37,14.64,9.11,16.96,10.99,11.29,4.27,3.0,4.66,2.69,3.5,5.1,2.58,2.43,4.04,3.67,3.4,2.41,4.52,2.35,2.83,2.32,2.93,2.26,2.42,4.0,4.57,4.84,8.6,14.31,6.51,6.51,10.08,6.6,3.58,2.66,2.83,1.48,3.07
00-0038105,Damarri Mathis,CLE,CB,4.0,230,measured,9.2,16.86,16.68,13.63,7.23,15.4,11.8,10.06,7.65,5.05,8.25,12.83,12.9,4.92,15.98,8.0,2.19,1.0,2.27,4.6,2.05,2.94,4.05,2.94,3.43,3.58,4.05,2.53,3.91,2.66,1.22,5.3,4.26,2.07,2.28,4.2,1.97,4.51,7.66,14.32,5.31,5.31,10.01,6.44,3.83,2.43,3.47,3.77,4.72
00-0034856,Denzel Ward,CLE,CB,1.0,1479,measured,16.7,18.03,18.93,13.31,8.0,17.29,11.8,16.78,15.32,17.07,13.87,14.68,11.25,7.11,5.92,7.1,3.93,4.95,1.85,2.31,4.03,3.78,3.18,3.24,2.8,2.9,2.76,2.43,1.09,2.89,2.32,3.48,2.93,3.13,2.93,3.32,3.37,10.73,4.89,10.06,19.13,18.66,10.24,17.86,5.45,3.78,2.69,2.34,7.52
00-0038565,Mekhi Blackmon,CLE,CB,2.0,910,measured,10.3,15.01,15.82,13.99,5.5,15.19,11.8,10.28,10.02,6.86,7.71,16.45,9.7,12.6,14.42,14.41,1.9,2.01,1.69,3.34,3.6,1.9,3.44,4.42,2.25,2.45,2.03,3.38,1.86,4.17,2.63,2.06,4.41,3.08,2.7,4.81,4.66,5.39,11.61,15.87,7.73,7.73,9.49,7.74,4.25,2.79,3.79,3.03,16.31
00-0041411,Michael Coats Jr.,CLE,CB,,0,prior,8.5,15.05,15.54,13.66,6.92,14.97,11.8,8.9,2.75,10.97,7.0,16.88,10.09,10.31,10.99,11.29,1.0,4.06,3.2,4.14,3.59,3.21,3.67,1.78,1.61,4.6,2.45,3.87,2.43,2.84,3.75,2.92,2.84,4.45,3.75,1.87,1.0,7.37,11.98,14.61,4.56,4.56,9.92,3.77,3.46,3.37,1.89,4.24,6.16
00-0036087,Myles Bryant,CLE,CB,,719,measured,8.8,11.76,11.51,16.98,7.58,11.29,11.8,10.9,9.86,7.67,8.83,9.94,6.51,17.99,10.99,16.49,2.33,3.99,2.86,4.19,2.58,2.52,2.69,3.34,3.18,2.75,1.86,3.87,2.43,1.45,1.67,2.85,1.0,3.43,2.42,2.04,3.45,9.67,13.35,14.48,6.26,6.26,10.12,4.14,1.64,4.53,2.42,2.74,3.46
00-0039417,Myles Harden,CLE,CB,1.0,522,measured,11.1,14.31,13.73,16.94,6.5,13.9,11.8,10.08,8.92,8.92,10.71,10.31,8.91,6.52,13.59,7.22,2.64,3.56,2.91,2.59,2.51,4.37,3.12,3.64,2.79,2.79,3.41,1.0,2.1,4.09,1.64,4.58,3.07,3.91,3.13,5.14,3.47,9.7,9.37,14.03,9.85,9.85,9.79,8.12,3.2,3.2,1.08,4.98,11.97
00-0036287,Noah Igbinoghene,CLE,CB,2.0,886,measured,10.8,14.77,16.44,13.61,7.5,16.25,11.8,11.39,11.17,13.24,10.33,12.37,11.92,17.99,10.99,7.06,2.81,3.79,2.48,3.48,1.56,2.69,3.28,3.1,1.26,2.37,3.64,1.38,1.87,2.79,2.32,1.7,3.79,1.93,4.38,3.66,4.11,8.08,8.56,11.09,9.07,9.07,10.09,8.31,1.44,2.9,3.46,2.81,14.17
00-0041115,Toriano Pride Jr.,CLE,CB,3.0,0,prior,9.3,18.47,18.41,12.37,6.5,16.47,11.8,8.61,9.44,8.78,4.91,7.89,9.86,10.31,10.99,11.29,4.13,2.81,2.56,4.48,1.93,1.0,3.01,4.95,2.68,2.05,4.15,2.9,3.16,3.45,1.74,5.27,2.8,2.68,1.15,1.97,2.72,7.38,11.71,15.84,4.84,4.84,9.79,4.32,3.65,2.25,2.06,2.38,6.17
00-0036974,Tyson Campbell,CLE,CB,1.0,1643,measured,14.6,16.62,16.44,11.07,6.0,14.19,11.8,13.56,14.16,18.9,9.55,8.43,8.94,8.2,16.9,14.52,1.9,3.58,2.39,4.38,4.43,2.75,1.15,3.84,2.57,3.01,3.41,2.35,3.56,4.99,1.85,3.99,2.09,3.34,3.71,3.93,2.56,5.08,11.85,14.18,15.64,15.64,9.64,13.85,3.26,1.51,2.59,1.78,8.8
00-0040255,Adin Huntington,CLE,DT,2.0,137,measured,8.0,8.01,9.32,8.27,13.57,11.83,11.8,8.17,4.94,5.75,5.8,7.74,12.29,7.7,5.09,5.58,3.22,1.74,3.08,3.3,2.24,2.61,3.3,2.85,3.22,1.21,1.1,5.14,2.58,2.2,2.27,2.1,3.78,3.5,7.24,6.34,5.57,7.1,7.82,9.53,3.84,3.08,2.29,3.52,5.15,3.09,3.89,2.73,3.59
00-0035857,Chris Williams,CLE,DT,,449,measured,10.0,6.71,7.91,6.87,13.63,10.18,11.8,10.69,10.03,8.59,8.65,14.49,8.49,16.46,10.99,11.29,2.07,2.1,2.78,2.61,2.6,3.5,3.66,4.11,1.82,1.19,3.22,3.5,2.88,4.94,3.57,3.0,3.46,3.23,11.66,10.29,8.68,8.02,9.15,10.67,2.52,1.16,2.08,3.21,4.48,3.27,3.8,4.47,3.01
00-0039764,Elijah Chatman,CLE,DT,3.0,343,measured,8.9,8.27,9.5,8.28,13.94,12.03,11.8,7.09,6.3,10.31,5.85,10.02,14.65,14.76,10.99,11.29,3.41,3.11,1.57,1.66,4.34,2.86,2.7,4.63,4.87,2.26,3.54,2.14,2.4,2.16,2.0,2.71,3.33,4.02,9.15,8.21,8.16,6.63,5.94,11.61,4.34,3.48,3.5,3.77,3.77,2.92,3.62,4.91,1.72
00-0037832,Kalia Davis,CLE,DT,3.0,630,measured,8.2,5.97,7.04,5.77,14.01,9.2,11.8,10.88,7.58,6.82,9.28,15.74,8.89,15.84,10.99,17.97,3.43,4.07,1.0,4.4,3.79,1.35,3.23,1.86,3.88,3.3,3.0,2.31,3.37,3.27,3.93,3.7,3.54,1.86,7.61,5.84,7.94,7.22,5.7,7.97,3.24,5.41,2.65,3.64,3.47,3.57,4.33,2.24,5.4
00-0033131,Maliek Collins,CLE,DT,1.0,1193,measured,13.9,5.07,6.34,7.29,12.92,8.38,11.8,14.46,10.64,10.24,12.66,12.7,12.18,11.8,14.69,14.24,2.41,4.46,3.78,3.51,1.0,1.25,3.17,3.38,2.76,5.1,5.1,4.3,3.89,2.1,3.85,2.47,3.64,3.82,16.79,15.09,16.65,14.11,8.43,4.07,4.41,2.5,2.49,2.17,3.08,3.77,3.98,4.61,3.66
00-0040685,Mason Graham,CLE,DT,1.0,714,measured,13.5,5.52,6.79,5.85,12.46,8.88,11.8,10.5,9.62,9.34,9.52,10.19,12.85,13.04,10.99,18.22,3.94,1.0,2.95,2.74,1.53,3.51,1.51,5.13,1.58,1.47,2.91,2.79,3.56,2.79,2.83,2.92,1.62,3.6,14.04,12.66,15.81,15.7,11.39,7.45,2.42,1.0,2.95,1.0,2.55,1.94,2.69,3.53,2.86
00-0039895,Mike Hall Jr.,CLE,DT,2.0,318,measured,10.9,6.6,7.9,7.02,13.23,10.06,11.8,7.86,8.38,9.95,5.63,8.84,16.39,4.93,4.03,6.78,2.84,2.62,2.64,2.77,4.09,2.93,3.25,2.49,1.76,3.35,1.47,2.33,2.85,1.89,3.89,4.52,3.56,2.67,12.76,11.49,10.01,10.0,9.3,8.62,1.0,4.34,4.76,1.51,3.23,1.34,3.82,1.3,3.15
00-0036705,Sam Kamara,CLE,DT,,296,measured,9.6,8.22,9.52,8.35,13.85,12.05,11.8,9.15,5.09,8.07,7.71,8.23,9.5,12.08,6.17,4.64,2.44,4.45,3.15,2.59,3.92,5.53,3.33,2.32,2.53,1.0,3.32,3.27,3.05,3.84,4.94,4.68,2.56,2.83,8.18,7.26,9.18,9.33,8.6,10.76,2.58,2.94,2.96,2.84,2.28,1.51,5.75,3.07,3.26
00-0041288,Tyreak Sapp,CLE,DT,,0,prior,9.2,8.45,10.24,9.63,12.38,12.51,11.8,8.31,7.84,4.22,6.52,12.14,12.18,10.31,10.99,11.29,3.64,1.92,2.41,4.38,2.16,4.61,3.52,4.72,2.52,3.58,3.65,2.98,2.75,3.61,4.11,2.67,4.73,1.77,9.37,9.04,8.4,7.42,7.7,10.17,3.81,1.93,2.16,1.88,4.03,2.8,3.27,2.7,3.56
00-0039400,Zion Logue,CLE,DT,,81,prior,8.4,4.8,6.8,4.33,12.61,9.17,11.8,9.89,2.4,6.29,5.28,10.45,9.02,14.76,10.99,11.29,3.22,3.19,3.49,2.12,4.03,3.48,2.92,4.02,3.74,2.83,2.95,2.82,4.01,5.14,4.83,3.02,1.73,3.39,9.3,7.62,8.56,6.41,4.79,11.67,2.09,4.15,3.75,2.89,2.37,1.8,3.06,3.25,2.87
00-0037251,Alex Wright,CLE,EDGE,3.0,659,measured,11.0,9.99,11.7,10.54,7.5,13.03,11.8,10.53,10.61,10.14,7.4,12.86,9.36,6.01,7.03,11.29,3.43,3.24,3.56,4.43,4.43,3.26,1.59,1.0,2.89,3.5,5.1,1.29,2.78,3.53,2.59,2.95,3.02,3.51,9.32,10.35,12.66,14.44,13.18,11.1,5.8,6.8,2.62,2.8,4.07,3.55,1.79,4.53,2.1
00-0033876,Derek Barnett,CLE,EDGE,2.0,710,measured,14.2,7.49,9.61,11.99,11.41,10.79,11.8,15.51,11.59,16.52,10.24,12.72,9.74,11.78,16.97,6.43,2.72,1.43,2.62,4.89,3.04,3.67,3.09,2.95,1.41,2.95,3.46,4.57,2.14,3.48,2.41,3.0,2.44,2.68,17.13,15.92,16.68,15.9,10.89,9.52,5.8,6.8,2.66,2.4,3.7,1.03,4.33,2.27,2.73
00-0038574,Isaiah McGuire,CLE,EDGE,1.0,741,measured,11.3,9.87,12.43,9.84,11.38,15.1,11.8,11.59,8.94,7.16,8.98,9.61,11.52,15.84,10.99,15.41,2.43,3.27,3.89,2.97,3.87,4.64,2.86,3.37,4.71,3.36,2.69,2.67,3.21,3.26,3.38,1.47,5.97,2.63,9.66,9.29,12.58,14.83,14.28,10.78,5.8,6.8,3.58,3.43,3.65,2.26,2.41,4.16,1.72
00-0039852,Jared Verse,CLE,EDGE,1.0,1335,measured,15.9,12.74,15.11,10.17,15.7,14.82,11.8,11.03,12.37,14.64,9.58,9.45,12.33,14.76,10.99,14.86,5.7,3.62,2.78,1.84,3.03,4.5,3.85,2.28,2.53,3.19,3.28,2.71,3.41,1.92,3.62,5.5,2.37,4.02,17.38,16.5,15.3,16.0,15.2,10.73,5.8,6.8,3.76,3.04,2.1,3.39,4.3,2.84,3.28
00-0041285,Khordae Sydnor,CLE,EDGE,,0,prior,8.5,10.36,11.94,10.84,11.31,13.16,11.8,7.0,7.38,6.09,6.89,7.4,10.24,10.31,10.99,11.29,1.28,2.9,4.39,2.87,2.52,1.77,2.29,3.96,1.59,3.24,2.21,3.67,1.79,3.54,3.75,3.86,3.08,1.0,7.27,7.1,6.62,7.97,9.29,13.85,5.8,6.8,1.1,3.18,1.98,2.32,3.65,2.65,4.41
00-0041279,Logan Fano,CLE,EDGE,,0,prior,8.6,11.05,13.01,12.18,10.63,14.08,11.8,7.27,7.38,2.62,5.55,11.32,9.48,10.31,10.99,11.29,3.28,1.31,3.48,2.29,3.62,2.66,3.32,4.94,3.52,3.62,2.52,4.35,1.85,4.08,4.04,2.19,3.24,3.31,7.03,7.34,6.62,7.97,9.29,14.12,5.8,6.8,3.07,2.65,3.54,3.0,3.52,2.76,3.83
00-0041385,Nadame Tucker,CLE,EDGE,,0,prior,8.5,10.31,11.9,12.14,10.99,13.06,11.8,8.15,6.0,6.86,5.31,17.0,13.46,10.31,10.99,11.29,2.56,2.94,2.61,3.37,3.57,3.08,1.78,2.28,2.86,2.73,3.19,3.3,2.27,4.55,2.83,3.31,2.62,2.05,7.23,7.15,6.62,7.97,9.29,13.83,5.8,6.8,3.71,4.31,4.35,2.11,2.72,2.8,3.18
00-0037665,Sam Williams,CLE,EDGE,2.0,555,measured,11.9,15.24,15.45,11.19,11.17,13.19,11.8,9.72,10.99,9.43,11.32,9.72,14.56,14.07,13.97,8.14,3.88,2.65,2.64,3.11,3.79,2.99,2.15,3.5,1.64,2.86,3.79,2.78,3.39,3.19,5.4,4.59,3.51,3.91,8.05,9.64,12.39,15.01,14.53,15.08,5.8,6.8,4.4,2.91,2.7,1.82,2.54,3.04,3.76
00-0031595,Michael Burton,CLE,FB,1.0,179,measured,15.1,9.23,9.21,9.57,12.92,10.34,11.8,12.65,13.47,11.04,13.1,8.84,12.48,14.4,14.11,11.29,1.13,3.65,2.42,3.92,3.0,1.52,2.37,14.24,2.28,11.21,5.44,17.98,4.52,3.43,2.22,16.19,15.08,17.22,2.79,1.74,3.3,3.96,4.33,3.56,2.47,3.01,3.33,2.57,2.94,3.0,2.3,1.85,1.89
00-0038428,Andre Szmyt,CLE,K,1.0,27,measured,12.2,10.24,11.42,10.24,9.88,12.53,11.94,9.33,12.68,10.3,9.01,7.18,14.99,13.04,10.99,11.29,1.82,1.0,3.44,4.4,2.29,4.17,2.81,1.0,2.98,2.94,1.67,3.01,2.53,1.76,1.72,2.6,3.5,2.39,1.98,3.02,2.09,3.19,4.5,4.23,2.24,1.6,3.47,3.02,11.42,12.93,1.76,2.13,2.34
00-0040579,Carson Schwesinger,CLE,LB,1.0,892,measured,15.5,12.29,13.42,12.92,10.0,16.38,11.8,10.59,11.24,13.5,8.72,11.1,13.64,12.11,16.55,15.41,2.84,3.78,1.79,2.26,4.34,2.09,2.87,4.33,2.43,3.86,1.68,4.28,3.28,2.61,3.69,2.25,3.38,1.0,12.75,12.87,16.06,17.96,18.4,17.32,13.43,14.93,4.68,10.82,3.68,2.46,1.65,2.93,4.46
00-0040261,Easton Mascarenas-Arnold,CLE,LB,2.0,6,prior,9.4,11.84,12.25,11.13,11.09,12.97,11.8,7.45,3.46,6.84,4.92,13.49,13.62,13.04,10.99,11.29,1.91,2.74,2.19,2.55,3.77,1.68,4.17,3.56,3.64,2.74,3.45,3.36,2.74,1.97,3.03,4.7,3.31,3.79,14.73,14.31,5.46,6.97,11.96,12.19,4.96,6.46,4.29,2.01,2.8,2.32,3.88,3.37,1.11
00-0039878,Edefuan Ulofoshio,CLE,LB,2.0,40,prior,10.3,13.11,15.55,11.95,10.76,17.33,11.8,8.94,4.91,9.86,8.69,9.95,10.7,14.76,10.99,11.29,2.14,3.84,2.98,2.67,2.48,1.24,3.11,4.01,3.49,1.63,3.58,4.8,1.72,3.19,2.83,4.5,2.57,4.31,13.87,14.02,6.52,8.56,11.74,13.49,6.3,7.8,4.25,2.17,4.0,3.38,2.89,2.76,2.14
00-0036915,Jeremiah Owusu-Koramoah,CLE,LB,3.0,609,measured,15.9,12.04,13.99,16.08,9.14,15.38,11.8,14.14,10.81,12.87,10.07,6.78,11.01,7.03,15.77,7.97,3.67,3.95,2.69,3.31,3.28,1.58,1.87,3.07,2.99,1.9,3.02,2.74,3.67,3.48,3.14,1.69,2.44,3.64,11.86,12.19,19.4,19.4,19.4,13.09,12.85,14.35,4.19,8.86,2.43,1.74,1.93,3.28,2.8
00-0041075,Justin Jefferson,CLE,LB,2.0,0,prior,11.7,12.92,14.71,11.55,10.16,16.49,11.8,7.8,8.07,10.61,4.41,12.01,13.5,10.31,10.99,11.29,3.58,5.11,4.85,3.55,4.26,2.14,2.49,4.56,4.57,4.36,3.39,2.27,2.42,4.33,2.77,2.67,5.67,4.3,13.25,13.54,10.44,12.47,15.12,16.15,4.93,6.43,2.67,2.77,3.22,2.5,4.03,5.12,1.77
00-0039406,Nathaniel Watson,CLE,LB,,34,prior,10.2,11.85,10.72,11.52,11.06,10.58,11.8,8.15,4.78,7.93,7.75,7.85,13.74,12.42,10.99,11.29,3.44,4.17,3.55,3.34,3.13,3.88,3.91,2.29,2.12,1.91,2.44,4.08,2.64,3.85,3.16,2.14,3.41,3.88,6.69,6.29,8.4,10.59,12.2,12.54,7.85,9.35,4.49,3.4,2.8,3.4,3.89,3.45,1.27
00-0035680,Quincy Williams,CLE,LB,1.0,1876,measured,13.1,11.15,11.58,10.51,11.35,12.52,11.8,10.88,7.59,10.32,13.37,13.97,13.98,11.8,7.24,16.36,1.29,2.24,1.73,3.34,2.77,2.42,4.84,1.24,3.23,1.96,1.28,2.05,2.94,3.79,1.52,3.07,1.47,1.49,7.55,6.8,14.97,16.49,14.35,10.18,14.06,15.56,2.08,12.24,1.0,2.55,3.5,3.79,3.91
00-0039515,Winston Reid,CLE,LB,1.0,90,prior,11.6,11.91,12.45,11.54,10.34,13.03,11.8,11.13,7.35,6.18,7.34,12.59,7.35,4.41,4.53,11.29,1.0,1.0,2.8,3.41,2.89,2.09,3.93,4.69,2.54,2.91,4.68,3.24,3.22,3.48,1.33,2.08,1.24,3.54,12.24,12.11,6.6,9.82,11.94,14.62,11.79,13.29,4.88,5.88,4.56,3.79,1.26,3.96,2.33
00-0036443,Rex Sunahara,CLE,LS,1.0,1,prior,9.3,9.93,10.89,10.11,9.71,12.01,10.08,9.82,8.85,7.8,12.72,7.26,9.32,14.76,10.99,11.29,2.65,3.78,3.72,3.13,2.17,3.03,3.8,2.8,5.57,2.71,2.26,2.27,1.13,3.58,1.92,1.0,4.9,4.41,2.45,2.55,2.78,2.8,1.0,1.07,2.31,3.91,2.97,3.76,1.35,2.94,3.11,2.64,3.99
00-0041049,Austin Barber,CLE,OG,2.0,0,prior,10.9,5.07,7.33,7.2,13.19,11.28,11.8,8.04,7.55,9.32,7.09,13.04,10.94,10.31,10.99,11.29,1.8,2.32,1.58,2.35,3.22,1.87,1.21,2.58,3.64,4.31,2.92,3.43,2.94,1.93,1.0,9.75,12.89,3.18,3.24,2.51,2.69,3.76,3.61,3.94,3.24,1.23,2.35,4.06,3.82,2.37,3.31,1.52,3.46
00-0036983,Kendrick Green,CLE,OG,3.0,205,measured,10.5,8.13,10.82,5.82,12.92,14.03,11.8,9.31,6.12,10.89,6.63,8.24,13.19,16.96,10.99,7.62,1.76,3.51,3.73,5.11,3.17,3.25,2.11,2.52,1.63,2.76,3.67,3.78,3.9,2.86,3.7,12.76,7.66,3.28,2.51,3.72,2.5,2.99,2.32,3.6,3.24,1.87,4.0,3.45,1.79,2.41,4.66,4.0,2.4
00-0036953,Teven Jenkins,CLE,OG,1.0,1087,measured,12.5,6.35,6.88,6.15,17.92,10.76,11.8,11.68,7.81,9.27,11.15,7.94,7.35,8.4,18.6,14.65,4.37,4.15,1.28,3.2,4.2,2.8,3.26,3.21,3.6,1.86,2.42,1.9,4.09,3.27,3.23,13.42,10.76,2.98,3.32,3.24,1.0,3.55,3.16,5.7,2.66,2.91,1.0,2.25,2.4,2.11,3.21,2.06,2.72
00-0039350,Zak Zinter,CLE,OG,2.0,194,measured,10.4,4.29,6.4,7.11,13.1,9.18,11.8,9.23,7.48,8.76,5.85,10.65,12.23,5.41,15.46,11.29,3.69,2.46,2.53,3.4,2.05,3.18,1.8,3.23,4.53,2.11,3.38,4.35,3.22,2.13,4.09,9.47,11.45,2.91,4.4,3.14,1.79,2.8,2.0,2.55,1.66,2.28,3.39,3.79,5.02,3.27,2.65,1.87,2.28
00-0037818,Zion Johnson,CLE,OG,1.0,2088,measured,11.2,4.27,7.13,9.62,16.16,11.4,11.8,11.24,5.78,4.49,10.48,15.93,10.21,15.18,14.49,8.12,1.98,3.05,2.57,3.05,3.55,3.94,2.79,2.38,1.95,3.94,2.55,3.35,2.34,3.86,3.44,10.48,9.94,1.59,3.13,3.99,3.55,3.53,2.43,1.99,3.68,2.31,2.87,2.98,3.37,3.05,4.09,2.62,2.61
00-0039014,Dawand Jones,CLE,OT,2.0,761,measured,10.1,1.75,3.24,1.67,10.13,5.5,11.8,10.35,6.6,7.06,6.76,10.87,17.32,12.32,14.56,13.87,1.0,4.32,3.4,3.78,2.75,1.66,2.09,3.73,2.84,2.13,3.01,3.77,2.92,3.07,4.48,11.67,12.29,3.13,2.73,2.94,4.41,3.19,2.65,3.02,1.86,2.75,2.43,3.74,2.92,1.98,1.9,3.13,1.74
00-0039755,KT Leveston,CLE,OT,,605,measured,9.8,4.53,5.96,3.69,12.54,8.51,11.8,8.4,6.92,7.54,6.4,12.52,9.75,5.45,5.27,11.29,2.3,2.59,2.93,4.49,1.97,3.1,4.69,2.65,2.28,2.98,4.12,2.77,2.78,4.12,2.14,13.55,8.55,1.54,3.83,2.37,3.67,2.09,2.1,4.04,2.24,3.65,2.93,2.45,3.61,1.85,2.47,3.71,3.18
00-0041030,Spencer Fano,CLE,OT,1.0,0,prior,12.9,7.87,8.73,8.52,12.08,11.28,11.8,9.65,9.39,11.62,6.6,8.64,7.83,10.31,10.99,11.29,5.07,2.96,4.19,2.72,4.19,2.86,3.89,2.93,4.65,3.93,3.8,3.25,3.79,3.32,5.05,12.26,15.96,3.18,1.6,3.39,3.02,1.0,2.99,4.32,2.77,3.94,3.94,3.13,1.9,3.74,4.52,4.03,4.15
00-0035234,Tytus Howard,CLE,OT,1.0,1750,measured,12.2,5.2,5.4,1.09,10.67,8.0,11.8,10.67,9.94,7.2,11.37,10.03,6.1,8.43,15.12,5.1,2.49,2.05,3.28,1.99,4.29,1.86,2.69,2.74,3.22,3.58,4.19,2.93,2.9,2.28,2.08,13.41,16.11,5.05,1.83,3.48,4.08,3.01,3.49,4.1,2.39,3.08,4.18,2.52,3.47,4.5,2.96,5.27,3.02
00-0034721,Corey Bojorquez,CLE,P,1.0,134,measured,15.9,7.29,9.23,9.13,10.13,11.54,12.07,14.09,14.73,12.56,10.76,4.08,9.53,16.63,14.6,14.41,1.77,2.72,3.58,2.53,3.26,2.15,2.84,2.81,1.45,1.93,5.41,3.15,2.72,2.51,3.18,2.46,2.69,4.77,2.28,3.7,2.46,3.0,2.49,3.91,2.39,2.05,3.4,2.12,4.74,2.88,17.01,14.85,3.96
00-0041284,Wes Pahl,CLE,P,,0,prior,11.3,10.01,10.94,9.72,10.13,12.13,11.73,8.51,6.05,13.13,5.75,10.5,11.61,10.31,10.99,11.29,2.15,5.46,4.54,4.21,2.9,1.74,2.03,2.39,1.6,3.38,3.05,2.98,3.06,2.01,2.76,2.92,3.04,3.58,2.68,1.86,1.0,3.64,3.12,2.74,4.44,3.18,3.02,1.78,3.3,1.79,13.73,8.94,4.6
00-0033537,Deshaun Watson,CLE,QB,1.0,426,measured,12.2,10.34,11.4,12.76,10.08,11.79,11.8,11.73,15.07,11.61,14.05,8.09,7.65,4.09,4.13,7.33,11.78,12.98,13.26,14.43,12.56,10.69,9.66,10.42,2.15,1.29,2.65,2.9,2.78,3.8,2.68,1.93,4.65,3.57,2.99,2.22,2.03,2.84,4.62,1.24,4.96,1.0,2.85,3.05,2.67,2.9,3.9,2.78,5.03
00-0040704,Dillon Gabriel,CLE,QB,4.0,341,measured,6.9,9.36,9.34,12.26,10.08,10.3,11.8,7.41,5.97,4.73,8.32,14.19,14.67,6.65,15.23,5.58,12.48,5.45,6.32,8.45,5.16,4.67,5.5,8.1,4.08,2.34,3.81,3.96,3.19,2.59,3.1,3.9,2.43,1.23,3.0,2.23,2.04,3.02,2.95,3.06,3.47,2.57,3.4,3.4,2.89,3.35,3.4,2.19,3.13
00-0040668,Shedeur Sanders,CLE,QB,2.0,399,measured,7.3,9.7,9.98,12.04,10.08,10.83,11.8,6.08,7.23,5.4,6.84,13.96,12.28,13.04,10.99,5.58,9.28,6.81,7.96,7.28,7.09,7.89,5.73,7.77,2.96,5.24,2.13,4.08,1.72,4.74,2.89,3.73,1.68,1.41,2.95,4.41,2.39,2.75,3.57,2.38,2.64,1.53,2.68,3.3,2.57,1.89,3.27,2.84,4.28
00-0041092,Taylen Green,CLE,QB,3.0,0,prior,7.2,17.55,18.91,11.75,10.08,19.4,11.8,5.91,6.13,2.97,6.95,8.55,7.38,10.31,10.99,11.29,10.94,6.57,6.74,8.53,5.05,5.82,5.39,7.37,5.08,2.56,2.05,2.7,2.99,1.0,2.05,2.11,3.39,3.31,3.8,2.55,2.08,3.15,2.29,2.28,3.23,3.63,3.22,2.76,2.86,3.96,2.99,2.58,2.44
00-0040162,Dylan Sampson,CLE,RB,2.0,224,measured,10.2,13.8,14.93,14.06,6.5,14.4,11.8,9.52,7.53,8.6,8.58,14.02,15.15,8.5,7.18,17.32,5.15,3.47,2.39,2.25,2.91,1.88,1.97,14.26,6.12,9.28,7.3,7.96,1.62,14.62,15.51,1.0,8.9,1.06,4.21,2.99,2.49,2.99,2.85,3.12,3.51,2.8,2.1,3.28,3.42,4.06,3.83,2.71,12.93
00-0038794,Jaleel McLaughlin,CLE,RB,,350,measured,11.9,14.92,14.56,14.88,7.11,13.76,11.8,10.99,9.33,7.48,8.26,8.91,7.09,14.45,15.44,11.29,2.2,5.25,3.4,3.11,3.57,2.87,3.63,14.22,10.12,8.47,10.77,15.56,1.97,11.07,12.36,7.34,4.42,8.34,1.76,2.41,4.4,1.9,1.18,3.3,1.06,3.32,2.69,4.5,2.51,2.19,2.7,1.5,11.33
00-0040784,Quinshon Judkins,CLE,RB,1.0,426,measured,10.9,14.77,17.1,12.5,9.3,17.27,11.8,10.15,9.16,8.56,7.9,15.04,14.32,13.04,10.99,15.41,2.19,4.61,2.15,2.45,3.65,2.82,3.94,15.55,8.52,10.29,8.14,6.98,3.18,11.17,11.41,2.25,3.6,3.25,5.16,4.45,2.52,2.89,2.94,2.53,3.13,1.13,5.71,2.92,4.86,2.07,4.93,1.54,12.52
00-0040466,Raheim Sanders,CLE,RB,3.0,55,prior,9.9,15.24,15.12,11.79,10.18,15.05,11.8,9.57,7.99,6.43,4.72,11.56,10.58,13.04,10.99,11.29,3.02,2.57,2.58,3.83,2.71,1.92,4.22,12.75,8.78,5.95,6.58,8.77,1.52,5.27,6.29,2.05,5.84,3.05,2.74,3.32,4.21,1.75,2.64,2.27,1.83,2.33,3.07,1.82,4.19,3.43,2.82,3.39,13.24
00-0036306,Daniel Thomas,CLE,S,3.0,130,measured,9.7,14.02,15.26,15.58,12.46,15.79,11.8,10.5,7.88,8.25,12.21,9.97,11.09,11.84,17.88,14.03,4.15,2.32,2.61,3.57,3.79,3.68,2.4,1.47,4.16,2.5,2.46,3.86,4.59,1.12,1.15,3.28,2.86,4.76,2.72,1.7,1.36,9.58,11.73,12.42,6.26,7.26,10.6,6.91,2.89,1.0,2.39,3.77,9.8
00-0040263,Donovan McMillon,CLE,S,4.0,17,prior,8.0,13.97,15.19,13.56,7.97,14.99,11.8,8.71,3.48,3.88,4.29,12.29,11.54,13.04,10.99,11.29,1.0,3.01,3.92,1.6,2.64,1.53,1.57,2.82,4.37,2.37,2.72,1.45,4.19,3.33,3.6,3.26,1.15,3.01,2.21,2.33,3.55,8.7,6.66,10.3,4.96,5.96,9.25,5.99,3.33,3.04,1.71,2.48,9.8
00-0041471,Emmanuel McNeil-Warren,CLE,S,2.0,0,prior,10.2,13.85,14.47,13.35,8.31,14.45,11.8,7.86,10.76,6.51,5.29,13.07,10.68,10.31,10.99,11.29,2.24,3.28,4.74,1.95,3.31,3.16,3.43,3.25,4.08,4.53,1.11,4.79,2.29,2.14,3.3,4.34,1.88,2.49,3.02,3.43,4.23,15.36,12.67,11.68,7.05,8.05,9.35,7.55,4.45,4.47,2.4,3.14,9.8
00-0036282,Grant Delpit,CLE,S,1.0,1884,measured,14.4,14.05,15.52,13.27,8.16,15.3,11.8,13.1,10.27,13.51,11.86,12.48,9.66,16.37,14.74,7.62,3.63,2.35,4.3,3.32,3.49,2.78,3.93,1.96,1.7,3.24,2.73,1.62,3.22,3.61,1.37,3.44,2.73,1.64,2.12,3.82,2.24,17.64,16.64,10.14,14.89,15.89,9.31,10.09,2.29,2.4,1.0,1.55,9.8
00-0038715,Ronnie Hickman Jr.,CLE,S,1.0,1393,measured,14.3,13.67,14.72,14.13,8.29,14.88,11.8,12.46,8.84,11.54,10.28,9.82,11.24,12.59,5.27,11.29,3.28,2.79,2.68,2.15,2.76,1.65,2.48,2.69,2.81,2.87,3.28,2.3,3.19,3.09,2.18,3.2,3.15,2.32,2.75,1.0,3.81,13.89,10.5,16.6,15.63,16.54,9.35,14.77,2.11,2.96,6.46,3.48,9.8
00-0041286,Zion Washington,CLE,S,,0,prior,10.7,13.7,14.74,14.09,8.22,14.85,11.8,9.11,6.48,7.24,7.64,15.36,15.22,10.31,10.99,11.29,4.14,2.13,5.31,4.29,2.71,3.57,2.08,5.05,3.02,2.67,2.37,1.0,3.41,1.81,2.6,3.12,3.7,4.06,2.61,3.8,3.95,9.26,10.27,15.26,8.81,9.81,9.32,11.16,1.23,3.71,2.27,2.89,9.8
00-0038710,Blake Whiteheart,CLE,TE,2.0,352,measured,8.7,10.77,11.13,11.91,10.0,13.48,11.8,7.74,3.65,6.0,7.66,14.47,10.64,15.84,10.99,14.86,3.71,4.67,2.92,1.57,4.5,3.83,4.09,5.47,1.76,10.66,13.32,8.33,6.9,6.21,7.2,6.44,11.69,4.28,3.34,2.77,2.01,1.34,2.61,4.0,2.67,3.25,2.47,1.69,4.78,3.06,4.84,2.5,3.81
00-0041131,Carsen Ryan,CLE,TE,3.0,0,prior,9.2,10.83,12.12,11.55,10.72,13.15,11.8,7.61,8.86,6.9,7.37,6.16,11.37,10.31,10.99,11.29,3.69,2.87,2.3,1.86,3.57,1.63,3.72,7.98,3.24,7.1,9.75,8.12,8.56,8.19,7.91,10.0,8.84,7.84,3.82,2.52,2.5,4.38,3.55,3.21,3.06,4.23,1.0,1.75,3.51,1.92,3.83,4.06,1.65
00-0040663,Harold Fannin Jr.,CLE,TE,1.0,726,measured,12.7,10.62,11.81,12.9,11.33,13.14,11.8,9.92,9.85,12.16,10.15,11.83,7.24,12.11,15.42,17.32,2.24,3.09,3.54,3.04,1.46,2.73,2.55,14.4,3.59,10.98,13.64,14.01,8.75,15.56,14.37,15.6,6.53,13.44,3.82,1.41,3.71,4.39,2.66,1.56,3.58,3.13,3.58,3.63,2.96,1.67,2.71,4.33,1.52
00-0041087,Joe Royer,CLE,TE,4.0,0,prior,9.1,11.04,12.34,12.16,9.24,13.43,11.8,6.49,4.31,5.07,5.67,15.21,10.9,10.31,10.99,11.29,3.54,3.26,2.65,1.87,2.93,6.28,4.01,8.95,2.84,6.81,9.46,8.54,8.55,8.24,7.92,9.89,8.84,7.73,3.95,4.06,4.38,3.72,2.99,1.9,1.0,2.61,2.42,4.26,3.88,2.99,1.78,4.3,2.86
00-0039275,Messiah Swinson,CLE,TE,,0,prior,9.4,9.92,11.35,11.74,9.99,12.61,11.8,8.06,9.61,5.03,6.21,7.58,10.92,10.31,10.99,11.29,2.6,3.21,1.13,4.1,2.1,2.02,2.78,6.42,3.88,2.02,4.67,19.4,5.7,4.17,4.17,8.63,11.98,6.48,3.1,2.07,2.59,3.35,3.73,3.79,3.03,2.94,3.17,1.99,4.08,2.15,4.38,4.02,3.63
00-0039650,Bryce Oliver,CLE,WR,,71,prior,9.2,13.96,14.88,13.07,7.91,15.15,11.8,11.34,11.46,8.29,7.53,2.89,12.02,4.97,4.21,6.78,2.65,3.28,3.32,2.96,2.26,2.69,3.32,7.79,6.73,10.99,9.92,7.64,4.0,7.19,6.94,5.2,2.72,4.38,3.73,2.74,2.47,3.62,4.61,3.87,2.67,3.72,1.16,2.23,3.09,2.93,1.85,2.95,14.08
00-0039386,Bub Means,CLE,WR,,89,prior,9.5,15.93,15.58,13.33,9.5,16.5,11.8,10.93,7.55,7.73,7.21,13.6,12.22,6.24,6.51,11.29,1.8,1.46,3.36,3.86,3.69,2.71,2.33,7.92,5.78,7.93,6.85,6.96,3.91,7.64,7.7,4.88,3.83,3.44,4.97,2.8,2.11,1.98,3.61,3.31,3.24,1.68,4.1,1.5,3.21,2.94,2.13,4.46,12.14
00-0041037,Denzel Boston,CLE,WR,1.0,0,prior,11.9,14.06,15.18,13.72,6.81,14.47,11.8,9.78,9.63,12.22,8.46,13.96,10.49,10.31,10.99,11.29,2.41,1.8,2.61,4.15,2.78,4.1,3.78,17.13,11.17,12.11,11.04,12.11,7.04,11.4,10.26,1.42,2.84,3.23,3.44,2.84,1.7,2.83,3.18,1.9,2.18,4.71,1.0,4.44,1.69,2.18,5.98,1.0,11.14
00-0040782,Isaiah Bond,CLE,WR,2.0,459,measured,9.8,16.86,16.44,14.2,6.3,14.92,11.8,8.23,9.05,8.45,6.67,10.54,11.1,12.11,17.31,11.29,2.65,3.02,3.06,4.05,2.83,2.71,1.95,11.35,3.33,4.17,3.09,8.18,7.02,6.55,6.92,1.0,3.47,1.5,3.1,3.14,2.22,4.06,2.99,2.25,2.63,2.34,3.53,2.91,5.76,2.25,4.41,2.63,16.62
00-0036407,Jerry Jeudy,CLE,WR,1.0,1812,measured,10.9,15.47,14.84,12.22,6.45,13.85,11.8,12.88,11.74,9.92,11.31,15.47,13.19,16.56,7.48,7.01,2.73,3.99,3.67,3.75,3.79,1.54,3.32,11.86,10.28,12.17,11.1,7.12,8.82,10.58,10.05,1.0,4.09,5.06,3.03,4.45,3.38,2.24,3.54,3.47,3.44,3.37,4.66,2.6,2.94,2.55,1.92,4.05,10.34
00-0041547,KC Concepcion,CLE,WR,1.0,0,prior,12.0,15.2,15.59,13.99,6.63,14.98,11.8,9.24,9.55,9.76,6.36,11.18,7.55,10.31,10.99,11.29,2.92,1.1,4.38,3.55,2.07,2.46,2.08,17.65,11.24,11.92,10.85,11.21,6.88,11.66,10.64,2.72,3.24,1.45,1.9,2.44,3.26,3.77,5.45,2.52,1.75,3.25,2.92,4.26,3.09,3.99,1.19,2.19,10.27
00-0041287,Kole Wilson,CLE,WR,,0,prior,8.8,15.91,15.65,13.31,7.33,14.94,11.8,9.78,5.82,9.85,6.59,7.01,14.31,10.31,10.99,11.29,2.56,3.63,4.29,1.86,2.68,4.97,2.32,7.61,4.36,7.0,5.93,5.54,4.66,6.25,6.26,2.8,1.71,3.87,3.42,2.69,3.71,1.92,2.37,3.9,3.51,3.36,3.97,4.03,2.94,4.88,3.24,1.72,13.64
00-0039920,Malachi Corley,CLE,WR,2.0,233,measured,9.9,13.99,14.74,12.55,8.52,15.17,11.8,9.18,10.48,9.15,8.23,11.54,9.46,14.76,10.99,15.41,3.37,1.62,3.11,4.06,4.02,1.54,3.52,10.97,5.79,7.5,6.43,9.9,5.91,8.13,7.4,2.8,4.1,3.47,2.22,3.68,2.83,3.05,1.0,3.67,1.78,3.07,3.72,2.13,2.61,2.85,3.03,3.34,12.31
00-0036630,Tylan Wallace,CLE,WR,2.0,367,measured,10.5,14.77,12.49,13.93,5.5,11.87,11.8,12.17,8.19,6.42,10.37,10.88,13.52,13.94,14.21,7.89,4.92,3.94,3.01,2.36,2.57,5.36,1.91,9.82,8.83,13.06,11.99,11.23,7.91,7.16,7.55,3.06,3.63,2.76,3.31,3.0,1.38,3.06,2.52,3.08,3.47,1.41,2.76,3.57,3.65,1.94,2.46,3.15,14.67
00-0039348,Cooper Beebe,DAL,C,1.0,1377,measured,10.3,6.27,7.53,8.29,13.98,8.47,11.8,8.75,9.34,6.57,9.98,14.02,9.42,14.01,14.74,7.51,2.17,2.85,1.71,3.7,2.82,4.39,3.79,2.82,3.97,5.07,4.18,4.3,4.08,3.84,3.28,11.04,9.12,2.69,3.11,3.62,3.47,2.18,1.4,1.73,2.16,3.48,3.83,3.99,2.9,1.0,4.12,2.17,3.24
00-0036295,Matt Hennessy,DAL,C,2.0,163,measured,11.6,3.98,6.45,8.05,12.0,9.52,11.8,10.37,9.24,12.36,10.52,11.1,9.42,16.46,10.99,11.29,3.31,2.36,3.4,2.72,2.69,2.0,4.7,1.96,2.65,2.09,3.64,3.5,3.52,2.06,1.69,13.16,11.63,2.79,4.24,2.33,4.45,3.65,2.3,2.73,1.95,2.54,3.15,2.9,4.07,2.76,2.86,3.91,3.5
00-0036105,Nick Leverett,DAL,C,,78,prior,11.6,4.64,5.81,6.61,13.77,8.57,11.8,9.75,6.84,10.04,10.28,10.75,10.01,17.99,10.99,7.78,3.33,2.84,4.19,4.28,3.32,3.75,1.48,1.87,1.0,3.83,3.5,2.93,2.76,3.06,2.72,11.16,13.57,2.45,2.11,1.32,2.02,2.94,3.48,4.34,3.06,4.78,3.53,3.19,3.77,2.7,3.02,4.9,3.6
00-0038624,Ameer Speed,DAL,CB,3.0,7,prior,9.9,15.07,16.17,13.85,7.34,16.12,11.8,11.14,13.77,10.08,7.53,10.04,6.63,15.84,10.99,14.41,3.69,3.24,3.61,1.24,4.7,2.07,3.99,3.5,4.5,3.55,4.26,1.84,4.39,2.18,2.93,1.96,2.04,1.87,4.04,2.06,3.07,10.4,12.69,15.09,7.05,7.05,10.04,6.32,4.13,3.22,2.55,1.64,4.47
00-0039387,Caelen Carson,DAL,CB,2.0,356,measured,10.4,15.06,15.77,13.78,6.98,15.35,11.8,10.53,6.82,10.48,6.29,10.9,15.75,7.09,16.75,4.01,4.64,2.47,3.85,4.87,3.92,2.14,2.84,2.65,1.17,1.62,2.07,3.4,2.04,2.19,2.39,3.67,4.51,3.56,1.82,2.74,3.36,8.14,12.67,16.21,8.02,8.02,9.94,6.83,4.78,3.19,3.48,1.0,16.65
00-0040865,Caleb Downs,DAL,CB,1.0,0,prior,14.0,15.04,15.97,13.5,7.83,16.03,11.8,10.93,11.0,17.22,5.42,14.31,9.5,10.31,10.99,11.29,1.0,3.28,2.12,2.93,2.63,2.62,1.62,2.38,4.57,2.33,1.58,4.46,3.3,3.37,2.79,3.6,2.06,1.8,4.39,1.62,2.86,9.78,9.69,11.32,14.63,14.63,10.19,14.62,2.65,5.13,3.29,3.94,14.13
00-0037839,Cobie Durant,DAL,CB,1.0,1535,measured,11.3,16.9,16.49,13.61,6.78,14.85,11.8,9.91,12.96,8.56,9.35,9.02,10.33,12.58,7.45,14.26,1.74,3.72,3.39,2.98,3.92,2.53,1.75,1.98,3.14,3.84,3.87,2.2,2.34,4.36,3.1,3.61,3.71,2.81,3.08,3.78,2.45,1.0,2.97,10.29,9.39,9.39,9.88,11.61,4.01,1.62,3.7,5.23,9.89
00-0037275,DaRon Bland,DAL,CB,1.0,1350,measured,13.3,15.08,15.95,13.94,6.86,15.59,11.8,10.99,10.18,12.64,9.84,8.66,16.03,6.22,6.49,8.04,1.16,1.9,3.36,1.0,3.05,3.89,3.08,3.05,3.86,2.47,5.81,2.8,3.99,1.87,1.16,2.63,2.02,3.11,3.04,2.88,2.99,4.97,11.76,16.0,13.19,13.19,9.9,13.34,1.55,1.64,3.28,3.38,9.62
00-0037842,Derion Kendrick,DAL,CB,,475,measured,9.9,15.05,15.9,13.59,7.54,15.84,11.8,10.68,9.31,9.46,9.14,9.25,7.65,15.1,10.99,14.41,2.87,2.53,2.4,2.71,2.19,3.22,3.75,3.27,3.36,2.53,2.13,3.75,2.16,2.18,5.5,3.13,1.25,2.68,2.32,4.44,2.49,5.22,5.64,10.95,7.52,7.52,10.11,7.37,3.0,3.18,3.34,2.44,4.81
00-0040875,Devin Moore,DAL,CB,3.0,0,prior,9.3,14.31,15.53,14.16,6.38,15.34,11.8,8.14,7.55,7.41,2.97,11.44,10.2,10.31,10.99,11.29,3.37,3.83,2.73,4.02,4.04,1.69,1.77,4.14,1.58,4.35,2.62,2.54,4.25,2.28,2.74,3.08,3.96,1.19,2.99,2.49,3.61,7.78,11.25,13.65,6.42,6.42,9.75,5.55,1.38,2.76,2.28,1.0,6.25
00-0039465,Reddy Steward,DAL,CB,,498,measured,8.2,15.07,15.49,13.94,6.27,14.58,11.8,8.33,5.89,10.14,6.97,8.25,12.02,14.76,10.99,11.29,3.81,3.09,1.68,2.72,3.09,2.74,3.84,2.91,1.72,4.74,4.43,4.18,2.34,3.42,2.76,3.68,1.92,3.09,4.17,2.96,3.96,9.25,13.22,15.42,3.83,3.83,9.72,3.64,2.15,3.71,2.39,3.17,6.04
00-0040008,Shavon Revel Jr.,DAL,CB,2.0,302,measured,10.0,15.09,15.9,14.01,6.63,15.4,11.8,8.58,10.05,11.15,5.11,10.94,9.85,5.3,13.65,11.29,2.93,3.62,1.03,4.22,3.0,2.07,2.09,2.01,3.28,3.17,2.9,3.88,2.74,4.69,4.24,1.51,2.01,2.5,4.05,3.99,2.73,8.92,12.64,15.3,7.03,7.03,9.83,7.34,5.14,3.4,1.07,1.17,17.79
00-0038144,Adedayo Odeleye,DAL,DT,,0,prior,6.4,7.34,9.22,8.96,11.65,11.55,11.8,8.95,2.42,4.54,8.28,11.45,16.14,10.31,10.99,11.29,3.51,3.58,1.09,2.28,2.9,2.48,4.01,2.07,4.48,2.62,4.93,2.5,4.91,4.6,3.36,2.78,2.33,3.11,4.67,4.21,5.8,5.38,4.19,13.13,4.04,1.81,3.02,1.41,2.25,3.48,4.09,2.47,3.86
00-0037051,Elijah Garcia,DAL,DT,,182,measured,10.2,6.18,7.72,7.24,12.35,9.73,11.8,11.49,7.16,8.68,8.86,11.54,11.05,16.96,10.99,11.29,2.29,2.98,4.0,2.72,3.03,2.7,3.08,2.64,2.73,4.08,3.21,2.46,2.49,4.3,2.99,2.68,2.82,1.41,10.89,9.78,9.76,9.79,10.05,9.64,3.89,3.44,3.97,3.72,3.53,4.38,3.68,4.82,4.12
00-0033093,Jonathan Bullard,DAL,DT,2.0,942,measured,12.0,5.89,8.09,7.91,12.0,10.54,11.8,13.05,7.86,11.24,10.78,5.98,14.05,7.63,7.56,7.01,1.0,2.49,4.19,4.38,3.51,1.47,3.22,3.52,3.69,1.85,2.77,2.09,2.94,4.3,3.22,4.22,4.81,3.06,6.84,5.75,15.29,17.25,14.09,5.05,3.27,2.09,4.32,3.5,1.97,1.78,3.23,1.44,3.05
00-0040933,Kelvin Gilliam,DAL,DT,3.0,0,prior,9.2,7.0,8.23,7.22,13.54,10.55,11.8,8.09,7.15,9.84,4.74,10.29,10.45,10.31,10.99,11.29,4.08,3.7,2.26,4.75,3.56,1.35,2.96,3.53,2.52,3.66,3.2,1.93,3.85,4.72,3.77,2.52,3.35,2.59,9.83,8.59,8.4,7.42,7.7,9.59,2.46,2.09,3.3,3.33,1.58,2.33,2.25,3.99,3.51
00-0033120,Kenny Clark,DAL,DT,1.0,1419,measured,12.6,4.84,4.91,5.54,14.77,7.22,11.8,13.43,9.45,10.66,13.62,10.97,14.01,11.98,14.03,7.43,1.66,3.91,4.58,3.53,4.43,2.9,2.59,3.42,2.69,1.92,4.02,3.16,3.77,2.81,3.26,3.3,1.12,3.65,12.32,9.89,14.83,14.75,8.89,4.58,2.85,3.73,3.72,2.55,1.19,2.95,3.51,2.13,3.13
00-0040880,LT Overton,DAL,DT,2.0,0,prior,9.1,8.38,10.15,9.53,12.41,12.44,11.8,9.25,3.04,7.96,5.51,7.91,10.02,10.31,10.99,11.29,3.18,2.16,2.62,3.35,1.89,4.38,2.88,2.91,3.19,1.09,3.27,2.99,2.53,2.28,2.02,3.41,2.29,2.41,8.43,8.07,8.23,8.32,8.61,8.8,4.84,2.31,2.75,3.53,1.93,2.47,4.69,3.49,2.48
00-0037270,Otito Ogbonnia,DAL,DT,1.0,546,measured,11.6,5.18,6.4,5.36,14.77,8.51,11.8,9.58,9.43,5.58,11.14,6.57,11.57,11.94,14.56,6.8,3.01,3.79,1.88,2.28,4.3,1.88,3.29,4.0,1.71,2.06,2.75,3.29,2.88,3.79,3.74,3.74,3.81,2.19,9.06,6.75,12.73,14.29,12.73,8.22,3.83,2.46,2.44,5.38,1.57,5.92,3.15,2.16,2.59
00-0035718,Quinnen Williams,DAL,DT,1.0,1416,measured,16.2,8.68,9.22,6.52,13.32,10.13,11.8,14.12,14.25,14.86,9.99,11.91,11.79,7.49,14.39,6.26,3.72,6.08,1.73,2.42,3.27,3.73,4.96,2.5,3.29,1.63,5.04,3.16,3.24,4.05,3.67,2.8,2.26,4.55,16.87,16.3,18.6,18.38,15.6,7.03,1.65,2.85,3.45,3.99,3.6,4.49,4.8,3.33,1.33
00-0040931,Tommy Dunn,DAL,DT,,0,prior,9.2,7.22,8.62,7.88,12.94,10.94,11.8,8.62,9.18,6.61,3.71,9.27,9.03,10.31,10.99,11.29,3.6,2.7,1.15,3.24,3.66,2.35,1.98,2.35,3.88,2.07,3.5,2.6,2.77,2.12,2.0,4.07,1.16,2.58,9.69,8.73,8.4,7.42,7.7,9.68,3.48,1.33,3.27,2.95,3.41,2.92,3.92,2.37,2.83
00-0040725,Donovan Ezeiruaku,DAL,EDGE,1.0,544,measured,10.5,10.92,12.21,14.65,11.33,14.03,11.8,8.72,9.32,6.91,6.29,11.51,16.84,13.04,10.99,11.29,2.79,1.64,3.37,4.09,5.21,1.0,3.26,3.6,3.92,3.14,2.36,3.31,3.95,2.92,2.01,3.17,1.12,2.88,8.49,8.5,10.44,14.4,12.4,10.07,5.8,6.8,2.78,3.78,2.62,2.9,3.32,4.32,2.22
00-0038737,Isaiah Land,DAL,EDGE,,67,prior,7.5,11.48,13.31,12.63,10.66,14.3,11.8,9.77,7.96,8.72,8.6,12.89,10.39,15.84,10.99,11.29,3.45,2.97,1.92,1.6,2.01,2.47,3.84,2.64,3.77,1.12,1.68,2.06,2.87,3.53,1.66,4.3,3.45,2.71,5.12,5.57,5.99,7.09,4.74,13.47,5.8,6.8,2.05,1.14,4.51,3.64,3.67,3.03,3.52
00-0037310,James Houston,DAL,EDGE,3.0,371,measured,10.0,11.35,12.5,11.58,11.57,13.42,11.8,9.71,5.77,6.56,10.07,11.45,9.38,7.82,7.38,11.29,2.03,2.59,2.16,2.67,2.5,3.93,3.53,2.49,3.03,2.04,3.16,2.01,1.19,1.83,1.64,3.95,2.49,3.72,9.54,9.63,9.0,8.68,9.37,14.37,5.8,6.8,1.63,3.6,4.61,3.14,1.88,3.75,4.12
00-0041537,Malachi Lawrence,DAL,EDGE,2.0,0,prior,10.4,13.85,16.28,11.81,10.93,17.74,11.8,8.83,9.04,7.86,6.83,11.75,12.0,10.31,10.99,11.29,3.2,3.54,2.63,1.21,1.3,3.56,4.56,2.79,2.47,2.48,3.34,1.98,4.13,3.89,2.57,4.45,2.37,5.2,8.49,9.67,8.78,9.02,9.08,13.19,5.8,6.8,3.13,1.1,1.6,3.99,1.88,3.55,3.66
00-0039352,Marist Liufau,DAL,EDGE,3.0,507,measured,10.6,11.69,13.26,12.7,10.99,14.21,11.8,10.34,9.0,8.86,8.5,18.74,4.8,14.76,10.99,14.86,3.11,1.0,3.77,1.78,2.89,3.47,2.46,1.88,3.29,3.11,2.95,3.42,1.12,3.59,3.11,3.65,2.82,2.57,10.79,11.2,8.47,6.94,11.72,15.95,5.8,6.8,3.34,4.15,3.59,3.93,2.38,3.27,3.82
00-0034967,Rashan Gary,DAL,EDGE,1.0,1260,measured,13.4,12.49,13.12,11.35,13.39,15.36,11.8,12.68,10.46,8.1,9.54,12.89,6.91,17.99,10.99,8.08,3.63,3.69,2.88,4.01,1.55,3.5,2.28,3.16,2.71,5.37,2.6,4.21,3.97,2.89,2.37,4.1,3.68,4.72,13.99,13.84,10.98,13.7,15.68,7.25,5.8,6.8,2.69,4.62,2.57,2.93,4.14,3.65,2.28
00-0038742,Tyrus Wheat,DAL,EDGE,4.0,176,measured,8.4,11.54,11.02,9.78,11.72,9.45,11.8,9.54,6.37,7.25,7.44,10.95,10.24,15.84,10.99,11.29,4.84,2.41,4.28,2.94,2.73,2.67,3.6,1.11,4.84,2.1,2.3,3.3,2.05,3.29,1.83,3.14,3.4,2.66,7.27,7.36,6.78,7.64,7.49,13.2,5.8,6.8,3.88,2.56,3.71,3.95,3.14,1.98,5.23
00-0027940,Von Miller,DAL,EDGE,2.0,677,measured,12.5,13.1,13.42,14.96,10.67,13.35,11.8,14.12,9.0,12.26,13.25,7.89,13.02,8.17,14.91,7.01,2.86,1.05,2.79,4.89,2.1,2.97,2.47,1.0,1.05,2.42,3.69,3.75,4.72,1.93,4.57,2.35,3.86,3.04,13.55,14.56,12.46,9.53,7.2,9.59,5.8,6.8,2.3,4.44,5.67,1.76,3.32,4.25,3.14
00-0038738,Hunter Luepke,DAL,FB,1.0,473,measured,14.3,10.24,11.43,10.3,9.89,12.53,11.8,10.65,11.86,11.05,8.88,8.68,10.21,14.45,15.35,15.41,1.81,2.3,2.9,2.18,3.13,3.1,1.45,9.38,2.51,11.96,18.16,11.82,3.13,3.66,2.4,15.56,8.99,16.56,2.2,2.59,3.02,3.17,1.8,4.32,2.21,1.0,2.96,2.09,2.06,4.03,3.36,1.24,3.67
00-0037692,Brandon Aubrey,DAL,K,1.0,92,measured,18.1,9.02,10.2,9.19,9.88,11.52,11.54,14.84,18.66,18.7,9.69,11.21,13.53,15.84,10.99,11.29,1.58,2.24,4.19,1.68,3.54,4.46,2.96,1.0,3.69,1.13,2.13,1.49,2.64,3.59,3.35,3.05,2.91,2.42,4.03,2.4,4.4,2.42,4.23,1.76,4.15,4.48,3.57,4.24,19.3,16.81,2.7,3.3,3.6
00-0036728,Curtis Robinson,DAL,LB,,224,measured,11.0,12.15,13.22,12.85,9.66,13.73,11.8,10.54,5.62,8.5,8.41,13.87,14.52,7.2,15.02,11.29,2.53,3.49,2.18,1.14,2.56,4.64,3.54,4.04,2.7,1.65,2.46,2.06,4.04,1.04,3.08,1.02,3.44,4.8,5.32,5.51,10.48,10.66,11.87,14.53,9.55,11.05,2.57,5.81,2.57,3.44,2.23,3.69,2.79
00-0038556,DeMarvion Overshown,DAL,LB,1.0,654,measured,12.0,13.11,14.57,12.93,7.5,14.25,11.8,9.31,10.83,8.08,9.29,8.63,14.38,4.99,6.26,11.29,4.51,2.13,2.58,2.2,3.85,2.25,5.09,1.0,3.75,2.73,2.49,3.7,4.34,2.72,3.1,3.63,3.59,2.81,11.61,12.89,8.43,10.39,12.95,16.66,11.06,12.56,2.34,7.3,2.81,3.12,1.42,4.85,1.31
00-0038625,Dee Winters,DAL,LB,1.0,1190,measured,10.1,14.54,13.6,11.12,11.35,11.1,11.8,9.02,6.35,6.5,10.47,8.59,10.14,13.98,15.16,16.01,3.34,4.41,3.2,3.55,4.82,2.91,2.8,2.25,2.81,3.67,3.43,3.06,4.43,3.15,2.99,2.39,2.08,4.24,3.9,4.17,9.2,8.89,9.01,13.77,10.52,12.02,2.42,10.9,1.83,4.11,2.12,1.39,4.1
00-0040872,Jaishawn Barham,DAL,LB,2.0,0,prior,11.7,11.69,13.57,12.43,10.55,13.4,11.8,9.01,8.14,7.92,4.49,15.18,9.03,10.31,10.99,11.29,3.91,2.91,1.0,2.1,3.95,3.73,4.27,2.42,3.0,2.77,3.58,3.08,2.87,2.12,2.65,1.94,1.38,3.51,13.17,12.89,10.55,12.74,15.12,15.59,4.68,6.18,4.19,2.78,3.29,3.42,3.01,1.0,3.71
00-0040043,Justin Barron,DAL,LB,,0,prior,8.8,12.33,13.55,13.43,9.23,13.94,11.8,6.91,3.63,2.67,7.76,15.68,9.17,13.04,10.99,11.29,3.3,2.02,2.49,3.53,3.96,2.03,2.06,2.71,1.0,2.26,2.6,3.2,2.66,1.55,1.31,1.6,3.48,3.58,7.71,8.11,5.43,6.93,10.21,11.72,7.16,8.66,2.06,2.03,2.63,3.62,4.53,1.88,3.74
00-0040011,Shemar James,DAL,LB,2.0,487,measured,11.2,10.92,11.71,12.85,10.67,12.14,11.8,8.31,9.56,8.79,6.98,13.01,4.91,13.04,10.99,11.29,1.55,5.05,2.58,4.89,2.47,3.35,1.83,4.52,3.49,3.08,4.5,1.87,3.76,3.97,3.82,3.74,1.55,4.24,13.19,12.6,8.51,10.04,13.26,18.28,6.15,7.65,2.63,2.97,1.85,3.78,2.58,2.54,4.65
00-0034198,Trent Sieg,DAL,LS,1.0,2,prior,9.4,9.45,10.41,9.7,9.71,11.59,14.04,12.32,7.45,7.3,13.41,8.18,10.04,17.99,10.99,11.29,4.63,1.0,2.83,2.44,4.61,2.37,3.7,3.57,1.92,1.68,4.05,2.88,3.17,2.78,4.41,3.53,4.14,2.68,4.48,3.96,1.9,4.45,1.78,3.84,4.18,1.6,1.9,2.7,1.97,3.58,1.82,1.21,3.79
00-0032234,Laken Tomlinson,DAL,OG,,1407,measured,10.1,1.0,1.92,1.0,12.92,8.0,11.8,11.33,7.35,7.99,12.83,9.55,13.93,17.99,10.99,11.29,2.45,1.93,4.12,3.61,3.96,3.61,4.34,2.51,1.94,3.16,4.49,1.57,2.05,1.61,2.34,10.9,10.62,4.13,3.89,3.34,3.91,1.41,5.03,2.41,4.09,2.68,2.62,2.84,2.9,1.85,1.34,1.13,3.03
00-0038731,TJ Bass,DAL,OG,1.0,669,measured,14.3,4.15,5.95,5.76,13.23,8.9,11.8,12.02,12.42,14.16,8.87,16.97,14.63,12.49,17.26,6.6,3.52,2.64,2.28,2.78,5.24,3.86,3.8,2.61,2.85,3.44,2.12,2.6,2.64,4.11,3.93,13.81,19.4,2.79,2.21,3.82,2.92,5.43,3.33,1.49,1.87,2.35,2.91,3.95,4.0,4.38,2.23,3.66,2.47
00-0040007,Tyler Booker,DAL,OG,1.0,907,measured,11.7,1.3,2.01,3.69,13.35,6.41,11.8,10.37,7.39,9.46,8.47,6.85,8.4,8.04,4.85,15.41,5.02,4.05,2.65,2.92,3.14,2.27,2.41,2.14,2.64,2.56,2.53,4.24,2.99,3.18,3.73,17.13,8.19,4.02,2.49,3.15,3.11,2.45,5.02,2.08,2.64,2.46,4.04,3.36,3.58,2.34,3.45,2.77,2.48
00-0037243,Tyler Smith,DAL,OG,2.0,2067,measured,12.5,6.4,6.8,6.0,13.32,7.99,11.8,9.29,10.75,10.5,9.08,15.05,6.93,14.37,7.31,5.07,4.02,3.55,1.64,2.7,2.32,5.23,3.81,3.88,3.05,4.55,3.17,2.46,2.18,2.88,3.44,16.47,10.32,2.93,3.31,2.5,2.57,1.22,2.66,2.2,2.04,1.97,1.75,3.35,1.18,3.54,2.92,3.49,2.31
00-0040017,Ajani Cornelius,DAL,OT,3.0,0,prior,11.3,4.71,6.41,5.12,12.39,8.91,11.8,7.04,7.17,7.68,7.97,6.28,12.05,13.04,10.99,4.02,1.22,1.75,1.86,3.04,1.0,2.73,3.61,2.03,4.34,2.35,4.7,5.33,2.37,1.47,3.5,9.88,15.18,3.94,2.87,2.84,3.59,1.28,1.05,2.4,1.3,2.28,3.99,1.68,3.56,3.55,2.95,1.0,3.93
00-0039109,Broderick Jones,DAL,OT,2.0,1594,measured,13.0,7.07,7.73,5.73,12.48,9.52,11.8,11.32,12.11,8.35,6.74,11.7,16.56,7.86,15.57,11.29,3.65,3.07,4.73,3.67,3.15,2.42,3.99,2.83,3.41,2.79,4.26,2.54,2.2,1.03,2.05,15.74,14.24,3.53,4.36,3.82,3.01,2.23,3.29,4.06,1.72,2.72,2.28,4.03,3.08,1.69,3.31,3.17,3.07
00-0040874,Drew Shelton,DAL,OT,2.0,0,prior,10.2,4.53,7.27,5.51,12.45,10.7,11.8,9.14,6.54,6.8,6.61,13.81,8.62,10.31,10.99,11.29,2.13,3.02,2.62,1.55,2.9,2.98,4.04,1.16,2.77,3.9,1.19,2.8,3.23,1.9,1.96,10.42,11.3,3.34,2.27,2.83,2.14,3.01,1.86,2.74,3.22,2.85,3.58,3.95,3.99,1.79,4.51,2.95,3.66
00-0039507,Marcellus Johnson,DAL,OT,,0,prior,11.8,5.33,7.09,5.82,12.86,9.58,11.8,9.16,7.93,10.62,6.66,8.0,11.68,10.31,10.99,11.29,1.49,4.31,2.92,2.22,2.52,4.36,4.13,3.12,3.28,2.66,1.27,3.43,4.98,2.33,3.71,10.24,15.33,2.87,2.23,4.08,3.95,2.9,3.49,3.8,2.2,4.25,4.05,3.01,4.69,2.7,3.36,1.0,2.95
00-0036036,Terence Steele,DAL,OT,1.0,2287,measured,14.9,5.82,6.49,3.41,13.85,7.73,11.8,13.88,13.25,12.01,10.49,9.95,12.75,17.99,10.99,14.09,2.39,2.25,4.23,1.68,3.71,2.33,2.49,2.59,3.47,1.14,1.14,4.22,2.74,2.26,4.96,16.87,18.34,1.99,2.62,2.72,3.34,3.38,3.63,2.24,1.66,1.9,3.81,2.88,3.99,2.37,2.92,4.58,3.09
00-0039341,Tyler Guyton,DAL,OT,1.0,1012,measured,10.6,4.13,6.07,7.3,11.5,11.97,11.8,9.14,7.76,3.73,8.96,12.53,13.65,7.25,4.23,14.23,4.54,1.93,3.45,3.79,3.32,2.7,5.36,3.38,1.74,3.65,3.07,2.76,2.58,4.29,3.49,11.29,11.5,4.18,3.48,2.74,2.15,4.55,3.48,2.75,1.77,3.25,2.68,4.07,2.42,1.78,3.87,2.0,2.09
00-0038981,Wanya Morris,DAL,OT,,665,measured,9.3,5.33,7.47,5.87,12.14,9.18,11.8,8.36,5.87,4.74,6.05,11.25,12.05,8.18,15.98,14.41,1.93,3.97,3.36,2.67,5.68,1.09,3.35,4.02,2.21,4.05,4.34,3.34,3.8,3.21,3.41,11.22,8.34,1.59,4.09,4.24,3.06,1.67,2.63,2.49,3.63,2.76,4.31,3.18,2.68,1.98,3.55,2.8,4.99
00-0029692,Bryan Anger,DAL,P,1.0,78,measured,16.5,5.06,6.73,6.75,10.13,9.16,14.06,15.56,12.67,13.26,14.69,7.05,13.06,17.99,10.99,7.4,2.3,4.09,3.21,1.36,2.32,1.0,3.08,2.13,3.96,1.75,3.52,2.52,4.19,4.72,1.0,3.9,3.97,1.95,3.19,2.87,2.63,2.98,3.0,4.73,2.98,3.98,2.38,3.68,3.39,4.32,12.93,20.0,2.06
00-0033077,Dak Prescott,DAL,QB,1.0,1811,measured,14.2,7.68,8.94,10.79,10.08,10.7,11.8,14.19,16.23,14.39,18.4,10.95,10.22,7.74,5.31,7.06,12.71,12.53,16.65,18.33,13.6,11.36,13.21,17.1,3.13,4.77,2.88,1.72,3.12,4.64,2.64,4.31,2.82,3.79,3.13,2.94,3.26,2.35,1.95,4.29,3.67,3.98,3.73,3.45,2.82,1.34,3.46,2.9,2.71
00-0039398,Joe Milton III,DAL,QB,,85,prior,7.3,9.8,12.15,11.95,10.08,13.99,11.8,7.62,6.73,6.64,9.93,5.77,9.54,14.76,10.99,11.29,4.84,7.44,7.79,8.8,5.5,7.74,7.18,7.14,4.02,1.0,3.21,3.92,2.67,3.89,1.73,2.98,4.02,4.08,2.63,1.69,3.95,2.72,1.0,2.74,2.93,4.1,1.66,2.77,3.81,2.43,2.25,2.88,4.17
00-0037077,Sam Howell,DAL,QB,2.0,467,measured,8.2,9.26,9.87,12.25,10.08,11.1,11.8,7.58,8.05,8.51,10.83,11.19,8.41,14.23,10.99,11.29,9.67,7.74,11.86,6.78,7.79,7.11,6.44,8.64,3.56,4.45,2.26,3.3,2.39,2.6,1.97,3.02,2.84,1.3,1.0,2.7,3.72,3.3,3.15,1.57,2.87,3.43,2.37,1.99,4.09,1.33,3.24,1.82,2.99
00-0038705,Emari Demercado,DAL,RB,3.0,413,measured,11.8,13.3,13.71,13.05,9.24,13.65,11.8,10.45,10.82,8.18,11.84,12.48,9.03,7.23,5.69,17.52,4.31,2.94,2.09,2.56,2.01,4.51,3.24,13.88,10.61,8.84,13.75,12.21,4.42,7.44,7.75,6.76,5.78,7.76,2.6,6.17,4.77,1.28,5.68,2.8,3.24,3.72,1.89,2.06,4.56,2.62,3.77,1.0,10.17
00-0038389,Israel Abanikanda,DAL,RB,,34,prior,8.9,13.51,13.94,12.95,9.16,13.78,11.8,9.42,6.53,7.32,6.66,10.95,7.85,12.15,10.99,13.87,2.05,2.15,2.83,3.3,1.99,1.46,3.14,12.36,6.42,5.47,5.51,7.94,4.42,7.39,8.23,1.0,6.88,1.0,1.92,2.12,4.21,2.87,2.9,3.05,3.39,1.97,3.97,3.43,2.07,2.21,5.91,3.5,14.47
00-0036997,Javonte Williams,DAL,RB,1.0,1291,measured,12.8,13.29,14.42,15.32,11.33,14.91,11.8,12.98,7.18,10.65,12.13,5.48,9.87,15.36,15.38,8.07,3.9,2.87,3.38,4.53,3.65,3.6,5.8,12.91,14.06,11.74,14.77,7.37,3.72,8.34,8.75,9.42,6.12,10.42,4.62,4.64,4.08,2.57,3.19,2.29,3.45,3.88,1.0,2.82,4.54,2.96,3.11,2.81,11.42
00-0037563,Malik Davis,DAL,RB,2.0,139,measured,10.5,14.18,14.43,13.37,8.47,13.94,11.8,10.63,9.23,8.01,8.09,7.89,10.21,7.29,16.85,11.29,3.13,4.42,3.0,3.87,5.13,2.52,2.05,9.2,10.04,9.31,9.64,5.75,2.91,3.48,1.94,3.04,6.94,4.04,2.61,2.88,1.03,2.15,1.92,3.31,2.01,3.49,1.71,1.6,2.61,3.1,3.59,2.66,12.75
00-0040045,Alijah Clark,DAL,S,2.0,33,prior,9.0,14.31,14.71,13.79,7.64,13.26,11.8,8.47,7.98,8.0,5.85,11.42,12.24,7.07,15.12,15.41,2.5,3.32,3.54,4.95,3.62,3.13,1.0,3.33,2.45,3.67,3.13,3.79,3.9,2.18,3.33,2.24,3.99,1.97,1.21,4.01,3.2,13.18,11.06,11.25,4.98,5.98,9.15,5.96,2.41,2.8,4.19,5.16,9.8
00-0035705,Jalen Thompson,DAL,S,1.0,1904,measured,12.0,13.89,14.3,14.19,6.97,13.89,11.8,12.65,8.53,9.47,11.14,11.98,9.23,7.53,5.88,15.13,5.21,2.03,3.88,4.72,5.47,3.28,3.82,1.27,2.18,2.37,2.93,2.18,4.24,3.08,2.69,1.55,1.92,3.33,3.41,3.2,1.41,6.42,12.8,18.38,9.56,10.56,8.95,12.77,3.57,3.69,1.55,3.61,9.8
00-0033877,Malik Hooker,DAL,S,1.0,1575,measured,9.9,12.8,13.82,13.53,8.51,14.29,11.8,11.74,8.92,4.41,12.92,7.81,10.99,7.31,15.62,14.17,2.86,3.18,3.59,3.83,2.52,2.67,3.83,2.07,1.96,2.88,1.26,3.45,3.54,4.1,1.68,2.5,3.71,3.31,3.54,6.19,1.11,10.63,7.5,11.39,8.12,9.12,9.41,9.15,2.87,3.06,4.18,3.45,9.8
00-0037561,Markquese Bell,DAL,S,3.0,610,measured,13.3,13.65,14.98,13.94,8.7,15.28,11.8,11.52,12.11,11.57,8.98,18.07,10.82,8.19,17.2,11.29,3.89,3.63,4.49,2.09,4.05,1.76,3.55,4.01,2.08,3.54,1.0,4.51,1.0,1.39,2.92,2.51,3.53,2.55,2.94,4.58,4.43,11.45,16.75,14.86,10.99,11.99,9.47,16.13,2.93,1.43,1.78,2.21,9.8
00-0035227,P.J. Locke,DAL,S,2.0,1035,measured,13.2,12.91,13.19,14.68,7.86,13.56,11.8,12.53,10.55,10.28,9.85,15.55,10.98,11.87,14.45,17.57,3.87,3.74,5.31,4.35,1.64,1.0,4.12,1.0,3.54,3.45,4.13,5.22,3.71,5.02,3.44,2.86,3.57,5.42,2.73,2.93,2.28,10.47,9.74,12.99,15.98,16.83,9.22,10.62,1.51,1.68,3.25,2.09,9.8
00-0039530,Brevyn Spann-Ford,DAL,TE,2.0,456,measured,10.8,9.73,10.87,10.35,10.97,11.65,11.8,7.55,8.47,8.79,5.52,12.32,12.68,14.76,10.99,11.29,3.82,1.9,2.49,2.89,4.5,1.79,3.29,6.59,1.88,12.25,14.91,8.03,7.79,12.04,11.6,12.29,9.65,10.13,1.35,4.46,4.23,4.44,3.26,3.0,5.0,2.11,2.65,2.1,1.66,4.41,3.06,1.89,3.74
00-0040938,DJ Rogers,DAL,TE,5.0,0,prior,9.1,11.32,12.57,12.16,9.31,13.6,11.8,8.29,6.49,5.12,5.07,11.48,14.42,10.31,10.99,11.29,2.62,2.16,1.34,3.07,3.29,3.45,3.64,6.67,3.81,7.11,9.77,8.1,8.66,8.18,7.9,10.23,8.86,8.08,2.62,2.53,3.14,2.49,2.76,2.41,4.6,2.36,1.4,2.81,3.54,3.0,2.16,2.08,5.54
00-0038041,Jake Ferguson,DAL,TE,1.0,1482,measured,12.8,9.2,11.1,11.83,7.5,11.95,11.8,9.34,13.41,13.17,10.94,10.01,15.14,12.65,13.74,16.85,2.33,2.23,1.93,4.12,2.51,3.81,4.05,4.35,3.55,6.21,8.86,14.48,15.42,14.08,12.99,15.43,12.79,13.27,1.52,3.46,2.03,2.35,2.37,3.56,3.57,4.53,3.06,2.11,3.26,4.45,3.63,3.21,1.49
00-0037282,James Mitchell,DAL,TE,,116,measured,9.5,11.06,12.34,11.96,9.7,13.39,11.8,8.72,8.31,5.79,7.0,9.53,9.48,15.18,7.31,14.41,2.37,3.77,2.62,3.54,2.48,3.28,4.13,8.84,3.59,4.73,7.39,14.73,6.49,5.94,4.94,9.9,11.42,7.74,3.19,2.52,3.01,1.78,3.23,3.48,2.5,2.94,1.47,3.42,2.03,3.04,1.71,5.28,1.77
00-0038547,Luke Schoonmaker,DAL,TE,3.0,766,measured,8.7,11.85,14.64,12.6,9.53,14.17,11.8,9.04,5.85,4.87,10.63,10.94,7.63,15.84,10.99,11.29,1.9,2.77,3.76,2.1,5.11,2.16,2.87,15.35,3.98,6.07,8.73,9.31,12.33,7.81,6.7,5.95,8.7,3.8,3.77,2.66,3.14,3.69,3.45,3.77,1.6,2.18,1.81,2.55,2.79,3.05,3.91,2.29,1.24
00-0040939,Michael Trigg,DAL,TE,,0,prior,9.1,11.64,12.86,12.42,8.82,13.87,11.8,8.11,9.21,7.36,7.22,14.43,7.06,10.31,10.99,11.29,4.22,3.43,2.96,2.21,3.9,3.42,4.32,6.67,4.98,7.11,9.77,8.1,8.66,8.18,7.9,10.23,8.86,8.08,3.75,2.69,3.14,1.55,2.26,3.76,2.87,3.81,1.23,2.4,3.49,2.08,2.14,2.47,1.59
00-0040702,Mitch Van Vooren,DAL,TE,,0,prior,9.4,11.17,12.45,12.26,9.05,13.53,11.8,8.36,6.93,9.56,5.8,11.59,4.85,10.31,10.99,11.29,2.27,1.59,1.51,4.21,2.49,2.27,4.89,6.43,3.25,2.05,4.7,19.4,5.68,4.19,4.19,8.8,11.85,6.64,3.5,4.12,2.94,3.09,4.23,1.52,3.72,2.44,2.85,2.43,3.8,3.73,4.17,2.64,3.76
00-0038735,Princeton Fant,DAL,TE,4.0,5,prior,9.5,11.62,12.81,11.97,9.83,13.74,11.8,10.16,10.17,8.63,7.36,7.0,11.03,15.84,10.99,11.29,2.25,3.62,2.18,2.97,3.6,2.85,3.79,6.44,3.62,2.41,5.07,19.4,5.72,4.22,4.22,8.64,11.67,6.49,2.73,2.14,4.17,2.22,1.2,3.28,4.11,4.1,1.05,2.26,1.95,3.52,2.67,3.82,3.41
00-0040900,Anthony Smith,DAL,WR,,0,prior,8.6,14.83,15.51,14.18,6.47,15.01,11.8,7.97,13.24,6.55,5.69,13.28,10.13,10.31,10.99,11.29,2.71,3.6,3.01,4.32,3.47,3.63,4.04,7.74,4.38,6.92,5.85,5.06,4.59,6.31,6.34,2.43,2.91,3.43,4.92,1.82,4.08,3.06,2.92,3.14,3.34,2.22,2.54,2.03,2.79,2.27,1.95,3.41,12.74
00-0040930,Camden Brown,DAL,WR,2.0,0,prior,10.0,14.48,15.29,13.85,6.91,15.06,11.8,8.08,7.96,10.57,6.31,11.77,12.05,10.31,10.99,11.29,2.56,3.08,2.68,4.6,2.71,2.51,1.25,11.51,5.45,7.53,6.45,9.59,6.85,7.31,7.53,3.3,4.36,1.52,3.02,1.0,2.06,2.54,3.43,4.64,1.75,1.98,2.97,4.2,1.66,3.01,3.87,2.55,15.64
00-0036358,CeeDee Lamb,DAL,WR,1.0,1604,measured,14.2,14.31,15.21,14.03,5.5,14.19,11.8,11.65,9.9,11.49,10.97,6.02,14.08,12.05,5.5,15.17,2.75,5.14,3.09,2.53,2.94,2.27,2.96,12.46,13.81,13.33,12.26,10.43,13.55,16.06,17.03,2.23,3.84,2.46,3.86,3.12,3.15,3.52,3.67,4.48,3.36,3.14,1.0,1.99,1.59,3.12,2.99,1.84,9.98
00-0037247,George Pickens,DAL,WR,1.0,1777,measured,13.3,15.01,15.82,14.06,6.67,13.68,11.8,13.05,11.35,15.14,10.16,8.07,9.75,13.81,7.11,6.6,3.81,4.33,1.23,3.29,2.56,3.55,2.14,4.48,13.95,14.97,13.9,12.01,15.25,12.56,10.34,2.82,2.2,3.33,2.62,4.17,2.57,3.43,2.22,2.26,3.35,2.96,3.33,2.5,4.2,2.41,2.8,2.97,9.06
00-0039062,Jonathan Mingo,DAL,WR,2.0,763,measured,9.6,15.24,16.85,12.86,11.33,17.43,11.8,9.27,9.06,9.92,7.02,9.08,10.77,15.84,10.99,4.05,3.0,1.83,1.81,2.18,3.92,3.18,3.05,8.65,4.01,5.86,4.79,6.1,6.12,7.87,8.61,3.59,4.27,1.1,2.33,4.59,1.87,1.03,2.63,1.8,3.39,1.0,2.24,2.43,1.87,2.19,1.86,1.42,14.68
00-0040934,Jordan Hudson,DAL,WR,,0,prior,8.6,14.74,15.38,13.82,6.9,15.04,11.8,9.41,9.62,10.25,3.85,7.66,9.66,10.31,10.99,11.29,1.28,4.43,1.54,4.22,3.84,3.84,2.51,7.61,4.36,7.0,5.93,5.54,4.66,6.25,6.26,1.67,3.37,4.2,3.31,4.31,3.61,2.62,4.81,4.25,1.84,3.05,4.19,1.83,2.27,3.44,2.93,3.19,13.17
00-0037801,KaVontae Turpin,DAL,WR,2.0,602,measured,13.7,16.17,15.51,13.6,6.12,14.23,11.8,13.63,9.63,10.22,9.83,10.05,10.57,13.91,7.51,7.71,4.02,2.53,2.05,2.24,1.64,3.59,3.76,4.99,13.16,16.13,15.06,7.85,10.1,15.37,18.26,2.54,2.97,4.59,2.97,3.25,3.47,2.75,3.17,4.17,2.29,2.81,2.59,2.59,3.11,2.85,2.96,2.89,17.29
00-0039410,Ryan Flournoy,DAL,WR,1.0,540,measured,13.9,15.7,17.59,13.54,9.5,17.7,11.8,11.26,12.0,12.14,8.04,14.15,9.8,14.76,10.99,5.58,4.24,2.76,3.01,1.33,3.74,2.57,3.06,11.97,11.71,13.6,12.52,14.89,10.15,12.63,13.18,3.77,3.69,2.98,2.28,3.6,3.91,3.79,2.8,1.0,2.97,4.07,3.49,2.36,3.35,1.63,2.79,2.83,14.07
00-0038649,Alex Forsyth,DEN,C,2.0,311,measured,10.0,4.37,3.76,6.37,13.48,1.99,11.8,8.19,7.99,7.23,8.11,7.62,14.97,14.76,10.99,11.29,2.36,3.48,1.71,2.81,3.26,3.57,3.02,2.71,3.13,2.51,3.54,2.47,2.87,1.76,4.38,9.91,10.39,4.37,4.0,2.34,3.67,3.16,4.4,3.04,2.26,4.08,3.57,3.15,2.28,1.37,4.29,4.4,2.13
00-0037278,Luke Wattenberg,DEN,C,1.0,1480,measured,14.8,3.65,6.9,8.18,12.9,9.62,11.8,12.91,14.06,10.08,8.03,9.05,13.8,8.48,17.65,14.86,2.33,1.0,1.29,4.76,2.87,3.17,1.36,2.89,2.02,2.73,3.49,4.11,3.14,4.32,2.62,15.58,18.12,3.7,2.93,2.09,3.18,2.75,4.04,1.32,1.5,2.01,3.84,2.24,3.33,2.71,3.42,3.91,4.25
00-0035686,Michael Deiter,DEN,C,3.0,435,measured,12.7,2.84,4.67,3.76,10.67,7.62,11.8,11.38,11.45,11.43,9.19,13.13,13.68,13.74,14.47,7.29,4.24,2.85,2.87,1.76,2.25,1.0,2.64,2.98,4.9,5.12,4.09,1.6,1.44,1.22,2.02,12.64,17.41,3.83,1.78,2.94,4.18,3.08,1.78,2.71,3.5,2.89,4.47,2.2,2.84,2.14,3.67,2.66,3.26
00-0041289,Brent Austin,DEN,CB,,0,prior,8.5,15.07,15.52,13.9,6.38,14.67,11.8,10.44,9.67,7.49,6.22,12.43,8.18,10.31,10.99,11.29,1.88,2.84,2.61,1.0,3.53,2.83,2.06,4.07,3.65,3.63,3.34,2.08,4.66,4.06,3.46,4.09,1.09,3.83,2.81,4.44,1.35,7.37,11.98,14.62,4.56,4.56,9.76,3.77,1.0,1.86,3.14,3.71,6.16
00-0037384,Ja'Quan McMillian,DEN,CB,1.0,1518,measured,11.5,15.05,15.51,13.7,6.81,14.87,11.8,10.59,8.09,13.1,10.41,7.94,10.86,16.96,10.99,11.29,1.17,2.82,2.95,5.48,1.89,1.2,3.71,2.02,2.35,1.71,1.32,1.92,3.36,1.59,2.51,4.07,2.14,1.97,3.19,3.24,2.9,4.37,12.77,11.11,10.04,10.04,9.88,9.26,3.73,2.42,1.61,2.12,9.25
00-0040720,Jahdae Barron,DEN,CB,2.0,305,measured,12.3,16.86,16.32,13.54,7.52,14.27,11.8,11.06,10.83,9.03,7.98,12.01,8.5,13.04,10.99,11.29,4.56,4.17,2.93,2.45,4.43,4.91,2.49,3.61,2.86,3.49,2.74,3.48,2.34,4.68,3.49,1.75,2.38,3.34,4.22,3.47,3.25,7.18,11.26,14.5,10.96,10.96,10.1,9.53,3.07,2.79,3.15,2.95,18.24
00-0039371,Kris Abrams-Draine,DEN,CB,2.0,268,measured,10.2,15.7,15.83,13.94,6.27,13.69,11.8,10.84,9.56,8.1,7.0,14.32,10.77,14.76,10.99,11.29,2.58,4.25,1.78,4.32,3.15,3.44,1.47,1.8,3.66,1.17,3.22,2.98,1.85,2.34,4.01,3.01,3.55,2.43,2.93,2.23,4.41,6.19,11.23,16.54,7.54,7.54,9.72,7.09,1.81,2.13,3.11,3.93,16.6
00-0036874,Pat Surtain II,DEN,CB,1.0,1886,measured,13.9,16.16,17.67,13.92,9.0,17.4,11.8,13.31,12.28,11.94,10.28,14.08,12.7,12.21,5.54,15.11,1.67,3.15,3.19,3.44,3.26,4.31,3.32,3.24,3.21,2.12,3.18,2.39,3.06,2.81,2.92,1.0,2.43,4.57,3.07,3.92,3.81,4.1,3.65,9.87,14.04,14.04,10.54,16.07,1.5,3.45,4.07,2.67,10.48
00-0038552,Riley Moss,DEN,CB,1.0,1544,measured,14.7,15.47,16.56,13.81,6.86,16.98,11.8,11.95,17.73,14.35,10.45,11.8,13.99,12.59,13.83,7.29,3.66,3.16,4.03,2.48,1.65,2.44,3.06,2.48,3.23,3.62,2.98,3.92,3.28,3.7,3.6,3.29,1.83,2.12,1.99,2.11,1.72,11.08,11.31,14.68,16.41,16.35,9.9,12.32,2.64,4.45,2.81,3.54,11.59
00-0040679,Sean Fresch,DEN,CB,,0,prior,8.5,15.04,15.44,13.59,6.95,14.83,11.8,7.97,12.58,10.06,5.34,9.58,9.04,10.31,10.99,11.29,2.36,3.17,2.04,3.11,3.92,3.06,4.19,3.4,4.22,2.24,1.7,4.25,2.3,5.35,3.95,3.32,4.05,1.99,2.96,5.0,2.71,7.37,11.98,14.61,4.56,4.56,9.93,3.77,4.08,2.01,3.95,3.29,6.16
00-0033297,D.J. Jones,DEN,DT,1.0,938,measured,13.2,4.86,5.99,5.21,12.92,7.73,11.8,14.04,11.41,15.11,10.45,14.12,10.98,7.02,18.92,15.07,4.34,2.57,2.29,2.15,1.51,3.07,2.88,2.66,2.78,2.56,2.51,1.19,3.99,4.49,1.96,2.53,2.95,4.47,9.88,8.11,15.01,18.18,17.96,4.5,3.24,4.47,3.96,3.03,2.09,3.74,3.1,3.45,3.77
00-0039177,David Agoha,DEN,DT,,0,prior,6.7,9.83,12.23,12.07,10.91,14.16,11.8,8.24,5.57,1.69,7.23,12.68,11.76,10.31,10.99,11.29,2.67,3.2,3.24,4.59,2.1,2.41,2.76,3.26,2.92,3.26,2.2,3.34,3.88,3.67,2.47,2.98,2.23,3.78,4.11,4.78,6.76,5.39,4.19,14.13,3.98,4.28,2.53,2.67,4.24,2.53,1.92,4.7,2.37
00-0038106,Eyioma Uwazurike,DEN,DT,2.0,412,measured,11.4,4.95,6.42,5.84,12.45,11.16,11.8,11.98,10.03,10.28,6.66,7.37,10.99,15.31,10.99,7.62,1.9,3.62,3.19,3.77,3.06,3.46,2.91,1.74,2.42,2.07,3.71,3.14,3.24,1.0,2.73,1.66,1.5,2.76,12.82,11.25,9.68,11.27,15.3,7.74,3.53,4.46,3.19,2.64,5.22,2.69,3.12,5.76,3.79
00-0037294,Jordan Jackson,DEN,DT,2.0,265,measured,8.0,6.69,8.33,7.97,12.1,10.49,11.8,9.47,7.26,6.61,8.78,14.15,12.35,14.76,10.99,11.29,1.45,2.57,1.99,3.28,3.67,2.67,1.98,3.83,1.77,5.68,1.21,2.72,4.43,1.92,2.64,2.1,4.38,1.33,8.26,7.41,5.84,6.85,7.89,7.95,3.56,3.81,2.91,1.0,3.48,3.99,1.84,4.64,1.53
00-0035763,Malcolm Roach,DEN,DT,1.0,803,measured,14.3,8.71,9.81,7.9,10.0,10.22,11.8,13.24,12.84,16.47,11.38,12.46,11.57,7.66,17.53,17.41,1.19,4.05,2.37,3.2,3.35,3.31,4.23,2.67,2.75,2.94,4.33,3.35,4.13,2.84,2.21,2.56,3.22,4.73,13.1,13.7,16.56,17.8,16.76,6.74,3.75,2.29,2.69,3.99,3.25,2.03,2.16,2.54,2.46
00-0037303,Matt Henningsen,DEN,DT,4.0,94,prior,8.9,7.22,8.62,7.88,12.94,10.94,11.8,9.4,4.65,6.65,8.98,10.94,10.88,12.5,10.99,11.29,4.44,2.77,3.71,1.43,2.99,3.66,1.42,3.52,4.4,1.0,2.62,3.04,2.62,1.27,1.87,4.27,3.63,5.72,8.41,7.45,8.45,7.69,7.67,11.83,3.24,1.68,4.44,2.97,3.83,2.28,4.23,3.65,2.0
00-0040153,Sai'vion Jones,DEN,DT,3.0,29,prior,7.7,7.25,10.37,8.64,9.5,12.85,11.8,7.88,5.49,5.27,7.04,14.44,12.95,13.04,10.99,11.29,3.52,1.36,4.27,4.32,4.1,3.45,2.89,2.88,4.48,2.24,2.52,3.29,2.09,3.23,4.01,2.84,1.0,2.97,7.39,7.65,8.43,6.13,4.22,12.67,3.25,3.42,4.58,3.74,4.25,3.11,3.18,2.83,3.2
00-0041552,Tyler Onyedim,DEN,DT,3.0,0,prior,10.2,7.15,8.37,7.79,12.98,11.28,11.8,6.87,8.88,8.15,5.94,4.53,11.7,10.31,10.99,11.29,4.6,3.28,3.75,3.69,4.2,3.15,4.0,2.65,3.76,2.6,3.45,3.21,3.34,1.04,3.44,2.87,1.52,2.0,12.64,11.65,9.28,7.55,7.66,9.87,2.42,2.91,2.63,1.19,3.53,2.52,4.52,3.7,2.86
00-0035248,Zach Allen,DEN,DT,1.0,1724,measured,15.1,6.3,7.96,10.25,12.46,11.08,11.8,13.44,13.65,11.7,9.67,7.98,6.12,8.35,4.68,7.44,1.34,4.5,4.15,2.39,2.85,3.32,1.56,2.03,3.22,2.92,3.61,1.92,4.33,3.71,1.0,1.58,2.31,3.94,19.05,17.94,17.62,14.51,9.94,5.52,4.77,2.6,2.72,2.78,2.27,3.35,2.58,2.24,2.14
00-0037799,Dondrea Tillman,DEN,EDGE,1.0,538,measured,11.3,11.24,13.04,12.31,10.72,14.05,11.8,12.99,7.81,9.85,9.91,10.99,8.17,14.76,10.99,11.29,2.12,1.85,2.8,5.37,1.0,1.64,1.78,3.52,1.95,3.11,2.09,2.21,4.44,3.09,5.49,2.3,3.53,2.01,9.45,9.79,11.72,14.64,13.23,11.54,5.8,6.8,3.32,4.04,2.39,2.07,3.57,2.0,2.75
00-0040452,Johnny Walker Jr.,DEN,EDGE,,0,prior,6.8,11.2,12.75,11.85,11.1,13.75,11.8,7.49,6.32,6.66,6.85,11.33,12.63,10.31,10.99,11.29,2.57,3.59,2.75,3.71,2.86,4.16,3.2,4.75,3.2,1.89,2.15,3.47,4.05,5.26,2.84,4.01,3.53,2.73,4.89,5.08,4.99,4.99,3.99,13.67,5.8,6.8,3.23,2.63,5.26,2.34,1.12,1.89,3.94
00-0039809,Jonah Elliss,DEN,EDGE,2.0,562,measured,10.8,11.45,12.84,11.98,11.23,13.76,11.8,8.16,7.99,7.82,7.3,14.33,8.77,8.23,14.8,11.29,2.61,3.57,2.21,2.97,3.07,3.38,3.21,3.78,2.25,2.59,1.65,2.77,3.52,2.71,2.74,4.0,3.4,3.8,9.04,9.28,10.87,13.02,12.06,11.76,5.8,6.8,2.37,2.36,4.12,3.76,2.54,4.03,4.53
00-0037249,Nik Bonitto,DEN,EDGE,1.0,1310,measured,15.4,13.48,13.78,13.31,10.68,14.17,11.8,13.81,14.55,15.7,9.35,15.1,10.43,15.18,7.29,14.09,1.75,2.76,2.99,3.45,2.88,3.91,4.23,1.69,2.31,3.05,3.88,1.93,3.31,4.24,2.86,4.78,2.52,1.99,18.16,19.3,15.71,11.42,11.39,12.32,5.8,6.8,3.88,3.1,2.01,2.6,4.1,3.57,3.67
00-0040168,Que Robinson,DEN,EDGE,3.0,138,measured,8.9,11.72,13.6,13.04,10.52,14.61,11.8,6.97,8.85,7.37,4.84,9.94,12.22,13.04,10.99,11.29,3.0,4.09,1.41,3.23,2.32,1.66,3.72,1.26,3.62,3.66,1.72,3.05,3.34,5.31,3.58,2.27,2.42,2.82,6.92,7.5,8.1,8.77,6.39,12.61,5.8,6.8,3.31,3.56,2.91,3.26,4.48,2.45,3.56
00-0036727,Adam Prentice,DEN,FB,,408,measured,9.5,9.66,10.85,9.8,9.89,12.07,11.8,10.69,4.23,2.46,9.55,10.82,11.73,14.36,14.56,14.41,4.52,3.48,2.09,4.06,2.82,1.75,2.9,7.33,4.32,2.91,11.33,5.12,2.53,3.7,1.61,9.45,8.03,10.45,2.66,4.46,3.52,1.5,2.43,2.25,2.03,3.69,2.4,2.91,2.73,2.18,3.83,3.63,5.67
00-0032569,Wil Lutz,DEN,K,1.0,71,measured,13.8,8.78,9.96,8.98,9.88,11.32,11.27,12.76,11.59,10.92,14.14,13.24,8.33,16.96,10.99,11.29,2.69,3.92,3.55,2.03,3.28,2.44,5.1,3.27,2.71,3.31,3.58,3.54,3.54,1.88,3.74,1.47,4.14,2.67,4.63,3.42,1.44,2.91,1.4,2.22,1.79,2.76,4.63,4.19,12.45,15.18,1.45,3.87,3.13
00-0031898,Alex Singleton,DEN,LB,1.0,1520,measured,13.6,10.55,11.53,11.01,10.73,12.63,11.8,13.62,13.62,11.52,12.97,10.53,13.2,15.36,14.53,11.29,4.75,4.14,4.55,2.83,2.29,3.18,2.26,4.01,3.06,3.21,4.29,2.99,3.97,1.15,4.33,3.94,1.95,2.71,10.7,9.95,8.59,12.56,16.6,14.46,14.92,16.35,2.0,10.73,4.04,4.54,2.41,2.38,1.84
00-0040634,Jordan Turner,DEN,LB,3.0,20,prior,10.0,12.02,12.77,11.96,10.31,13.39,11.8,6.94,6.03,7.7,6.17,6.22,13.52,13.04,10.99,11.29,4.38,4.01,4.27,3.36,3.14,4.2,1.36,2.93,2.07,2.99,3.75,4.51,3.64,3.9,2.4,3.56,2.56,2.61,6.84,6.76,7.59,10.02,12.79,12.61,7.49,8.99,2.73,2.75,5.49,3.78,4.16,3.79,2.79
00-0036428,Justin Strnad,DEN,LB,1.0,967,measured,12.5,9.44,9.61,11.11,9.66,9.07,11.8,12.15,8.83,6.79,9.31,6.72,11.28,15.36,17.31,14.09,3.06,2.18,2.42,3.02,3.81,2.1,2.34,1.94,2.8,2.78,3.27,3.38,4.89,3.31,4.23,3.88,3.1,2.07,16.46,15.7,10.39,13.16,11.1,9.98,15.67,16.99,4.46,9.91,2.26,2.07,1.47,2.9,1.82
00-0040449,Karene Reid,DEN,LB,2.0,4,prior,9.6,11.91,12.46,11.54,10.43,13.07,11.8,8.14,10.13,7.15,5.9,18.29,10.2,6.65,4.74,11.29,3.12,3.41,3.77,2.61,2.69,1.36,2.64,2.84,2.76,3.92,3.29,2.08,3.09,2.48,1.0,1.54,2.99,3.65,14.62,14.46,5.46,6.96,12.84,12.07,4.96,6.46,3.16,2.01,2.81,2.57,5.25,4.43,2.12
00-0039565,Levelle Bailey,DEN,LB,2.0,13,prior,9.7,12.07,12.92,12.46,9.41,13.3,11.8,7.76,7.26,3.16,6.54,12.93,5.83,14.76,10.99,11.29,2.24,3.19,1.0,3.88,2.24,1.73,1.33,3.67,2.85,4.64,3.07,2.47,3.63,2.76,3.23,4.68,2.0,3.26,14.38,14.63,5.48,7.7,11.88,12.35,6.06,7.56,2.89,2.07,3.07,2.91,3.4,3.32,4.89
00-0041134,Red Murdock,DEN,LB,,0,prior,12.0,12.03,12.78,11.95,10.4,13.43,11.8,9.68,7.63,8.11,7.42,16.37,17.07,10.31,10.99,11.29,4.09,3.68,1.0,3.01,2.56,2.72,2.64,2.92,1.98,3.48,3.28,2.5,3.01,3.94,3.39,2.43,2.99,3.74,5.27,5.16,14.52,14.23,14.5,15.74,7.22,8.72,3.86,5.44,2.81,2.96,4.15,3.25,3.01
00-0041290,Luke Basso,DEN,LS,,0,prior,8.5,10.6,11.56,10.69,9.71,12.54,13.65,9.21,7.52,6.95,8.17,9.54,12.02,10.31,10.99,11.29,2.19,2.79,3.44,3.82,1.72,4.2,3.37,2.97,3.96,1.44,2.72,3.83,1.18,3.07,1.94,2.04,2.37,4.0,1.06,2.28,2.89,4.14,2.27,3.52,4.32,2.72,3.33,4.04,2.47,2.76,2.86,1.54,2.18
00-0036943,Mitchell Fraboni,DEN,LS,,1,prior,7.4,9.95,10.91,10.13,9.71,12.03,10.66,10.51,4.62,8.22,8.91,12.22,12.72,16.96,10.99,11.29,1.0,4.09,1.71,3.35,3.07,1.21,2.36,1.63,1.0,3.07,2.1,2.32,3.26,1.0,1.42,2.7,3.67,2.01,1.83,1.36,3.16,2.88,2.36,3.91,2.84,1.0,3.81,2.89,3.67,4.4,2.77,3.48,2.85
00-0034978,Ben Powers,DEN,OG,1.0,1577,measured,13.0,3.9,5.45,5.25,10.67,8.07,11.8,10.98,10.28,9.12,11.02,11.15,9.68,7.13,7.52,8.18,1.95,1.09,2.34,4.03,3.36,3.21,6.85,2.17,3.81,4.16,2.88,4.22,3.0,3.22,3.36,12.65,18.32,3.91,4.12,2.31,2.63,2.66,2.49,1.48,5.0,2.15,2.3,3.18,3.47,1.53,3.97,4.62,4.63
00-0035764,Calvin Throckmorton,DEN,OG,,269,measured,10.0,1.0,1.78,1.44,12.0,6.18,11.8,10.66,4.71,6.14,7.27,14.12,9.89,15.43,14.1,7.97,1.16,1.58,4.31,1.35,2.11,3.07,2.9,2.51,2.67,3.04,3.96,1.9,4.3,3.09,4.09,11.16,10.54,3.61,4.08,1.34,2.13,2.18,5.08,3.05,2.29,1.73,2.34,1.75,2.82,3.91,2.76,2.09,3.94
00-0041297,Gavin Ortega,DEN,OG,,0,prior,11.4,4.69,6.55,7.15,12.99,8.9,11.8,8.04,7.43,7.38,4.85,13.09,11.3,10.31,10.99,11.29,2.46,3.17,2.66,4.41,3.13,1.53,1.98,4.88,2.92,4.68,1.86,2.71,3.99,1.0,4.28,13.04,10.83,4.63,3.18,3.28,1.88,2.98,2.1,3.6,4.9,2.21,3.47,2.88,2.74,3.02,4.65,4.2,2.73
00-0041498,Kage Casey,DEN,OG,2.0,0,prior,11.1,4.0,6.04,4.36,13.11,8.9,11.8,11.6,8.12,4.9,7.76,7.02,14.25,10.31,10.99,11.29,3.47,3.27,2.53,1.48,3.58,4.05,4.33,5.06,2.09,4.02,1.73,5.02,2.51,3.9,3.46,9.75,13.65,2.91,2.97,3.0,3.91,3.47,2.77,2.83,2.9,2.25,2.32,3.44,3.53,1.0,3.65,3.9,3.1
00-0039438,Nick Gargiulo,DEN,OG,2.0,0,prior,9.9,4.42,6.25,6.47,13.11,8.9,11.8,9.38,5.71,6.95,7.83,10.88,5.84,10.31,10.99,11.29,3.2,4.07,3.12,2.18,1.93,4.8,3.9,1.6,4.41,3.5,2.45,1.65,4.5,3.08,4.23,6.43,13.65,1.63,3.19,6.03,1.11,4.38,1.68,3.45,2.16,2.81,2.32,2.62,2.04,5.92,3.75,4.22,2.87
00-0037001,Quinn Meinerz,DEN,OG,1.0,2167,measured,12.9,6.8,8.2,7.88,13.24,11.28,11.8,10.52,9.07,11.1,11.72,10.35,8.64,15.24,13.71,14.19,3.03,2.36,2.25,3.46,4.34,1.0,3.38,1.83,2.18,2.84,2.49,2.19,2.63,2.31,4.04,15.49,12.05,5.22,2.99,3.43,3.18,2.29,3.32,3.15,2.35,2.24,4.62,3.04,3.37,1.57,2.4,2.75,3.1
00-0038796,Alex Palczewski,DEN,OT,2.0,732,measured,12.4,4.49,6.3,5.49,12.08,8.76,11.8,11.02,12.43,8.94,6.56,15.06,11.29,6.82,6.72,6.6,3.76,3.19,3.52,4.26,4.69,2.92,4.11,3.05,2.63,2.78,3.84,4.88,3.81,2.04,1.85,15.51,13.26,2.36,3.44,3.61,4.17,4.03,3.49,3.2,1.48,2.37,1.8,2.79,2.58,3.66,2.73,4.25,2.09
00-0039568,Frank Crum,DEN,OT,3.0,59,prior,11.1,7.47,9.23,7.83,11.62,11.35,11.8,9.62,4.51,6.49,6.7,13.98,13.15,7.09,14.23,11.29,1.64,3.53,3.67,3.01,1.39,1.89,3.28,2.46,2.66,1.49,3.7,2.79,4.26,6.25,4.42,11.16,12.35,2.78,2.37,1.97,3.08,3.12,1.88,1.7,2.9,2.49,2.54,2.73,4.57,2.4,2.98,3.8,5.14
00-0033538,Garett Bolles,DEN,OT,1.0,2187,measured,12.7,5.13,7.22,7.67,12.6,7.63,11.8,12.05,11.43,7.47,12.58,14.74,11.99,15.43,7.48,7.83,4.4,4.54,4.11,3.2,2.37,2.68,2.52,2.17,5.21,1.0,1.49,2.77,3.52,3.17,3.8,14.97,13.43,3.96,2.44,2.38,1.83,2.83,2.06,5.49,4.64,3.27,2.01,3.19,2.99,3.06,4.12,2.97,4.12
00-0036392,Matt Peart,DEN,OT,2.0,234,measured,9.4,5.43,7.75,2.47,13.39,9.78,11.8,9.94,6.38,4.68,9.7,15.22,9.59,12.19,7.13,7.62,1.96,2.57,2.49,4.15,3.62,4.07,4.59,2.55,3.78,3.5,2.06,3.06,3.14,3.39,1.86,10.25,9.56,3.78,3.05,5.06,1.0,3.24,4.38,5.14,2.59,3.5,1.64,4.8,3.58,3.06,2.31,4.94,1.45
00-0034847,Mike McGlinchey,DEN,OT,1.0,1999,measured,10.9,2.57,4.25,4.67,12.46,7.36,11.8,9.29,6.89,8.38,12.03,12.18,14.51,11.85,6.22,15.88,3.2,2.43,2.84,3.01,2.45,3.98,2.5,3.68,2.86,4.11,4.49,3.97,2.75,3.33,2.61,14.38,10.71,3.69,2.55,3.36,4.27,2.5,4.2,1.69,2.82,3.02,4.97,5.59,3.64,2.86,3.93,4.84,4.02
00-0041296,Tyler Miller,DEN,OT,,0,prior,10.0,2.86,4.74,4.44,10.29,7.06,11.8,9.53,8.76,4.27,5.74,11.65,14.66,10.31,10.99,11.29,4.72,2.48,3.61,1.19,3.31,2.68,1.95,1.82,3.27,3.99,3.44,3.33,4.0,2.83,3.44,11.01,11.55,4.96,4.6,3.16,3.92,1.94,3.14,3.77,2.93,3.31,3.22,2.99,2.27,3.18,4.73,4.44,2.3
00-0040223,Jeremy Crawshaw,DEN,P,1.0,49,measured,8.0,9.11,10.49,9.72,10.13,12.13,11.43,7.97,3.79,7.79,8.18,8.64,11.16,13.04,10.99,11.29,3.71,1.77,3.32,1.41,3.65,3.55,2.89,4.01,3.38,3.42,2.41,2.59,3.19,2.27,3.23,1.8,2.16,2.14,2.64,1.68,3.21,2.43,2.15,1.3,3.34,4.52,3.78,3.5,2.92,3.48,8.71,7.34,1.98
00-0039732,Bo Nix,DEN,QB,1.0,1763,measured,11.9,9.66,9.99,12.06,10.08,10.9,11.8,10.47,10.96,8.95,10.06,8.17,12.86,14.76,10.99,11.29,18.11,9.14,9.03,11.98,8.67,19.56,9.9,18.18,2.82,10.76,4.14,4.85,2.5,3.67,3.17,4.38,3.98,2.31,3.52,3.58,2.13,3.36,2.15,4.78,2.86,1.69,2.97,3.01,2.5,3.29,4.47,2.5,3.93
00-0035264,Jarrett Stidham,DEN,QB,2.0,67,prior,8.8,8.47,8.47,10.52,10.08,9.83,11.8,10.91,8.89,8.79,10.86,13.36,14.73,16.96,10.99,11.29,4.79,8.38,12.27,7.9,7.83,8.65,8.88,7.36,2.35,1.0,2.46,1.98,2.83,4.57,1.0,3.32,2.02,2.37,1.98,3.44,3.15,2.83,3.41,3.49,2.51,2.8,3.84,3.15,3.04,2.95,3.63,3.96,3.99
00-0036879,Sam Ehlinger,DEN,QB,3.0,1,prior,7.4,8.8,9.9,11.13,10.08,13.99,11.8,7.74,7.16,6.12,9.98,10.3,12.22,13.73,10.99,7.29,4.61,6.75,8.27,9.15,4.72,6.06,8.89,7.25,2.93,1.0,1.25,3.71,1.95,3.33,1.69,2.15,4.13,4.64,3.63,3.55,3.71,3.25,2.74,2.7,1.47,4.41,1.15,3.93,5.55,1.66,2.45,3.96,1.56
00-0039703,Cody Schrader,DEN,RB,,1,prior,7.7,12.18,13.11,13.11,9.17,13.0,11.8,8.57,6.22,5.91,7.79,13.11,11.51,14.76,10.99,11.29,1.89,2.51,2.18,3.04,3.25,2.62,2.48,7.75,5.29,5.29,5.29,4.44,3.17,4.76,6.82,1.0,5.87,1.0,3.24,2.1,4.32,3.4,4.05,3.81,3.69,3.44,2.18,4.67,1.53,3.0,2.83,2.33,14.74
00-0036158,J.K. Dobbins,DEN,RB,1.0,676,measured,12.9,13.56,13.97,13.01,12.0,13.79,11.8,13.19,10.11,10.84,10.13,12.06,11.5,6.02,18.75,8.18,3.46,3.75,2.38,3.92,1.76,4.5,2.06,11.59,15.2,14.87,10.37,9.04,4.76,4.66,4.48,10.92,11.3,11.92,4.4,2.45,2.03,1.83,2.17,3.22,3.1,1.84,4.29,2.96,3.45,2.04,5.63,2.86,10.99
00-0041496,Jonah Coleman,DEN,RB,3.0,0,prior,10.7,12.85,13.34,12.82,11.33,13.51,11.8,9.05,9.02,10.03,7.17,14.03,10.46,10.31,10.99,11.29,3.95,3.89,2.61,2.88,1.24,2.45,3.21,17.79,8.48,8.4,8.21,10.13,2.02,6.57,7.43,2.72,6.77,3.72,3.33,2.12,1.12,2.59,1.0,4.1,3.5,2.6,1.82,2.66,4.11,2.83,3.29,3.71,12.79
00-0040730,RJ Harvey,DEN,RB,2.0,445,measured,10.9,16.62,17.18,12.93,8.0,16.55,11.8,10.57,11.45,8.77,6.71,11.07,9.99,13.04,10.99,11.29,5.04,2.26,2.8,4.26,1.65,2.83,3.42,17.08,5.51,9.45,7.7,8.02,4.0,12.53,11.75,1.43,8.35,2.43,4.23,2.6,3.43,1.73,2.81,2.54,2.34,3.8,2.55,3.83,2.9,4.62,3.18,2.36,14.02
00-0037085,Tyler Badie,DEN,RB,4.0,190,measured,10.8,15.47,15.08,14.53,7.73,13.34,11.8,12.02,7.43,9.08,6.98,9.94,9.16,6.57,14.88,4.84,4.53,1.71,3.75,2.08,2.88,2.28,3.09,12.39,9.32,7.94,8.39,8.22,1.0,9.97,10.45,4.89,8.28,5.89,3.01,2.61,3.98,2.47,1.51,3.12,2.5,1.59,2.35,3.29,3.45,2.35,2.11,3.14,13.86
00-0036221,Brandon Jones,DEN,S,1.0,1611,measured,15.4,14.14,14.97,13.32,6.99,14.24,11.8,14.27,11.71,12.46,10.28,11.17,18.61,16.63,14.37,7.39,1.36,3.69,1.69,1.71,2.12,2.16,1.52,3.25,3.06,2.71,2.99,3.04,1.98,2.01,2.56,1.98,2.89,2.81,2.39,2.62,3.13,14.3,16.1,15.65,15.3,16.25,8.96,15.99,2.13,1.39,3.67,4.92,9.8
00-0036683,Devon Key,DEN,S,2.0,225,measured,9.5,13.21,14.02,14.32,8.39,14.45,11.8,8.79,6.1,7.23,8.87,10.86,12.27,15.84,10.99,11.29,1.03,4.11,3.01,3.15,1.0,3.49,2.77,3.03,4.38,1.0,3.99,2.62,1.1,2.92,2.93,2.26,1.87,2.17,3.92,2.88,3.22,11.7,10.15,11.42,7.03,8.03,9.38,6.81,3.38,2.44,2.64,1.84,9.8
00-0038605,JL Skinner,DEN,S,2.0,43,prior,8.5,13.82,15.63,13.33,9.0,15.88,11.8,9.48,4.68,5.73,7.08,11.86,10.51,12.59,7.2,11.29,1.94,4.03,4.99,4.56,3.37,2.04,4.52,1.2,2.57,2.21,3.77,3.88,2.32,3.82,1.92,2.6,4.64,3.67,4.14,3.96,3.09,12.88,7.76,9.83,5.01,6.01,9.56,6.0,3.79,3.16,1.91,4.37,9.8
00-0041130,Miles Scott,DEN,S,,0,prior,10.7,13.34,13.95,15.0,8.41,14.46,11.8,9.26,5.64,9.28,6.57,11.68,12.51,10.31,10.99,11.29,2.64,5.04,5.5,1.51,3.28,3.49,2.75,2.85,2.23,4.03,2.71,3.16,3.96,2.06,1.89,1.45,1.75,1.36,3.79,2.73,3.67,9.59,10.27,15.11,8.8,9.8,9.38,10.74,4.57,3.18,4.11,3.16,9.8
00-0036564,Talanoa Hufanga,DEN,S,1.0,1435,measured,14.1,11.54,13.34,14.2,7.66,14.39,11.8,12.81,9.78,12.33,9.05,11.28,9.39,7.78,7.46,8.04,2.43,4.02,2.45,3.08,2.34,2.23,4.56,1.77,3.55,1.02,3.34,1.79,3.33,2.96,2.79,2.7,4.12,3.22,1.12,1.9,3.25,14.58,16.84,13.42,14.59,15.59,9.16,12.1,1.0,2.59,3.08,4.23,9.8
00-0035663,Taylor Rapp,DEN,S,,1001,measured,13.6,13.32,12.33,17.12,8.5,12.96,11.8,14.17,8.72,12.45,11.38,12.14,8.59,4.96,18.65,6.12,2.95,3.26,1.12,1.98,3.11,2.03,3.9,2.26,4.18,1.89,3.85,3.42,2.18,1.67,1.0,3.39,1.35,3.5,3.23,4.07,2.27,7.75,13.34,16.55,13.05,14.05,9.41,15.43,3.48,3.69,2.15,1.0,9.8
00-0037752,Tycen Anderson,DEN,S,3.0,63,prior,9.0,17.55,16.69,16.25,8.33,14.59,11.8,8.99,3.75,5.08,8.74,6.92,8.17,15.84,10.99,11.29,1.75,2.36,2.85,3.22,3.4,1.67,4.53,3.82,1.91,4.27,2.71,5.47,1.68,4.04,2.62,4.6,4.54,3.09,3.02,5.96,3.97,8.5,7.78,13.16,5.18,6.18,9.36,6.34,2.81,1.79,2.9,3.93,9.8
00-0036422,Adam Trautman,DEN,TE,2.0,1283,measured,10.6,8.78,9.61,14.78,9.0,12.36,11.8,10.91,7.4,6.18,9.7,10.27,5.67,16.56,14.27,13.82,3.24,3.79,2.56,3.47,2.71,2.64,2.26,12.96,1.0,13.9,16.56,9.19,13.59,8.37,10.9,10.39,11.78,8.23,2.94,2.73,2.23,3.26,1.0,4.16,3.67,4.99,3.94,3.66,2.84,1.02,1.93,2.43,1.72
00-0040240,Caleb Lohner,DEN,TE,5.0,0,prior,9.3,10.55,11.93,12.2,9.02,13.13,11.8,7.99,8.67,7.33,5.02,8.41,12.64,10.31,10.99,11.29,2.04,4.74,4.15,3.03,3.22,3.29,2.5,7.87,2.23,2.03,4.69,19.4,5.66,4.21,4.21,8.64,11.71,6.49,2.29,3.34,2.82,3.51,4.29,1.43,3.98,3.21,2.47,4.22,4.08,3.62,1.45,4.45,2.1
00-0041133,Dallen Bentley,DEN,TE,4.0,0,prior,9.5,12.0,12.49,11.36,12.46,13.57,11.8,8.37,6.92,5.61,4.49,12.17,7.71,10.31,10.99,11.29,4.78,1.37,3.73,4.67,4.62,2.71,2.99,7.93,3.35,7.1,9.76,8.11,8.56,8.18,7.91,10.01,8.84,7.86,3.34,5.55,3.28,4.52,2.77,2.02,3.88,2.88,2.67,1.96,2.59,1.91,2.27,2.96,3.28
00-0033881,Evan Engram,DEN,TE,1.0,1058,measured,12.3,14.86,15.05,13.31,9.5,14.08,11.8,13.63,12.17,10.96,11.74,11.79,11.52,6.78,7.65,7.87,4.15,3.03,2.85,1.31,3.83,3.9,2.82,14.76,2.63,5.53,8.19,15.84,12.65,17.51,17.46,6.94,10.02,4.78,2.95,2.61,3.65,3.83,1.83,2.25,3.37,3.9,5.13,3.44,1.27,3.37,2.54,4.45,2.95
00-0037539,Lucas Krull,DEN,TE,,302,measured,9.5,10.0,11.41,11.59,10.33,12.63,11.8,9.77,9.73,4.91,8.34,9.58,6.04,5.52,17.31,11.29,4.46,2.96,3.36,3.26,3.94,2.78,2.21,7.94,1.13,4.15,6.81,11.83,8.39,7.53,5.77,9.16,12.65,7.01,1.0,4.87,4.53,1.91,3.81,1.19,2.98,3.72,2.75,4.62,4.47,3.15,1.94,4.76,4.26
00-0038783,Nate Adkins,DEN,TE,3.0,469,measured,8.9,11.02,12.29,11.7,10.33,13.31,11.8,8.65,9.82,7.04,9.14,13.23,8.67,7.28,5.14,11.29,3.32,4.02,2.02,4.48,1.92,2.51,2.64,7.9,2.33,6.78,9.43,8.87,9.43,8.22,9.1,8.15,7.83,5.99,2.89,5.42,2.65,2.56,2.11,4.24,3.24,3.51,1.29,1.49,3.32,2.08,3.21,3.81,3.34
00-0034348,Courtland Sutton,DEN,WR,1.0,1850,measured,13.1,12.54,13.76,17.37,9.0,13.92,11.8,13.48,10.88,14.78,12.13,9.73,17.29,15.28,13.8,13.9,2.77,1.0,2.85,1.95,1.66,3.73,3.96,8.45,7.71,5.69,4.61,13.15,16.37,11.85,12.81,2.85,2.15,2.1,2.75,3.43,3.69,2.96,4.36,5.0,3.98,1.03,3.08,3.72,1.0,3.28,4.93,3.56,11.04
00-0041293,Dane Key,DEN,WR,,0,prior,8.5,14.17,15.17,13.82,6.99,15.09,11.8,9.93,5.07,6.62,7.29,17.76,15.05,10.31,10.99,11.29,2.51,3.29,2.54,1.0,3.07,2.71,4.11,7.61,4.36,7.0,5.93,5.54,4.66,6.25,6.26,3.13,2.81,3.84,2.38,2.03,1.86,2.63,3.05,2.46,3.88,2.71,1.84,3.02,3.27,4.37,4.33,3.36,12.94
00-0036613,Jaylen Waddle,DEN,WR,1.0,1450,measured,13.7,15.62,15.7,13.85,6.73,14.95,11.8,11.78,11.93,13.88,11.04,11.3,7.1,13.71,16.89,7.02,2.16,1.7,3.79,2.25,2.66,1.78,2.07,15.35,12.4,11.74,10.67,11.69,13.16,14.91,12.54,1.92,3.01,2.39,3.07,2.5,3.18,2.84,2.22,3.1,3.65,1.7,1.41,3.75,4.79,3.53,1.02,3.06,8.93
00-0041292,Kolbe Katsis,DEN,WR,,0,prior,8.8,15.43,15.81,14.48,6.01,14.94,11.8,7.48,9.69,8.82,7.66,11.28,11.38,10.31,10.99,11.29,2.9,2.85,3.99,2.85,3.6,2.45,3.55,7.61,4.36,7.0,5.93,5.54,4.66,6.25,6.26,3.34,3.95,3.12,2.46,2.44,2.94,4.06,1.51,2.6,3.1,3.06,1.93,4.87,1.34,3.69,2.64,1.0,13.44
00-0038976,Marvin Mims Jr.,DEN,WR,2.0,714,measured,14.4,17.09,17.84,14.39,6.43,17.43,11.8,12.47,11.27,12.87,5.43,13.53,11.26,12.62,5.94,13.95,4.33,1.97,1.16,1.89,3.9,3.31,2.66,8.36,11.56,14.01,12.94,11.59,9.14,15.43,16.3,4.5,3.32,2.76,4.09,2.49,2.93,4.14,3.01,3.11,2.35,3.33,3.82,2.88,4.78,4.25,2.53,1.68,17.5
00-0036959,Michael Bandy,DEN,WR,,16,prior,10.0,14.98,15.19,13.25,7.24,14.79,11.8,11.96,8.04,3.07,9.51,9.5,12.83,15.4,10.99,11.29,2.0,3.64,2.69,6.21,4.52,2.8,1.19,7.8,11.34,15.04,13.97,11.2,3.73,7.29,4.43,1.14,2.72,2.32,2.06,2.92,3.32,2.88,3.0,1.31,2.68,1.8,1.94,1.89,2.41,3.7,1.42,1.78,11.76
00-0040134,Pat Bryant,DEN,WR,2.0,454,measured,9.6,12.18,14.07,13.85,6.91,15.92,11.8,9.57,9.17,10.71,7.79,8.12,11.58,8.5,17.93,11.29,3.45,2.76,3.65,4.02,3.06,2.65,3.6,13.59,8.27,11.13,10.06,8.58,6.83,7.66,7.3,2.88,3.68,3.72,3.88,3.79,2.33,1.96,2.82,1.41,2.8,3.82,3.2,3.46,1.61,3.81,3.31,1.0,13.66
00-0039868,Troy Franklin,DEN,WR,1.0,879,measured,12.9,16.39,16.32,14.01,5.08,16.56,11.8,11.96,15.1,10.54,11.45,13.04,17.31,14.76,10.99,11.29,4.84,1.76,3.47,2.05,3.38,3.4,2.68,12.55,7.56,8.06,6.98,11.29,9.67,12.48,13.76,5.18,1.0,2.57,1.92,1.0,4.12,2.05,2.62,3.01,3.04,1.56,3.98,3.65,2.76,3.58,1.63,2.88,13.85
00-0037297,Cade Mays,DET,C,2.0,1170,measured,11.0,3.4,4.7,6.88,13.09,6.7,11.8,9.71,5.39,10.17,7.99,13.0,7.41,12.22,14.87,14.09,2.35,2.43,1.2,2.99,3.64,1.44,3.02,3.17,2.78,2.96,2.74,5.26,2.35,3.27,2.32,12.82,10.11,2.61,1.32,1.77,3.12,2.33,3.0,4.72,2.69,3.49,4.12,2.92,4.2,4.28,1.51,1.4,3.81
00-0038936,Juice Scruggs,DET,C,1.0,1064,measured,13.0,3.7,4.85,5.08,13.98,10.2,11.8,12.55,9.19,12.03,8.93,11.36,14.56,12.27,5.86,8.17,1.65,3.55,3.71,2.14,3.52,2.02,4.3,3.78,2.62,4.66,2.83,3.16,2.07,3.29,1.45,16.96,11.49,2.77,2.46,3.16,2.35,2.22,3.25,2.82,4.07,1.17,3.29,1.87,4.13,3.35,2.87,1.47,4.27
00-0040374,Seth McLaughlin,DET,C,,0,prior,10.3,4.6,6.17,6.72,13.34,8.64,11.8,9.79,6.99,5.6,8.16,14.53,8.69,10.31,10.99,11.29,2.09,2.63,3.08,4.28,2.07,1.85,3.71,1.76,3.23,1.92,2.52,3.99,1.63,3.52,2.54,10.55,9.98,4.61,3.06,2.05,3.09,2.71,2.47,2.08,3.83,1.93,2.47,3.73,4.26,1.24,2.0,1.68,1.91
00-0038820,Christian Izien,DET,CB,2.0,904,measured,8.6,15.02,15.82,13.28,8.11,15.94,11.8,9.53,11.25,10.0,9.26,12.85,12.09,8.15,16.31,18.51,2.26,3.37,1.93,2.12,2.79,3.62,4.28,4.83,1.25,3.4,3.81,2.07,2.95,2.94,2.0,2.7,1.66,3.09,2.71,3.48,3.35,11.29,15.45,15.33,4.31,4.31,10.28,4.57,2.79,2.08,2.59,3.19,15.46
00-0034384,D.J. Reed,DET,CB,1.0,1507,measured,13.0,13.49,14.39,12.93,5.5,14.84,11.8,13.1,14.64,11.8,11.94,7.6,8.91,7.45,15.49,7.33,4.24,3.43,2.98,3.78,2.3,3.88,2.47,2.43,3.35,2.99,3.67,4.38,3.25,3.74,3.6,3.39,3.19,4.61,4.48,3.32,1.34,9.19,11.11,13.24,13.71,13.71,9.49,13.01,2.91,3.45,2.4,2.8,6.88
00-0039862,Ennis Rakestraw Jr.,DET,CB,3.0,31,prior,9.9,14.08,14.1,13.68,7.06,14.66,11.8,8.48,10.37,6.32,7.94,11.59,11.35,6.55,17.44,14.86,4.47,3.6,1.43,3.43,4.09,3.06,3.78,1.85,3.47,2.43,3.0,3.49,3.14,3.84,2.55,2.28,2.69,3.89,2.35,3.59,2.66,9.87,12.07,13.62,7.61,7.61,9.96,7.03,2.28,4.69,1.16,2.59,5.88
00-0041445,Keith Abney II,DET,CB,1.0,0,prior,12.2,15.03,15.52,13.48,7.5,15.12,11.8,9.02,11.14,10.35,6.99,10.55,14.22,10.31,10.99,11.29,3.38,5.48,1.21,2.97,2.92,3.11,4.27,4.46,1.96,1.8,1.96,2.59,3.3,1.8,4.09,3.59,1.8,4.48,2.39,2.49,3.07,9.38,12.05,14.16,11.55,11.55,10.09,9.57,2.89,1.64,4.51,4.07,13.96
00-0036124,Khalil Dorsey,DET,CB,2.0,101,measured,10.4,14.88,15.33,13.19,7.61,15.09,11.8,10.6,8.72,8.82,8.56,13.45,11.6,7.34,15.63,17.78,2.88,1.43,2.47,1.85,3.4,2.26,1.95,3.05,4.55,2.54,1.24,5.43,2.94,3.86,5.63,1.84,3.81,4.31,1.73,3.27,3.76,9.14,11.02,14.49,8.18,8.18,10.12,7.44,4.28,1.31,1.47,3.26,16.69
00-0038966,Natrone Brooks,DET,CB,,99,prior,9.1,15.08,15.47,13.97,6.16,14.48,11.8,11.47,7.47,9.49,7.92,7.31,6.23,14.76,10.99,15.41,3.57,1.52,3.56,4.17,3.71,1.07,5.05,4.34,3.44,2.67,2.27,4.72,1.87,3.71,3.83,3.28,4.3,5.01,2.87,1.0,1.0,6.75,9.26,14.71,5.8,5.8,9.69,5.57,4.48,2.55,1.76,4.18,3.01
00-0038841,Nick Whiteside,DET,CB,,52,prior,9.7,15.07,15.88,13.83,7.0,15.54,11.8,10.32,7.18,9.18,6.31,4.55,10.13,14.23,10.99,11.29,3.57,2.97,3.35,3.89,3.06,3.2,1.92,3.14,3.04,2.74,2.32,3.74,4.5,3.94,4.7,1.64,3.07,4.02,3.99,2.54,3.51,8.74,11.71,14.59,6.79,6.79,9.94,6.07,1.71,3.48,3.12,2.48,4.69
00-0035637,Rock Ya-Sin,DET,CB,2.0,713,measured,11.3,13.34,13.3,10.43,9.0,15.59,11.8,13.3,10.52,12.55,8.79,11.24,13.77,7.81,13.64,4.52,3.01,2.68,3.51,2.9,1.32,2.27,1.89,4.04,2.71,3.08,1.0,1.33,4.65,4.63,3.66,3.07,3.21,3.78,1.23,2.99,3.14,4.02,5.51,10.99,11.4,11.4,10.54,9.95,3.08,3.14,3.15,2.75,14.23
00-0038125,Roger McCreary,DET,CB,1.0,1132,measured,10.9,14.31,15.23,13.76,6.84,15.06,11.8,11.72,12.26,10.42,7.96,10.91,15.02,15.18,7.31,7.0,4.64,2.59,2.99,2.43,2.82,2.76,2.08,4.02,2.77,3.66,2.38,3.25,2.74,3.71,3.84,1.31,2.72,3.34,4.4,5.33,3.68,10.85,13.54,11.58,8.6,8.6,9.89,10.43,1.0,1.86,3.57,2.14,10.74
00-0036624,Alim McNeill,DET,DT,1.0,1103,measured,10.5,5.97,7.04,5.77,14.01,9.2,11.8,10.84,12.24,8.29,11.18,13.25,14.95,7.94,13.89,18.05,3.47,1.52,2.3,3.8,2.8,2.09,1.74,1.16,2.94,3.68,1.7,2.23,1.55,1.74,4.01,3.36,2.28,4.63,12.22,10.45,9.89,9.62,6.53,3.1,2.66,3.48,1.81,3.3,3.32,4.41,3.59,4.3,2.36
00-0037356,Ben Stille,DET,DT,,134,measured,8.7,6.74,8.25,7.72,12.54,10.51,11.8,9.36,6.07,7.92,10.59,8.39,12.84,14.23,10.99,11.29,2.52,1.0,1.0,3.23,4.64,5.32,3.52,3.99,1.31,2.14,3.82,3.04,4.04,3.22,2.43,2.75,3.15,3.5,9.01,8.02,8.66,7.15,5.06,10.4,3.24,4.49,2.9,2.63,2.44,2.52,3.68,3.71,3.02
00-0038661,Chris Smith,DET,DT,,27,prior,7.8,5.35,6.18,4.51,14.8,8.43,11.8,7.97,4.75,6.31,7.41,13.02,7.14,10.31,10.99,11.29,2.09,2.48,4.32,5.02,2.27,2.29,2.43,4.07,3.69,2.87,2.77,3.28,4.2,1.89,3.04,2.65,2.74,2.43,6.96,4.7,8.03,6.16,4.38,11.98,2.18,2.12,3.69,3.05,1.56,2.06,2.53,3.73,2.73
00-0036954,Levi Onwuzurike,DET,DT,1.0,460,measured,12.9,7.95,8.28,6.49,14.77,9.48,11.8,12.54,8.55,11.11,9.1,13.06,13.64,6.7,17.37,7.97,2.66,4.08,3.57,2.64,4.89,3.53,3.87,2.01,2.15,4.32,2.13,1.24,1.99,2.08,2.2,4.94,3.3,1.8,13.09,11.75,14.37,13.91,8.63,7.14,3.19,2.57,3.56,3.76,4.93,1.79,2.1,3.19,2.46
00-0039396,Mekhi Wingo,DET,DT,3.0,164,measured,8.3,8.67,8.73,7.9,12.92,10.69,11.8,8.51,5.83,7.49,5.31,10.57,6.94,8.14,15.16,11.29,2.56,2.55,1.29,1.79,1.32,1.0,2.14,1.14,2.86,3.48,3.05,2.42,2.55,2.61,4.53,1.66,2.65,2.63,7.92,7.48,8.36,6.71,4.89,13.53,3.05,1.27,3.46,2.92,3.66,1.0,4.61,3.82,2.28
00-0041447,Skyler Gill-Howard,DET,DT,2.0,0,prior,9.1,8.13,9.32,8.09,13.85,11.87,11.8,8.33,10.03,8.96,5.41,7.22,16.3,10.31,10.99,11.29,3.66,3.0,1.42,2.84,3.28,3.94,3.28,2.68,3.08,3.31,1.46,4.98,4.5,3.34,2.38,3.53,3.68,3.42,8.3,7.34,7.89,8.31,8.84,8.61,2.92,4.44,3.7,2.4,1.0,4.59,1.75,2.49,3.45
00-0040672,Tyleik Williams,DET,DT,2.0,415,measured,10.0,4.69,5.69,4.3,14.11,7.89,11.8,10.98,11.47,9.17,5.73,11.47,13.6,13.04,10.99,11.29,3.85,1.78,3.42,1.72,2.86,3.24,1.68,3.4,3.26,2.89,3.43,3.63,2.26,3.99,1.89,4.14,3.57,4.14,11.73,9.48,10.16,9.2,4.3,4.98,2.9,2.61,3.26,4.04,2.23,3.43,3.8,1.2,3.42
00-0041448,Tyre West,DET,DT,,0,prior,9.5,7.29,8.71,7.98,12.91,11.05,11.8,8.73,8.65,4.78,5.06,11.26,13.67,10.31,10.99,11.29,2.86,3.77,1.63,3.65,2.13,3.64,3.68,2.68,3.63,3.9,3.06,2.97,4.22,3.96,1.62,5.04,3.63,4.09,10.67,9.75,8.44,7.55,7.69,9.73,2.6,3.21,2.63,2.45,2.7,4.14,1.47,2.41,3.11
00-0040761,Ahmed Hassanein,DET,EDGE,4.0,0,prior,6.6,9.73,10.12,9.46,13.85,11.78,11.8,7.33,4.2,3.0,6.66,9.18,10.51,10.31,10.99,11.29,1.78,1.47,4.18,4.69,1.49,4.2,1.56,3.13,3.0,3.28,1.28,2.91,3.95,2.31,2.29,3.45,3.13,2.08,5.64,4.35,4.99,4.98,3.99,13.07,5.8,6.8,2.83,3.93,1.81,3.72,3.55,2.56,3.56
00-0037236,Aidan Hutchinson,DET,EDGE,1.0,1505,measured,14.8,10.15,11.33,16.62,10.54,14.08,11.8,16.15,17.64,12.1,9.65,12.39,9.26,16.96,10.99,14.6,2.89,4.15,2.83,4.55,1.93,3.39,3.59,2.75,3.61,4.69,2.97,3.66,3.13,3.06,4.11,3.24,5.02,3.86,19.07,19.09,16.11,11.65,7.93,7.54,5.8,6.8,1.19,2.29,4.03,1.65,2.57,4.22,3.09
00-0041458,Anthony Lucas,DET,EDGE,,0,prior,8.5,10.28,12.07,10.97,11.08,13.32,11.8,7.53,7.2,7.51,7.1,14.91,9.13,10.31,10.99,11.29,4.1,2.59,2.55,2.34,2.34,3.42,1.87,2.68,2.07,2.69,4.39,1.98,5.66,3.83,3.18,1.76,3.76,1.32,7.25,7.13,6.62,7.97,9.29,13.82,5.8,6.8,5.23,3.99,2.54,2.74,4.46,1.0,2.45
00-0036335,D.J. Wonnum,DET,EDGE,1.0,1282,measured,11.9,10.01,12.6,10.28,10.0,13.81,11.8,11.02,11.55,13.12,9.68,11.14,15.22,6.76,18.45,16.67,4.1,4.24,2.3,3.81,2.69,4.24,3.62,1.31,2.64,1.66,3.24,2.98,2.16,2.49,1.44,3.02,1.61,3.16,13.74,13.9,9.19,9.08,12.64,11.71,5.8,6.8,3.15,2.86,3.94,2.34,3.44,2.47,2.56
00-0041441,Derrick Moore,DET,EDGE,2.0,0,prior,9.5,10.61,12.03,10.97,11.44,13.17,11.8,7.93,8.06,7.13,6.72,17.78,12.75,10.31,10.99,11.29,4.25,3.71,2.32,2.22,1.65,4.38,2.85,1.88,2.12,2.95,1.0,2.71,3.9,4.23,5.1,1.59,3.35,4.76,8.83,8.7,8.49,9.02,9.35,12.04,5.8,6.8,3.85,3.55,4.1,1.0,1.84,3.25,2.28
00-0041459,Eric O'Neill,DET,EDGE,3.0,0,prior,8.6,11.22,12.55,11.63,11.37,13.53,11.8,7.28,4.96,8.34,7.21,8.05,13.29,10.31,10.99,11.29,4.37,2.23,1.94,4.1,1.85,2.14,4.79,3.63,1.68,1.87,2.74,2.36,2.0,1.87,2.33,4.21,3.45,3.92,7.13,7.24,6.62,7.97,9.29,14.19,5.8,6.8,2.67,3.7,1.95,3.35,3.66,3.86,3.06
00-0036926,Payton Turner,DET,EDGE,4.0,223,measured,9.1,9.97,11.9,13.24,12.0,14.13,11.8,11.35,7.05,6.53,7.27,8.89,12.66,4.04,14.04,5.15,3.6,5.3,3.58,1.65,3.07,2.94,2.36,2.74,4.72,2.9,3.09,2.9,2.26,1.8,1.95,4.07,3.2,2.02,8.96,8.41,8.14,7.6,5.58,11.66,5.8,6.8,3.14,2.65,2.49,2.67,4.35,2.72,1.6
00-0038660,Trevor Nowaske,DET,EDGE,3.0,278,measured,9.0,12.11,13.85,13.39,10.58,14.78,11.8,7.65,10.37,7.03,9.94,5.09,10.47,6.34,7.61,11.29,3.62,2.1,3.02,3.14,3.03,3.87,2.8,2.7,3.32,3.66,2.93,2.46,2.45,4.06,3.29,3.87,5.01,2.51,6.93,7.62,7.72,8.65,8.64,14.99,5.8,6.8,3.48,3.09,2.96,2.89,3.0,3.44,4.72
00-0038940,Tyler Lacy,DET,EDGE,2.0,491,measured,8.4,5.2,8.6,7.33,15.24,9.9,11.8,8.56,6.57,3.56,8.93,7.18,8.71,14.39,14.52,7.42,2.39,2.9,2.98,2.87,2.99,2.66,3.07,3.0,2.51,3.32,1.63,1.79,3.89,3.51,4.13,2.46,3.79,2.16,8.04,4.68,7.8,11.54,13.02,9.05,5.8,6.8,3.59,4.0,4.68,4.01,4.02,5.11,3.22
00-0039172,Jake Bates,DET,K,1.0,54,measured,13.5,10.24,11.42,10.24,9.88,12.53,12.23,10.83,7.44,10.15,10.93,10.74,5.28,14.76,10.99,11.29,1.7,3.47,2.57,3.69,4.72,3.81,3.53,1.71,2.75,1.32,2.52,4.88,1.0,2.67,1.23,3.92,3.93,3.31,3.89,2.28,2.95,2.12,3.17,2.32,1.34,2.92,3.4,3.48,12.88,14.14,2.31,4.21,2.06
00-0036716,Amen Ogbongbemiga,DET,LB,,89,prior,11.0,11.38,10.69,11.3,12.46,11.4,11.8,8.92,7.38,9.99,10.4,11.04,8.89,7.45,16.22,4.29,2.7,2.19,3.39,2.03,5.34,2.23,3.93,3.78,3.31,3.01,1.89,3.11,4.16,3.06,2.99,1.73,3.98,2.22,9.73,8.67,9.04,10.78,13.51,11.78,9.57,11.07,2.48,5.31,5.14,2.79,4.69,5.01,2.0
00-0037281,Damone Clark,DET,LB,3.0,523,measured,13.3,12.92,15.21,12.16,10.46,15.79,11.8,12.01,12.39,9.82,9.07,4.74,16.01,16.96,10.99,14.41,4.68,3.62,1.28,2.97,4.08,2.32,2.23,3.84,1.92,3.37,4.57,2.23,2.71,3.19,3.15,1.0,4.1,1.1,6.82,7.0,15.55,15.51,15.09,17.2,8.19,9.69,5.06,6.06,3.32,1.0,2.82,1.6,3.9
00-0036964,Derrick Barnes,DET,LB,1.0,1240,measured,13.1,12.92,13.23,12.18,14.77,15.01,11.8,10.33,11.55,9.52,7.44,6.74,11.99,15.28,13.83,14.09,4.23,3.07,1.0,2.34,3.21,3.95,2.16,4.26,2.71,2.63,3.58,3.84,3.65,2.42,2.88,2.66,2.84,1.61,15.1,13.77,16.52,17.5,9.31,11.6,13.29,14.79,3.13,8.75,3.52,5.61,4.56,1.98,3.82
00-0035707,Devin White,DET,LB,2.0,1509,measured,14.7,15.98,14.52,13.66,11.33,15.79,11.8,13.91,10.61,12.99,9.98,7.12,8.76,6.31,14.25,14.25,2.44,5.2,3.82,4.46,4.24,3.66,3.64,3.4,2.21,2.18,3.5,1.88,3.5,1.92,3.08,3.0,2.4,3.51,13.73,14.68,18.12,16.98,15.68,15.33,8.45,9.95,3.49,6.36,2.74,1.82,3.52,2.24,2.44
00-0039018,Jack Campbell,DET,LB,1.0,1888,measured,14.4,11.54,14.73,15.79,9.34,16.47,11.8,11.85,11.11,8.67,9.48,13.29,7.84,15.84,10.99,15.41,3.1,1.05,3.95,1.0,2.58,4.54,2.27,1.25,2.6,3.99,1.88,3.11,1.9,3.58,1.0,2.0,3.1,3.76,6.68,6.76,14.24,18.17,19.4,12.96,12.26,13.76,4.66,7.15,2.11,3.06,2.37,2.61,2.12
00-0041442,Jimmy Rolder,DET,LB,2.0,0,prior,11.9,12.17,12.83,13.62,10.37,14.36,11.8,10.58,7.34,6.87,3.43,11.33,10.47,10.31,10.99,11.29,3.81,4.0,1.0,3.02,3.67,3.0,4.12,4.33,2.48,3.3,2.42,2.69,3.36,2.15,4.3,2.66,3.69,2.96,13.4,13.35,10.44,12.65,15.12,15.79,4.68,6.18,3.08,2.78,3.38,4.02,2.79,3.76,3.02
00-0035895,Joe Bachie,DET,LB,2.0,170,measured,10.9,11.04,12.18,13.4,13.39,12.92,11.8,10.23,9.66,4.58,8.95,15.16,9.59,12.37,16.99,7.71,4.94,2.42,4.86,1.62,2.29,3.45,2.97,4.56,3.09,3.42,3.52,2.05,3.69,1.89,1.68,4.44,4.41,1.48,14.16,12.66,7.95,10.58,12.16,13.77,7.52,9.02,4.07,3.1,3.21,2.29,1.7,3.13,4.33
00-0037289,Malcolm Rodriguez,DET,LB,1.0,318,measured,13.5,13.85,13.97,11.12,11.35,16.22,11.8,10.34,12.36,10.34,9.97,8.51,7.9,5.23,4.62,14.62,4.43,2.74,2.5,2.76,4.8,2.8,3.72,3.15,3.64,1.43,1.62,2.08,3.06,3.23,2.65,1.42,4.03,2.19,10.12,10.31,8.47,12.76,16.26,15.86,14.14,15.64,4.64,6.52,1.88,3.88,1.06,4.36,2.97
00-0039445,Hogan Hatten,DET,LS,1.0,2,prior,10.9,10.6,11.56,10.69,9.71,12.54,14.96,9.83,12.09,6.64,9.99,10.01,13.52,14.76,10.99,11.29,2.36,1.5,2.71,4.19,2.82,2.65,3.1,2.95,4.21,3.93,1.36,2.84,3.6,2.02,2.61,4.15,2.94,1.24,2.59,4.7,3.94,5.06,3.26,4.38,1.56,3.13,2.92,4.06,3.54,1.0,2.67,3.59,3.52
00-0036272,Ben Bartch,DET,OG,2.0,325,measured,10.1,4.11,6.2,6.73,13.16,9.13,11.8,9.58,8.46,6.45,9.32,12.28,10.42,7.2,15.16,7.51,1.92,3.54,4.15,4.66,4.24,1.42,1.0,2.85,3.13,1.0,4.7,4.41,2.89,1.99,3.62,9.42,10.7,3.51,1.41,2.47,2.71,2.2,3.12,1.98,3.72,3.1,3.4,1.55,4.6,2.36,1.45,2.65,2.96
00-0039408,Christian Mahogany,DET,OG,1.0,713,measured,10.0,4.93,6.87,6.57,13.32,11.27,11.8,6.88,7.07,9.19,9.46,10.36,9.33,5.18,5.64,18.22,4.26,3.08,2.59,2.51,3.94,2.53,3.58,3.58,1.84,3.19,4.11,4.52,1.0,1.86,3.87,7.85,12.32,2.14,2.51,2.63,3.51,2.16,2.65,3.08,4.05,2.93,1.98,2.61,1.48,1.29,2.63,3.22,4.09
00-0039411,Elijah Klein,DET,OG,,78,prior,10.1,4.31,5.83,5.17,13.22,8.63,11.8,9.62,9.72,8.46,6.97,10.03,10.94,14.76,10.99,11.29,3.92,1.62,4.99,3.57,2.18,2.1,2.01,3.98,3.67,4.23,3.53,3.03,2.26,2.37,3.65,9.45,10.82,3.51,2.37,1.95,2.29,1.95,2.94,3.27,3.73,3.04,2.04,2.59,4.32,2.33,4.01,3.4,2.86
00-0040391,Mason Miller,DET,OG,,0,prior,8.7,4.29,6.69,8.09,13.04,9.45,11.8,7.93,5.49,1.67,4.86,18.53,11.45,10.31,10.99,11.29,6.39,2.87,2.52,1.29,3.87,4.65,1.19,2.85,3.25,2.85,4.18,3.97,3.13,2.69,2.37,6.44,9.2,1.0,2.83,3.93,4.24,2.09,2.55,2.75,3.56,2.76,2.11,3.34,3.48,2.54,2.12,3.24,3.53
00-0040193,Miles Frazier,DET,OG,3.0,41,prior,9.8,3.4,5.9,6.07,13.28,10.22,11.8,8.41,4.82,9.45,7.86,8.46,12.38,4.85,4.7,5.58,3.73,2.29,2.51,2.46,3.79,1.99,3.04,2.28,1.0,1.69,3.96,2.94,1.85,2.41,1.69,9.66,9.56,3.99,2.43,2.71,2.37,3.47,4.81,1.57,3.56,3.08,4.99,3.15,1.72,3.41,2.35,2.92,3.35
00-0040728,Tate Ratledge,DET,OG,1.0,1023,measured,13.1,7.07,8.78,8.08,13.24,11.55,11.8,8.88,9.4,10.62,7.68,10.12,15.75,13.04,10.99,17.32,3.22,2.29,1.0,2.81,3.46,3.84,1.88,1.86,4.54,4.27,2.99,1.37,2.91,4.94,3.34,12.46,16.24,2.82,3.24,3.41,3.75,5.09,4.07,4.31,3.13,3.29,2.13,3.97,3.44,2.77,3.41,2.58,1.27
00-0041439,Blake Miller,DET,OT,,0,prior,10.4,6.13,8.32,5.34,12.06,11.55,11.8,8.1,3.26,7.96,4.51,8.72,6.67,10.31,10.99,11.29,4.05,1.38,1.13,2.04,2.53,3.33,4.83,3.1,3.58,1.92,3.05,2.54,2.21,3.07,2.51,11.33,11.13,3.21,3.01,3.13,3.39,3.96,3.27,3.01,4.35,1.0,3.52,2.7,2.53,3.55,2.99,3.19,2.95
00-0037414,Devin Cochran,DET,OT,,95,prior,10.8,3.92,5.74,5.05,11.5,8.2,11.8,10.56,9.7,10.46,7.22,8.52,10.3,12.42,10.99,11.29,2.56,3.53,2.47,3.23,1.09,2.83,2.95,3.43,2.83,2.21,4.09,3.16,3.26,4.68,1.65,11.99,12.02,3.56,4.8,3.09,3.67,4.11,3.06,1.23,3.57,2.14,4.6,2.81,3.44,4.0,3.46,3.75,1.2
00-0039362,Giovanni Manu,DET,OT,2.0,63,prior,10.2,3.23,4.82,3.42,11.11,7.29,11.8,9.58,10.69,8.06,4.7,12.04,8.87,4.6,5.75,11.29,1.72,3.05,4.39,3.91,2.67,4.12,4.49,1.48,3.08,2.84,4.33,1.21,2.81,2.02,2.97,10.57,12.34,2.94,2.72,3.82,2.05,3.34,2.46,2.16,2.88,4.77,3.5,2.67,2.47,3.75,3.72,2.64,4.05
00-0036905,Larry Borom,DET,OT,2.0,1009,measured,8.5,5.07,6.41,4.59,12.31,10.03,11.8,8.61,2.67,6.12,8.17,10.81,7.39,12.32,17.19,5.18,2.11,2.0,4.06,1.5,2.54,5.48,3.55,1.68,5.15,3.96,2.41,3.76,1.87,1.66,2.4,10.46,7.11,1.81,5.23,3.36,3.02,4.39,3.52,2.66,3.19,3.31,2.04,3.61,4.94,3.89,3.53,3.15,3.46
00-0036880,Penei Sewell,DET,OT,1.0,2181,measured,13.8,4.93,6.87,5.94,15.24,8.71,11.8,11.92,10.8,9.66,10.18,6.57,7.61,15.36,16.55,18.87,3.2,3.02,4.97,1.86,2.89,1.22,3.86,1.21,2.84,1.92,2.8,3.49,4.41,1.89,3.15,16.42,14.92,4.19,3.68,3.79,2.91,1.59,2.66,3.32,3.0,3.93,3.54,4.98,2.39,4.7,3.17,2.97,2.62
00-0035156,Jack Fox,DET,P,1.0,77,measured,13.8,9.6,9.95,9.12,10.13,8.53,12.83,11.95,10.95,11.25,9.82,15.82,4.1,17.99,10.99,11.29,2.7,3.04,3.06,3.33,2.83,4.56,4.53,4.45,3.02,2.49,2.11,2.74,2.65,1.89,1.87,3.32,1.0,2.61,2.46,4.26,3.89,1.0,3.13,1.8,4.11,4.86,3.14,2.13,2.92,3.02,13.98,13.69,2.16
00-0033106,Jared Goff,DET,QB,1.0,2246,measured,14.9,7.7,7.77,9.64,10.08,7.19,11.8,15.55,13.19,14.51,15.16,9.68,7.02,8.46,15.27,14.6,8.83,14.07,16.1,16.4,15.7,15.13,19.35,11.39,3.06,9.85,2.02,3.22,2.4,1.64,2.87,2.79,2.1,2.06,1.0,3.14,3.04,1.66,3.7,2.63,2.57,1.48,3.47,2.36,3.1,1.86,2.89,5.51,3.37
00-0033949,Joshua Dobbs,DET,QB,2.0,436,measured,10.1,10.43,12.08,14.12,10.08,12.26,11.8,10.49,9.38,9.76,11.97,11.05,17.18,16.96,10.99,11.29,9.57,8.47,13.21,8.15,8.97,15.39,8.03,6.59,3.84,3.56,1.59,2.76,3.23,4.28,1.61,4.71,2.44,2.56,2.81,2.29,4.19,3.66,3.5,1.9,1.93,3.6,2.11,2.97,1.96,4.77,2.91,3.14,3.35
00-0041453,Luke Altmyer,DET,QB,,0,prior,7.0,10.46,10.73,12.09,10.08,11.7,11.8,6.36,6.0,2.77,5.71,8.65,11.49,10.31,10.99,11.29,10.94,6.59,6.9,8.59,4.81,5.59,5.36,7.44,1.94,2.55,3.31,1.89,3.75,1.16,2.26,3.26,3.2,3.91,2.41,3.42,4.54,3.19,3.35,2.0,4.19,1.73,3.86,2.77,2.37,2.82,2.16,3.44,2.47
00-0037197,Isiah Pacheco,DET,RB,4.0,767,measured,13.2,17.32,15.33,13.28,8.78,12.71,11.8,12.67,15.81,7.92,3.9,12.08,15.01,6.08,7.54,6.39,2.79,1.82,3.07,2.97,2.55,3.74,1.99,15.83,9.58,8.56,16.5,13.59,3.91,4.22,4.36,6.62,9.74,7.62,2.0,3.82,3.13,2.8,4.08,1.0,1.79,3.44,2.13,3.08,3.89,3.91,2.36,2.35,11.47
00-0039652,Jabari Small,DET,RB,,0,prior,7.9,14.12,14.39,13.31,8.54,13.94,11.8,10.59,6.52,5.11,7.35,7.49,14.85,10.31,10.99,11.29,2.92,1.77,3.86,2.12,2.93,2.55,3.17,6.61,5.28,5.24,5.28,4.09,2.36,3.7,5.37,1.0,5.96,1.0,3.9,2.2,3.8,2.88,2.9,3.83,3.16,1.88,2.64,2.49,5.42,2.29,2.01,2.12,15.71
00-0038896,Jacob Saylors,DET,RB,3.0,3,prior,8.3,14.93,14.83,14.16,7.55,13.99,11.8,8.86,3.1,4.92,5.07,11.19,6.82,12.11,15.46,15.41,1.64,2.25,3.62,1.63,3.26,5.45,2.95,7.74,5.3,5.3,5.31,5.52,3.54,4.15,5.38,1.0,5.94,1.0,3.47,3.93,2.7,5.1,2.77,2.43,3.11,2.23,2.35,2.42,2.58,1.0,3.33,1.0,15.76
00-0039139,Jahmyr Gibbs,DET,RB,1.0,1376,measured,15.8,17.55,15.97,14.03,8.1,13.21,11.8,12.33,13.25,15.3,7.44,12.62,11.51,14.39,14.59,7.29,2.77,2.24,2.22,1.84,3.65,2.03,2.68,16.92,16.33,18.98,14.2,10.33,3.82,14.27,12.73,10.7,14.19,11.7,3.36,4.2,5.23,2.93,4.18,2.98,1.93,2.37,3.94,2.66,3.35,2.57,3.21,2.36,14.76
00-0039364,Sione Vaki,DET,RB,2.0,20,prior,8.3,12.0,14.22,12.79,10.0,16.92,11.8,6.65,7.27,2.66,8.85,9.22,9.87,7.35,4.28,18.97,3.12,3.53,3.52,2.44,2.16,2.47,4.05,9.5,5.84,6.95,5.43,4.11,3.02,9.11,8.23,1.0,7.39,1.0,3.3,2.88,2.42,3.39,2.9,2.77,4.65,3.37,3.35,1.77,4.22,1.95,2.59,3.31,13.88
00-0041454,Aamaris Brown,DET,S,,0,prior,10.7,13.53,13.81,14.98,7.57,13.88,11.8,9.11,10.64,8.44,5.67,8.69,6.89,10.31,10.99,11.29,2.89,1.98,3.18,2.63,3.91,3.0,1.0,4.72,2.9,4.16,4.28,2.99,4.08,1.23,2.63,3.62,2.4,2.44,2.94,3.46,1.02,9.26,10.27,15.19,8.81,9.81,9.13,11.16,3.3,2.61,4.13,3.02,9.8
00-0034377,Avonte Maddox,DET,S,1.0,598,measured,10.6,16.07,15.97,18.63,6.5,15.16,11.8,12.33,6.47,8.49,12.82,11.41,10.87,4.65,6.3,14.29,2.56,2.65,2.9,4.16,2.83,1.57,2.77,3.0,3.82,3.41,2.84,2.85,3.38,4.38,4.38,3.1,3.79,2.27,2.83,4.93,1.94,6.09,9.23,13.25,8.69,9.69,8.81,8.69,2.39,2.19,5.07,3.48,9.8
00-0039141,Brian Branch,DET,S,2.0,1568,measured,17.0,12.74,14.61,14.31,7.0,14.33,11.8,14.65,15.09,14.82,8.22,8.31,9.78,7.67,16.33,17.97,2.83,4.09,3.4,2.37,3.91,1.94,3.94,2.44,3.83,2.83,4.0,1.64,4.04,3.22,3.33,2.61,2.77,5.09,4.56,1.0,3.75,19.21,19.25,13.68,17.92,18.48,8.96,19.03,4.69,2.02,4.24,1.42,9.8
00-0033294,Chuck Clark,DET,S,1.0,848,measured,11.0,12.38,13.1,15.46,8.0,12.75,11.8,10.87,10.18,9.69,12.28,8.56,10.5,16.46,10.99,7.13,2.79,3.33,3.15,3.51,4.22,2.84,3.19,3.35,2.03,4.19,2.85,3.28,3.41,4.64,1.82,1.41,2.19,2.79,2.85,2.0,1.0,11.05,14.44,13.83,8.59,9.59,9.26,8.31,3.82,2.87,2.33,3.26,9.8
00-0037667,Kerby Joseph,DET,S,3.0,1358,measured,15.6,13.49,14.52,14.57,9.0,16.21,11.8,13.19,11.91,12.75,6.99,12.14,7.58,6.26,4.07,18.65,3.07,3.55,4.24,3.67,2.93,5.18,3.14,2.16,2.69,3.71,3.18,3.87,3.81,3.3,1.74,2.2,1.73,2.15,3.51,4.1,3.47,11.79,9.31,18.94,18.54,19.01,9.56,20.0,3.42,5.31,3.13,3.8,9.8
00-0039660,Thomas Harper,DET,S,2.0,555,measured,11.6,13.31,13.11,15.76,7.41,13.41,11.8,10.48,6.64,8.68,6.55,10.69,15.38,7.88,17.52,11.29,2.98,5.38,3.01,3.75,3.31,3.1,1.29,3.82,2.93,3.0,3.52,4.17,2.05,2.52,2.06,3.19,1.45,2.4,4.57,2.07,2.28,7.56,10.24,14.06,11.91,12.91,9.08,10.3,2.06,3.38,4.92,4.31,9.8
00-0036754,Brock Wright,DET,TE,2.0,928,measured,9.8,10.53,11.88,11.75,10.02,13.01,11.8,10.04,9.39,3.81,8.48,12.17,10.68,7.83,5.11,16.85,2.62,2.55,1.51,4.05,2.32,2.92,3.32,7.59,1.06,12.69,15.34,7.38,10.41,7.46,9.53,11.72,8.55,9.57,4.42,5.25,2.16,2.21,3.97,3.17,2.8,2.54,3.11,3.97,1.68,2.71,3.46,2.19,2.78
00-0040390,Jackson Meeks,DET,TE,4.0,2,prior,9.6,12.31,13.43,12.47,8.86,14.4,11.8,9.33,6.83,7.44,6.27,7.77,12.85,13.04,10.99,11.29,1.15,3.22,3.05,4.39,2.35,4.25,2.1,6.44,3.21,2.41,5.07,19.4,5.72,4.22,4.22,9.04,11.67,6.88,2.7,4.27,3.45,3.75,2.53,3.0,3.49,4.34,3.05,3.23,3.5,3.49,2.14,1.9,1.81
00-0039065,Sam LaPorta,DET,TE,1.0,1493,measured,15.5,12.56,14.02,14.39,9.57,14.27,11.8,14.86,8.8,12.15,8.49,7.83,7.38,7.12,17.42,14.41,3.18,2.72,1.0,2.24,2.83,3.77,1.18,16.74,5.45,15.08,17.74,16.03,18.93,15.07,15.37,18.28,14.36,16.52,4.37,4.26,1.75,2.32,3.99,2.67,5.51,3.74,4.46,2.21,3.24,3.46,1.0,2.73,4.78
00-0040697,Thomas Gordon,DET,TE,,0,prior,9.5,11.0,12.28,11.91,9.79,13.34,11.8,8.98,6.71,9.72,6.52,14.05,15.86,10.31,10.99,11.29,2.3,2.62,1.78,3.4,2.01,1.67,2.87,6.43,3.98,2.05,4.7,19.4,5.68,4.19,4.19,8.8,11.85,6.64,3.64,1.42,1.81,3.37,2.43,2.82,4.35,2.88,1.91,3.69,3.06,3.37,4.02,3.78,3.0
00-0034270,Tyler Conklin,DET,TE,3.0,989,measured,10.5,8.24,10.58,11.95,9.0,14.71,11.8,11.23,4.73,8.31,9.42,16.06,4.63,16.37,14.32,15.18,4.0,2.85,3.63,2.81,3.56,1.76,3.56,12.84,2.52,3.58,6.24,12.97,15.63,11.27,11.4,7.91,12.12,5.75,2.47,3.95,2.63,2.31,2.17,4.33,2.17,3.49,2.9,3.32,3.26,2.54,3.54,2.23,1.11
00-0036963,Amon-Ra St. Brown,DET,WR,1.0,1988,measured,16.4,14.08,15.82,15.29,10.0,16.76,11.8,14.5,16.36,15.27,8.16,16.55,15.81,16.3,15.28,18.94,2.88,3.15,3.21,2.49,2.19,3.42,2.0,13.84,15.94,14.8,13.73,16.05,17.92,17.96,17.34,3.63,3.42,4.07,2.41,2.49,2.13,2.93,2.52,4.02,3.19,3.56,3.8,2.76,2.27,2.74,3.15,2.72,9.51
00-0040241,Dominic Lovett,DET,WR,,7,prior,9.2,16.62,15.45,13.71,6.92,13.2,11.8,8.66,8.92,7.84,6.44,12.22,9.5,13.04,10.99,11.29,1.44,2.8,3.71,2.92,2.81,3.22,2.06,9.52,7.6,13.38,12.31,9.59,3.65,4.29,3.7,3.23,1.0,1.85,1.95,3.32,2.62,4.04,2.2,3.24,4.41,4.74,2.42,1.01,2.63,2.85,4.02,2.14,11.02
00-0040669,Isaac TeSlaa,DET,WR,1.0,413,measured,11.7,15.93,17.22,16.64,8.5,17.43,11.8,10.86,10.86,12.42,8.65,14.39,8.76,13.04,10.99,18.22,2.32,1.46,3.92,5.17,2.5,1.25,3.37,15.48,9.24,13.64,12.56,14.12,8.99,6.67,6.47,3.71,4.02,1.82,3.7,5.34,2.47,4.15,2.9,4.47,2.79,2.78,4.21,3.22,3.1,2.58,2.04,2.24,12.64
00-0037240,Jameson Williams,DET,WR,1.0,1678,measured,12.4,15.58,15.91,14.62,5.82,14.92,11.8,10.34,11.5,11.94,8.69,10.69,13.48,13.72,14.64,16.1,3.06,3.23,1.95,2.06,1.59,3.69,2.1,16.09,14.15,16.57,15.5,6.54,10.89,12.87,12.97,3.56,3.53,3.02,3.01,4.36,4.54,4.62,2.32,4.42,3.18,2.58,2.08,3.0,4.83,3.95,1.0,4.21,10.22
00-0041446,Kendrick Law,DET,WR,2.0,0,prior,10.1,15.47,16.81,13.12,10.67,18.41,11.8,9.89,11.15,11.27,6.54,12.74,9.52,10.31,10.99,11.29,3.83,3.03,2.86,1.56,3.46,3.47,2.66,12.53,5.54,7.26,6.19,9.01,6.55,7.49,7.66,3.61,4.21,1.92,3.15,2.43,3.6,3.7,4.4,2.65,3.55,3.01,1.75,3.13,3.12,2.46,1.97,2.57,15.36
00-0038181,Lucky Jackson,DET,WR,,1,prior,10.1,15.07,15.35,13.89,6.31,14.63,11.8,13.06,12.57,10.26,9.65,13.76,6.04,12.15,10.99,11.29,3.34,3.45,1.0,2.7,2.44,3.48,3.41,8.67,11.41,16.18,15.11,14.87,3.64,4.3,3.69,3.56,2.66,2.35,2.86,2.52,3.86,2.58,2.62,4.41,3.78,2.3,4.19,2.82,4.18,2.88,1.0,3.23,10.93
00-0037524,Tay Martin,DET,WR,2.0,31,prior,11.8,15.11,15.67,14.74,5.46,14.72,11.8,11.7,11.46,10.59,8.18,11.48,12.37,16.96,10.99,11.29,2.19,3.19,2.31,1.0,3.14,3.16,3.13,12.39,11.17,13.66,12.59,16.51,4.59,7.96,7.26,5.41,3.48,1.89,3.52,3.6,3.18,2.87,1.86,2.66,1.27,1.47,3.79,2.77,2.22,2.89,1.6,1.58,15.11
00-0035544,Tom Kennedy,DET,WR,,53,prior,9.4,14.35,14.59,12.67,7.49,14.44,11.8,10.72,8.57,10.69,10.32,12.13,12.33,16.46,10.99,15.41,2.71,3.03,2.9,3.25,2.24,3.06,2.85,7.14,7.88,12.39,11.31,9.91,4.32,6.81,4.7,1.0,2.89,4.13,1.82,3.68,2.23,3.4,2.82,2.98,3.47,2.65,2.4,2.16,5.27,2.38,5.53,4.01,14.24
00-0040884,Jager Burton,GB,C,2.0,0,prior,10.3,7.47,8.53,6.37,13.48,8.95,11.8,8.43,5.9,4.95,5.41,12.91,9.28,10.31,10.99,11.29,2.88,3.87,3.03,2.69,2.67,3.54,1.03,2.62,1.0,3.03,1.55,2.66,2.19,6.09,3.4,10.34,11.08,2.01,4.88,3.63,2.92,1.74,3.29,4.02,1.73,3.94,2.47,2.23,1.09,1.35,3.73,2.0,2.56
00-0037076,Sean Rhyan,GB,C,1.0,1444,measured,13.0,3.25,6.23,6.34,13.32,11.86,11.8,10.33,14.5,10.62,12.86,11.75,9.87,16.96,10.99,15.41,2.65,1.73,1.26,4.44,1.82,4.12,1.0,2.66,2.27,2.24,3.75,4.58,2.03,4.02,4.84,18.11,11.2,2.67,2.34,3.12,3.19,3.87,2.24,2.98,3.04,2.3,4.4,2.79,3.63,1.84,5.04,3.73,3.74
00-0036625,Benjamin St-Juste,GB,CB,2.0,1325,measured,12.5,13.76,13.5,18.74,5.5,13.22,11.8,12.28,9.22,11.85,8.92,12.98,12.56,8.53,17.48,16.28,3.48,3.12,3.88,3.43,3.39,2.91,5.52,4.25,3.09,5.77,3.16,2.44,3.92,3.0,3.79,4.7,4.72,3.56,3.47,3.88,2.85,10.03,8.28,15.6,12.85,12.85,9.49,8.57,4.05,2.52,3.3,3.86,14.65
00-0041470,Brandon Cisse,GB,CB,1.0,0,prior,13.1,15.07,17.09,13.88,6.64,18.26,11.8,10.13,13.1,9.3,7.86,8.01,11.58,10.31,10.99,11.29,4.2,2.91,4.34,3.49,4.09,1.35,1.0,3.11,3.22,3.03,1.21,3.04,1.91,4.15,3.12,2.12,3.6,4.73,3.93,1.77,1.72,9.64,11.58,13.52,12.81,12.81,9.83,12.14,1.75,2.17,2.38,3.39,14.13
00-0038408,Carrington Valentine,GB,CB,2.0,1363,measured,9.2,15.07,16.6,13.88,4.5,17.12,11.8,10.8,8.76,8.82,6.51,13.65,4.29,13.98,7.2,16.1,4.23,2.1,2.08,1.65,4.92,2.74,5.01,1.82,3.4,4.21,5.44,4.3,2.94,3.07,2.5,3.37,3.39,2.87,2.39,1.38,3.22,3.4,3.33,9.91,6.6,6.6,9.19,6.19,3.76,3.66,3.46,3.95,16.13
00-0040896,Domani Jackson,GB,CB,,0,prior,9.2,16.39,16.5,13.94,6.66,15.25,11.8,6.86,7.98,8.25,5.15,8.49,16.87,10.31,10.99,11.29,4.4,3.22,1.72,3.38,4.14,3.51,2.62,3.31,4.62,2.85,3.01,3.55,2.98,3.74,3.22,3.29,2.63,1.72,2.58,3.26,2.61,7.53,11.69,15.0,5.33,5.33,9.84,4.34,1.14,3.43,3.79,3.92,6.17
00-0039867,Javon Bullard,GB,CB,1.0,1186,measured,9.5,15.01,15.66,13.48,7.49,15.46,11.8,10.91,8.62,8.18,7.25,13.31,8.28,12.56,7.2,17.97,3.31,1.86,4.68,3.02,4.22,2.54,3.93,3.42,2.55,1.13,2.04,3.65,4.78,3.95,1.91,2.83,2.64,2.51,2.43,1.97,2.35,12.03,13.63,14.9,5.89,5.89,10.09,7.66,1.81,1.81,2.15,1.0,12.85
00-0039831,Kamal Hadden,GB,CB,2.0,37,prior,10.5,15.08,15.77,13.98,6.55,15.15,11.8,9.14,13.52,12.02,6.22,9.73,10.82,14.76,10.99,11.29,3.33,2.07,2.49,5.78,5.33,4.19,2.06,2.9,2.45,3.0,2.1,3.2,3.63,1.16,4.87,3.67,4.65,4.99,2.71,2.92,2.54,9.87,12.07,15.05,8.29,8.29,9.81,6.84,3.29,2.74,3.81,3.19,15.13
00-0035133,Keisean Nixon,GB,CB,1.0,1930,measured,10.9,14.64,15.32,13.04,7.77,15.36,11.8,12.34,11.93,10.29,11.87,10.0,9.94,8.17,7.18,17.88,3.68,5.07,1.86,1.97,1.36,3.81,3.13,3.6,3.98,2.23,2.43,2.09,3.4,2.91,2.3,2.87,4.23,2.52,2.95,4.13,3.24,9.93,11.49,10.73,8.78,8.78,10.17,10.57,2.56,2.91,1.68,3.76,14.05
00-0041493,Marlon Jones,GB,CB,,0,prior,8.5,15.07,15.7,13.87,6.69,15.11,11.8,8.9,8.6,8.05,6.63,7.17,11.52,10.31,10.99,11.29,2.97,3.92,2.93,2.4,3.18,2.1,3.28,3.79,1.81,3.89,2.96,2.11,4.23,3.56,2.95,3.85,1.51,3.63,3.02,2.28,4.46,7.37,11.98,14.62,4.56,4.56,9.85,3.77,3.97,2.54,2.91,3.28,6.16
00-0040689,Anthony Campbell,GB,DT,2.0,0,prior,6.3,5.96,7.57,7.19,12.04,9.52,11.8,7.46,3.24,3.76,7.35,7.89,8.84,10.31,10.99,11.29,1.83,2.44,3.44,3.22,1.23,1.77,2.05,3.51,4.07,2.31,3.97,3.35,1.63,3.75,2.39,2.86,1.49,1.8,4.93,3.85,5.39,5.38,4.2,12.5,4.32,2.82,1.61,3.72,4.14,4.3,2.45,3.95,4.82
00-0040869,Chris McClellan,GB,DT,3.0,0,prior,10.0,6.0,7.2,6.05,12.92,9.29,11.8,9.83,10.32,9.78,4.61,12.27,8.03,10.31,10.99,11.29,3.43,3.46,3.56,2.17,1.0,3.14,2.89,3.06,2.8,4.05,1.9,1.05,3.18,1.69,1.87,3.91,4.09,3.21,12.54,11.17,9.16,7.55,7.66,9.32,4.02,2.13,3.19,1.77,4.19,3.14,4.38,2.8,2.83
00-0037075,Devonte Wyatt,GB,DT,1.0,820,measured,15.0,9.58,9.51,6.51,13.36,9.28,11.8,11.31,16.27,11.79,9.95,8.33,9.26,7.19,6.19,17.05,2.55,2.88,2.15,1.0,4.51,2.97,3.04,1.45,2.67,2.11,1.16,1.0,2.08,2.98,3.16,2.46,2.95,2.52,16.61,16.33,16.81,15.32,13.37,7.05,3.99,2.91,2.23,2.05,2.12,3.97,3.71,2.48,3.99
00-0033109,Javon Hargrave,GB,DT,1.0,843,measured,13.8,5.65,6.25,3.29,14.77,10.53,11.8,14.72,11.21,13.95,12.08,14.29,9.52,5.37,18.31,15.11,1.37,2.51,3.87,3.24,4.23,3.93,4.1,3.24,3.44,3.49,4.0,3.51,2.42,3.02,2.4,2.91,2.03,1.82,15.67,13.52,14.5,13.51,14.28,11.27,2.04,2.59,4.59,3.99,3.88,2.99,4.2,3.84,3.88
00-0037094,Jonathan Ford,GB,DT,2.0,173,measured,7.9,3.89,4.94,3.91,13.49,8.33,11.8,9.21,8.14,6.32,9.18,8.09,10.22,14.76,10.99,6.6,3.36,2.55,2.46,3.61,5.26,1.74,2.29,1.69,3.32,2.45,1.95,2.71,3.04,2.47,2.25,1.77,3.12,2.4,7.97,5.66,6.87,6.95,7.37,8.05,3.13,3.68,3.11,2.77,4.26,3.49,2.72,2.82,1.31
00-0038506,Jordon Riley,GB,DT,3.0,280,measured,9.1,3.78,4.93,3.82,13.49,6.98,11.8,8.18,7.26,7.82,7.89,17.94,13.33,15.84,10.99,14.86,4.24,3.56,3.02,4.57,3.16,4.0,2.35,1.74,4.13,4.25,3.54,1.36,4.03,3.99,1.31,2.72,4.0,2.77,9.62,7.27,8.94,8.53,6.84,8.32,5.2,2.08,4.95,2.31,2.45,2.88,4.19,1.68,4.61
00-0038398,Karl Brooks,GB,DT,1.0,1011,measured,9.2,6.88,8.22,7.4,13.1,10.45,11.8,8.83,8.9,7.67,7.91,11.85,13.11,14.31,16.55,15.41,1.28,2.2,2.97,1.16,3.62,1.62,2.44,3.7,3.5,3.05,1.48,3.4,3.5,2.68,2.63,2.23,2.31,2.34,8.22,7.09,8.89,9.7,7.27,6.66,3.46,2.29,3.99,3.75,3.41,5.28,1.56,2.47,2.73
00-0040016,Warren Brinson,GB,DT,2.0,247,measured,8.5,5.47,8.48,6.14,12.77,11.15,11.8,6.21,5.37,7.0,6.45,9.76,15.05,13.04,10.99,5.58,4.16,2.47,3.33,4.9,3.51,1.45,2.85,3.49,3.18,4.56,3.95,2.95,3.57,3.24,3.52,3.2,4.45,2.78,8.26,6.75,7.18,8.16,7.22,8.61,1.24,1.89,2.32,3.11,3.59,4.34,2.73,2.54,2.74
00-0037364,Arron Mosby,GB,EDGE,,114,measured,8.2,11.2,12.75,11.85,11.1,13.75,11.8,10.87,7.59,6.69,7.64,9.23,10.75,14.35,14.32,14.86,1.09,3.14,3.45,1.71,3.58,3.43,2.28,1.3,3.32,3.62,1.93,3.53,2.12,1.0,2.72,2.52,1.24,2.79,6.39,6.58,7.14,7.99,5.41,13.04,5.8,6.8,2.39,2.9,2.42,1.21,2.33,3.58,1.84
00-0040010,Barryn Sorrell,GB,EDGE,1.0,157,measured,10.0,11.08,12.78,12.41,14.31,13.56,11.8,9.94,8.13,5.15,9.18,8.79,10.72,13.04,10.99,5.58,3.72,2.38,2.08,2.23,1.53,2.63,1.18,4.2,2.33,3.84,1.98,2.26,3.35,3.85,2.67,4.47,5.27,3.01,8.57,7.6,9.12,11.5,9.85,12.71,5.8,6.8,4.31,2.75,2.49,1.64,2.81,3.81,1.04
00-0038463,Brenton Cox Jr.,GB,EDGE,2.0,179,measured,9.4,9.07,10.28,12.11,12.46,12.29,11.8,8.69,8.63,6.69,6.95,8.14,8.78,5.55,17.74,6.11,2.4,4.87,3.31,3.79,1.55,3.61,2.98,3.39,3.44,2.47,3.92,4.39,3.5,3.66,2.49,1.69,3.43,2.62,9.27,8.24,8.86,9.58,9.27,11.28,5.8,6.8,3.01,4.22,3.8,3.14,3.31,2.8,2.21
00-0040012,Collin Oliver,GB,EDGE,3.0,30,prior,7.4,13.11,15.06,12.6,11.02,16.84,11.8,8.14,7.87,6.45,6.36,8.84,2.29,4.26,4.74,11.29,4.11,2.65,2.81,1.81,1.94,2.86,4.9,4.24,1.7,2.23,2.78,2.45,1.91,2.72,3.7,3.58,3.75,3.72,4.74,5.63,5.42,5.07,4.11,14.19,5.8,6.8,4.87,2.63,3.61,1.09,2.52,3.64,4.04
00-0040877,Dani Dennis-Sutton,GB,EDGE,3.0,0,prior,9.2,11.85,15.38,13.7,10.49,17.61,11.8,7.41,4.64,5.44,6.0,16.41,8.34,10.31,10.99,11.29,3.07,2.48,2.94,2.98,2.83,3.29,3.63,3.66,2.85,2.95,1.66,3.1,4.48,2.67,2.38,3.99,2.41,4.42,7.48,8.11,7.02,7.95,8.75,13.94,5.8,6.8,3.4,4.17,3.01,3.45,2.47,1.86,2.14
00-0039112,Lukas Van Ness,GB,EDGE,1.0,666,measured,13.6,12.74,12.89,13.0,8.5,11.6,11.8,10.56,12.64,11.6,8.51,9.68,9.04,7.28,4.55,14.55,3.22,3.19,3.41,1.0,3.29,2.12,2.68,3.14,1.55,4.42,2.92,3.18,3.01,3.75,2.03,1.73,4.13,2.09,13.52,15.16,13.72,14.88,14.93,10.91,5.8,6.8,2.21,4.2,2.66,1.82,1.53,2.93,2.58
00-0036932,Micah Parsons,GB,EDGE,2.0,1460,measured,16.0,16.86,17.06,13.45,9.5,14.25,11.8,13.13,11.48,15.83,8.5,11.87,12.06,13.68,6.51,18.91,1.0,2.85,2.96,1.81,2.97,2.37,3.03,2.71,2.48,3.14,3.09,3.47,3.43,3.42,2.78,2.48,1.82,2.58,16.88,19.61,16.45,13.28,10.26,11.04,5.8,6.8,2.34,3.92,3.69,1.0,1.7,4.47,2.63
00-0040944,Nyjalik Kelly,GB,EDGE,,0,prior,8.2,8.27,10.88,11.15,11.01,15.01,11.8,8.73,8.04,5.89,6.34,10.55,4.38,10.31,10.99,11.29,2.22,3.97,3.48,1.93,1.42,2.29,4.48,3.39,5.32,2.79,2.44,3.42,2.72,4.51,4.75,2.75,3.34,2.6,7.59,6.79,6.62,7.97,9.29,13.01,5.8,6.8,2.68,2.67,2.7,2.38,3.43,2.14,4.58
00-0040003,Lenny Krieg,GB,K,,0,prior,6.6,10.24,11.42,10.24,9.88,12.53,10.31,6.69,1.0,2.63,6.48,12.87,13.46,10.31,10.99,11.29,1.23,2.95,3.36,2.9,4.28,4.0,4.6,2.88,3.87,2.66,3.02,2.53,4.83,2.24,3.06,3.99,2.97,1.0,1.22,3.62,2.29,2.79,3.05,1.56,1.0,3.83,4.1,2.05,6.04,7.08,3.24,2.61,2.87
00-0040899,Trey Smack,GB,K,1.0,0,prior,11.5,10.24,11.42,10.24,9.88,12.53,10.95,7.51,6.46,8.07,6.29,8.42,7.36,10.31,10.99,11.29,2.64,4.16,3.05,3.69,3.87,1.0,3.4,3.89,3.06,2.72,4.73,3.2,2.12,1.85,3.09,3.8,2.18,1.86,3.69,2.32,2.96,2.45,5.54,4.17,2.63,3.54,2.78,3.59,12.07,10.95,3.55,2.38,2.09
00-0039850,Edgerrin Cooper,GB,LB,1.0,1284,measured,13.0,14.08,13.6,12.45,9.68,13.36,11.8,11.09,11.55,11.74,10.35,10.02,11.06,12.23,5.19,14.86,2.5,3.16,2.58,1.87,3.81,1.03,1.4,3.26,1.15,2.75,2.67,3.57,1.47,1.79,5.03,4.83,4.65,1.25,7.81,8.67,14.71,14.82,13.42,14.15,11.32,12.82,1.51,9.15,3.24,2.96,1.0,2.11,2.62
00-0036658,Isaiah McDuffie,GB,LB,2.0,1134,measured,13.8,11.97,12.66,11.97,9.77,13.13,11.8,10.6,12.59,7.88,8.75,7.65,11.26,16.63,14.37,14.86,2.11,3.32,2.26,3.45,1.89,2.92,4.62,3.21,1.4,3.07,3.21,4.22,3.36,2.69,3.19,2.55,3.2,3.19,10.95,11.04,16.36,17.15,17.17,15.74,7.8,9.3,2.4,5.36,2.0,3.47,2.79,2.11,3.28
00-0036157,Kristian Welch,GB,LB,,32,prior,10.7,12.17,13.27,12.84,9.92,13.87,11.8,9.72,7.43,6.31,10.59,8.42,13.73,6.07,17.58,14.5,1.0,2.57,1.74,2.88,2.92,4.68,1.77,3.91,2.22,1.75,1.35,2.65,2.37,1.27,2.38,3.46,4.27,3.54,7.87,7.97,7.6,10.24,12.78,11.74,9.54,11.04,4.49,3.92,4.25,3.09,3.06,2.89,3.86
00-0036648,Nick Niemann,GB,LB,3.0,130,measured,11.9,15.22,14.82,16.94,9.66,13.13,11.8,10.81,7.56,8.26,8.62,9.46,6.99,7.16,18.11,14.86,2.58,2.74,4.4,3.39,1.0,1.88,2.59,1.89,3.7,3.64,2.53,3.0,3.29,4.29,2.75,3.45,4.1,2.47,5.95,7.22,9.89,11.81,14.48,14.34,8.98,10.48,2.9,5.55,1.0,2.86,1.0,4.3,1.0
00-0039812,Ty'Ron Hopper,GB,LB,2.0,130,measured,10.5,12.09,12.96,12.45,9.61,13.41,11.8,8.43,3.59,5.63,7.65,7.75,11.15,14.76,10.99,14.86,1.86,1.62,2.92,4.0,3.84,1.5,3.53,4.3,3.31,1.0,2.88,3.17,2.97,3.19,2.71,2.96,1.18,4.68,12.77,12.96,8.89,10.57,10.96,15.13,6.04,7.54,2.33,2.4,1.57,3.61,4.11,3.13,3.69
00-0034431,Zaire Franklin,GB,LB,1.0,2241,measured,14.6,11.21,11.85,10.86,11.32,12.84,11.8,12.7,12.36,12.96,12.61,10.05,12.47,17.99,10.99,14.0,2.84,1.0,3.56,3.09,1.95,3.58,3.98,1.03,2.12,3.14,2.33,1.25,1.0,2.64,1.76,2.04,3.98,3.04,12.27,11.55,12.6,15.99,16.18,17.12,13.55,15.05,5.46,11.86,2.42,2.17,2.93,2.27,1.39
00-0035118,Matthew Orzech,GB,LS,1.0,0,prior,9.6,9.41,10.37,9.66,9.71,11.56,10.67,11.07,8.73,9.46,10.81,8.68,13.4,17.99,10.99,14.09,2.43,3.63,3.66,4.54,3.06,3.07,3.31,3.41,2.12,2.27,1.3,2.88,3.28,3.14,4.25,2.71,1.53,3.44,3.19,1.68,2.77,2.7,4.92,2.98,3.53,1.0,2.89,1.65,3.79,4.61,2.36,1.45,3.5
00-0034067,Scott Daly,GB,LS,,0,prior,9.2,9.0,9.96,9.31,9.71,11.21,12.81,11.14,7.76,9.37,9.39,12.02,13.44,17.99,10.99,11.29,3.6,2.91,3.14,3.04,1.87,3.62,4.81,4.65,3.24,2.22,1.31,3.66,2.08,3.17,1.01,2.11,2.48,3.97,2.73,2.47,2.21,3.33,3.54,4.84,4.38,2.59,1.1,4.52,2.74,1.15,3.41,3.93,3.89
00-0036551,Aaron Banks,GB,OG,1.0,1538,measured,12.4,1.84,3.34,4.72,12.46,8.96,11.8,9.77,7.9,7.15,9.2,10.86,8.41,8.28,17.85,16.26,3.11,4.94,1.92,2.71,3.6,3.29,3.67,3.18,2.18,2.45,4.02,3.44,3.84,1.66,3.93,15.02,12.98,2.99,4.99,3.3,3.45,2.89,1.81,4.1,2.8,3.72,2.69,3.61,4.78,5.23,2.8,2.32,3.23
00-0040726,Anthony Belton,GB,OG,2.0,449,measured,10.3,3.1,5.55,5.35,13.41,9.17,11.8,8.31,5.95,5.54,5.99,2.79,11.19,8.04,18.54,5.58,3.6,2.62,1.83,3.46,2.68,1.0,4.48,3.24,1.01,1.0,2.27,3.19,3.69,3.61,4.19,9.01,12.25,2.65,4.26,3.39,3.47,5.0,4.07,2.34,3.09,3.11,4.34,2.21,3.05,2.9,3.41,1.62,3.46
00-0040949,Dillon Wade,GB,OG,,0,prior,11.3,6.4,6.6,4.73,13.19,8.34,11.8,8.11,11.07,7.11,5.58,13.44,10.46,10.31,10.99,11.29,2.4,4.36,2.43,2.15,2.31,2.59,2.88,2.43,3.65,3.9,5.27,1.46,3.46,2.23,1.74,13.04,10.83,1.0,3.8,1.04,3.29,3.39,3.74,3.26,2.49,2.63,1.16,1.94,2.35,1.47,4.33,2.66,2.13
00-0039272,Donovan Jennings,GB,OG,2.0,6,prior,10.5,4.2,5.71,4.89,13.27,8.63,11.8,9.75,11.71,7.73,6.4,11.55,8.07,4.31,13.6,11.29,1.63,3.11,1.0,1.13,1.79,1.25,4.07,2.46,2.99,2.16,3.28,3.14,3.09,3.11,2.36,6.43,15.69,3.89,2.91,2.42,2.94,3.41,3.42,3.28,1.65,2.38,1.47,5.09,3.88,2.27,2.8,1.71,2.44
00-0039817,Jacob Monk,GB,OG,1.0,55,prior,11.8,5.47,6.93,5.29,13.1,9.29,11.8,8.56,9.99,10.49,9.21,12.48,8.79,14.76,10.99,4.47,1.68,2.82,2.7,1.0,3.31,3.13,5.84,3.59,2.07,5.12,2.39,3.61,4.34,3.54,3.17,10.26,15.7,1.86,3.49,3.13,3.27,2.83,3.95,1.88,1.67,3.06,2.64,3.24,3.29,3.89,2.07,3.35,3.66
00-0040943,Josh Gesky,GB,OG,,0,prior,11.3,4.47,6.31,6.6,13.08,8.9,11.8,7.8,9.68,11.33,4.27,9.22,15.46,10.31,10.99,11.29,2.16,4.39,2.84,2.3,3.84,4.28,2.08,3.65,2.38,1.45,3.14,3.38,2.54,3.6,4.1,13.04,10.83,3.93,2.19,3.87,4.51,4.32,2.39,2.97,2.34,3.76,3.58,2.69,2.69,3.24,2.97,2.44,2.32
00-0040083,Dalton Cooper,GB,OT,,0,prior,11.5,4.17,5.86,4.66,11.93,8.35,11.8,10.52,7.79,8.61,6.2,11.17,3.35,10.31,10.99,11.29,3.28,4.26,3.29,2.81,4.45,4.21,3.04,2.95,3.94,3.06,2.65,4.51,4.63,3.54,2.85,9.88,15.31,3.52,3.03,4.24,2.27,3.09,2.48,5.16,1.04,1.38,1.27,2.6,3.14,3.46,4.42,1.0,3.68
00-0040023,John Williams,GB,OT,2.0,0,prior,11.4,4.4,6.23,4.65,12.69,9.01,11.8,9.34,10.51,7.0,7.25,8.79,13.58,4.16,4.53,11.29,3.15,3.79,2.63,3.92,2.9,4.65,1.0,3.19,3.19,2.37,2.11,3.49,4.97,2.9,3.37,9.78,15.06,2.95,3.4,4.87,4.44,3.62,1.0,3.82,3.27,1.99,1.0,1.96,2.49,3.91,3.12,2.16,2.51
00-0039904,Jordan Morgan,GB,OT,1.0,808,measured,10.8,6.13,7.67,5.66,12.47,8.83,11.8,10.01,8.57,5.47,9.31,12.02,13.57,7.09,7.55,7.78,1.92,4.18,1.89,4.5,2.02,1.79,2.97,4.16,4.55,3.46,3.88,2.69,1.91,1.97,3.9,12.93,10.59,4.77,2.12,4.48,3.56,2.08,3.0,2.64,3.12,4.07,2.65,3.47,4.32,2.92,2.0,1.89,2.9
00-0039819,Travis Glover,GB,OT,3.0,8,prior,11.2,4.43,6.22,5.34,12.06,8.69,11.8,9.19,8.94,10.52,8.93,11.23,7.06,12.42,10.99,11.29,2.63,5.1,3.87,4.31,1.62,4.0,3.32,2.52,2.25,3.29,3.76,3.52,2.57,3.61,3.61,10.76,13.87,2.63,3.8,2.26,3.76,3.3,3.4,3.05,3.75,2.48,1.58,4.44,3.71,3.24,2.6,3.75,3.48
00-0037817,Zach Bako-Bewele,GB,OT,1.0,1707,measured,15.2,7.47,10.23,9.91,12.9,12.71,11.8,12.03,9.27,13.51,11.05,16.09,9.39,8.39,16.36,7.03,3.05,2.84,1.48,3.47,2.45,2.95,2.55,3.72,1.83,3.49,3.36,3.2,1.88,3.32,3.85,17.02,17.31,2.76,1.88,2.67,1.29,3.25,5.0,3.44,2.51,3.06,3.29,2.44,3.76,4.2,4.28,2.38,2.68
00-0037547,Daniel Whelan,GB,P,1.0,70,measured,12.3,8.41,10.14,9.72,10.13,12.13,11.81,11.13,9.57,5.67,9.34,9.39,11.32,15.84,10.99,11.29,4.11,5.07,4.84,6.06,3.2,3.96,2.79,2.38,3.86,3.37,2.63,1.99,3.0,1.66,3.54,1.33,3.94,3.93,4.02,3.41,3.28,3.18,4.88,3.4,3.79,1.0,3.82,2.69,2.99,2.27,15.43,9.11,2.16
00-0036264,Jordan Love,GB,QB,1.0,1845,measured,15.5,10.15,11.58,10.24,10.08,13.9,11.8,15.02,15.98,13.02,12.6,7.52,14.04,14.16,15.38,7.36,16.81,14.52,15.7,16.01,13.17,18.29,15.44,14.74,4.08,9.14,2.45,1.68,3.31,1.54,2.53,2.43,4.67,3.57,4.7,3.86,3.4,1.52,1.02,3.16,1.29,1.49,2.22,4.6,3.62,3.56,4.92,2.9,2.45
00-0039577,Kedon Slovis,GB,QB,,5,prior,7.2,13.29,13.18,12.13,10.08,10.9,11.8,7.26,6.98,5.14,8.04,12.24,10.34,13.04,10.99,11.29,4.62,6.55,7.9,8.95,4.61,5.82,8.09,7.43,3.85,1.0,2.2,3.73,3.05,4.28,1.0,3.3,3.0,2.85,2.33,1.99,1.0,3.2,2.71,2.85,3.05,2.97,3.48,3.63,2.89,4.27,3.31,3.64,3.88
00-0028118,Tyrod Taylor,GB,QB,2.0,408,measured,11.5,12.06,12.93,14.15,10.08,13.67,11.8,11.55,10.11,8.4,14.84,13.58,12.72,4.34,16.69,4.16,16.42,9.73,16.43,7.86,9.03,13.16,8.69,7.47,2.64,2.9,4.22,2.56,4.9,3.48,2.06,4.24,2.21,2.09,4.05,1.88,2.94,3.41,2.65,4.47,3.31,4.18,3.13,2.98,1.87,1.7,3.47,1.0,3.12
00-0038685,Chris Brooks,GB,RB,2.0,315,measured,11.9,13.95,14.56,12.42,9.21,14.16,11.8,9.72,9.67,7.68,8.59,6.83,9.83,15.84,10.99,7.09,1.53,1.87,2.69,3.82,3.51,2.79,3.63,10.02,13.94,10.21,12.89,8.16,2.78,6.53,6.25,5.38,5.0,6.38,3.68,2.55,2.11,4.37,3.0,4.5,3.83,3.29,3.72,3.65,3.73,2.53,2.81,3.91,11.28
00-0041139,Damon Bankston,GB,RB,,0,prior,11.4,15.24,14.86,14.85,6.95,13.9,11.8,9.2,10.95,6.71,5.16,12.34,13.88,10.31,10.99,11.29,2.44,2.24,4.08,2.81,3.02,2.41,2.95,15.23,9.65,8.14,9.47,11.34,4.3,5.78,6.33,3.21,5.57,4.21,4.24,2.43,4.68,3.95,2.25,1.13,1.0,4.14,3.78,4.77,2.85,1.56,2.82,2.12,10.82
00-0040142,Kaleb Johnson,GB,RB,3.0,44,prior,9.0,12.92,13.89,12.18,9.68,14.01,11.8,7.71,9.85,10.26,7.29,8.16,12.06,13.04,10.99,11.29,1.68,3.71,4.43,3.31,2.66,3.59,2.69,16.02,5.8,5.67,5.54,5.91,5.03,5.76,6.3,1.0,7.87,1.0,3.31,2.37,2.5,2.06,3.89,2.87,5.21,2.24,3.87,1.94,1.09,3.37,3.85,2.59,14.25
00-0039811,MarShawn Lloyd,GB,RB,1.0,6,prior,8.2,15.24,14.22,12.72,12.92,14.22,11.8,9.52,8.51,5.37,8.66,9.59,9.2,4.01,5.9,7.78,2.16,3.49,2.5,2.02,1.0,3.54,2.78,5.87,5.7,5.7,5.3,3.74,3.85,9.04,9.25,1.0,9.97,1.0,3.72,3.02,3.23,2.32,2.83,4.03,3.3,4.68,3.31,4.66,2.33,1.92,2.58,3.29,14.51
00-0038098,Pierre Strong,GB,RB,,195,measured,11.5,17.32,16.81,13.5,8.31,15.05,11.8,10.82,6.37,9.51,9.35,12.57,10.77,12.03,13.66,17.12,2.32,4.97,3.1,3.0,3.44,3.33,2.69,14.52,9.06,8.37,8.32,12.3,2.74,5.8,6.18,3.95,4.7,4.95,3.26,2.27,4.25,2.29,2.04,3.06,2.24,2.01,2.84,2.5,2.93,5.04,3.69,2.62,14.38
00-0039813,Evan Williams,GB,S,1.0,1139,measured,14.6,12.37,14.66,14.62,7.69,17.49,11.8,10.74,12.05,12.42,7.27,12.16,13.58,11.92,14.41,7.22,2.14,2.81,5.43,3.72,3.65,4.16,3.04,3.21,1.75,4.37,2.48,1.92,1.0,3.9,1.84,2.35,3.17,3.88,3.0,2.41,2.21,16.28,16.33,12.44,16.27,17.08,9.17,13.01,2.8,3.05,2.65,5.08,9.8
00-0040033,Johnathan Baldwin,GB,S,3.0,62,prior,8.9,13.78,14.52,14.2,7.66,14.39,11.8,8.49,4.18,4.89,6.23,9.32,11.46,13.04,10.99,11.29,1.3,2.34,2.96,2.63,1.69,2.52,1.24,3.1,2.16,2.15,2.87,1.63,3.47,3.28,3.12,3.33,1.46,3.18,2.32,3.0,3.43,12.29,10.14,11.66,5.2,6.2,9.16,6.39,2.16,4.1,2.68,3.06,9.8
00-0038523,Kahlef Hailassie,GB,S,,45,prior,8.0,13.96,14.91,13.79,7.64,14.62,11.8,7.88,6.69,7.67,7.87,12.68,10.78,13.86,10.99,11.29,3.03,3.06,2.2,1.81,1.4,4.5,2.48,2.69,1.37,2.61,3.43,4.04,3.1,3.22,3.24,4.22,2.38,3.01,2.19,2.79,1.0,8.5,6.78,11.21,5.14,6.14,9.15,6.16,2.42,2.5,5.3,3.46,9.8
00-0039818,Kitan Oladapo,GB,S,2.0,107,measured,8.8,13.6,14.94,14.02,8.84,15.34,11.8,8.58,5.99,6.01,7.7,13.18,10.27,14.76,10.99,11.29,2.89,3.11,3.03,3.93,2.76,3.16,3.01,4.92,1.57,3.17,3.79,4.2,2.7,2.02,2.43,2.99,2.94,2.31,1.6,4.29,3.96,13.19,9.8,10.17,5.38,6.38,9.51,6.26,3.63,4.29,2.48,1.6,9.8
00-0040968,Murvin Kenion,GB,S,,0,prior,10.6,13.78,14.52,14.2,7.66,14.39,11.8,8.09,8.41,7.68,5.03,13.8,6.36,10.31,10.99,11.29,2.2,3.46,3.31,2.82,3.91,4.29,3.02,4.24,1.49,4.26,2.13,3.36,2.5,2.7,4.01,2.39,2.88,3.98,2.78,1.82,2.59,9.26,10.27,15.29,8.81,9.81,9.16,11.16,2.71,3.86,3.16,3.71,9.8
00-0038494,Trey Dean III,GB,S,2.0,0,prior,7.4,10.0,12.99,13.6,12.92,15.38,11.8,7.34,5.65,2.39,6.57,9.05,10.44,10.31,10.99,11.29,2.53,3.22,3.93,2.95,3.61,1.58,1.64,3.51,2.06,2.9,2.79,4.23,1.0,2.09,1.13,2.58,1.78,2.13,3.14,2.84,3.28,12.88,6.58,8.26,4.87,5.87,10.74,5.86,3.78,3.63,2.7,4.65,9.8
00-0036388,Xavier McKinney,GB,S,1.0,2138,measured,15.9,11.85,13.4,14.23,9.5,14.77,11.8,13.82,16.91,12.62,9.89,11.78,7.01,17.99,10.99,11.29,4.12,3.39,3.77,2.43,1.86,2.57,2.61,4.32,3.55,3.88,2.9,2.41,4.02,2.98,3.25,3.49,2.17,5.16,1.99,2.06,2.66,13.04,12.06,15.66,19.54,19.4,9.71,19.41,2.17,1.58,3.79,1.0,9.8
00-0040628,Drake Dabney,GB,TE,,49,prior,8.9,11.11,12.4,12.21,9.15,13.48,11.8,8.57,10.11,7.05,4.59,13.23,9.32,13.04,10.99,11.29,4.06,1.64,3.13,3.35,2.23,3.45,4.16,6.52,2.82,4.61,7.27,14.18,5.88,4.59,4.37,9.89,10.17,7.73,3.86,3.96,2.58,2.81,1.51,3.07,3.12,3.43,4.25,3.48,4.34,2.76,2.33,4.71,3.46
00-0033858,Jonnu Smith,GB,TE,2.0,1163,measured,12.7,10.93,13.66,12.51,11.33,15.7,11.8,13.37,7.79,8.18,11.04,6.14,11.5,8.46,15.43,16.55,2.22,4.43,1.52,2.24,2.57,2.43,3.57,8.22,2.49,10.88,13.54,12.79,15.28,14.44,14.12,7.41,17.74,5.25,3.58,3.53,2.59,4.26,3.73,2.65,2.75,2.63,2.09,2.58,1.66,3.48,4.34,3.55,3.69
00-0038589,Josh Whyle,GB,TE,3.0,451,measured,11.4,10.92,11.21,12.2,9.02,12.51,11.8,10.01,9.92,11.01,7.79,9.16,10.04,5.97,14.95,6.0,2.03,3.08,3.1,1.99,3.17,4.12,2.46,11.46,3.17,6.5,9.16,11.39,9.67,12.23,12.21,13.0,12.69,10.84,3.01,4.14,3.55,4.56,1.0,1.24,3.55,3.96,3.5,4.07,3.72,2.82,1.0,3.01,3.14
00-0039144,Luke Musgrave,GB,TE,5.0,688,measured,10.0,12.18,14.32,12.01,9.47,15.19,11.8,8.54,6.18,7.18,6.55,13.71,11.44,6.87,13.77,14.16,2.97,2.02,2.77,3.22,2.58,3.29,4.3,14.5,2.65,2.22,4.88,10.45,11.2,13.67,13.64,7.3,8.96,5.15,2.47,3.23,1.0,3.66,1.0,1.0,1.0,3.46,2.15,3.49,4.11,3.08,3.12,3.1,2.39
00-0040598,Mark Redman,GB,TE,4.0,0,prior,9.5,10.53,11.88,11.75,10.02,13.01,11.8,9.52,7.29,5.67,5.77,10.78,15.13,10.31,10.99,11.29,3.39,1.73,2.09,4.22,2.93,3.23,2.26,6.43,1.84,2.05,4.7,19.4,5.68,4.19,4.19,8.8,11.85,6.64,2.42,1.95,2.83,3.28,1.34,2.92,2.28,2.33,3.16,2.65,4.9,2.84,1.42,1.81,1.35
00-0039263,McCallan Castles,GB,TE,,0,prior,9.5,10.87,12.17,11.8,9.99,13.24,11.8,9.39,9.06,9.86,6.49,9.98,3.73,10.31,10.99,11.29,1.81,1.54,3.53,3.85,3.21,3.72,1.17,6.42,3.89,2.02,4.67,19.4,5.7,4.17,4.17,8.63,11.98,6.48,3.11,2.66,3.43,4.37,2.77,2.25,1.97,1.41,3.88,2.48,3.33,4.17,3.94,2.66,4.3
00-0039936,Thomas Yassmin,GB,TE,6.0,0,prior,9.4,10.79,12.11,11.96,9.63,13.22,11.8,10.58,8.17,7.86,6.78,12.73,13.2,10.31,10.99,11.29,2.17,3.19,4.44,2.95,3.63,3.96,2.65,6.42,3.27,2.02,4.67,19.4,5.7,4.17,4.17,8.63,11.98,6.48,3.52,3.0,2.84,2.06,1.94,2.31,2.63,3.97,2.97,3.95,1.52,1.57,3.12,3.2,3.07
00-0038996,Tucker Kraft,GB,TE,1.0,1271,measured,14.5,10.92,12.95,12.77,12.0,13.7,11.8,11.79,14.17,10.33,8.21,9.68,8.36,15.84,10.99,16.98,3.82,3.54,3.58,3.51,3.29,4.11,2.93,12.47,2.46,17.35,20.0,12.59,13.38,16.51,19.51,16.69,9.79,14.66,4.02,2.04,2.4,1.5,1.68,3.84,2.82,3.19,4.72,1.41,3.75,3.11,3.17,2.87,1.26
00-0037091,Bo Melton,GB,WR,2.0,304,measured,12.7,18.01,16.44,13.73,6.87,15.72,11.8,12.89,11.57,10.87,7.55,10.79,9.8,14.31,15.38,15.41,2.63,1.49,1.25,1.38,4.1,2.86,1.77,10.92,7.47,7.18,6.11,10.64,7.1,13.26,12.1,2.11,1.0,3.05,3.17,2.43,1.82,3.38,2.99,1.7,1.0,2.57,3.52,3.49,1.77,2.38,4.4,4.18,15.63
00-0041179,Chris Hilton Jr.,GB,WR,,0,prior,8.6,16.39,15.82,10.75,6.5,13.91,11.8,10.2,3.18,8.06,4.29,13.2,10.81,10.31,10.99,11.29,1.74,3.64,4.26,3.59,4.92,5.01,1.17,7.61,4.36,7.0,5.93,5.54,4.66,6.25,6.26,2.01,1.56,3.06,2.53,3.71,3.18,2.52,2.67,1.71,4.14,2.69,3.81,1.69,2.68,2.05,2.38,2.31,13.83
00-0038124,Christian Watson,GB,WR,1.0,936,measured,13.8,17.55,18.91,13.85,7.0,17.46,11.8,11.62,10.55,12.42,10.05,11.2,8.11,5.88,5.81,15.06,4.48,2.34,2.55,3.13,2.38,3.76,2.82,13.5,12.63,11.84,10.77,13.81,11.44,12.33,10.93,2.17,4.26,2.26,2.72,1.23,3.19,2.27,2.69,3.65,1.54,3.06,3.16,1.3,4.4,3.7,3.18,1.0,12.68
00-0040558,Isaiah Neyor,GB,WR,,0,prior,9.4,13.7,14.95,13.61,7.32,15.15,11.8,11.3,6.31,8.76,5.99,9.09,14.68,10.31,10.99,11.29,1.46,2.81,2.0,1.62,2.7,3.55,3.3,11.77,10.15,16.06,14.98,13.55,3.6,3.59,3.59,4.54,1.96,2.75,2.28,3.29,4.35,3.82,4.93,2.02,3.92,2.02,4.35,4.31,4.03,3.19,3.48,4.1,9.81
00-0040948,J. Michael Sturdivant,GB,WR,2.0,0,prior,10.0,14.32,15.27,13.96,6.8,15.07,11.8,9.82,10.78,9.63,6.41,12.11,12.92,10.31,10.99,11.29,3.42,3.33,3.03,2.48,1.16,2.34,2.01,11.51,5.45,7.53,6.45,9.59,6.85,7.31,7.53,2.61,4.28,2.15,2.85,3.0,3.24,2.77,2.88,3.25,2.99,2.69,4.61,2.93,4.41,3.56,3.15,3.36,15.58
00-0039146,Jayden Reed,GB,WR,1.0,842,measured,15.4,15.47,15.08,13.55,6.93,13.34,11.8,13.35,14.44,11.36,8.84,7.44,13.76,6.72,15.65,17.71,1.0,2.81,3.61,2.48,4.52,1.38,2.49,14.8,12.78,12.7,11.62,15.6,12.86,16.92,16.82,4.32,1.0,4.57,4.47,1.58,2.0,2.88,1.71,1.0,3.59,4.2,3.81,2.8,2.58,2.15,2.29,3.55,11.37
00-0040667,Matthew Golden,GB,WR,1.0,419,measured,12.4,19.17,17.62,13.68,7.0,15.0,11.8,11.26,8.93,10.59,7.73,10.86,7.13,13.04,10.99,6.83,2.85,3.52,4.36,2.64,3.65,3.98,3.09,17.79,6.72,6.74,5.66,12.56,8.16,10.96,8.25,2.11,2.3,2.82,2.82,3.11,1.54,2.22,1.05,3.72,2.26,3.53,2.62,3.23,3.11,2.26,1.52,2.88,11.78
00-0040009,Savion Williams,GB,WR,3.0,80,prior,9.4,14.77,15.51,13.52,7.44,15.16,11.8,9.63,9.46,9.51,7.07,9.96,5.46,7.37,15.65,14.17,2.22,1.5,2.96,2.9,3.91,3.5,4.57,7.4,6.1,7.58,6.51,7.22,3.82,7.9,7.47,2.35,2.88,2.17,2.84,3.53,2.25,2.07,5.23,2.04,3.81,4.96,2.56,3.38,3.79,2.64,3.47,4.78,11.48
00-0038090,Skyy Moore,GB,WR,2.0,353,measured,10.2,16.39,16.56,12.15,7.56,14.33,11.8,9.98,6.43,9.56,7.93,13.34,4.98,16.32,14.06,11.29,3.01,3.45,1.03,3.02,4.27,3.21,2.52,12.23,6.39,10.78,9.71,8.62,6.67,7.37,7.22,3.04,4.44,3.62,2.5,3.5,1.94,4.01,4.45,2.24,2.55,5.19,2.17,4.57,2.79,3.46,2.84,3.34,16.15
00-0034495,Evan Brown,HOU,C,1.0,1783,measured,11.6,3.91,4.86,5.76,13.98,7.89,11.8,12.26,7.84,6.65,12.99,7.74,10.84,7.97,4.11,14.66,3.55,2.4,2.88,2.24,4.72,2.62,4.81,3.14,3.04,3.59,3.73,3.67,1.28,1.53,1.98,10.1,13.36,4.04,3.87,2.08,3.62,3.64,1.89,4.54,3.17,3.32,4.12,4.6,2.72,4.85,2.01,2.64,2.96
00-0041124,Gavin Gerhardt,HOU,C,,0,prior,11.4,4.44,5.9,6.48,13.44,8.47,11.8,6.2,11.99,8.18,5.21,9.3,9.47,10.31,10.99,11.29,3.4,3.17,3.79,1.33,2.59,1.62,2.96,1.2,2.34,1.84,4.05,5.01,3.38,2.76,1.14,9.93,16.11,3.26,4.19,2.68,3.62,4.55,1.91,3.36,2.76,4.31,2.28,4.06,2.92,3.78,2.93,3.16,2.12
00-0039030,Jake Andrews,HOU,C,3.0,1020,measured,12.9,4.67,5.33,6.43,13.73,6.7,11.8,12.96,10.02,9.39,8.41,12.78,8.64,12.54,16.55,11.29,1.39,2.61,3.77,2.73,4.6,2.36,2.9,1.98,3.24,3.13,4.08,1.39,3.03,3.23,3.89,9.48,17.91,2.32,4.49,2.74,4.45,4.25,3.2,2.11,3.46,3.03,2.04,2.89,1.54,3.16,1.16,4.44,2.67
00-0041365,Ka'ena Decambra,HOU,C,,0,prior,11.8,4.5,6.01,6.57,13.4,8.54,11.8,8.9,8.97,7.7,5.59,16.03,14.08,10.31,10.99,11.29,5.13,3.3,2.57,1.4,4.23,4.3,2.21,2.83,4.65,3.91,1.55,2.89,4.29,2.95,2.24,9.86,16.1,2.74,2.58,1.6,3.03,2.56,3.4,3.12,1.06,3.26,2.81,2.07,1.79,1.61,4.88,1.97,2.49
00-0041532,Keylan Rutledge,HOU,C,1.0,0,prior,13.3,6.0,6.4,8.13,13.65,10.67,11.8,10.57,11.5,12.03,7.08,10.18,14.76,10.31,10.99,11.29,2.68,3.26,2.3,2.81,2.75,4.47,4.12,4.11,4.04,4.78,3.36,3.49,1.0,1.72,2.45,16.07,13.56,3.39,3.27,3.95,3.06,2.24,4.14,2.98,2.74,3.64,2.45,1.9,1.82,2.14,2.29,2.53,2.02
00-0040411,Alijah Huzzie,HOU,CB,,21,prior,9.7,15.04,15.67,13.48,7.49,15.46,11.8,10.35,8.34,9.73,5.71,16.02,10.38,4.31,4.7,11.29,3.17,1.6,4.24,3.88,3.96,2.89,2.06,4.08,2.92,1.38,3.22,3.03,3.68,4.03,4.56,2.97,4.04,2.37,3.04,1.75,3.83,10.1,13.2,14.98,6.74,6.74,10.09,6.07,2.16,3.15,1.6,3.59,5.96
00-0036241,Bryce Hall,HOU,CB,,65,prior,9.8,14.79,15.6,13.57,5.5,15.36,11.8,9.93,8.4,8.44,8.36,10.55,10.03,15.1,10.99,14.09,3.89,3.82,2.68,2.92,3.78,4.55,2.86,3.64,4.48,4.1,4.31,3.04,3.54,2.32,2.68,1.65,4.2,3.57,3.75,3.44,1.83,8.66,9.55,13.42,7.26,7.26,9.49,7.22,3.61,2.84,2.55,3.27,3.56
00-0041313,Collin Wright,HOU,CB,3.0,0,prior,8.5,15.06,15.77,13.78,6.98,16.65,11.8,8.7,7.97,5.3,7.77,8.79,5.93,10.31,10.99,11.29,3.16,4.11,3.42,5.88,2.69,5.21,1.55,3.3,1.0,3.72,2.02,3.21,4.03,3.2,2.24,2.22,2.79,2.44,1.13,3.61,2.35,7.37,11.98,14.62,4.56,4.56,9.94,3.77,3.72,3.47,3.68,2.44,6.16
00-0037237,Derek Stingley Jr.,HOU,CB,1.0,1783,measured,15.7,15.08,15.81,13.92,6.72,15.3,11.8,12.92,14.27,14.51,9.14,8.26,8.18,8.37,5.61,17.32,2.75,4.55,2.43,2.96,2.53,1.97,1.95,2.62,2.54,3.61,3.39,3.2,2.68,2.4,3.15,3.77,2.53,2.4,3.2,3.19,2.36,9.51,1.8,8.21,18.51,18.13,9.86,19.05,2.3,2.78,3.82,3.77,12.03
00-0037246,Jalen Pitre,HOU,CB,1.0,1500,measured,15.1,15.06,15.83,16.28,8.0,14.53,11.8,13.79,16.03,16.15,9.69,7.13,18.24,7.66,4.64,11.29,4.43,3.13,1.33,2.69,3.17,2.21,4.13,3.61,3.49,1.96,3.32,2.83,4.06,3.83,2.74,3.33,3.76,4.12,3.64,1.0,4.18,14.79,16.05,12.72,15.76,15.76,10.24,15.19,2.21,1.0,3.61,4.35,10.86
00-0040149,Jaylin Smith,HOU,CB,2.0,29,prior,11.0,15.47,15.33,13.77,6.78,13.05,11.8,11.12,9.32,7.64,5.84,9.24,14.03,4.6,16.22,15.41,4.08,2.34,4.69,2.22,2.5,3.41,4.34,1.52,2.39,2.91,5.82,3.33,3.84,3.42,3.56,2.56,2.47,2.19,1.0,2.46,4.15,10.26,12.2,14.85,9.28,9.28,9.88,7.43,1.83,2.99,3.86,2.97,16.71
00-0039343,Kamari Lassiter,HOU,CB,1.0,1397,measured,16.1,15.08,15.57,17.74,6.13,14.62,11.8,12.27,15.44,17.35,7.64,10.71,7.6,11.82,14.02,8.04,2.67,3.44,3.88,2.57,2.71,1.0,5.16,4.02,2.76,3.25,3.98,2.6,2.9,4.41,1.72,2.02,3.0,3.31,4.59,3.87,2.74,13.85,14.43,10.37,17.87,17.59,9.68,16.65,1.63,2.57,3.89,3.38,13.12
00-0034278,Tremon Smith,HOU,CB,2.0,178,measured,10.5,14.38,14.96,13.25,6.69,14.52,11.8,12.78,13.64,8.55,9.19,11.21,10.92,17.99,10.99,11.29,2.04,2.55,2.15,3.06,2.37,3.56,1.96,2.32,2.11,5.21,1.97,2.79,2.64,2.4,1.94,2.32,2.75,1.0,2.23,3.42,3.94,7.79,9.7,14.15,8.91,8.91,9.85,7.83,4.39,4.4,3.66,4.81,10.69
00-0039402,Jaden Crumedy,HOU,DT,,117,measured,8.5,7.07,7.13,7.03,12.79,8.93,11.8,8.79,6.43,5.15,5.89,10.37,13.7,6.9,17.6,6.6,2.62,2.87,1.01,3.86,5.38,3.69,3.77,4.95,3.06,3.72,3.04,2.5,2.39,3.59,2.2,2.71,4.68,3.46,8.97,8.01,8.37,6.46,6.8,11.56,2.95,4.73,3.72,2.5,4.27,1.97,3.77,5.49,1.36
00-0040414,Junior Tafuna,HOU,DT,,0,prior,6.5,6.06,7.27,6.25,13.48,9.37,11.8,7.29,1.79,5.32,4.63,13.34,13.17,10.31,10.99,11.29,3.38,4.48,1.63,2.93,2.33,3.41,2.95,4.21,1.73,3.44,2.22,1.06,1.66,3.55,4.01,2.01,2.86,3.72,5.19,3.64,5.41,5.16,4.16,12.57,1.14,3.31,1.6,3.82,2.93,2.78,3.54,3.04,4.16
00-0041440,Kayden McDonald,HOU,DT,2.0,0,prior,9.9,4.83,5.85,4.49,14.05,8.04,11.8,9.3,10.91,6.09,4.31,7.69,13.28,10.31,10.99,11.29,3.53,2.81,3.32,2.25,1.76,3.62,2.65,1.1,1.0,2.66,4.2,1.32,3.46,2.66,5.1,2.71,4.1,3.32,11.72,9.54,8.93,8.62,8.02,7.66,3.56,3.12,1.4,3.44,3.52,2.31,3.35,2.44,2.74
00-0038127,Logan Hall,HOU,DT,2.0,1139,measured,11.0,8.27,9.96,10.53,10.97,10.5,11.8,11.2,8.47,8.96,9.15,12.83,14.08,14.43,17.21,17.88,3.83,2.11,4.29,2.81,4.37,1.22,3.0,4.55,2.26,1.91,1.66,3.73,4.28,4.14,1.92,3.64,4.58,2.58,12.8,12.9,10.98,10.12,7.77,10.67,2.31,4.21,4.14,2.29,5.41,3.45,3.58,2.38,3.53
00-0032265,Mario Edwards,HOU,DT,3.0,726,measured,13.1,8.25,10.32,7.27,16.16,11.45,11.8,12.67,10.96,10.31,11.29,14.6,8.69,7.98,13.89,6.86,4.45,2.1,2.31,3.79,2.39,2.83,1.0,2.41,3.68,1.0,4.01,3.44,1.46,3.37,3.78,2.46,2.79,2.56,14.41,12.69,13.99,11.75,7.93,11.39,2.92,3.68,3.61,2.57,1.76,2.48,2.03,4.02,2.42
00-0032759,Sheldon Rankins,HOU,DT,1.0,1006,measured,13.2,4.71,8.08,7.08,14.31,12.13,11.8,14.93,11.61,9.68,16.85,13.96,11.44,6.11,4.04,8.02,3.21,2.27,3.11,2.0,2.69,4.72,1.93,2.2,3.49,3.29,3.96,3.76,2.51,3.8,3.1,2.86,2.91,2.4,14.77,12.46,13.72,13.29,11.83,7.82,3.14,1.77,6.14,2.67,2.47,2.69,2.03,3.02,1.74
00-0036883,Tommy Togiai,HOU,DT,1.0,587,measured,14.4,7.07,7.13,10.5,19.4,10.56,11.8,12.88,13.42,13.69,11.64,8.52,11.75,16.46,10.99,11.29,1.8,3.05,2.19,2.74,1.4,2.55,2.65,2.64,1.72,2.3,2.95,2.05,2.36,2.76,1.61,4.26,2.58,1.8,12.01,8.74,14.14,16.57,18.75,10.08,3.68,5.92,2.82,2.65,1.92,2.88,2.74,3.17,3.73
00-0038724,Ali Gaye,HOU,EDGE,4.0,147,measured,7.6,10.17,12.21,11.22,10.7,13.5,11.8,10.17,3.37,5.81,7.25,10.93,14.73,4.97,15.98,7.51,1.76,2.15,2.42,3.74,2.46,3.7,4.0,3.41,2.95,3.17,4.77,3.48,4.24,3.03,2.4,2.7,2.06,3.75,5.75,5.72,6.72,7.34,5.73,11.86,5.8,6.8,3.55,4.4,3.36,2.94,3.63,3.28,1.25
00-0039902,Chris Braswell,HOU,EDGE,,459,measured,9.0,12.37,11.95,11.41,11.27,12.51,11.8,7.96,5.64,6.02,9.07,14.73,8.84,14.76,10.99,11.29,3.95,2.6,3.9,4.31,2.8,2.69,5.03,3.2,3.5,3.91,2.92,3.03,1.83,2.12,3.35,1.81,3.45,2.69,7.46,8.0,7.45,8.03,8.89,14.73,5.8,6.8,4.74,3.51,4.02,4.24,1.0,3.18,3.18
00-0031565,Danielle Hunter,HOU,EDGE,1.0,1598,measured,15.1,11.65,12.16,9.99,12.92,12.36,11.8,14.37,11.36,12.46,12.23,8.58,12.04,17.99,10.99,14.09,2.66,3.22,2.3,5.19,4.59,3.09,3.65,2.53,3.86,1.81,2.9,3.11,3.79,2.18,3.21,1.0,3.88,3.67,16.44,16.15,16.25,16.13,15.05,7.77,5.8,6.8,2.47,2.36,2.8,3.94,1.58,2.2,4.16
00-0041302,Dominic Bailey,HOU,EDGE,,0,prior,8.2,8.87,9.97,8.47,12.2,11.37,11.8,9.17,7.49,8.29,6.44,10.33,13.46,10.31,10.99,11.29,3.96,2.6,3.62,3.99,2.05,1.23,1.72,1.15,4.18,3.56,4.83,3.64,3.4,3.1,1.19,3.46,3.37,3.64,7.69,6.68,6.62,7.97,9.29,13.25,5.8,6.8,2.46,3.69,2.66,1.92,3.4,3.0,1.55
00-0037082,Dominique Robinson,HOU,EDGE,3.0,353,measured,8.7,10.4,12.41,10.06,12.92,16.96,11.8,8.64,7.39,8.86,8.98,10.36,7.13,8.39,13.82,14.09,3.02,4.6,3.64,4.72,1.59,4.2,3.92,2.37,3.05,1.98,1.6,1.28,3.92,2.19,1.95,2.27,3.72,1.07,8.4,7.67,6.28,5.86,8.86,13.79,5.8,6.8,4.29,3.57,3.88,3.3,3.6,1.54,3.49
00-0039009,Dylan Horton,HOU,EDGE,3.0,440,measured,8.6,9.74,11.87,9.9,9.0,13.42,11.8,9.91,9.97,3.93,9.31,9.67,9.14,15.84,10.99,7.73,3.56,1.7,1.78,1.0,3.21,3.23,3.85,3.24,3.27,3.21,2.49,3.07,4.35,4.69,1.79,1.67,3.9,2.44,7.24,7.66,7.37,8.99,9.71,11.71,5.8,6.8,2.37,1.0,3.89,1.62,4.55,2.48,3.52
00-0031364,Jadeveon Clowney,HOU,EDGE,2.0,1036,measured,16.2,11.85,12.94,8.81,10.67,14.37,11.8,14.37,13.73,14.4,13.06,12.18,10.49,6.45,13.92,15.84,1.49,3.54,1.48,1.54,2.74,3.8,3.0,2.04,4.07,2.23,3.27,2.37,3.32,1.55,4.49,2.26,2.98,2.19,19.41,19.99,16.0,14.11,15.42,8.4,5.8,6.8,3.66,4.93,2.38,1.29,2.56,3.24,1.39
00-0041305,Sabastian Harsh,HOU,EDGE,2.0,0,prior,9.2,10.92,12.19,11.19,11.54,13.24,11.8,7.76,5.81,7.76,6.81,13.63,11.5,10.31,10.99,11.29,2.93,3.97,3.61,4.56,2.33,1.67,2.81,2.82,1.92,2.75,3.4,2.53,2.5,4.06,2.55,1.16,3.28,3.52,7.87,7.81,7.84,9.22,10.38,12.98,5.8,6.8,2.96,3.44,4.47,2.9,2.79,1.64,2.01
00-0039427,Solomon Byrd,HOU,EDGE,4.0,13,prior,6.9,11.2,12.75,11.85,11.1,13.75,11.8,8.42,2.17,6.24,6.87,13.73,13.52,12.42,10.99,11.29,3.1,2.9,3.06,3.75,2.79,3.94,3.25,3.37,2.73,3.72,2.01,4.71,2.11,2.19,4.34,3.55,1.94,3.09,4.95,5.14,5.4,5.09,4.05,13.54,5.8,6.8,3.47,3.8,3.08,2.53,2.77,3.32,2.87
00-0039108,Will Anderson Jr.,HOU,EDGE,1.0,1258,measured,15.3,12.37,13.85,12.83,10.59,14.46,11.8,9.64,11.78,15.22,6.25,14.81,11.9,12.18,6.89,16.49,2.87,3.58,2.71,2.27,1.76,3.21,3.16,4.4,3.11,2.78,2.96,3.42,2.56,4.35,3.46,4.27,3.11,3.9,15.59,16.37,17.0,17.06,15.96,11.64,5.8,6.8,3.58,3.54,3.96,1.0,2.51,1.58,1.97
00-0032726,Ka'imi Fairbairn,HOU,K,1.0,90,measured,18.1,5.59,8.29,8.85,9.88,11.19,14.51,17.15,17.6,17.43,13.98,13.57,12.42,12.07,13.83,11.29,3.47,3.15,3.53,1.94,2.08,1.0,2.19,2.75,2.74,3.32,4.84,3.46,1.97,2.58,4.11,2.67,2.03,2.71,3.37,3.6,3.03,2.38,1.62,2.45,3.61,2.87,2.77,4.56,16.84,19.3,2.28,1.4,2.84
00-0041449,Aiden Fisher,HOU,LB,2.0,0,prior,11.8,12.03,12.78,11.95,10.4,13.43,11.8,9.37,7.94,8.96,6.54,10.24,12.99,10.31,10.99,11.29,3.33,1.98,3.85,1.79,1.0,2.54,3.31,1.34,4.94,3.37,2.49,3.5,2.07,3.34,5.4,1.78,3.32,4.64,13.45,13.34,10.14,12.43,15.13,15.92,4.95,6.45,2.69,2.74,4.35,3.32,3.42,3.85,3.68
00-0035166,Azeez Al-Shaair,HOU,LB,1.0,1684,measured,15.1,11.71,12.58,12.13,8.0,13.1,11.8,12.43,15.47,14.42,9.66,13.89,16.17,6.88,7.35,6.24,2.58,2.79,1.0,3.54,2.57,3.5,2.03,1.0,3.18,4.77,2.34,3.39,1.7,4.65,3.74,3.84,2.2,4.8,10.86,11.47,15.71,18.34,15.8,11.85,18.27,19.21,4.34,12.87,2.9,2.78,2.04,3.14,1.77
00-0034987,E.J. Speed,HOU,LB,2.0,1359,measured,14.4,11.16,12.34,12.5,8.9,12.84,11.8,13.7,8.62,9.67,7.68,6.43,13.31,15.13,15.02,6.28,1.75,3.91,2.5,2.15,3.35,1.96,1.27,2.02,2.8,4.38,3.58,1.61,3.62,1.82,2.22,3.1,2.72,4.13,9.91,10.02,18.71,18.47,16.99,15.34,7.93,9.43,2.78,5.61,5.01,3.54,2.33,3.25,1.35
00-0038599,Henry To'oTo'o,HOU,LB,1.0,1482,measured,11.2,12.0,12.0,11.91,9.61,12.0,11.8,8.72,5.22,8.41,12.09,7.71,15.95,12.51,13.64,7.42,2.49,4.09,1.74,2.35,4.08,3.85,4.45,3.73,2.13,1.42,2.86,3.89,3.65,1.72,3.61,2.6,3.42,4.42,6.25,6.41,11.83,12.07,11.54,14.21,10.02,11.52,2.02,8.15,3.84,1.7,2.64,3.83,4.04
00-0037633,Jacob Hummel,HOU,LB,3.0,97,prior,11.0,12.01,12.74,11.96,10.13,13.31,11.8,11.77,7.02,11.24,8.12,7.38,10.95,12.35,14.1,11.29,2.78,3.3,2.13,4.03,3.84,3.26,3.41,3.65,3.57,2.41,3.14,5.11,2.28,3.84,1.48,3.14,2.17,4.17,6.41,6.39,9.9,11.16,12.21,13.37,8.52,10.02,3.13,5.05,3.42,2.39,4.09,2.6,3.19
00-0037457,Jake Hansen,HOU,LB,1.0,116,measured,11.5,11.94,12.67,11.89,10.22,13.29,11.8,9.14,7.98,5.02,9.77,12.79,12.83,14.37,5.84,14.56,3.31,3.16,1.62,1.53,3.38,3.2,1.18,2.41,4.39,5.73,4.2,3.97,1.96,2.35,1.74,3.25,2.5,2.33,12.21,12.13,6.54,10.08,13.0,12.76,12.56,14.06,3.65,5.91,3.47,3.28,1.31,3.41,2.13
00-0039395,Jamal Hill,HOU,LB,,3,prior,9.0,11.92,12.48,11.54,10.52,13.11,11.8,8.64,5.67,5.32,5.33,8.14,13.25,7.88,4.38,7.78,3.94,3.39,4.0,2.69,1.78,2.94,1.26,2.16,3.48,4.21,4.75,3.41,2.72,3.24,3.74,3.08,3.93,2.51,6.98,6.79,5.49,6.97,10.78,11.64,7.51,9.01,4.1,2.14,2.86,1.49,3.06,2.39,3.08
00-0040413,K.C. Ossai,HOU,LB,4.0,0,prior,8.8,12.19,13.16,12.43,10.64,13.9,11.8,7.72,7.79,3.82,6.3,13.53,9.03,10.31,10.99,11.29,2.76,2.29,1.67,3.52,3.16,1.14,3.88,3.23,1.0,4.08,4.03,3.09,2.69,3.76,3.65,2.7,3.37,2.9,7.98,7.84,5.43,6.93,10.21,11.66,7.16,8.66,2.7,2.03,3.26,2.82,2.94,1.63,3.21
00-0041465,Wade Woodaz,HOU,LB,2.0,0,prior,11.8,12.33,13.56,13.43,9.3,13.97,11.8,8.64,9.48,9.82,6.78,11.16,12.08,10.31,10.99,11.29,2.41,2.58,2.42,4.96,2.89,2.4,2.86,2.25,2.77,3.02,3.5,2.56,2.76,2.75,3.93,1.97,3.4,2.04,13.18,13.57,10.44,12.65,15.12,15.86,4.92,6.42,3.9,2.78,3.26,1.63,4.11,5.12,3.16
00-0040409,Austin Brinkman,HOU,LS,1.0,0,prior,11.0,10.6,11.56,10.69,9.71,12.54,11.26,10.05,12.01,10.67,9.52,9.33,8.44,13.04,10.99,11.29,1.54,2.48,2.41,2.52,4.0,1.56,5.17,4.91,2.96,3.16,4.04,1.63,2.79,2.77,3.51,3.29,2.61,2.41,3.11,3.6,2.45,2.72,4.57,3.49,2.24,2.79,5.12,2.46,3.91,2.79,1.0,1.53,1.54
00-0038131,Ed Ingram,HOU,OG,1.0,1597,measured,10.6,6.4,6.2,5.11,13.08,2.85,11.8,10.11,9.07,10.29,7.57,10.78,7.37,12.35,15.98,4.36,1.66,2.89,3.93,3.8,2.3,3.2,3.78,1.55,1.42,2.49,3.17,3.23,1.74,3.87,3.23,8.7,13.46,3.55,4.09,3.81,2.76,1.59,3.96,2.65,2.76,3.57,1.52,3.04,2.9,2.57,4.14,3.23,1.26
00-0041559,Febechi Nwaiwu,HOU,OG,2.0,0,prior,10.9,4.31,5.75,5.37,13.22,6.01,11.8,7.62,11.03,8.71,5.91,10.03,12.77,10.31,10.99,11.29,1.0,1.39,3.48,4.78,2.83,3.7,2.6,2.66,1.46,4.81,4.11,3.36,2.77,4.08,2.76,9.75,13.56,1.35,3.68,2.16,4.09,1.66,4.07,4.35,1.57,4.35,2.94,2.91,4.64,3.97,5.03,3.66,3.75
00-0034399,Wyatt Teller,HOU,OG,2.0,1765,measured,13.2,2.07,5.87,5.62,15.24,8.69,11.8,14.05,11.25,11.46,11.66,11.78,5.25,7.46,5.87,7.38,3.73,3.48,2.69,3.4,3.21,4.83,3.83,1.87,1.14,3.17,3.5,2.56,3.11,1.9,1.48,11.48,16.72,3.64,2.66,3.93,1.88,3.2,2.39,4.26,2.81,1.87,2.99,4.59,4.01,2.36,3.2,2.35,4.96
00-0040745,Aireontae Ersery,HOU,OT,1.0,982,measured,12.8,6.53,8.07,4.72,11.86,9.65,11.8,9.33,9.62,9.42,9.09,13.22,8.49,13.04,10.99,5.58,3.47,3.68,2.89,2.73,3.89,4.96,2.75,2.11,4.54,4.58,3.75,4.22,3.05,4.67,2.79,11.55,17.43,5.01,2.36,3.23,1.46,2.8,1.33,3.03,3.56,1.0,3.52,1.89,1.38,4.15,2.34,3.08,1.6
00-0039857,Blake Fisher,HOU,OT,2.0,526,measured,9.6,4.0,7.5,5.61,12.11,9.37,11.8,8.98,4.62,5.92,8.26,9.28,14.46,12.56,6.39,11.29,2.98,1.48,2.86,2.11,3.16,2.26,3.0,4.7,2.99,3.18,3.33,3.11,3.51,1.69,2.89,9.83,10.06,1.84,1.68,3.84,3.12,4.02,1.86,2.3,1.69,4.23,2.38,3.27,2.88,1.54,2.32,2.25,5.03
00-0034836,Braden Smith,HOU,OT,3.0,1418,measured,13.8,2.84,6.24,4.67,17.55,11.51,11.8,13.07,6.67,6.57,10.84,13.44,6.56,5.07,6.82,18.69,3.71,4.96,3.43,3.67,4.72,2.8,3.88,5.11,2.9,1.77,3.81,3.08,2.71,2.48,3.66,18.91,12.5,2.21,4.09,1.14,2.48,2.86,3.51,1.87,4.14,1.43,3.18,3.09,2.92,2.13,4.07,2.64,4.14
00-0041306,James Neal III,HOU,OT,,0,prior,10.2,4.2,5.9,4.73,11.95,8.38,11.8,8.3,9.35,6.09,4.68,10.12,11.84,10.31,10.99,11.29,3.35,1.99,3.72,2.51,3.03,2.71,3.33,3.75,1.81,3.88,4.03,4.54,3.05,3.99,3.7,11.01,11.55,3.67,2.46,1.09,3.58,2.71,2.93,1.69,5.04,2.86,5.09,2.96,2.7,4.64,1.74,1.52,4.21
00-0036605,Max Pircher,HOU,OT,,0,prior,11.9,4.04,5.87,5.25,11.53,8.32,11.8,11.0,6.18,7.42,7.22,10.16,10.32,10.31,10.99,11.29,2.29,2.65,3.79,2.8,4.8,2.76,3.74,3.71,1.0,4.03,3.38,3.12,2.62,2.83,3.89,11.14,15.52,3.13,3.12,3.05,2.55,2.38,3.61,4.17,3.01,1.89,3.16,4.34,3.2,3.5,2.06,3.11,2.74
00-0039422,Nathan Thomas,HOU,OT,2.0,311,measured,10.0,4.13,6.07,3.46,12.25,6.6,11.8,8.29,7.67,7.62,6.98,14.67,13.57,13.04,10.99,11.29,3.16,3.71,2.45,2.32,3.85,3.9,1.96,3.5,2.21,2.23,1.39,2.28,3.74,4.92,1.09,14.01,8.84,4.02,3.61,1.97,1.21,4.44,2.28,1.82,3.4,4.02,4.73,3.25,3.0,4.9,3.96,1.87,1.22
00-0041303,Sam Hagen,HOU,OT,4.0,0,prior,10.4,4.34,6.1,5.11,12.02,8.57,11.8,10.23,4.23,6.27,7.58,17.39,5.27,10.31,10.99,11.29,3.81,2.39,2.53,1.0,3.08,3.85,3.84,2.7,3.2,2.62,2.2,3.05,3.25,1.0,3.43,11.01,11.55,2.1,2.7,1.96,3.76,2.09,2.82,3.98,3.82,4.68,2.63,2.89,2.64,2.92,1.98,4.24,2.8
00-0032071,Trent Brown,HOU,OT,1.0,778,measured,13.3,1.96,2.03,1.0,10.0,2.73,11.8,13.74,10.96,11.34,13.25,13.12,16.56,4.02,18.77,6.08,4.73,2.85,2.85,2.33,3.16,3.35,3.46,3.85,2.47,2.71,3.98,5.11,2.79,2.77,1.1,15.45,17.75,3.73,3.68,2.46,2.89,3.83,1.0,2.47,3.43,3.66,1.73,2.89,3.5,2.31,2.12,2.42,1.0
00-0040654,Kai Kroeger,HOU,P,1.0,42,measured,6.8,8.57,10.22,9.72,10.13,12.13,11.14,8.83,4.67,5.74,9.34,6.87,10.74,13.04,10.99,11.29,1.06,3.05,1.46,4.08,1.7,2.85,2.62,1.05,4.23,1.0,2.64,3.27,2.27,2.63,4.01,4.24,3.88,3.77,3.5,3.83,2.64,3.39,2.93,1.54,2.93,1.11,4.06,2.64,2.23,3.0,7.1,6.54,4.3
00-0039163,C.J. Stroud,HOU,QB,1.0,1854,measured,10.9,9.83,10.21,11.97,10.08,11.01,11.8,9.7,12.59,11.84,11.53,18.52,16.1,11.83,4.33,14.41,15.67,9.97,8.72,10.18,12.32,9.6,11.39,15.81,4.44,10.13,3.39,2.64,3.71,2.17,2.42,3.76,2.1,1.19,1.09,3.34,1.85,2.31,3.67,1.84,2.49,3.17,2.97,2.2,2.32,2.13,3.51,2.05,4.68
00-0036898,Davis Mills,HOU,QB,2.0,342,measured,9.0,9.07,9.13,12.98,10.08,11.16,11.8,8.3,8.52,8.45,10.11,8.02,11.35,17.99,10.99,11.29,13.06,5.2,11.08,6.95,7.72,13.21,8.16,8.05,4.51,3.5,3.93,3.86,1.14,1.0,2.75,3.61,2.65,3.2,3.27,2.6,1.03,2.61,1.25,4.5,3.44,3.13,3.9,2.19,1.0,2.92,2.68,3.78,3.86
00-0040211,Graham Mertz,HOU,QB,3.0,0,prior,7.1,9.7,9.98,12.04,10.08,10.83,11.8,6.57,6.99,7.11,7.04,9.95,9.91,10.31,10.99,11.29,4.6,6.55,7.66,9.12,4.58,5.56,8.89,7.41,2.53,1.0,1.6,3.18,2.46,1.65,2.47,2.37,2.75,2.5,3.01,3.05,1.81,2.33,1.64,3.03,2.8,1.58,4.5,4.17,3.73,2.55,3.81,5.83,1.54
00-0041156,Mark Gronowski,HOU,QB,,0,prior,6.9,9.21,10.17,12.25,10.08,11.52,11.8,5.1,5.98,9.33,6.74,8.55,9.51,10.31,10.99,11.29,10.94,6.59,6.9,8.59,4.81,5.59,5.36,7.44,2.44,2.55,2.66,2.75,3.35,2.46,3.79,3.59,2.49,3.62,3.47,3.99,2.26,2.48,4.21,3.78,3.4,3.64,3.41,3.17,2.28,1.96,2.48,1.65,3.79
00-0039603,British Brooks,HOU,RB,3.0,63,prior,9.9,13.22,13.92,12.2,9.84,13.87,11.8,8.76,7.38,10.92,6.99,10.42,9.45,14.76,10.99,11.29,1.86,2.32,3.43,2.11,2.47,1.94,1.89,11.44,10.06,6.67,6.93,9.38,2.6,3.68,3.36,1.0,5.96,1.0,4.16,4.35,2.91,2.78,2.75,3.17,2.64,2.57,2.89,3.52,2.51,3.26,4.55,1.81,12.44
00-0035685,David Montgomery,HOU,RB,1.0,843,measured,13.4,11.41,12.72,11.51,7.5,10.27,11.8,13.59,12.91,11.21,12.08,13.49,13.21,7.32,6.33,15.98,2.88,3.91,3.67,2.37,3.11,3.3,2.52,8.92,16.09,14.49,15.98,15.43,2.73,10.62,8.12,4.15,6.64,5.15,2.9,3.41,3.35,1.74,1.49,1.0,3.6,2.13,3.28,1.96,3.26,4.17,1.56,4.25,9.02
00-0039405,Jawhar Jordan,HOU,RB,,74,prior,11.2,13.11,13.73,14.91,6.87,13.9,11.8,7.98,7.78,11.55,5.23,10.81,12.65,13.04,10.99,11.29,2.07,3.78,1.88,1.43,3.23,3.83,4.71,13.92,12.46,8.4,7.35,11.32,3.8,8.53,9.26,1.83,6.47,2.83,2.36,4.5,3.43,3.17,4.89,2.54,3.37,3.42,1.11,2.63,2.92,2.49,2.52,3.68,12.86
00-0041312,Noah Whittington,HOU,RB,,0,prior,11.1,13.6,13.73,13.8,12.46,13.56,11.8,10.78,10.93,13.53,6.57,12.57,6.77,10.31,10.99,11.29,3.77,3.0,1.49,2.8,3.79,2.36,1.43,15.23,9.65,8.14,9.47,11.34,3.53,5.78,6.33,3.21,5.57,4.21,4.56,2.17,3.07,2.89,1.16,3.84,1.0,3.45,3.68,2.67,2.42,1.99,2.96,1.75,10.16
00-0040583,Woody Marks,HOU,RB,2.0,519,measured,11.1,13.48,13.53,13.68,9.0,13.71,11.8,8.94,11.23,9.94,5.16,10.18,8.1,13.04,10.99,5.58,4.91,1.89,1.97,1.17,4.05,2.36,4.36,15.97,9.47,10.47,9.26,6.1,2.79,5.37,3.99,2.77,9.3,3.77,2.38,2.89,4.15,3.93,3.61,1.4,4.29,2.46,1.56,4.2,3.42,1.58,2.35,4.27,12.57
00-0039838,Calen Bullock,HOU,S,1.0,1551,measured,14.2,14.77,15.98,12.61,6.86,14.77,11.8,10.76,11.4,12.52,6.83,12.65,16.81,14.76,10.99,11.29,2.37,3.43,1.99,3.76,4.41,2.85,3.65,1.34,2.82,2.68,5.51,4.31,4.1,3.27,3.73,4.38,3.21,2.28,2.96,2.72,1.85,8.78,6.1,13.31,18.24,18.75,8.92,18.71,1.92,2.92,2.58,4.97,9.8
00-0034091,George Odum,HOU,S,,104,measured,9.0,12.31,13.19,12.46,7.78,13.33,11.8,9.67,6.61,3.01,10.69,3.08,18.49,12.37,15.02,14.86,3.52,4.9,3.91,1.56,3.42,2.76,3.95,4.91,1.98,2.82,3.31,1.25,1.88,4.27,2.89,3.46,2.77,1.91,1.43,3.98,3.17,8.19,10.56,12.13,6.3,7.3,9.19,6.75,3.27,1.18,2.74,1.29,9.8
00-0037661,Ja'Marcus Ingram,HOU,S,3.0,235,measured,10.9,14.16,15.17,12.68,6.89,14.24,11.8,10.37,9.7,7.31,6.88,6.12,6.66,16.96,10.99,11.29,3.04,2.54,1.63,2.46,3.52,2.48,3.28,1.88,3.42,2.85,3.38,1.7,3.19,2.74,2.86,3.2,4.16,4.85,1.93,5.94,1.69,11.49,11.54,12.89,8.65,9.65,8.93,9.53,1.28,2.33,3.25,2.76,9.8
00-0041466,Kamari Ramsey,HOU,S,2.0,0,prior,10.7,15.01,14.59,14.27,8.0,14.5,11.8,8.58,9.32,8.25,5.5,5.48,17.01,10.31,10.99,11.29,2.87,3.31,4.85,1.45,4.14,3.07,2.7,2.83,3.59,2.12,2.11,2.85,4.04,1.43,1.73,4.28,4.97,1.64,4.59,1.67,5.04,14.08,12.29,12.72,8.01,9.01,9.26,7.97,3.98,3.98,2.74,3.18,9.8
00-0034355,M.J. Stewart,HOU,S,2.0,341,measured,10.4,12.51,12.25,13.38,9.0,12.75,11.8,9.84,9.21,11.06,10.05,11.56,11.59,8.3,5.72,7.9,2.72,3.38,4.03,3.23,2.02,2.96,3.17,4.02,1.83,3.35,2.35,2.85,2.35,2.49,3.5,2.26,1.92,4.76,3.9,3.1,2.57,13.61,12.92,10.65,8.25,9.25,9.56,6.99,2.88,2.9,1.62,4.71,9.8
00-0037130,Reed Blankenship,HOU,S,1.0,1857,measured,15.1,13.96,14.91,13.79,7.64,14.62,11.8,11.87,12.46,16.78,13.72,15.1,6.93,11.87,17.5,11.29,4.04,3.32,2.7,3.66,3.2,2.81,4.09,3.83,2.55,3.35,3.1,3.23,3.09,2.43,4.42,2.27,2.19,3.24,2.68,4.35,1.57,10.83,14.34,15.48,17.04,17.73,9.15,16.98,2.97,4.19,2.93,3.37,9.8
00-0036556,Brevin Jordan,HOU,TE,5.0,161,measured,10.1,11.69,11.85,12.07,8.5,11.3,11.8,12.74,5.23,10.7,8.79,10.65,13.08,11.83,5.52,8.09,2.33,3.89,2.44,3.22,2.73,2.18,4.56,10.05,3.52,5.46,8.12,14.58,7.03,9.2,7.93,10.27,10.18,8.12,3.23,2.78,2.42,3.69,3.75,4.07,1.76,3.44,2.58,1.28,2.92,5.32,2.23,2.38,3.9
00-0039359,Cade Stover,HOU,TE,3.0,486,measured,9.9,11.54,12.02,11.24,9.89,13.22,11.8,10.02,9.85,6.66,7.0,10.28,11.23,12.56,5.68,8.04,3.46,3.22,4.04,3.42,2.75,4.1,3.23,12.21,2.72,6.0,8.66,8.21,9.73,10.11,9.85,12.56,7.45,10.4,2.45,3.44,3.18,2.49,3.89,1.11,2.01,2.88,3.37,3.99,1.58,2.17,3.4,3.55,2.8
00-0034383,Dalton Schultz,HOU,TE,1.0,1606,measured,12.6,9.24,11.24,11.97,7.5,11.95,11.8,12.24,11.22,10.59,12.32,8.71,11.32,15.43,7.31,15.17,3.88,1.25,2.42,4.17,6.26,2.67,3.24,9.43,1.3,8.74,11.39,14.83,16.81,13.79,13.76,10.79,15.04,8.63,1.95,2.78,1.71,2.9,2.62,2.75,4.32,3.24,3.0,4.44,3.55,3.56,3.6,2.94,1.25
00-0034981,Foster Moreau,HOU,TE,2.0,949,measured,11.8,10.91,12.47,13.29,11.33,14.59,11.8,11.0,8.83,9.76,11.08,11.66,13.56,15.07,15.31,7.93,3.32,2.69,3.53,3.35,3.44,2.93,2.05,11.34,2.62,11.97,14.63,10.83,11.82,10.23,10.46,13.31,12.22,11.16,2.89,3.02,1.48,4.04,1.7,2.18,1.85,3.55,2.7,3.11,3.33,4.11,3.95,2.09,1.0
00-0041472,Marlin Klein,HOU,TE,4.0,0,prior,9.2,12.18,12.35,10.28,9.08,14.08,11.8,7.83,7.49,7.89,7.06,8.78,12.26,10.31,10.99,11.29,3.72,3.83,3.25,2.94,2.99,5.06,2.04,14.55,1.0,5.97,8.63,10.1,8.54,8.67,8.19,9.04,8.48,6.88,1.74,3.29,2.02,2.78,1.88,3.97,3.55,3.89,1.14,3.55,3.2,4.71,3.54,4.54,3.94
00-0037340,Zaire Mitchell-Paden,HOU,TE,,98,prior,9.2,10.4,11.76,11.66,10.28,12.9,11.8,11.39,4.35,7.49,9.98,11.41,9.24,5.71,15.98,5.58,3.27,3.07,3.55,3.14,3.63,2.11,3.01,6.77,2.34,4.59,7.24,14.07,6.44,5.86,5.24,9.29,10.63,7.13,3.2,2.2,4.09,1.18,3.08,2.48,1.0,2.22,4.46,3.48,3.67,2.78,3.41,2.61,3.69
00-0041309,Daniel Sobkowicz,HOU,WR,,0,prior,8.6,14.42,15.33,14.06,6.67,15.06,11.8,8.99,7.56,9.76,5.63,16.01,13.57,10.31,10.99,11.29,4.09,2.7,3.79,3.92,2.78,2.75,2.42,7.61,4.36,7.0,5.93,5.54,4.66,6.25,6.26,2.48,4.22,3.5,3.87,3.17,2.68,3.08,1.8,2.58,2.55,2.61,2.62,3.8,2.51,4.24,1.0,2.74,13.04
00-0038728,Jared Wayne,HOU,WR,2.0,58,prior,10.6,14.17,15.17,13.82,6.99,15.09,11.8,10.51,8.1,9.02,7.77,11.29,3.78,14.76,10.99,11.29,1.0,2.93,2.44,1.19,2.04,3.27,3.85,12.1,7.49,12.11,11.04,14.33,5.46,6.76,5.11,3.55,1.97,3.49,2.74,2.69,2.85,2.87,2.34,1.78,3.1,4.26,3.28,2.25,3.31,2.58,1.42,3.49,14.95
00-0040130,Jayden Higgins,HOU,WR,3.0,610,measured,9.3,15.01,16.56,13.85,7.0,17.12,11.8,8.96,7.24,6.71,7.72,10.98,11.58,13.04,10.99,11.29,1.51,3.77,3.85,3.08,3.13,4.87,3.49,8.71,5.85,6.43,5.36,4.84,4.97,8.22,8.15,3.66,1.71,4.92,4.1,2.42,2.96,3.99,2.02,3.07,3.03,4.3,2.32,3.38,1.86,2.71,3.64,3.84,9.93
00-0040138,Jaylin Noel,HOU,WR,1.0,273,measured,12.3,16.86,18.54,15.75,12.0,18.75,11.8,9.64,13.24,11.02,9.48,6.1,8.84,13.04,10.99,11.29,2.91,3.22,3.08,1.0,2.92,1.59,4.8,16.49,7.96,7.54,6.46,14.58,8.55,8.7,7.69,4.07,1.0,2.32,3.09,1.28,2.72,2.17,2.94,4.36,4.67,3.99,1.88,2.51,2.7,2.87,3.5,4.29,15.48
00-0040049,Josh Kelly,HOU,WR,,0,prior,9.7,14.94,15.5,14.01,6.64,15.01,11.8,8.89,8.7,8.48,7.34,12.97,8.84,10.31,10.99,11.29,2.66,3.6,5.1,2.89,4.0,3.55,3.75,11.77,10.15,16.06,14.98,13.55,3.6,3.59,3.59,3.03,2.94,2.12,4.28,3.64,2.93,2.98,1.41,1.99,3.14,4.18,3.79,3.09,3.17,2.44,3.99,3.36,10.3
00-0038608,Kayshon Boutte,HOU,WR,2.0,1103,measured,10.3,14.31,13.73,13.25,7.89,10.43,11.8,10.03,8.35,9.84,6.28,11.64,8.81,7.17,16.92,4.77,2.78,5.82,2.65,3.04,3.66,3.58,3.2,11.18,5.49,5.17,4.1,11.12,12.15,7.11,5.8,1.0,1.91,3.54,4.07,1.74,2.06,3.14,2.69,4.32,2.82,2.99,2.68,2.59,3.88,1.49,4.79,4.61,15.15
00-0041467,Lewis Bond,HOU,WR,,0,prior,8.6,15.21,15.52,13.73,6.93,14.99,11.8,8.74,11.06,12.02,6.32,13.35,7.91,10.31,10.99,11.29,2.18,3.01,4.89,2.4,4.1,4.77,1.0,7.77,4.38,6.9,5.83,4.92,4.52,6.51,6.44,2.05,2.43,2.28,2.32,4.77,1.87,2.16,4.77,4.51,2.59,4.02,3.01,2.07,2.6,2.27,3.79,3.34,12.81
00-0038839,Mitchell Tinsley,HOU,WR,,270,measured,7.6,12.37,13.18,13.96,7.0,14.17,11.8,9.99,6.06,9.89,7.96,8.98,9.33,14.23,10.99,11.29,2.16,3.26,4.24,4.61,1.92,4.04,5.14,7.31,5.18,7.68,6.61,5.84,5.09,4.4,4.81,2.69,3.48,3.71,2.74,2.05,2.87,3.4,4.4,1.78,2.27,3.76,1.9,3.26,3.02,2.77,2.64,3.42,12.16
00-0036554,Nico Collins,HOU,WR,1.0,1322,measured,15.5,15.93,16.32,15.09,7.0,16.05,11.8,13.64,15.44,15.15,10.55,7.59,12.24,11.84,15.5,7.22,3.9,2.03,3.66,2.98,1.79,1.58,1.16,11.05,16.67,15.69,14.61,15.39,15.51,15.63,14.63,2.67,1.34,1.53,1.98,3.53,3.71,2.59,3.98,2.87,4.37,2.01,2.75,3.86,3.12,3.16,3.59,4.35,13.61
00-0038977,Tank Dell,HOU,WR,2.0,624,measured,11.3,14.54,14.59,14.65,5.65,14.48,11.8,11.87,10.53,10.1,8.49,10.49,10.79,11.8,14.67,14.18,1.74,3.74,4.48,4.41,3.31,4.33,3.23,13.54,6.88,5.95,4.88,9.73,8.19,11.51,10.16,2.38,4.0,2.32,1.68,2.48,2.43,4.36,3.78,3.6,3.25,4.68,3.3,2.64,3.21,4.11,3.48,4.33,14.46
00-0038618,Xavier Hutchinson,HOU,WR,1.0,1057,measured,10.7,13.66,12.89,13.64,6.99,13.94,11.8,10.61,10.65,11.07,12.33,8.96,14.07,15.84,10.99,7.42,3.5,3.22,3.63,2.73,1.91,2.91,3.08,13.94,7.29,12.05,10.98,12.51,11.15,6.71,6.85,1.1,2.79,4.11,4.2,3.62,4.84,4.0,4.23,2.11,1.5,3.72,2.73,3.6,3.12,4.32,2.95,2.68,13.65
00-0039876,Sedrick Van Pran-Granger,IND,C,2.0,154,measured,10.9,4.0,5.49,6.82,13.54,8.31,11.8,8.68,9.17,7.83,7.75,9.68,10.76,14.76,10.99,11.29,4.19,3.13,1.84,3.5,1.81,3.55,3.59,3.75,2.1,3.69,3.58,3.88,3.38,3.6,3.73,10.56,12.29,4.36,3.29,3.21,3.73,3.35,2.89,2.46,2.36,3.2,3.45,5.29,4.15,3.34,3.47,1.9,3.16
00-0039744,Tanor Bortolini,IND,C,1.0,1088,measured,15.5,7.47,8.73,12.25,13.3,11.63,11.8,12.76,11.65,14.32,8.85,10.58,13.82,8.01,17.04,11.29,3.26,2.09,1.98,1.11,2.61,3.7,1.94,4.31,3.36,2.16,2.68,2.35,2.37,2.01,3.86,16.01,18.56,2.67,2.8,4.39,3.26,4.93,1.75,3.06,2.72,2.25,2.97,3.87,4.42,2.91,2.96,3.31,2.31
00-0037753,Cam Taylor-Britt,IND,CB,2.0,1276,measured,12.0,17.09,16.88,13.54,7.52,15.65,11.8,12.58,9.96,9.17,6.01,10.2,7.85,6.46,18.24,16.74,1.95,3.53,1.64,2.31,2.73,4.56,2.47,2.14,2.97,2.5,1.5,2.72,2.42,2.52,2.87,4.02,2.84,2.51,3.77,2.74,2.2,3.67,7.83,14.24,10.36,10.36,10.1,10.7,2.76,2.67,1.49,3.57,15.21
00-0038585,Cameron Mitchell,IND,CB,4.0,600,measured,8.9,15.01,15.64,13.7,7.5,14.44,11.8,9.93,8.32,4.16,8.1,5.68,12.83,15.84,10.99,16.1,3.84,3.07,2.48,3.04,2.53,3.62,5.74,2.68,4.89,4.67,2.67,2.09,2.68,2.99,3.88,3.38,1.52,5.32,1.67,2.85,3.17,2.54,7.36,11.15,5.69,5.69,10.09,5.2,2.34,1.33,1.85,2.37,5.85
00-0034573,Charvarius Ward,IND,CB,1.0,1257,measured,13.5,14.33,15.01,13.25,6.72,14.66,11.8,14.54,13.31,13.59,11.09,10.41,15.35,4.74,7.26,7.86,1.0,2.73,1.05,3.02,3.36,2.62,1.38,3.61,4.43,2.92,2.49,2.24,2.43,1.88,3.94,3.63,2.87,3.82,2.72,3.35,2.38,6.4,6.75,11.15,14.48,14.48,9.86,13.59,2.37,2.66,4.19,2.97,6.7
00-0040347,Johnathan Edwards,IND,CB,3.0,294,measured,8.4,15.07,15.88,13.83,7.0,15.54,11.8,8.65,6.35,5.53,6.5,9.35,14.19,13.04,10.99,11.29,3.53,2.7,3.14,2.76,2.74,2.91,3.43,2.37,3.08,5.32,2.77,2.76,3.55,1.56,2.86,2.89,3.2,3.36,2.93,2.92,1.79,7.91,11.55,16.88,4.49,4.49,9.94,3.83,1.78,2.11,2.06,1.51,6.15
00-0040139,Justin Walley,IND,CB,1.0,0,prior,14.2,16.62,16.49,13.72,6.95,15.16,11.8,12.38,12.34,12.07,8.61,11.85,10.68,10.31,10.99,11.29,2.57,1.55,3.4,4.04,2.28,3.33,5.56,2.39,3.16,2.16,3.5,2.49,1.65,1.92,2.43,3.02,4.31,2.68,1.78,3.96,2.69,11.56,12.69,16.15,14.52,14.52,9.93,12.49,2.94,4.07,3.12,3.3,9.68
00-0040928,Kapena Gushiken,IND,CB,2.0,0,prior,9.8,15.03,15.52,13.48,7.29,15.12,11.8,7.38,8.65,8.08,6.76,12.5,12.4,10.31,10.99,11.29,2.33,1.21,4.01,2.97,3.04,2.41,2.48,2.88,1.0,3.57,3.69,2.36,3.87,3.09,3.06,4.25,3.97,3.0,1.74,1.0,4.06,8.74,12.05,14.96,7.05,7.05,10.03,6.06,4.12,3.7,3.03,1.86,18.3
00-0041320,Kenneth Harris,IND,CB,,0,prior,8.5,15.06,15.77,13.78,6.98,15.35,11.8,8.12,8.92,7.5,5.68,9.77,8.57,10.31,10.99,11.29,3.04,5.22,4.42,2.23,1.45,3.08,4.17,4.27,2.3,3.62,2.28,3.28,1.48,3.52,3.03,4.17,1.37,3.69,1.61,2.39,1.55,7.37,11.98,14.62,4.56,4.56,9.94,3.77,1.0,3.08,2.2,3.79,6.16
00-0040790,Rob Carter Jr.,IND,CB,,0,prior,8.5,15.07,15.41,13.84,6.36,14.48,11.8,6.78,4.19,7.77,5.5,15.39,9.33,10.31,10.99,11.29,4.96,3.15,1.65,2.69,3.45,3.29,3.92,3.73,3.26,3.01,3.44,4.76,3.95,2.96,3.49,2.28,3.49,2.02,1.88,4.03,2.97,7.37,11.98,14.62,4.56,4.56,9.75,3.77,2.26,2.5,4.75,3.99,6.16
00-0037190,Sauce Gardner,IND,CB,1.0,1538,measured,14.5,16.39,16.53,14.31,5.92,14.95,11.8,11.28,12.73,14.27,10.4,13.97,8.61,7.41,15.27,8.12,3.56,4.33,3.4,2.72,3.19,4.19,3.16,2.27,2.79,2.33,3.18,3.13,1.68,4.22,1.93,4.1,3.01,1.81,4.57,2.97,1.86,8.87,4.61,9.83,15.52,15.52,9.62,15.65,2.51,2.25,3.77,3.38,11.91
00-0039031,Adetomiwa Adebawore,IND,DT,2.0,649,measured,11.0,14.54,15.58,8.65,13.85,16.05,11.8,8.87,9.59,8.81,8.17,13.47,9.71,15.84,10.99,11.29,2.54,2.12,3.58,3.99,3.2,4.07,1.41,1.66,3.91,2.19,1.98,4.9,1.0,3.68,2.43,1.34,3.11,3.05,12.33,13.62,9.25,8.11,6.67,11.53,1.0,2.09,4.09,4.07,3.16,4.12,2.06,2.08,5.18
00-0041225,Cameron Ball,IND,DT,,0,prior,9.2,4.93,6.87,3.76,13.55,11.04,11.8,8.58,6.73,7.22,5.73,8.54,10.56,10.31,10.99,11.29,3.59,3.68,1.14,2.8,2.38,2.13,3.25,3.61,4.47,4.14,4.09,3.91,4.01,4.29,3.18,2.42,1.48,4.23,10.19,8.22,8.4,7.42,7.7,8.77,4.08,2.65,4.05,3.62,2.14,1.85,5.21,2.87,3.13
00-0032378,DeForest Buckner,IND,DT,1.0,1176,measured,15.4,4.43,7.43,7.43,10.84,10.66,11.8,14.06,12.84,13.07,13.68,9.07,15.24,7.94,18.84,18.33,3.71,5.13,3.86,2.8,2.55,2.26,4.5,2.45,2.22,2.71,3.66,3.73,4.06,1.36,3.39,2.2,3.4,2.84,17.6,16.41,17.02,16.86,19.12,9.98,1.02,1.24,2.22,1.35,3.2,2.32,4.48,2.66,3.1
00-0033952,Grover Stewart,IND,DT,1.0,1283,measured,13.8,3.81,5.08,4.39,13.23,7.41,11.8,13.76,12.59,14.02,11.58,12.23,13.84,17.99,10.99,16.36,3.4,2.66,2.52,4.02,3.23,2.4,4.11,4.53,2.31,3.64,2.93,2.63,5.5,1.0,2.01,4.55,3.34,3.44,9.93,7.68,17.13,19.4,17.17,6.61,5.84,2.84,3.96,2.61,3.1,3.97,3.54,2.34,1.0
00-0035674,Jerry Tillery,IND,DT,2.0,858,measured,9.1,6.93,8.88,9.55,12.0,11.27,11.8,11.3,5.64,9.86,9.15,6.45,8.32,16.56,14.05,15.41,1.71,4.07,1.67,1.89,2.51,2.71,2.49,4.25,3.8,3.2,2.58,2.93,4.61,2.69,1.3,2.32,2.75,4.16,8.72,7.99,8.59,8.9,7.6,6.81,2.82,5.52,3.14,2.69,4.64,2.13,3.42,2.16,3.68
00-0040207,Tim Smith,IND,DT,3.0,0,prior,6.5,6.14,7.5,6.73,12.95,9.54,11.8,7.95,4.04,3.86,4.11,9.9,12.06,10.31,10.99,11.29,3.11,1.99,2.53,1.37,4.55,2.55,1.91,2.88,2.19,2.94,2.53,3.77,1.81,2.03,2.75,2.19,3.66,2.24,5.12,3.78,5.59,5.18,4.14,12.63,4.56,3.42,2.54,1.47,2.87,2.39,3.29,2.95,3.94
00-0034825,Arden Key,IND,EDGE,1.0,1183,measured,11.2,10.94,11.31,11.79,10.21,10.74,11.8,11.91,12.78,9.14,10.99,15.78,12.32,5.78,18.68,14.25,4.41,2.52,4.64,1.77,1.55,3.13,3.12,3.26,3.48,4.03,2.42,3.31,2.44,4.08,1.43,4.92,2.0,3.04,9.92,10.33,14.24,14.76,7.43,7.62,5.8,6.8,3.0,4.73,2.73,3.32,2.6,5.6,4.7
00-0041111,Caden Curry,IND,EDGE,3.0,0,prior,8.6,10.8,12.05,11.01,11.61,13.12,11.8,7.45,8.06,6.04,7.31,9.57,13.61,10.31,10.99,11.29,2.13,3.17,4.27,2.87,3.89,4.35,2.0,5.04,2.81,5.62,2.88,3.33,1.03,3.77,3.01,2.71,2.49,2.09,7.36,7.24,6.75,7.95,9.28,13.98,5.8,6.8,4.64,2.49,3.05,3.11,1.0,2.58,2.66
00-0041080,George Gumbs Jr.,IND,EDGE,3.0,0,prior,8.8,11.38,12.93,13.3,10.66,17.01,11.8,7.93,10.07,10.49,3.04,8.33,11.24,10.31,10.99,11.29,3.5,2.57,4.33,1.05,3.35,1.0,1.62,3.48,2.66,2.66,3.11,4.7,4.13,2.27,3.54,3.53,4.36,2.82,7.42,7.83,6.93,7.95,8.84,14.02,5.8,6.8,2.22,2.23,3.28,3.27,3.7,2.05,3.45
00-0040744,Jaylahn Tuimoloau,IND,EDGE,2.0,199,measured,9.3,10.36,11.94,10.84,11.31,13.16,11.8,9.71,8.65,8.39,7.3,11.86,11.32,7.7,16.36,11.29,1.37,2.8,2.41,3.15,3.85,1.25,3.28,3.07,1.97,3.87,4.26,2.25,1.1,2.52,3.27,2.46,4.73,1.0,8.67,8.5,8.83,9.01,6.07,10.55,5.8,6.8,2.47,2.53,2.25,2.56,2.59,4.71,3.45
00-0039340,Laiatu Latu,IND,EDGE,1.0,1109,measured,12.2,11.69,11.85,10.97,11.08,12.0,11.8,8.79,8.59,10.61,9.1,11.15,11.49,14.76,10.99,7.19,2.64,3.14,3.61,2.3,4.04,2.01,2.24,4.96,2.57,3.27,2.84,5.72,4.34,3.44,2.19,2.5,2.93,4.44,11.92,12.29,13.61,13.82,9.62,10.43,5.8,6.8,4.5,3.26,2.12,1.0,2.74,3.3,3.65
00-0038107,Micheal Clemons,IND,EDGE,2.0,1066,measured,8.2,10.03,10.83,10.83,12.46,12.58,11.8,9.67,6.5,8.96,9.87,13.95,13.11,15.12,16.55,7.69,2.0,3.7,3.01,3.14,1.36,3.55,3.76,3.94,3.18,3.87,1.0,3.44,1.05,2.49,4.18,3.29,1.55,2.99,7.06,6.37,7.23,8.5,6.81,8.21,5.8,6.8,3.48,4.16,3.52,5.34,2.42,1.31,4.69
00-0041230,Mitchell Melton,IND,EDGE,,0,prior,8.6,10.85,12.32,11.32,11.31,13.4,11.8,7.97,6.48,6.96,7.13,9.09,10.25,10.31,10.99,11.29,1.88,2.66,2.81,2.53,5.76,3.0,1.19,4.36,3.02,1.91,2.81,3.2,3.6,4.59,3.1,2.67,3.13,4.45,7.19,7.19,6.62,7.97,9.29,14.04,5.8,6.8,3.01,4.08,3.09,1.0,1.75,2.72,3.08
00-0039576,Spencer Shrader,IND,K,1.0,18,measured,9.4,10.24,11.42,10.24,9.88,12.53,11.46,8.89,5.96,1.77,9.57,11.45,11.29,6.52,15.32,11.29,2.22,5.68,3.34,3.42,2.75,5.15,2.91,2.99,2.83,2.83,3.34,3.44,3.07,2.51,1.97,3.27,3.51,2.89,3.14,3.97,4.86,2.39,1.22,4.12,1.51,1.4,4.26,2.29,7.43,11.44,3.88,2.62,3.24
00-0036298,Akeem Davis-Gaither,IND,LB,1.0,1079,measured,14.0,11.84,12.78,12.15,10.67,13.52,11.8,13.26,11.6,10.89,11.82,17.5,10.37,14.36,13.74,15.16,4.03,2.09,3.23,1.65,1.51,3.0,1.56,4.7,1.95,1.0,1.74,3.56,2.77,1.15,3.86,2.56,3.13,2.82,9.17,8.9,12.79,15.26,13.91,16.71,14.34,15.84,1.65,12.37,3.62,2.67,3.6,1.64,2.51
00-0039178,Austin Ajiake,IND,LB,2.0,147,measured,11.2,11.95,12.61,11.98,9.5,12.98,11.8,9.11,7.74,8.64,8.65,6.9,10.45,13.04,10.99,11.29,1.58,5.3,2.16,2.68,3.15,4.05,4.2,4.77,2.23,2.87,4.06,2.1,1.81,4.08,3.23,4.28,3.25,2.94,14.42,14.6,7.92,10.79,13.68,13.99,6.55,8.05,4.56,2.35,4.2,3.15,1.6,4.28,2.36
00-0041518,Bryce Boettcher,IND,LB,1.0,0,prior,11.5,12.04,12.8,11.95,10.49,13.46,11.8,8.74,7.55,5.7,8.18,7.33,13.32,10.31,10.99,11.29,2.83,3.52,3.64,4.51,4.31,3.23,2.36,2.39,2.53,2.27,3.64,4.44,3.42,2.86,3.21,2.06,4.8,3.06,10.27,10.13,8.48,10.78,13.2,15.96,9.83,11.33,3.57,6.26,3.67,2.97,2.03,3.08,4.39
00-0041039,CJ Allen,IND,LB,1.0,0,prior,11.5,11.94,12.52,11.53,10.79,13.22,11.8,9.29,7.42,10.9,9.25,8.62,12.34,10.31,10.99,11.29,1.84,2.4,4.85,3.44,2.33,1.38,1.21,2.3,2.08,4.13,2.55,1.9,2.97,3.47,4.42,3.4,1.67,3.46,10.02,9.75,8.9,11.0,13.11,15.68,9.54,11.04,3.88,6.42,2.47,5.19,4.37,3.63,2.38
00-0039377,Jaylon Carlies,IND,LB,2.0,152,measured,12.4,14.31,15.45,12.95,10.0,13.46,11.8,10.26,10.11,7.49,5.71,6.28,10.17,4.23,13.99,7.78,2.36,1.8,2.54,3.32,1.47,1.54,4.72,3.61,2.56,3.7,2.46,3.65,2.99,3.56,3.41,2.3,2.08,2.17,13.25,14.08,8.87,11.7,16.02,16.35,6.45,7.95,3.11,2.71,3.15,2.75,2.67,2.75,2.24
00-0041227,Tahj Chambers,IND,LB,2.0,0,prior,11.4,12.11,12.99,12.45,9.74,13.48,11.8,6.59,10.65,7.18,7.23,10.11,10.93,10.31,10.99,11.29,2.22,2.17,5.3,1.87,3.65,2.64,2.16,3.21,2.03,3.16,3.75,2.69,4.26,3.48,3.62,2.2,3.29,2.49,13.32,13.47,9.88,12.17,15.13,16.03,4.95,6.45,3.71,2.74,5.17,2.95,4.41,2.77,1.4
00-0041236,West Weeks,IND,LB,,0,prior,12.0,12.01,12.75,11.96,10.22,13.35,11.8,9.46,8.93,9.2,5.33,12.2,9.88,10.31,10.99,11.29,2.31,4.91,4.39,2.94,2.34,2.62,1.1,1.88,1.91,3.58,2.93,2.89,2.28,2.16,2.1,3.43,2.57,1.26,5.25,5.2,14.45,14.22,14.51,15.79,7.25,8.75,3.08,5.43,3.18,1.55,2.9,3.4,2.31
00-0032753,Luke Rhodes,IND,LS,1.0,2,prior,8.8,8.59,9.55,8.96,9.71,10.86,11.15,11.63,6.75,8.98,14.39,7.94,10.12,17.99,10.99,11.29,2.69,3.42,3.68,1.38,1.2,2.19,1.0,1.0,3.74,4.0,2.69,2.3,2.89,2.15,2.89,3.27,2.45,4.49,2.87,2.83,5.0,3.71,3.97,3.76,4.03,2.01,3.76,3.68,1.44,3.55,1.0,3.81,3.73
00-0039578,Dalton Tucker,IND,OG,2.0,433,measured,9.1,4.37,6.49,7.31,13.07,9.18,11.8,8.12,3.01,4.04,8.09,16.42,13.48,13.77,15.38,11.29,2.85,3.31,5.4,2.34,1.4,5.43,3.81,3.16,2.75,3.07,2.99,4.4,1.0,3.02,3.16,8.08,9.03,4.02,2.47,4.68,2.6,4.92,3.57,3.81,2.98,3.42,3.83,2.2,1.0,1.95,2.38,3.19,2.29
00-0041517,Jalen Farmer,IND,OG,2.0,0,prior,11.2,7.6,8.0,5.67,13.14,8.12,11.8,8.78,7.7,11.25,5.79,13.07,6.96,10.31,10.99,11.29,3.65,4.64,2.18,1.16,2.77,2.84,4.16,2.81,4.15,2.66,2.22,3.32,2.48,4.02,2.86,9.75,14.04,4.68,2.7,3.68,2.67,2.62,2.55,2.69,4.22,3.17,1.71,3.73,2.21,3.49,2.66,1.83,3.11
00-0037138,Josh Sills,IND,OG,,18,prior,9.7,3.65,5.72,5.88,13.28,8.99,11.8,8.54,5.84,7.47,7.76,7.0,9.57,15.1,10.99,11.29,4.38,2.88,1.61,2.82,1.77,2.12,4.2,2.26,1.63,3.51,1.0,3.7,1.0,1.98,1.2,8.97,10.03,2.54,2.3,2.22,3.14,4.09,2.25,5.16,2.03,3.33,2.73,3.33,2.82,4.95,3.52,3.69,3.54
00-0039736,Matt Goncalves,IND,OG,1.0,1295,measured,14.9,4.1,6.19,6.63,13.18,9.17,11.8,13.79,13.79,13.58,7.81,9.68,8.42,13.77,15.85,11.29,2.47,3.87,3.74,3.25,2.7,2.7,1.27,4.12,1.0,3.74,2.85,3.3,1.59,2.76,4.71,18.48,15.3,2.98,2.1,4.13,4.17,2.46,2.96,3.9,3.08,2.02,2.74,1.13,4.21,3.79,3.42,3.61,2.94
00-0034342,Quenton Nelson,IND,OG,1.0,2140,measured,15.3,3.0,4.67,6.23,17.55,6.67,11.8,14.85,13.89,11.64,11.57,7.28,11.9,15.24,14.27,17.43,4.24,4.34,3.05,2.1,3.28,4.03,3.65,2.79,3.26,3.54,1.0,1.0,3.92,3.67,2.9,17.73,15.16,3.78,2.5,2.33,4.65,1.34,2.36,2.94,3.43,3.48,1.78,1.81,3.15,3.87,2.45,1.0,3.79
00-0040101,Reid Holskey,IND,OG,,0,prior,8.6,4.4,6.52,7.38,13.05,9.18,11.8,8.03,7.05,2.15,5.37,11.52,11.99,10.31,10.99,11.29,2.42,2.72,4.12,4.58,2.28,3.45,3.67,3.43,3.25,1.49,3.71,1.16,2.49,1.82,5.28,6.44,9.2,2.8,3.63,3.05,4.29,1.95,2.48,4.38,3.7,2.77,2.04,2.02,2.64,3.1,3.58,1.89,3.63
00-0037757,Bernhard Raimann,IND,OT,1.0,1894,measured,16.7,5.66,8.91,8.65,15.24,10.81,11.8,12.85,14.88,12.25,11.69,9.55,10.18,11.89,14.67,14.09,4.05,2.03,4.17,2.43,3.22,4.63,4.69,3.38,3.68,3.1,2.96,1.65,2.31,2.93,2.34,19.22,19.26,2.69,3.76,3.31,3.01,2.96,3.11,3.47,2.98,5.57,4.43,1.0,3.45,4.05,1.0,2.06,2.74
00-0040163,Jalen Travis,IND,OT,1.0,289,measured,12.0,4.8,7.4,4.0,10.72,12.74,11.8,8.66,7.05,7.65,7.95,10.5,10.0,13.04,10.99,11.29,1.47,4.2,3.62,4.23,2.14,2.95,2.9,1.8,2.76,2.75,2.93,2.14,2.8,2.68,3.26,11.15,16.27,1.0,1.1,1.31,2.72,3.62,4.61,2.27,3.23,3.09,3.94,1.15,2.7,2.32,2.77,4.58,2.65
00-0037305,Luke Tenuta,IND,OT,,26,prior,10.9,1.0,3.9,5.89,11.13,6.94,11.8,8.7,8.48,7.62,5.63,10.53,8.25,7.14,7.38,7.29,4.11,2.04,4.99,3.69,3.11,3.46,2.51,2.71,1.89,3.58,4.94,1.94,2.96,2.31,2.62,11.48,13.22,4.27,2.06,3.91,2.57,4.05,4.64,3.4,3.36,2.85,3.61,3.24,1.89,3.11,3.43,4.32,2.76
00-0041232,Nolan Rucci,IND,OT,,0,prior,10.2,3.89,5.88,5.84,11.13,8.29,11.8,7.91,6.92,3.84,7.01,14.45,6.58,10.31,10.99,11.29,2.13,1.49,1.32,3.78,2.73,1.29,3.33,4.28,3.46,3.5,4.41,3.38,5.05,3.16,2.97,11.01,11.55,2.38,4.83,2.23,2.18,2.55,3.98,1.34,1.41,2.72,5.34,3.8,2.29,2.67,1.76,1.0,2.8
00-0037040,Roy Mbaeteka,IND,OT,,0,prior,11.8,3.37,5.2,4.66,10.87,7.67,11.8,11.97,7.1,6.99,9.94,5.49,8.17,10.31,10.99,11.29,3.69,2.91,3.46,4.11,3.75,3.05,1.42,1.71,4.87,3.53,3.43,3.24,3.82,1.04,3.99,11.14,15.52,2.69,3.57,3.94,2.05,3.77,3.7,4.39,2.02,3.59,3.75,3.42,3.72,2.16,2.66,1.91,4.58
00-0033269,Rigoberto Sanchez,IND,P,1.0,92,measured,14.9,8.26,9.37,8.52,10.13,10.94,14.79,13.44,10.52,11.31,11.52,11.58,9.59,11.81,7.02,11.29,3.92,1.41,2.74,3.32,2.52,4.4,5.0,3.4,3.04,3.3,2.86,5.81,2.0,2.25,3.9,4.83,3.7,4.09,3.25,2.37,2.08,3.82,2.31,3.05,1.97,2.52,2.72,2.15,3.85,2.24,13.43,16.44,3.48
00-0039164,Anthony Richardson,IND,QB,2.0,483,measured,9.2,15.93,17.22,12.14,10.08,17.86,11.8,7.45,8.67,12.01,9.68,11.22,12.76,4.08,7.35,4.32,20.0,6.39,6.81,5.38,8.01,14.77,6.93,5.71,2.13,6.79,4.33,3.55,2.2,1.93,1.63,4.12,2.97,2.45,1.64,2.49,2.26,3.39,1.68,3.97,3.61,2.79,2.4,2.57,2.71,4.07,4.29,2.19,4.88
00-0035710,Daniel Jones,IND,QB,1.0,1261,measured,12.9,8.75,11.15,12.15,10.08,12.85,11.8,12.04,12.45,10.58,11.41,14.98,11.11,5.49,13.77,4.89,13.78,14.31,13.38,12.58,14.51,13.54,11.72,8.82,4.81,4.25,3.36,4.05,2.35,2.74,1.81,3.51,3.59,2.66,2.35,2.37,3.11,1.77,3.46,1.29,3.13,4.86,2.78,2.99,2.68,2.36,3.29,1.18,3.23
00-0040206,Riley Leonard,IND,QB,3.0,120,measured,6.8,10.08,10.4,11.84,10.08,11.02,11.8,6.62,6.29,5.8,6.41,11.11,9.95,13.04,10.99,11.29,5.47,6.18,6.92,8.83,4.76,7.73,6.19,6.9,1.93,1.0,2.92,2.93,3.05,2.66,3.45,3.82,2.82,3.53,2.01,2.51,4.79,3.42,3.31,2.47,1.76,2.95,4.24,1.08,2.97,3.32,2.47,3.67,2.15
00-0041486,Anderson Castle,IND,RB,,0,prior,11.0,13.62,14.26,12.37,9.45,14.02,11.8,10.8,11.63,13.16,8.54,14.24,11.29,10.31,10.99,11.29,2.8,3.99,2.76,4.59,2.65,2.51,2.51,15.23,9.65,8.14,9.47,11.34,2.73,5.78,6.33,3.21,5.57,4.21,4.28,2.09,3.45,3.57,3.01,2.83,4.38,2.82,3.86,2.51,1.0,1.59,3.42,3.12,10.17
00-0040179,DJ Giddens,IND,RB,3.0,56,prior,9.8,15.93,17.39,12.99,8.68,17.52,11.8,8.35,9.64,6.35,4.86,12.08,3.07,13.04,10.99,11.29,4.1,2.56,2.38,4.24,3.74,3.57,1.9,14.96,6.35,5.64,5.7,7.53,2.35,4.37,4.73,1.15,5.59,2.15,4.02,2.46,3.34,2.66,4.32,2.0,1.87,3.24,4.07,2.29,3.51,3.13,2.9,2.79,14.79
00-0041277,Davon Booth,IND,RB,,0,prior,11.3,14.86,14.66,14.45,7.41,13.87,11.8,9.15,7.14,8.83,5.45,9.29,9.44,10.31,10.99,11.29,4.35,3.21,3.11,1.86,3.71,2.36,2.55,15.23,9.65,8.14,9.47,11.34,2.49,5.78,6.33,3.21,5.57,4.21,2.64,4.79,4.13,2.48,3.43,2.02,1.85,2.46,5.35,1.42,2.91,3.76,1.0,3.26,10.67
00-0036223,Jonathan Taylor,IND,RB,1.0,1448,measured,14.7,16.86,16.32,13.7,8.5,14.91,11.8,13.64,11.67,13.85,10.97,11.23,13.88,7.93,4.8,13.98,2.63,1.64,3.19,3.64,2.58,4.13,1.59,12.1,15.85,16.8,15.25,7.14,5.39,4.88,3.1,12.11,12.62,13.11,2.15,2.91,2.13,2.76,3.89,4.65,3.51,1.69,2.6,2.27,4.36,1.5,4.78,3.59,11.72
00-0041125,Seth McGowan,IND,RB,2.0,0,prior,10.9,14.54,16.81,11.22,9.52,18.91,11.8,9.87,10.44,10.05,6.88,6.43,7.22,10.31,10.99,11.29,3.71,2.72,3.15,2.18,1.87,4.09,1.2,13.14,9.97,9.8,9.22,5.92,4.21,8.52,7.7,1.9,6.0,2.9,1.82,3.2,2.94,2.3,4.05,2.83,2.38,3.34,3.99,4.57,3.43,4.11,2.45,4.08,12.39
00-0041043,A.J. Haulcy,IND,S,1.0,0,prior,9.7,13.85,14.2,15.2,8.78,14.61,11.8,7.1,9.54,6.8,7.7,9.81,9.13,10.31,10.99,11.29,3.5,2.94,2.16,1.47,2.78,2.07,3.68,3.72,4.02,4.06,1.46,3.88,4.05,3.91,2.17,1.96,2.12,1.0,4.54,1.73,3.51,13.94,11.06,11.67,7.05,8.05,9.49,7.13,4.57,1.4,3.89,3.14,9.8
00-0036629,Camryn Bynum,IND,S,1.0,2171,measured,14.4,12.69,15.47,15.03,7.66,14.58,11.8,13.07,10.49,11.88,10.99,7.69,15.22,15.43,14.27,7.97,3.8,3.24,2.22,2.22,2.18,1.77,2.99,5.35,3.1,2.41,3.67,1.72,2.08,3.6,2.7,4.99,4.06,4.69,2.08,3.14,2.56,8.01,10.36,16.87,16.63,17.38,9.16,17.72,4.97,3.04,3.23,2.18,9.8
00-0038392,Daniel Scott,IND,S,,13,prior,8.3,15.47,16.81,16.29,11.33,17.33,11.8,9.38,4.89,7.75,7.69,10.08,10.86,4.6,5.75,11.29,3.76,2.5,3.03,4.39,2.54,1.87,3.2,3.63,2.08,4.58,2.79,3.8,2.99,3.14,3.98,3.05,1.27,3.84,3.01,4.43,1.69,9.59,6.67,10.51,4.93,5.93,10.26,5.93,2.54,3.6,2.78,4.22,9.8
00-0040235,Hunter Wohler,IND,S,2.0,0,prior,8.1,12.92,13.48,15.86,8.55,15.14,11.8,9.17,6.85,9.31,6.17,8.22,7.72,10.31,10.99,11.29,2.31,2.6,3.72,2.77,1.0,3.96,3.06,4.29,2.26,3.74,3.56,3.34,4.43,3.44,3.21,3.94,2.73,3.01,2.38,4.76,3.0,13.62,6.58,9.43,4.86,5.86,9.43,5.86,2.46,3.64,1.0,1.34,9.8
00-0034485,Jonathan Owens,IND,S,2.0,644,measured,11.9,12.5,12.98,13.86,7.98,13.41,11.8,10.68,10.36,8.17,11.55,13.18,11.62,17.99,10.99,11.29,4.12,2.62,2.07,3.37,4.5,1.71,3.18,5.56,2.49,1.27,1.62,1.98,3.33,3.46,3.56,3.95,5.02,2.53,2.59,1.02,2.98,11.31,15.75,14.82,10.03,11.03,9.25,9.06,1.54,3.08,3.2,3.02,9.8
00-0040357,Trey Washington,IND,S,,35,prior,7.6,13.33,13.67,15.25,8.08,14.09,11.8,6.14,4.99,3.66,6.46,12.03,14.26,13.04,10.99,11.29,3.01,2.07,4.16,3.81,3.62,4.08,2.07,3.46,3.35,3.64,2.81,3.15,4.43,3.49,1.0,2.93,3.1,1.99,4.63,2.0,3.16,8.51,6.68,10.96,5.02,6.02,9.28,6.12,3.93,4.75,2.33,3.52,9.8
00-0037292,Andrew Ogletree,IND,TE,3.0,622,measured,9.8,10.17,11.54,11.5,10.67,12.71,11.8,8.92,7.23,9.64,8.52,10.85,9.51,8.47,18.46,7.29,5.21,3.14,2.14,3.18,4.4,3.31,2.61,8.88,4.71,6.57,9.23,8.39,10.51,7.68,8.02,11.59,11.49,9.44,3.43,3.15,2.53,3.05,4.33,2.86,2.97,3.78,2.55,2.02,3.74,2.67,2.88,4.15,2.03
00-0040853,Carson Towt,IND,TE,5.0,0,prior,9.0,10.55,11.93,12.2,9.02,13.13,11.8,8.29,5.54,9.93,5.12,12.8,12.11,10.31,10.99,11.29,2.6,3.23,3.18,2.75,3.18,4.86,5.01,6.67,2.93,7.11,9.77,8.1,8.66,8.18,7.9,10.23,8.86,8.08,1.95,3.82,2.08,3.87,3.08,3.37,3.52,2.92,4.46,2.27,3.33,3.38,3.46,1.34,2.3
00-0041252,Kenny Fletcher Jr.,IND,TE,,0,prior,9.2,11.02,12.29,11.7,10.33,13.31,11.8,7.36,8.08,5.1,6.01,12.17,12.47,10.31,10.99,11.29,2.52,2.36,3.32,2.68,3.16,2.83,2.69,6.67,2.25,7.11,9.77,8.1,8.66,8.18,7.9,10.23,8.86,8.08,2.5,3.32,4.37,4.2,3.56,3.3,3.57,1.64,1.0,3.84,4.16,3.19,4.88,2.12,2.34
00-0033217,Mo Alie-Cox,IND,TE,2.0,866,measured,10.3,8.05,9.45,9.76,11.58,10.92,11.8,12.51,9.5,8.99,10.9,12.15,9.98,11.98,14.16,7.81,2.48,2.87,3.23,3.56,2.97,2.4,5.03,7.44,2.5,12.18,14.84,8.95,10.25,8.5,9.68,14.16,5.81,12.0,2.25,3.95,2.54,2.22,4.05,2.71,2.82,2.75,3.1,3.28,3.22,1.87,1.93,3.23,2.92
00-0033439,Pharaoh Brown,IND,TE,,388,measured,10.2,9.59,10.88,10.91,12.46,12.13,11.8,12.19,7.93,5.69,11.46,13.3,11.37,7.03,14.54,15.83,2.47,1.0,4.94,3.82,2.86,4.01,3.18,6.09,3.5,5.14,7.8,14.2,10.05,7.74,7.15,8.82,12.3,6.67,2.56,2.29,3.1,2.6,4.35,1.18,3.33,2.87,5.47,3.12,3.33,1.0,2.82,4.05,2.67
00-0040128,Tyler Warren,IND,TE,1.0,818,measured,13.5,10.32,11.7,11.8,9.86,12.89,11.8,10.55,13.92,10.76,5.72,6.26,15.73,13.04,10.99,17.32,2.54,2.93,1.0,3.51,4.03,4.35,3.52,17.04,2.96,14.15,16.81,15.15,8.25,15.44,15.07,16.23,10.55,14.11,2.32,2.39,5.33,3.11,2.89,3.23,1.0,4.26,2.41,3.55,4.49,1.89,3.27,2.65,1.02
00-0038394,Will Mallory,IND,TE,4.0,142,measured,10.0,13.48,14.02,12.47,10.0,14.96,11.8,10.86,9.02,3.78,7.29,11.53,11.21,5.03,17.57,11.29,1.35,2.68,4.71,3.31,3.84,1.0,3.52,8.46,1.9,4.54,7.2,14.06,6.56,8.25,7.89,8.97,11.58,6.81,2.59,5.91,1.72,4.3,4.24,3.76,2.36,3.29,4.34,2.15,4.63,2.18,2.33,2.89,2.93
00-0037664,Alec Pierce,IND,WR,1.0,1751,measured,12.0,16.39,17.47,12.46,7.18,17.86,11.8,10.35,10.05,11.94,7.88,11.41,8.35,12.36,7.36,17.66,4.84,3.15,1.1,4.14,4.6,3.6,3.53,15.1,10.53,10.13,9.06,13.39,14.42,8.02,6.67,2.64,4.15,2.75,2.79,3.01,4.24,4.48,1.83,1.95,1.93,4.04,2.98,1.94,2.87,2.31,4.25,3.99,13.13
00-0039816,Anthony Gould,IND,WR,,54,prior,9.1,16.86,17.71,14.74,6.7,17.43,11.8,9.72,8.79,11.17,5.17,9.04,9.59,7.59,5.02,11.29,2.57,2.25,2.66,2.51,2.51,3.87,2.08,8.18,5.77,10.47,9.39,7.33,3.77,4.95,4.29,3.92,3.11,2.59,4.16,2.16,4.1,3.42,3.58,1.16,2.43,3.18,2.83,2.13,4.06,5.04,1.31,3.55,13.95
00-0035021,Ashton Dulin,IND,WR,2.0,266,measured,11.3,15.5,14.87,13.55,6.5,15.35,11.8,12.47,11.43,3.91,10.09,10.97,12.73,5.99,18.82,14.86,3.48,2.49,2.78,4.63,3.12,3.16,2.65,8.68,12.05,15.55,14.48,13.45,8.05,7.3,6.89,3.28,4.1,1.09,3.45,1.61,1.73,2.74,3.21,2.21,2.84,3.57,5.24,2.77,1.52,2.95,1.98,3.47,17.55
00-0040352,Coleman Owen,IND,WR,3.0,1,prior,9.2,15.18,15.42,13.43,7.3,15.01,11.8,8.49,7.59,10.13,5.39,8.67,15.31,13.04,10.99,11.29,2.3,2.56,1.39,4.41,3.36,3.22,3.26,10.98,9.04,15.18,14.11,10.87,3.63,4.02,3.69,2.95,1.01,3.37,5.11,2.05,2.22,4.34,2.03,3.28,2.36,3.67,2.97,3.86,1.56,3.47,2.45,3.43,12.33
00-0035045,D.J. Montgomery,IND,WR,3.0,51,prior,9.4,14.06,14.69,13.21,7.02,14.55,11.8,10.16,7.99,7.78,10.64,13.05,12.02,12.5,10.99,14.41,3.01,3.02,4.08,3.06,3.58,3.02,1.74,7.14,9.04,14.19,13.12,9.15,4.14,6.65,5.13,2.29,4.53,2.95,1.06,2.79,2.98,4.38,1.56,3.9,2.92,3.69,4.51,2.94,2.58,2.96,5.5,2.81,12.11
00-0041132,Deion Burks,IND,WR,2.0,0,prior,10.9,18.94,19.15,13.69,13.39,18.91,11.8,10.06,9.21,11.6,5.08,9.02,12.34,10.31,10.99,11.29,4.44,2.5,2.34,2.29,1.8,3.56,3.32,11.73,5.53,7.47,6.4,9.4,6.79,7.31,7.56,2.07,3.74,3.64,2.73,4.7,3.92,1.55,2.78,3.88,3.96,4.12,3.6,4.14,4.2,4.65,2.87,2.97,16.94
00-0038997,Josh Downs,IND,WR,1.0,1234,measured,13.4,14.77,16.93,14.11,6.34,17.18,11.8,12.39,13.15,11.28,9.56,9.26,9.8,12.09,18.33,16.52,3.4,2.69,3.62,1.91,2.09,3.45,3.3,17.22,11.21,11.05,9.98,10.57,12.63,14.04,14.21,2.19,2.51,4.52,4.03,3.16,2.71,1.51,3.62,3.17,4.14,4.52,5.71,2.71,3.92,3.5,3.61,1.0,10.59
00-0030279,Keenan Allen,IND,WR,1.0,1468,measured,13.2,10.57,12.13,11.66,7.35,13.34,11.8,14.19,10.69,12.29,14.29,9.77,12.55,8.56,6.23,13.84,2.2,4.86,4.09,2.35,2.82,2.75,2.93,6.31,9.89,8.53,7.46,14.98,15.39,13.93,13.83,2.56,1.0,3.52,4.19,3.48,2.78,4.27,2.08,2.39,2.72,1.79,2.14,3.36,5.42,1.97,2.32,2.31,11.26
00-0032951,Laquon Treadwell,IND,WR,2.0,65,prior,10.5,12.8,12.11,12.39,6.0,11.65,11.8,14.66,10.37,9.91,12.93,13.34,11.11,17.99,10.99,11.29,2.75,2.34,2.37,2.24,5.03,3.61,2.06,11.32,10.47,13.66,12.58,14.34,5.48,7.19,7.77,4.19,2.1,2.59,4.66,2.25,4.19,2.85,3.32,1.73,3.44,4.22,3.87,2.44,3.58,3.15,2.23,1.79,12.83
00-0036182,Nick Westbrook-Ikhine,IND,WR,,1116,measured,8.7,13.66,14.56,13.09,7.35,14.7,11.8,10.08,6.51,9.88,9.27,12.22,10.92,17.99,10.99,8.14,2.52,2.96,2.79,4.07,4.36,3.86,2.56,6.75,5.58,8.17,7.1,4.44,7.96,6.85,7.35,3.94,2.63,4.02,3.3,6.08,3.31,1.86,3.01,2.21,3.94,1.7,3.46,4.64,5.9,1.85,2.5,4.99,13.07
00-0040410,Eli Cox,JAX,C,,0,prior,10.1,6.4,7.6,7.34,13.46,11.27,11.8,8.0,10.87,4.73,7.32,10.26,14.99,10.31,10.99,11.29,4.98,2.97,2.86,3.78,1.81,2.94,3.87,2.84,2.05,3.39,2.54,4.59,5.63,2.83,2.66,10.55,9.98,3.76,3.06,2.92,2.22,2.09,2.94,2.93,3.63,1.26,4.0,2.84,2.26,3.05,4.34,2.4,2.7
00-0040227,Jonah Monheim,JAX,C,2.0,178,measured,9.1,3.93,5.7,6.09,13.11,8.13,11.8,9.19,6.89,1.51,4.79,7.59,8.57,13.04,10.99,11.29,2.12,1.92,3.71,2.86,3.22,3.7,2.21,1.54,3.18,2.98,2.23,2.12,3.89,2.64,3.53,9.84,7.42,2.0,4.24,2.85,3.11,2.55,3.64,3.24,3.22,1.44,2.36,2.26,2.36,3.93,4.91,2.38,3.15
00-0036985,Robert Hainsey,JAX,C,1.0,1388,measured,14.0,3.97,5.37,7.3,16.16,7.85,11.8,11.49,12.05,11.45,8.28,14.22,10.31,14.16,16.22,5.58,1.0,3.32,3.25,3.0,2.34,3.06,1.64,3.97,1.49,3.94,4.11,4.66,3.63,3.88,3.2,14.19,16.38,3.34,3.33,3.19,4.04,2.73,3.03,4.48,2.81,3.9,2.08,3.69,3.07,2.07,2.32,1.07,3.04
00-0035062,Sam Mustipher,JAX,C,3.0,158,measured,11.9,4.34,5.59,6.43,13.69,8.32,11.8,11.83,8.66,10.74,9.51,5.45,12.77,11.98,7.42,11.29,4.01,4.55,4.1,2.26,2.57,3.57,3.56,1.58,2.75,2.41,2.8,2.94,1.9,2.66,3.22,10.36,14.36,3.03,4.06,2.16,2.67,4.52,3.32,4.05,2.84,4.02,4.39,2.64,2.51,3.32,3.12,4.16,2.24
00-0038616,Christian Braswell,JAX,CB,2.0,173,measured,10.8,15.06,15.59,13.81,6.67,14.92,11.8,9.68,12.43,7.79,7.05,8.02,8.48,7.77,13.77,6.0,3.74,4.74,4.15,3.75,3.0,1.0,1.86,2.58,3.4,4.3,2.51,3.87,3.91,2.9,1.89,4.06,2.37,4.28,2.46,2.78,3.21,7.39,11.15,14.65,9.11,9.11,9.84,7.04,1.0,3.57,4.7,3.23,14.92
00-0040336,Jabbar Muhammad,JAX,CB,,0,prior,9.8,15.05,15.54,14.11,6.5,11.53,11.8,10.38,9.78,8.9,5.97,12.81,11.5,10.31,10.99,11.29,3.95,2.43,3.55,2.99,3.32,3.57,2.17,2.91,3.95,1.61,2.27,2.6,3.66,4.89,2.75,1.08,2.77,2.26,3.27,3.9,2.39,10.1,12.83,16.92,7.06,7.06,9.79,5.08,3.34,2.94,1.63,3.45,4.88
00-0039353,Jarrian Jones,JAX,CB,2.0,926,measured,12.8,17.09,17.84,13.7,7.01,17.43,11.8,12.98,10.48,13.54,9.14,7.15,13.61,14.76,10.99,16.98,2.64,1.29,4.72,2.94,2.53,2.58,1.13,2.84,3.3,2.01,2.47,3.22,5.03,3.43,1.0,2.84,2.51,4.4,2.16,1.0,1.7,11.38,10.55,13.32,12.26,12.26,9.94,8.66,3.69,2.61,1.38,2.78,17.18
00-0033928,Jourdan Lewis,JAX,CB,1.0,1425,measured,13.5,12.5,12.98,12.7,7.5,12.93,11.8,14.28,9.32,13.31,13.16,9.98,16.36,7.15,16.14,13.79,1.92,2.3,2.78,3.31,2.83,3.54,3.03,3.54,2.88,4.57,4.28,5.64,3.37,2.91,3.13,2.78,3.63,3.98,2.52,3.24,3.52,9.09,7.17,8.98,15.4,15.4,10.09,13.96,3.86,1.69,2.04,1.9,6.39
00-0037313,Montaric Brown,JAX,CB,1.0,1414,measured,10.9,13.29,14.75,13.87,6.69,15.11,11.8,9.47,8.59,9.84,9.99,18.01,9.56,13.91,7.0,11.29,3.25,1.61,4.31,3.33,2.0,1.94,4.11,4.76,5.16,5.81,3.66,3.2,3.84,4.45,1.41,3.03,3.88,3.99,1.0,4.1,3.85,3.95,10.17,13.34,9.21,9.21,9.85,11.33,5.33,4.37,1.0,5.99,9.38
00-0040718,Travis Hunter,JAX,CB,1.0,151,measured,15.8,15.09,15.68,14.1,6.15,14.81,11.8,13.97,18.95,12.9,7.09,9.05,17.34,5.3,15.98,11.29,2.51,3.2,4.52,3.71,2.51,3.35,2.92,1.21,2.97,1.37,2.7,2.76,2.28,3.25,1.84,4.35,2.61,2.55,3.29,2.56,4.32,10.13,10.13,11.77,18.15,17.83,9.69,17.08,2.08,3.06,2.49,2.84,13.97
00-0041045,Albert Regis,JAX,DT,2.0,0,prior,9.7,8.27,10.13,4.78,14.7,12.86,11.8,7.68,7.44,8.05,6.15,7.19,12.48,10.31,10.99,11.29,2.57,3.34,2.26,2.17,2.38,5.53,2.25,3.02,3.99,1.42,2.36,4.45,3.45,2.81,3.37,4.33,3.71,3.73,9.35,8.15,8.44,8.52,8.38,8.75,2.5,5.3,3.17,1.9,4.59,4.0,3.44,3.11,2.23
00-0032164,Arik Armstead,JAX,DT,1.0,1153,measured,12.9,4.18,7.5,6.57,12.46,11.64,11.8,13.73,9.99,10.87,12.42,13.73,8.68,11.93,4.3,14.02,2.86,3.94,2.0,4.36,3.83,2.31,2.9,4.5,3.62,3.66,3.74,3.96,3.73,4.03,2.89,2.53,3.71,2.56,16.74,14.89,15.08,10.89,8.16,9.18,1.69,4.08,1.0,3.01,3.09,1.1,3.47,2.03,6.0
00-0036262,DaVon Hamilton,JAX,DT,1.0,931,measured,12.3,4.24,4.84,4.6,16.62,8.09,11.8,13.44,10.41,10.92,10.74,16.08,13.57,7.58,7.54,15.11,3.79,1.91,2.49,4.04,3.13,4.22,3.65,2.17,2.46,2.24,3.92,3.7,2.33,2.01,3.33,4.0,3.25,3.46,8.69,5.4,12.65,16.51,16.4,8.45,4.48,2.32,3.44,3.19,4.07,1.99,1.44,3.19,1.51
00-0034657,Matt Dickerson,JAX,DT,3.0,270,measured,9.2,4.87,6.74,6.73,13.39,9.73,11.8,9.74,8.38,6.01,10.4,9.68,7.36,16.96,10.99,7.29,1.56,3.63,1.97,2.39,2.34,3.03,2.74,1.0,5.69,4.43,4.31,2.76,1.25,4.02,1.93,1.35,4.63,3.45,8.42,6.49,9.22,9.53,7.65,8.64,3.72,2.45,3.08,2.74,4.18,3.21,3.85,3.44,2.18
00-0039733,Ruke Orhorhoro,JAX,DT,2.0,649,measured,9.2,8.13,10.07,7.78,14.77,12.0,11.8,9.49,8.59,9.45,8.66,8.26,12.32,7.51,15.16,8.04,3.03,1.66,2.8,3.19,4.02,4.32,4.68,2.83,2.79,3.61,1.92,4.77,5.3,3.79,2.95,4.44,2.47,1.0,9.25,7.98,7.44,7.35,7.33,9.05,2.45,3.98,2.24,4.46,3.32,3.42,5.08,1.43,4.33
00-0041204,T.J. Bollers,JAX,DT,,0,prior,9.2,6.32,7.44,6.26,13.86,9.57,11.8,8.34,10.74,3.31,5.08,9.68,13.4,10.31,10.99,11.29,3.89,2.71,2.45,3.13,3.14,1.4,2.01,3.38,2.71,3.84,1.95,4.57,2.25,2.86,1.71,2.86,3.22,1.63,10.0,8.41,8.4,7.42,7.7,9.32,2.34,2.28,3.57,4.62,4.47,2.66,1.59,2.08,2.52
00-0040329,BJ Green II,JAX,EDGE,3.0,96,prior,7.2,10.05,10.89,9.67,12.23,12.14,11.8,7.12,6.48,6.43,7.05,12.23,12.76,13.04,10.99,11.29,4.95,2.53,3.96,3.82,3.11,2.21,3.36,3.38,2.2,2.8,4.47,3.47,1.85,1.39,2.89,3.28,3.86,3.17,5.62,5.01,5.61,7.11,6.41,12.63,5.8,6.8,2.94,3.37,3.83,2.72,2.59,3.9,3.55
00-0041218,Bryan Thomas Jr.,JAX,EDGE,4.0,0,prior,8.8,12.13,13.66,13.11,10.85,14.51,11.8,8.33,6.48,7.51,8.38,7.3,19.09,10.31,10.99,11.29,4.39,3.47,3.48,2.32,2.73,3.13,2.01,2.35,1.0,2.83,4.7,2.6,1.95,2.86,1.64,4.15,2.94,3.12,6.88,7.49,6.62,7.97,9.29,14.56,5.8,6.8,4.58,2.73,1.72,2.54,3.0,3.03,3.33
00-0040342,Danny Striggow,JAX,EDGE,3.0,128,measured,7.9,10.87,12.79,11.88,10.73,13.9,11.8,8.01,4.5,5.93,3.57,14.81,12.32,6.65,7.0,11.29,3.25,2.91,4.09,2.56,3.73,2.43,2.85,1.0,2.8,1.32,3.25,5.04,2.03,2.68,3.69,5.3,4.12,1.64,6.09,6.3,6.05,7.48,7.1,13.23,5.8,6.8,4.96,1.91,1.91,3.87,1.72,2.73,3.2
00-0034473,Dennis Gardeck,JAX,EDGE,2.0,728,measured,11.6,10.98,12.09,11.68,11.29,13.06,11.8,11.05,8.97,6.15,7.24,6.88,7.55,7.06,13.93,5.91,1.9,2.29,3.89,1.11,2.84,3.46,4.16,3.51,2.18,2.47,3.15,3.28,1.16,3.17,4.12,5.06,3.06,1.79,9.75,9.8,12.74,14.69,16.15,15.03,5.8,6.8,2.4,3.79,3.36,3.09,2.25,2.46,4.98
00-0035642,Josh Hines-Allen,JAX,EDGE,1.0,1663,measured,14.7,11.44,12.02,12.36,14.31,13.1,11.8,13.08,12.01,12.43,11.25,11.91,8.17,17.99,10.99,7.67,3.49,3.46,4.23,2.73,4.25,2.06,2.63,2.48,4.14,2.55,2.48,2.88,2.86,2.75,2.21,3.46,3.77,3.99,16.55,15.71,15.86,15.37,10.63,9.48,5.8,6.8,2.4,3.03,3.57,3.29,3.1,1.69,3.56
00-0037235,Travon Walker,JAX,EDGE,1.0,1425,measured,14.6,14.08,14.84,14.01,11.42,14.59,11.8,11.7,13.39,11.21,9.42,10.19,13.09,12.09,7.25,7.72,3.11,2.22,4.99,2.94,2.46,3.56,3.68,1.0,2.61,1.0,2.88,1.86,2.12,2.86,2.7,4.31,4.97,1.85,14.77,15.86,14.72,15.23,12.95,11.17,5.8,6.8,2.93,1.91,4.43,5.03,2.82,1.42,1.58
00-0041059,Wesley Williams,JAX,EDGE,2.0,0,prior,9.0,8.13,11.07,11.32,11.31,14.17,11.8,8.52,6.23,4.1,4.04,8.29,16.81,10.31,10.99,11.29,1.51,5.25,3.88,3.18,4.47,4.03,2.59,3.47,3.05,3.17,3.25,4.44,2.64,2.36,4.91,3.63,2.28,1.71,8.8,7.85,8.09,9.22,9.99,11.53,5.8,6.8,2.8,2.62,2.38,3.31,1.71,3.41,2.95
00-0041122,Zach Durfee,JAX,EDGE,5.0,0,prior,8.6,10.7,12.57,11.59,10.83,13.73,11.8,8.99,5.72,6.73,6.85,9.24,11.5,10.31,10.99,11.29,3.43,3.09,3.68,4.48,1.71,3.2,1.46,5.87,1.44,4.99,3.13,3.23,2.67,2.3,3.89,3.49,3.76,2.3,7.24,7.35,6.69,7.95,9.28,13.94,5.8,6.8,3.24,3.55,2.34,4.58,2.62,4.2,3.43
00-0039409,Cam Little,JAX,K,1.0,54,measured,13.2,10.24,11.42,10.24,9.88,12.53,13.44,9.98,11.07,10.15,11.14,11.12,8.8,14.76,10.99,11.29,3.3,5.12,4.2,1.75,1.67,4.21,3.41,3.54,2.16,3.18,2.22,3.68,2.26,2.04,2.86,4.35,3.33,2.57,2.47,2.86,2.78,2.54,2.3,2.26,4.72,2.92,4.42,2.07,13.66,12.64,3.17,2.1,2.98
00-0040326,Branson Combs,JAX,LB,2.0,27,prior,9.6,12.17,13.19,12.95,9.12,13.5,11.8,7.0,6.31,7.04,6.55,12.59,11.41,13.04,10.99,11.29,1.57,2.63,1.53,3.43,3.38,2.86,1.82,3.53,5.09,4.23,1.1,2.29,2.14,4.55,1.66,1.59,1.05,2.77,13.68,14.06,5.8,8.35,11.78,13.05,5.14,6.64,2.74,2.08,2.33,2.03,3.23,1.86,1.61
00-0034413,Foye Oluokun,JAX,LB,1.0,1941,measured,14.8,11.03,11.92,11.53,9.74,12.62,11.8,13.2,13.68,14.37,13.86,8.23,13.03,13.68,15.73,14.71,3.17,3.77,3.58,4.53,2.88,3.31,3.84,1.5,3.39,1.0,2.28,3.61,3.15,2.47,4.24,4.1,1.8,2.31,7.94,7.71,11.11,15.61,17.79,13.47,19.7,19.4,1.28,14.1,1.98,1.0,1.98,4.05,2.93
00-0040723,Jack Kiser,JAX,LB,,39,prior,10.6,12.11,13.01,12.45,9.81,13.52,11.8,7.05,8.12,7.73,7.0,15.84,10.19,13.04,10.99,11.29,2.92,3.57,3.29,3.2,3.41,3.6,3.46,4.07,3.32,3.04,1.98,1.96,3.0,4.08,5.11,2.83,2.9,3.79,5.91,6.03,8.89,10.72,14.49,14.19,7.22,8.72,2.35,3.38,2.14,5.32,1.17,3.15,2.42
00-0035240,Jahlani Tavai,JAX,LB,2.0,1153,measured,11.5,11.64,12.7,11.83,11.89,14.1,11.8,10.93,9.11,8.5,11.57,12.87,8.21,11.84,14.6,17.88,1.54,3.29,4.17,3.23,2.74,3.7,3.4,4.84,3.25,2.27,3.8,3.63,1.03,1.97,3.38,4.24,2.28,5.85,9.7,8.93,14.36,13.42,12.08,12.14,7.71,9.21,2.89,6.21,2.95,4.65,3.14,3.49,3.15
00-0040209,Jalen McLeod,JAX,LB,,0,prior,8.5,12.06,12.84,11.95,10.76,13.58,11.8,5.86,3.97,5.65,6.95,11.6,9.22,4.16,4.85,11.29,3.2,2.89,2.31,1.43,3.12,3.72,3.32,2.02,1.96,3.18,3.55,2.94,3.88,3.35,3.55,3.82,2.96,3.27,7.85,7.63,5.45,6.95,10.2,11.61,6.7,8.2,4.03,2.04,4.69,3.92,4.78,4.62,3.41
00-0040395,Jared Bartlett,JAX,LB,1.0,0,prior,9.5,12.16,13.1,12.44,10.28,13.75,11.8,7.55,5.51,5.71,6.57,8.69,9.26,13.04,10.99,11.29,3.97,2.2,4.01,4.83,3.31,2.46,2.84,2.96,4.43,2.49,3.11,1.43,2.97,2.98,2.82,5.93,3.48,4.44,12.63,12.61,5.4,6.9,9.2,11.73,9.83,11.33,2.57,2.09,2.18,5.11,3.5,1.06,3.86
00-0041127,Parker Hughes,JAX,LB,3.0,0,prior,11.9,11.99,12.69,11.96,9.9,13.2,11.8,8.74,4.29,9.75,6.56,7.61,9.39,10.31,10.99,11.29,4.25,4.92,2.12,3.18,2.41,2.9,3.21,2.16,3.93,4.71,1.0,3.5,3.22,2.4,1.85,2.48,2.57,1.17,5.19,5.24,14.55,14.23,14.5,15.72,7.22,8.72,2.72,5.44,3.09,3.76,3.46,2.62,3.06
00-0038570,Ventrell Miller,JAX,LB,1.0,493,measured,13.3,11.94,12.52,11.53,10.79,13.22,11.8,11.39,12.62,10.37,9.22,5.78,12.74,12.56,15.16,6.6,1.5,3.4,3.42,2.56,2.41,2.76,2.84,3.59,5.11,2.91,3.66,3.17,4.0,2.38,1.72,3.99,2.86,2.02,4.38,4.1,10.97,15.89,17.9,15.79,10.25,11.75,2.5,11.18,1.7,1.79,1.63,2.6,4.17
00-0035827,Ross Matiscik,JAX,LS,1.0,0,prior,9.9,9.91,10.87,10.09,9.71,11.99,10.83,10.38,9.65,7.02,12.23,10.17,11.0,17.99,10.99,17.12,2.36,1.0,2.55,3.22,1.89,4.34,2.57,3.86,2.8,1.19,2.98,3.4,5.56,2.31,4.72,1.74,4.12,3.84,3.25,3.6,2.69,2.83,4.53,4.86,1.77,3.27,2.82,2.24,2.17,3.75,2.89,3.54,4.49
00-0038118,Daniel Faalele,JAX,OG,2.0,1720,measured,12.7,1.91,4.47,3.56,12.46,10.01,11.8,10.52,10.11,12.05,8.56,8.6,6.17,16.96,10.99,14.86,2.74,2.18,2.05,1.0,3.06,3.35,3.17,3.88,2.06,2.26,4.42,2.68,2.43,3.06,3.73,16.22,12.47,3.09,1.6,4.61,2.88,2.47,1.6,2.62,4.62,3.16,4.01,3.09,3.42,1.26,4.9,1.65,3.42
00-0041050,Emmanuel Pregnon,JAX,OG,1.0,0,prior,12.8,3.85,6.73,5.24,13.21,12.63,11.8,11.35,9.15,10.27,6.76,10.9,18.42,10.31,10.99,11.29,3.58,2.14,3.77,1.94,4.39,4.15,1.96,2.61,1.89,1.94,3.25,2.22,1.6,4.01,2.96,13.2,14.98,2.96,1.0,2.78,1.58,3.28,3.22,3.88,1.8,3.45,2.26,2.05,3.05,1.0,3.72,2.12,2.17
00-0036327,Ezra Cleveland,JAX,OG,1.0,1885,measured,16.2,7.48,8.48,10.24,15.24,9.78,11.8,13.27,14.74,14.03,11.26,7.54,11.76,7.75,15.1,16.81,3.77,3.33,1.95,2.96,3.39,4.16,2.21,1.0,4.02,3.85,2.39,3.75,2.49,2.24,2.82,16.63,19.4,3.12,3.49,1.93,2.78,4.18,3.79,2.55,2.33,1.5,3.65,1.98,3.38,2.42,3.32,2.03,3.47
00-0041208,Garrett DiGiorgio,JAX,OG,3.0,0,prior,11.3,1.6,4.6,7.13,13.2,9.05,11.8,7.86,11.47,9.96,6.76,10.83,10.26,10.31,10.99,11.29,3.81,2.96,3.7,2.24,4.44,2.95,1.65,3.53,2.44,3.12,2.84,2.54,4.32,3.82,4.12,13.04,10.83,4.01,2.15,2.77,2.59,3.14,3.48,2.48,3.26,2.62,3.29,2.59,4.56,2.56,2.96,2.85,5.02
00-0035112,Patrick Mekari,JAX,OG,4.0,1679,measured,13.4,4.23,5.79,5.63,13.09,8.31,11.8,13.32,13.1,10.12,9.19,11.56,14.08,12.03,13.86,14.67,2.54,4.08,3.55,2.96,3.5,4.17,3.04,2.43,3.45,3.75,3.23,2.95,2.07,4.01,2.99,19.4,9.64,4.02,2.7,2.14,3.65,2.36,3.17,5.07,1.14,1.35,3.03,1.99,3.35,4.14,2.6,2.3,1.15
00-0040146,Wyatt Milum,JAX,OG,3.0,83,prior,9.3,2.95,5.68,6.56,13.18,9.52,11.8,8.12,6.41,6.07,4.21,14.1,7.77,6.65,4.2,5.58,3.04,3.48,1.79,1.53,3.18,3.49,4.17,2.2,3.64,4.28,2.78,4.17,2.29,4.01,4.34,9.06,8.73,3.57,3.27,3.49,3.3,2.05,2.72,3.0,2.93,3.56,1.46,2.77,1.45,3.93,1.29,3.64,4.18
00-0038934,Anton Harrison,JAX,OT,1.0,1975,measured,13.5,6.93,7.07,5.35,12.42,8.46,11.8,10.45,11.12,13.15,7.93,12.07,8.52,12.62,6.65,15.11,3.74,2.51,3.13,2.75,4.01,1.94,3.78,3.52,3.32,3.0,2.79,3.04,3.24,3.83,3.13,12.11,18.53,2.02,1.47,4.77,3.94,1.65,2.01,2.88,2.23,4.73,3.68,3.74,3.75,3.38,3.15,2.29,3.17
00-0036655,Cole Van Lanen,JAX,OT,2.0,770,measured,8.1,5.07,6.47,8.59,11.33,9.29,11.8,6.84,3.33,5.9,11.96,15.21,12.49,17.99,10.99,5.27,2.75,1.55,2.09,2.28,1.35,3.15,2.95,2.35,3.52,3.57,1.63,2.39,3.44,1.11,2.09,7.91,7.59,3.47,3.33,3.71,2.89,3.33,2.52,3.1,4.28,3.31,2.42,3.29,2.92,2.9,3.68,3.47,1.0
00-0034817,Geron Christian,JAX,OT,,266,measured,13.1,1.35,4.46,4.75,9.5,8.42,11.8,13.11,13.81,12.49,12.31,7.87,14.55,8.09,7.42,7.62,2.47,4.22,3.47,1.51,2.68,3.83,4.12,1.99,2.75,1.68,3.44,2.96,2.75,4.55,3.99,14.05,17.07,4.21,3.85,3.0,1.0,2.86,2.86,3.56,1.85,3.25,4.54,2.06,2.03,3.18,4.01,3.09,4.25
00-0038729,Kilian Zierer,JAX,OT,,0,prior,11.7,4.26,6.19,5.86,11.67,8.62,11.8,9.68,6.8,9.58,7.87,14.9,9.62,10.31,10.99,11.29,2.35,2.19,1.77,1.85,3.63,4.22,2.61,1.0,4.15,1.68,3.45,3.21,3.72,3.92,4.72,10.5,15.37,2.22,4.41,3.28,5.09,3.17,3.08,2.23,3.89,2.51,2.43,3.11,1.95,4.66,3.82,2.7,2.84
00-0036975,Walker Little,JAX,OT,1.0,1500,measured,14.7,2.5,6.05,8.41,12.46,9.65,11.8,11.63,11.82,13.82,9.61,12.67,8.88,11.91,14.31,7.44,3.33,3.79,3.45,3.88,3.43,2.54,1.76,3.42,3.44,2.03,1.69,3.1,1.37,3.34,1.27,18.47,16.21,2.64,4.1,3.39,1.79,3.21,6.01,2.75,5.16,3.8,1.34,3.45,2.53,2.53,1.61,3.47,2.63
00-0034437,Logan Cooke,JAX,P,1.0,90,measured,15.2,6.25,8.51,8.79,10.13,11.2,13.07,13.69,9.83,13.0,13.16,8.92,8.36,11.98,13.85,14.86,4.85,2.26,2.2,2.46,2.96,2.34,3.12,2.4,3.89,2.2,2.93,3.07,2.62,3.52,1.93,2.78,2.47,3.72,3.4,2.9,1.89,1.42,2.81,1.08,2.66,3.29,5.86,3.06,3.65,3.52,14.8,15.63,3.31
00-0039534,Carter Bradley,JAX,QB,3.0,0,prior,7.3,9.88,10.19,11.95,10.08,10.94,11.8,8.33,7.1,9.15,7.38,9.87,8.54,10.31,10.99,11.29,4.58,6.6,7.93,9.13,4.59,5.57,8.89,7.43,2.25,1.0,2.17,2.86,3.7,2.97,1.35,2.4,3.7,2.8,3.67,2.82,3.02,3.58,3.19,4.98,2.69,4.71,3.74,3.05,5.1,3.45,3.72,5.2,2.8
00-0041203,Joey Aguilar,JAX,QB,,0,prior,6.9,9.65,10.28,12.05,10.08,11.25,11.8,5.75,5.99,5.14,6.53,15.38,10.69,10.31,10.99,11.29,10.94,6.59,6.9,8.59,4.81,5.59,5.36,7.44,4.27,2.55,4.13,2.88,4.06,3.1,1.39,2.26,3.04,3.16,4.33,4.36,1.56,2.79,3.85,2.32,4.38,2.92,3.65,1.35,2.82,4.12,1.93,4.22,3.53
00-0033319,Nick Mullens,JAX,QB,,129,measured,8.4,8.42,8.52,11.05,10.08,9.55,11.8,9.61,7.5,7.37,12.59,9.18,15.48,11.98,14.33,6.0,5.54,8.2,11.35,9.17,6.71,7.82,7.41,7.13,3.19,1.0,3.69,1.0,3.75,1.67,2.36,2.77,2.74,2.31,5.18,1.67,1.83,3.0,4.6,3.11,1.72,2.91,1.05,3.26,1.62,1.25,3.8,2.48,3.34
00-0040234,Quinn Ewers,JAX,QB,2.0,171,measured,7.7,9.83,9.93,11.99,10.08,10.66,11.8,7.11,7.73,4.37,7.5,6.37,7.04,13.04,10.99,11.29,6.59,8.96,8.08,6.69,7.0,8.56,6.83,7.73,2.39,2.12,1.98,3.12,3.62,4.71,3.36,3.12,2.84,2.95,2.49,4.11,2.23,4.21,2.67,2.9,2.76,3.12,1.72,3.04,3.06,4.4,1.0,4.85,3.83
00-0036971,Trevor Lawrence,JAX,QB,1.0,1820,measured,11.1,10.42,10.88,11.68,10.08,11.32,11.8,11.71,10.7,9.21,11.7,6.74,16.2,8.53,16.98,17.8,12.01,8.81,9.83,13.73,10.97,13.95,10.28,10.66,1.72,10.41,3.12,1.82,2.77,4.18,3.5,1.94,1.03,2.63,1.35,2.12,2.57,1.0,1.52,3.73,3.02,2.71,4.29,2.31,2.66,2.3,3.33,2.89,1.22
00-0032104,Ameer Abdullah,JAX,RB,4.0,435,measured,12.2,10.57,13.68,16.35,12.46,17.36,11.8,13.15,9.1,9.85,12.31,12.85,11.05,16.37,15.73,14.86,3.47,1.78,1.83,3.4,3.64,2.85,2.61,13.19,11.01,8.91,10.24,18.86,3.53,10.02,9.42,7.74,15.08,8.74,3.18,2.74,1.69,4.6,3.41,3.53,1.56,4.43,3.21,2.93,3.19,2.56,2.86,4.23,14.41
00-0040719,Bhayshul Tuten,JAX,RB,1.0,197,measured,12.5,18.47,18.74,12.46,8.56,17.95,11.8,8.47,12.82,11.22,6.27,14.04,11.27,8.5,15.32,5.58,4.09,2.74,3.83,3.19,2.37,3.4,1.9,9.48,14.67,9.99,8.77,5.6,1.81,8.57,7.67,4.03,12.86,5.03,2.09,4.42,1.93,5.12,3.45,3.22,2.92,2.58,4.16,3.04,2.92,3.09,3.54,1.93,13.78
00-0038611,Chris Rodriguez Jr.,JAX,RB,2.0,329,measured,13.5,13.27,13.94,12.26,9.76,13.88,11.8,11.56,11.02,7.32,8.25,9.76,10.43,13.7,13.94,4.74,2.98,2.09,1.51,2.34,3.91,2.29,3.58,12.7,16.76,13.5,14.89,8.92,3.24,2.09,1.0,7.99,7.64,8.99,3.21,3.33,3.62,2.9,2.46,3.02,2.59,2.27,4.4,4.73,3.64,1.68,1.67,3.15,12.3
00-0041217,J'Mari Taylor,JAX,RB,,0,prior,11.0,13.85,12.74,13.77,10.0,12.94,11.8,9.48,9.93,11.0,5.2,9.62,17.54,10.31,10.99,11.29,3.62,1.95,4.55,2.76,3.09,4.1,3.14,15.23,9.65,8.14,9.47,11.34,1.82,5.78,6.33,3.21,5.57,4.21,3.86,3.43,3.2,2.06,1.0,3.91,2.05,2.35,3.27,2.54,1.91,2.45,3.75,2.9,10.26
00-0040238,LeQuint Allen Jr.,JAX,RB,3.0,230,measured,11.2,14.82,14.49,13.67,7.92,13.85,11.8,11.75,9.99,10.77,6.79,15.29,14.9,13.04,10.99,11.29,2.59,3.21,3.22,3.45,3.04,2.42,3.8,15.32,9.09,8.01,9.61,13.46,4.84,1.08,1.0,3.07,2.23,4.07,2.92,1.98,3.12,4.05,2.19,2.16,3.03,3.47,1.13,2.01,4.51,2.84,4.14,3.53,13.36
00-0038596,Antonio Johnson,JAX,S,1.0,1107,measured,14.0,13.85,13.48,13.19,4.0,11.6,11.8,11.81,10.61,9.23,10.03,8.67,16.61,13.7,4.96,14.41,3.28,3.11,3.83,3.38,3.51,3.19,4.11,2.87,3.52,3.93,3.44,3.95,3.62,3.04,1.67,3.7,3.07,2.56,1.0,2.13,2.58,8.14,11.21,13.91,15.87,16.74,8.06,16.83,3.75,3.64,2.01,3.89,9.8
00-0040145,Caleb Ransaw,JAX,S,2.0,0,prior,9.1,18.24,18.45,14.05,8.0,17.64,11.8,8.98,8.82,6.59,7.41,8.2,11.17,10.31,10.99,11.29,2.67,3.21,2.28,1.88,2.11,1.78,3.34,2.48,2.95,4.25,2.8,5.24,2.77,5.84,4.91,4.2,3.27,1.39,3.96,2.06,4.71,14.35,6.59,11.55,4.86,5.86,9.26,5.86,3.71,3.44,3.14,3.11,9.8
00-0040339,Cam'Ron Silmon-Craig,JAX,S,,20,prior,7.9,13.92,14.08,14.48,6.63,13.63,11.8,7.79,5.69,1.0,5.06,8.48,7.6,13.04,10.99,11.29,3.57,2.23,3.79,3.1,1.88,1.62,3.64,1.82,3.25,3.47,3.22,1.72,3.84,3.32,5.25,4.22,2.01,4.16,4.8,2.49,2.62,8.72,6.69,10.76,4.96,5.96,8.85,6.01,1.55,4.33,2.29,4.36,9.8
00-0033038,Eric Murray,JAX,S,1.0,1187,measured,13.6,13.03,13.72,13.51,7.5,15.48,11.8,12.8,10.91,10.48,14.53,10.83,9.33,7.31,7.16,14.29,1.93,3.57,2.29,4.2,3.19,1.08,2.77,3.78,1.44,2.18,2.92,2.96,4.01,3.54,1.0,5.46,3.6,2.29,2.55,1.75,3.16,15.13,12.61,12.47,14.45,15.45,9.11,11.51,3.63,3.77,2.37,3.99,9.8
00-0041055,Jalen Huskey,JAX,S,3.0,0,prior,10.7,14.11,15.28,13.41,7.68,14.87,11.8,9.1,9.15,10.04,4.56,10.77,16.83,10.31,10.99,11.29,3.26,2.54,3.45,2.12,4.15,4.12,3.68,1.28,3.26,4.02,5.98,2.52,3.82,2.99,5.09,3.32,4.35,2.75,2.36,3.66,3.04,11.52,10.96,14.76,8.01,9.01,9.16,10.33,2.87,1.68,2.37,2.64,9.8
00-0038823,Kaevon Merriweather,JAX,S,,255,measured,9.3,12.0,12.49,14.46,8.17,13.9,11.8,9.24,7.72,5.08,6.48,9.22,13.12,15.21,14.64,14.41,2.83,3.18,3.5,2.53,3.58,2.12,3.74,4.11,1.28,1.41,2.89,3.13,3.77,2.33,3.3,2.52,1.76,2.79,2.05,1.5,3.79,8.21,9.01,12.71,7.29,8.29,9.31,8.98,2.38,1.94,4.09,3.24,9.8
00-0040213,Rayuan Lane III,JAX,S,2.0,104,measured,8.8,12.92,15.45,12.7,7.47,16.25,11.8,8.66,6.75,5.52,8.46,10.11,12.1,13.04,10.99,11.29,3.57,3.6,1.82,4.33,4.69,2.28,2.52,2.8,3.93,2.72,2.95,2.21,3.34,4.64,3.43,1.24,1.71,3.59,3.44,2.26,1.68,13.63,9.69,9.93,5.49,6.49,9.1,6.3,4.53,4.17,5.48,2.18,9.8
00-0038935,Brenton Strange,JAX,TE,1.0,1043,measured,11.9,10.77,13.37,10.4,12.0,15.05,11.8,11.42,6.99,7.6,8.21,9.47,12.97,7.77,17.66,8.11,4.42,2.05,3.77,3.42,3.1,1.25,3.21,13.39,3.87,12.83,15.49,14.35,11.99,13.42,11.72,7.2,12.37,5.04,1.0,2.52,2.58,3.48,3.17,2.83,2.26,4.27,3.5,3.35,2.8,4.37,1.97,3.11,3.7
00-0039489,Hayden Rucci,JAX,TE,,37,prior,9.1,11.04,12.34,12.16,9.24,13.43,11.8,8.26,7.46,8.36,5.4,17.69,8.21,13.04,10.99,11.29,2.32,4.28,2.92,2.45,3.08,3.19,3.77,6.47,3.93,4.52,7.17,15.4,5.82,4.3,4.3,9.94,10.7,7.79,3.86,2.76,4.22,2.56,1.68,2.06,2.62,3.3,2.96,4.08,2.5,4.59,3.32,3.41,3.44
00-0041503,Nate Boerkircher,JAX,TE,2.0,0,prior,10.0,10.85,12.17,11.64,9.53,13.27,11.8,8.17,8.0,5.72,5.1,12.35,5.48,10.31,10.99,11.29,3.16,3.14,2.69,2.4,1.62,3.48,3.41,14.34,5.68,12.02,14.68,8.31,7.24,8.67,8.78,12.11,9.93,9.95,3.38,2.2,2.73,3.87,5.02,4.44,4.12,1.77,1.04,1.0,4.36,1.0,2.2,1.91,3.78
00-0036590,Quintin Morris,JAX,TE,4.0,383,measured,9.0,11.75,12.93,12.07,9.63,13.85,11.8,9.87,6.24,8.28,9.03,14.75,10.76,12.04,16.82,6.38,3.17,4.62,2.8,2.91,3.2,3.51,2.86,7.52,3.72,5.95,8.6,11.32,9.38,7.12,6.5,5.47,12.61,3.31,3.72,3.7,2.8,1.3,2.52,2.04,2.35,4.39,3.63,3.78,1.99,1.85,3.27,3.94,3.7
00-0041084,Tanner Koziol,JAX,TE,3.0,0,prior,9.0,10.77,12.87,12.36,8.72,15.1,11.8,8.59,5.61,5.34,6.13,6.78,13.24,10.31,10.99,11.29,2.81,1.42,1.94,4.8,2.31,5.22,3.93,8.99,2.15,6.81,9.46,8.54,8.55,8.25,7.92,9.88,8.84,7.72,2.67,3.9,2.48,4.01,3.79,1.36,4.53,3.69,2.43,2.89,3.11,1.31,4.73,2.14,2.29
00-0036841,Austin Trammell,JAX,WR,,127,measured,10.9,15.42,15.54,13.65,6.92,14.92,11.8,11.3,7.25,5.95,8.75,8.83,11.09,17.99,10.99,11.29,4.58,3.42,2.46,2.67,2.94,2.92,2.56,7.19,6.86,11.4,10.32,5.79,4.44,11.06,13.41,3.37,3.05,4.39,3.54,4.13,2.81,2.51,2.39,1.17,2.43,2.96,2.08,1.24,3.85,2.62,1.82,3.2,7.98
00-0039893,Brian Thomas Jr.,JAX,WR,1.0,1230,measured,12.8,18.24,17.8,13.61,5.5,16.62,11.8,12.26,10.89,12.92,6.77,9.84,10.63,11.86,18.54,7.94,4.34,4.22,2.46,4.12,1.0,2.83,1.86,18.73,12.87,13.52,12.45,6.91,9.32,13.48,13.13,4.49,3.91,2.31,2.24,2.69,3.09,2.43,1.62,1.0,3.84,3.12,2.92,2.26,2.96,4.64,3.7,3.38,12.07
00-0041106,C.J. Williams,JAX,WR,2.0,0,prior,9.8,14.45,15.19,13.54,7.28,15.08,11.8,11.09,7.29,8.34,5.46,12.01,2.99,10.31,10.99,11.29,2.82,5.79,3.59,2.63,1.0,4.05,2.58,12.14,5.54,7.26,6.19,9.16,6.64,7.32,7.56,3.81,4.78,3.36,4.16,2.69,3.75,4.34,1.6,1.09,1.77,1.26,4.43,3.63,3.28,3.65,1.62,3.34,15.07
00-0034960,Jakobi Meyers,JAX,WR,1.0,1777,measured,13.2,11.21,11.78,12.78,6.5,14.36,11.8,14.0,14.24,11.54,11.75,11.04,10.86,13.71,17.16,13.85,2.93,3.63,2.48,2.29,2.97,2.08,3.79,10.82,9.7,10.38,9.31,16.65,17.1,12.19,11.18,3.47,5.26,2.98,2.88,3.68,3.79,3.22,3.29,4.26,1.37,4.44,2.26,1.55,2.63,4.27,5.3,3.05,12.86
00-0041100,Josh Cameron,JAX,WR,2.0,0,prior,9.6,13.58,14.63,12.65,8.48,15.21,11.8,8.8,8.85,12.94,5.63,16.12,11.5,10.31,10.99,11.29,3.29,3.08,2.41,2.85,3.26,2.56,2.19,12.21,5.54,7.26,6.19,9.15,6.64,7.36,7.56,3.43,3.67,5.5,2.64,5.18,2.84,3.16,2.46,2.46,3.53,1.62,1.7,2.82,3.46,4.66,2.93,4.9,14.71
00-0041220,Michael Wortham,JAX,WR,,0,prior,8.6,15.24,15.38,13.21,7.54,15.01,11.8,6.12,7.72,7.74,4.89,8.46,13.65,10.31,10.99,11.29,2.01,2.61,3.7,3.23,3.9,3.92,3.11,7.61,4.36,7.0,5.93,5.54,4.66,6.25,6.26,3.19,3.41,3.86,1.45,2.56,3.8,3.06,2.11,2.73,3.36,4.93,1.41,3.55,2.96,2.49,4.3,2.16,13.37
00-0038606,Parker Washington,JAX,WR,1.0,1105,measured,12.1,14.54,15.01,12.81,8.0,15.1,11.8,11.77,12.99,13.42,8.63,15.0,12.26,11.93,14.56,8.0,3.41,2.48,3.28,3.9,3.12,2.72,3.05,10.23,11.38,12.87,11.8,12.15,14.12,9.43,9.06,1.93,2.11,2.8,1.78,2.03,3.0,3.55,2.45,3.74,3.96,1.83,2.95,2.05,1.96,2.89,2.79,3.08,13.91
00-0036497,Tim Jones,JAX,WR,,277,measured,9.2,14.49,15.17,13.59,7.09,14.97,11.8,11.35,9.72,5.13,7.47,10.98,13.11,16.96,10.99,14.86,2.85,3.36,2.74,1.53,3.42,3.86,2.46,6.89,5.69,10.98,9.9,7.27,6.19,5.82,7.06,3.84,3.67,2.69,2.63,4.61,1.3,2.62,2.89,3.07,1.63,2.02,2.63,3.16,3.26,4.65,1.0,3.99,11.96
00-0041216,Trebor Pena,JAX,WR,,0,prior,8.7,15.38,15.54,13.61,7.05,14.98,11.8,8.39,12.01,6.05,5.5,6.69,12.72,10.31,10.99,11.29,3.53,2.98,3.86,4.81,1.67,3.21,2.23,7.61,4.36,7.0,5.93,5.54,4.66,6.25,6.26,2.67,3.98,2.76,3.33,1.87,1.43,1.72,1.53,3.06,4.09,3.15,3.98,1.79,3.01,2.77,2.35,2.51,13.42
00-0036623,Creed Humphrey,KC,C,1.0,2173,measured,12.0,5.2,7.6,8.7,14.77,11.87,11.8,11.42,10.05,11.49,11.1,15.24,12.68,17.99,10.99,11.29,1.37,3.9,3.99,4.16,3.4,1.77,3.82,3.71,4.35,4.25,1.0,2.67,3.11,2.11,2.02,13.48,10.59,2.99,4.71,3.29,3.72,1.72,2.68,3.86,4.01,3.82,2.91,2.21,2.76,3.64,2.2,2.36,2.86
00-0039827,Hunter Nourzad,KC,C,2.0,108,measured,9.7,4.61,5.55,6.35,13.98,8.48,11.8,7.76,6.92,7.81,5.85,12.07,8.97,14.76,10.99,11.29,2.79,2.0,3.03,2.42,3.87,3.17,3.58,5.11,1.93,3.34,3.29,2.05,1.68,4.84,3.07,10.39,8.89,4.01,3.7,2.52,3.42,2.78,2.57,2.48,3.21,5.15,1.04,4.24,3.03,2.14,5.15,3.03,3.42
00-0040958,Pete Nygra,KC,C,,0,prior,11.7,4.76,6.45,6.96,13.23,8.8,11.8,8.42,8.55,5.72,5.37,14.22,11.67,10.31,10.99,11.29,2.43,2.7,1.91,2.72,3.57,2.28,2.83,3.2,1.0,4.03,2.83,3.62,2.71,4.82,1.85,9.86,16.1,2.61,3.16,2.71,3.53,2.09,2.9,3.91,4.23,3.18,2.54,2.47,2.02,1.0,3.29,3.43,1.12
00-0039324,Christian Roland-Wallace,KC,CB,2.0,295,measured,10.3,15.04,15.79,13.54,8.5,15.65,11.8,9.77,7.36,9.53,8.15,10.53,14.18,7.59,6.2,11.29,3.01,3.1,3.13,2.92,2.06,3.06,3.47,2.78,2.82,2.17,3.07,3.03,1.99,2.52,2.47,4.17,3.28,4.02,1.32,2.33,3.13,10.93,16.33,16.96,7.38,7.38,10.39,7.11,2.06,2.48,2.79,2.9,16.43
00-0040961,D'Arco Perkins-McAllister,KC,CB,,0,prior,8.5,15.08,15.81,13.92,6.72,15.3,11.8,9.2,9.83,4.74,5.72,11.84,12.8,10.31,10.99,11.29,4.36,4.64,4.55,3.25,3.88,2.98,3.69,3.77,2.84,4.34,1.24,1.0,3.11,1.78,2.25,3.05,3.89,1.44,1.99,2.47,2.08,7.37,11.98,14.62,4.56,4.56,9.86,3.77,1.0,4.32,4.72,4.16,6.16
00-0041497,Jadon Canady,KC,CB,1.0,0,prior,12.5,15.05,15.54,13.66,6.92,14.97,11.8,11.32,13.36,16.12,9.52,7.23,9.23,10.31,10.99,11.29,3.87,4.36,2.68,2.95,5.05,2.61,3.15,3.32,3.06,2.55,2.4,2.76,4.74,2.34,3.27,1.42,4.73,3.1,4.7,4.09,3.43,9.56,12.03,13.84,12.02,12.02,9.92,10.65,1.94,3.18,3.14,2.55,13.96
00-0037353,Kader Kohou,KC,CB,,845,measured,9.4,15.03,15.7,13.45,7.6,15.55,11.8,12.1,6.79,10.73,9.67,5.79,17.25,12.07,7.36,13.93,1.0,4.36,2.31,4.68,2.66,3.33,3.02,4.69,2.99,3.08,3.08,2.31,4.21,2.38,3.02,4.3,1.73,3.32,2.74,1.0,2.58,3.04,6.18,12.03,6.83,6.83,10.12,5.64,2.56,2.56,2.6,3.16,5.0
00-0036416,Kristian Fulton,KC,CB,2.0,957,measured,10.4,15.23,15.45,13.34,7.52,14.59,11.8,10.97,10.41,7.6,11.08,16.81,7.57,4.49,14.81,7.37,2.06,3.61,4.17,4.43,3.02,3.65,3.36,4.34,2.92,2.37,2.29,2.34,1.78,3.42,4.27,2.05,4.25,3.74,3.09,4.03,3.7,11.46,9.99,11.33,8.07,8.07,10.1,8.5,2.59,3.32,3.57,3.99,14.3
00-0036374,L'Jarius Sneed,KC,CB,1.0,935,measured,13.0,16.79,17.73,13.49,6.0,17.81,11.8,11.85,11.01,9.07,9.72,6.34,13.76,7.29,4.6,16.87,4.03,1.76,4.48,3.64,3.49,2.58,3.14,2.62,3.62,2.09,3.83,1.99,4.24,3.36,2.41,1.87,2.68,2.62,2.68,2.45,2.12,8.36,11.2,14.38,12.21,12.21,9.64,11.08,4.14,2.7,2.92,1.89,7.72
00-0041543,Mansoor Delane,KC,CB,1.0,0,prior,14.3,15.07,15.66,13.92,6.52,14.96,11.8,11.45,14.37,14.64,9.53,6.97,11.83,10.31,10.99,11.29,4.33,3.83,1.43,3.83,1.97,2.92,3.51,3.21,3.25,3.56,3.69,1.19,4.1,2.39,3.09,3.51,2.64,4.24,3.66,3.13,1.7,9.79,9.21,10.4,15.12,15.12,9.8,15.37,3.38,2.03,3.93,2.99,14.2
00-0040670,Nohl Williams,KC,CB,2.0,425,measured,11.6,14.31,14.22,13.85,9.5,13.2,11.8,9.4,9.52,8.43,3.99,12.9,6.88,13.04,10.99,11.29,2.53,2.82,3.47,3.56,3.11,3.51,3.27,1.0,1.97,4.78,1.53,3.43,3.57,3.15,2.8,3.28,3.35,2.44,3.49,2.65,5.35,10.65,11.66,13.16,11.02,11.02,10.69,7.51,2.89,1.15,2.87,3.35,17.93
00-0041358,Bryson Eason,KC,DT,3.0,0,prior,9.2,5.09,6.02,4.5,14.42,8.24,11.8,6.62,7.02,9.44,7.38,11.38,10.02,10.31,10.99,11.29,2.1,3.05,1.67,4.33,3.17,3.36,2.26,3.8,2.37,3.94,2.37,2.05,1.37,2.28,2.35,3.41,2.76,2.46,10.32,8.1,8.4,7.42,7.7,8.83,2.38,3.7,2.57,3.94,2.67,2.31,3.01,3.88,2.97
00-0032762,Chris Jones,KC,DT,1.0,1516,measured,15.6,4.8,5.47,6.97,13.39,4.87,11.8,14.28,12.54,13.76,13.43,10.84,15.56,8.0,13.79,6.14,3.63,3.23,1.78,2.3,1.74,3.41,3.27,3.54,4.15,4.1,2.56,3.08,3.31,1.91,2.66,1.25,1.32,1.96,20.0,18.85,19.09,15.95,6.98,3.28,3.26,3.8,3.29,4.43,1.43,1.55,2.15,4.0,3.13
00-0036909,Khyiris Tonga,KC,DT,1.0,541,measured,10.6,3.51,4.31,2.71,17.55,6.69,11.8,10.28,7.12,8.13,9.47,8.98,11.02,8.13,14.88,7.73,3.46,2.33,3.02,2.73,4.1,1.08,4.06,4.08,3.08,2.18,3.4,3.08,3.61,1.0,4.28,1.2,2.33,3.39,9.48,5.61,9.03,11.4,13.32,5.39,3.49,2.27,2.45,4.0,4.22,1.0,2.22,3.92,2.81
00-0039433,Marcus Harris,KC,DT,,0,prior,6.5,5.87,6.13,7.5,13.85,8.69,11.8,6.41,4.74,6.45,6.33,10.43,9.57,10.31,10.99,11.29,1.51,2.39,2.41,1.3,2.82,3.31,3.41,2.9,1.0,3.46,2.64,2.75,2.55,2.36,2.58,3.14,4.15,2.75,5.32,3.57,5.6,5.19,4.18,12.53,2.73,4.91,2.58,2.7,4.07,2.98,2.22,2.34,4.31
00-0040748,Omarr Norman-Lott,KC,DT,2.0,68,prior,8.6,5.58,8.04,5.56,13.7,11.2,11.8,8.8,4.98,4.85,5.98,13.17,7.14,13.04,10.99,4.47,4.68,1.0,2.82,1.96,2.41,3.32,3.91,1.55,4.5,4.18,2.14,3.61,3.08,4.08,4.27,3.18,3.47,2.65,8.51,6.71,8.38,6.76,6.1,10.95,1.41,2.94,2.68,4.07,2.66,3.29,2.31,3.47,2.83
00-0041545,Peter Woods,KC,DT,2.0,0,prior,10.1,5.92,7.11,6.06,13.55,9.22,11.8,7.46,9.42,11.82,7.04,7.21,10.41,10.31,10.99,11.29,4.67,1.79,1.65,1.96,3.65,2.57,3.22,2.06,1.12,3.09,2.65,2.5,3.06,2.98,2.52,3.86,4.02,3.05,11.76,10.14,9.06,8.75,8.02,8.12,1.86,3.88,1.9,2.63,3.79,2.67,3.86,4.07,2.3
00-0040640,Ashton Gillotte,KC,EDGE,2.0,446,measured,9.7,10.02,12.01,10.1,12.46,14.82,11.8,8.56,7.31,10.01,6.02,10.93,6.92,13.04,10.99,15.41,4.47,2.58,4.63,3.22,4.4,1.77,2.82,3.65,2.12,3.15,4.31,1.98,4.62,2.14,2.92,2.66,1.82,2.7,8.91,8.21,8.35,10.07,11.2,12.04,5.8,6.8,3.35,2.73,3.8,2.51,1.0,4.1,4.02
00-0040118,Cooper McDonald,KC,EDGE,3.0,54,prior,7.4,11.79,13.48,12.87,10.75,14.41,11.8,8.24,7.17,5.64,7.06,7.22,7.75,13.04,10.99,11.29,2.53,3.22,2.73,2.89,3.72,1.47,1.69,5.18,3.18,1.73,3.45,2.54,2.91,1.0,1.9,3.6,4.33,2.49,4.86,5.38,5.54,7.12,5.69,14.58,5.8,6.8,2.99,2.69,3.82,2.44,4.01,3.64,2.13
00-0033073,Emmanuel Ogbah,KC,EDGE,,866,measured,10.7,10.15,11.48,8.62,10.0,12.97,11.8,12.7,10.67,9.96,13.74,13.4,6.5,11.98,14.11,5.11,3.21,1.67,2.03,4.27,4.77,4.25,2.12,1.93,1.0,1.52,2.27,3.35,1.75,2.56,4.24,2.27,3.24,3.23,10.13,10.35,12.31,11.93,8.94,10.43,5.8,6.8,3.06,2.46,2.59,2.27,3.18,2.97,3.33
00-0040328,Ethan Downs,KC,EDGE,3.0,10,prior,7.2,10.92,12.21,7.57,16.16,13.28,11.8,6.19,5.76,7.41,4.51,11.57,13.11,13.04,10.99,11.29,1.0,3.21,4.36,2.3,3.09,3.67,1.98,2.45,2.34,4.77,4.23,2.93,2.38,1.65,3.16,4.08,2.15,4.15,5.85,4.18,5.02,5.02,4.02,13.56,5.8,6.8,2.17,3.87,4.79,3.65,4.45,5.04,2.89
00-0039006,Felix Anudike-Uzomah,KC,EDGE,1.0,306,measured,11.2,10.89,12.59,11.63,11.0,13.68,11.8,10.75,8.64,11.23,8.92,10.21,12.47,13.86,10.99,11.29,1.84,1.0,2.91,4.52,3.01,2.4,2.65,2.12,2.13,3.34,3.41,4.41,3.78,3.46,3.53,2.98,3.97,3.11,9.6,9.72,12.52,14.06,11.15,12.26,5.8,6.8,2.18,2.92,3.96,1.98,1.93,3.65,3.72
00-0037192,George Karlaftis,KC,EDGE,1.0,1559,measured,14.9,10.41,12.45,11.24,10.67,15.72,11.8,13.98,12.13,14.42,9.79,8.46,12.87,15.27,13.59,7.35,4.23,1.0,2.73,1.64,1.99,3.9,3.44,3.86,3.51,4.33,3.55,3.24,1.0,3.87,4.48,3.94,2.44,2.85,17.66,17.73,16.58,14.32,9.17,8.82,5.8,6.8,3.5,2.66,2.16,3.04,3.9,3.12,4.35
00-0041256,Jack Pyburn,KC,EDGE,4.0,0,prior,8.6,10.71,12.37,11.37,11.1,13.5,11.8,7.76,8.1,5.18,3.38,11.23,7.7,10.31,10.99,11.29,1.48,2.97,4.38,4.02,3.27,3.83,2.16,2.38,4.05,3.09,1.25,4.47,1.94,1.29,2.47,3.27,1.36,2.78,7.18,7.2,6.62,7.97,9.29,13.99,5.8,6.8,4.84,2.75,2.91,3.69,3.08,3.35,2.28
00-0041501,R Mason Thomas,KC,EDGE,2.0,0,prior,9.7,11.23,12.6,11.72,11.33,13.59,11.8,5.59,7.52,6.68,6.79,9.43,11.93,10.31,10.99,11.29,4.78,3.96,4.73,4.66,4.56,1.97,1.46,2.93,4.25,3.3,3.9,3.3,4.62,3.17,2.26,3.72,2.24,4.25,8.71,8.83,8.52,9.02,9.35,12.24,5.8,6.8,3.62,2.08,2.72,2.14,3.18,3.77,1.6
00-0037080,Tyreke Smith,KC,EDGE,,9,prior,6.5,8.53,10.52,11.41,11.27,13.0,11.8,9.06,6.05,2.19,7.95,9.04,14.33,6.23,13.94,11.29,2.56,3.1,3.91,2.8,3.09,3.14,2.92,1.0,3.16,2.41,4.18,4.55,1.85,2.42,4.11,2.93,2.93,2.93,5.46,4.66,5.42,5.08,4.02,12.23,5.8,6.8,3.56,4.36,2.26,1.51,1.01,1.96,1.88
00-0038489,Ben VanSumeren,KC,FB,,14,prior,9.5,10.24,11.43,10.3,9.89,12.53,11.8,9.41,4.89,8.49,10.27,14.52,11.7,8.52,15.02,14.86,2.69,3.03,2.54,2.98,2.79,2.07,3.81,6.82,3.05,3.02,4.68,6.44,3.89,2.2,3.5,10.22,9.64,11.22,2.4,3.37,3.53,1.0,1.0,2.79,3.93,3.38,3.18,3.36,3.05,4.09,2.8,3.07,3.36
00-0033303,Harrison Butker,KC,K,1.0,71,measured,12.5,9.14,10.32,9.29,9.88,11.62,12.49,11.56,11.99,11.26,10.53,10.22,11.86,15.24,13.71,14.29,2.99,2.93,3.46,4.53,3.82,4.03,3.29,3.83,2.92,3.83,2.27,4.05,1.94,3.15,2.9,2.68,2.54,2.69,3.01,3.13,4.07,2.94,2.91,2.46,2.7,3.55,2.46,1.92,11.79,13.27,3.7,2.72,3.37
00-0038513,Cam Jones,KC,LB,,94,prior,10.6,10.92,12.38,12.45,8.5,12.95,11.8,9.34,7.34,7.78,6.11,6.16,5.89,7.62,13.71,16.98,3.54,2.13,4.38,3.34,1.0,2.81,1.68,1.31,2.1,2.4,1.5,4.21,3.26,3.18,3.41,1.73,3.6,2.64,6.42,6.58,9.69,10.94,13.1,13.1,7.86,9.36,2.31,4.83,3.33,3.55,1.78,2.18,2.6
00-0035900,Cole Christiansen,KC,LB,,1,prior,9.4,11.63,12.37,11.62,10.22,13.04,11.8,9.92,6.38,7.77,9.36,11.3,8.75,17.99,10.99,11.29,3.51,2.81,3.64,2.4,3.95,3.19,1.0,3.09,2.39,3.86,2.72,2.33,2.49,4.28,2.86,3.55,4.33,2.15,9.98,9.79,5.45,6.95,9.9,10.75,8.97,10.47,2.53,2.14,4.22,3.8,3.46,3.95,1.72
00-0035262,Drue Tranquill,KC,LB,1.0,1584,measured,13.3,11.93,12.91,14.19,15.7,14.79,11.8,13.18,11.67,12.15,13.55,8.19,8.06,14.13,15.26,7.91,1.8,3.58,3.14,2.67,2.87,2.27,2.6,5.14,1.49,2.4,2.51,1.2,3.09,2.36,1.36,2.77,2.64,3.23,9.02,7.01,13.32,16.18,14.96,12.53,11.69,13.19,3.55,6.83,2.18,3.57,4.61,2.08,3.61
00-0037208,Jack Cochrane,KC,LB,2.0,140,measured,11.0,12.24,13.32,12.93,9.72,13.84,11.8,10.59,2.3,8.44,8.31,7.8,8.22,16.96,10.99,11.29,3.92,3.24,2.42,3.13,2.53,3.49,2.67,2.91,3.99,1.91,1.85,2.37,3.1,2.61,3.68,2.8,2.28,3.19,13.28,13.48,7.89,10.55,12.18,14.03,7.01,8.51,3.8,2.66,4.5,2.97,2.08,3.93,3.69
00-0040072,Jeffrey Bassa,KC,LB,1.0,36,prior,10.2,11.85,12.42,10.8,10.67,15.51,11.8,7.76,9.0,7.84,6.03,10.25,14.72,13.04,10.99,11.29,3.27,3.61,2.69,2.35,2.23,2.98,2.01,3.59,2.05,2.79,3.23,4.12,2.88,3.15,1.96,1.0,3.68,2.31,10.83,10.56,5.49,7.73,11.97,13.47,9.93,11.43,3.08,4.84,3.4,2.84,1.87,4.39,1.98
00-0036621,Nick Bolton,KC,LB,1.0,1728,measured,16.5,12.37,12.63,9.23,12.46,12.25,11.8,13.44,12.84,13.19,9.42,16.31,8.02,11.91,14.82,7.21,3.95,1.58,4.09,3.57,2.41,2.05,2.44,1.32,2.18,2.63,2.17,2.14,1.85,4.67,2.45,2.49,1.42,3.0,12.71,12.0,18.42,19.4,18.28,15.39,17.23,18.32,3.29,12.69,2.46,4.03,4.5,2.65,3.22
00-0030615,James Winchester,KC,LS,1.0,2,prior,10.8,7.42,8.38,7.96,9.71,9.86,12.42,15.0,8.71,6.89,13.02,8.77,9.55,17.99,10.99,11.29,1.08,3.61,3.54,2.15,3.09,1.54,1.95,3.03,4.53,2.09,3.9,4.61,1.9,1.51,4.28,1.96,3.75,2.23,2.64,2.42,3.32,3.06,4.55,4.34,2.14,3.07,3.27,4.51,4.26,3.29,2.72,1.36,4.09
00-0039833,C.J. Hanson,KC,OG,,21,prior,9.6,6.67,9.08,6.81,13.05,12.51,11.8,7.17,6.19,9.64,7.74,8.02,12.69,14.76,10.99,11.29,3.23,2.68,1.0,2.09,4.35,3.25,2.78,3.94,3.71,3.52,2.62,2.12,4.08,4.3,3.65,8.97,9.56,1.46,2.35,1.06,1.36,5.14,3.24,2.01,3.36,3.44,3.28,3.31,3.64,3.51,3.68,3.34,3.14
00-0037807,Joshua Ezeudu,KC,OG,3.0,228,measured,9.3,4.13,5.67,6.26,13.11,8.46,11.8,8.91,8.69,1.0,9.65,10.07,8.76,12.03,5.45,4.19,3.59,5.02,3.31,6.18,3.43,2.72,3.12,3.54,1.83,2.66,4.58,3.35,1.53,2.82,2.69,10.78,6.65,1.63,1.59,2.04,2.09,2.89,2.89,2.69,4.32,3.69,2.53,2.8,3.17,3.47,2.72,3.8,3.43
00-0039844,Kingsley Suamataia,KC,OG,1.0,1129,measured,10.7,6.13,7.67,4.75,13.29,8.83,11.8,8.96,5.92,7.82,7.77,9.23,12.41,14.76,10.99,15.41,2.41,3.29,3.4,1.5,2.89,3.54,3.25,3.15,3.03,3.55,3.29,2.63,2.94,3.33,2.29,11.91,9.79,1.04,3.35,1.59,2.95,4.3,2.27,2.27,3.67,3.91,3.68,3.19,3.15,2.98,2.72,4.51,3.31
00-0037266,Matt Waletzko,KC,OG,3.0,10,prior,9.6,6.27,8.38,8.73,13.03,10.15,11.8,10.23,7.64,8.3,10.63,9.64,14.85,5.34,14.91,6.0,1.58,3.91,3.53,3.7,1.05,2.44,3.8,3.36,2.28,3.95,2.32,2.24,1.92,2.02,3.39,8.56,9.11,2.17,1.76,2.75,2.6,3.94,3.29,1.79,4.49,4.2,1.28,3.05,4.45,4.37,3.42,3.06,2.19
00-0037207,Mike Caliendo,KC,OG,2.0,568,measured,9.0,4.51,6.1,6.24,12.99,8.37,11.8,8.76,5.53,3.44,5.96,18.21,11.39,15.84,10.99,11.29,3.69,2.33,2.35,3.95,2.06,2.59,3.86,3.63,2.33,2.53,4.35,2.72,3.13,2.25,3.58,7.61,9.26,1.0,2.35,4.5,3.58,2.36,2.18,2.51,3.33,2.7,2.96,3.7,1.65,4.61,2.47,3.19,3.23
00-0036660,Trey Smith,KC,OG,1.0,1769,measured,14.6,3.99,6.07,6.35,13.23,9.17,11.8,10.61,12.15,13.09,9.91,7.99,11.62,11.84,7.43,14.71,3.24,4.71,5.15,1.5,3.71,3.78,4.57,2.99,2.92,2.5,4.96,2.79,3.32,2.94,2.64,16.34,17.3,4.1,5.32,3.76,2.04,1.17,2.0,2.14,1.91,2.3,2.78,2.89,2.3,3.96,3.12,3.25,4.0
00-0040987,Diego Pounds,KC,OT,3.0,0,prior,10.3,4.67,7.33,3.98,11.78,10.0,11.8,9.75,5.52,5.67,6.36,7.18,13.48,10.31,10.99,11.29,3.36,3.19,3.13,2.49,4.32,2.64,2.63,2.14,2.32,2.77,2.97,2.12,2.71,4.23,5.95,11.01,11.55,2.47,3.47,2.54,1.17,1.29,3.77,2.34,3.09,4.15,3.72,2.87,4.03,3.57,1.05,2.39,1.79
00-0039317,Ethan Driskell,KC,OT,,3,prior,11.4,3.92,5.92,5.92,11.15,8.33,11.8,9.69,7.88,8.58,7.75,4.39,12.47,12.42,10.99,11.29,2.6,3.95,2.69,3.46,2.09,1.95,3.87,4.03,1.67,2.68,1.6,2.11,5.42,3.53,1.85,10.57,14.79,2.59,1.0,3.95,1.0,2.76,2.67,1.9,3.22,3.95,4.42,1.96,1.77,1.46,1.73,4.04,4.1
00-0036557,Jaylon Moore,KC,OT,2.0,657,measured,11.2,3.02,5.19,5.74,13.85,9.08,11.8,7.7,6.95,9.05,7.35,10.8,8.88,13.92,17.22,13.96,2.21,3.83,1.87,4.36,4.2,3.32,3.97,1.77,2.31,4.14,2.72,3.16,1.66,3.78,1.67,11.79,12.79,3.59,4.36,2.46,1.07,3.11,2.8,2.28,2.87,1.0,4.03,3.52,1.58,2.87,3.75,2.41,2.74
00-0040116,Josh Simmons,KC,OT,1.0,482,measured,13.2,4.94,6.74,5.73,12.48,9.21,11.8,10.46,14.07,9.1,7.8,10.74,14.38,5.71,4.26,5.58,3.24,4.42,4.2,4.72,2.77,3.7,4.33,4.27,5.43,1.76,2.19,3.22,2.91,1.15,2.74,13.22,16.89,3.98,3.92,1.51,3.22,3.78,2.14,3.88,1.38,1.84,2.7,3.5,3.5,3.6,4.49,2.2,2.95
00-0041019,Kahlil Benson,KC,OT,1.0,0,prior,12.4,4.37,6.14,5.19,12.03,8.61,11.8,8.76,8.46,9.37,7.68,7.77,14.8,10.31,10.99,11.29,2.75,3.24,1.0,1.03,4.26,4.5,4.14,2.72,3.36,2.11,2.92,2.96,2.57,3.11,2.2,11.63,16.48,3.81,3.06,4.68,2.68,2.31,2.04,3.28,3.58,1.22,4.46,3.35,3.13,3.8,2.61,3.31,3.44
00-0037284,Matt Araiza,KC,P,1.0,66,measured,11.6,11.08,12.78,9.72,10.13,12.69,10.93,10.06,10.53,9.81,8.91,10.08,9.14,14.76,10.99,11.29,2.79,4.03,3.13,2.26,4.47,2.36,3.38,3.89,3.42,3.22,3.25,5.07,5.17,3.18,3.01,1.89,4.67,2.26,2.75,3.74,3.35,3.11,3.25,2.36,3.23,2.99,2.74,2.72,5.02,3.43,12.5,10.6,4.19
00-0037324,Chris Oladokun,KC,QB,,108,measured,6.9,9.65,9.3,11.63,10.08,9.81,11.8,8.39,6.51,6.3,9.12,10.65,7.52,14.76,10.99,11.29,4.99,6.73,8.1,8.64,5.44,5.51,6.26,5.28,3.11,1.0,2.0,3.0,2.04,1.58,2.21,1.26,4.36,1.85,1.94,2.56,2.44,3.72,2.23,2.06,3.61,3.45,2.12,2.49,1.85,1.85,4.6,3.22,3.68
00-0040906,Garrett Nussmeier,KC,QB,3.0,0,prior,6.9,9.81,9.7,12.02,10.08,10.37,11.8,5.46,6.0,7.61,8.21,13.25,8.07,10.31,10.99,11.29,10.94,6.58,6.89,8.53,5.03,5.6,5.38,7.43,2.77,2.55,3.02,2.51,1.8,4.0,3.63,3.03,2.91,3.88,2.16,4.33,3.31,2.98,1.93,1.0,3.34,2.59,3.23,2.41,2.75,3.2,2.8,4.86,3.52
00-0036945,Justin Fields,KC,QB,2.0,1065,measured,8.9,15.47,13.35,12.07,10.08,11.32,11.8,8.3,8.28,6.31,9.11,15.41,16.5,5.11,6.86,4.07,11.41,8.59,8.19,7.75,8.25,8.99,9.01,4.93,2.2,15.31,3.84,3.85,3.13,3.5,3.43,1.64,3.06,2.93,4.41,1.99,2.74,3.21,2.73,2.33,3.83,2.93,4.68,3.96,1.83,2.51,3.29,2.21,2.12
00-0033873,Patrick Mahomes,KC,QB,1.0,1995,measured,15.0,8.29,9.12,15.25,10.08,9.41,11.8,15.58,15.48,14.54,15.32,1.73,4.46,8.38,17.63,7.62,15.3,13.18,17.26,11.23,19.46,17.54,14.82,16.47,1.81,11.12,3.8,2.18,3.46,3.59,4.02,1.02,3.86,4.13,2.37,2.67,2.36,2.31,1.63,2.76,3.01,2.81,2.42,4.11,2.15,3.11,2.38,3.73,3.44
00-0040078,Brashard Smith,KC,RB,3.0,171,measured,11.2,16.86,14.84,14.19,7.71,12.35,11.8,8.0,10.09,8.98,6.68,16.13,12.44,13.04,10.99,11.29,2.01,2.46,2.43,2.87,3.11,2.32,3.97,14.55,8.8,7.79,8.36,9.3,2.74,13.94,15.85,1.87,9.22,2.87,2.29,4.15,3.21,2.77,2.79,2.26,3.21,2.66,4.28,2.07,3.32,3.45,2.81,3.88,14.86
00-0040964,EJ Smith,KC,RB,,0,prior,11.1,13.72,14.18,12.85,9.08,13.91,11.8,8.72,7.94,9.84,6.87,11.03,11.26,10.31,10.99,11.29,3.16,2.18,4.57,3.99,3.42,2.53,3.21,15.23,9.65,8.14,9.47,11.34,3.04,5.78,6.33,3.21,5.57,4.21,3.17,2.86,1.0,2.85,2.09,4.3,2.34,3.08,3.22,2.01,2.87,2.24,2.37,1.58,10.21
00-0041013,Emmett Johnson,KC,RB,2.0,0,prior,10.5,13.11,13.58,11.22,8.0,14.17,11.8,9.26,8.69,8.03,4.67,13.19,9.3,10.31,10.99,11.29,4.57,2.4,1.52,1.18,4.09,4.93,1.46,14.54,9.64,9.97,8.49,5.77,2.64,9.04,7.8,1.79,6.79,2.79,2.93,3.36,4.49,2.55,2.84,3.78,2.66,3.13,3.14,2.71,2.63,1.61,1.52,2.05,12.45
00-0040959,Jaydn Ott,KC,RB,,0,prior,11.2,14.12,14.39,13.31,8.54,13.94,11.8,9.33,12.7,10.21,4.76,11.98,12.28,10.31,10.99,11.29,3.55,2.69,3.39,1.7,3.55,3.88,3.24,15.23,9.65,8.14,9.47,11.34,3.31,5.78,6.33,3.21,5.57,4.21,2.16,5.01,4.73,3.54,3.43,2.71,2.11,2.02,3.95,3.85,4.08,1.4,1.48,2.78,10.37
00-0038134,Kenneth Walker III,KC,RB,1.0,955,measured,13.9,17.09,16.19,13.37,8.86,13.7,11.8,11.97,9.46,13.54,8.81,6.06,12.65,8.37,14.77,15.97,4.04,2.68,2.14,1.0,3.54,2.74,3.48,14.43,12.64,16.26,10.92,11.74,3.8,11.92,10.33,6.42,10.73,7.42,1.84,1.67,4.2,4.37,2.71,2.55,3.47,2.3,4.52,2.63,4.71,3.74,3.28,4.05,12.29
00-0040547,Nate Carter,KC,RB,,9,prior,8.4,14.24,14.33,13.8,8.17,13.83,11.8,6.04,8.26,6.14,6.69,11.07,5.22,4.16,16.22,11.29,4.59,2.79,1.93,1.0,1.69,3.08,3.34,9.22,5.72,5.37,5.4,5.69,2.63,4.61,6.2,1.0,5.75,1.0,4.0,1.25,3.75,1.92,3.01,2.89,2.86,2.75,2.69,2.95,1.0,3.28,3.4,3.87,13.35
00-0036380,Alohi Gilman,KC,S,1.0,1760,measured,13.9,12.05,12.6,16.37,8.5,12.15,11.8,14.0,10.68,13.21,10.68,12.16,8.97,7.83,14.53,14.26,3.23,2.94,3.48,1.88,4.25,1.0,2.88,3.79,4.17,1.01,2.61,2.84,2.81,4.05,1.0,3.03,4.15,1.91,1.69,3.24,3.82,16.65,10.04,11.92,15.14,16.12,9.41,15.0,2.14,2.61,3.16,4.01,9.8
00-0038982,Chamarri Conner,KC,S,1.0,1439,measured,12.2,14.08,15.33,14.27,10.0,17.35,11.8,11.0,9.34,11.33,9.42,11.18,15.42,13.98,6.39,11.29,2.34,3.09,4.73,3.11,4.03,3.63,4.86,2.63,3.13,2.11,3.58,2.7,2.51,3.24,4.08,3.36,1.8,3.9,3.9,3.15,1.05,15.0,18.25,12.24,8.38,9.38,9.86,11.37,3.45,3.35,3.01,3.6,9.8
00-0040963,DeShon Singleton,KC,S,,0,prior,10.8,13.98,15.47,13.35,8.31,15.36,11.8,9.48,5.86,7.69,6.26,10.98,9.79,10.31,10.99,11.29,4.35,3.89,4.31,2.56,1.53,3.13,3.0,3.78,3.68,1.83,2.35,3.04,2.24,4.65,3.04,2.95,3.83,3.55,3.09,3.51,3.92,9.26,10.27,15.37,8.81,9.81,9.35,11.16,2.11,1.98,2.08,1.82,9.8
00-0039825,Jaden Hicks,KC,S,2.0,621,measured,11.4,13.59,14.33,13.73,8.0,15.64,11.8,9.58,8.04,8.37,7.81,10.77,11.04,14.76,10.99,11.29,2.0,2.69,3.99,3.74,3.3,1.45,3.48,1.76,3.45,3.79,2.34,4.3,2.62,4.32,3.76,3.44,1.91,2.96,2.28,3.33,3.12,12.86,11.79,11.02,10.22,11.22,9.26,10.48,2.71,3.02,1.0,3.35,9.8
00-0038717,Tanner McCalister,KC,S,,8,prior,8.1,13.9,14.33,14.27,7.04,13.95,11.8,10.42,3.05,5.4,6.48,9.51,16.15,13.86,10.99,11.29,4.03,2.41,1.75,2.87,2.72,3.41,4.02,2.62,3.58,1.66,2.02,2.54,2.76,2.71,2.06,3.43,2.57,3.19,1.82,1.68,1.89,8.51,6.63,9.88,4.93,5.93,8.97,5.93,4.48,3.66,2.02,4.02,9.8
00-0040957,Xavier Nwankpa,KC,S,2.0,0,prior,10.8,14.77,15.58,13.87,8.55,15.99,11.8,8.49,8.41,8.19,7.85,9.75,15.25,10.31,10.99,11.29,2.84,3.34,3.89,2.4,2.47,2.17,2.06,3.57,2.35,2.76,4.36,1.9,3.84,3.66,4.84,2.96,4.39,3.38,3.32,2.63,2.64,13.32,11.56,13.12,8.74,9.74,9.43,8.16,3.38,3.75,2.29,1.1,9.8
00-0040081,Jake Briningstool,KC,TE,4.0,0,prior,9.3,10.0,10.75,12.61,8.3,11.15,11.8,8.02,8.35,8.03,6.02,7.09,9.05,4.16,4.74,11.29,1.91,4.08,4.26,5.91,3.17,2.43,3.36,6.43,3.91,2.05,4.7,19.4,5.68,4.19,4.19,8.8,11.85,6.64,4.65,1.04,1.76,1.57,2.87,3.34,2.93,4.58,3.22,3.4,3.39,3.06,2.01,3.13,4.35
00-0039824,Jared Wiley,KC,TE,3.0,77,prior,8.8,12.0,12.49,11.65,9.18,14.87,11.8,8.8,4.29,6.2,7.16,14.75,15.08,7.25,15.02,11.29,2.47,3.23,2.8,5.04,4.23,1.0,1.5,10.27,5.63,4.34,6.99,14.59,6.17,4.63,4.69,9.05,9.35,6.89,3.73,3.24,2.18,2.02,6.36,2.41,2.66,3.59,5.23,2.58,2.26,4.39,2.61,1.02,3.14
00-0040955,John Michael Gyllenborg,KC,TE,5.0,0,prior,9.1,10.92,12.22,12.06,9.44,13.32,11.8,9.19,6.57,6.95,6.15,14.03,9.09,10.31,10.99,11.29,1.39,3.12,3.68,1.67,3.61,3.59,5.07,6.67,2.63,7.11,9.77,8.1,8.66,8.18,7.9,10.23,8.86,8.08,3.11,4.22,2.61,2.11,1.54,3.58,2.43,3.47,1.58,1.67,1.08,4.57,2.1,1.11,2.31
00-0036637,Noah Gray,KC,TE,2.0,1159,measured,10.3,13.29,12.44,14.12,7.5,13.16,11.8,9.23,9.02,8.11,10.14,13.03,11.96,15.36,15.23,11.29,3.04,1.51,3.16,4.04,2.74,3.82,1.79,11.77,3.14,11.19,13.85,7.83,14.63,9.31,13.13,12.42,4.79,10.26,3.15,2.7,3.01,3.41,1.0,1.22,2.81,3.67,2.93,2.2,2.75,2.73,2.42,3.16,5.31
00-0030506,Travis Kelce,KC,TE,1.0,1774,measured,12.7,8.72,9.54,9.33,9.53,10.7,11.8,12.9,11.6,10.7,14.02,12.29,10.06,16.37,13.59,7.85,2.35,3.93,2.12,3.71,2.89,2.36,3.53,10.63,1.67,9.52,12.18,15.01,14.35,15.9,14.88,14.02,6.93,11.86,2.5,4.81,3.31,2.71,2.05,3.79,3.38,1.0,3.98,1.74,2.93,3.84,3.23,1.83,3.2
00-0040298,Andrew Armstrong,KC,WR,,0,prior,9.6,14.16,15.24,14.08,6.68,15.08,11.8,9.87,9.18,7.95,2.83,10.5,6.07,10.31,10.99,11.29,3.61,3.0,2.32,3.11,2.14,4.1,3.82,11.77,10.15,16.06,14.98,13.55,3.6,3.59,3.59,1.35,1.0,3.76,3.03,3.97,2.74,1.55,4.45,3.49,4.74,3.07,5.04,2.94,5.55,2.82,4.67,2.56,9.99
00-0040890,Cyrus Allen,KC,WR,2.0,0,prior,10.2,15.71,15.83,14.2,6.3,14.92,11.8,9.37,5.26,7.65,7.91,13.77,11.96,10.31,10.99,11.29,3.05,2.79,2.2,4.05,4.37,2.35,1.4,12.39,5.54,7.26,6.19,9.14,6.55,7.49,7.57,2.03,2.89,3.68,2.45,3.61,2.61,2.41,1.0,4.28,3.13,2.09,3.93,3.43,4.51,4.8,1.81,1.0,15.53
00-0040646,Jalen Royals,KC,WR,2.0,77,prior,10.4,16.16,16.08,13.75,6.5,15.02,11.8,8.7,11.81,11.1,6.83,11.01,10.32,5.3,6.65,5.58,1.95,3.42,4.45,2.74,3.38,4.17,2.95,14.19,5.67,9.28,8.2,11.93,4.51,6.52,6.77,2.82,4.01,2.84,4.96,2.91,2.35,3.93,2.86,4.93,2.61,4.51,3.82,3.94,2.96,3.32,3.54,4.13,15.44
00-0040953,Jeff Caldwell,KC,WR,3.0,0,prior,9.5,18.71,19.52,14.06,6.76,18.97,11.8,8.75,7.69,9.47,5.15,16.06,14.72,10.31,10.99,11.29,3.37,2.03,2.83,4.12,3.82,2.62,1.67,7.61,4.36,7.0,5.93,5.54,4.66,6.25,6.26,1.9,4.44,2.27,2.0,2.9,2.47,4.12,1.53,3.63,4.01,4.28,3.44,4.09,2.04,2.72,2.83,1.72,14.75
00-0040120,Jimmy Holiday,KC,WR,3.0,1,prior,9.2,14.15,15.0,13.26,7.66,15.12,11.8,8.55,5.14,9.11,5.97,13.62,15.4,13.04,10.99,11.29,1.29,2.93,3.04,2.35,2.67,3.48,4.27,10.98,9.04,15.18,14.11,12.48,3.63,3.67,3.63,4.44,1.0,3.68,2.49,2.41,3.39,3.19,1.83,2.94,2.02,2.34,3.17,1.4,2.9,2.62,2.15,3.47,10.46
00-0038519,Nikko Remigio,KC,WR,2.0,52,prior,11.3,15.49,15.54,13.45,7.22,14.98,11.8,10.24,11.81,8.94,6.36,11.32,6.93,11.86,15.38,5.58,2.22,2.68,2.21,3.38,2.31,3.4,1.0,12.38,9.4,13.07,12.0,14.33,4.81,7.84,7.47,1.67,1.59,2.27,3.5,3.29,4.86,3.51,2.94,3.09,1.61,2.96,1.17,4.38,4.96,5.03,2.42,2.52,14.7
00-0040954,Omari Evans,KC,WR,,0,prior,8.7,15.1,15.53,13.9,6.76,15.0,11.8,9.62,8.54,9.93,6.34,13.68,10.72,10.31,10.99,11.29,2.91,3.13,4.29,2.54,4.1,2.96,4.33,7.61,4.36,7.0,5.93,5.54,4.66,6.25,6.26,2.56,2.18,1.0,3.04,2.9,1.91,3.23,1.87,2.61,4.61,1.0,1.58,1.99,2.26,3.34,3.3,2.51,13.31
00-0039067,Rashee Rice,KC,WR,1.0,733,measured,14.8,14.08,16.07,13.64,7.15,17.98,11.8,11.53,14.12,12.25,9.34,10.13,15.24,6.94,16.93,11.29,2.17,3.32,1.91,2.31,4.05,2.8,4.6,7.82,17.08,18.83,17.75,10.32,9.59,18.51,19.33,1.44,4.2,3.7,3.34,3.61,2.17,4.46,3.96,2.62,2.0,2.18,3.57,3.97,4.13,2.66,1.63,1.5,11.84
00-0038104,Tyquan Thornton,KC,WR,1.0,512,measured,13.4,19.4,19.24,14.74,5.7,16.12,11.8,13.03,11.19,13.9,8.98,9.38,12.69,12.35,15.23,15.19,2.38,3.28,3.4,2.57,4.69,3.41,3.35,14.86,8.94,10.74,9.67,15.16,9.86,9.35,9.42,5.0,3.02,3.02,2.86,4.48,2.95,1.96,1.93,1.41,1.0,2.76,3.85,3.05,2.8,3.5,3.86,3.13,14.68
00-0039894,Xavier Worthy,KC,WR,1.0,1090,measured,14.0,19.4,19.4,14.91,5.35,18.26,11.8,10.92,10.43,10.84,8.69,6.37,14.22,11.86,16.81,7.51,1.3,2.8,2.79,3.32,3.0,2.36,3.77,18.05,10.41,12.94,11.86,9.35,8.5,13.55,16.65,4.04,2.32,2.28,3.99,3.83,2.87,2.76,2.05,2.08,3.11,2.86,3.43,2.39,3.17,1.91,2.67,4.07,12.39
00-0034114,Coleman Shelton,LA,C,1.0,2219,measured,14.3,2.31,5.21,6.4,12.74,7.07,11.8,12.77,11.22,8.91,11.84,16.42,12.63,15.24,14.27,14.41,3.04,3.16,3.37,3.75,4.22,3.57,3.18,5.27,2.59,3.68,4.83,2.27,3.21,2.89,3.55,15.01,17.63,4.55,4.23,3.58,1.78,3.32,2.37,3.52,4.42,3.77,3.65,3.45,2.92,3.69,3.57,4.01,4.19
00-0039830,Dylan McMahon,LA,C,2.0,45,prior,10.7,5.33,8.42,11.27,13.36,12.29,11.8,9.68,6.34,8.99,5.0,8.72,11.73,12.42,10.99,11.29,3.1,3.22,4.25,3.17,2.42,2.04,3.16,3.67,2.73,4.12,2.67,1.31,2.65,3.75,2.39,10.54,9.99,1.0,2.75,2.0,2.39,3.31,3.15,1.21,1.67,5.22,1.82,4.36,1.58,1.78,3.24,4.03,1.0
00-0039780,Cam Lampkin,LA,CB,,0,prior,9.9,15.08,15.43,14.03,5.99,14.33,11.8,10.01,10.0,5.41,7.07,11.47,9.82,12.42,10.99,11.29,2.53,4.23,3.56,3.35,3.27,1.11,1.64,1.77,2.26,2.08,1.58,2.56,3.16,1.67,1.85,2.43,5.73,3.13,2.22,3.38,3.59,10.09,12.69,16.92,7.22,7.22,9.64,5.55,3.11,1.81,3.23,3.04,4.46
00-0039151,Emmanuel Forbes,LA,CB,2.0,1069,measured,13.7,17.78,18.54,14.17,5.73,16.75,11.8,11.98,11.91,12.63,8.25,9.16,12.41,7.43,13.63,6.6,2.51,2.54,3.97,5.13,2.62,1.35,1.18,3.47,4.73,3.12,3.12,1.93,2.89,3.35,4.63,1.0,3.69,2.29,1.9,1.6,4.17,6.54,5.6,13.28,13.03,13.03,9.56,14.58,3.6,4.05,3.02,1.91,16.92
00-0037195,Jaylen Watson,LA,CB,1.0,1200,measured,12.0,14.08,15.35,14.03,9.0,15.35,11.8,13.53,7.81,11.75,9.55,14.29,13.31,7.48,16.71,14.41,4.57,4.6,3.95,1.44,3.34,1.38,2.57,1.0,2.93,3.6,2.91,3.19,3.25,3.12,2.31,1.43,4.1,2.27,1.91,1.0,4.04,13.64,12.12,14.34,11.32,11.32,10.54,9.63,4.91,2.61,3.84,1.43,9.14
00-0039772,Josh Wallace,LA,CB,2.0,361,measured,11.0,15.07,14.62,13.09,6.5,13.63,11.8,10.61,8.97,10.74,7.03,14.24,15.45,12.29,7.0,14.86,2.5,1.69,3.61,2.24,3.95,3.62,1.7,2.07,4.35,2.76,2.61,4.68,3.08,1.51,3.17,2.01,4.44,3.43,3.14,2.78,1.56,4.31,8.21,14.01,10.14,10.14,9.79,6.73,2.18,3.54,2.73,3.53,16.51
00-0041416,Nyzier Fourqurean,LA,CB,,0,prior,8.5,15.08,15.75,14.01,6.44,15.06,11.8,9.7,10.38,7.41,7.26,11.38,13.28,10.31,10.99,11.29,2.62,4.28,1.99,4.91,3.87,2.44,1.0,2.77,3.32,3.07,3.52,3.58,2.14,2.53,1.36,4.43,3.06,2.4,3.85,3.21,2.43,7.37,11.98,14.63,4.56,4.56,9.77,3.77,2.22,3.25,3.65,2.07,6.16
00-0037841,Quentin Lake,LA,CB,1.0,1463,measured,10.2,12.56,14.61,13.74,7.29,15.79,11.8,9.37,9.02,9.46,9.58,14.73,10.43,7.44,14.69,8.12,2.63,2.68,4.74,1.52,1.29,3.46,3.92,3.86,2.04,3.82,4.41,1.34,4.44,2.22,3.38,5.03,4.68,4.44,2.85,1.0,2.78,12.33,14.21,15.47,7.96,7.96,10.03,9.06,3.99,3.61,3.17,2.49,9.5
00-0037191,Trent McDuffie,LA,CB,1.0,1683,measured,13.9,15.7,16.07,13.63,7.23,15.4,11.8,10.54,13.55,13.22,7.17,9.58,10.13,8.56,17.9,4.77,4.57,1.0,2.07,2.05,3.17,3.61,1.0,3.25,2.84,2.73,5.26,2.49,3.42,2.11,3.58,4.3,4.58,3.07,2.83,1.75,2.08,7.02,10.81,10.53,14.36,14.36,10.01,13.19,4.11,3.18,2.77,4.21,11.3
00-0036917,Zech McPhearson,LA,CB,,0,prior,10.7,14.62,16.61,16.65,7.0,17.82,11.8,10.9,12.49,10.44,6.55,6.77,12.49,12.09,14.21,11.29,3.92,4.07,2.63,1.98,3.34,2.67,2.46,3.65,2.62,2.63,3.62,1.83,1.42,2.49,3.82,1.07,3.34,3.22,2.14,2.58,2.9,9.98,11.91,15.13,8.42,8.42,9.94,7.36,3.58,2.36,3.88,1.75,3.09
00-0040595,Bill Norton,LA,DT,,0,prior,6.3,4.05,5.36,4.47,12.93,7.37,11.8,6.26,5.96,5.21,7.89,12.27,8.5,10.31,10.99,11.29,3.64,4.18,2.15,3.68,2.7,3.23,3.26,3.55,4.38,3.12,1.0,3.22,3.61,1.81,2.18,2.98,1.9,1.08,5.44,3.38,5.41,5.16,4.16,11.76,2.4,2.96,3.31,3.03,4.1,1.72,2.88,4.18,1.62
00-0039734,Braden Fiske,LA,DT,2.0,932,measured,12.7,9.6,11.05,9.47,13.39,12.79,11.8,12.42,12.03,9.14,4.74,8.95,10.9,14.76,10.99,18.58,3.76,1.48,3.71,4.0,3.1,2.98,2.61,2.75,4.73,3.0,4.41,3.73,3.31,1.71,3.34,2.96,3.79,2.07,14.26,13.98,12.55,12.31,9.75,6.27,2.28,2.84,2.92,2.51,4.16,2.2,2.14,4.17,3.34
00-0039138,Kobie Turner,LA,DT,1.0,1521,measured,15.1,7.34,8.62,7.7,13.38,11.03,11.8,13.21,13.68,13.14,7.28,12.3,11.29,15.84,10.99,15.41,4.54,4.09,2.82,2.71,2.22,3.82,4.38,2.35,3.28,2.56,4.03,2.84,5.41,3.67,3.93,1.39,3.53,3.36,18.11,17.05,16.26,14.39,14.43,6.42,1.48,2.88,4.61,2.78,3.06,2.59,2.39,4.4,3.66
00-0036237,Larrell Murchison,LA,DT,,221,measured,10.8,5.52,9.02,5.81,14.77,10.02,11.8,10.49,8.57,8.16,9.5,10.62,14.86,4.76,16.73,7.33,1.14,3.29,1.72,4.08,2.96,1.0,4.76,3.59,2.86,3.65,1.82,3.31,1.29,3.33,3.42,3.89,3.52,2.88,12.58,10.39,9.78,9.11,7.68,9.12,2.53,1.61,4.29,2.89,2.93,2.57,4.81,3.42,3.31
00-0034234,Poona Ford,LA,DT,1.0,927,measured,13.1,4.88,5.53,3.68,15.55,7.99,11.8,13.33,11.41,9.85,12.86,11.9,8.54,11.98,14.36,17.66,2.77,3.83,4.82,3.51,3.02,3.44,3.72,3.47,5.98,3.79,4.05,3.06,3.01,3.33,3.36,1.76,2.84,3.15,13.69,11.0,13.47,14.03,14.34,6.28,3.88,3.56,2.0,3.07,3.23,1.41,4.15,3.6,1.83
00-0040585,Ty Hamilton,LA,DT,2.0,127,measured,7.6,6.54,7.83,6.93,13.26,9.97,11.8,7.05,6.79,3.27,7.93,10.8,9.72,13.04,10.99,11.29,3.5,4.38,2.58,2.31,2.5,2.75,1.39,2.31,3.07,3.06,2.35,3.22,3.34,1.52,2.25,2.68,3.65,3.42,7.58,6.27,5.62,6.19,6.13,11.07,1.72,3.1,2.5,2.89,2.05,2.73,2.58,2.07,4.05
00-0039749,Tyler Davis,LA,DT,2.0,645,measured,9.5,6.4,7.4,4.35,14.77,8.82,11.8,8.18,4.86,7.61,6.56,12.57,10.38,14.76,10.99,14.86,4.26,4.98,1.93,3.77,2.28,1.0,2.81,3.24,4.32,2.54,3.62,3.37,2.65,3.47,2.97,4.42,3.34,3.56,9.24,7.35,6.31,8.77,13.72,6.41,2.3,3.85,2.3,1.63,3.4,3.96,3.29,3.14,2.7
00-0039137,Byron Young,LA,EDGE,1.0,1736,measured,13.2,15.77,17.54,11.05,11.33,16.92,11.8,11.27,11.66,13.75,9.69,13.63,12.03,15.84,10.99,16.1,2.95,3.27,2.69,2.47,5.02,1.98,1.7,3.39,3.7,2.47,3.22,5.57,2.83,1.0,1.76,4.15,3.44,2.69,10.76,12.48,11.38,13.93,16.63,14.69,5.8,6.8,3.89,5.0,3.55,3.42,2.99,1.15,2.5
00-0041587,Daniel Rickert,LA,EDGE,,0,prior,8.8,12.34,13.9,13.43,10.75,14.74,11.8,9.24,4.99,6.48,7.7,6.88,14.12,10.31,10.99,11.29,3.28,5.52,3.24,2.6,4.69,2.95,2.64,3.86,1.33,1.07,3.32,3.0,3.02,3.58,2.36,1.36,4.66,2.33,6.83,7.54,6.62,7.97,9.29,14.64,5.8,6.8,2.38,3.07,2.2,3.62,2.86,3.0,1.0
00-0041421,Darryl Peterson III,LA,EDGE,,0,prior,8.5,10.64,11.63,10.53,11.99,12.73,11.8,7.67,8.07,6.49,6.94,7.56,12.06,10.31,10.99,11.29,2.19,3.24,3.74,2.74,2.92,4.34,2.29,3.7,3.91,3.55,2.58,2.43,4.45,2.45,3.03,1.93,3.23,3.34,7.34,7.03,6.62,7.97,9.29,13.96,5.8,6.8,2.96,2.29,2.38,2.63,3.63,2.94,2.15
00-0039061,Desjuan Johnson,LA,EDGE,2.0,212,measured,9.6,9.76,10.95,9.68,11.96,12.29,11.8,9.32,7.43,5.95,6.97,9.06,10.66,12.32,14.01,11.29,3.05,3.26,1.26,3.14,2.65,1.02,3.15,1.48,3.55,2.5,3.13,2.22,3.17,2.69,3.55,3.54,3.84,2.81,8.97,8.36,8.38,9.56,11.93,12.35,5.8,6.8,2.5,1.82,1.17,4.2,5.27,1.0,3.41
00-0041429,Eddie Walls III,LA,EDGE,4.0,0,prior,8.6,11.19,12.95,12.11,10.83,13.97,11.8,9.39,7.69,9.69,5.01,14.76,12.06,10.31,10.99,11.29,3.59,2.24,3.53,5.25,1.88,3.54,1.53,3.3,1.0,3.83,3.47,3.0,1.62,3.28,2.14,3.44,2.02,1.54,7.04,7.33,6.62,7.97,9.29,14.18,5.8,6.8,3.43,2.16,2.1,4.69,3.36,2.21,4.23
00-0039944,Jamie Sheriff,LA,EDGE,,12,prior,6.7,10.34,11.26,10.09,12.11,12.43,11.8,7.12,8.69,5.34,9.56,13.85,12.69,14.76,10.99,11.29,1.47,2.19,3.37,1.49,3.06,4.65,3.81,4.05,3.07,2.9,3.92,2.56,3.63,2.02,3.7,3.83,1.0,1.18,5.26,4.8,5.38,5.03,4.03,13.31,5.8,6.8,3.0,4.71,3.61,3.17,3.2,2.12,2.53
00-0040580,Josaiah Stewart,LA,EDGE,2.0,357,measured,9.6,11.17,12.28,11.32,11.67,13.25,11.8,10.99,12.1,5.45,7.28,14.37,11.84,13.04,10.99,11.29,3.61,3.59,2.68,3.69,3.06,1.09,3.19,2.96,3.45,3.86,2.6,2.42,4.6,3.99,2.14,2.43,3.38,2.29,8.72,8.7,8.5,9.14,8.38,11.8,5.8,6.8,1.0,1.75,4.37,3.61,3.28,2.48,4.8
00-0037057,Keir Thomas,LA,EDGE,3.0,66,prior,7.3,10.41,11.61,10.56,11.72,12.77,11.8,7.41,4.91,5.78,7.41,8.94,11.87,14.23,10.99,11.29,1.91,3.22,4.52,3.78,4.07,2.79,4.06,2.83,4.7,3.49,3.45,2.8,3.02,2.81,3.85,2.1,3.71,3.0,5.56,5.27,6.5,7.04,4.77,14.17,5.8,6.8,2.68,3.35,4.33,3.38,2.37,2.48,3.95
00-0033868,Myles Garrett,LA,EDGE,1.0,1687,measured,17.1,10.75,13.88,9.34,16.62,17.23,11.8,14.25,17.53,19.04,13.54,13.77,14.89,16.63,14.42,14.19,1.83,3.34,2.99,2.05,2.62,1.5,4.1,4.37,2.76,2.87,1.77,1.02,1.82,4.51,2.07,2.44,2.72,2.14,20.0,19.42,19.4,15.77,13.1,6.26,5.8,6.8,2.89,4.35,1.85,2.96,2.34,2.65,3.18
00-0041404,Wesley Bailey,LA,EDGE,3.0,0,prior,8.5,10.28,12.07,10.97,11.08,13.32,11.8,6.63,6.03,7.47,3.73,4.97,14.62,10.31,10.99,11.29,2.28,3.24,1.0,4.37,4.27,2.81,2.68,2.89,1.87,4.03,2.29,3.21,2.9,3.99,2.57,1.08,4.23,2.1,7.25,7.13,6.62,7.97,9.29,13.82,5.8,6.8,2.92,3.8,4.62,1.65,4.63,2.55,1.99
00-0039498,Harrison Mevis,LA,K,1.0,13,measured,9.0,10.24,11.42,10.24,9.88,12.53,10.23,7.21,7.53,2.42,10.12,13.03,8.65,13.04,10.99,11.29,3.71,2.58,5.95,1.67,3.85,1.67,2.84,1.99,1.33,2.68,2.68,3.25,3.14,2.88,2.79,2.07,5.23,2.79,2.64,1.49,1.49,4.05,2.76,4.31,4.9,2.56,1.76,4.27,7.03,11.03,3.4,2.68,3.71
00-0039775,Elias Neal,LA,LB,,0,prior,9.1,11.91,12.46,11.54,10.43,13.07,11.8,9.53,5.05,4.86,6.54,5.49,11.0,14.76,10.99,11.29,2.09,2.35,2.91,2.69,4.73,2.13,2.97,3.78,4.46,2.01,1.77,3.92,3.05,1.81,5.25,2.78,2.79,2.23,8.63,8.47,5.41,6.91,10.05,11.51,7.5,9.0,3.59,2.05,1.7,4.13,3.89,4.09,3.45
00-0036672,Grant Stuard,LA,LB,2.0,172,measured,12.9,11.86,12.29,11.12,11.35,13.08,11.8,10.85,13.06,9.89,8.06,8.47,8.7,16.56,7.4,16.74,3.1,2.62,3.58,3.65,4.06,2.74,3.15,3.28,2.72,1.58,3.07,1.4,1.26,2.57,3.73,5.2,2.36,1.99,14.25,13.75,9.27,14.17,18.2,12.99,7.53,9.03,2.78,2.81,2.52,1.0,1.96,3.82,4.28
00-0037587,Nate Landman,LA,LB,1.0,1631,measured,14.0,8.53,11.02,12.94,9.32,14.68,11.8,11.34,10.93,14.04,12.41,8.81,9.86,12.31,17.1,16.1,3.88,3.98,3.52,4.06,2.92,3.32,3.42,3.02,3.18,4.29,1.88,5.28,1.0,2.98,1.0,1.4,3.17,3.5,6.15,5.19,16.23,19.38,17.5,13.52,11.49,12.99,3.13,10.34,3.5,2.3,3.09,1.77,3.35
00-0039774,Omar Speights,LA,LB,1.0,902,measured,12.3,12.05,12.83,11.95,10.67,13.54,11.8,10.37,6.43,5.84,7.28,15.74,11.05,13.77,16.55,15.41,3.44,4.61,1.78,3.56,3.12,2.25,3.49,3.19,2.42,2.72,4.9,5.71,2.68,3.42,3.09,4.29,1.77,4.13,6.64,6.44,13.75,14.69,12.55,15.42,10.16,11.66,1.9,6.67,2.6,4.29,2.23,2.68,3.57
00-0040613,Shaun Dolac,LA,LB,2.0,42,prior,11.0,11.98,12.68,11.97,9.83,13.16,11.8,8.52,7.54,8.0,7.04,11.86,8.99,13.04,10.99,11.29,4.21,2.34,2.71,4.25,3.76,2.84,1.0,1.18,1.99,4.17,2.82,4.73,3.57,2.62,2.04,1.81,3.54,3.26,13.75,13.83,7.59,10.36,14.5,14.95,5.38,6.88,1.6,2.13,4.23,2.5,3.62,2.05,2.12
00-0032228,Joe Cardona,LA,LS,1.0,1,prior,14.4,5.63,7.96,8.77,15.24,10.7,12.51,16.46,12.81,15.21,12.8,14.46,12.11,15.43,14.27,5.27,4.04,2.69,2.79,3.39,1.2,3.4,4.44,2.32,2.09,4.36,4.14,1.96,1.16,4.03,2.98,4.3,1.0,2.49,2.43,3.0,4.84,2.33,3.46,3.25,3.96,1.71,1.62,2.7,2.59,2.83,2.7,1.11,3.99
00-0039753,Beaux Limmer,LA,OG,2.0,633,measured,10.1,3.7,6.45,8.36,13.2,13.49,11.8,7.86,5.55,9.93,6.38,9.28,11.43,14.76,10.99,14.86,2.48,1.69,2.37,3.87,2.43,4.08,2.65,1.27,2.37,2.16,4.23,1.94,4.37,3.23,4.35,8.91,11.18,3.58,3.22,4.43,2.79,4.07,3.72,2.57,2.58,1.92,2.42,2.96,5.8,2.42,2.0,3.86,3.66
00-0036093,Bill Murray,LA,OG,3.0,22,prior,10.1,5.34,7.05,8.56,12.58,8.28,11.8,9.81,6.79,10.55,10.85,8.43,9.73,10.31,10.99,11.29,1.65,1.84,2.31,4.31,3.62,2.45,2.79,2.32,3.74,1.16,3.9,3.8,2.26,4.0,2.98,9.07,10.81,2.64,4.95,3.0,4.33,2.11,2.89,3.13,1.01,3.01,2.02,2.26,3.43,3.46,2.87,3.39,3.98
00-0035355,Blake Hance,LA,OG,,211,measured,10.6,3.49,5.32,5.67,13.11,8.1,11.8,8.73,9.54,9.47,10.67,9.78,12.05,6.19,4.1,11.29,2.94,3.42,1.89,2.5,4.51,3.33,4.53,1.17,2.68,4.02,3.57,4.2,3.84,4.27,2.52,12.54,9.09,2.61,3.6,2.53,4.08,1.97,2.05,4.14,2.04,1.93,2.32,4.79,3.56,1.63,3.48,2.62,2.91
00-0039784,Justin Dedich,LA,OG,2.0,573,measured,11.5,5.21,6.27,5.55,12.95,8.09,11.8,10.44,8.41,9.06,7.93,10.2,10.29,14.76,10.99,11.29,3.04,3.32,2.67,3.74,3.36,4.47,2.93,4.46,1.25,3.05,1.72,1.51,1.87,2.93,4.07,7.23,18.17,3.59,1.55,3.47,1.59,1.47,4.6,2.62,2.71,3.48,2.44,3.13,4.56,1.65,3.22,3.59,3.41
00-0036339,Kevin Dotson,LA,OG,1.0,1844,measured,15.7,3.37,4.87,3.95,13.33,8.03,11.8,12.17,14.36,12.9,9.6,11.74,9.43,7.27,7.63,15.88,5.09,3.7,2.79,3.23,3.25,2.23,2.66,2.36,2.33,4.16,2.62,3.14,2.19,3.66,3.15,18.79,18.66,3.63,3.62,3.25,1.0,5.16,1.92,3.09,3.65,4.11,5.44,4.36,3.29,3.89,4.4,1.04,3.46
00-0039058,Steve Avila,LA,OG,1.0,1635,measured,14.7,3.85,4.13,5.0,13.36,8.09,11.8,12.02,14.15,10.78,8.26,7.82,11.9,12.62,7.0,11.29,2.81,2.95,3.71,2.63,2.65,3.07,2.9,2.8,5.03,2.52,1.62,2.88,4.4,3.04,2.1,19.13,14.9,3.56,2.63,1.75,2.7,1.65,3.44,2.85,3.86,4.9,3.75,3.89,2.59,2.19,3.08,3.78,5.13
00-0036603,Alaric Jackson,LA,OT,1.0,1946,measured,14.1,3.95,5.15,4.96,11.23,6.07,11.8,13.36,10.94,10.02,9.17,11.39,12.9,11.91,14.05,13.94,3.8,3.99,1.72,1.8,1.82,1.63,4.84,1.88,3.38,3.62,3.57,2.07,2.64,1.97,4.11,18.32,15.82,4.75,3.56,2.71,2.09,2.78,3.89,1.82,3.32,2.85,2.49,2.85,4.78,1.31,2.95,3.99,3.69
00-0041425,Austin Blaske,LA,OT,,0,prior,10.4,4.94,6.74,5.73,12.48,9.21,11.8,7.04,8.61,7.26,5.92,11.99,13.58,10.31,10.99,11.29,1.94,1.72,2.44,3.77,2.61,1.15,3.99,3.88,3.28,2.23,2.24,2.21,1.7,3.03,3.24,11.01,11.55,3.8,2.55,3.34,1.9,4.29,2.67,2.52,3.79,1.67,1.8,4.51,3.12,1.93,3.22,2.8,5.03
00-0030097,David Quessenberry,LA,OT,2.0,219,measured,11.6,2.78,4.98,6.61,12.92,7.35,11.8,13.37,7.29,5.99,15.12,8.6,4.43,17.99,10.99,15.41,3.24,4.64,1.82,2.62,2.95,3.48,2.03,3.63,1.0,3.06,3.44,4.21,3.28,2.35,2.49,12.37,12.7,4.3,3.71,4.89,3.72,3.6,2.0,4.55,3.83,1.18,2.94,4.07,3.85,1.71,5.1,2.49,3.44
00-0041394,Keagen Trost,LA,OT,2.0,0,prior,10.2,5.22,6.93,5.52,12.82,10.29,11.8,7.84,2.7,8.18,5.28,8.34,14.06,10.31,10.99,11.29,1.84,4.47,3.0,2.86,1.0,2.53,4.77,3.06,3.52,3.26,2.39,1.86,2.3,2.56,4.17,10.42,11.3,2.37,3.73,3.13,2.62,1.0,2.64,2.98,2.93,2.95,3.1,2.07,2.08,1.46,3.45,1.25,3.96
00-0039077,Warren McClendon Jr.,LA,OT,1.0,848,measured,11.7,5.11,6.77,5.21,12.77,9.28,11.8,9.44,10.62,6.14,9.34,8.08,11.66,15.84,10.99,11.29,1.48,4.82,3.57,1.5,1.38,1.98,3.56,2.27,2.74,3.86,1.78,3.09,4.2,3.39,1.84,14.79,11.93,3.93,1.0,4.94,1.74,2.86,3.44,2.03,1.0,3.76,3.7,3.36,1.93,1.12,3.22,2.38,3.82
00-0039059,Ethan Evans,LA,P,1.0,68,measured,10.5,5.44,8.66,9.72,10.13,12.13,10.77,9.89,8.6,6.93,9.88,13.36,11.92,14.45,14.23,11.29,4.48,4.01,1.56,2.85,3.31,2.45,2.37,2.25,3.18,2.94,2.29,3.5,3.14,2.75,2.18,4.61,1.82,2.43,1.05,3.13,5.28,2.48,4.08,1.74,2.12,3.55,4.24,3.47,1.57,4.21,11.51,9.4,3.76
00-0041560,Jack Bouwmeester,LA,P,,0,prior,11.3,9.04,10.45,9.72,10.13,12.13,11.83,9.14,9.0,10.24,6.34,8.1,8.89,10.31,10.99,11.29,2.4,4.67,1.12,3.57,3.09,2.17,2.18,3.34,2.03,3.47,2.28,4.71,1.82,2.23,2.91,3.27,2.9,1.2,1.66,4.35,1.0,2.73,1.07,2.58,3.67,4.06,2.53,3.57,2.42,2.66,13.73,8.94,1.78
00-0041414,Matthew Caldwell,LA,QB,4.0,0,prior,7.0,10.28,10.35,11.77,10.08,10.78,11.8,6.28,6.0,5.04,6.83,13.78,12.04,10.31,10.99,11.29,10.94,6.59,6.9,8.59,4.81,5.59,5.36,7.44,3.12,2.55,3.19,3.13,3.97,2.04,5.4,3.16,3.18,4.75,1.42,2.25,2.19,3.29,3.08,4.08,2.91,1.07,2.9,3.0,1.6,1.69,2.82,1.89,1.24
00-0026498,Matthew Stafford,LA,QB,1.0,2106,measured,14.2,5.49,4.89,8.48,10.08,6.57,11.8,14.41,16.9,11.02,16.77,13.32,13.85,7.6,5.06,4.08,16.17,9.43,11.59,16.87,16.46,16.55,16.74,15.16,3.55,8.87,2.8,3.27,4.27,2.43,2.5,3.63,3.14,3.01,3.83,1.28,1.76,4.67,3.96,3.47,4.44,3.58,1.51,2.2,3.45,2.38,5.89,3.04,2.71
00-0039107,Stetson Bennett,LA,QB,2.0,0,prior,8.6,10.93,11.81,12.75,10.08,12.68,11.8,9.83,8.88,6.68,8.49,8.19,7.72,10.31,10.99,7.29,4.57,7.96,11.11,7.9,6.98,8.64,9.71,7.41,2.78,1.0,4.31,3.62,3.41,3.79,3.68,3.26,3.05,3.36,2.27,3.75,2.87,2.3,2.15,3.66,3.07,3.61,5.45,3.5,1.71,2.32,3.37,2.66,2.19
00-0041568,Ty Simpson,LA,QB,3.0,0,prior,6.8,9.61,9.74,12.1,10.08,10.63,11.8,7.12,6.0,5.9,7.47,17.56,6.98,10.31,10.99,11.29,11.53,6.24,5.14,8.34,5.41,5.89,5.61,6.34,3.05,2.83,4.17,2.33,3.11,2.33,4.31,4.33,1.0,2.82,3.08,2.5,4.26,3.17,3.66,4.18,3.51,3.13,1.05,1.0,2.56,1.07,1.25,2.36,2.79
00-0039738,Blake Corum,LA,RB,2.0,394,measured,13.2,13.66,13.77,16.19,13.85,14.11,11.8,11.24,13.06,11.06,7.91,12.67,10.44,14.76,10.99,15.41,2.38,2.76,4.38,3.82,1.0,3.73,1.46,16.61,14.74,13.89,13.45,4.58,1.83,3.85,2.9,5.93,6.3,6.93,1.76,2.96,2.94,1.88,4.79,2.36,1.77,2.3,2.85,1.35,3.22,3.9,3.14,2.05,13.47
00-0041415,Dean Connors,LA,RB,,0,prior,11.2,14.25,14.46,13.44,8.39,13.95,11.8,8.09,8.4,9.5,6.12,11.52,12.03,10.31,10.99,11.29,4.26,3.51,3.97,3.61,3.32,1.7,2.98,15.23,9.65,8.14,9.47,11.34,2.39,5.78,6.33,3.21,5.57,4.21,1.31,3.8,3.92,3.05,3.51,2.0,2.29,3.51,3.32,4.78,1.04,4.46,2.33,2.83,10.42
00-0040601,Jordan Waters,LA,RB,,0,prior,7.7,13.72,14.31,12.5,9.3,14.03,11.8,9.05,7.48,7.08,8.52,8.31,11.52,10.31,10.99,11.29,2.33,3.95,2.05,2.64,4.54,3.29,5.06,6.63,5.26,5.26,5.26,3.76,4.3,3.71,5.51,1.0,5.85,1.0,3.3,2.87,2.03,2.82,2.6,1.49,3.7,3.2,2.14,3.23,1.71,3.19,2.91,2.36,15.54
00-0037840,Kyren Williams,LA,RB,1.0,1569,measured,13.6,11.54,11.77,13.57,8.63,12.0,11.8,12.32,11.07,10.76,10.41,13.14,8.38,12.47,14.46,15.41,3.67,1.37,3.05,3.12,1.61,1.03,3.35,8.59,18.36,13.28,18.19,10.72,2.57,3.01,2.26,11.16,7.21,12.16,5.78,2.43,3.53,3.88,3.68,2.77,3.58,3.77,2.01,2.69,3.17,2.06,3.58,3.06,6.73
00-0037557,Ronnie Rivers,LA,RB,3.0,103,measured,9.7,12.37,12.94,14.16,7.95,14.68,11.8,10.39,6.12,8.59,8.49,16.22,14.26,16.96,10.99,11.29,1.65,2.65,1.0,4.2,3.22,2.04,4.18,10.19,8.42,6.05,7.98,13.19,4.65,4.39,4.29,3.62,5.61,4.62,2.34,2.8,3.76,3.41,2.17,3.87,2.66,3.8,3.08,1.85,2.59,4.28,2.58,5.86,12.02
00-0039776,Jaylen McCollough,LA,S,2.0,689,measured,13.6,13.46,14.3,14.61,8.46,14.72,11.8,11.23,11.56,12.42,7.61,11.97,9.94,14.76,10.99,11.29,2.51,1.98,3.41,3.49,1.75,3.7,3.24,1.82,3.49,1.68,2.85,3.23,1.36,2.99,4.06,3.46,3.8,1.83,2.01,2.28,3.64,13.14,15.68,12.71,13.71,14.71,9.4,12.49,2.75,3.46,4.67,3.65,9.8
00-0036349,Kam Curl,LA,S,1.0,2131,measured,13.8,12.37,14.42,13.64,12.46,14.33,11.8,13.34,9.23,12.93,11.77,13.54,11.21,15.07,13.9,7.45,4.91,3.83,1.39,4.34,2.19,1.85,2.36,3.5,3.18,2.75,4.58,2.7,3.02,3.47,4.08,3.91,2.77,3.26,3.15,2.63,2.36,8.41,15.85,14.14,14.05,15.05,10.6,14.64,3.58,4.04,3.71,1.0,9.8
00-0039834,Kamren Kinchens,LA,S,1.0,1122,measured,13.5,11.54,10.37,14.23,7.74,12.52,11.8,10.08,11.94,14.63,6.88,8.49,9.53,14.76,10.99,15.41,2.4,2.87,2.94,2.84,3.02,2.22,1.6,5.26,1.97,3.3,2.73,3.22,3.66,3.25,1.98,3.03,3.71,4.79,1.0,3.53,2.95,7.62,13.01,14.05,15.76,16.65,9.18,15.5,3.29,2.88,3.4,3.58,9.8
00-0041413,Nick Andersen,LA,S,,0,prior,10.8,13.71,14.2,14.5,7.47,14.08,11.8,9.63,7.63,7.98,7.36,14.31,8.0,10.31,10.99,11.29,4.21,1.94,2.59,1.6,2.62,3.42,2.92,3.35,1.0,3.73,2.17,4.75,1.68,3.16,2.69,1.57,2.56,4.96,2.75,1.31,3.67,9.26,10.27,15.26,8.81,9.81,9.1,11.16,1.59,2.78,3.79,4.51,9.8
00-0038366,Tanner Ingle,LA,S,,4,prior,7.8,13.77,13.43,15.13,6.25,13.1,11.8,8.54,4.14,3.88,9.17,12.26,12.9,13.04,10.99,11.29,3.63,3.9,2.72,1.38,3.1,4.33,2.31,3.27,3.87,3.21,2.93,3.64,3.6,3.94,2.03,4.08,1.98,2.53,3.37,3.4,4.54,8.5,6.59,9.8,4.91,5.91,8.74,5.91,1.26,4.5,2.7,2.58,9.8
00-0036244,Colby Parkinson,LA,TE,1.0,1184,measured,12.1,9.73,9.27,11.0,9.0,11.27,11.8,11.35,9.04,7.08,10.97,14.7,13.57,14.16,15.38,14.55,3.75,3.05,2.9,4.04,2.54,3.94,2.14,8.54,2.42,14.4,17.06,13.89,12.17,10.94,9.36,15.74,8.34,13.58,2.32,3.48,4.2,1.5,3.66,2.21,1.67,3.43,3.2,3.45,3.07,1.97,2.85,1.86,3.19
00-0041422,Dan Villari,LA,TE,,0,prior,9.1,11.45,12.69,12.26,9.11,13.71,11.8,8.64,3.79,7.59,5.84,7.67,11.26,10.31,10.99,11.29,1.75,4.86,1.88,4.81,2.09,1.36,3.08,6.67,4.27,7.11,9.77,8.1,8.66,8.18,7.9,10.23,8.86,8.08,2.02,2.92,4.09,4.28,4.43,2.53,4.64,4.37,2.27,2.37,2.73,2.19,2.45,2.71,2.47
00-0039074,Davis Allen,LA,TE,5.0,803,measured,9.9,8.8,12.64,12.11,9.27,16.49,11.8,10.05,9.9,8.45,8.31,6.96,11.04,13.98,6.84,16.61,3.85,4.09,2.85,3.98,2.47,1.35,2.46,10.13,3.8,7.34,9.99,5.92,11.68,11.42,15.19,8.23,12.91,6.08,2.31,4.37,2.5,4.17,2.62,3.23,2.17,1.42,3.06,2.37,2.29,6.18,2.26,5.05,2.76
00-0041510,Max Klare,LA,TE,4.0,0,prior,9.2,11.26,12.52,12.11,9.4,13.55,11.8,6.63,7.09,7.37,7.29,12.61,8.59,10.31,10.99,11.29,2.21,1.89,1.51,3.01,1.0,2.06,2.54,14.45,3.39,6.03,8.69,9.95,8.54,8.67,8.19,9.04,8.63,6.88,1.58,4.03,2.86,3.4,2.5,4.18,3.48,3.31,1.0,2.68,1.76,2.21,3.37,4.18,3.35
00-0040737,Terrance Ferguson,LA,TE,3.0,316,measured,10.0,11.85,13.4,11.75,10.02,16.29,11.8,8.65,6.33,8.19,6.94,10.27,11.01,8.04,16.22,11.29,3.91,2.72,3.26,1.62,5.44,2.74,1.94,15.43,2.85,5.1,7.76,11.15,8.06,6.53,6.04,13.61,10.88,11.45,2.39,2.32,2.72,3.68,3.26,3.77,2.71,4.96,3.56,4.14,3.27,2.91,3.19,3.66,3.81
00-0033110,Tyler Higbee,LA,TE,2.0,736,measured,12.0,7.74,9.49,10.25,9.57,11.42,11.8,11.91,6.4,8.02,11.23,4.83,14.04,4.36,13.86,15.06,4.11,4.19,2.06,3.23,3.3,2.72,2.69,13.11,2.89,11.46,14.12,11.72,9.89,12.87,11.95,13.76,13.69,11.6,1.44,2.85,5.09,1.16,4.55,3.32,3.43,4.84,2.16,2.64,3.69,5.06,2.21,4.18,3.15
00-0035602,Alex Bachman,LA,WR,,91,prior,9.4,14.46,14.8,13.33,6.63,14.35,11.8,13.65,7.78,10.05,10.01,11.36,13.34,8.44,5.41,15.41,3.89,2.6,3.18,4.52,2.62,3.67,4.17,6.92,6.85,12.23,11.15,9.16,5.18,6.28,5.72,4.46,3.32,3.17,3.84,2.97,3.46,3.29,1.93,3.2,2.9,2.0,4.66,2.12,1.34,4.76,3.8,4.49,11.76
00-0040597,Brennan Presley,LA,WR,,0,prior,9.9,16.05,15.81,13.71,6.83,14.91,11.8,12.14,7.64,8.91,6.06,13.81,9.33,13.04,10.99,11.29,3.39,1.7,3.59,1.07,3.97,3.4,4.33,11.77,10.15,16.06,14.98,13.55,3.6,3.59,3.59,2.51,3.63,3.19,2.19,4.38,3.67,2.74,2.51,1.93,2.46,3.56,2.82,3.51,4.05,3.62,3.58,2.12,10.75
00-0041399,CJ Daniels,LA,WR,3.0,0,prior,8.5,14.58,15.35,13.94,6.78,15.05,11.8,8.33,10.34,6.86,5.81,10.72,10.31,10.31,10.99,11.29,3.78,3.37,2.8,2.44,3.43,4.38,3.91,7.78,4.38,6.8,5.73,4.76,4.52,6.51,6.44,4.07,2.32,2.09,1.0,2.67,4.33,3.18,1.95,4.4,1.02,2.51,3.25,1.95,1.28,6.07,3.95,1.92,12.54
00-0031381,Davante Adams,LA,WR,1.0,1517,measured,13.2,11.2,12.35,13.05,7.0,15.06,11.8,13.34,13.88,10.82,13.02,11.06,9.69,5.93,4.51,17.16,1.87,3.33,2.48,3.18,2.6,1.75,1.87,14.7,12.53,12.58,11.5,11.83,11.71,15.18,16.11,2.78,4.93,3.23,3.08,1.98,3.4,3.05,1.94,3.1,3.97,2.58,2.71,3.79,3.57,4.6,1.22,4.77,10.82
00-0039751,Jordan Whittington,LA,WR,1.0,577,measured,13.6,14.5,15.22,13.59,9.0,15.07,11.8,11.87,13.62,11.81,8.87,12.55,8.72,12.56,14.84,15.15,2.53,3.26,1.73,1.59,2.98,4.64,3.64,14.61,11.59,15.07,14.0,13.76,10.63,13.19,14.04,3.47,3.81,2.09,2.21,2.73,3.32,4.79,2.41,3.95,1.03,4.69,2.23,3.56,1.87,3.5,3.92,3.67,14.08
00-0040590,Konata Mumpfield,LA,WR,2.0,329,measured,8.5,12.56,14.27,14.48,6.01,15.05,11.8,8.06,6.35,9.88,7.24,13.98,15.44,13.04,10.99,11.29,1.44,2.09,3.02,3.37,2.0,2.36,1.0,11.53,4.57,7.48,6.41,9.57,6.7,3.92,4.38,2.35,2.73,3.41,2.78,2.04,2.22,3.04,3.06,3.25,2.73,2.08,2.82,3.13,3.46,1.46,3.95,2.09,14.37
00-0039075,Puka Nacua,LA,WR,1.0,1423,measured,16.6,13.89,14.92,13.28,7.67,15.14,11.8,11.13,15.67,17.62,5.52,9.69,9.47,8.12,17.24,18.43,4.03,2.87,3.55,4.43,3.56,3.36,2.6,14.47,17.53,16.31,15.23,16.88,16.83,19.1,17.86,4.15,3.88,3.93,2.27,5.03,2.82,3.69,1.88,2.24,3.27,1.11,2.12,3.73,3.91,3.68,2.51,4.26,13.39
00-0036849,Tutu Atwell,LA,WR,2.0,733,measured,11.2,16.16,14.47,15.47,5.95,12.57,11.8,12.64,12.19,10.21,6.16,13.88,10.54,17.99,10.99,4.35,1.66,1.98,2.53,2.3,2.68,2.64,2.28,12.18,6.68,6.77,5.7,8.05,7.71,11.36,9.68,1.81,2.21,3.74,3.77,4.67,1.37,2.0,4.35,1.77,3.9,2.58,3.45,2.64,3.8,2.35,2.04,2.88,15.18
00-0038359,Xavier Smith,LA,WR,2.0,205,measured,13.5,15.42,15.36,13.41,6.91,14.68,11.8,11.58,15.61,13.69,10.3,11.87,14.3,14.76,10.99,5.58,2.61,4.7,2.66,2.59,2.63,3.13,2.94,11.12,10.71,11.69,10.62,14.21,7.17,13.77,13.88,1.99,3.68,3.06,3.33,1.0,3.8,4.49,4.67,2.23,3.6,3.26,4.27,2.77,3.74,3.06,3.73,2.78,13.66
00-0041383,Jacob Spomer,LAC,C,2.0,0,prior,10.4,5.58,7.19,7.82,13.36,9.47,11.8,8.71,7.13,7.2,6.48,14.73,13.48,10.31,10.99,11.29,3.92,4.86,4.46,3.26,3.5,4.97,3.42,1.74,4.19,3.28,2.35,1.73,3.46,1.86,3.1,9.86,11.08,1.36,3.47,2.56,1.74,3.85,3.52,2.37,2.93,3.37,3.1,2.24,3.06,2.1,4.75,1.99,5.04
00-0041392,Jake Slaughter,LAC,C,1.0,0,prior,12.0,5.33,7.27,6.57,13.4,11.39,11.8,8.54,9.9,7.28,8.35,11.63,13.24,10.31,10.99,11.29,4.05,2.65,3.45,3.31,1.7,4.07,3.71,2.67,2.61,2.2,3.9,2.36,2.65,2.08,2.98,13.88,12.98,2.66,1.82,4.31,2.49,2.8,3.1,2.44,3.05,2.42,2.3,3.92,3.07,3.06,2.27,3.6,2.41
00-0040467,Josh Kaltenberger,LAC,C,,0,prior,10.1,3.45,5.58,5.8,12.74,7.82,11.8,9.73,6.24,7.63,5.85,12.16,13.92,10.31,10.99,11.29,2.34,3.09,2.12,2.79,2.97,2.79,2.15,3.27,3.3,2.37,2.45,3.01,2.67,1.26,2.44,10.55,9.98,2.66,3.26,2.96,1.44,3.76,2.82,4.2,1.89,2.9,3.35,3.6,2.75,2.07,1.08,4.24,4.28
00-0036376,Tyler Biadasz,LAC,C,3.0,1898,measured,15.8,3.83,5.07,5.72,13.65,7.9,11.8,13.96,13.78,17.14,10.26,9.34,11.21,8.21,17.4,7.18,1.27,4.18,1.96,2.17,2.47,2.29,2.76,1.51,4.0,3.68,5.34,3.39,2.27,3.91,4.04,17.82,19.07,2.0,3.07,3.0,3.1,1.58,4.09,1.22,4.51,2.92,2.77,2.58,2.69,2.1,2.13,3.61,2.87
00-0039369,Cam Hart,LAC,CB,1.0,880,measured,12.8,14.31,16.52,12.85,5.5,17.52,11.8,11.61,13.48,14.18,10.74,11.57,13.04,12.23,17.09,4.62,3.64,3.15,3.7,4.65,1.5,2.18,1.0,4.69,1.78,2.65,2.73,2.07,1.85,3.49,2.08,2.65,3.64,3.31,3.33,2.31,1.68,8.69,8.65,15.19,13.25,13.25,9.49,11.74,2.15,4.2,4.53,2.28,12.3
00-0037320,Deane Leonard,LAC,CB,2.0,172,measured,10.5,15.06,15.77,13.78,6.98,15.35,11.8,10.41,11.05,6.83,10.42,11.36,9.38,7.79,7.53,8.01,4.25,4.19,4.03,1.77,3.14,2.01,1.94,4.9,3.77,3.11,4.12,3.17,2.95,4.05,1.02,3.74,2.52,3.05,4.36,1.0,2.77,7.52,9.34,14.46,8.47,8.47,9.94,7.35,1.61,3.03,3.88,4.24,14.53
00-0034356,Donte Jackson,LAC,CB,1.0,1434,measured,14.5,17.56,16.45,12.93,3.25,14.01,11.8,12.33,14.46,11.18,10.84,11.75,14.84,7.49,13.61,4.4,5.32,1.64,2.75,3.1,1.68,1.66,1.0,2.57,3.31,1.19,2.9,1.0,1.0,2.84,2.59,3.95,2.71,2.37,2.69,1.72,4.74,4.46,3.86,10.05,15.07,15.07,8.82,17.47,1.0,3.14,2.73,2.47,7.15
00-0040065,Isas Waxter,LAC,CB,,0,prior,9.8,15.06,16.0,13.67,7.51,15.96,11.8,9.63,10.93,9.19,5.41,9.91,15.96,10.31,10.99,11.29,3.8,2.59,2.86,2.74,3.25,2.2,3.99,2.74,3.87,1.21,4.09,1.62,4.17,2.61,2.8,1.75,3.3,4.25,3.27,3.73,3.38,10.1,12.83,16.92,7.06,7.06,10.1,5.08,4.44,2.66,3.2,3.75,4.88
00-0037242,Kaiir Elam,LAC,CB,,749,measured,8.5,16.86,16.71,13.99,6.49,15.11,11.8,10.03,6.52,9.96,8.33,9.54,14.02,14.42,14.27,4.67,4.34,3.89,2.61,3.3,3.62,3.09,3.47,2.45,2.52,3.58,2.48,1.0,2.35,2.94,5.0,3.51,3.59,1.55,2.57,2.25,3.2,6.64,6.66,12.86,3.67,3.67,9.79,6.66,3.53,2.78,2.66,2.87,5.65
00-0040471,Nikko Reed,LAC,CB,,48,prior,9.3,15.06,15.47,13.75,6.64,14.72,11.8,10.73,10.89,9.65,7.7,10.42,10.18,4.85,16.22,11.29,2.26,2.46,1.72,3.03,2.52,4.66,3.78,2.82,3.87,2.56,2.9,3.83,2.9,4.26,1.72,4.33,3.69,1.54,2.9,3.05,4.42,8.4,11.06,14.76,6.46,6.46,9.83,4.35,4.05,5.28,2.41,4.31,6.02
00-0041381,Rodney Shelley,LAC,CB,2.0,0,prior,9.8,15.07,15.52,13.9,6.38,14.67,11.8,8.35,8.76,10.07,4.91,7.4,12.35,10.31,10.99,11.29,3.78,3.68,2.2,3.33,1.93,1.0,2.46,3.17,2.85,3.47,3.5,2.91,3.7,1.16,3.57,3.92,3.97,2.11,1.0,3.09,3.35,8.74,12.05,14.97,7.05,7.05,9.76,6.06,3.3,3.07,1.58,4.3,18.3
00-0039366,Tarheeb Still,LAC,CB,1.0,1210,measured,11.0,13.85,13.97,13.9,6.78,15.58,11.8,9.78,13.91,12.13,10.61,12.17,13.14,12.29,6.65,8.04,3.55,3.54,4.83,3.24,3.2,4.53,3.3,2.94,1.72,3.97,4.93,2.61,3.19,2.03,3.11,2.29,1.96,2.29,2.71,2.24,2.66,4.19,7.73,9.74,9.69,9.69,9.88,10.93,3.59,2.18,2.43,5.58,12.56
00-0033546,Dalvin Tomlinson,LAC,DT,1.0,1159,measured,12.2,2.54,5.07,5.61,13.77,6.99,11.8,12.5,10.28,8.15,11.94,8.55,13.59,15.24,6.85,5.58,2.95,2.64,2.48,2.69,2.5,3.38,2.57,3.83,1.44,1.86,5.0,2.4,2.69,3.21,3.45,4.48,4.98,3.03,10.34,7.46,15.9,16.26,7.42,4.81,3.1,2.9,3.86,3.9,3.24,3.13,3.32,3.37,2.38
00-0040144,Jamaree Caldwell,LAC,DT,1.0,446,measured,10.9,4.53,4.88,2.53,15.43,7.17,11.8,8.32,7.06,9.27,9.05,9.29,9.14,13.04,10.99,15.41,3.2,1.38,2.84,1.39,3.29,3.72,2.95,1.06,3.05,3.59,3.37,2.43,1.8,4.93,3.05,5.63,2.86,4.09,10.62,7.85,11.28,11.63,10.08,6.63,3.46,1.82,3.1,4.17,3.72,2.82,3.92,4.26,2.76
00-0039743,Jordan Jefferson,LAC,DT,,116,measured,9.2,5.39,6.09,5.66,17.09,9.74,11.8,8.69,6.3,6.13,8.65,5.88,9.06,14.76,10.99,11.29,3.76,2.3,3.67,1.9,1.89,4.65,2.93,3.26,5.15,4.02,1.5,3.05,4.39,1.0,2.13,2.1,3.06,3.93,10.47,7.43,8.55,6.33,5.12,10.04,2.18,2.97,4.32,3.18,1.21,4.66,2.88,3.27,1.71
00-0039835,Justin Eboigbe,LAC,DT,2.0,391,measured,11.8,4.27,7.33,8.34,12.04,9.19,11.8,10.47,10.8,11.92,6.86,8.97,14.06,14.76,10.99,11.29,2.82,3.92,3.72,3.08,3.75,2.15,2.08,2.74,1.04,4.57,3.5,3.98,1.36,2.12,2.51,2.12,3.62,2.03,15.39,13.72,11.33,9.4,12.36,7.0,3.24,3.75,3.03,2.73,2.93,1.86,3.31,3.79,4.31
00-0041072,Nick Barrett,LAC,DT,2.0,0,prior,9.1,5.33,6.87,1.76,14.08,10.57,11.8,8.29,6.13,8.25,5.35,13.83,12.82,10.31,10.99,11.29,2.97,1.91,4.76,4.33,2.48,2.18,2.46,3.19,2.38,3.58,2.5,2.57,2.04,2.82,2.44,2.77,3.0,5.5,9.02,7.0,8.14,8.32,8.61,7.58,2.47,1.0,3.1,3.11,3.72,4.8,4.2,3.4,1.45
00-0036181,Teair Tart,LAC,DT,1.0,838,measured,13.0,5.1,6.11,4.82,14.17,8.37,11.8,12.7,11.12,14.91,10.12,9.34,11.84,12.34,15.87,15.16,2.26,3.01,2.03,3.12,3.38,4.1,1.45,2.95,4.53,2.82,1.36,2.8,2.6,3.37,2.75,3.59,2.46,4.5,9.11,6.98,16.02,17.66,15.2,4.55,2.52,1.8,1.88,2.76,1.86,1.22,3.59,4.4,2.63
00-0041386,Terry Webb,LAC,DT,,0,prior,9.2,5.72,6.88,5.76,13.64,9.0,11.8,8.3,8.66,6.06,4.39,13.49,10.21,10.31,10.99,11.29,3.02,3.66,2.92,3.11,3.22,2.58,2.21,3.83,1.0,1.75,3.07,3.86,2.96,3.25,3.05,1.88,2.36,1.63,10.07,8.34,8.4,7.42,7.7,9.08,2.44,2.09,3.76,2.96,3.6,3.68,2.95,5.25,2.69
00-0041544,Akheem Mesidor,LAC,EDGE,2.0,0,prior,9.5,9.5,10.6,9.26,12.09,12.0,11.8,11.05,8.52,8.19,5.01,11.07,14.41,10.31,10.99,11.29,2.83,2.23,2.28,4.38,4.68,2.16,4.12,3.37,1.16,3.4,4.07,3.26,2.63,2.75,2.53,3.27,3.69,2.89,9.45,8.7,8.78,9.02,8.91,11.45,5.8,6.8,2.55,2.69,2.42,3.89,2.83,1.63,2.8
00-0038801,Andre Carter II,LAC,EDGE,,39,prior,7.1,10.8,12.92,12.06,10.49,14.06,11.8,8.12,5.49,8.24,7.55,5.51,13.59,13.86,10.99,11.29,1.56,2.17,2.31,3.8,3.48,2.67,2.84,2.92,2.22,3.3,2.56,2.07,3.23,3.38,3.8,1.92,3.15,2.89,5.08,5.35,5.56,6.28,4.61,13.19,5.8,6.8,3.44,1.01,3.78,2.8,2.84,1.05,1.89
00-0032146,Bud Dupree,LAC,EDGE,2.0,1020,measured,12.2,11.25,14.61,8.73,11.49,17.42,11.8,15.29,10.35,11.13,11.89,10.63,13.39,12.34,16.45,14.22,1.66,4.53,2.86,3.17,2.66,2.8,4.47,4.5,2.95,1.9,4.1,3.35,2.79,1.46,1.38,3.04,3.25,1.0,11.83,11.9,13.78,13.49,6.64,7.86,5.8,6.8,3.75,3.26,3.51,4.51,4.01,3.6,1.6
00-0038851,Caleb Murphy,LAC,EDGE,,146,measured,8.2,10.96,12.46,11.5,11.24,13.52,11.8,9.67,6.22,3.45,6.51,9.77,9.48,15.84,10.99,7.29,2.76,4.01,3.68,2.57,2.36,3.6,4.15,2.12,3.48,3.15,3.24,3.02,1.84,1.92,2.57,1.13,2.81,2.72,6.93,6.99,6.54,7.21,6.26,13.21,5.8,6.8,3.81,2.98,3.04,3.73,2.77,4.33,4.38
00-0039346,Junior Colson,LAC,EDGE,,142,measured,8.4,11.38,12.97,12.14,10.99,13.92,11.8,8.48,6.74,11.36,8.11,10.89,16.57,7.43,7.11,14.86,2.06,2.39,2.21,1.29,3.69,4.44,3.61,3.63,3.08,3.74,4.3,2.0,4.81,2.8,2.96,3.07,2.0,3.02,6.76,7.06,6.96,7.28,7.24,15.67,5.8,6.8,4.12,3.52,3.15,2.75,1.33,1.84,2.45
00-0031040,Khalil Mack,LAC,EDGE,1.0,1174,measured,15.5,8.9,12.13,11.45,12.0,15.46,11.8,16.99,11.35,11.7,13.23,12.36,14.04,12.6,7.61,6.82,3.81,2.6,3.78,3.99,6.07,2.46,1.64,4.11,2.13,3.34,3.29,2.87,2.99,3.22,2.69,1.11,1.66,2.59,17.53,16.61,17.45,17.91,16.07,7.95,5.8,6.8,3.26,3.05,1.63,2.97,2.88,2.67,4.38
00-0040161,Kyle Kennard,LAC,EDGE,,74,prior,7.1,10.31,12.55,11.98,12.0,13.96,11.8,7.89,1.84,3.09,4.99,12.41,6.4,13.04,10.99,11.29,4.71,2.69,1.94,3.07,1.17,1.0,3.93,4.14,3.77,2.47,2.88,3.33,3.97,3.63,5.24,4.44,3.77,1.18,5.5,5.07,5.58,5.77,4.59,12.72,5.8,6.8,2.93,2.98,2.72,2.4,3.21,3.02,5.17
00-0039111,Tuli Tuipulotu,LAC,EDGE,1.0,1490,measured,13.7,10.25,11.59,10.44,11.65,12.82,11.8,10.81,10.13,12.1,9.8,8.96,7.41,15.84,10.99,14.41,2.67,1.9,2.0,6.02,4.23,3.73,5.16,2.75,2.53,3.68,3.09,3.86,2.43,2.82,3.5,2.9,3.3,3.11,14.37,14.04,15.13,16.27,13.56,10.06,5.8,6.8,3.8,4.26,4.87,3.91,5.02,3.23,2.42
00-0035125,Alec Ingold,LAC,FB,1.0,721,measured,11.3,7.37,9.31,10.15,8.0,12.26,11.8,12.64,8.35,7.76,11.35,10.41,13.7,13.94,14.16,16.46,2.73,4.26,4.52,3.0,3.56,1.35,1.29,8.96,2.88,5.62,16.01,9.55,2.5,2.47,1.0,11.07,10.82,12.07,1.84,3.29,3.96,3.65,2.18,2.6,2.09,1.5,1.0,3.95,3.33,1.46,4.2,2.44,2.31
00-0038614,Scott Matlock,LAC,FB,2.0,532,measured,9.3,10.24,11.43,10.3,9.89,12.53,11.8,9.05,7.78,5.51,7.67,11.35,5.19,15.84,10.99,7.51,3.77,2.81,4.03,1.84,4.06,3.58,2.83,8.28,3.5,1.81,14.61,7.05,2.46,2.3,3.53,8.55,6.29,9.55,2.58,1.84,4.1,3.58,4.81,2.51,2.57,2.48,3.52,3.78,3.25,1.98,2.99,4.48,2.79
00-0037224,Cameron Dicker,LAC,K,1.0,85,measured,16.3,10.24,11.42,10.24,9.88,12.53,13.28,12.53,15.52,12.84,9.9,12.72,10.02,16.96,10.99,11.29,2.58,3.86,2.15,3.42,4.29,1.56,4.35,3.3,3.27,2.58,1.0,3.48,3.21,3.34,2.46,2.88,1.71,2.05,1.42,3.31,2.0,3.81,3.59,2.63,2.39,3.28,1.97,2.42,15.28,17.35,3.46,2.57,2.97
00-0038553,Daiyan Henley,LAC,LB,1.0,1515,measured,12.4,13.48,15.01,11.97,9.83,14.54,11.8,8.5,8.86,10.05,10.94,8.49,13.61,14.39,7.31,18.4,2.44,2.53,2.94,2.09,1.73,3.56,2.76,3.47,1.49,2.73,1.47,4.58,3.73,3.05,2.43,3.08,3.08,1.0,9.5,10.09,9.46,10.48,11.67,16.06,16.17,17.42,1.0,12.51,2.28,1.73,1.22,3.52,6.19
00-0035202,Del'Shawn Phillips,LAC,LB,2.0,129,measured,11.9,11.44,12.33,11.89,9.74,12.95,11.8,10.95,9.42,8.5,11.52,8.59,8.95,11.98,7.43,14.58,3.95,3.02,1.0,3.32,2.86,3.12,3.36,2.37,2.65,2.54,3.41,1.74,3.12,2.9,2.73,1.24,2.32,3.86,16.0,15.92,8.02,11.36,15.29,11.69,8.34,9.84,3.03,2.86,2.89,2.4,3.39,1.78,2.96
00-0032103,Denzel Perryman,LAC,LB,3.0,736,measured,14.9,7.58,8.03,9.37,13.85,9.82,11.8,14.57,7.96,10.76,11.67,8.84,8.83,4.22,4.99,13.88,3.28,3.75,2.71,3.09,2.88,4.58,3.3,2.9,3.52,3.69,2.86,2.82,3.52,4.18,5.5,4.81,3.5,1.81,10.36,7.49,18.93,19.4,19.4,9.86,12.51,14.01,3.16,7.52,1.15,4.5,2.6,2.75,1.18
00-0041372,Lander Barton,LAC,LB,,0,prior,11.9,12.45,13.87,13.92,9.14,14.28,11.8,7.93,7.19,8.77,7.56,13.07,7.69,10.31,10.99,11.29,1.76,3.55,3.14,3.03,1.21,2.23,1.22,2.51,2.25,3.8,5.37,2.26,2.97,2.29,3.35,2.31,3.82,4.19,4.99,5.46,14.45,14.22,14.51,15.96,7.25,8.75,3.4,5.43,4.12,3.09,3.0,3.08,2.31
00-0040460,Marlowe Wax,LAC,LB,2.0,37,prior,10.9,12.06,12.84,11.95,10.76,13.58,11.8,9.39,9.84,7.04,9.14,13.83,7.92,13.04,10.99,11.29,3.3,3.3,2.41,3.01,2.28,2.51,2.02,2.61,4.26,4.5,2.22,1.16,1.17,3.33,1.9,2.87,3.62,3.83,13.89,13.66,6.57,10.07,14.49,14.03,5.37,6.87,3.45,2.1,3.65,2.57,2.84,3.51,2.23
00-0036338,Troy Dye,LAC,LB,1.0,684,measured,14.2,11.48,12.48,12.38,8.99,12.88,11.8,12.53,10.34,12.51,9.5,13.31,8.81,11.98,13.97,7.86,3.15,4.8,3.37,2.41,2.64,2.27,2.44,4.09,4.35,3.74,2.4,3.02,1.79,3.32,3.95,2.35,2.04,1.6,10.36,10.55,14.79,17.07,15.24,13.03,14.18,15.68,2.92,8.48,2.63,1.0,3.35,1.0,1.84
00-0028845,Josh Harris,LAC,LS,1.0,1,prior,7.8,5.79,7.52,7.88,7.5,9.78,11.04,11.57,5.69,8.64,13.03,9.52,7.52,17.99,10.99,7.51,1.87,3.02,3.47,2.6,3.61,1.06,4.5,3.05,2.7,3.79,2.67,2.41,3.45,2.26,2.87,3.48,3.55,3.31,2.65,4.18,4.17,3.72,2.58,3.92,3.01,2.14,1.69,2.4,2.09,3.04,3.89,5.21,4.39
00-0041107,Alex Harkey,LAC,OG,3.0,0,prior,11.1,3.81,5.88,5.92,13.3,9.17,11.8,9.38,8.04,6.23,5.75,12.89,11.62,10.31,10.99,11.29,1.87,3.03,2.62,3.17,2.53,1.87,1.33,3.46,3.56,3.69,3.54,3.3,3.37,4.05,4.33,13.05,10.03,3.33,3.36,2.27,1.0,2.3,4.37,3.28,2.22,3.02,2.45,5.42,4.98,2.77,2.45,1.86,4.06
00-0038103,Cole Strange,LAC,OG,1.0,1076,measured,14.5,6.23,10.1,8.96,15.7,10.23,11.8,12.77,13.21,11.86,11.19,10.03,10.45,5.86,16.78,6.98,3.52,1.32,1.86,1.41,2.33,3.98,1.2,3.04,2.16,3.34,4.49,3.98,2.28,4.74,2.19,15.28,15.03,3.76,3.45,1.83,4.01,2.7,1.39,3.0,3.26,2.54,1.8,1.28,3.16,3.89,2.7,4.36,2.5
00-0036736,Kayode Awosika,LAC,OG,1.0,460,measured,12.3,4.13,4.67,1.9,14.31,8.56,11.8,10.94,10.47,9.95,10.53,13.5,9.26,8.25,7.27,4.26,3.2,3.34,2.07,3.37,3.99,3.84,4.73,3.54,3.38,2.39,3.35,4.68,1.48,3.82,4.06,11.35,16.05,2.78,2.63,3.87,2.91,2.42,2.85,1.14,3.09,2.98,3.01,1.57,3.93,1.82,1.77,2.91,2.63
00-0037241,Trevor Penning,LAC,OG,2.0,1378,measured,9.8,8.13,8.87,9.37,13.27,8.95,11.8,9.03,5.84,7.06,7.65,8.7,10.85,12.02,6.48,7.51,5.95,1.54,2.28,3.58,3.97,3.13,3.6,2.68,1.79,3.69,3.4,2.45,1.85,4.32,2.32,9.2,8.86,3.27,4.08,2.82,3.21,4.27,4.53,2.29,2.44,4.75,4.09,3.65,5.1,2.25,2.64,3.76,5.57
00-0035688,Trey Pipkins,LAC,OG,2.0,1557,measured,11.6,4.36,7.33,6.1,8.0,11.8,11.8,9.95,7.31,10.72,12.31,12.18,8.69,8.16,14.68,7.45,1.89,2.82,4.44,4.41,3.8,4.19,4.01,1.41,2.8,1.57,3.2,3.19,5.36,4.01,4.55,9.82,18.07,1.36,2.27,4.75,2.5,4.39,3.57,3.56,4.03,3.4,2.95,3.78,3.46,2.02,2.64,1.8,3.09
00-0040212,Branson Taylor,LAC,OT,4.0,66,prior,10.7,4.06,5.7,4.37,11.86,8.19,11.8,9.87,10.32,7.95,7.02,12.37,15.15,13.04,10.99,11.29,3.78,2.2,2.26,3.85,3.62,3.04,3.55,3.16,1.18,4.22,3.78,1.95,2.9,2.35,3.66,11.08,12.67,2.42,4.12,2.78,3.45,4.31,3.92,4.09,1.27,1.17,4.36,4.58,2.48,3.53,3.18,3.78,2.49
00-0041387,Isaiah World,LAC,OT,5.0,0,prior,10.1,3.76,5.71,5.54,11.07,8.14,11.8,7.23,6.41,10.9,5.03,7.28,11.15,10.31,10.99,11.29,3.67,2.13,2.34,3.33,3.84,3.6,3.26,2.64,2.18,2.92,3.28,3.33,1.0,1.65,4.46,11.01,11.55,3.39,1.75,2.45,3.02,1.32,1.16,3.63,4.07,4.77,2.52,4.54,4.67,1.0,3.28,2.06,4.96
00-0039897,Joe Alt,LAC,OT,1.0,931,measured,14.4,6.0,8.0,9.71,11.0,9.07,11.8,10.59,10.67,8.27,8.81,7.99,8.77,5.76,4.85,8.04,3.79,1.02,3.22,4.44,3.35,1.0,3.24,2.27,1.0,2.53,5.11,3.11,2.86,2.96,1.0,15.36,17.67,2.83,2.5,2.97,3.96,2.8,3.88,3.53,3.29,2.49,3.61,1.93,2.92,1.11,2.37,2.08,2.03
00-0039932,Laekin Vakalahi,LAC,OT,,0,prior,11.7,4.45,6.05,4.44,12.28,8.56,11.8,12.5,8.12,7.89,8.25,8.82,10.21,10.31,10.99,11.29,4.72,2.87,2.84,1.7,3.75,2.74,3.78,2.02,3.64,2.38,1.95,2.14,3.8,2.29,2.32,10.24,15.33,4.05,2.85,3.2,3.43,3.0,3.72,2.54,2.23,1.0,4.18,2.45,4.19,6.42,3.63,3.15,4.48
00-0041105,Logan Taylor,LAC,OT,3.0,0,prior,10.2,4.13,6.27,4.96,11.63,10.22,11.8,7.72,6.9,8.36,5.52,11.75,7.97,10.31,10.99,11.29,1.47,2.28,2.68,2.37,3.49,1.68,3.02,3.73,2.16,2.57,1.79,4.37,3.81,3.52,5.69,11.11,11.45,2.66,3.52,3.65,2.27,2.09,3.28,3.39,4.03,1.66,4.43,2.49,4.55,3.65,2.15,3.25,3.47
00-0037009,Rashawn Slater,LAC,OT,1.0,1064,measured,14.3,7.87,8.93,9.09,16.62,11.87,11.8,12.44,7.89,13.8,12.21,15.96,9.69,12.6,14.96,14.86,3.77,3.01,3.02,2.66,1.75,3.82,1.64,3.22,3.24,2.87,2.79,4.02,3.95,5.22,2.34,10.37,18.99,3.05,2.2,1.88,3.43,2.42,4.06,3.53,3.38,2.14,4.35,4.29,4.95,4.42,2.26,2.64,1.86
00-0041058,Travis Burke,LAC,OT,2.0,0,prior,9.9,4.4,6.2,5.9,10.62,8.0,11.8,7.73,6.58,7.38,5.78,12.69,9.07,10.31,10.99,11.29,1.89,2.86,2.74,4.76,3.32,3.61,3.82,3.19,2.6,2.94,3.38,3.7,3.57,3.83,2.29,10.42,11.33,2.61,2.5,3.01,3.69,3.57,3.29,4.11,4.03,1.8,4.68,2.53,3.2,2.63,3.97,2.61,4.22
00-0034162,J.K. Scott,LAC,P,1.0,100,measured,14.5,7.93,8.97,9.71,10.13,9.79,12.05,13.07,12.48,7.06,10.95,11.36,9.58,17.99,10.99,7.06,4.64,3.74,1.95,2.7,1.0,2.59,2.86,3.35,3.4,1.0,3.74,4.37,3.63,3.25,1.17,3.88,2.62,2.95,3.92,1.34,5.08,3.75,3.1,2.42,3.55,3.14,3.18,1.11,1.56,2.42,12.01,16.95,1.61
00-0040464,DJ Uiagalelei,LAC,QB,,0,prior,7.2,9.18,10.75,12.23,10.08,12.19,11.8,7.89,6.97,7.35,8.98,7.3,17.66,10.31,10.99,11.29,4.59,6.57,7.75,9.12,4.57,5.55,8.72,7.43,2.23,1.0,2.59,2.71,2.98,5.69,6.06,2.27,3.11,1.89,3.56,4.89,3.51,4.34,3.99,3.96,2.95,3.47,4.0,2.32,1.0,5.81,1.87,4.07,3.47
00-0036355,Justin Herbert,LAC,QB,1.0,1989,measured,12.6,10.9,13.1,11.57,10.08,14.45,11.8,13.29,11.84,11.18,11.09,8.25,8.08,17.99,10.99,17.97,13.22,12.13,12.99,13.99,13.86,8.4,13.97,13.1,2.52,13.97,4.2,4.48,4.03,2.64,3.13,2.15,4.24,3.23,2.59,3.07,3.93,2.43,3.8,3.72,2.86,3.76,3.79,5.36,3.1,4.18,2.11,1.0,2.33
00-0037012,Trey Lance,LAC,QB,2.0,156,measured,7.7,9.82,10.49,11.95,10.08,11.37,11.8,7.42,8.27,4.48,10.43,9.69,13.65,12.13,14.16,11.29,5.73,7.95,7.77,6.63,8.34,10.75,7.37,5.8,1.57,2.27,4.62,2.79,2.39,4.67,3.1,1.0,2.84,3.33,2.74,2.02,2.15,2.84,2.86,2.59,2.52,1.48,3.95,2.66,3.36,4.3,3.63,3.21,1.26
00-0040039,Amar Johnson,LAC,RB,,4,prior,8.2,14.05,14.23,13.6,8.4,13.82,11.8,8.55,7.93,7.19,7.57,17.82,5.55,13.04,10.99,11.29,1.71,2.31,1.22,2.56,3.37,1.0,3.7,9.22,5.31,5.31,5.32,4.71,2.42,5.01,7.43,1.0,5.82,1.0,3.84,2.69,3.95,2.47,3.52,2.94,1.94,1.0,3.42,3.33,3.92,4.03,1.48,1.95,14.7
00-0041376,Gregory Desrosiers,LAC,RB,,0,prior,11.3,14.62,14.66,13.83,7.93,13.97,11.8,9.77,9.41,9.03,7.29,7.84,17.07,10.31,10.99,11.29,3.69,4.66,3.86,2.39,3.79,3.58,2.67,15.23,9.65,8.14,9.47,11.34,1.62,5.78,6.33,3.21,5.57,4.21,1.99,3.63,3.52,2.85,3.15,5.28,2.77,1.55,2.4,4.31,3.82,2.15,2.71,3.24,10.57
00-0038454,Keaton Mitchell,LAC,RB,2.0,198,measured,10.9,17.32,17.3,14.79,7.42,16.41,11.8,11.28,4.25,13.03,10.52,14.0,13.66,7.17,15.02,7.24,2.46,2.87,2.85,3.88,2.3,2.76,2.52,9.44,7.24,9.6,9.09,7.5,2.14,10.84,10.01,3.99,8.96,4.99,2.45,3.95,3.7,2.4,3.22,1.9,2.45,4.8,3.33,2.07,3.93,3.56,4.32,3.26,14.81
00-0039391,Kimani Vidal,LAC,RB,3.0,562,measured,11.9,15.24,14.71,14.45,9.0,15.36,11.8,11.15,6.43,10.93,7.52,9.96,13.47,14.76,10.99,7.51,1.89,1.0,2.74,4.92,3.56,4.0,2.19,15.69,10.2,9.37,10.07,12.65,2.72,1.79,1.01,2.38,5.29,3.38,1.99,3.37,3.42,4.11,3.01,2.86,3.14,3.22,2.38,2.91,3.73,3.95,2.86,3.04,10.7
00-0040666,Omarion Hampton,LAC,RB,1.0,351,measured,11.8,15.24,17.02,12.0,9.0,16.87,11.8,11.4,9.12,12.34,6.2,16.24,12.36,6.15,18.54,15.41,5.25,3.29,2.03,3.25,2.2,3.56,3.39,15.36,11.5,12.25,6.79,8.47,5.29,10.71,9.67,5.61,5.65,6.61,1.0,1.0,3.7,4.38,3.83,3.02,3.61,3.09,2.32,2.1,1.52,2.93,3.2,2.65,13.73
00-0034790,Derwin James,LAC,S,1.0,1871,measured,15.1,14.33,16.5,13.33,10.67,17.34,11.8,13.58,13.22,13.17,12.44,11.56,14.27,15.15,14.7,13.98,4.21,3.17,3.45,3.39,2.56,2.23,3.62,2.46,1.85,2.72,3.61,1.91,2.58,2.73,1.61,1.94,3.28,2.84,1.94,2.63,2.51,16.15,17.81,12.09,14.71,15.71,10.06,14.43,2.73,1.3,3.2,2.44,9.8
00-0036992,Elijah Molden,LAC,S,1.0,1281,measured,12.8,12.0,14.22,14.67,6.5,15.52,11.8,11.44,11.86,12.04,11.6,9.61,11.92,6.6,18.86,18.69,3.09,2.75,4.13,4.18,4.26,1.38,2.33,3.17,1.21,4.01,1.75,4.29,5.21,2.6,3.44,3.28,4.32,3.84,2.89,1.37,2.64,13.26,14.56,15.62,11.53,12.53,8.81,12.25,3.0,3.63,2.65,2.38,9.8
00-0041064,Genesis Smith,LAC,S,2.0,0,prior,10.5,14.08,16.07,14.43,7.76,18.63,11.8,8.13,8.28,6.87,5.96,6.77,16.9,10.31,10.99,11.29,2.79,2.45,1.81,1.0,4.21,4.24,3.74,1.74,4.05,2.26,4.42,2.66,3.62,2.24,3.14,3.92,3.63,2.91,1.6,2.03,2.21,14.19,12.37,12.34,8.01,9.01,9.19,7.91,3.84,1.81,2.42,3.31,9.8
00-0038414,Kendall Williamson,LAC,S,4.0,37,prior,8.6,13.69,14.46,14.31,7.88,14.48,11.8,9.23,9.57,6.18,7.4,11.68,9.85,14.76,10.99,11.29,2.27,2.45,2.45,4.12,3.72,3.7,3.03,2.06,2.65,3.79,3.25,3.06,3.18,4.54,5.52,3.01,5.23,4.8,3.41,2.55,3.87,10.32,9.38,11.09,5.05,6.05,9.22,6.08,4.65,2.32,1.8,3.62,9.8
00-0040221,R.J. Mickens,LAC,S,3.0,306,measured,10.4,14.54,14.59,14.57,8.39,17.23,11.8,8.26,10.3,6.51,6.57,16.48,16.89,7.37,6.08,15.41,3.12,2.81,3.39,3.2,3.48,3.58,3.32,1.0,1.88,2.41,2.85,2.18,2.09,2.22,1.55,3.01,2.22,2.7,2.08,2.42,2.96,8.52,7.84,14.23,9.17,10.17,9.38,10.76,2.47,3.33,3.03,2.98,9.8
00-0030294,Tony Jefferson,LAC,S,2.0,604,measured,13.1,7.68,9.92,13.16,8.0,12.68,11.8,12.73,11.88,9.76,13.88,14.6,6.15,7.82,17.47,6.6,2.53,2.85,4.0,2.97,1.92,2.84,2.6,4.24,4.63,4.04,1.94,1.76,3.43,2.54,2.45,4.29,4.78,3.23,2.45,2.21,2.73,11.38,16.03,13.17,14.52,15.52,9.26,11.8,1.79,3.24,1.31,2.7,9.8
00-0038046,Charlie Kolar,LAC,TE,1.0,625,measured,11.9,10.7,12.05,12.11,9.27,13.2,11.8,11.11,8.27,7.31,10.08,14.3,12.88,12.52,14.87,16.1,1.07,1.79,2.95,3.8,4.28,2.88,2.6,9.04,3.61,14.04,16.7,15.29,9.23,11.95,7.71,14.31,7.57,12.15,3.87,2.29,1.0,5.83,3.57,2.42,3.83,2.68,2.3,4.17,2.98,3.4,3.64,2.81,3.82
00-0033885,David Njoku,LAC,TE,2.0,1266,measured,12.0,10.93,14.88,12.62,10.67,16.33,11.8,13.39,11.74,12.62,13.14,11.41,16.75,5.68,4.65,17.06,2.5,1.43,3.27,3.32,4.13,3.41,3.11,16.04,2.18,10.07,12.73,10.03,16.6,13.3,12.7,10.12,13.54,7.96,2.36,3.88,3.74,3.4,3.34,2.19,1.08,2.26,1.78,4.39,1.58,2.52,2.19,2.39,3.6
00-0041384,Evan Svoboda,LAC,TE,,0,prior,9.1,10.79,12.11,11.96,9.63,13.22,11.8,9.58,9.02,4.3,5.06,14.79,13.14,10.31,10.99,11.29,4.56,2.71,4.03,2.99,4.54,2.86,2.51,6.67,2.33,7.11,9.77,8.1,8.66,8.18,7.9,10.23,8.86,8.08,4.25,1.88,3.16,1.95,2.74,3.07,2.87,3.7,2.12,3.71,3.64,3.05,3.35,1.73,3.61
00-0040189,Oronde Gadsden II,LAC,TE,3.0,587,measured,10.4,11.75,11.37,12.71,8.18,12.59,11.8,8.81,7.1,5.26,4.26,14.11,10.84,13.04,10.99,11.29,3.85,2.04,4.53,4.88,2.91,2.8,2.19,8.41,4.82,7.55,10.21,8.27,13.06,12.32,10.04,13.23,6.07,11.07,4.11,3.45,1.0,3.1,2.37,2.59,1.47,1.0,3.77,2.83,3.33,1.14,3.24,4.77,4.51
00-0040331,Patrick Herbert,LAC,TE,,0,prior,9.5,10.53,11.88,11.75,10.02,13.01,11.8,8.69,9.29,8.06,7.35,9.28,6.38,10.31,10.99,11.29,3.88,3.3,3.29,2.38,2.57,2.8,4.16,6.43,1.91,2.05,4.7,19.4,5.68,4.19,4.19,8.8,11.85,6.64,1.53,2.72,2.86,4.8,4.01,3.52,1.63,2.72,3.89,3.61,2.43,2.42,4.65,2.58,3.27
00-0041550,Brenen Thompson,LAC,WR,2.0,0,prior,10.7,19.4,17.7,14.16,6.27,14.88,11.8,9.97,9.05,9.07,5.94,16.31,12.17,10.31,10.99,11.29,3.85,2.2,2.53,4.61,2.58,2.75,3.13,13.0,5.65,7.22,6.14,8.19,6.04,7.65,7.77,3.5,2.34,2.87,3.96,3.04,2.47,3.04,4.3,4.32,3.78,5.28,2.7,3.03,3.36,1.25,4.74,3.97,16.67
00-0038573,Derius Davis,LAC,WR,2.0,231,measured,11.3,17.55,16.66,13.32,6.26,14.85,11.8,9.59,11.4,10.22,6.98,9.4,17.4,7.48,4.41,14.23,4.05,3.69,3.25,2.85,1.8,3.95,2.17,12.71,5.76,8.25,7.18,12.46,6.93,7.76,7.96,2.79,3.39,2.43,2.72,3.28,2.14,2.76,4.51,1.79,3.82,4.01,2.89,4.21,4.08,1.58,3.65,3.04,15.64
00-0035589,Gary Jennings,LAC,WR,,0,prior,10.6,15.67,16.41,11.95,10.0,15.7,11.8,13.31,9.6,9.94,10.26,12.72,10.54,10.31,10.99,11.29,1.68,2.82,2.62,2.47,2.83,2.06,3.68,9.52,12.2,17.14,16.07,16.5,3.63,4.46,3.69,3.24,2.31,4.57,4.15,2.08,4.31,2.19,2.69,4.29,3.96,2.22,3.39,3.14,1.73,2.48,4.14,2.02,9.47
00-0040184,KeAndre Lambert-Smith,LAC,WR,2.0,111,measured,10.4,17.32,16.81,14.48,6.01,14.19,11.8,7.76,11.84,11.37,6.28,10.1,11.03,13.04,10.99,5.58,3.82,4.45,3.47,2.36,3.71,3.32,2.05,13.46,6.11,10.96,9.88,9.84,5.14,7.01,5.9,2.43,3.69,2.89,3.58,2.83,4.42,3.69,2.71,3.06,3.09,3.28,2.87,2.62,3.93,4.13,3.8,1.31,14.25
00-0039915,Ladd McConkey,LAC,WR,1.0,1265,measured,14.2,16.86,16.56,14.22,6.5,15.05,11.8,11.62,15.83,16.82,8.03,10.94,6.3,14.76,10.99,16.27,3.02,1.57,4.53,2.41,1.7,3.92,3.26,12.83,13.08,14.55,13.48,14.05,10.54,13.62,13.69,2.31,5.7,1.56,2.47,2.14,2.54,3.98,2.69,3.65,3.32,2.88,3.61,4.33,3.29,3.29,3.09,2.95,11.47
00-0038544,Quentin Johnston,LAC,WR,1.0,1425,measured,11.3,14.29,17.17,13.66,7.16,18.32,11.8,10.55,6.96,9.05,11.05,11.7,11.74,13.98,7.2,7.17,3.64,2.05,4.95,3.04,1.12,1.58,1.27,14.15,10.93,12.43,11.36,8.79,10.0,9.74,9.9,4.27,2.59,3.38,4.54,5.32,1.24,4.32,3.8,4.33,1.89,1.38,3.49,3.3,3.39,2.81,2.73,5.21,10.25
00-0041374,Sincere Brown,LAC,WR,,0,prior,8.7,15.18,15.66,14.25,6.33,14.97,11.8,8.59,7.67,7.38,3.68,14.06,11.05,10.31,10.99,11.29,3.14,3.09,4.64,2.21,2.18,1.0,4.53,7.61,4.36,7.0,5.93,5.54,4.66,6.25,6.26,4.76,3.55,2.62,3.95,2.92,1.0,2.8,3.38,2.75,5.0,4.0,2.33,1.0,3.09,2.24,3.09,2.93,13.34
00-0040311,Theo Wease Jr.,LAC,WR,,50,prior,8.9,13.11,12.84,13.56,7.29,11.45,11.8,9.1,7.97,6.15,6.46,5.65,9.84,13.04,10.99,11.29,2.85,3.74,3.08,3.65,1.31,2.91,3.5,7.99,11.52,14.07,13.0,7.64,3.74,7.75,3.85,5.66,1.05,3.5,3.1,1.0,2.06,3.57,2.95,3.25,2.56,2.59,2.72,5.65,3.21,1.0,1.53,3.77,11.74
00-0040727,Tre Harris,LAC,WR,1.0,522,measured,10.7,13.48,15.01,13.82,6.99,16.49,11.8,10.42,8.19,11.32,7.89,13.21,14.0,13.04,10.99,11.29,1.0,5.24,4.69,3.52,2.85,1.63,2.15,16.01,8.87,11.55,10.48,13.07,8.71,6.94,6.38,2.89,3.51,3.31,4.25,1.78,2.82,3.22,2.82,3.55,2.66,1.97,2.97,4.28,1.88,2.59,2.15,2.13,11.49
00-0037825,Tyler Linderbaum,LV,C,1.0,2015,measured,13.2,5.59,6.57,7.47,13.99,9.35,11.8,9.71,9.4,12.61,8.68,7.42,12.43,15.18,7.38,17.19,2.93,3.18,3.72,2.56,3.19,1.54,3.24,3.78,3.61,4.12,1.17,2.5,2.5,2.23,4.19,18.68,10.92,1.21,1.61,4.0,4.5,2.27,2.75,4.79,1.63,3.6,5.2,2.06,4.0,3.72,3.74,2.95,3.18
00-0039544,Will Putnam,LV,C,,134,measured,11.4,4.73,6.39,6.91,13.25,8.77,11.8,10.19,10.61,10.64,7.94,10.34,8.23,13.04,10.99,11.29,2.47,3.35,3.31,3.65,4.62,2.36,2.2,1.38,2.69,1.66,3.18,3.55,1.24,4.32,3.07,9.95,14.09,1.99,3.06,4.29,2.86,3.7,2.89,3.98,1.67,3.69,1.96,1.62,3.71,2.33,2.95,3.83,2.67
00-0039676,Chigozie Anusiem,LV,CB,3.0,5,prior,9.6,15.07,15.88,13.83,7.0,15.54,11.8,9.67,11.35,10.35,4.62,11.04,11.4,14.76,10.99,11.29,2.66,3.02,3.83,5.56,2.02,1.41,5.1,2.69,4.53,3.13,3.2,1.13,3.86,2.78,2.28,2.73,3.48,4.37,3.17,2.08,3.89,9.56,12.17,15.77,6.76,6.76,9.94,5.12,2.71,1.71,1.37,3.66,4.69
00-0040641,Darien Porter,LV,CB,1.0,557,measured,12.4,18.94,19.15,17.79,6.46,16.21,11.8,11.73,11.96,11.95,10.34,10.07,7.24,13.04,10.99,11.29,4.14,5.0,1.78,2.49,3.01,4.46,3.42,3.63,4.49,1.77,3.44,3.3,1.2,3.35,1.0,3.32,3.87,3.36,3.11,3.81,3.03,2.01,4.82,15.32,10.18,10.18,9.78,9.72,2.49,1.34,3.21,3.72,13.63
00-0038594,Darrell Luter Jr.,LV,CB,2.0,272,measured,9.9,15.24,15.45,13.16,6.69,17.07,11.8,8.88,7.82,6.86,6.57,12.42,9.15,5.2,14.47,6.25,3.35,4.09,3.2,2.78,2.39,3.76,3.42,2.95,2.34,2.72,3.23,4.52,2.54,3.76,2.03,4.12,1.65,1.9,3.87,4.48,4.7,9.72,11.64,14.9,7.07,7.07,9.85,6.69,2.81,1.44,1.31,2.95,15.14
00-0036901,Eric Stokes,LV,CB,1.0,1377,measured,12.7,18.71,18.54,13.19,7.0,16.9,11.8,13.78,11.76,14.23,11.41,10.4,4.06,7.52,17.01,6.07,2.96,3.33,2.84,3.43,3.26,3.21,4.95,3.29,3.69,2.32,2.94,2.11,4.21,4.55,1.87,2.46,1.55,2.78,2.92,2.84,4.46,11.19,4.24,10.12,12.08,12.08,9.94,8.75,3.13,3.17,2.68,3.95,8.67
00-0040489,Greedy Vance,LV,CB,,86,prior,9.4,15.06,15.43,13.81,6.47,14.58,11.8,9.39,10.44,6.98,6.89,14.04,14.2,13.04,10.99,11.29,1.32,4.01,3.77,1.04,3.95,2.98,3.26,3.17,4.26,2.71,2.85,3.3,2.05,2.14,4.59,2.68,3.0,3.33,1.54,2.96,2.92,9.14,12.68,15.84,6.53,6.53,9.78,4.24,2.79,3.82,2.88,3.67,6.06
00-0040889,Hezekiah Masses,LV,CB,2.0,0,prior,10.0,15.24,14.47,14.1,6.15,12.09,11.8,8.48,10.26,7.22,7.81,15.71,9.4,10.31,10.99,11.29,2.58,2.9,2.29,2.5,1.99,3.55,1.0,4.1,3.86,2.96,4.25,2.23,3.82,1.66,2.76,3.23,2.48,3.2,1.71,4.29,3.25,8.92,11.72,14.76,7.34,7.34,9.69,6.54,2.43,4.33,2.18,3.53,18.3
00-0041563,Jermod McCoy,LV,CB,3.0,0,prior,9.5,15.07,15.74,13.81,7.0,15.26,11.8,8.51,9.64,6.98,6.44,13.65,12.56,10.31,10.99,11.29,2.73,1.29,1.0,2.72,3.68,3.34,3.27,2.14,1.71,2.48,2.62,2.96,3.2,1.74,4.03,4.63,2.66,3.08,2.96,2.87,4.06,7.8,11.06,13.83,6.48,6.48,9.94,5.83,2.91,4.3,4.22,2.58,6.25
00-0034376,Taron Johnson,LV,CB,1.0,1344,measured,10.3,13.63,12.99,12.62,8.5,12.12,11.8,12.94,10.53,11.05,12.26,11.48,17.2,7.68,4.88,4.37,3.23,1.84,1.8,3.31,4.48,3.08,4.07,2.07,3.16,2.93,2.57,3.12,2.31,2.35,1.8,2.11,2.84,2.22,2.43,4.5,4.04,8.56,14.82,12.38,7.88,7.88,10.39,10.18,3.63,2.67,4.08,2.88,6.97
00-0033381,Adam Butler,LV,DT,1.0,1384,measured,11.7,4.95,6.51,6.26,12.29,8.76,11.8,12.89,10.83,11.19,12.15,10.02,12.57,13.91,13.79,7.15,3.65,2.97,2.61,3.41,3.1,5.57,3.5,1.78,1.71,4.39,4.47,2.76,1.49,3.25,3.71,2.34,4.23,2.8,8.96,7.44,12.84,15.6,14.7,8.21,3.05,2.8,4.6,1.0,4.41,3.86,3.77,1.66,1.93
00-0040902,Brandon Cleveland,LV,DT,,0,prior,9.4,5.07,6.46,5.56,13.7,8.85,11.8,9.61,7.02,6.22,6.05,11.06,12.55,10.31,10.99,11.29,3.95,2.91,3.24,1.18,4.86,5.27,3.77,1.7,2.42,1.0,4.88,3.66,1.98,2.03,2.26,3.61,2.43,3.4,11.12,9.14,8.44,7.55,7.69,8.84,2.69,5.01,2.74,3.38,3.86,3.91,3.5,2.85,3.21
00-0034275,Foley Fatukasi,LV,DT,2.0,468,measured,11.7,1.42,5.09,7.74,16.62,8.94,11.8,11.74,10.2,7.49,8.34,13.84,9.49,4.88,6.32,18.09,2.59,3.56,3.46,2.65,1.14,3.52,1.85,3.92,2.62,2.25,3.88,3.56,3.17,3.2,4.15,4.59,1.99,2.88,11.84,7.56,10.31,12.9,13.49,3.76,3.51,2.35,1.0,4.55,4.74,4.27,4.07,2.85,3.16
00-0041007,Gary Smith III,LV,DT,,0,prior,9.2,5.31,6.4,5.17,13.83,8.56,11.8,9.06,6.55,7.69,3.53,10.78,9.58,10.31,10.99,11.29,4.04,3.75,4.04,2.39,1.15,1.84,2.96,4.15,3.87,3.54,2.66,4.13,1.81,2.09,3.1,4.29,4.6,3.04,10.18,8.24,8.4,7.42,7.7,8.91,3.26,3.51,1.96,3.58,1.0,3.12,3.57,2.17,3.74
00-0040199,JJ Pegues,LV,DT,2.0,129,measured,8.6,4.67,5.72,4.31,14.49,7.86,11.8,8.01,6.85,6.77,7.62,7.04,10.24,13.04,10.99,11.29,3.22,2.05,2.44,3.32,3.27,2.57,1.0,1.62,4.08,4.01,3.85,4.33,3.04,3.1,4.51,3.87,4.11,2.99,7.63,5.24,8.39,8.18,7.17,9.46,1.0,4.65,2.38,2.01,3.72,2.83,4.31,3.23,3.4
00-0039423,Jonah Laulu,LV,DT,1.0,1003,measured,12.3,7.25,8.99,8.64,11.92,11.2,11.8,10.37,8.72,9.11,7.63,9.54,14.71,14.76,10.99,11.29,3.23,3.5,2.85,2.64,4.74,3.32,3.07,4.46,2.31,4.01,2.87,4.03,3.56,2.64,3.74,2.98,1.65,3.22,10.56,9.97,14.74,14.93,10.37,11.28,4.95,4.17,2.77,1.76,3.42,3.31,3.35,3.06,1.5
00-0037262,Thomas Booker,LV,DT,1.0,663,measured,10.5,7.47,8.33,10.27,13.26,9.99,11.8,9.24,8.83,9.6,10.73,13.9,6.01,15.31,10.99,11.29,3.45,2.77,3.02,5.68,2.7,3.2,1.36,1.0,2.16,2.96,3.66,1.27,2.08,2.93,3.72,4.34,3.18,1.5,9.21,8.23,9.72,11.33,12.77,12.41,4.16,3.09,1.0,1.94,3.29,2.38,3.18,3.61,2.45
00-0041534,Tim Keenan III,LV,DT,,0,prior,8.7,2.35,3.78,4.78,10.67,8.56,11.8,8.16,7.06,2.8,5.42,11.32,10.5,10.31,10.99,11.29,3.01,2.86,1.93,1.71,3.45,3.43,1.68,4.19,2.01,2.17,3.13,4.1,3.52,5.19,1.78,4.62,2.39,2.57,10.88,9.02,8.44,7.55,7.69,7.76,4.23,1.83,3.2,2.89,3.14,2.85,2.87,3.05,1.0
00-0040169,Tonka Hemingway,LV,DT,2.0,174,measured,10.3,7.68,8.84,9.61,13.22,11.4,11.8,8.18,8.64,9.28,4.82,11.6,11.54,13.04,10.99,11.29,3.12,3.11,3.06,5.35,1.68,2.8,3.67,2.27,3.61,4.75,2.72,3.43,2.94,3.96,4.32,4.78,2.0,3.52,13.11,12.22,9.43,7.53,6.74,10.09,1.98,3.24,2.58,2.45,2.27,2.4,3.94,3.04,3.05
00-0036552,Azeez Ojulari,LV,EDGE,,496,measured,11.1,11.85,14.64,11.13,13.39,12.23,11.8,12.64,8.24,12.23,10.43,8.65,11.36,4.52,14.66,15.92,2.53,3.08,2.59,3.3,4.47,4.6,2.34,3.47,1.93,5.11,3.38,1.96,1.06,2.37,2.42,2.63,2.89,3.38,11.68,11.3,9.51,8.07,7.12,12.38,5.8,6.8,2.97,1.85,3.59,3.76,3.84,2.65,2.16
00-0039836,Brennan Jackson,LV,EDGE,3.0,29,prior,6.7,10.92,10.96,10.84,10.67,12.37,11.8,7.44,3.95,3.81,6.03,6.98,8.51,14.76,10.99,11.29,3.0,2.21,4.19,1.89,3.04,2.63,2.7,2.89,2.04,3.39,2.41,1.74,4.29,3.14,3.21,3.85,3.67,2.94,5.05,5.3,5.48,5.22,4.12,14.09,5.8,6.8,1.72,3.18,3.2,3.48,2.72,3.27,3.07
00-0041006,Cian Slone,LV,EDGE,,0,prior,8.8,11.85,13.55,12.97,10.72,14.48,11.8,6.22,3.84,6.64,6.03,10.32,14.59,10.31,10.99,11.29,2.74,1.89,2.82,1.95,5.36,3.69,1.0,1.69,1.93,4.16,1.22,3.55,3.98,4.3,1.0,4.18,2.32,3.76,6.91,7.46,6.62,7.97,9.29,14.45,5.8,6.8,2.72,5.04,2.89,2.6,1.93,3.08,5.91
00-0040604,Jahfari Harvey,LV,EDGE,,23,prior,6.9,11.1,12.41,11.45,11.44,13.41,11.8,7.28,3.35,4.08,5.38,9.57,11.11,13.04,10.99,11.29,4.52,3.23,2.79,1.97,3.59,1.66,3.46,1.6,2.61,3.66,1.81,2.16,3.48,1.84,1.76,2.79,3.66,3.69,5.02,5.06,5.38,5.06,4.09,13.62,5.8,6.8,3.84,1.93,2.07,1.0,3.0,3.89,3.79
00-0041553,Keyron Crawford,LV,EDGE,2.0,0,prior,9.5,11.01,12.73,11.81,10.93,13.8,11.8,8.37,8.65,10.19,6.36,4.49,11.7,10.31,10.99,11.29,1.0,3.2,3.25,2.6,2.97,3.16,2.82,1.0,2.79,2.13,3.99,1.78,4.56,3.92,2.66,1.64,2.89,2.63,8.48,8.67,8.2,9.13,9.68,12.45,5.8,6.8,4.39,2.86,4.06,3.75,2.84,2.4,3.62
00-0036479,Kwity Paye,LV,EDGE,1.0,1404,measured,11.0,13.85,13.48,10.53,17.92,13.77,11.8,11.35,8.84,10.07,8.88,8.16,11.86,12.22,7.25,16.41,2.15,2.71,3.58,4.26,3.12,2.25,3.94,2.65,1.0,3.99,3.22,2.33,3.8,1.0,3.13,1.8,4.16,1.0,9.87,8.61,9.85,10.27,9.48,11.6,5.8,6.8,2.48,2.24,3.47,1.56,2.61,2.21,4.83
00-0036989,Malcolm Koonce,LV,EDGE,2.0,673,measured,10.8,11.54,12.97,12.21,11.13,13.87,11.8,9.96,6.82,12.51,9.49,11.18,12.61,6.54,15.02,14.41,4.98,3.08,2.81,3.87,4.34,4.04,4.82,2.36,1.4,1.59,3.65,2.51,3.8,3.16,3.13,4.09,2.14,3.24,10.43,10.73,9.77,10.13,10.5,8.86,5.8,6.8,4.56,4.31,2.71,1.0,4.84,1.91,3.3
00-0034973,Maxx Crosby,LV,EDGE,1.0,1788,measured,15.1,11.02,12.81,15.25,10.73,14.48,11.8,12.19,13.73,12.47,11.52,10.48,8.55,8.3,18.89,18.61,2.43,3.65,3.95,3.42,2.96,3.62,4.0,2.63,1.83,3.01,3.16,1.0,2.14,3.53,2.03,2.74,2.49,2.82,14.8,15.05,18.33,18.75,18.39,9.78,5.8,6.8,2.47,2.92,3.16,1.28,4.21,4.77,2.36
00-0036922,Patrick Johnson,LV,EDGE,3.0,149,measured,8.2,12.34,12.81,12.57,8.0,13.53,11.8,9.94,6.52,9.18,8.7,7.75,10.57,12.58,15.67,11.29,3.46,2.93,2.9,3.48,3.81,1.0,1.24,3.12,3.6,3.58,4.94,3.63,2.41,3.51,3.22,3.65,3.26,4.66,6.4,8.08,6.99,6.83,4.69,13.77,5.8,6.8,1.82,2.38,1.8,1.08,4.38,2.3,3.03
00-0037304,Connor Heyward,LV,FB,1.0,358,measured,13.9,10.46,11.54,10.3,9.89,12.39,11.8,10.15,8.69,8.36,9.99,14.33,12.16,16.96,10.99,11.29,3.84,1.14,5.57,2.98,1.71,5.54,3.27,10.75,2.94,7.7,12.35,8.25,2.69,2.19,5.3,16.74,7.3,17.87,3.6,2.89,4.22,4.77,5.03,4.7,2.15,2.13,4.91,2.66,2.44,2.48,3.17,3.42,1.88
00-0041582,Kansei Matsuzawa,LV,K,,0,prior,14.1,10.24,11.42,10.24,9.88,12.53,11.48,6.73,14.73,12.5,6.81,12.21,6.98,10.31,10.99,11.29,3.61,1.66,4.03,2.8,2.86,1.46,5.31,4.75,2.49,5.46,3.53,3.64,3.75,3.13,4.25,2.11,3.73,2.07,2.99,3.52,1.39,1.69,3.8,3.18,2.33,1.96,2.65,3.67,17.13,11.11,3.06,3.21,2.64
00-0035269,Matt Gay,LV,K,1.0,67,measured,9.1,8.67,9.85,8.89,9.88,11.22,9.75,11.72,8.38,2.25,10.87,13.42,13.07,11.84,15.46,7.19,3.77,3.72,1.67,3.53,2.82,1.91,3.08,3.07,4.82,1.61,4.02,3.68,3.73,3.72,2.13,2.52,2.74,1.95,3.83,1.71,4.54,3.03,2.56,1.79,3.08,2.25,2.6,2.94,9.54,8.65,3.56,2.08,3.64
00-0036644,Cameron McGrone,LV,LB,,43,prior,10.5,12.06,12.84,11.95,10.76,13.58,11.8,10.36,3.54,7.55,9.13,14.4,13.47,16.96,10.99,7.29,4.04,2.27,1.89,2.64,2.23,2.32,2.71,3.03,3.81,2.52,4.87,3.37,3.94,1.71,1.25,2.68,4.1,3.28,6.73,6.51,8.39,10.59,11.74,11.94,8.88,10.38,3.32,4.31,1.64,3.12,2.08,4.93,2.82
00-0040228,Cody Lindenberg,LV,LB,2.0,0,prior,9.0,12.14,13.07,12.44,10.1,13.67,11.8,7.31,2.76,5.75,4.14,12.2,12.75,13.04,10.99,11.29,2.18,2.14,3.92,1.92,3.7,1.24,2.06,3.36,1.92,1.0,2.83,3.32,3.68,3.3,2.4,3.71,1.91,1.7,15.25,15.28,5.4,6.9,10.31,11.65,4.68,6.18,2.24,2.0,4.02,3.23,1.55,2.48,3.34
00-0037615,Nakobe Dean,LV,LB,1.0,1006,measured,15.3,11.86,12.29,11.12,11.35,13.08,11.8,12.72,13.79,13.11,5.99,7.53,13.17,7.41,7.46,15.41,1.88,3.15,1.54,3.71,1.0,1.69,3.29,2.47,4.03,3.24,2.21,1.66,1.94,3.65,3.54,3.11,5.48,2.61,15.05,14.54,15.39,17.25,17.97,16.55,12.09,13.59,1.91,7.81,4.43,4.16,1.79,1.2,1.64
00-0037074,Quay Walker,LV,LB,1.0,1660,measured,14.7,13.85,14.47,13.42,9.57,12.83,11.8,11.32,12.48,13.49,10.73,11.04,12.79,7.73,13.69,7.69,3.6,2.75,3.68,1.83,4.06,4.22,3.84,3.61,2.78,3.53,1.0,1.88,3.82,3.45,1.4,2.77,2.73,3.2,12.69,13.51,17.34,17.37,15.96,18.86,9.05,10.55,4.18,7.96,3.79,2.12,3.43,3.4,3.45
00-0037527,Segun Olubi,LV,LB,3.0,70,prior,10.7,12.03,12.84,12.47,9.08,13.11,11.8,8.59,8.73,7.82,6.77,10.65,9.32,15.18,14.52,7.29,4.03,3.08,3.26,3.26,4.05,2.99,2.21,1.0,4.29,3.72,2.59,3.58,3.72,5.07,3.15,4.66,3.43,2.79,6.46,6.81,9.28,11.31,13.11,12.26,8.87,10.37,3.42,5.21,4.64,3.09,5.07,3.66,1.08
00-0039374,Tommy Eichenberg,LV,LB,2.0,132,measured,11.1,12.14,12.07,13.11,10.02,12.22,11.8,8.97,9.0,6.46,8.56,12.02,7.2,12.23,15.44,6.2,2.43,5.0,2.83,3.62,3.96,1.68,3.73,2.78,3.04,2.49,2.16,4.14,3.95,3.34,3.86,4.05,2.49,4.72,12.6,12.66,9.05,11.05,13.02,14.78,6.43,7.93,3.86,2.45,3.12,2.65,3.56,5.68,1.04
00-0038360,Alex Ward,LV,LS,1.0,1,prior,7.1,5.87,8.43,10.36,6.0,10.3,10.18,8.49,6.67,4.96,10.17,7.48,13.22,15.84,10.99,11.29,3.18,4.08,1.65,2.48,1.34,2.68,4.67,3.2,2.28,3.55,2.87,1.0,1.84,2.31,2.2,1.59,3.65,3.01,1.57,4.11,2.25,3.89,4.96,3.01,2.71,2.22,2.35,3.83,1.8,3.86,3.29,1.71,3.67
00-0040150,Caleb Rogers,LV,OG,2.0,268,measured,11.0,5.33,7.47,9.12,13.11,12.2,11.8,8.67,7.48,6.28,6.7,12.81,8.51,13.04,10.99,11.29,2.79,3.17,2.46,3.01,3.9,3.63,3.22,3.99,3.02,4.25,4.23,3.34,1.0,4.45,3.11,9.36,13.1,1.64,3.1,2.52,1.08,3.54,3.36,2.49,2.92,2.9,1.88,3.37,5.03,1.88,2.34,2.5,2.3
00-0037612,Evan Neal,LV,OG,,486,measured,8.4,2.97,5.28,4.96,13.57,9.52,11.8,8.78,7.93,6.57,6.01,15.95,7.82,4.06,4.78,13.81,4.31,3.61,3.01,2.0,2.39,2.61,2.45,2.69,4.06,3.9,4.0,2.55,2.82,2.88,5.74,8.51,6.52,1.74,3.81,4.11,2.47,3.02,2.64,2.61,5.44,1.67,4.2,3.61,2.23,2.48,2.05,3.03,3.79
00-0039735,Jackson Powers-Johnson,LV,OG,1.0,938,measured,13.8,4.28,5.54,4.1,13.3,10.44,11.8,10.91,12.11,11.32,9.26,13.34,11.58,5.96,16.11,7.78,5.57,2.92,3.36,2.7,2.8,1.87,1.14,3.69,3.17,3.78,4.56,4.47,2.44,1.68,4.1,15.2,16.45,1.87,2.97,3.58,2.24,2.07,4.65,1.41,2.8,2.19,2.51,2.31,3.45,1.93,1.0,2.07,5.24
00-0041003,Justin Pickett,LV,OG,3.0,0,prior,11.5,3.97,6.33,7.27,13.18,9.45,11.8,9.77,9.14,10.71,5.62,11.96,9.37,10.31,10.99,11.29,2.21,3.01,2.57,1.85,2.05,3.35,2.59,3.07,3.23,2.81,3.65,3.56,2.75,2.78,3.99,13.04,10.83,4.45,3.81,2.57,1.84,3.5,2.55,5.17,2.2,4.81,2.28,2.22,3.02,2.69,2.4,2.29,3.91
00-0041014,Niklas Henning,LV,OG,,0,prior,11.5,5.04,6.94,8.04,12.83,8.91,11.8,10.01,12.41,14.09,5.71,9.52,10.08,10.31,10.99,11.29,3.14,3.44,4.04,2.88,3.75,1.85,2.8,3.84,2.01,1.91,2.5,4.25,4.1,4.44,4.31,13.04,10.83,1.74,2.86,3.04,4.23,1.85,2.1,4.8,4.58,1.0,3.66,3.41,4.58,2.47,2.67,3.62,3.02
00-0037829,Spencer Burford,LV,OG,1.0,850,measured,13.9,4.13,5.67,6.11,12.99,7.99,11.8,11.18,10.46,12.97,8.75,11.36,15.4,7.27,15.54,5.03,3.72,3.54,3.06,2.66,3.34,2.37,2.83,4.25,4.28,1.39,3.29,1.0,6.43,3.3,3.42,17.59,13.7,1.73,3.79,4.33,3.03,3.49,5.4,3.27,2.76,3.14,2.53,4.0,1.25,2.06,2.46,2.12,4.06
00-0040151,Charles Grant,LV,OT,2.0,55,prior,10.5,5.42,7.21,6.05,12.9,9.69,11.8,7.65,5.68,11.53,5.8,9.19,15.06,13.04,10.99,11.29,2.45,3.01,2.13,3.78,4.51,3.33,3.53,1.21,3.41,4.9,4.27,3.66,2.29,2.87,2.27,10.2,12.1,2.44,2.32,1.59,2.94,3.4,3.62,4.05,1.97,3.23,4.19,3.28,2.93,3.27,1.0,3.0,4.62
00-0039349,DJ Glaze,LV,OT,1.0,1560,measured,8.8,3.85,5.33,4.0,12.58,6.59,11.8,8.17,5.76,6.32,8.73,12.72,11.49,14.76,10.99,11.29,2.68,4.28,3.08,3.85,3.03,4.14,2.54,3.28,2.74,3.73,4.84,3.27,2.91,4.99,2.96,7.52,10.5,3.48,2.62,1.0,2.23,3.49,1.31,2.19,2.06,3.46,3.96,3.72,3.38,3.67,1.76,4.27,1.0
00-0041017,Kamar Missouri,LV,OT,,0,prior,10.4,4.63,6.51,5.87,12.14,8.95,11.8,7.7,10.0,5.35,6.85,7.95,11.06,10.31,10.99,11.29,4.01,2.92,3.33,2.94,1.89,5.41,1.0,4.12,4.35,1.81,2.84,3.89,4.07,2.42,3.03,11.01,11.55,4.68,3.92,4.14,3.29,3.3,3.17,3.62,1.4,2.98,3.15,1.75,2.12,4.5,4.87,3.01,1.68
00-0034759,Kolton Miller,LV,OT,1.0,1221,measured,12.6,6.31,9.9,8.78,12.46,11.52,11.8,12.24,6.19,13.22,12.43,13.08,7.51,4.7,5.24,7.7,3.49,3.62,1.11,3.67,3.56,3.84,3.53,4.24,4.48,3.82,3.54,4.01,3.82,2.99,3.96,9.46,16.44,4.18,2.67,2.08,3.75,1.39,1.21,3.61,3.62,3.86,2.71,2.29,2.44,2.83,2.68,2.84,3.93
00-0040871,Trey Zuhn III,LV,OT,2.0,0,prior,10.0,4.06,5.91,5.32,11.55,8.36,11.8,8.41,6.48,7.89,6.98,12.31,13.09,10.31,10.99,11.29,3.21,3.61,3.85,3.34,2.99,2.11,2.9,1.0,4.28,2.48,1.61,4.4,4.43,3.78,4.86,10.42,11.3,2.95,3.57,3.5,3.96,3.9,4.09,3.01,4.4,2.93,3.31,2.04,2.25,3.94,3.55,3.37,3.14
00-0035190,AJ Cole,LV,P,1.0,107,measured,18.0,7.06,8.98,8.89,10.13,11.3,10.8,15.38,14.16,13.56,13.57,13.96,7.97,17.99,10.99,14.29,2.86,3.98,2.85,4.06,1.9,3.75,2.88,1.28,3.38,4.07,1.83,2.72,3.21,3.08,3.24,3.08,3.36,3.15,2.32,3.28,3.88,3.13,4.44,2.39,2.76,2.77,1.98,3.75,2.38,4.57,20.0,16.0,3.45
00-0038579,Aidan O'Connell,LV,QB,3.0,594,measured,7.5,10.14,10.1,11.83,10.08,10.59,11.8,7.05,6.47,6.52,7.36,11.16,12.33,4.9,4.36,6.6,9.49,4.92,7.71,8.72,5.84,8.2,7.86,8.54,2.14,3.18,3.54,3.39,4.64,2.82,1.88,1.0,2.7,3.32,2.87,3.92,3.34,3.68,3.07,2.79,2.87,2.54,1.92,4.31,3.52,1.0,1.26,2.89,2.74
00-0041562,Fernando Mendoza,LV,QB,2.0,0,prior,7.9,10.05,10.69,11.84,10.08,11.41,11.8,7.76,7.73,6.92,10.42,12.09,10.27,10.31,10.99,11.29,11.53,7.45,6.58,5.93,7.9,8.91,8.09,5.32,2.75,6.38,3.17,2.39,4.0,3.87,1.76,4.0,3.2,2.63,1.89,1.47,3.55,1.53,4.09,2.24,3.24,1.57,2.05,3.61,2.47,2.04,2.57,1.93,3.43
00-0029604,Kirk Cousins,LV,QB,1.0,1296,measured,12.3,5.28,5.28,8.52,10.08,5.92,11.8,12.61,12.79,11.12,17.19,8.4,8.43,17.99,10.99,11.29,6.17,15.26,12.41,12.3,13.39,15.91,12.0,11.77,4.19,3.69,4.32,2.37,2.0,3.52,1.49,1.0,2.79,2.59,2.98,4.41,2.16,2.78,3.65,4.15,3.11,3.1,3.13,2.13,2.9,2.98,2.12,1.0,3.42
00-0040122,Ashton Jeanty,LV,RB,1.0,720,measured,10.9,13.45,13.65,13.6,8.8,13.55,11.8,8.57,7.41,10.08,8.78,16.25,6.64,13.04,10.99,11.29,3.98,3.0,4.29,1.64,4.23,4.11,3.87,18.67,6.7,11.97,6.04,5.28,4.82,10.34,9.85,1.0,15.47,1.0,2.29,3.68,4.18,2.24,1.23,5.08,3.86,4.06,2.81,2.12,3.66,4.24,4.57,2.35,14.88
00-0039244,Chris Collier,LV,RB,4.0,12,prior,8.5,14.43,14.56,13.64,8.16,13.96,11.8,9.15,6.3,5.19,7.26,10.65,14.27,12.42,10.99,11.29,4.16,3.81,2.7,2.44,3.79,4.31,2.99,9.22,5.7,5.39,5.41,6.19,2.66,5.0,6.82,1.0,5.85,1.0,4.09,3.62,4.0,3.41,2.63,1.84,3.41,4.0,2.81,2.32,3.41,2.59,2.43,4.51,13.38
00-0033854,Dare Ogunbowale,LV,RB,,364,measured,9.5,10.02,11.25,11.83,7.0,12.64,11.8,11.7,7.66,6.7,9.6,10.36,11.94,17.99,10.99,7.16,3.9,2.51,1.64,3.46,3.65,2.76,1.84,8.22,7.74,7.52,9.56,16.21,4.38,3.99,2.74,6.27,4.75,7.27,2.81,2.59,2.69,2.21,3.28,2.6,2.59,1.16,2.89,3.02,1.84,3.27,4.16,2.54,9.82
00-0039407,Dylan Laube,LV,RB,3.0,26,prior,8.8,13.48,13.28,16.94,12.0,14.87,11.8,10.41,6.34,7.77,10.68,10.93,10.85,14.76,10.99,11.29,2.71,1.68,1.95,3.14,1.87,2.09,3.1,9.99,6.03,5.42,5.46,8.06,3.04,6.43,7.8,1.0,5.99,1.0,3.36,3.72,4.48,2.52,4.49,3.98,3.6,3.35,3.43,2.74,3.46,3.96,4.34,3.36,14.31
00-0040878,Mike Washington Jr.,LV,RB,2.0,0,prior,11.6,18.24,18.29,11.75,9.82,17.12,11.8,9.27,6.82,8.29,6.32,13.43,7.44,10.31,10.99,11.29,4.75,1.69,3.46,3.18,2.15,4.26,1.6,15.21,9.42,9.97,8.31,5.71,3.18,9.09,8.02,1.25,6.99,2.25,2.56,2.54,3.7,2.4,2.05,2.15,3.2,2.53,3.98,2.33,4.27,3.12,3.66,2.15,14.91
00-0040998,Roman Hemby,LV,RB,,0,prior,11.2,14.44,14.69,13.28,8.38,14.07,11.8,7.68,9.04,9.1,5.62,5.75,16.22,10.31,10.99,11.29,3.54,4.14,4.01,3.98,3.44,3.69,2.54,15.23,9.65,8.14,9.47,11.34,3.27,5.78,6.33,3.21,5.57,4.21,3.69,2.87,4.34,5.18,3.71,3.66,5.47,3.67,2.64,4.01,2.35,3.24,2.2,3.57,10.5
00-0040883,Dalton Johnson,LV,S,2.0,0,prior,11.1,16.39,15.08,14.54,7.55,14.36,11.8,9.53,9.4,10.16,8.74,7.74,8.72,10.31,10.99,11.29,2.95,2.66,4.38,3.42,2.48,4.02,4.15,2.74,3.0,3.08,5.18,3.44,3.03,2.59,3.04,5.14,2.72,2.89,3.06,3.34,2.25,14.08,12.27,13.27,8.06,9.06,9.12,7.97,3.71,2.18,2.82,2.31,9.8
00-0041000,Devin Lafayette,LV,S,,0,prior,10.5,13.84,14.56,14.12,7.52,14.33,11.8,7.2,7.77,9.79,5.3,15.46,6.56,10.31,10.99,11.29,2.82,1.86,3.74,5.61,3.91,3.13,2.15,3.11,4.5,3.95,4.08,3.99,4.48,3.77,4.25,3.36,3.31,3.1,2.73,2.19,3.03,9.26,10.27,15.31,8.81,9.81,9.12,11.16,3.25,1.49,3.36,3.5,9.8
00-0037512,Isaiah Pola-Mao,LV,S,1.0,1652,measured,12.1,14.16,15.59,13.16,7.95,15.21,11.8,10.95,9.23,10.21,8.36,10.62,10.12,16.96,10.99,15.41,4.5,2.73,2.56,1.29,3.52,1.0,3.17,1.0,1.06,3.73,1.92,2.8,3.64,3.8,3.52,1.79,3.75,1.41,3.89,2.09,3.9,6.9,9.45,16.7,11.69,12.69,9.24,14.07,4.08,3.29,2.25,3.73,9.8
00-0036293,Jeremy Chinn,LV,S,1.0,1682,measured,13.5,15.3,17.61,13.57,10.0,18.39,11.8,14.31,10.53,10.75,14.24,7.03,12.46,14.04,14.78,16.89,4.26,2.91,2.78,3.9,2.57,4.25,1.82,1.19,3.41,3.2,1.24,3.86,2.38,1.39,4.36,2.18,3.56,3.03,3.71,3.41,2.24,13.38,17.63,13.09,11.29,12.29,9.86,9.81,2.32,3.51,2.06,1.63,9.8
00-0040868,Treydan Stukes,LV,S,2.0,0,prior,11.1,18.24,18.62,13.38,7.61,16.87,11.8,9.36,10.42,9.0,6.27,9.76,11.89,10.31,10.99,11.29,2.57,2.98,4.14,1.37,1.0,2.79,2.12,4.27,2.63,2.98,1.0,1.38,3.17,2.48,2.55,2.91,2.45,3.44,1.35,2.75,2.44,15.87,12.9,13.42,6.93,7.93,9.14,7.44,3.25,2.31,3.6,3.92,9.8
00-0037461,Tristin McCollum,LV,S,3.0,307,measured,11.8,14.52,15.83,12.79,7.22,14.92,11.8,11.16,6.67,8.18,7.37,13.31,12.46,15.84,10.99,11.29,2.17,3.77,1.52,1.62,2.51,1.0,2.89,3.38,2.46,2.59,2.18,3.44,1.86,2.57,4.31,2.06,1.51,2.62,5.29,4.72,3.54,13.21,14.62,15.57,8.63,9.63,9.03,9.51,2.41,2.44,3.54,2.59,9.8
00-0036423,Albert Okwuegbunam,LV,TE,,52,prior,10.1,14.42,13.83,11.64,10.02,12.9,11.8,9.98,5.22,8.7,11.9,12.04,3.2,14.28,14.21,8.07,2.82,1.12,2.06,2.74,3.2,3.14,5.18,12.0,3.52,2.46,5.12,18.37,5.96,7.51,6.19,8.18,10.84,6.02,2.97,2.85,3.05,3.43,2.88,1.9,2.77,4.39,2.9,5.52,5.67,2.02,3.44,3.01,3.72
00-0039338,Brock Bowers,LV,TE,1.0,1180,measured,11.8,12.13,13.29,12.57,8.6,14.31,11.8,8.09,11.19,12.4,6.98,8.12,9.68,7.88,6.65,7.51,1.7,2.92,3.37,2.8,2.78,3.53,2.1,17.3,3.79,12.36,15.01,15.68,12.83,17.17,18.64,6.67,3.83,4.52,1.7,2.62,2.16,4.63,3.97,2.61,5.6,3.1,1.0,3.22,2.1,3.3,3.56,4.63,3.84
00-0040488,Carter Runyon,LV,TE,4.0,41,prior,8.8,11.45,12.69,12.26,9.11,13.71,11.8,9.62,6.39,5.35,5.36,4.42,13.83,13.04,10.99,11.29,2.81,2.33,2.31,2.66,2.29,2.9,2.15,6.48,3.11,4.6,7.26,14.56,5.86,4.32,4.32,9.14,9.93,6.98,3.1,4.14,2.29,2.73,2.02,2.8,3.56,3.64,3.3,2.9,4.55,5.11,4.47,1.95,2.58
00-0035345,Chris Myarick,LV,TE,,0,prior,9.3,9.12,10.5,10.62,10.8,11.87,11.8,11.04,8.31,7.08,9.98,12.94,3.92,12.33,10.99,14.09,1.22,2.65,2.28,5.57,3.52,2.14,2.63,6.42,2.57,2.0,4.66,19.4,5.71,4.16,4.16,7.73,12.43,5.57,1.0,4.54,3.56,2.5,2.03,5.25,2.19,3.09,2.44,3.64,2.73,2.65,2.23,4.08,4.43
00-0034365,Ian Thomas,LV,TE,3.0,451,measured,8.8,9.36,12.04,12.29,10.46,14.29,11.8,10.24,5.29,7.26,9.33,12.22,6.73,7.04,17.18,6.1,3.69,3.2,2.9,2.8,2.6,1.0,3.25,13.05,2.24,2.6,5.26,15.38,10.96,7.31,6.4,5.67,7.75,3.51,2.81,4.04,3.64,3.92,2.81,2.8,2.87,2.03,2.76,2.19,1.14,3.67,5.21,4.03,2.48
00-0039066,Michael Mayer,LV,TE,2.0,978,measured,9.9,10.77,11.88,11.61,10.5,12.49,11.8,8.54,7.09,6.08,6.65,11.26,17.28,6.93,4.58,7.19,3.69,2.55,2.88,2.41,3.96,4.18,3.99,14.92,1.2,11.08,13.73,8.48,9.0,10.54,8.43,4.39,16.62,2.23,2.45,1.77,2.65,1.72,3.89,1.29,3.82,3.81,1.27,1.47,4.14,3.5,3.48,1.97,2.62
00-0041016,Patrick Gurd,LV,TE,,0,prior,9.1,11.06,12.34,11.96,9.7,13.39,11.8,6.96,3.92,6.82,6.48,15.3,12.34,10.31,10.99,11.29,1.87,2.45,2.93,5.35,3.91,2.27,2.71,6.67,2.11,7.11,9.77,8.1,8.66,8.18,7.9,10.23,8.86,8.08,2.93,3.7,3.18,3.84,4.73,2.72,3.09,3.09,2.7,4.78,3.94,4.75,3.25,4.01,2.22
00-0041004,Chase Roberts,LV,WR,,0,prior,8.5,14.25,15.06,13.35,7.53,15.1,11.8,7.91,5.12,9.29,6.24,6.49,10.68,10.31,10.99,11.29,3.25,4.57,2.0,2.21,3.93,3.34,1.77,7.61,4.36,7.0,5.93,5.54,4.66,6.25,6.26,5.06,1.68,4.09,3.7,1.06,3.86,4.25,2.08,2.18,1.98,3.54,3.06,2.43,3.91,2.35,3.98,1.45,12.97
00-0035891,Cody White,LV,WR,,187,measured,9.7,13.93,15.02,13.59,7.3,15.13,11.8,10.04,8.75,8.59,8.11,4.72,12.2,10.31,10.99,11.29,1.71,3.62,4.04,4.75,3.48,2.36,2.26,6.83,11.53,15.19,14.12,7.82,5.64,7.18,6.8,3.67,2.35,5.07,1.31,2.95,4.29,2.44,2.72,2.98,4.18,2.37,2.82,1.08,1.83,3.21,4.11,2.51,12.96
00-0041005,Corey Rucker,LV,WR,3.0,0,prior,8.4,14.02,14.84,12.86,8.15,15.15,11.8,9.5,8.32,7.05,7.92,12.37,10.27,10.31,10.99,11.29,3.21,2.23,3.83,4.23,3.3,1.0,2.29,7.61,4.36,7.0,5.93,5.54,4.66,6.25,6.26,2.49,4.52,4.2,3.07,2.77,3.44,2.81,2.23,3.35,3.86,3.93,3.31,3.2,4.09,2.87,1.67,1.18,12.88
00-0037093,Dareke Young,LV,WR,2.0,60,prior,10.9,13.57,14.7,12.9,8.18,15.2,11.8,11.11,6.92,13.23,9.07,5.77,11.94,5.48,7.34,11.29,3.82,2.4,3.4,3.49,3.28,3.08,2.73,11.73,8.9,11.93,10.85,14.41,5.62,7.9,7.66,2.53,1.0,4.28,2.79,3.1,2.83,1.94,1.92,3.06,4.48,4.23,3.86,2.1,3.18,3.73,3.36,5.22,16.33
00-0037487,Deven Thompkins,LV,WR,,147,measured,10.1,16.98,16.4,14.6,5.62,14.78,11.8,10.47,10.32,7.1,6.38,7.43,8.29,16.96,10.99,11.29,2.93,3.73,2.13,1.05,3.28,3.46,2.43,6.86,5.42,7.74,6.67,7.76,4.78,7.63,7.76,2.1,2.45,3.07,2.79,1.12,4.46,2.87,1.7,2.07,2.65,4.0,4.03,2.3,3.62,3.72,4.32,3.34,8.9
00-0040581,Dont'e Thornton Jr.,LV,WR,2.0,365,measured,10.2,18.94,18.17,14.57,6.06,13.82,11.8,9.47,9.09,12.14,6.54,17.96,5.58,8.5,15.23,11.29,2.27,2.6,4.56,3.34,4.36,2.41,3.3,12.66,4.41,7.2,6.13,6.97,5.34,6.91,8.04,2.21,3.16,5.27,2.35,2.68,2.68,3.54,3.1,3.79,4.4,4.28,1.88,3.64,4.13,2.1,3.66,3.24,16.53
00-0040729,Jack Bech,LV,WR,1.0,320,measured,11.9,13.96,15.26,15.25,9.5,14.33,11.8,8.34,12.51,11.99,7.02,11.44,10.39,13.04,10.99,5.58,3.48,4.25,4.36,2.61,4.58,2.78,3.62,16.16,9.8,12.37,11.3,14.23,7.67,9.05,9.73,2.9,4.21,4.01,4.31,3.72,1.56,1.47,4.67,3.11,1.58,2.48,3.99,3.41,1.46,3.33,1.46,3.39,11.54
00-0037291,Jalen Nailor,LV,WR,1.0,1014,measured,11.7,14.31,16.19,13.24,6.69,16.69,11.8,12.19,11.31,9.86,9.66,12.96,10.21,8.42,4.66,4.52,3.41,3.0,3.76,1.29,3.23,2.93,2.73,13.31,9.45,13.43,12.35,11.43,14.84,7.71,8.71,1.29,1.49,5.36,2.65,1.49,2.49,3.83,2.77,3.3,1.53,3.01,2.27,2.21,3.52,3.47,3.67,2.41,13.48
00-0038590,Justin Shorter,LV,WR,3.0,18,prior,8.4,13.29,15.16,13.23,9.0,15.01,11.8,11.53,7.01,4.94,9.18,10.25,7.98,5.66,16.43,6.0,3.21,2.18,2.21,1.87,1.35,3.9,1.95,8.62,7.45,13.05,11.98,8.46,3.69,4.31,3.92,1.42,3.16,2.84,2.78,5.28,3.79,2.35,3.33,3.36,2.58,2.98,1.12,1.0,2.61,1.49,2.99,4.22,9.76
00-0040894,Malik Benson,LV,WR,2.0,0,prior,10.4,17.32,16.32,14.01,6.64,13.05,11.8,9.31,7.2,8.12,5.02,11.48,15.39,10.31,10.99,11.29,1.33,1.76,4.29,2.89,4.66,1.8,3.82,12.21,5.54,7.26,6.19,9.15,6.64,7.32,7.56,3.29,2.35,3.29,2.68,4.16,1.57,5.01,3.31,3.39,3.44,1.33,1.7,3.61,5.13,3.27,4.24,2.83,16.21
00-0038647,Ronnie Bell,LV,WR,,181,measured,8.1,13.48,13.78,14.69,7.0,15.79,11.8,8.35,3.03,6.26,8.69,9.11,17.09,15.84,10.99,11.29,2.16,3.19,2.68,2.79,1.83,3.59,1.06,7.39,5.43,8.23,7.16,6.62,4.54,4.78,4.74,3.73,3.55,3.1,1.0,3.38,1.0,3.32,1.07,3.66,3.84,2.71,1.89,3.69,2.74,3.01,4.44,2.84,10.6
00-0038563,Tre Tucker,LV,WR,1.0,1654,measured,11.2,16.62,16.44,13.19,7.53,15.92,11.8,11.49,7.55,9.7,10.22,11.09,16.63,15.84,10.99,11.29,4.94,3.26,3.5,2.82,1.9,2.12,1.93,15.77,6.79,9.54,8.47,8.93,10.26,9.14,8.93,4.42,1.84,2.71,2.53,3.79,2.6,3.13,2.96,2.69,2.66,3.42,3.7,2.5,3.96,4.12,5.29,2.89,13.82
00-0036171,Aaron Brewer,MIA,C,1.0,2019,measured,10.4,6.27,7.29,8.34,14.01,10.19,11.8,11.75,6.8,6.79,9.31,10.08,6.93,15.07,14.16,17.25,3.45,4.66,1.23,4.33,3.63,2.77,2.37,2.65,3.84,3.67,3.63,2.61,2.48,4.23,3.36,9.18,9.81,3.51,4.74,4.17,1.0,2.68,2.49,5.21,2.08,1.47,1.0,1.97,2.83,4.46,1.96,1.35,2.83
00-0039485,Andrew Meyer,MIA,C,2.0,51,prior,9.8,5.58,7.19,7.82,13.36,9.47,11.8,7.63,8.75,4.35,5.65,10.74,7.96,4.26,7.09,15.41,3.46,1.53,1.1,2.27,2.52,2.74,3.55,4.33,1.16,4.39,2.92,2.19,4.86,3.09,2.79,10.38,9.33,3.73,1.84,2.26,2.72,3.66,1.0,1.0,1.79,2.13,2.23,2.8,2.14,2.23,3.04,3.13,3.51
00-0041533,Chris Johnson,MIA,CB,1.0,0,prior,13.7,16.62,16.93,13.81,8.5,16.41,11.8,9.6,14.83,14.42,5.65,6.97,12.78,10.31,10.99,11.29,2.74,4.64,2.57,2.41,4.88,4.13,2.53,3.18,1.01,1.69,1.83,3.58,3.4,2.25,3.42,2.17,3.36,2.53,2.45,2.38,3.46,9.69,11.03,13.24,13.45,13.45,10.39,12.94,2.86,2.42,2.12,2.76,14.13
00-0037549,Darrell Baker Jr.,MIA,CB,2.0,1259,measured,9.4,14.92,15.72,13.7,7.0,15.42,11.8,10.92,5.97,9.88,8.78,6.08,8.62,16.96,10.99,15.41,3.67,3.27,2.8,4.06,3.64,3.79,3.28,2.36,3.08,4.48,1.89,2.61,2.22,1.72,2.56,2.37,2.59,2.92,2.16,3.62,1.68,3.32,6.31,13.12,6.9,6.9,9.94,5.91,4.01,3.21,2.77,3.07,14.86
00-0038684,Ethan Bonner,MIA,CB,,99,prior,9.5,15.08,15.75,14.01,6.44,15.06,11.8,9.34,8.43,8.62,4.9,7.35,14.77,12.18,6.78,5.58,2.83,2.81,2.84,2.05,2.64,4.26,2.07,3.22,5.68,3.64,2.12,2.8,3.04,3.44,1.97,3.58,2.33,1.69,2.19,3.68,2.39,5.83,10.52,14.81,6.47,6.47,9.77,6.46,2.5,3.06,3.04,3.77,5.06
00-0040178,Jason Marshall Jr.,MIA,CB,1.0,221,measured,11.5,14.54,15.58,13.61,7.49,16.05,11.8,11.27,10.34,8.74,8.91,14.63,15.67,7.37,18.35,15.41,2.72,3.31,3.71,2.42,2.9,2.63,2.31,3.12,2.24,3.28,1.98,2.59,2.03,2.86,5.97,4.11,4.7,1.23,3.8,1.47,1.96,9.99,12.32,14.21,10.12,10.12,10.09,9.69,1.1,2.06,2.79,2.58,12.73
00-0039156,Julius Brents,MIA,CB,1.0,354,measured,13.2,13.66,16.83,18.33,6.6,18.75,11.8,12.09,13.32,11.91,7.63,8.9,14.33,11.93,6.11,5.08,1.0,3.34,4.59,2.41,2.44,2.92,2.57,3.29,3.03,4.15,1.37,1.33,2.61,2.85,3.51,2.98,2.83,3.73,1.87,2.29,3.01,9.36,11.7,13.15,12.77,12.77,9.82,12.93,3.64,1.98,3.16,1.97,11.39
00-0039390,Marcellas Dial Jr.,MIA,CB,2.0,40,prior,10.6,15.24,16.85,13.87,6.69,17.86,11.8,9.6,10.29,9.4,7.25,12.77,13.62,12.42,10.99,11.29,4.5,2.81,3.32,3.39,2.75,4.63,2.7,2.7,3.15,4.22,3.46,2.37,2.15,2.48,2.47,4.44,3.29,3.21,1.95,3.39,1.69,9.87,12.06,15.32,8.29,8.29,9.85,7.04,5.56,3.52,2.05,1.25,15.31
00-0038521,Reese Taylor,MIA,CB,2.0,0,prior,11.1,15.06,15.65,13.72,6.95,15.16,11.8,11.2,11.42,10.23,7.73,15.24,12.72,14.76,10.99,11.29,2.0,3.76,1.44,3.6,2.06,2.49,2.91,3.01,4.91,2.77,4.45,2.78,4.08,4.32,4.19,2.65,3.29,2.81,3.5,1.46,3.82,10.91,12.7,16.93,9.46,9.46,9.93,7.22,2.82,3.78,2.69,3.62,14.26
00-0039481,Storm Duck,MIA,CB,3.0,270,measured,9.2,15.06,15.77,13.78,6.98,15.35,11.8,8.43,9.96,8.44,7.28,16.84,11.65,4.4,4.5,4.17,3.22,4.17,3.39,3.83,2.81,1.47,3.37,2.97,3.09,2.85,1.18,3.02,1.0,3.36,4.47,2.51,2.66,2.28,3.0,2.32,3.4,9.04,11.8,14.45,5.98,5.98,9.94,4.4,1.09,2.03,2.42,1.92,5.97
00-0039570,Jordan Miller,MIA,DT,,0,prior,6.5,6.13,7.35,6.35,13.45,9.45,11.8,8.31,5.1,6.29,6.35,13.96,17.52,10.31,10.99,11.29,2.53,3.72,1.52,2.94,1.46,2.88,4.51,4.22,3.81,3.32,3.14,4.44,2.72,3.29,1.99,2.47,3.04,4.14,5.19,3.67,5.43,5.18,4.18,12.63,3.75,3.68,2.8,4.14,4.03,2.84,2.29,3.63,3.36
00-0040175,Jordan Phillips,MIA,DT,,426,measured,8.9,4.96,6.68,3.26,14.77,10.22,11.8,9.03,6.64,5.3,6.13,9.47,7.73,13.04,10.99,11.29,3.96,3.22,3.58,2.72,2.55,3.77,2.55,3.83,6.36,3.34,2.68,1.88,2.41,3.59,2.97,4.85,4.35,2.44,8.35,5.96,6.97,8.85,9.34,8.17,3.59,2.13,1.85,3.66,2.73,2.44,2.54,3.23,3.85
00-0040655,Keith Cooper Jr.,MIA,DT,3.0,0,prior,6.3,7.52,9.35,9.03,11.74,11.61,11.8,6.41,5.73,6.74,7.9,11.38,14.95,13.04,10.99,11.29,3.35,2.17,4.37,4.18,4.03,3.72,2.35,2.83,4.37,2.6,3.3,4.23,4.29,2.61,3.92,3.13,2.01,2.98,4.63,4.2,5.41,5.16,4.16,13.15,4.71,2.88,1.99,3.19,3.68,2.74,4.36,1.75,1.0
00-0040127,Kenneth Grant,MIA,DT,2.0,510,measured,10.0,4.83,5.85,4.49,11.33,8.04,11.8,8.05,7.99,6.78,9.31,5.74,11.64,13.04,10.99,11.29,1.79,4.06,2.27,4.15,2.58,5.32,4.24,2.87,2.98,2.87,3.72,2.44,3.57,3.72,1.71,3.37,3.26,3.54,11.17,9.94,9.54,10.24,9.04,7.83,3.33,1.05,2.36,3.41,1.81,2.37,3.09,1.8,2.41
00-0038545,Mazi Smith,MIA,DT,,587,measured,9.1,4.08,4.98,3.45,17.09,7.15,11.8,8.27,5.13,5.1,8.48,14.3,13.1,15.84,10.99,16.98,4.95,3.29,3.43,3.08,3.51,3.5,3.46,4.51,4.6,3.22,1.0,3.77,3.8,1.98,3.81,1.99,3.82,2.44,12.42,8.91,6.66,5.28,6.27,7.72,1.51,4.65,3.93,3.52,2.39,2.64,1.5,2.99,2.8
00-0041136,Rene Konga,MIA,DT,3.0,0,prior,9.2,6.74,8.06,7.21,13.17,10.26,11.8,7.96,6.98,4.84,7.65,7.96,14.53,10.31,10.99,11.29,4.57,3.84,2.24,1.96,1.67,2.79,3.05,4.78,2.84,2.94,4.18,4.0,4.45,2.17,3.9,2.28,3.56,3.12,9.81,8.61,8.4,7.42,7.7,9.49,4.22,4.78,3.67,3.69,2.75,3.71,2.94,3.28,3.94
00-0034285,Zach Sieler,MIA,DT,1.0,1565,measured,13.6,5.39,7.07,6.96,11.74,9.18,11.8,14.5,9.54,11.46,11.57,10.72,6.61,8.3,13.81,7.06,3.63,3.05,3.26,4.69,1.21,3.66,2.29,1.12,4.01,1.08,1.32,5.45,1.0,2.65,3.11,3.3,4.8,2.33,16.79,15.61,15.38,12.14,12.85,5.79,1.44,2.94,2.2,3.04,1.0,2.71,3.46,4.56,3.0
00-0040248,Zeek Biggers,MIA,DT,2.0,203,measured,9.4,4.8,7.2,6.43,12.3,12.41,11.8,10.55,7.26,7.38,8.18,12.32,9.83,13.04,10.99,11.29,4.21,3.26,2.74,3.9,3.33,1.32,2.84,2.19,3.32,4.1,2.54,2.96,2.45,5.05,1.94,2.59,2.59,3.54,9.29,7.71,8.42,9.29,10.3,8.7,2.35,1.24,2.79,2.23,4.96,1.0,1.87,2.8,3.38
00-0039911,Chop Robinson,MIA,EDGE,1.0,755,measured,11.7,14.77,16.44,11.82,11.62,14.74,11.8,9.39,9.58,10.75,9.7,10.74,14.38,12.29,15.23,7.51,1.68,3.59,3.73,2.89,3.33,4.97,2.14,2.49,3.45,2.22,3.54,2.71,2.5,2.97,2.61,3.22,2.53,3.27,11.13,12.39,9.64,9.19,7.53,12.35,5.8,6.8,2.34,2.74,3.26,3.47,3.28,4.26,1.68
00-0035692,Clelin Ferrell,MIA,EDGE,,662,measured,12.7,10.13,11.77,10.36,12.92,13.02,11.8,12.28,5.31,10.71,7.84,7.67,12.19,8.07,4.98,14.15,3.44,2.3,3.17,1.61,3.7,2.63,2.83,3.29,2.04,3.82,4.3,3.05,2.58,3.53,3.21,4.79,3.08,2.58,14.9,14.08,13.67,9.89,8.33,13.48,5.8,6.8,1.0,2.27,2.92,3.96,2.28,2.8,3.6
00-0036159,Joshua Uche,MIA,EDGE,1.0,512,measured,11.3,11.08,12.61,11.67,9.0,13.63,11.8,10.87,10.82,4.5,11.85,13.99,12.42,8.29,14.68,16.32,3.36,2.39,1.79,2.92,3.66,3.12,2.8,3.45,3.6,2.41,2.71,2.85,3.75,2.72,2.85,5.13,3.7,2.66,9.99,10.88,10.5,13.76,14.87,11.99,5.8,6.8,3.07,2.18,3.08,1.43,3.9,4.17,4.68
00-0036682,Malik Herring,MIA,EDGE,3.0,200,measured,8.9,9.36,10.52,9.26,12.02,11.94,11.8,9.95,7.86,2.1,9.71,11.86,15.44,16.96,10.99,11.29,3.98,3.18,4.99,3.2,2.53,2.65,3.68,2.18,2.97,1.98,2.66,4.9,3.7,4.54,2.62,4.91,3.21,1.4,8.48,7.71,8.11,8.78,7.68,11.86,5.8,6.8,5.11,4.4,1.71,1.56,2.06,5.11,3.73
00-0041531,Max Llewellyn,MIA,EDGE,,0,prior,8.2,9.2,10.35,11.59,10.83,12.08,11.8,7.14,7.83,8.46,6.89,13.0,8.81,10.31,10.99,11.29,2.72,2.24,3.87,1.0,1.0,3.18,2.73,3.21,2.51,2.88,3.21,4.22,4.03,1.0,3.32,4.02,2.44,2.48,7.5,7.09,6.69,7.95,9.28,13.37,5.8,6.8,2.14,3.24,5.36,2.27,3.77,2.01,1.27
00-0038603,Rob Beal Jr.,MIA,EDGE,2.0,205,measured,9.9,14.77,15.21,10.84,11.31,11.65,11.8,10.93,9.26,11.74,4.91,9.65,13.93,5.84,16.7,4.39,2.25,3.87,1.45,3.78,6.1,2.71,3.95,4.25,2.32,3.31,3.88,2.17,2.08,3.56,5.6,3.45,3.0,2.4,6.99,8.36,8.42,10.18,8.83,14.48,5.8,6.8,3.17,3.22,2.3,3.21,2.81,3.83,2.19
00-0041159,Rodney McGraw,MIA,EDGE,,0,prior,8.4,9.85,11.29,10.07,11.62,12.63,11.8,6.98,5.42,8.27,5.95,8.7,15.95,10.31,10.99,11.29,3.25,4.58,3.39,4.01,5.04,2.39,1.71,1.87,3.53,2.59,3.78,3.09,2.13,2.94,3.62,2.98,1.37,1.47,7.42,6.95,6.62,7.97,9.29,13.64,5.8,6.8,2.85,1.21,4.07,1.37,1.09,1.0,5.1
00-0041436,DJ Herman,MIA,FB,1.0,0,prior,13.2,10.24,11.43,10.3,9.89,12.53,11.8,9.86,10.61,10.11,7.72,10.35,9.74,10.31,10.99,11.29,2.52,4.73,2.65,2.39,3.97,5.01,3.27,9.05,3.66,11.12,20.0,6.49,4.6,1.56,2.57,14.63,6.96,15.63,2.97,3.56,3.54,3.21,1.34,3.47,3.47,3.98,2.58,2.62,2.95,3.66,1.53,3.4,3.58
00-0036816,Riley Patterson,MIA,K,1.0,42,measured,12.7,10.24,11.42,10.24,9.88,12.53,10.76,12.07,9.94,10.88,9.44,8.0,9.78,17.99,10.99,14.09,2.16,3.02,3.14,2.44,3.67,2.75,3.97,2.18,3.26,5.53,2.81,1.6,3.59,1.71,3.09,3.47,4.26,1.69,5.09,3.96,4.87,3.41,3.44,4.15,1.44,3.56,1.96,4.9,11.14,14.35,2.9,3.3,4.51
00-0039539,Amari Gainer,MIA,LB,,8,prior,9.3,12.23,13.31,12.93,9.66,13.8,11.8,8.95,7.42,6.19,4.53,6.4,10.69,12.42,10.99,11.29,3.52,2.01,2.27,2.94,2.1,2.28,3.03,2.86,4.32,3.51,3.03,3.1,1.32,1.31,1.36,3.05,2.21,1.0,6.7,6.92,5.51,7.71,11.14,12.1,7.54,9.04,1.41,2.2,2.35,2.3,1.53,2.87,3.35
00-0040066,Jackson Woodard,MIA,LB,2.0,0,prior,9.0,12.1,12.98,12.45,9.68,13.45,11.8,7.17,6.29,4.92,5.95,11.54,13.13,13.04,10.99,11.29,3.32,2.47,3.01,1.44,3.23,4.66,3.02,4.55,2.29,4.42,4.9,4.57,4.93,2.71,2.12,2.46,2.55,3.34,15.18,15.35,5.4,6.9,10.31,11.71,4.93,6.43,3.9,2.0,1.48,1.96,2.94,4.39,3.59
00-0041522,Jacob Rodriguez,MIA,LB,1.0,0,prior,11.7,12.92,13.73,14.96,10.67,15.93,11.8,10.2,7.93,8.07,6.36,13.49,11.85,10.31,10.99,11.29,4.09,2.63,4.36,1.56,2.75,3.53,3.9,1.25,3.49,2.77,2.63,3.72,4.17,2.71,3.24,2.57,3.03,4.26,9.65,9.76,8.99,11.04,13.11,16.08,9.42,10.92,3.01,6.45,4.95,3.77,3.25,3.1,2.45
00-0036409,Jordyn Brooks,MIA,LB,1.0,1917,measured,15.6,13.19,13.15,11.24,11.68,13.35,11.8,13.25,14.23,13.28,12.29,13.5,9.44,11.98,14.16,16.82,4.11,1.36,2.08,2.34,2.63,2.2,2.32,3.87,1.84,3.66,3.81,2.51,3.03,1.96,3.57,2.55,4.79,3.17,12.78,12.63,17.18,18.62,19.4,17.55,9.21,10.71,2.89,10.6,3.67,1.0,1.0,4.59,4.04
00-0041527,Kyle Louis,MIA,LB,2.0,0,prior,12.2,13.66,16.01,13.85,10.34,17.43,11.8,10.75,9.52,9.29,5.98,12.31,8.29,10.31,10.99,11.29,3.04,4.05,2.8,1.54,3.42,2.68,3.78,3.33,1.67,2.74,4.51,1.95,1.0,1.84,1.8,4.11,3.88,3.75,13.15,13.63,10.44,12.47,15.12,16.44,4.93,6.43,2.96,2.77,2.35,5.99,2.72,3.69,2.6
00-0038429,Liam Anderson,MIA,LB,,0,prior,9.1,12.2,13.23,12.94,9.32,13.62,11.8,8.85,2.56,4.83,7.41,6.35,8.78,13.86,10.99,11.29,3.65,4.2,3.27,3.68,2.85,1.64,3.55,2.71,2.82,1.46,4.15,3.61,3.19,2.91,2.97,3.44,1.0,3.51,8.81,9.13,5.41,6.91,9.9,11.53,7.66,9.16,3.76,2.07,4.31,3.15,3.08,2.96,3.13
00-0034779,Ronnie Harrison,MIA,LB,2.0,360,measured,11.2,11.55,12.52,12.06,9.08,13.03,11.8,12.19,9.46,6.25,12.59,8.11,9.24,5.14,16.72,6.86,4.24,2.87,3.61,2.42,4.76,2.62,3.69,5.58,4.44,2.43,2.27,2.71,3.9,4.2,4.43,3.93,2.99,3.66,15.22,15.41,8.97,11.34,11.23,11.38,8.15,9.65,3.6,5.45,1.85,3.36,3.81,3.25,2.44
00-0041526,Trey Moore,MIA,LB,2.0,0,prior,11.8,13.48,13.78,11.75,11.17,15.79,11.8,7.94,6.8,10.46,6.97,9.83,7.41,10.31,10.99,11.29,3.22,2.78,1.84,2.25,3.76,2.31,3.12,2.64,3.12,3.52,1.82,1.0,3.29,4.17,3.57,2.94,2.83,2.55,13.33,13.45,10.44,12.65,15.12,16.32,4.93,6.43,3.43,2.77,3.04,3.97,1.7,2.12,3.76
00-0036362,Willie Gay Jr.,MIA,LB,1.0,548,measured,11.9,15.05,17.48,12.53,10.67,17.73,11.8,11.01,9.05,12.23,11.58,11.97,10.27,12.64,14.85,14.16,2.9,3.39,3.67,4.64,2.86,1.67,3.7,1.93,3.5,2.86,3.5,3.16,3.47,4.9,3.05,2.76,2.44,2.77,13.02,13.87,7.54,8.46,10.29,14.24,14.57,16.06,4.16,11.4,2.43,3.47,1.02,1.0,3.04
00-0037686,Tucker Addington,MIA,LS,1.0,0,prior,12.0,10.2,11.16,10.34,9.71,12.22,9.81,12.41,12.57,11.84,8.69,12.17,9.89,14.23,10.99,11.29,2.47,3.71,2.24,2.73,2.35,1.0,1.3,4.11,3.14,2.04,3.0,2.44,4.2,2.92,2.98,4.9,4.65,3.5,2.52,3.95,3.02,1.99,2.03,1.85,4.01,1.71,2.45,2.38,1.19,5.86,3.85,4.53,1.32
00-0041530,DJ Campbell,MIA,OG,2.0,0,prior,11.4,6.53,6.67,4.38,13.25,7.29,11.8,7.41,13.05,7.34,5.79,7.88,7.53,10.31,10.99,11.29,3.32,3.81,2.73,3.62,3.72,3.39,2.62,3.94,1.97,4.08,4.79,3.17,3.49,4.28,2.16,9.48,15.71,4.58,4.41,2.19,4.19,1.01,2.33,2.44,2.0,2.96,4.44,2.12,4.07,2.98,4.21,3.03,3.35
00-0039832,Jarrett Kingston,MIA,OG,2.0,32,prior,11.1,6.4,8.0,8.65,13.09,10.93,11.8,9.03,11.7,6.66,7.48,10.58,10.35,14.76,10.99,11.29,4.04,4.61,2.93,2.41,3.91,3.07,3.48,3.31,4.29,5.4,2.17,3.08,4.63,2.58,3.93,7.5,15.5,1.0,2.16,3.16,1.0,3.99,3.78,2.36,2.89,2.47,2.19,3.91,4.56,3.53,5.01,3.8,3.2
00-0040742,Jonah Savaiinaea,MIA,OG,1.0,923,measured,14.1,7.33,7.47,5.96,13.29,8.81,11.8,9.71,12.82,15.23,10.03,11.69,10.33,13.04,10.99,11.29,2.55,2.87,4.24,2.55,1.0,3.75,2.73,3.6,3.07,4.01,2.73,1.97,1.88,3.14,3.44,16.12,15.92,4.13,3.82,1.0,1.75,3.0,1.39,4.15,2.81,1.95,1.88,1.46,3.83,5.93,2.68,3.64,2.91
00-0041521,Kadyn Proctor,MIA,OG,1.0,0,prior,11.1,3.85,6.33,4.28,13.69,11.27,11.8,6.95,12.29,8.69,8.05,13.02,11.3,10.31,10.99,11.29,3.16,2.23,3.23,2.82,2.82,3.23,4.25,2.87,4.98,2.55,1.76,1.0,2.74,2.4,3.52,13.35,10.03,3.96,4.43,4.53,2.4,3.35,3.01,1.96,2.87,3.18,4.17,2.69,2.11,4.2,3.58,4.31,4.44
00-0036248,Austin Jackson,MIA,OT,1.0,1060,measured,12.7,5.73,8.62,4.69,13.85,11.15,11.8,13.35,8.67,10.8,11.25,12.27,9.44,4.35,18.96,14.22,2.83,2.86,2.24,1.46,3.83,2.04,1.89,4.34,2.26,2.71,3.07,2.69,3.41,4.38,2.0,19.4,10.12,3.7,2.27,3.44,4.31,3.87,3.04,1.84,2.95,4.3,1.0,2.27,2.92,3.01,2.94,3.14,4.66
00-0039863,Caedan Wallace,MIA,OT,2.0,84,prior,10.8,4.67,8.33,5.43,12.44,11.3,11.8,10.69,10.96,6.34,8.68,10.11,11.45,7.09,15.16,13.91,2.85,3.55,2.8,2.17,2.56,2.06,2.67,2.92,2.88,2.99,1.0,2.14,2.98,4.85,5.4,10.76,12.03,5.58,2.7,2.66,2.57,3.63,1.5,2.47,1.0,2.98,3.09,4.93,4.52,4.53,2.03,2.87,2.49
00-0039004,Carter Warren,MIA,OT,,258,measured,10.7,4.51,6.13,4.59,12.31,8.64,11.8,10.01,10.57,9.72,8.36,10.32,10.34,7.79,14.52,6.0,3.64,2.22,2.23,3.38,2.71,2.71,2.7,2.14,3.94,2.38,2.7,2.7,3.52,2.0,2.12,12.4,11.37,3.88,3.75,4.18,2.84,3.04,5.0,3.12,1.75,4.55,2.72,2.2,2.36,2.89,2.84,1.96,3.77
00-0039174,Chukwuebuka Godrick,MIA,OT,3.0,177,measured,10.8,5.43,7.42,7.01,12.68,9.87,11.8,10.01,5.55,5.8,7.9,15.14,5.08,13.04,10.99,11.29,3.26,3.32,4.08,2.59,2.79,2.99,1.3,3.69,4.09,2.93,4.44,2.72,2.25,2.2,2.86,11.49,11.4,2.31,3.93,3.0,3.01,1.94,3.99,1.0,3.54,2.13,3.31,3.74,1.42,2.8,3.45,2.42,3.36
00-0039262,Gottlieb Ayedze,MIA,OT,,0,prior,11.9,6.53,8.27,5.98,12.89,8.25,11.8,9.71,9.83,5.12,6.76,18.69,7.34,10.31,10.99,11.29,3.06,1.31,3.29,2.88,2.23,1.85,2.43,1.97,4.12,6.14,3.22,3.41,2.52,4.5,2.27,10.24,15.33,3.6,4.77,3.02,4.91,2.05,2.45,3.54,1.53,3.57,2.89,2.33,3.27,1.84,2.5,1.49,3.0
00-0039899,Patrick Paul,MIA,OT,1.0,1125,measured,9.6,4.93,6.19,5.69,11.45,8.77,11.8,7.94,8.96,7.02,7.41,14.13,7.89,14.76,10.99,11.29,3.72,3.18,1.39,2.47,2.07,2.27,3.34,3.07,2.93,1.95,3.63,3.07,4.31,3.58,3.14,9.27,11.08,1.62,2.69,2.53,2.48,1.0,2.46,3.75,2.94,2.87,3.04,3.57,2.3,4.47,3.18,4.93,4.29
00-0032065,Bradley Pinion,MIA,P,1.0,79,measured,14.1,2.77,6.57,8.44,10.13,10.86,11.57,12.26,11.32,8.61,12.79,17.61,13.55,17.99,10.99,14.41,4.72,4.95,1.64,3.29,2.54,2.66,2.66,1.05,2.46,2.35,4.39,2.13,4.39,2.11,3.75,1.88,4.36,1.7,3.53,2.04,2.28,3.68,2.46,4.57,1.62,2.36,1.8,1.52,4.04,1.67,9.8,18.34,1.09
00-0040398,Brady Cook,MIA,QB,3.0,279,measured,6.0,12.56,15.26,14.28,10.08,16.25,11.8,6.28,5.83,5.0,10.96,11.37,11.42,13.04,10.99,11.29,5.11,4.65,6.51,8.61,4.94,5.39,4.65,7.39,3.58,1.51,3.76,2.7,2.93,1.74,1.03,3.94,3.27,5.16,2.48,2.88,3.46,3.99,3.16,1.85,3.61,2.31,4.64,2.91,3.09,2.99,1.0,2.71,3.56
00-0040014,Kyle McCord,MIA,QB,2.0,0,prior,8.1,9.78,10.23,11.99,10.08,11.08,11.8,8.38,8.63,7.73,8.54,11.12,14.47,10.31,10.99,11.29,4.57,7.65,9.35,7.67,6.97,8.16,9.46,7.69,4.14,1.0,3.72,4.59,1.9,2.64,2.85,2.61,4.12,3.76,1.24,2.03,2.55,1.0,1.53,2.32,6.04,3.54,3.78,3.35,1.8,2.81,3.53,3.08,1.49
00-0038128,Malik Willis,MIA,QB,1.0,234,measured,13.5,9.26,9.87,12.25,10.08,11.1,11.8,15.21,14.41,15.54,10.75,15.17,13.82,16.96,10.99,7.51,5.27,14.88,13.79,17.32,10.75,7.84,18.42,14.94,3.83,1.0,3.92,5.01,3.12,3.05,2.69,3.92,3.97,3.16,4.93,3.14,1.0,2.89,3.53,2.22,3.72,1.54,2.58,2.97,3.53,3.02,2.87,1.0,3.42
00-0038930,Carlos Washington,MIA,RB,,0,prior,7.8,14.0,14.33,13.18,8.7,13.93,11.8,9.15,5.38,3.78,5.56,7.91,13.17,14.76,10.99,11.29,2.46,2.96,2.54,2.95,1.59,2.38,1.06,5.86,5.28,5.23,5.28,4.1,3.8,3.69,5.0,1.0,5.99,1.0,4.17,2.91,2.66,4.42,2.13,3.3,2.85,3.37,2.28,5.04,2.98,3.98,3.0,2.25,15.72
00-0039040,De'Von Achane,MIA,RB,1.0,1233,measured,15.0,18.47,16.46,14.36,7.72,13.0,11.8,13.09,11.64,17.4,7.08,11.92,8.39,14.31,15.38,14.69,3.0,4.07,2.91,3.96,4.53,2.39,3.41,13.38,15.34,17.08,12.05,13.94,2.3,14.93,13.76,13.0,11.78,14.0,1.83,2.71,3.91,2.28,5.61,2.43,3.11,1.35,1.25,1.92,2.38,3.6,2.93,2.5,11.4
00-0040692,Jarquez Hunter,MIA,RB,,0,prior,8.4,15.7,14.96,13.28,10.67,13.2,11.8,6.16,6.16,8.07,4.96,15.25,6.67,13.04,10.99,11.29,3.26,4.43,4.37,2.94,3.21,4.12,2.43,9.22,5.23,5.28,5.23,3.74,4.58,4.47,6.65,1.0,6.96,1.0,1.89,4.12,3.06,4.24,2.0,1.77,2.31,2.13,3.51,2.66,2.69,2.68,3.25,3.34,17.64
00-0039874,Jaylen Wright,MIA,RB,2.0,222,measured,11.0,17.09,18.66,13.6,8.4,17.24,11.8,10.57,9.81,11.11,6.03,10.29,15.45,7.25,6.65,11.29,1.5,1.46,2.99,3.42,3.18,1.0,1.39,11.41,8.76,9.78,7.92,4.36,3.01,7.52,7.46,1.2,7.42,2.2,3.05,1.97,2.63,2.09,3.9,2.66,2.17,2.98,3.73,3.86,1.6,2.64,1.67,3.48,14.88
00-0040198,Ollie Gordon II,MIA,RB,3.0,205,measured,10.7,12.18,13.09,11.95,9.59,13.63,11.8,9.1,8.44,10.61,8.75,5.42,10.55,13.04,10.99,15.41,2.64,4.57,3.23,3.56,3.28,4.11,2.82,16.29,9.85,8.09,8.03,12.27,3.8,2.43,2.56,3.18,6.38,4.18,3.12,1.79,2.88,3.26,1.94,2.98,5.14,3.72,3.3,3.21,3.53,2.08,3.15,1.58,11.99
00-0040182,Dante Trader Jr.,MIA,S,1.0,388,measured,11.0,13.57,13.08,12.46,6.0,11.45,11.8,9.34,10.69,9.35,8.02,14.24,6.59,13.04,10.99,11.29,3.69,1.53,5.12,3.15,2.83,4.35,4.53,1.83,2.24,2.63,2.91,3.56,2.71,3.72,3.32,3.22,3.01,2.6,3.07,4.23,4.11,14.52,14.73,13.3,7.95,8.95,8.66,7.33,4.23,3.26,1.89,4.25,9.8
00-0039383,Jaylin Simpson,MIA,S,,59,prior,8.8,15.47,17.63,13.37,6.07,17.8,11.8,7.87,6.07,5.67,6.1,7.43,8.17,14.76,10.99,11.29,2.97,4.43,1.84,4.54,2.88,4.61,1.0,4.62,2.99,3.49,1.52,2.5,1.0,4.15,3.86,3.43,3.56,1.87,2.75,2.42,3.63,8.71,9.39,13.38,5.12,6.12,8.68,6.32,2.41,3.24,1.99,3.05,9.8
00-0039532,Julius Wood,MIA,S,3.0,3,prior,7.9,13.88,14.86,13.86,7.78,14.68,11.8,9.11,3.83,3.43,7.02,14.08,14.54,12.42,10.99,11.29,2.04,3.02,1.4,3.14,1.82,4.38,4.18,2.56,2.65,3.96,4.9,3.83,3.89,2.77,2.7,2.71,1.0,2.47,2.37,2.46,3.58,8.69,6.59,9.84,4.9,5.9,9.19,5.9,2.67,3.27,3.13,3.41,9.8
00-0040268,Major Burns,MIA,S,,0,prior,7.8,13.83,15.1,13.72,8.26,15.11,11.8,8.72,3.63,3.93,4.98,13.61,8.88,10.31,10.99,11.29,4.17,1.8,2.28,1.0,3.26,5.24,2.62,3.26,3.71,1.64,2.15,2.81,2.25,2.44,4.25,2.64,3.89,3.58,3.29,2.42,1.4,8.92,6.36,9.8,4.88,5.88,9.34,5.88,2.74,3.15,2.84,2.86,9.8
00-0041528,Michael Taaffe,MIA,S,1.0,0,prior,10.3,14.31,14.85,13.82,6.94,14.13,11.8,8.62,7.29,7.54,6.73,12.66,10.53,10.31,10.99,11.29,2.95,1.59,4.18,1.74,3.14,2.47,3.14,3.28,1.88,3.61,1.52,2.22,3.0,2.86,1.56,3.56,5.56,3.73,3.42,1.68,2.35,13.18,10.98,12.15,7.96,8.96,8.94,7.39,4.27,2.65,3.52,2.72,9.8
00-0036677,Zayne Anderson,MIA,S,2.0,101,measured,9.0,13.26,14.5,13.27,8.33,14.67,11.8,10.95,8.59,4.53,10.0,8.41,8.08,12.26,7.1,4.24,3.26,1.2,2.86,4.25,4.7,1.62,2.69,2.77,4.09,2.03,3.25,2.85,2.8,2.53,4.92,3.77,4.14,3.56,5.78,2.52,3.14,12.3,9.37,10.36,5.57,6.57,9.36,6.23,4.49,3.91,2.1,2.1,9.8
00-0037078,Cole Turner,MIA,TE,5.0,58,prior,9.0,9.87,11.93,12.06,8.5,9.8,11.8,10.35,6.01,5.97,7.37,3.79,15.83,12.28,13.97,7.62,4.49,3.18,3.93,1.26,3.11,2.57,3.99,9.64,3.53,3.83,6.49,16.32,5.99,5.9,4.35,8.64,9.9,6.48,2.29,1.0,3.01,3.72,1.27,1.2,2.96,4.46,4.71,2.45,3.0,3.61,2.6,2.79,3.11
00-0037252,Greg Dulcich,MIA,TE,1.0,335,measured,12.2,10.92,12.95,12.42,8.0,13.7,11.8,12.03,10.3,9.21,10.74,3.23,9.96,7.23,13.7,14.41,4.21,4.92,3.43,5.04,2.34,3.89,3.73,8.97,2.64,13.66,16.32,16.69,7.56,12.96,8.63,12.79,11.4,10.63,3.29,3.21,3.55,1.85,1.87,1.62,1.9,4.51,3.1,2.04,1.94,2.17,1.94,1.49,2.77
00-0041077,Justin Joly,MIA,TE,4.0,0,prior,9.1,11.73,12.92,12.27,9.18,13.88,11.8,7.06,7.2,6.21,6.68,15.56,8.44,10.31,10.99,11.29,1.77,3.76,2.95,2.7,3.62,3.94,2.22,9.64,2.94,6.75,9.41,8.54,8.55,8.25,7.92,9.88,8.84,7.72,3.21,3.76,2.48,3.73,2.91,3.29,1.63,3.19,3.61,2.86,3.35,3.56,2.69,4.54,4.18
00-0041579,Seydou Traore,MIA,TE,3.0,0,prior,9.1,11.51,12.75,12.31,9.02,13.76,11.8,4.65,8.3,6.44,5.78,7.9,11.8,10.31,10.99,11.29,2.66,4.01,4.48,3.97,1.44,1.8,5.56,8.72,3.17,6.81,9.46,8.42,8.55,8.24,7.92,9.91,8.84,7.75,3.75,3.77,1.09,1.76,2.18,1.78,2.06,2.63,3.02,2.94,5.04,2.87,1.0,3.3,3.51
00-0040094,Tre Watson,MIA,TE,,0,prior,9.4,10.85,12.17,12.01,9.53,13.27,11.8,6.89,8.63,8.48,5.66,10.19,6.76,10.31,10.99,11.29,3.3,4.0,2.61,3.76,2.13,1.52,4.77,6.43,4.28,2.05,4.7,19.4,5.68,4.19,4.19,8.8,11.85,6.64,2.02,3.67,2.72,2.58,3.24,3.85,1.0,4.21,2.97,3.01,2.54,1.99,1.54,3.11,2.12
00-0041524,Will Kacmarek,MIA,TE,2.0,0,prior,10.1,10.15,11.83,11.6,10.46,14.36,11.8,7.31,8.84,5.71,7.14,10.77,9.46,10.31,10.99,11.29,3.01,2.38,2.23,2.37,2.68,1.47,4.39,12.25,2.45,12.23,14.89,8.08,7.24,8.55,8.49,12.52,10.15,10.36,1.99,2.63,3.21,1.87,1.9,2.46,1.0,2.78,3.54,4.03,1.88,1.23,2.84,4.24,2.8
00-0041523,Caleb Douglas,MIA,WR,1.0,0,prior,12.5,16.86,17.06,14.27,6.43,13.06,11.8,10.25,10.82,10.46,4.15,6.68,11.55,10.31,10.99,11.29,2.91,1.97,1.0,3.32,3.78,1.25,3.29,15.99,11.08,12.39,11.31,12.67,7.54,10.94,9.64,2.52,2.82,2.49,3.31,2.04,4.76,2.33,3.96,3.68,4.2,3.34,2.72,1.22,2.59,2.78,4.59,3.77,13.0
00-0041525,Chris Bell,MIA,WR,2.0,0,prior,9.4,13.41,14.6,12.72,8.43,15.23,11.8,9.17,8.25,7.37,6.25,8.85,10.37,10.31,10.99,11.29,3.58,3.65,3.62,3.69,3.46,3.17,2.6,13.06,5.65,7.22,6.14,8.19,5.96,7.65,7.84,1.89,3.47,3.55,5.7,3.52,1.48,2.38,2.96,4.31,1.0,4.02,2.42,3.29,1.09,3.89,3.47,3.66,14.21
00-0036387,Jalen Reagor,MIA,WR,,219,measured,7.9,15.01,17.55,10.04,8.5,18.97,11.8,9.7,11.63,8.55,10.82,13.13,9.44,5.98,15.09,11.29,4.85,2.21,2.96,2.13,1.54,2.26,2.49,7.07,5.53,7.25,6.18,5.73,3.96,4.53,4.88,2.57,3.84,1.66,2.75,3.58,2.02,2.55,1.97,3.11,2.85,3.07,1.14,2.94,2.89,3.65,4.04,2.1,11.95
00-0037666,Jalen Tolbert,MIA,WR,1.0,1202,measured,11.3,14.54,15.08,13.04,6.64,14.91,11.8,11.75,9.78,11.38,9.51,9.78,11.22,16.96,10.99,16.1,4.1,2.22,4.07,3.03,3.35,3.08,3.0,14.36,6.01,7.8,6.73,12.8,12.7,7.58,7.88,3.25,2.75,4.29,3.52,2.31,3.2,4.29,2.98,3.18,2.09,2.85,1.0,2.98,2.4,1.34,1.0,4.46,9.89
00-0041529,Kevin Coleman Jr.,MIA,WR,2.0,0,prior,10.0,14.54,15.82,13.99,6.54,16.62,11.8,9.16,10.6,6.85,3.82,6.53,11.4,10.31,10.99,11.29,1.0,2.84,1.81,4.36,3.51,3.68,1.49,12.39,5.54,7.26,6.19,9.14,6.55,7.49,7.57,3.18,2.39,3.25,3.94,1.0,2.57,3.47,2.16,3.99,3.37,3.56,3.88,2.16,3.13,3.02,2.84,2.62,15.07
00-0039880,Malik Washington,MIA,WR,1.0,796,measured,13.5,15.01,16.07,12.77,9.5,18.35,11.8,11.74,14.33,9.44,9.0,10.9,9.65,12.23,5.57,14.86,4.1,3.65,2.9,2.97,4.09,1.15,3.34,11.69,6.93,11.19,10.12,14.37,11.36,12.67,13.44,2.06,2.63,1.0,3.36,3.51,2.91,1.84,2.71,2.44,3.59,1.82,3.4,1.57,2.51,1.4,3.14,3.84,15.65
00-0038824,Ryan Miller,MIA,WR,2.0,291,measured,9.5,13.69,14.78,13.05,7.99,15.18,11.8,9.59,5.23,9.11,8.41,8.32,10.37,15.84,10.99,11.29,2.8,2.47,1.17,1.0,1.41,2.09,4.57,10.1,6.35,10.81,9.74,8.47,7.36,6.77,6.21,4.12,3.73,2.39,3.46,2.92,1.0,1.93,4.1,3.48,4.66,4.05,2.1,3.88,5.06,4.74,2.45,2.88,15.18
00-0040753,Will Sheppard,MIA,WR,,0,prior,9.7,14.86,15.61,14.48,6.1,14.99,11.8,9.89,11.24,11.8,7.56,9.5,12.98,10.31,10.99,11.29,3.49,3.5,4.56,2.88,2.74,4.16,2.69,11.77,10.15,16.06,14.98,13.55,3.6,3.59,3.59,4.45,2.98,3.95,2.66,3.29,2.93,3.71,3.68,3.1,2.4,4.37,1.99,3.61,4.37,2.82,1.85,3.81,10.27
00-0036347,Blake Brandel,MIN,C,1.0,1328,measured,13.0,2.07,4.38,4.57,12.56,6.54,11.8,11.39,10.18,11.92,10.86,14.12,4.98,17.99,10.99,11.29,2.2,3.24,2.58,4.38,3.06,2.95,2.09,3.7,2.3,2.51,1.54,1.08,3.31,3.57,3.46,14.49,15.33,3.27,3.52,2.47,1.23,3.03,4.41,3.93,3.01,3.0,3.18,3.36,1.0,2.83,3.1,2.81,2.92
00-0039419,Michael Jurgens,MIN,C,3.0,277,measured,11.8,4.4,5.85,6.43,13.46,8.44,11.8,10.73,6.42,10.62,7.41,10.86,13.62,12.29,16.22,15.41,2.5,5.11,2.14,4.92,3.21,2.38,4.0,4.05,3.39,4.43,3.17,2.23,3.74,1.0,3.24,12.56,12.53,2.32,3.05,1.49,3.51,4.09,2.81,2.37,3.66,3.14,3.89,2.54,3.61,2.69,2.7,2.76,2.59
00-0039237,Nick Samac,MIN,C,2.0,0,prior,9.5,4.21,5.52,6.12,13.58,8.24,11.8,8.06,6.44,4.86,5.83,10.33,13.98,13.04,10.99,11.29,4.92,2.77,3.0,1.99,3.08,3.19,1.6,3.78,2.4,2.27,3.49,3.77,3.53,2.82,2.36,11.44,7.36,5.29,2.06,3.12,1.0,3.62,2.74,3.34,2.73,4.0,2.06,1.83,2.16,1.0,4.4,1.74,4.0
00-0040962,Bryce Phillips,MIN,CB,,0,prior,8.5,15.06,15.77,13.78,6.98,15.35,11.8,8.86,7.6,6.32,4.02,11.62,9.97,10.31,10.99,11.29,2.34,4.4,3.14,2.0,2.48,3.77,3.2,3.94,2.58,3.8,2.06,2.79,1.64,2.97,1.89,3.15,1.63,2.87,1.95,5.28,3.8,7.37,11.98,14.62,4.56,4.56,9.94,3.77,1.0,2.42,2.48,3.04,6.16
00-0035236,Byron Murphy,MIN,CB,1.0,2052,measured,14.5,13.09,13.46,13.53,7.0,14.64,11.8,13.82,10.92,13.01,12.2,5.21,10.21,12.2,5.12,14.63,3.29,4.58,3.89,2.35,4.78,2.83,1.41,3.23,3.9,3.25,2.82,2.29,3.25,1.75,3.7,3.36,3.8,2.67,4.39,4.3,1.08,4.78,6.55,10.23,16.94,16.8,9.94,16.38,2.13,3.87,2.04,1.76,7.63
00-0041083,Charles Demmings,MIN,CB,1.0,0,prior,12.5,16.39,17.96,13.96,6.61,18.78,11.8,10.25,13.35,10.05,10.25,9.42,6.98,10.31,10.99,11.29,2.38,4.59,1.0,2.3,3.04,2.21,2.23,2.1,2.61,1.66,1.85,2.23,3.59,2.49,3.31,2.96,3.61,3.18,3.76,1.58,4.34,9.38,12.06,14.76,11.44,11.44,9.82,9.57,2.34,2.89,5.73,4.91,13.96
00-0041341,Da'Veawn Armstead,MIN,CB,,0,prior,8.5,15.09,15.65,14.14,6.04,14.72,11.8,9.33,9.51,8.23,4.97,6.91,6.42,10.31,10.99,11.29,3.55,5.54,1.82,3.29,3.64,3.09,4.16,2.59,3.33,1.14,2.98,1.55,2.86,3.66,1.32,1.76,1.34,2.79,2.57,3.39,2.07,7.37,11.98,14.63,4.56,4.56,9.65,3.77,3.74,3.19,1.73,2.28,6.16
00-0036222,Isaiah Rodgers,MIN,CB,,1123,measured,9.8,14.84,15.24,13.56,6.64,14.54,11.8,11.89,10.45,8.11,7.83,14.86,9.56,14.13,14.9,7.23,3.98,1.88,2.61,2.1,3.48,2.53,3.65,3.75,3.91,5.16,1.32,2.55,2.66,2.93,2.12,2.07,1.68,5.17,3.46,1.89,1.86,4.68,6.24,11.87,8.14,8.14,9.83,4.93,3.16,2.68,2.77,2.95,5.27
00-0035795,James Pierre,MIN,CB,1.0,486,measured,13.2,11.91,13.34,12.95,5.9,13.07,11.8,13.0,13.33,12.39,9.65,11.45,11.97,12.48,5.44,16.21,3.92,5.77,4.74,2.57,4.94,1.77,4.49,4.18,3.11,3.09,1.73,1.94,2.09,3.0,3.4,3.28,3.55,2.88,3.3,4.03,4.58,4.24,7.91,11.84,14.84,14.84,9.61,14.16,2.76,1.91,2.28,2.92,7.46
00-0041344,Tyreek Chappell,MIN,CB,2.0,0,prior,9.8,15.07,15.52,13.9,6.38,14.67,11.8,9.26,9.3,10.25,6.68,11.95,10.76,10.31,10.99,11.29,2.22,4.2,1.23,2.66,2.93,5.63,3.4,2.31,4.33,2.07,2.0,2.03,2.61,1.0,3.07,2.76,2.97,3.22,2.51,2.97,1.3,8.74,12.05,14.97,7.05,7.05,9.76,6.06,3.43,3.67,2.11,2.46,18.3
00-0040507,Zemaiah Vaughn,MIN,CB,2.0,0,prior,10.9,15.12,15.71,14.49,5.36,14.47,11.8,10.33,9.96,9.79,7.12,11.99,7.68,13.04,10.99,11.29,2.27,4.02,3.67,2.06,4.04,4.02,2.85,3.27,3.37,4.1,2.98,2.31,2.11,3.15,3.8,2.86,2.91,3.75,3.56,1.38,2.18,10.91,13.04,16.96,9.15,9.15,9.45,6.72,3.85,2.92,3.27,3.53,14.74
00-0041033,Caleb Banks,MIN,DT,1.0,0,prior,12.8,6.13,8.57,5.25,12.68,11.7,11.8,10.39,9.56,12.69,6.37,18.24,10.51,10.31,10.99,11.29,4.8,6.19,4.31,4.1,3.95,2.75,2.86,3.35,1.24,2.01,3.3,3.46,3.94,3.66,3.16,2.91,3.54,3.18,14.3,13.06,14.38,12.88,9.7,8.74,2.58,3.73,2.8,2.82,3.61,4.62,3.26,4.22,3.58
00-0041046,Domonique Orange,MIN,DT,2.0,0,prior,9.4,5.16,6.09,4.59,14.39,8.31,11.8,9.11,9.15,5.91,6.22,9.44,16.07,10.31,10.99,11.29,2.92,3.71,3.76,4.79,2.98,1.02,5.85,3.07,3.48,4.34,1.83,2.41,2.43,4.24,3.22,1.0,2.99,4.13,9.84,7.66,8.44,8.52,8.38,7.51,1.43,2.74,3.54,2.41,2.4,3.63,2.46,1.53,1.46
00-0040624,Elijah Williams,MIN,DT,3.0,39,prior,7.8,6.74,8.06,7.21,13.17,10.26,11.8,6.69,3.85,4.36,6.6,8.84,15.46,5.3,16.22,11.29,4.04,5.03,3.86,2.98,2.4,3.45,2.61,4.64,2.65,3.68,2.89,4.09,3.51,2.02,4.77,3.3,2.59,1.84,7.27,6.07,7.06,6.15,5.59,11.96,3.9,2.61,3.16,1.81,1.67,4.43,1.86,3.35,4.22
00-0040572,Jahvaree Ritzie,MIN,DT,,0,prior,6.6,7.23,9.12,8.25,13.39,13.34,11.8,6.68,2.81,5.03,7.42,18.1,3.79,10.31,10.99,11.29,4.42,2.59,4.37,2.8,2.19,3.95,1.74,4.14,3.26,3.11,1.84,4.27,3.82,1.12,2.43,2.28,2.31,4.63,4.97,3.86,5.41,5.16,4.16,13.04,2.61,1.02,2.52,1.98,2.08,3.27,2.0,3.29,2.68
00-0038778,Jalen Redmond,MIN,DT,1.0,873,measured,15.2,9.2,10.6,9.77,13.85,13.08,11.8,11.67,9.5,15.97,9.89,10.37,12.74,11.92,14.74,15.41,3.6,2.68,3.49,4.75,4.28,3.69,2.35,2.38,1.64,2.51,3.42,2.55,1.69,1.95,2.5,3.72,3.31,1.82,15.61,15.03,16.74,16.43,15.0,6.15,3.58,2.62,2.02,3.34,2.0,1.35,3.04,1.82,1.34
00-0039421,Levi Drake Rodriguez,MIN,DT,1.0,433,measured,13.3,6.18,7.28,6.06,13.92,9.42,11.8,11.41,15.02,10.63,7.24,10.01,12.55,13.77,15.57,11.29,3.52,2.39,3.29,3.71,5.57,2.2,3.3,3.0,2.33,3.19,2.2,1.78,3.82,2.06,1.83,3.22,2.65,4.01,12.91,11.25,15.21,14.25,13.92,7.32,5.1,5.83,3.33,2.91,3.32,3.91,2.3,2.27,3.65
00-0036695,Naquan Jones,MIN,DT,,418,measured,9.4,1.0,2.89,4.47,10.0,5.58,11.8,10.7,6.23,7.78,9.21,11.96,10.99,15.24,14.16,14.53,4.36,3.95,5.12,2.37,1.64,2.92,3.23,1.91,2.62,1.0,1.23,3.24,3.67,3.53,3.73,4.44,4.88,3.06,10.54,8.43,9.59,9.85,12.31,7.62,3.19,2.53,3.44,1.13,4.69,3.69,3.24,3.67,1.9
00-0039720,Taki Taimani,MIN,DT,3.0,77,prior,8.2,5.07,5.86,4.13,14.93,8.14,11.8,8.56,6.09,6.05,6.87,9.08,12.75,7.25,15.16,11.29,2.36,2.59,4.41,2.68,2.29,3.46,1.2,3.79,3.67,2.4,2.3,3.24,2.85,4.52,3.65,3.33,3.4,2.76,8.46,6.06,8.15,6.22,4.43,10.57,3.23,1.12,3.6,3.19,3.81,2.79,2.9,2.41,2.96
00-0040173,Tyrion Ingram-Dawkins,MIN,DT,2.0,235,measured,8.3,8.53,12.26,11.07,11.96,15.05,11.8,9.04,5.4,8.65,5.92,6.91,9.59,13.04,10.99,5.58,2.68,3.0,1.64,3.47,2.79,4.45,1.81,2.33,2.49,1.02,1.58,1.68,3.02,2.39,2.23,4.09,1.0,2.28,8.02,7.87,7.86,6.27,4.95,8.73,2.44,1.0,3.34,2.71,1.88,2.48,3.65,2.05,2.81
00-0035272,Andrew Van Ginkel,MIN,EDGE,1.0,1444,measured,14.2,10.54,12.46,14.54,8.5,15.11,11.8,13.03,10.17,10.82,11.97,15.71,8.48,11.84,6.83,18.74,3.98,3.86,3.68,2.85,4.13,1.57,2.69,2.58,3.53,2.15,1.97,3.53,2.21,2.97,1.59,1.52,3.91,2.75,14.7,15.58,16.78,15.61,15.82,14.54,5.8,6.8,2.18,4.27,1.0,3.74,2.69,4.78,3.7
00-0039718,Bo Richter,MIN,EDGE,2.0,69,prior,7.7,11.23,12.35,11.41,11.64,13.31,11.8,9.84,9.01,1.59,6.3,6.06,8.2,14.76,10.99,11.29,3.52,4.53,1.4,2.01,4.4,2.3,2.95,2.84,2.97,3.01,2.98,2.18,4.25,2.07,3.64,3.76,1.88,3.37,5.38,5.4,6.57,8.34,6.32,13.07,5.8,6.8,2.95,1.69,3.13,1.23,2.27,2.32,1.0
00-0040496,Chaz Chambliss,MIN,EDGE,2.0,21,prior,7.3,11.59,12.79,11.94,11.43,13.66,11.8,9.83,3.53,4.64,8.76,5.06,10.25,13.04,10.99,11.29,4.17,3.91,1.6,2.22,3.88,3.21,3.64,2.12,3.72,1.86,3.01,2.09,2.39,1.37,2.08,3.47,3.83,4.37,5.1,5.31,5.55,6.29,4.62,12.83,5.8,6.8,3.76,2.92,2.43,3.93,2.59,3.14,3.3
00-0039924,Dallas Turner,MIN,EDGE,1.0,858,measured,12.2,15.24,16.44,12.14,10.99,17.63,11.8,9.59,8.65,10.38,7.22,11.33,11.17,14.01,15.02,11.29,1.0,4.55,3.59,3.26,4.21,4.37,2.69,2.46,3.15,3.52,3.26,2.8,3.94,2.94,3.59,3.83,2.97,3.03,11.67,13.31,9.45,8.73,12.15,15.01,5.8,6.8,2.72,3.09,2.98,3.5,2.57,2.76,2.0
00-0033046,Jihad Ward,MIN,EDGE,,1244,measured,9.3,3.68,5.88,7.23,10.0,5.78,11.8,13.55,7.47,7.79,10.61,12.33,15.24,17.99,10.99,7.97,2.94,4.09,4.17,2.96,3.88,4.32,2.73,3.21,1.62,3.04,1.86,3.59,4.32,2.13,2.83,2.11,3.37,4.65,14.36,12.3,8.7,5.43,4.36,5.62,5.8,6.8,4.54,1.58,2.31,2.77,1.59,2.43,3.59
00-0031360,Kyle Van Noy,MIN,EDGE,,1060,measured,12.3,8.01,7.7,10.32,10.67,9.4,11.8,13.76,7.64,16.98,11.78,10.85,12.94,12.33,17.43,7.84,3.08,3.58,3.72,4.03,1.9,2.65,2.54,3.47,1.35,1.33,3.44,2.48,5.6,3.67,2.31,4.82,3.68,3.11,14.03,13.26,14.94,15.14,8.43,10.41,5.8,6.8,2.42,3.83,2.92,3.79,2.67,1.55,3.68
00-0040492,Tyler Batty,MIN,EDGE,3.0,40,prior,7.1,9.6,11.8,10.11,13.85,13.42,11.8,7.31,3.58,4.77,7.43,8.9,14.65,13.04,10.99,7.51,2.9,1.73,2.8,3.99,1.31,3.28,1.98,1.93,1.77,2.63,1.82,4.15,1.68,2.18,3.62,1.0,3.51,3.47,5.74,4.41,5.52,6.3,4.73,12.84,5.8,6.8,3.03,3.95,3.64,1.8,1.99,3.16,3.19
00-0041081,Max Bredeson,MIN,FB,1.0,0,prior,13.0,10.24,11.43,10.3,9.89,12.53,11.8,8.57,9.17,8.43,7.51,7.37,13.7,10.31,10.99,11.29,2.5,3.38,2.71,2.8,2.57,2.52,3.48,8.16,3.06,8.38,14.15,10.51,3.51,4.61,1.58,14.62,6.95,15.62,4.99,1.51,2.14,3.89,1.75,1.0,2.37,1.97,2.09,3.47,1.56,4.2,2.86,2.0,1.91
00-0039404,Will Reichard,MIN,K,1.0,56,measured,13.4,10.24,11.42,10.24,9.88,12.53,11.76,11.41,8.7,13.15,10.24,16.96,12.75,14.76,10.99,14.86,2.56,3.59,2.68,2.36,5.04,3.0,3.12,1.92,2.63,1.97,2.5,3.26,3.61,3.64,1.79,2.48,4.2,3.74,2.7,1.0,2.67,3.94,1.72,1.55,4.12,2.78,2.87,2.09,14.97,11.73,2.78,3.82,2.4
00-0041431,Bangally Kamara,MIN,LB,,0,prior,12.1,12.14,13.07,12.44,10.1,13.67,11.8,10.41,8.49,10.86,5.46,12.21,9.72,10.31,10.99,11.29,3.78,2.74,3.98,4.05,3.36,2.58,2.94,3.15,2.21,2.03,1.0,4.65,3.7,1.86,1.0,1.91,2.13,2.46,5.21,5.24,14.45,14.22,14.51,15.84,7.25,8.75,3.66,5.43,3.5,2.98,3.54,2.57,4.41
00-0035276,Blake Cashman,MIN,LB,1.0,1604,measured,17.0,13.56,14.4,14.51,9.0,15.27,11.8,12.36,16.08,13.32,12.1,13.35,9.17,7.65,5.67,15.88,2.2,2.67,3.75,1.27,4.69,1.0,2.69,3.21,2.81,2.24,4.44,1.0,4.0,4.35,4.3,3.24,3.12,3.33,12.51,13.43,17.02,19.08,18.67,19.96,16.86,18.01,2.72,11.26,3.87,4.01,3.57,3.7,3.31
00-0033336,Eric Wilson,MIN,LB,1.0,1316,measured,14.2,10.63,11.38,10.77,10.22,12.25,11.8,13.36,9.5,10.47,11.84,14.18,11.97,17.99,10.99,11.29,4.19,3.25,3.72,3.94,3.53,3.25,3.17,4.43,1.01,3.63,2.9,3.43,4.16,2.54,3.24,1.37,2.83,3.28,18.19,17.65,15.09,14.31,10.9,12.88,18.87,19.4,2.74,8.6,3.03,2.55,2.02,3.18,2.84
00-0038807,Ivan Pace Jr.,MIN,LB,2.0,865,measured,14.1,11.82,12.13,10.7,12.25,13.14,11.8,11.51,7.05,9.81,8.26,11.82,13.94,8.52,7.41,17.19,2.1,3.63,2.56,2.68,3.48,2.57,3.3,4.66,3.42,1.0,1.79,1.47,2.23,2.38,4.06,2.56,5.07,2.73,18.95,18.11,10.3,15.46,19.4,14.62,8.03,9.53,3.61,4.7,3.95,1.53,2.89,3.94,2.62
00-0040786,Jacob Roberts,MIN,LB,,0,prior,12.1,12.13,13.04,12.44,9.95,13.6,11.8,9.69,10.31,8.6,4.41,8.19,13.07,10.31,10.99,11.29,3.79,3.88,3.01,2.07,2.77,3.81,4.61,4.03,1.71,3.02,2.68,3.06,4.43,3.42,3.27,1.42,4.61,2.77,5.18,5.27,14.45,14.22,14.51,15.83,7.25,8.75,2.43,5.43,3.26,2.29,2.54,2.31,3.17
00-0041495,Jake Golday,MIN,LB,2.0,0,prior,11.8,12.0,14.22,12.86,9.5,16.7,11.8,9.36,8.03,7.83,6.48,9.08,10.87,10.31,10.99,11.29,3.48,2.73,3.76,3.6,3.96,2.68,2.59,3.44,3.95,4.39,1.0,1.93,1.0,3.87,3.16,2.55,4.26,2.27,12.76,12.96,11.57,12.78,15.12,15.63,4.4,5.9,3.41,2.89,4.3,3.65,2.47,4.35,3.7
00-0033872,Jamal Adams,MIN,LB,3.0,647,measured,11.2,12.17,12.58,14.17,9.0,11.38,11.8,12.21,10.96,5.58,12.38,6.68,17.72,4.38,14.49,6.22,2.07,2.92,2.05,2.77,4.53,3.22,3.84,2.28,1.68,3.06,4.87,3.81,3.22,3.22,2.32,2.53,2.27,3.09,4.94,5.37,16.44,12.81,10.24,11.49,8.84,10.34,2.93,6.74,4.92,3.85,3.7,3.02,3.65
00-0029714,Andrew DePaola,MIN,LS,1.0,1,prior,10.1,6.71,7.67,7.35,9.71,9.25,13.98,12.43,8.88,12.74,16.12,6.99,10.44,17.99,10.99,14.86,3.53,4.03,4.24,4.42,5.3,3.79,1.95,4.01,2.71,3.54,2.06,3.75,1.62,1.98,3.44,1.95,3.74,3.44,3.03,3.63,3.11,3.2,1.86,1.58,1.43,1.65,3.35,2.93,3.22,3.87,2.7,1.03,2.57
00-0040661,Donovan Jackson,MIN,OG,1.0,727,measured,13.4,4.17,5.68,4.82,13.28,8.63,11.8,10.45,10.78,9.67,7.31,10.42,11.82,8.04,7.52,15.41,4.82,2.73,2.38,1.76,3.54,2.39,2.78,1.96,2.76,2.24,3.14,1.81,2.88,4.49,4.44,15.99,14.09,2.54,3.94,2.06,3.43,1.48,2.3,3.81,2.17,4.5,3.04,3.64,1.13,2.66,4.16,3.05,3.08
00-0038785,Henry Byrd,MIN,OG,,0,prior,8.7,4.31,6.13,6.18,13.16,8.9,11.8,10.84,9.85,6.88,9.67,6.5,7.3,13.04,10.99,11.29,2.74,1.87,1.57,3.2,2.76,4.62,4.1,3.28,2.17,3.27,3.04,2.03,1.0,1.88,4.49,6.46,9.2,1.43,1.87,4.34,2.95,3.06,1.0,1.18,1.82,1.85,3.22,2.49,1.84,4.12,2.05,1.55,3.41
00-0040500,Joe Huber,MIN,OG,2.0,72,prior,11.2,4.0,5.8,5.69,13.11,8.35,11.8,8.15,7.5,9.49,7.55,11.45,5.53,13.04,10.99,11.29,1.89,2.91,3.86,4.03,3.36,2.78,2.66,2.47,2.3,2.29,2.54,3.31,3.95,2.36,3.36,8.37,16.07,2.35,2.49,3.94,1.29,5.27,4.7,2.05,1.05,2.52,1.96,2.81,4.57,2.73,2.83,3.85,3.34
00-0039310,Trevor Keegan,MIN,OG,2.0,29,prior,10.3,3.4,5.7,6.11,13.17,9.75,11.8,8.61,9.58,7.23,6.89,7.98,12.66,4.73,15.57,11.29,5.12,2.4,2.97,6.4,1.76,4.23,2.64,4.46,3.08,3.22,2.0,1.19,2.07,2.72,1.28,7.48,14.04,3.25,2.61,1.44,2.04,3.76,3.98,2.22,3.18,3.47,2.54,3.82,3.23,4.42,4.0,3.46,2.25
00-0036483,Will Fries,MIN,OG,1.0,1549,measured,11.8,1.3,6.32,6.68,12.46,11.02,11.8,10.77,8.66,9.43,9.17,14.61,13.41,17.99,10.99,11.29,2.73,4.15,2.05,2.68,3.42,2.17,4.07,1.82,3.43,4.09,3.3,5.5,2.86,3.7,2.33,12.08,13.21,3.79,4.53,2.89,5.92,2.4,1.92,2.16,3.99,2.73,3.07,2.94,5.4,2.27,2.88,3.03,2.25
00-0034158,Brian O'Neill,MIN,OT,1.0,1731,measured,13.9,8.02,7.49,9.92,11.33,8.27,11.8,13.15,8.47,14.01,11.01,12.4,10.35,12.06,18.22,7.92,2.77,2.12,3.23,2.71,3.59,2.0,3.86,4.2,2.84,1.3,2.95,4.01,2.74,3.03,4.16,15.62,15.68,1.43,3.31,1.82,1.98,3.09,4.21,3.45,3.26,3.26,1.35,2.2,3.58,2.27,2.09,3.63,4.02
00-0041053,Caleb Tiernan,MIN,OT,2.0,0,prior,10.2,3.94,6.77,5.02,11.48,12.95,11.8,11.42,7.28,8.81,7.09,9.89,12.26,10.31,10.99,11.29,2.56,4.47,3.4,2.64,5.86,3.26,3.31,2.5,2.91,2.48,4.31,2.27,2.37,2.49,3.02,10.42,11.3,1.63,2.73,4.56,2.14,2.81,2.38,2.4,1.9,2.61,3.71,3.16,3.89,2.97,2.17,3.53,3.62
00-0036616,Christian Darrisaw,MIN,OT,1.0,1111,measured,14.6,4.83,6.58,5.43,12.44,9.06,11.8,13.59,11.58,12.19,9.99,13.85,6.11,7.3,14.46,6.45,1.23,2.74,2.15,2.7,2.26,4.03,2.3,2.18,2.15,1.57,2.35,4.24,5.2,2.6,3.42,17.65,16.94,1.82,3.38,3.88,2.97,3.49,4.8,2.66,2.87,1.98,2.9,3.42,3.07,1.42,3.02,1.85,3.4
00-0040224,Jack Nelson,MIN,OT,,4,prior,11.3,4.15,6.03,5.55,11.6,8.47,11.8,10.53,7.58,8.94,5.33,9.82,13.91,6.65,7.18,11.29,3.03,2.58,2.66,3.5,2.18,3.46,1.55,3.79,2.22,3.01,2.14,4.8,2.21,3.44,3.04,10.33,14.33,3.76,2.76,4.66,1.23,4.66,3.21,3.72,1.97,3.8,3.52,2.49,1.55,4.4,6.76,4.19,2.24
00-0037404,Ryan Van Demark,MIN,OT,2.0,419,measured,11.2,4.55,6.46,5.96,12.17,8.93,11.8,8.78,6.13,9.91,9.8,11.43,12.44,15.84,10.99,11.29,3.62,3.43,4.08,3.44,4.4,3.86,2.82,5.13,2.84,2.8,1.53,2.83,2.28,1.56,4.78,10.22,14.12,4.01,4.01,3.82,2.44,3.49,3.19,4.04,2.9,1.99,3.19,3.56,3.11,3.43,3.94,3.69,2.46
00-0041581,Brett Thorson,MIN,P,1.0,0,prior,13.0,6.52,9.2,9.72,10.13,12.13,11.65,9.7,10.76,9.53,8.67,6.7,12.07,10.31,10.99,11.29,2.13,4.37,2.84,4.19,3.07,2.96,3.92,4.54,3.8,4.44,2.6,4.63,2.59,3.75,3.33,2.31,2.98,3.93,3.63,2.81,4.29,5.05,1.18,4.97,3.2,4.13,2.16,2.12,1.89,2.09,17.72,8.26,2.58
00-0032950,Carson Wentz,MIN,QB,3.0,327,measured,7.9,7.74,9.37,13.96,10.08,9.54,11.8,8.8,7.34,6.88,15.59,13.56,10.8,13.74,14.33,14.6,8.64,7.68,8.38,8.97,6.92,5.71,7.97,4.5,4.35,1.7,2.66,5.8,2.57,2.99,3.19,2.69,3.25,1.22,3.63,3.39,3.61,2.88,3.99,3.59,3.78,1.08,3.85,3.34,2.45,4.83,3.88,3.68,1.6
00-0039923,J.J. McCarthy,MIN,QB,2.0,479,measured,7.4,9.8,10.22,15.24,10.08,11.05,11.8,6.76,7.69,6.21,8.39,13.99,12.61,6.65,7.23,4.47,9.41,5.7,8.31,6.08,7.93,8.12,7.09,6.66,3.1,8.08,1.55,3.4,1.2,5.16,3.73,3.35,2.8,2.93,4.23,2.43,2.8,1.5,4.19,3.41,4.56,3.03,3.64,3.66,3.81,2.61,1.92,2.43,3.1
00-0035228,Kyler Murray,MIN,QB,1.0,1195,measured,12.3,8.74,8.79,12.08,10.08,9.98,11.8,14.98,12.95,8.5,13.25,8.83,9.5,12.19,7.29,4.03,7.88,15.02,9.26,10.51,15.37,10.52,16.42,12.53,2.77,7.91,1.62,3.75,3.04,3.37,1.18,1.0,2.53,3.09,2.94,2.42,3.99,2.05,4.4,3.22,3.83,1.0,2.5,4.03,2.22,2.96,5.04,3.64,2.53
00-0040494,Max Brosmer,MIN,QB,,161,measured,6.3,9.63,10.0,12.07,10.08,10.94,11.8,5.52,6.1,3.45,8.99,11.09,11.33,13.04,10.99,11.29,5.63,7.05,6.61,8.66,4.67,4.83,4.79,7.1,2.91,1.0,3.33,3.43,1.78,4.01,2.6,3.91,3.72,2.79,2.14,2.23,1.57,4.49,4.41,1.84,3.81,2.69,2.27,4.1,5.57,1.87,2.06,1.67,3.91
00-0033293,Aaron Jones,MIN,RB,1.0,936,measured,12.3,11.88,14.0,14.4,8.0,15.29,11.8,13.14,11.19,11.13,10.43,12.21,13.14,6.32,16.47,8.09,2.72,1.14,2.87,2.01,3.28,2.35,3.02,5.55,14.51,10.82,15.5,12.01,3.8,11.27,10.73,7.19,8.67,8.19,3.04,1.26,1.48,2.88,2.65,3.47,2.24,3.1,4.04,1.68,4.41,2.74,5.62,4.28,8.44
00-0036425,DeeJay Dallas,MIN,RB,,94,prior,9.5,12.74,13.13,11.82,9.92,13.06,11.8,11.52,8.0,5.95,10.75,9.64,13.39,11.98,7.48,14.69,3.43,3.68,2.34,2.28,2.09,4.24,2.22,10.71,8.09,6.51,6.64,12.7,4.36,3.73,3.57,3.64,6.78,4.64,2.63,2.36,3.93,1.65,4.54,2.3,3.46,4.57,2.46,3.46,1.26,3.49,3.92,4.57,14.87
00-0041104,Demond Claiborne,MIN,RB,3.0,0,prior,11.8,17.32,16.32,14.71,7.1,14.08,11.8,9.3,10.36,12.0,7.32,10.8,13.72,10.31,10.99,11.29,2.87,3.57,2.25,2.98,2.4,1.07,1.27,16.57,9.34,8.35,8.78,10.91,3.53,5.87,6.82,2.96,5.94,3.96,3.67,2.79,4.49,1.91,3.63,3.32,2.92,3.72,2.77,2.71,2.61,4.94,2.47,4.39,13.56
00-0037525,Jordan Mason,MIN,RB,2.0,660,measured,14.6,12.97,13.78,11.89,10.29,13.86,11.8,12.13,11.92,13.03,10.08,13.18,14.39,11.82,18.04,16.21,1.74,4.02,2.62,4.19,2.62,3.12,3.96,8.78,19.51,15.6,17.11,12.36,1.93,1.38,1.0,9.63,11.4,10.63,3.33,3.52,4.6,2.0,3.44,3.46,3.7,2.12,2.66,3.89,4.42,3.23,3.46,2.2,9.57
00-0029606,Harrison Smith,MIN,S,1.0,1877,measured,13.5,10.24,10.94,14.88,9.5,10.95,11.8,14.46,10.38,8.94,14.84,13.71,10.45,12.64,15.52,6.09,2.8,4.23,3.13,2.24,2.2,4.7,3.04,2.3,2.13,3.5,3.55,3.27,4.68,3.79,3.8,2.99,1.88,2.67,3.17,1.44,2.12,12.41,8.35,10.29,16.42,17.21,9.71,16.24,2.44,4.19,2.54,2.85,9.8
00-0041354,Jacob Thomas,MIN,S,3.0,0,prior,10.6,13.59,14.66,14.24,8.51,14.97,11.8,8.27,5.42,7.2,6.56,15.46,10.02,10.31,10.99,11.29,2.44,1.48,3.65,1.99,2.03,2.04,3.44,3.92,1.95,5.69,3.49,2.92,3.15,2.99,2.75,3.2,4.01,3.17,2.36,2.48,2.63,9.26,10.27,15.21,8.81,9.81,9.41,11.16,4.04,1.59,2.37,3.41,9.8
00-0041054,Jakobe Thomas,MIN,S,4.0,0,prior,10.6,13.62,14.68,14.2,8.43,14.94,11.8,8.97,8.1,8.16,6.87,13.29,8.89,10.31,10.99,11.29,1.93,2.03,3.69,1.7,2.51,2.21,2.15,4.25,3.0,3.65,3.62,2.9,2.23,2.82,2.96,4.35,3.87,3.8,2.64,1.0,1.82,11.68,10.96,14.56,8.01,9.01,9.39,10.32,2.03,2.93,2.82,2.89,9.8
00-0038578,Jay Ward,MIN,S,2.0,266,measured,9.8,13.29,16.31,13.33,8.0,15.11,11.8,8.61,7.76,7.9,10.6,3.64,15.74,14.45,14.95,11.29,3.96,3.99,3.11,3.38,2.35,1.69,2.76,2.49,3.38,2.06,3.69,4.81,1.0,1.87,2.88,3.52,1.21,2.11,2.68,4.64,3.7,14.07,11.34,11.01,7.07,8.07,9.26,7.08,2.39,3.83,3.12,1.4,9.8
00-0036348,Josh Metellus,MIN,S,1.0,1911,measured,13.3,13.09,14.45,12.88,10.0,15.2,11.8,12.37,13.72,7.76,9.1,13.22,11.0,17.99,10.99,17.66,4.65,4.31,3.17,2.66,3.39,5.09,4.6,3.13,3.56,4.57,2.59,2.43,2.18,2.57,2.85,3.34,3.4,3.12,3.33,5.52,5.72,9.75,15.58,12.0,12.63,13.63,9.86,15.61,2.35,3.38,2.26,4.48,9.8
00-0034488,Tavierre Thomas,MIN,S,,192,measured,10.4,12.32,12.67,14.8,8.59,13.6,11.8,11.43,6.67,12.18,9.52,13.41,15.8,12.34,13.63,11.29,2.62,1.0,2.55,2.62,3.5,3.13,1.88,3.91,3.94,2.8,1.0,3.34,3.64,2.85,1.93,1.44,3.67,2.76,1.88,2.99,1.57,8.67,15.32,13.45,7.11,8.11,9.44,7.58,2.96,3.76,4.17,3.81,9.8
00-0037301,Theo Jackson,MIN,S,2.0,594,measured,10.8,13.85,14.84,13.9,7.85,14.71,11.8,9.06,9.66,8.09,8.8,9.0,10.89,12.04,14.6,4.7,2.18,1.84,2.5,1.26,2.8,4.14,2.65,3.28,1.0,3.63,2.27,4.44,3.31,1.56,1.71,3.85,3.18,3.42,2.81,3.07,2.3,9.28,11.02,14.01,9.66,10.66,9.22,9.01,2.69,2.87,3.14,2.19,9.8
00-0040509,Ben Yurosek,MIN,TE,3.0,103,measured,9.1,10.94,12.23,11.86,9.89,13.29,11.8,8.09,6.3,10.13,5.63,7.44,9.88,7.37,15.98,5.58,2.44,2.69,4.31,4.82,3.32,3.61,2.93,6.8,3.02,5.68,8.34,11.43,6.34,5.65,4.73,10.01,11.56,7.85,3.02,4.34,3.71,3.07,4.77,1.56,1.49,2.04,1.0,2.58,3.64,1.9,1.93,3.04,2.81
00-0040504,Bryson Nesbit,MIN,TE,,0,prior,9.1,8.27,9.13,12.76,8.08,11.63,11.8,9.28,6.74,7.02,5.37,6.1,11.06,10.31,10.99,11.29,4.55,2.36,1.7,3.28,3.75,3.15,1.29,6.43,3.03,2.05,4.7,19.4,5.68,4.19,4.19,8.8,11.85,6.64,3.91,4.66,1.78,4.5,5.01,4.2,3.42,3.12,2.47,2.41,3.13,4.71,4.53,3.41,3.85
00-0039631,Cam Grandy,MIN,TE,,68,prior,9.5,10.66,11.99,11.85,9.82,13.11,11.8,8.28,6.22,8.71,7.16,12.38,11.5,5.41,15.06,5.58,1.92,2.55,1.98,2.94,3.18,2.0,2.88,5.57,3.27,4.57,7.22,14.29,6.06,6.26,6.34,10.94,9.6,8.79,2.61,2.03,3.54,3.08,1.89,3.4,1.0,2.67,2.81,2.8,2.91,2.36,2.56,4.26,3.5
00-0040215,Gavin Bartholomew,MIN,TE,4.0,0,prior,9.4,10.77,12.12,12.01,9.53,13.27,11.8,8.77,8.18,9.45,5.7,13.57,14.81,4.16,4.53,11.29,3.22,1.0,3.7,3.59,1.0,2.46,2.88,8.15,1.95,2.01,4.67,19.4,5.66,4.21,4.21,8.63,11.67,6.47,2.85,3.06,2.52,2.32,3.29,2.25,3.79,4.58,3.17,2.76,1.0,2.84,1.02,2.32,2.88
00-0035249,Josh Oliver,MIN,TE,2.0,903,measured,10.8,11.33,11.66,10.13,11.33,12.59,11.8,10.78,7.33,8.03,8.11,9.16,10.66,7.73,4.72,11.29,2.84,3.23,4.03,2.66,3.57,3.5,2.98,13.53,1.42,14.72,17.37,13.2,11.34,10.38,10.72,8.74,6.16,6.58,3.22,2.82,3.09,2.43,4.67,1.86,1.72,2.22,3.18,2.13,2.45,3.2,3.27,3.63,3.65
00-0035229,T.J. Hockenson,MIN,TE,1.0,1242,measured,12.4,10.35,12.71,13.78,8.5,15.45,11.8,10.04,13.65,8.72,13.41,9.32,6.57,7.61,7.59,5.92,1.34,1.4,2.86,1.97,3.38,2.92,2.35,17.87,3.92,5.27,7.93,17.79,14.51,13.94,14.48,13.86,6.76,11.7,2.95,1.83,4.22,3.6,3.51,2.0,3.44,4.19,3.29,2.8,2.29,1.99,2.78,2.81,1.93
00-0041342,Dillon Bell,MIN,WR,,0,prior,8.5,14.25,15.06,13.35,7.53,15.1,11.8,7.98,9.06,5.34,8.31,7.82,13.17,10.31,10.99,11.29,2.5,2.91,4.79,4.12,2.61,3.79,2.75,7.61,4.36,7.0,5.93,5.54,4.66,6.25,6.26,4.24,2.38,3.75,2.99,1.45,4.88,3.26,3.12,1.82,3.38,3.77,3.18,4.11,2.53,3.7,3.25,2.54,12.97
00-0040498,Dontae Fleming,MIN,WR,,0,prior,9.9,15.66,16.04,14.98,5.39,14.89,11.8,9.76,11.37,10.43,6.06,14.16,11.53,10.31,10.99,11.29,3.21,3.56,3.28,3.82,2.78,2.17,4.27,11.77,10.15,16.06,14.98,13.55,3.6,3.59,3.59,2.29,1.74,2.4,1.72,3.82,5.51,2.09,2.85,3.71,2.28,3.05,2.74,4.78,2.35,1.39,1.0,2.51,10.59
00-0036259,Jauan Jennings,MIN,WR,1.0,1342,measured,12.4,10.05,11.57,13.3,7.24,10.23,11.8,13.39,12.23,14.47,13.09,13.46,14.59,11.79,13.88,13.8,2.99,2.74,2.31,1.94,3.51,4.65,3.62,8.13,11.3,11.47,10.39,13.88,15.99,11.6,11.33,2.45,2.09,4.37,2.59,2.73,1.1,3.04,1.0,1.83,3.84,4.48,1.53,4.18,3.45,5.07,3.65,3.76,12.06
00-0039710,Jeshaun Jones,MIN,WR,2.0,0,prior,11.3,15.43,15.81,14.48,6.01,14.94,11.8,12.17,10.58,12.05,6.15,11.75,9.91,13.04,10.99,11.29,3.31,2.73,2.56,2.3,2.81,2.51,2.59,17.42,11.69,16.72,15.64,19.04,3.64,4.99,3.7,1.8,4.29,1.71,3.17,3.24,3.82,3.42,3.42,1.0,3.86,4.12,3.31,4.01,2.56,2.42,2.73,3.29,14.78
00-0038994,Jordan Addison,MIN,WR,1.0,1561,measured,11.8,14.54,14.84,14.25,6.24,13.7,11.8,10.42,10.93,9.43,9.83,9.04,11.22,13.98,7.2,14.41,1.89,2.48,3.81,2.83,3.21,3.64,3.74,17.54,8.52,7.42,6.34,10.02,12.07,11.26,10.5,3.72,4.77,1.95,3.62,2.65,4.22,1.99,1.75,2.14,2.41,3.87,1.53,4.04,3.7,3.06,3.37,2.55,10.86
00-0036322,Justin Jefferson,MIN,WR,1.0,1762,measured,14.6,15.93,16.56,14.15,6.45,16.19,11.8,12.79,14.73,13.31,10.95,13.51,12.64,17.99,10.99,5.89,3.69,2.82,3.17,4.64,3.11,3.71,3.4,14.25,13.52,13.13,12.06,12.37,12.37,16.35,14.84,2.14,1.15,3.76,2.47,1.58,2.18,3.63,3.25,2.88,2.72,3.08,1.83,2.14,2.84,2.67,4.35,2.18,11.23
00-0040970,Michael Briscoe,MIN,WR,,0,prior,8.5,14.24,15.13,13.61,7.23,15.09,11.8,8.81,6.33,8.02,4.36,8.75,12.46,10.31,10.99,11.29,2.83,3.68,1.05,2.48,4.59,4.17,2.48,7.61,4.36,7.0,5.93,5.54,4.66,6.25,6.26,4.29,2.98,2.51,2.69,3.72,2.54,2.82,3.74,3.61,4.23,4.25,3.96,2.52,3.44,2.27,4.27,3.16,12.96
00-0040506,Myles Price,MIN,WR,2.0,11,prior,10.9,15.59,15.6,13.54,7.1,14.96,11.8,8.48,11.1,12.85,8.54,11.72,8.04,12.11,16.55,11.29,3.82,3.8,3.61,1.93,3.03,4.71,2.74,15.03,8.9,14.04,12.97,16.51,3.73,6.23,4.42,3.3,3.85,1.71,1.23,3.14,2.75,3.36,4.3,3.01,2.87,3.37,3.62,3.96,3.23,4.18,1.7,3.41,14.99
00-0040154,Tai Felton,MIN,WR,2.0,37,prior,11.3,17.32,18.13,14.44,6.07,17.52,11.8,10.68,10.64,11.68,6.81,8.26,8.1,13.04,10.99,11.29,1.97,4.28,4.27,2.59,1.84,3.68,2.63,15.18,7.62,11.8,10.72,13.31,3.93,7.28,6.94,3.37,2.56,5.51,2.65,2.58,1.45,5.69,3.0,4.26,2.76,2.66,2.04,3.5,1.8,3.95,4.25,2.05,15.43
00-0041475,Trayvon Rudolph,MIN,WR,,0,prior,8.7,15.38,15.54,13.61,7.05,14.98,11.8,8.53,9.51,10.69,6.62,9.11,13.31,10.31,10.99,11.29,2.14,2.5,2.74,2.69,3.54,1.87,1.94,7.61,4.36,7.0,5.93,5.54,4.66,6.25,6.26,3.05,3.07,4.65,1.27,2.2,3.12,1.5,4.03,3.38,1.43,3.97,3.02,3.48,3.93,2.56,2.37,2.92,13.42
00-0037413,Ben Brown,NE,C,2.0,726,measured,12.5,3.64,5.3,5.74,13.21,7.87,11.8,12.67,11.51,9.8,9.02,9.25,11.0,8.24,14.74,6.6,4.19,2.12,2.7,5.66,2.2,3.05,2.15,3.28,3.67,3.48,3.86,1.0,2.83,4.52,1.82,10.46,16.51,2.64,3.81,1.0,1.47,5.7,3.5,4.88,3.57,4.44,3.96,1.0,1.0,1.83,1.91,2.21,2.3
00-0041325,Jacob Rizy,NE,C,,0,prior,11.9,4.07,5.92,6.29,13.03,8.26,11.8,10.23,12.47,8.61,6.33,10.87,10.97,10.31,10.99,11.29,1.5,3.77,2.08,3.73,3.54,4.44,3.12,3.14,2.53,3.65,3.37,1.2,3.75,3.31,3.55,9.86,16.1,3.0,4.08,3.93,1.78,2.47,2.97,2.51,1.74,2.97,3.23,3.65,2.44,2.98,2.6,1.62,3.97
00-0040147,Jared Wilson,NE,C,1.0,721,measured,11.6,8.8,9.4,7.47,13.77,11.4,11.8,10.31,10.35,9.2,8.3,14.81,10.26,7.7,14.97,11.29,3.33,2.58,3.43,3.97,3.32,1.97,3.13,3.52,2.22,2.77,4.09,3.44,3.25,3.04,2.06,13.96,10.27,3.72,2.88,2.77,3.33,2.76,3.62,3.26,2.87,2.93,2.02,1.78,3.26,1.77,2.71,3.79,3.74
00-0034778,Carlton Davis III,NE,CB,1.0,1593,measured,13.0,13.12,14.28,13.34,8.0,13.5,11.8,12.29,15.77,15.44,13.36,13.76,8.56,5.6,17.36,14.64,4.02,1.37,3.9,2.52,1.2,2.32,3.06,4.82,4.46,1.92,2.61,3.21,2.51,3.54,3.01,4.03,2.05,4.51,3.37,3.86,1.1,8.99,9.62,12.03,13.49,13.49,10.24,14.08,2.96,3.93,3.59,4.76,7.06
00-0041316,Channing Canada,NE,CB,3.0,0,prior,8.5,15.06,15.65,13.72,6.95,15.16,11.8,8.61,6.54,5.88,7.25,12.42,10.96,10.31,10.99,11.29,2.42,3.75,2.68,2.85,3.24,3.19,1.78,2.25,1.44,3.55,1.77,2.45,2.64,1.86,1.0,2.54,3.46,3.61,1.56,1.76,3.22,7.37,11.98,14.62,4.56,4.56,9.93,3.77,2.15,5.38,2.82,3.5,6.16
00-0039770,Charles Woods,NE,CB,2.0,115,measured,10.0,15.06,15.59,13.81,6.67,14.92,11.8,9.82,9.41,10.65,5.9,12.61,7.04,7.72,14.32,16.53,1.44,3.43,3.87,4.08,3.07,4.85,2.15,2.48,1.0,3.41,3.37,3.92,3.55,1.12,2.24,2.47,2.48,2.36,3.95,3.25,1.12,9.56,11.71,15.09,7.33,7.33,9.84,6.47,4.56,4.27,4.2,3.13,15.61
00-0039147,Christian Gonzalez,NE,CB,1.0,1436,measured,14.7,17.09,18.5,13.74,7.0,18.66,11.8,11.48,15.05,13.7,8.88,14.51,14.28,11.9,5.25,17.54,3.46,3.23,3.03,4.88,4.84,2.43,3.45,3.82,2.23,2.5,4.19,4.45,4.14,3.76,1.78,4.26,2.1,4.03,2.66,3.36,3.22,2.81,9.48,15.19,15.18,15.18,9.94,14.37,2.39,2.9,1.51,3.1,12.43
00-0041088,Karon Prunty,NE,CB,2.0,0,prior,10.0,15.09,15.82,14.12,6.29,15.1,11.8,8.39,11.16,7.33,5.34,4.56,17.86,10.31,10.99,11.29,3.47,4.06,3.18,1.42,2.65,1.78,2.19,2.61,3.28,3.33,2.63,3.16,3.15,3.77,3.25,2.66,2.97,2.06,2.8,3.32,3.45,8.93,11.71,14.67,7.37,7.37,9.73,6.6,3.63,2.53,1.24,2.87,18.31
00-0036307,Kindle Vildor,NE,CB,,387,measured,11.0,15.46,17.5,12.17,11.33,17.59,11.8,10.56,10.58,13.24,11.34,9.93,12.95,14.36,14.93,7.4,3.42,1.9,2.9,1.7,3.64,4.26,1.95,1.0,3.64,2.15,2.32,3.79,3.91,2.2,3.45,2.18,2.7,3.11,3.87,3.56,2.3,8.94,9.93,13.63,9.14,9.14,11.24,7.3,3.04,3.04,3.6,1.63,3.82
00-0037253,Marcus Jones,NE,CB,1.0,1064,measured,14.0,15.02,15.45,13.37,7.44,15.07,11.8,11.84,11.97,9.58,10.41,11.76,8.26,12.53,7.34,18.22,2.49,2.82,3.21,3.02,1.86,3.05,3.89,5.09,2.42,3.99,1.18,3.97,3.65,4.23,4.34,3.51,2.33,3.11,3.11,4.38,2.73,11.95,14.63,15.68,14.25,14.25,10.07,14.66,4.19,2.31,4.47,3.26,12.11
00-0036981,Christian Barmore,NE,DT,1.0,1015,measured,13.5,7.6,7.93,6.14,12.77,8.9,11.8,11.62,12.15,11.71,11.23,6.2,10.98,14.1,14.86,18.99,1.69,1.8,2.73,2.71,3.21,1.57,3.11,3.0,4.47,1.24,3.89,1.96,3.37,3.63,1.82,2.13,2.46,1.99,14.88,14.12,15.16,13.96,11.1,4.98,1.44,3.51,3.29,3.85,3.69,4.06,1.92,4.08,1.6
00-0038653,Cory Durden,NE,DT,1.0,428,measured,11.2,6.21,7.58,6.83,12.92,9.62,11.8,10.51,9.89,8.6,10.41,8.74,10.74,15.84,10.99,11.29,3.13,2.56,2.74,1.0,3.42,3.49,1.4,2.59,2.29,2.15,3.56,4.26,2.75,2.38,3.79,4.8,2.98,2.77,6.36,5.06,12.94,15.85,13.95,7.13,3.23,4.53,2.88,5.49,2.88,5.58,1.35,2.22,5.72
00-0040371,Eric Gregory,NE,DT,,119,measured,8.5,4.8,6.6,4.6,14.31,8.12,11.8,9.22,4.63,10.38,6.57,13.81,6.59,13.04,10.99,11.29,2.57,2.82,2.61,2.68,2.34,3.55,2.24,2.94,1.0,2.85,3.51,2.09,4.66,1.64,2.5,2.13,3.85,1.69,8.74,6.46,8.35,6.79,5.01,10.39,3.0,3.67,3.83,1.73,1.0,3.62,1.74,5.03,2.33
00-0041211,Jalen Hunt,NE,DT,,0,prior,9.2,5.58,6.72,5.56,13.7,8.85,11.8,9.8,9.03,9.48,5.15,9.41,9.79,10.31,10.99,11.29,5.56,4.23,2.18,1.08,1.16,2.85,2.78,4.6,2.88,1.4,3.96,2.23,4.19,1.61,4.55,4.44,1.89,1.94,10.11,8.31,8.4,7.42,7.7,9.02,2.64,2.74,3.74,3.24,3.57,3.51,3.32,3.02,3.06
00-0037711,Jeremiah Pharms Jr.,NE,DT,,375,measured,11.2,5.94,7.24,6.45,13.23,9.5,11.8,13.65,9.52,10.84,9.49,12.31,14.78,15.84,10.99,11.29,3.86,5.12,3.43,4.22,5.29,2.32,2.9,3.59,2.45,3.61,2.87,3.59,1.46,1.31,4.14,2.29,3.31,3.78,11.22,9.72,11.5,11.58,11.33,10.17,1.12,1.66,3.26,1.22,2.64,2.92,2.4,2.17,2.99
00-0040171,Joshua Farmer,NE,DT,2.0,197,measured,8.4,5.2,7.6,5.86,13.39,9.53,11.8,7.31,4.05,6.39,7.18,12.88,11.94,13.04,10.99,5.58,2.81,1.95,4.47,2.61,2.82,3.08,1.94,5.49,4.34,2.29,3.76,4.03,3.59,3.44,4.38,4.63,2.55,2.26,6.13,4.32,8.01,9.28,8.28,10.83,2.91,2.6,3.07,2.66,3.13,3.13,4.43,2.71,2.58
00-0039289,Leonard Taylor III,NE,DT,2.0,248,measured,10.3,6.26,7.51,6.55,13.39,9.59,11.8,7.82,8.21,8.34,6.45,13.26,13.76,14.76,10.99,11.29,4.32,2.25,1.96,3.04,3.03,1.86,1.4,1.36,3.22,1.65,3.55,1.64,2.24,3.06,3.88,2.12,1.8,3.27,9.38,7.93,9.41,10.28,13.76,9.54,1.67,2.38,3.14,3.89,2.28,1.8,3.36,3.25,1.0
00-0036916,Milton Williams,NE,DT,1.0,922,measured,15.1,11.23,12.85,13.4,17.09,15.93,11.8,10.48,17.61,14.5,7.93,13.81,14.82,8.44,17.45,17.32,1.0,3.18,5.02,1.5,3.45,2.18,4.22,2.59,3.29,3.3,3.8,3.53,1.34,2.93,3.64,2.96,2.31,4.01,14.52,13.51,16.09,15.79,12.94,10.85,3.13,3.36,4.13,3.27,2.86,3.52,4.49,1.71,2.5
00-0035678,Dre'Mont Jones,NE,EDGE,1.0,1453,measured,9.9,4.48,6.55,6.67,11.72,10.31,11.8,12.42,7.26,7.54,11.76,3.89,9.43,17.3,14.47,15.05,2.4,3.23,3.36,4.45,2.06,3.62,2.83,2.24,2.2,3.32,3.48,3.17,4.09,2.84,1.54,3.8,2.38,4.43,13.55,11.17,9.97,8.85,7.3,8.02,5.8,6.8,3.44,3.7,1.26,2.93,4.62,2.21,3.4
00-0040574,Elijah Ponder,NE,EDGE,1.0,205,measured,10.0,10.55,11.96,10.88,11.48,13.11,11.8,10.17,8.56,9.71,7.28,7.46,11.85,13.04,10.99,11.29,3.73,4.6,1.95,2.95,2.75,3.85,4.27,2.96,2.34,4.41,3.02,2.83,2.13,4.27,3.91,1.76,3.11,4.22,9.39,9.22,9.13,10.37,9.88,12.42,5.8,6.8,4.85,2.42,1.65,1.32,2.84,4.36,3.48
00-0041569,Gabe Jacas,NE,EDGE,2.0,0,prior,9.8,10.59,12.23,11.19,15.24,13.39,11.8,7.42,5.76,7.2,7.6,12.79,14.48,10.31,10.99,11.29,3.0,1.26,4.25,2.6,4.07,4.64,3.37,2.57,2.85,2.0,3.08,2.93,2.46,4.62,3.94,4.59,4.05,3.71,9.39,7.92,8.41,9.13,9.56,12.14,5.8,6.8,2.41,4.67,3.41,1.86,2.75,3.77,1.0
00-0034828,Harold Landry III,NE,EDGE,3.0,1540,measured,13.8,10.9,11.8,14.46,12.46,13.73,11.8,13.11,16.12,13.31,9.88,8.79,7.79,13.91,6.65,18.86,1.0,2.99,2.73,2.49,4.01,3.37,2.67,2.37,3.24,4.51,2.81,3.25,3.1,3.5,4.45,4.59,2.5,3.03,15.0,14.61,14.61,14.21,14.01,12.86,5.8,6.8,3.67,1.88,1.59,3.09,4.09,3.48,4.27
00-0039053,Jose Ramirez,NE,EDGE,,20,prior,6.8,10.31,11.65,13.7,10.67,13.36,11.8,8.83,4.89,4.44,10.68,18.38,11.24,12.42,10.99,11.29,4.43,1.88,4.39,2.38,3.21,3.43,4.26,3.13,4.27,3.35,4.23,3.66,1.66,2.33,2.1,3.62,2.88,2.82,5.09,5.12,5.49,5.23,4.06,12.99,5.8,6.8,1.0,1.41,3.9,2.97,2.84,3.12,3.25
00-0041402,Quintayvious Hutchins,NE,EDGE,2.0,0,prior,9.2,10.15,12.45,12.35,10.93,15.36,11.8,7.03,7.77,10.61,7.31,13.78,11.11,10.31,10.99,11.29,2.2,4.76,1.43,2.0,4.73,3.44,3.81,2.88,2.93,5.49,2.71,3.93,4.58,1.68,2.59,3.18,3.04,2.41,7.98,7.87,7.95,9.22,10.35,12.66,5.8,6.8,3.05,1.68,1.62,3.7,3.01,2.38,4.37
00-0036187,Reggie Gilliam,NE,FB,1.0,302,measured,13.3,9.87,11.06,9.98,9.89,12.24,11.8,12.49,7.95,9.2,12.56,14.57,9.94,8.11,14.98,7.14,3.99,3.59,3.37,3.02,3.51,2.75,2.34,11.27,3.86,10.5,8.21,12.57,2.9,3.77,3.78,14.89,12.14,15.89,1.92,3.49,2.91,2.74,2.98,1.66,4.04,3.21,3.98,3.44,2.29,3.3,3.4,1.92,3.14
00-0040200,Andy Borregales,NE,K,1.0,32,measured,8.9,10.24,11.42,10.24,9.88,12.53,9.23,9.09,5.58,7.91,7.51,13.57,17.69,13.04,10.99,11.29,3.87,1.69,2.89,3.46,2.07,3.44,3.26,4.63,2.82,3.23,1.84,2.91,2.77,3.11,2.39,4.49,3.06,2.92,2.23,1.4,1.08,1.71,3.93,3.01,2.92,3.17,4.55,2.33,8.66,9.05,2.51,3.72,2.29
00-0036813,Christian Elliss,NE,LB,1.0,852,measured,11.8,12.13,13.04,12.44,9.95,13.6,11.8,9.56,7.93,5.05,10.43,10.12,12.61,13.74,17.76,14.01,2.3,3.75,3.09,3.03,3.84,2.59,3.75,3.03,2.68,4.62,3.69,3.9,3.29,3.78,4.03,3.02,2.74,1.12,8.57,8.65,5.65,7.88,13.78,18.01,13.05,14.55,2.17,10.49,3.5,2.02,4.67,2.71,3.29
00-0039829,Darius Muasau,NE,LB,2.0,702,measured,11.1,10.77,11.63,11.96,10.22,14.4,11.8,7.57,9.03,5.82,4.25,13.16,13.73,7.47,18.79,15.15,2.18,3.09,1.32,2.2,3.13,3.87,2.25,3.01,3.58,4.42,1.76,4.57,3.12,4.95,4.28,1.99,4.37,3.1,14.08,13.59,14.58,13.68,10.81,15.12,4.8,6.3,3.41,4.25,2.26,3.48,3.09,3.71,4.25
00-0041455,Erick Hunter,NE,LB,2.0,0,prior,11.7,12.07,12.92,12.46,9.41,13.3,11.8,9.16,12.07,9.37,6.67,8.84,7.18,10.31,10.99,11.29,3.05,3.43,3.97,2.42,3.0,2.34,3.82,3.86,1.58,5.09,2.06,2.04,2.26,3.72,5.04,3.34,3.91,2.22,13.27,13.52,9.88,12.17,15.13,16.01,4.95,6.45,2.74,2.74,3.72,2.32,3.33,4.89,2.65
00-0036643,K.J. Britt,NE,LB,,592,measured,12.3,9.87,11.43,10.04,12.46,12.49,11.8,11.37,6.99,9.37,9.09,11.62,14.2,14.1,5.27,14.18,1.79,4.02,4.19,1.98,2.72,5.49,1.92,3.42,3.72,5.67,1.77,4.34,2.38,4.52,2.62,4.36,5.16,3.3,5.84,4.25,14.87,16.41,15.37,12.14,8.11,9.61,3.22,6.01,1.72,1.91,4.14,3.62,3.13
00-0041321,Khalil Jacobs,NE,LB,3.0,0,prior,12.1,12.0,12.72,11.96,10.05,13.28,11.8,10.33,4.98,10.85,5.24,14.01,10.65,10.31,10.99,11.29,3.7,2.87,4.36,2.19,4.1,1.48,3.05,2.54,1.22,4.12,2.47,2.75,2.24,3.15,1.7,2.28,4.28,1.6,5.22,5.23,14.45,14.22,14.51,15.78,7.25,8.75,1.83,5.43,2.96,2.27,1.08,3.57,2.74
00-0041109,Namdi Obiazor,NE,LB,3.0,0,prior,12.3,13.66,13.63,11.17,9.25,15.01,11.8,10.29,9.48,10.26,5.67,14.53,10.49,10.31,10.99,11.29,1.78,3.22,2.48,2.84,3.3,4.38,3.05,4.04,2.65,3.12,3.99,1.0,1.55,3.98,1.29,2.04,1.93,2.68,4.78,5.64,14.55,14.23,14.5,16.37,7.17,8.67,2.76,5.44,3.27,5.23,2.41,3.9,5.73
00-0041564,Riley Wilson,NE,LB,,0,prior,12.0,11.99,12.69,11.96,9.9,13.2,11.8,9.61,9.87,10.18,5.54,8.94,12.24,10.31,10.99,11.29,2.07,4.03,3.14,1.85,3.27,3.6,3.27,2.24,1.65,3.05,2.73,5.08,1.41,1.67,2.32,3.13,3.32,2.62,5.2,5.25,14.45,14.22,14.51,15.77,7.25,8.75,2.82,5.43,2.79,3.42,2.08,2.92,2.57
00-0034720,Robert Spillane,NE,LB,1.0,1836,measured,14.4,11.09,11.86,11.13,10.58,12.74,11.8,11.86,12.04,10.39,11.83,12.73,13.93,7.34,5.48,7.72,1.66,2.96,2.98,4.14,1.9,1.38,4.13,2.22,3.99,2.57,4.8,3.51,2.06,1.55,3.72,2.1,3.87,3.86,7.91,7.41,13.91,16.33,16.77,15.66,14.66,16.14,3.56,15.09,3.83,3.22,2.58,3.58,5.18
00-0040246,Julian Ashby,NE,LS,1.0,1,prior,9.2,10.6,11.56,10.69,9.71,12.54,12.21,8.97,9.11,7.19,9.7,11.13,10.9,13.04,10.99,11.29,4.11,4.49,2.67,3.71,2.07,4.54,2.43,4.73,3.98,1.0,1.95,3.3,2.52,3.17,1.83,1.0,1.69,1.39,4.51,1.28,5.2,3.21,3.42,1.38,2.26,2.99,4.58,1.15,3.03,2.82,2.74,1.8,2.41
00-0036979,Alijah Vera-Tucker,NE,OG,1.0,696,measured,13.3,6.0,6.8,6.35,17.92,10.68,11.8,10.69,11.81,9.57,11.98,11.9,13.65,4.77,14.78,18.79,2.95,1.25,1.85,2.15,2.78,2.85,2.54,2.37,3.8,3.22,2.88,1.98,2.38,3.64,2.64,13.31,13.6,3.83,3.18,3.66,3.21,3.47,2.12,2.23,2.53,4.5,4.35,2.12,4.09,2.33,1.99,3.61,1.58
00-0029685,Greg Van Roten,NE,OG,2.0,2200,measured,12.8,1.83,3.12,2.94,13.06,5.8,11.8,13.13,8.13,12.44,11.9,13.96,10.6,11.98,14.12,11.29,1.4,2.97,5.07,4.06,2.46,2.61,2.98,2.93,3.63,1.12,3.26,4.35,1.76,3.89,2.7,13.63,15.6,1.22,4.76,1.0,1.0,2.61,1.0,2.93,1.97,2.34,3.9,3.36,3.04,1.8,3.12,3.59,4.05
00-0039508,Jake Kubas,NE,OG,,128,measured,10.7,4.6,6.17,5.95,13.09,8.63,11.8,10.58,11.16,8.22,6.0,15.63,10.14,12.42,10.99,11.29,1.31,1.55,3.86,4.4,3.8,3.91,3.17,2.61,4.29,4.03,2.65,2.35,3.31,4.63,1.71,10.74,11.13,3.77,2.98,3.88,3.07,3.09,1.59,2.9,1.0,2.39,2.83,1.74,3.13,2.37,3.88,4.24,3.07
00-0036198,Mike Onwenu,NE,OG,1.0,2014,measured,11.0,3.29,4.47,1.99,13.39,8.13,11.8,11.64,7.24,7.35,11.25,11.83,6.66,17.99,10.99,16.31,3.33,1.98,4.83,2.91,1.89,2.44,2.26,2.78,3.2,2.9,2.88,3.2,2.61,3.5,2.78,9.57,14.27,2.27,3.92,2.47,1.0,2.63,1.75,3.59,2.12,4.25,3.14,2.86,4.6,2.91,3.38,2.65,3.39
00-0039828,Walter Rouse,NE,OG,2.0,82,prior,11.3,4.18,6.28,6.83,13.15,9.17,11.8,9.22,10.44,7.73,6.94,7.64,8.9,14.76,10.99,11.29,4.03,1.58,1.67,2.27,2.61,2.56,2.57,3.03,2.33,3.65,2.52,4.16,5.05,4.28,4.55,8.4,15.7,2.16,3.43,1.4,1.83,1.91,2.36,4.04,3.53,2.78,2.24,1.0,3.72,2.75,4.05,2.08,2.88
00-0041541,Caleb Lomu,NE,OT,2.0,0,prior,10.2,6.8,8.65,5.64,12.1,11.78,11.8,7.03,8.04,6.85,4.1,13.56,9.71,10.31,10.99,11.29,4.7,4.21,2.93,5.38,1.0,4.19,3.96,1.0,1.48,4.68,3.41,3.84,2.74,4.53,1.24,10.69,11.13,2.15,1.78,3.14,3.18,4.24,2.58,3.97,3.07,3.28,2.43,2.46,2.86,3.18,1.22,5.87,2.93
00-0041103,Dametrious Crownover,NE,OT,2.0,0,prior,9.9,4.8,6.28,5.32,11.55,8.36,11.8,6.84,3.99,7.01,7.53,13.26,12.63,10.31,10.99,11.29,3.79,2.07,3.09,2.32,3.13,5.22,2.57,3.8,2.48,3.3,4.01,4.38,1.84,2.8,4.95,10.41,11.35,1.65,2.34,2.89,3.24,2.6,2.65,2.7,1.97,4.42,1.0,3.81,1.0,2.98,4.62,1.92,2.72
00-0038426,Lorenz Metz,NE,OT,,0,prior,11.6,3.35,5.37,5.54,10.54,7.8,11.8,10.8,10.11,12.18,8.21,7.06,13.07,10.31,10.99,11.29,4.4,1.02,2.57,4.38,2.99,1.8,2.35,2.57,2.72,3.54,1.73,4.17,3.75,4.42,1.72,10.5,15.37,4.0,3.95,2.84,1.01,4.0,2.55,3.11,1.68,2.94,1.0,2.33,3.86,1.98,4.72,1.0,1.44
00-0040226,Marcus Bryant,NE,OT,3.0,13,prior,10.8,4.12,5.99,5.48,11.58,8.43,11.8,8.35,5.38,5.88,6.42,16.77,5.49,13.04,10.99,11.29,4.12,1.18,1.0,5.74,4.11,4.85,2.89,3.83,2.7,2.8,3.76,4.62,3.12,2.82,4.57,10.69,13.21,3.49,2.02,1.92,4.74,3.45,4.23,2.1,3.29,2.38,3.14,3.67,3.63,5.16,2.8,1.68,3.32
00-0031330,Morgan Moses,NE,OT,1.0,1739,measured,11.8,1.0,2.04,1.0,12.02,1.77,11.8,14.51,10.55,8.24,14.21,11.1,15.27,12.48,13.91,15.0,3.7,3.0,3.32,1.14,2.18,3.26,2.78,2.49,3.73,1.8,3.96,3.34,4.69,3.54,2.54,17.16,11.79,4.33,4.0,4.68,4.2,2.77,2.81,3.38,5.07,1.45,6.36,2.52,4.81,3.18,1.67,4.23,5.66
00-0040699,Will Campbell,NE,OT,1.0,721,measured,12.4,6.93,8.72,5.19,12.03,11.55,11.8,10.47,10.39,6.86,6.26,4.53,5.24,13.04,10.99,15.41,4.12,1.79,2.56,3.36,2.05,4.35,2.17,2.92,2.82,3.91,2.7,2.19,2.89,1.82,3.14,10.73,16.5,4.22,1.85,3.89,4.45,4.36,3.95,2.5,2.73,3.96,3.44,4.71,1.53,1.33,4.07,4.08,1.28
00-0038610,Bryce Baringer,NE,P,1.0,99,measured,14.8,8.27,10.07,9.72,10.13,12.13,11.04,9.64,12.61,10.13,8.16,12.71,11.97,15.84,10.99,11.29,3.75,3.38,2.13,2.49,4.81,2.45,3.92,2.91,2.5,2.42,3.97,2.23,4.76,1.5,1.0,3.25,1.73,2.99,4.7,3.65,2.15,2.67,3.94,4.41,2.54,2.1,1.86,3.12,1.73,2.31,18.0,11.64,2.48
00-0034941,Mitch Wishnowsky,NE,P,,46,measured,11.2,9.56,9.89,7.77,10.13,10.43,11.63,11.23,9.18,6.46,8.85,8.98,8.74,8.38,14.88,11.29,4.76,1.62,3.66,2.83,2.93,2.9,3.91,3.58,2.0,4.49,2.81,2.24,3.67,2.93,1.91,3.48,4.1,1.14,3.76,3.56,2.55,4.87,2.85,5.42,6.83,1.99,2.84,2.72,2.34,3.23,7.88,14.51,5.74
00-0041123,Behren Morton,NE,QB,3.0,0,prior,7.0,9.56,10.03,12.11,10.08,11.04,11.8,6.77,6.0,4.37,5.52,12.53,8.42,10.31,10.99,11.29,10.94,6.58,6.89,8.53,5.03,5.61,5.38,7.43,2.97,2.55,3.8,3.59,3.06,4.2,3.56,2.43,1.72,4.11,2.2,3.13,3.55,1.0,3.36,2.25,1.77,2.8,2.45,4.01,2.64,1.79,1.63,2.45,3.66
00-0039851,Drake Maye,NE,QB,1.0,1401,measured,14.6,9.85,10.48,11.94,10.08,11.33,11.8,13.42,13.82,11.9,11.32,8.67,11.17,14.76,10.99,16.61,14.98,19.73,13.56,15.34,11.97,10.92,15.13,10.22,3.38,8.28,4.3,3.49,2.31,3.46,2.09,2.35,3.61,4.51,1.34,1.92,4.46,3.42,3.31,3.9,3.08,2.91,4.95,3.29,1.89,2.11,3.74,2.53,4.12
00-0038476,Tommy DeVito,NE,QB,2.0,231,measured,8.1,9.8,9.89,11.96,10.08,10.63,11.8,7.72,7.97,3.91,9.69,10.63,14.01,13.86,10.99,6.6,7.67,8.34,8.88,7.58,7.19,7.77,7.93,8.47,4.2,2.43,2.91,3.64,3.15,4.76,5.47,2.2,2.71,3.3,1.93,2.29,2.22,4.82,4.17,1.62,3.18,4.12,1.45,2.65,2.36,4.84,3.62,1.75,3.25
00-0040556,Corey Kiner,NE,RB,3.0,29,prior,8.8,12.92,13.5,13.37,9.5,13.67,11.8,9.11,8.78,3.83,5.5,8.77,10.64,13.04,10.99,11.29,3.04,3.61,4.28,1.3,2.72,2.69,2.08,10.94,7.36,5.44,5.64,7.69,5.02,5.75,7.43,1.0,5.98,1.0,5.13,2.53,2.14,3.81,4.15,2.25,2.84,2.53,3.82,4.93,1.42,3.04,3.14,3.73,12.65
00-0037617,Hassan Haskins,NE,RB,,161,measured,10.2,13.69,14.55,11.75,13.85,14.27,11.8,9.98,8.94,7.31,10.73,10.45,6.74,8.08,6.78,17.7,2.96,2.5,2.5,2.85,2.19,4.23,4.52,13.94,7.32,6.75,7.16,13.78,3.43,2.26,1.26,3.57,7.7,4.57,1.0,3.63,2.89,2.23,4.4,2.51,2.76,2.57,3.71,3.61,3.84,1.48,1.34,3.56,13.45
00-0040568,Lan Larison,NE,RB,,0,prior,7.8,14.06,14.36,13.24,8.62,13.94,11.8,4.71,6.79,9.45,5.36,10.79,11.4,10.31,10.99,11.29,5.03,4.66,4.29,4.54,4.25,1.63,3.8,6.63,5.26,5.26,5.26,3.76,3.94,3.71,5.51,1.0,5.85,1.0,2.91,1.9,4.39,2.05,3.87,3.72,1.79,1.0,1.0,3.37,2.77,1.44,2.32,4.29,15.68
00-0041323,Myles Montgomery,NE,RB,4.0,0,prior,11.1,14.05,14.23,13.6,8.4,13.82,11.8,8.56,8.29,8.56,7.49,8.16,12.54,10.31,10.99,11.29,3.97,3.3,3.47,1.14,3.17,3.42,2.4,15.23,9.65,8.14,9.47,11.34,2.37,5.78,6.33,3.21,5.57,4.21,3.58,1.8,4.09,3.22,1.5,1.84,4.25,3.21,3.48,1.05,3.01,2.31,1.0,1.94,10.34
00-0036875,Rhamondre Stevenson,NE,RB,1.0,1076,measured,12.3,11.5,10.66,13.68,7.5,10.89,11.8,11.95,8.2,10.04,8.91,12.51,12.18,7.65,17.51,16.88,3.63,1.88,3.12,3.54,2.0,1.91,2.54,6.24,13.48,14.21,13.06,14.14,4.37,6.28,4.63,4.74,11.53,5.74,1.92,3.49,2.49,5.49,1.26,2.01,2.2,2.49,3.04,1.0,2.5,4.15,1.72,4.73,7.93
00-0040734,TreVeyon Henderson,NE,RB,2.0,461,measured,14.1,15.93,17.06,13.8,8.17,16.9,11.8,9.89,12.55,12.13,7.01,10.1,7.88,13.04,10.99,11.29,2.19,1.74,1.62,1.85,2.15,2.73,2.52,18.45,14.81,14.65,10.16,8.1,3.31,9.65,8.29,5.83,12.93,6.83,2.89,3.12,1.81,1.0,3.93,1.56,4.72,3.36,2.35,3.3,3.17,1.83,2.45,5.16,15.09
00-0037205,Brenden Schooler,NE,S,2.0,77,prior,8.6,13.23,14.26,13.79,8.36,14.56,11.8,7.81,7.51,6.09,7.22,13.46,9.16,15.12,16.55,13.93,4.47,4.07,4.71,3.33,2.33,2.7,4.93,3.58,3.6,3.57,2.52,1.0,2.66,4.19,3.28,3.79,5.43,2.45,3.69,1.4,2.97,11.51,10.16,10.07,5.32,6.32,9.37,6.1,2.29,1.29,4.36,3.14,9.8
00-0040716,Craig Woodson,NE,S,1.0,884,measured,10.2,15.47,16.56,14.2,6.5,15.47,11.8,10.3,7.75,7.95,8.79,8.69,12.12,13.04,10.99,11.29,1.43,3.12,3.81,1.45,2.99,3.38,1.08,3.26,4.72,2.44,2.5,2.32,3.57,3.39,2.5,4.19,2.41,2.44,2.61,2.54,1.69,9.09,7.95,12.13,8.52,9.52,8.81,8.8,2.31,4.45,2.96,2.89,9.8
00-0039692,Dell Pettus,NE,S,2.0,325,measured,11.3,13.63,14.15,14.62,7.69,14.17,11.8,9.28,9.48,9.44,8.06,16.97,10.79,14.76,10.99,11.29,3.49,2.62,3.47,4.17,2.47,5.48,3.41,3.53,3.92,1.9,2.51,1.11,2.27,3.12,4.94,1.79,5.15,2.28,2.83,2.93,2.98,14.37,14.75,11.87,9.19,10.19,9.17,7.94,2.47,3.4,2.67,3.02,9.8
00-0040537,Elliott Davison,NE,S,,0,prior,7.6,13.78,14.52,14.2,7.66,14.39,11.8,6.93,5.85,8.96,7.4,15.35,12.58,10.31,10.99,11.29,2.99,3.66,2.9,2.34,3.31,2.49,1.55,2.0,2.26,4.96,1.67,3.99,3.07,2.19,3.32,3.24,1.0,4.87,4.78,1.57,2.39,8.92,6.36,9.78,4.88,5.88,9.16,5.88,3.66,3.64,3.81,4.11,9.8
00-0040204,Jaylen Reed,NE,S,3.0,70,prior,9.2,14.54,14.87,14.65,9.5,13.5,11.8,8.49,6.32,8.3,7.24,5.28,9.39,5.3,18.0,15.41,2.3,2.96,1.8,2.85,3.32,1.43,4.87,2.47,2.12,3.45,3.33,3.57,3.17,2.36,1.39,2.36,2.7,2.81,2.97,3.2,2.45,11.1,11.28,13.02,5.24,6.24,9.71,6.45,3.33,2.3,1.23,2.23,9.8
00-0033132,Kevin Byard,NE,S,1.0,2155,measured,14.2,11.61,12.16,13.61,8.56,13.12,11.8,14.88,12.73,13.65,11.69,13.32,10.85,17.99,10.99,14.86,3.43,3.46,1.66,4.4,1.65,3.32,1.68,3.58,2.87,2.15,4.24,1.79,2.18,3.02,3.37,3.58,2.55,2.66,1.91,2.62,2.07,7.37,16.47,17.12,13.38,14.38,9.43,17.94,3.03,2.2,3.28,4.34,9.8
00-0037493,Mike Brown,NE,S,,296,measured,10.0,13.41,14.54,14.47,8.94,15.15,11.8,8.36,6.99,3.52,9.01,9.22,10.8,6.38,14.92,11.29,1.99,4.69,1.3,3.83,1.0,3.4,2.57,2.45,3.38,3.51,1.82,2.68,1.74,3.93,3.57,2.69,3.09,3.66,4.41,3.27,4.47,7.91,10.12,14.74,8.03,9.03,9.54,9.24,2.35,2.77,2.54,2.5,9.8
00-0038564,Cameron Latu,NE,TE,4.0,92,prior,8.7,11.24,12.51,12.31,8.95,13.59,11.8,9.12,5.91,2.87,8.75,10.91,6.05,13.04,10.99,5.58,2.06,2.65,5.5,1.75,3.54,4.12,4.06,12.16,3.48,4.09,6.75,15.25,6.29,4.43,4.65,7.97,9.92,5.81,4.1,1.9,1.82,1.39,3.43,3.71,3.35,2.71,3.15,2.2,3.58,3.99,2.05,1.0,3.61
00-0041395,Eli Raridon,NE,TE,2.0,0,prior,10.2,12.0,13.73,12.36,10.0,14.91,11.8,6.94,6.63,7.55,6.94,11.75,7.89,10.31,10.99,11.29,4.5,3.55,3.65,2.29,3.5,2.76,4.16,12.01,5.12,12.44,15.1,7.97,7.24,8.45,8.49,12.52,10.16,10.36,3.42,3.05,2.95,3.18,4.72,3.63,3.83,1.0,3.38,3.23,2.78,2.05,1.39,1.08,3.86
00-0033090,Hunter Henry,NE,TE,1.0,1611,measured,12.9,8.15,10.16,10.88,6.5,12.23,11.8,12.91,10.28,9.86,15.47,12.15,11.47,8.32,6.37,5.85,3.12,4.06,2.27,3.17,2.67,2.37,2.56,15.83,2.72,10.56,13.21,18.16,17.9,11.76,12.49,14.43,10.33,12.27,2.7,3.19,2.97,3.72,3.05,3.75,2.25,4.27,1.74,4.34,3.3,4.17,1.73,1.66,2.37
00-0038720,Julian Hill,NE,TE,5.0,870,measured,10.0,11.0,12.28,11.91,9.79,13.34,11.8,9.39,6.13,6.43,7.61,12.88,7.11,11.9,7.64,4.75,2.6,2.13,2.73,3.96,4.27,1.77,2.5,6.24,3.08,9.74,12.4,7.6,15.87,8.73,9.19,10.59,8.17,8.43,3.82,2.52,2.69,6.06,3.35,4.78,2.74,3.37,1.0,3.14,3.85,2.02,2.2,2.72,2.91
00-0036534,Shane Zylstra,NE,TE,,221,measured,8.6,10.75,12.0,11.68,9.21,13.15,11.8,10.13,8.28,4.06,9.17,13.67,12.28,6.4,15.98,15.41,3.49,3.8,3.0,3.68,4.79,4.01,2.5,6.97,2.42,4.77,7.43,13.66,7.87,4.5,4.86,8.1,9.33,5.95,1.63,2.57,3.56,3.12,2.73,4.37,2.99,1.88,4.97,2.83,3.52,2.44,2.66,3.57,3.06
00-0041314,Tanner Arkin,NE,TE,3.0,0,prior,9.3,10.04,11.41,11.23,11.66,12.56,11.8,7.94,7.49,7.82,5.18,10.34,16.48,10.31,10.99,11.29,1.0,2.12,1.0,1.93,3.76,2.17,1.74,6.67,3.85,7.11,9.77,8.1,8.66,8.18,7.9,10.23,8.86,8.08,3.77,4.51,1.22,3.44,4.04,2.96,2.12,4.28,2.76,4.13,2.68,1.8,2.14,3.3,2.58
00-0035676,A.J. Brown,NE,WR,1.0,1734,measured,14.7,14.16,13.93,12.21,9.5,14.49,11.8,14.33,12.95,16.31,9.47,11.56,12.11,7.11,18.72,4.8,2.91,2.07,2.93,5.06,5.09,3.78,2.05,13.12,14.66,14.36,13.29,15.71,17.4,14.43,14.5,2.0,2.15,3.82,3.48,4.77,3.65,2.69,3.24,4.11,1.96,3.78,3.73,4.66,3.97,3.89,2.16,2.87,12.1
00-0041319,Cameron Dorner,NE,WR,,0,prior,8.7,15.28,15.72,14.34,6.2,14.96,11.8,7.31,6.99,5.32,7.13,10.07,15.05,10.31,10.99,11.29,2.66,3.41,1.79,1.98,2.92,3.59,2.79,7.61,4.36,7.0,5.93,5.54,4.66,6.25,6.26,1.7,2.77,2.46,3.43,3.05,3.13,2.08,1.95,2.08,1.83,3.22,2.31,1.99,3.6,4.77,3.85,3.57,13.38
00-0038621,DeMario Douglas,NE,WR,1.0,907,measured,14.7,15.7,17.92,13.16,7.53,17.89,11.8,11.28,13.97,16.22,9.57,9.41,8.97,14.03,7.53,17.88,2.41,4.18,3.46,2.45,1.0,3.25,3.24,11.27,12.71,14.65,13.57,14.29,12.92,14.55,14.73,4.17,3.54,2.47,3.77,2.65,2.97,2.91,1.79,2.46,1.3,3.54,2.61,1.53,3.7,2.97,3.84,2.03,14.0
00-0040563,Efton Chism III,NE,WR,2.0,73,prior,10.8,14.74,15.14,13.0,7.87,15.07,11.8,8.55,8.18,12.48,6.58,15.12,8.22,13.04,10.99,11.29,1.96,3.48,2.81,1.88,4.16,3.47,4.49,12.87,10.82,14.08,13.0,13.46,5.44,7.21,6.81,4.05,2.54,3.68,4.89,1.27,4.62,3.62,1.79,2.05,4.65,3.06,3.55,2.85,3.35,2.28,2.79,2.63,14.16
00-0040570,Jeremiah Webb,NE,WR,3.0,0,prior,9.6,14.92,15.33,13.45,7.31,15.03,11.8,10.13,10.39,5.64,5.34,9.21,11.91,10.31,10.99,11.29,2.71,3.95,4.37,2.97,4.49,2.74,3.31,11.77,10.15,16.06,14.98,13.55,3.6,3.59,3.59,1.88,2.03,5.4,4.45,1.95,4.77,4.05,3.22,3.99,3.18,2.56,3.97,2.13,3.08,2.49,3.74,2.01,10.3
00-0041318,Kyle Dixon,NE,WR,,0,prior,8.3,13.73,14.81,13.09,7.93,15.17,11.8,7.1,8.57,6.69,4.21,16.04,7.97,10.31,10.99,11.29,2.31,3.05,3.11,2.26,3.91,3.75,3.4,7.61,4.36,7.0,5.93,5.54,4.66,6.25,6.26,5.05,3.97,3.96,2.84,4.44,1.9,3.86,2.29,3.48,4.06,1.76,1.75,2.51,2.33,2.05,3.24,2.03,12.76
00-0040131,Kyle Williams,NE,WR,2.0,301,measured,10.1,16.62,15.21,13.73,6.93,14.68,11.8,10.69,8.75,12.5,6.82,11.44,7.12,13.04,10.99,11.29,1.0,4.05,3.33,1.57,2.71,3.49,2.03,13.57,8.62,12.1,11.02,8.15,5.94,6.97,7.67,3.91,3.45,3.57,4.89,3.03,4.36,3.8,2.71,3.63,1.5,2.31,3.07,2.49,4.12,2.18,2.52,3.55,15.49
00-0033555,Mack Hollins,NE,WR,2.0,1240,measured,11.6,12.05,13.2,12.12,7.38,13.78,11.8,12.43,11.78,11.92,11.56,13.84,15.02,12.31,18.21,14.0,1.0,2.72,2.18,3.48,2.26,2.56,3.22,7.54,6.19,7.13,6.05,15.09,14.94,8.9,7.62,3.05,4.08,2.67,2.04,2.03,2.82,2.53,3.54,3.12,3.14,1.78,4.13,3.68,3.18,3.91,2.77,1.0,14.61
00-0037816,Romeo Doubs,NE,WR,1.0,1502,measured,12.2,14.19,15.1,13.56,7.29,15.1,11.8,11.59,9.84,12.28,7.78,7.24,10.21,12.02,6.16,6.92,4.2,3.33,4.35,3.8,3.79,3.39,3.99,9.24,8.71,7.31,6.24,12.72,13.78,10.82,9.18,4.38,4.08,3.05,2.74,2.74,1.16,2.72,2.78,4.44,4.79,2.45,4.27,4.44,2.31,4.41,4.37,3.84,13.19
00-0035242,Erik McCoy,NO,C,1.0,1085,measured,13.3,7.77,7.7,3.06,14.77,9.79,11.8,14.07,6.37,10.05,9.28,10.78,12.54,7.23,14.44,7.73,2.23,2.87,3.11,3.5,4.29,2.37,1.0,1.0,1.69,3.23,5.14,1.61,2.96,3.17,3.57,14.76,14.22,2.94,2.39,2.8,3.02,2.53,3.58,3.58,3.4,2.01,2.83,4.62,2.21,3.82,3.66,3.19,3.19
00-0035665,David Long,NO,CB,5.0,82,prior,10.4,15.28,14.63,19.4,7.5,16.06,11.8,13.25,6.24,12.26,9.93,11.13,12.35,15.07,7.06,7.67,2.38,3.61,2.15,2.32,1.52,2.58,2.89,1.52,4.11,3.13,2.82,4.1,2.51,3.15,1.2,1.99,3.92,4.11,1.78,3.49,2.04,6.68,10.58,13.62,7.32,7.32,10.09,7.6,3.46,3.03,3.93,6.49,3.27
00-0039357,Decamerion Richardson,NO,CB,3.0,376,measured,9.9,18.01,18.17,14.2,6.07,14.96,11.8,10.07,11.2,9.54,7.48,7.66,8.09,8.41,4.17,4.47,3.55,2.7,1.73,4.54,3.29,4.76,2.46,2.85,4.71,2.6,2.26,3.08,3.31,2.31,3.6,3.13,2.91,2.69,3.93,1.71,1.73,8.72,9.41,15.76,6.19,6.19,9.66,5.37,3.05,4.68,3.79,2.67,6.08
00-0039725,Jayden Price,NO,CB,3.0,0,prior,9.9,15.07,15.57,13.83,6.61,14.87,11.8,10.91,6.51,10.91,7.18,13.87,11.78,10.31,10.99,11.29,2.93,1.91,4.61,1.38,3.06,3.44,2.71,3.78,4.04,3.29,2.58,3.53,4.65,3.24,1.53,1.95,4.09,3.6,3.17,4.06,2.18,10.09,12.69,16.91,7.22,7.22,9.82,5.55,4.13,3.57,2.71,4.56,4.46
00-0038588,Jordan Howden,NO,CB,2.0,831,measured,9.7,14.54,14.1,13.5,7.0,13.06,11.8,8.9,10.46,8.75,8.5,10.38,8.75,15.21,14.39,5.58,4.13,2.86,2.76,2.86,1.0,3.67,1.0,2.63,2.94,3.06,2.24,2.59,4.12,3.36,2.76,3.63,3.19,1.4,3.54,4.54,2.8,11.87,12.37,14.57,7.1,7.1,9.94,6.38,5.34,1.79,1.9,1.85,15.75
00-0039860,Kool-Aid McKinstry,NO,CB,1.0,1427,measured,13.4,15.04,15.77,13.56,7.46,15.6,11.8,11.56,13.46,11.49,9.95,6.16,11.27,12.56,7.11,14.86,3.07,3.54,2.97,4.05,4.36,4.46,3.03,2.81,2.82,2.12,5.48,3.02,5.51,2.92,3.61,1.81,3.74,2.88,3.73,2.93,1.51,9.6,7.45,13.06,13.58,13.58,10.08,14.48,1.53,3.19,3.48,3.67,13.2
00-0041089,Lorenzo Styles Jr.,NO,CB,3.0,0,prior,10.0,19.4,18.11,13.94,6.66,16.67,11.8,7.8,9.23,8.25,6.6,8.6,16.07,10.31,10.99,11.29,3.27,3.28,2.87,3.17,2.04,2.8,4.17,3.54,2.62,1.9,2.58,1.82,2.6,2.2,3.19,1.0,1.96,3.77,2.92,2.66,3.04,7.53,11.65,16.17,5.78,5.78,9.84,4.69,3.73,3.57,4.63,2.43,6.17
00-0037250,Martin Emerson,NO,CB,2.0,887,measured,11.5,13.66,15.17,13.98,6.75,15.49,11.8,11.55,10.94,12.05,6.07,10.35,11.09,14.23,10.99,14.86,2.04,2.66,2.18,4.81,2.88,2.73,3.01,4.13,4.9,2.97,1.31,1.59,1.0,3.01,4.12,2.88,2.16,2.64,3.46,1.53,3.42,7.13,11.94,14.47,10.91,10.91,9.87,8.07,2.54,4.19,1.0,1.6,14.96
00-0040293,Michael Reid,NO,CB,2.0,0,prior,10.9,15.08,15.93,13.98,6.75,15.49,11.8,9.62,10.5,10.28,4.46,5.89,15.2,10.31,10.99,11.29,5.28,2.47,4.37,2.67,2.34,1.7,3.48,3.17,2.57,2.44,3.2,1.87,2.1,3.45,2.04,2.1,3.72,4.63,2.97,4.62,3.28,10.91,13.04,16.94,9.15,9.15,9.87,6.72,2.58,3.02,3.43,2.71,14.74
00-0040166,Quincy Riley,NO,CB,1.0,546,measured,12.7,14.77,15.57,13.63,7.23,15.4,11.8,10.34,6.96,13.19,8.41,14.34,8.38,13.04,10.99,11.29,2.13,3.5,3.54,3.56,2.88,2.03,3.0,1.94,4.68,3.62,1.0,1.26,2.65,2.08,3.72,2.47,1.27,3.0,2.29,3.26,2.82,9.33,7.09,11.89,12.8,12.8,10.01,11.8,3.41,2.48,3.15,2.46,13.4
00-0038781,Rejzohn Wright,NO,CB,4.0,0,prior,10.0,15.09,15.83,14.1,6.35,15.15,11.8,11.69,8.14,7.66,8.6,14.55,11.9,13.04,10.99,11.29,5.38,2.19,4.97,3.31,3.7,2.51,2.79,3.35,2.58,3.34,2.12,3.62,1.62,2.3,1.89,2.08,3.39,2.88,3.2,2.84,2.49,9.98,12.63,16.85,7.26,7.26,9.75,6.07,3.83,2.12,5.47,3.45,3.87
00-0041114,TJ Hall,NO,CB,,0,prior,8.1,12.56,14.35,12.8,6.64,15.1,11.8,8.92,7.53,9.97,6.9,14.99,11.32,10.31,10.99,11.29,3.25,3.96,3.58,5.13,2.33,2.49,4.01,2.7,2.75,4.05,2.39,4.57,3.19,3.37,3.2,4.32,3.14,3.24,3.1,2.71,3.78,7.38,11.71,13.47,4.84,4.84,9.83,4.32,3.45,3.92,4.53,3.56,6.17
00-0038995,Bryan Bresee,NO,DT,3.0,1289,measured,10.8,8.53,8.84,7.11,11.33,9.28,11.8,11.0,10.59,10.12,5.87,10.25,16.53,12.62,6.65,16.98,2.87,3.02,3.0,2.4,4.43,1.29,1.83,1.94,3.57,2.61,3.15,2.85,3.46,2.15,2.62,2.18,3.18,3.13,14.75,14.82,10.73,7.85,5.35,7.82,2.26,2.39,3.59,1.43,2.0,2.78,4.81,3.17,3.15
00-0041390,Christen Miller,NO,DT,3.0,0,prior,10.6,5.17,6.25,4.97,13.89,8.41,11.8,9.17,5.41,6.77,4.39,13.22,12.23,10.31,10.99,11.29,3.18,3.06,2.29,5.31,1.69,4.06,1.64,3.17,2.67,3.29,3.29,4.14,5.37,4.44,1.72,3.09,1.04,2.78,14.16,12.15,9.42,7.98,7.57,9.08,3.83,3.18,1.78,4.14,2.05,2.72,4.0,4.65,3.04
00-0038387,Colby Wooden,NO,DT,1.0,807,measured,12.2,9.47,10.48,9.46,12.0,12.33,11.8,10.83,9.5,11.22,8.65,12.97,6.83,12.27,14.84,16.61,2.52,3.47,2.51,3.97,4.33,3.33,1.66,3.85,2.56,3.29,3.57,4.13,2.6,5.02,2.2,2.06,2.07,2.56,8.98,9.14,13.62,15.26,14.81,10.38,3.29,1.71,3.64,2.94,5.33,1.63,3.99,4.59,1.61
00-0033860,Davon Godchaux,NO,DT,1.0,1152,measured,8.1,1.61,3.39,2.97,9.0,6.59,11.8,12.53,3.66,7.35,11.02,7.52,9.85,17.99,10.99,17.85,3.25,4.34,4.84,3.42,3.73,1.3,1.89,1.45,3.3,2.0,3.04,3.21,1.67,3.3,3.03,3.72,2.59,3.83,5.4,3.87,7.59,11.5,15.1,4.82,2.37,2.58,3.62,3.5,1.96,2.9,2.14,4.3,3.26
00-0041335,Jay'Viar Suggs,NO,DT,,0,prior,9.2,6.67,7.98,7.12,13.2,10.16,11.8,9.08,7.54,7.47,8.14,14.94,15.1,10.31,10.99,11.29,2.38,3.52,3.11,3.76,3.83,3.39,1.97,3.86,4.93,1.62,2.06,4.18,2.84,3.24,3.66,2.16,1.04,2.64,9.83,8.59,8.4,7.42,7.7,9.46,3.48,4.07,3.55,3.55,2.62,3.08,3.09,2.5,4.74
00-0037283,John Ridgeway,NO,DT,2.0,380,measured,8.8,2.5,4.05,5.66,12.92,7.87,11.8,8.67,7.91,7.81,9.12,12.82,8.62,5.83,4.44,5.18,3.36,2.9,1.0,1.62,3.16,3.15,3.53,3.35,2.41,2.83,4.18,3.42,3.43,2.02,3.9,2.97,4.88,3.9,8.52,5.92,7.36,8.98,12.49,7.13,2.55,3.17,2.19,3.4,1.4,3.3,3.48,2.85,2.5
00-0035944,Jonah Williams,NO,DT,,596,measured,11.2,7.13,9.18,9.1,11.28,11.55,11.8,10.15,9.8,10.91,8.23,9.46,10.53,17.99,10.99,15.41,2.17,3.87,2.62,4.81,2.26,3.26,5.36,3.98,1.81,4.32,1.73,3.61,2.16,1.35,2.95,3.57,3.34,2.04,13.13,12.73,12.16,9.89,7.85,9.49,4.26,4.32,3.85,3.06,3.6,2.02,4.75,3.06,2.52
00-0039401,Khristian Boyd,NO,DT,4.0,114,measured,8.7,5.29,6.25,4.78,14.33,8.46,11.8,10.6,10.14,7.77,7.89,14.12,11.1,14.76,10.99,11.29,3.21,2.64,3.45,4.09,2.9,2.95,4.12,4.36,3.32,1.76,3.93,3.08,4.47,1.72,3.2,2.94,1.62,3.32,9.06,6.95,8.43,7.29,5.82,9.93,4.44,3.73,4.07,1.06,4.37,3.34,3.52,2.37,3.45
00-0034760,Nathan Shepherd,NO,DT,2.0,1234,measured,12.1,3.75,6.01,6.96,13.23,9.22,11.8,13.81,10.68,11.75,10.42,8.1,14.22,15.36,16.55,16.28,2.84,2.33,2.47,4.74,4.05,2.96,3.29,4.59,4.51,2.19,2.14,3.41,2.5,2.16,2.43,1.86,2.06,2.63,14.33,12.06,12.3,11.86,10.73,6.4,3.53,2.49,2.5,5.05,3.61,1.18,3.64,2.14,3.72
00-0040642,Vernon Broughton,NO,DT,2.0,20,prior,7.5,5.74,7.18,6.53,12.64,9.2,11.8,6.36,6.28,5.29,5.34,7.61,15.1,13.04,10.99,11.29,2.9,2.06,2.44,2.68,4.94,1.98,3.21,3.81,2.57,4.36,2.7,3.68,2.74,1.14,1.47,1.68,1.52,4.22,6.29,4.93,7.88,6.49,4.47,11.62,3.95,4.37,1.72,2.4,2.55,1.97,1.84,2.46,2.15
00-0036193,Anfernee Jennings,NO,EDGE,2.0,1078,measured,11.3,10.43,11.92,11.0,11.27,13.08,11.8,9.02,8.07,10.44,6.75,10.43,13.99,12.35,16.55,17.92,3.53,1.97,2.35,3.63,1.37,1.91,2.48,2.98,2.84,2.37,1.95,3.77,3.85,1.68,2.44,3.73,3.76,2.53,8.5,8.36,12.14,16.93,19.01,8.08,5.8,6.8,3.02,2.58,5.2,3.3,2.65,2.91,3.96
00-0027962,Cameron Jordan,NO,EDGE,1.0,1242,measured,10.7,6.95,8.12,9.53,12.92,8.7,11.8,13.16,4.45,11.83,14.66,13.87,8.49,17.3,14.5,16.21,4.48,2.09,1.71,3.88,1.0,2.3,3.27,4.04,2.47,3.57,2.97,1.75,2.1,1.63,3.56,2.06,3.34,2.25,11.66,9.72,12.01,12.2,12.73,6.75,5.8,6.8,1.86,1.0,3.16,2.47,2.15,2.84,2.68
00-0035402,Carl Granderson,NO,EDGE,1.0,1587,measured,12.4,8.86,10.88,9.09,10.94,13.23,11.8,11.59,11.63,13.33,10.64,8.92,12.83,16.56,14.0,14.6,3.84,1.52,1.84,1.92,2.87,4.08,3.3,1.32,4.44,2.84,2.52,3.21,2.33,3.18,2.68,4.09,3.84,4.62,11.56,10.99,14.49,16.73,17.46,11.04,5.8,6.8,2.03,3.34,3.41,2.22,4.13,1.82,2.79
00-0036321,Chase Young,NO,EDGE,1.0,1282,measured,13.0,10.28,12.07,10.97,11.08,13.32,11.8,13.51,11.87,11.32,12.09,7.4,14.57,7.31,4.12,4.67,2.81,1.4,2.46,3.94,3.47,2.84,2.39,3.18,2.58,2.49,3.9,3.44,1.96,3.01,1.48,4.93,3.42,1.57,15.79,15.67,13.16,9.97,8.04,6.62,5.8,6.8,2.44,5.2,2.4,3.31,1.82,3.43,2.85
00-0036867,Chris Rumph II,NO,EDGE,3.0,341,measured,9.9,11.57,12.99,12.18,9.0,13.88,11.8,12.81,7.64,9.56,8.45,11.09,12.34,7.93,7.04,14.41,2.38,2.87,2.88,3.33,4.15,4.17,2.88,2.92,3.35,3.75,3.14,4.02,2.2,2.38,2.52,3.76,3.35,2.68,7.53,8.59,9.06,12.11,13.43,15.43,5.8,6.8,1.66,3.78,2.63,1.49,4.04,2.68,2.24
00-0040249,Fadil Diggs,NO,EDGE,,43,prior,7.3,12.92,13.73,11.19,11.17,11.7,11.8,8.23,4.84,5.7,5.61,12.07,14.73,13.04,10.99,11.29,2.91,2.95,2.88,3.74,2.44,2.48,3.81,1.34,2.31,3.2,3.78,2.12,2.12,2.93,3.59,3.07,2.67,4.29,4.76,5.54,5.45,5.11,4.15,14.12,5.8,6.8,1.92,2.49,2.38,3.97,3.48,3.13,2.42
00-0041329,Michael Heldman,NO,EDGE,,0,prior,8.5,10.59,12.23,11.19,11.17,13.39,11.8,7.83,9.14,6.03,4.52,9.26,6.26,10.31,10.99,11.29,1.78,4.39,3.49,2.94,4.96,2.14,1.89,4.69,3.26,4.0,4.11,4.6,1.63,3.07,3.25,2.89,4.03,4.17,7.21,7.16,6.62,7.97,9.29,13.94,5.8,6.8,3.26,3.47,3.55,1.25,3.88,3.74,5.4
00-0038541,Tyree Wilson,NO,EDGE,3.0,948,measured,11.3,10.4,12.21,11.15,12.0,13.43,11.8,11.11,12.25,12.71,7.94,13.71,9.11,14.45,15.02,16.1,2.1,2.6,1.52,3.88,4.35,3.23,2.16,1.28,4.1,3.87,3.29,2.27,3.05,1.58,1.0,4.29,2.38,5.96,11.33,10.93,10.17,11.29,12.56,10.03,5.8,6.8,3.92,4.67,2.79,3.21,3.71,2.3,2.74
00-0039229,Charlie Smyth,NO,K,,16,measured,10.9,10.24,11.42,10.24,9.88,12.53,10.39,8.6,7.52,9.53,7.69,6.28,10.48,13.04,10.99,15.41,2.12,1.85,1.63,4.46,3.98,2.34,3.07,2.94,2.32,5.07,3.91,3.71,1.44,2.87,2.32,4.36,3.8,3.42,3.08,2.93,3.05,2.85,2.9,3.73,2.18,1.51,2.37,4.78,12.15,9.74,4.33,2.13,2.44
00-0034161,Daniel Carlson,NO,K,1.0,70,measured,10.6,8.97,10.15,9.15,9.88,11.48,11.36,10.97,6.79,7.74,13.66,14.55,10.03,17.99,10.99,14.41,2.11,3.59,2.44,2.06,4.47,3.47,2.13,2.34,2.28,1.72,3.07,2.6,4.27,4.5,2.3,2.68,2.04,2.5,2.77,4.48,3.01,4.48,4.39,2.71,3.22,4.35,1.0,2.28,10.74,10.48,3.76,2.86,1.61
00-0040155,Danny Stutsman,NO,LB,2.0,186,measured,12.8,13.85,14.18,12.93,9.72,13.54,11.8,8.51,8.19,11.67,7.22,8.21,14.97,13.04,10.99,11.29,1.56,1.0,2.89,1.9,1.98,4.86,4.16,2.76,3.06,3.76,2.85,3.1,3.08,2.17,3.13,2.55,2.57,2.12,12.47,13.24,9.68,13.09,18.45,16.38,6.48,7.98,2.32,2.51,3.42,1.9,2.62,3.16,4.4
00-0039622,Isaiah Stalbird,NO,LB,2.0,52,prior,11.1,11.92,12.54,11.99,9.17,12.79,11.8,7.92,8.45,5.45,7.0,15.62,12.88,14.76,10.99,11.29,2.22,2.73,2.25,3.53,1.0,3.26,3.35,2.92,4.04,2.74,2.11,1.63,3.4,3.32,3.91,3.07,3.28,1.78,16.98,17.26,6.63,9.45,13.84,15.4,6.5,8.0,3.96,2.15,3.84,3.67,3.22,3.31,4.38
00-0039288,Jackson Sirmon,NO,LB,,0,prior,9.1,12.18,13.14,12.43,10.55,13.86,11.8,9.18,9.79,4.97,7.99,11.04,10.64,13.04,10.99,11.29,2.97,2.99,2.81,4.1,4.2,3.87,2.14,4.45,1.85,3.69,2.84,2.86,3.46,2.31,3.47,2.97,3.81,3.05,8.61,8.5,5.41,6.91,10.05,11.62,7.5,9.0,3.48,2.05,3.64,3.4,2.67,3.15,4.26
00-0039388,Jaylan Ford,NO,LB,3.0,7,prior,9.3,12.18,13.33,12.43,10.55,13.34,11.8,8.43,6.1,5.02,7.77,12.51,10.11,7.51,15.08,6.6,3.58,2.41,2.69,3.91,3.59,2.26,1.92,2.32,2.6,2.67,2.31,4.44,1.65,3.22,3.08,2.99,4.36,4.11,6.86,6.75,5.81,7.72,11.48,11.99,7.53,9.03,2.95,2.21,3.96,3.89,4.28,1.49,2.51
00-0035316,Kaden Elliss,NO,LB,1.0,2186,measured,12.5,11.06,12.02,11.47,10.55,12.96,11.8,10.29,6.77,10.24,11.67,10.22,14.42,15.24,7.42,7.62,3.82,4.67,3.19,2.33,4.07,2.0,3.69,1.13,1.63,3.24,4.0,3.5,3.48,2.49,1.52,3.85,3.32,2.51,15.31,14.81,12.99,12.3,10.69,14.19,13.16,14.66,5.76,11.08,2.77,3.62,3.06,4.25,3.72
00-0036927,Pete Werner,NO,LB,1.0,1480,measured,12.6,12.74,13.87,13.12,10.0,16.5,11.8,10.39,10.19,9.04,10.98,17.41,14.16,8.53,13.67,7.03,4.09,3.89,2.7,1.0,4.5,1.91,3.78,2.9,5.48,3.68,2.06,2.07,2.29,3.19,4.0,3.72,1.92,2.04,7.19,7.47,12.01,12.94,12.69,16.17,12.65,14.15,1.85,8.98,2.15,2.9,2.35,1.17,4.08
00-0033063,Zach Wood,NO,LS,1.0,2,prior,11.1,8.62,9.58,8.99,9.71,10.89,13.8,14.35,9.79,8.26,13.9,10.45,11.42,17.99,10.99,11.29,2.24,2.34,1.76,3.4,3.14,3.45,4.03,3.06,2.44,4.15,1.0,5.5,1.62,3.29,2.55,1.86,3.44,2.37,3.72,2.0,2.48,4.24,5.56,5.12,2.65,4.02,4.93,1.45,2.62,2.36,5.58,3.95,3.56
00-0036408,Cesar Ruiz,NO,OG,1.0,1751,measured,11.3,5.6,8.05,5.29,14.31,12.02,11.8,9.75,7.21,9.32,8.56,10.01,11.53,7.05,5.7,11.29,4.37,3.75,2.1,2.52,3.23,3.89,2.52,1.2,3.45,3.92,2.11,2.33,3.12,3.65,2.62,14.09,8.56,3.88,4.52,1.13,3.61,2.13,2.26,1.9,1.29,2.23,2.02,3.15,1.31,2.07,3.79,3.75,1.6
00-0035668,David Edwards,NO,OG,1.0,1630,measured,15.0,2.28,3.28,5.32,13.08,5.55,11.8,12.59,11.4,15.71,11.35,8.98,10.5,12.26,13.85,11.29,5.57,2.52,2.46,4.32,2.92,2.55,3.13,3.27,2.81,5.02,2.87,3.29,4.75,2.77,3.31,18.04,17.11,3.28,4.46,3.28,2.68,2.81,4.36,3.48,1.61,2.29,3.94,5.04,2.28,1.87,1.81,1.77,3.35
00-0036619,Dillon Radunz,NO,OG,2.0,1552,measured,11.0,4.38,7.11,9.42,12.46,11.26,11.8,10.62,7.3,7.26,9.08,15.87,13.05,12.49,7.49,14.52,3.51,1.0,3.25,3.26,1.8,1.23,3.33,3.11,3.37,3.47,3.18,2.33,2.06,1.77,3.54,11.25,10.91,4.34,1.51,1.15,3.2,1.68,4.16,1.0,1.75,3.92,2.57,4.04,2.82,1.39,3.57,3.51,3.33
00-0041065,Jeremiah Wright,NO,OG,2.0,0,prior,11.2,3.84,5.61,4.99,13.36,8.9,11.8,10.51,6.05,8.6,4.38,10.6,8.08,10.31,10.99,11.29,4.06,4.74,3.59,5.41,3.29,3.38,3.53,4.35,3.02,1.0,2.88,5.33,1.07,3.72,3.98,9.75,14.14,2.09,2.82,4.2,5.23,3.27,1.49,3.27,1.91,3.17,3.72,1.85,2.35,1.4,3.93,4.41,1.94
00-0038566,Nick Saldiveri,NO,OG,3.0,227,measured,11.2,3.85,6.73,6.61,13.17,10.58,11.8,10.08,8.12,10.79,5.91,12.45,7.27,7.75,17.07,14.56,4.05,1.62,2.44,3.26,4.29,2.41,2.78,4.12,2.43,2.22,3.18,4.3,4.02,4.95,1.75,13.12,9.72,3.4,3.6,3.18,2.6,2.99,3.88,1.49,2.09,3.8,1.7,1.85,6.15,2.92,5.77,4.91,1.7
00-0036535,Will Sherman,NO,OG,3.0,169,measured,10.8,4.13,6.27,5.32,12.0,7.42,11.8,10.8,7.56,4.41,10.22,11.29,12.44,14.05,10.99,11.29,2.12,3.96,3.82,1.85,3.22,2.33,4.33,3.61,3.31,3.29,1.9,2.34,1.94,3.53,1.0,10.83,12.21,4.26,2.11,3.98,2.07,1.95,4.46,2.2,2.24,5.17,3.26,3.25,4.79,4.18,4.04,3.89,3.5
00-0041330,Alan Herron,NO,OT,,0,prior,10.7,5.61,7.28,5.61,13.2,9.85,11.8,10.41,7.79,6.1,6.77,12.6,16.17,10.31,10.99,11.29,3.83,2.63,3.51,3.45,3.17,4.39,5.25,1.73,4.54,3.72,1.45,2.53,5.39,3.13,2.71,11.01,11.55,2.59,2.8,3.51,4.08,3.33,2.84,3.64,1.48,3.34,5.05,1.49,4.82,3.1,3.79,4.22,2.77
00-0041336,Alex Wollschlaeger,NO,OT,,0,prior,10.4,4.29,6.24,5.93,11.68,8.66,11.8,9.47,4.34,7.91,7.82,10.86,8.59,10.31,10.99,11.29,3.07,3.16,2.71,2.98,2.17,2.02,2.3,3.22,3.45,2.8,4.18,2.23,3.04,4.37,3.02,11.01,11.55,2.7,2.29,2.28,2.61,2.89,1.93,3.07,3.33,4.61,2.04,2.17,4.64,1.79,2.86,4.0,3.38
00-0038601,Asim Richards,NO,OT,2.0,468,measured,10.1,5.33,7.09,5.82,12.86,9.58,11.8,10.79,3.97,8.12,6.26,15.3,7.64,8.27,13.75,14.86,4.07,3.04,2.81,3.2,2.35,1.8,3.36,5.18,3.04,1.0,2.32,3.58,3.36,1.0,1.03,11.72,9.5,2.33,2.15,3.39,1.64,3.35,4.12,2.62,3.9,2.33,2.6,4.2,1.0,3.26,3.02,2.52,2.32
00-0040539,Easton Kilty,NO,OT,,0,prior,11.7,4.72,6.63,6.1,12.17,9.07,11.8,10.51,6.09,11.19,5.94,13.05,14.77,10.31,10.99,11.29,2.01,2.72,2.1,3.9,3.17,3.9,2.7,3.14,3.77,1.71,4.05,3.1,4.91,4.11,2.48,9.88,15.31,3.29,1.9,2.85,4.25,3.67,3.44,1.49,2.81,2.36,3.7,3.11,5.38,4.07,3.25,2.77,2.97
00-0040125,Kelvin Banks Jr.,NO,OT,1.0,983,measured,11.4,4.53,5.67,5.76,12.42,10.44,11.8,9.24,9.64,5.52,8.7,8.62,12.83,13.04,10.99,11.29,3.13,3.16,2.8,2.22,4.32,4.44,2.34,3.99,3.67,2.29,4.97,1.87,4.47,5.47,3.6,9.09,15.56,4.06,3.35,2.18,2.51,3.55,3.48,1.59,2.14,3.41,3.59,4.37,5.54,2.77,1.0,2.89,2.59
00-0041173,Mason Murphy,NO,OT,2.0,0,prior,10.1,4.8,6.54,5.35,12.42,9.02,11.8,8.18,6.64,6.44,4.29,10.41,9.3,10.31,10.99,11.29,3.51,1.0,2.57,3.2,3.72,3.56,3.43,4.65,2.3,2.11,3.41,2.85,4.26,5.17,2.4,10.24,11.35,2.87,2.5,2.68,3.83,3.35,4.29,4.37,3.54,2.2,3.41,3.73,2.37,3.38,3.55,3.07,1.97
00-0039339,Taliese Fuaga,NO,OT,1.0,1442,measured,11.3,4.93,7.27,4.81,11.96,11.28,11.8,8.92,8.85,6.7,8.28,11.85,13.64,8.23,18.54,6.78,1.91,2.67,2.95,3.57,3.15,1.0,2.82,2.76,2.89,1.85,3.28,3.95,3.24,3.56,2.2,9.99,14.66,3.48,3.49,3.9,2.14,4.02,2.94,4.74,4.58,4.34,1.19,3.31,1.54,1.98,3.14,3.7,3.33
00-0037500,Ryan Wright,NO,P,1.0,86,measured,12.7,6.05,8.96,9.72,10.13,12.13,13.24,9.82,10.88,9.0,8.92,10.6,9.05,16.96,10.99,11.29,3.91,2.44,2.18,2.52,3.26,3.38,2.07,3.61,3.19,3.22,3.29,3.71,2.72,1.28,1.7,3.9,3.28,3.54,2.46,4.17,1.97,3.84,2.42,2.05,3.26,1.58,2.81,2.39,5.52,3.95,15.13,10.28,2.24
00-0039376,Spencer Rattler,NO,QB,2.0,696,measured,8.7,7.33,7.87,11.28,10.08,10.92,11.8,6.65,8.04,9.81,8.03,11.57,6.27,14.76,10.99,5.58,13.64,8.26,9.4,6.44,7.58,12.69,6.68,6.44,1.0,9.4,3.5,2.87,3.51,4.23,3.8,4.37,1.53,2.16,2.5,3.56,1.81,1.3,2.4,3.96,2.61,2.51,4.3,2.32,2.69,1.85,2.66,4.28,3.69
00-0040743,Tyler Shough,NO,QB,1.0,565,measured,11.9,11.85,12.17,11.77,10.08,12.14,11.8,11.79,13.11,11.81,9.99,12.08,6.76,13.04,10.99,11.29,12.96,11.85,14.89,9.93,8.89,7.67,12.67,15.55,3.45,2.65,4.62,2.78,2.74,1.69,3.61,4.33,1.16,3.87,2.55,3.89,3.66,1.42,3.34,3.17,3.41,2.62,2.78,2.14,3.16,3.6,3.74,2.8,3.46
00-0037013,Zach Wilson,NO,QB,3.0,310,measured,8.3,9.73,9.97,12.03,10.08,10.8,11.8,8.41,7.42,6.42,8.23,11.35,13.75,7.83,4.31,16.36,16.58,6.97,6.69,8.56,6.78,6.16,7.72,4.31,3.18,2.19,4.53,3.12,2.7,1.62,1.21,2.03,1.0,2.65,3.5,1.76,3.77,3.87,4.62,2.27,3.65,4.49,3.06,1.86,3.26,2.91,3.1,3.25,2.31
00-0033906,Alvin Kamara,NO,RB,2.0,1077,measured,11.5,12.1,14.97,12.04,7.5,16.74,11.8,14.64,10.68,11.78,12.59,11.26,12.95,5.94,4.01,16.68,1.29,2.81,3.11,2.94,1.88,1.0,3.78,12.54,8.32,10.1,12.32,12.79,1.29,13.67,13.26,3.43,12.36,4.43,2.11,1.72,2.75,3.15,1.0,2.97,2.25,2.56,3.8,2.85,2.5,4.27,3.06,2.33,13.69
00-0039373,Audric Estimé,NO,RB,4.0,259,measured,11.1,10.62,13.54,12.07,12.0,16.27,11.8,11.77,9.28,9.14,6.58,11.19,9.15,14.76,10.99,14.86,3.84,4.25,2.22,2.46,3.48,4.07,4.1,15.26,9.24,7.86,9.51,14.45,2.07,5.3,4.22,5.53,12.81,6.53,4.91,2.32,4.42,3.23,2.43,3.29,2.2,3.29,3.71,3.13,3.3,2.6,3.8,2.7,11.59
00-0041326,CJ Donaldson,NO,RB,,0,prior,10.9,13.38,14.26,11.7,10.07,14.11,11.8,7.76,12.0,12.31,6.25,8.92,12.39,10.31,10.99,11.29,2.6,1.1,3.31,2.92,3.42,2.02,3.19,15.23,9.65,8.14,9.47,11.34,4.31,5.78,6.33,3.21,5.57,4.21,3.17,1.78,2.61,3.54,3.51,3.13,1.13,3.94,2.68,4.81,1.58,4.59,4.25,2.83,10.07
00-0040202,Devin Neal,NO,RB,,249,measured,10.7,12.74,14.37,12.85,9.08,15.92,11.8,9.75,9.87,9.26,8.27,10.25,13.81,13.04,10.99,11.29,3.52,4.58,4.88,2.79,3.34,2.79,3.54,16.55,8.03,7.37,9.15,13.16,1.0,4.45,3.72,2.98,4.6,3.98,3.61,2.32,3.35,2.37,4.44,3.84,3.69,3.31,3.92,1.44,2.79,3.68,2.48,2.02,10.96
00-0038551,Kendre Miller,NO,RB,3.0,214,measured,11.2,13.67,14.29,12.44,9.37,14.02,11.8,10.83,12.22,10.14,7.6,11.35,3.31,5.95,14.54,5.19,2.75,2.49,3.34,2.64,5.25,3.98,5.2,17.68,9.68,8.68,7.59,10.51,1.95,7.96,7.58,4.94,9.63,5.94,4.98,2.49,3.1,2.65,4.2,2.86,3.8,3.16,3.77,2.96,2.55,4.34,3.76,2.41,14.12
00-0036973,Travis Etienne,NO,RB,1.0,1323,measured,12.0,15.47,16.81,12.95,9.0,14.31,11.8,9.21,7.39,8.49,10.37,9.48,12.71,16.96,10.99,7.85,3.39,5.1,4.09,4.49,3.7,3.66,6.19,16.15,8.93,15.02,8.6,6.83,2.58,9.86,8.55,1.0,3.89,1.79,1.95,2.95,3.47,3.43,2.89,4.05,4.09,1.0,3.72,4.76,4.29,4.28,3.72,1.47,13.04
00-0037276,Ty Chandler,NO,RB,5.0,263,measured,11.5,16.98,15.83,13.41,8.31,11.95,11.8,10.6,9.52,8.35,9.36,7.4,8.32,5.52,15.98,4.47,3.4,4.29,2.25,4.62,2.75,4.36,1.64,14.73,8.19,7.63,9.33,15.11,1.67,5.84,4.98,5.17,4.8,6.17,2.74,3.18,3.38,2.88,1.46,3.5,1.72,2.89,2.08,2.53,2.43,3.13,2.1,4.01,14.28
00-0038040,Zamir White,NO,RB,,255,measured,11.2,16.62,17.43,12.07,9.99,14.31,11.8,11.35,9.34,11.14,7.35,5.07,11.4,7.95,6.87,5.23,3.38,1.71,2.05,2.65,3.04,2.26,3.32,13.97,7.5,7.72,8.47,13.5,2.67,6.46,7.52,1.0,6.51,1.23,3.29,2.67,2.87,2.03,2.2,1.0,3.13,4.16,2.1,3.99,1.9,3.47,4.72,4.04,15.04
00-0040643,Jonas Sanker,NO,S,1.0,895,measured,11.0,14.77,16.44,14.16,6.0,15.93,11.8,7.95,5.14,9.07,8.71,10.84,7.49,13.04,10.99,11.29,2.78,3.54,3.04,3.71,3.3,2.68,1.44,1.38,3.12,4.14,3.57,2.78,3.35,2.7,3.07,3.36,2.71,3.33,1.26,1.0,2.67,10.27,8.09,14.21,10.74,11.74,8.66,10.54,3.45,3.1,2.36,2.44,9.8
00-0036253,Julian Blackmon,NO,S,1.0,1178,measured,13.0,13.65,14.43,14.34,7.95,14.5,11.8,12.11,7.92,8.39,9.69,9.5,12.17,4.1,17.84,7.4,2.29,1.95,4.96,4.39,2.46,3.82,2.17,3.21,2.45,2.83,3.59,2.16,2.36,1.0,1.96,3.43,1.84,2.65,2.2,2.19,3.82,11.21,12.47,15.05,12.81,13.81,9.25,12.59,4.03,2.44,2.46,3.48,9.8
00-0034361,Justin Reid,NO,S,1.0,1798,measured,15.3,16.12,16.89,16.78,8.0,15.5,11.8,13.88,13.68,12.39,14.0,12.78,8.61,7.63,17.03,4.97,1.29,2.36,4.2,4.69,3.0,3.29,3.48,4.22,2.16,3.0,2.98,1.0,2.85,3.24,2.23,2.86,3.86,1.68,3.41,5.19,2.25,15.78,15.1,12.26,15.47,16.4,9.26,15.25,1.24,3.33,1.77,3.46,9.8
00-0036040,Juwan Johnson,NO,TE,1.0,1460,measured,12.1,12.1,13.68,12.7,7.0,12.99,11.8,13.17,9.98,9.77,10.38,11.63,7.74,14.1,6.94,18.72,2.84,1.97,2.81,4.25,2.76,2.1,2.72,5.04,3.05,8.41,11.07,13.43,17.47,13.55,13.53,7.57,16.27,5.41,1.0,3.68,3.81,2.63,1.24,3.69,3.35,2.69,2.39,4.23,2.81,3.2,3.69,2.74,3.47
00-0040244,Moliki Matavao,NO,TE,4.0,78,prior,9.1,9.2,10.1,11.51,10.71,11.93,11.8,7.64,7.6,6.07,7.05,8.98,13.85,13.04,10.99,11.29,2.28,3.89,2.89,1.68,3.71,3.53,2.83,7.97,4.33,4.81,7.46,13.69,6.13,5.28,4.57,10.93,9.13,8.77,3.26,2.53,2.19,3.27,3.37,1.0,3.4,3.85,3.47,4.85,3.14,3.4,2.34,3.16,4.24
00-0035644,Noah Fant,NO,TE,2.0,949,measured,13.1,14.05,15.67,15.17,10.0,16.97,11.8,10.79,11.0,8.28,9.78,8.24,8.84,12.1,18.87,7.1,3.06,2.15,1.74,2.51,2.6,1.83,2.95,15.06,3.22,11.3,13.96,14.13,14.87,16.26,15.97,11.27,9.23,9.11,3.29,2.8,3.74,1.97,2.66,1.0,3.2,3.41,3.53,3.16,1.0,2.3,2.16,1.89,3.13
00-0041041,Oscar Delp,NO,TE,3.0,0,prior,9.1,11.17,12.45,12.26,9.05,13.53,11.8,8.3,5.01,9.93,6.76,13.28,17.17,10.31,10.99,11.29,2.87,3.8,2.49,3.75,4.32,3.67,4.25,14.11,1.77,6.35,9.01,9.95,8.55,8.55,8.19,9.13,8.63,6.98,2.77,3.43,3.56,1.51,2.96,3.39,1.48,3.36,2.52,2.99,3.22,1.93,3.76,3.73,1.59
00-0037475,Stone Smartt,NO,TE,,317,measured,9.7,12.65,13.75,13.12,7.46,14.86,11.8,9.07,8.0,6.9,8.28,11.91,2.41,12.25,18.4,7.42,3.95,3.18,3.56,3.16,4.21,4.85,2.24,6.38,4.16,5.18,7.84,11.99,8.69,9.16,7.76,8.3,12.57,6.14,1.0,2.55,2.54,1.42,3.68,3.18,1.17,3.39,2.65,2.01,2.19,1.78,2.63,3.07,3.48
00-0039518,Treyton Welch,NO,TE,,15,prior,9.2,11.58,12.8,12.36,8.92,13.81,11.8,8.88,6.11,3.81,8.36,11.85,9.12,13.04,10.99,11.29,4.72,2.56,2.49,1.99,2.39,4.93,2.87,6.46,3.39,3.34,5.99,16.77,5.77,4.26,4.26,9.04,11.41,6.88,2.32,2.77,1.96,1.0,3.62,4.54,1.96,2.84,2.99,2.34,4.77,2.86,3.16,3.13,2.21
00-0041099,Barion Brown,NO,WR,2.0,0,prior,10.3,16.62,16.33,14.34,6.11,14.9,11.8,9.85,10.43,11.31,6.33,10.32,10.0,10.31,10.99,11.29,1.38,2.14,3.4,1.0,2.78,2.24,4.47,12.21,5.54,7.26,6.19,9.14,6.64,7.38,7.57,3.87,2.92,2.54,2.69,2.24,2.34,4.11,1.39,4.15,3.18,3.8,4.09,4.56,4.47,2.09,3.8,4.05,15.93
00-0041451,Brock Rechsteiner,NO,WR,,0,prior,8.3,13.65,14.76,13.0,8.05,15.18,11.8,8.06,10.16,5.3,5.8,10.06,10.37,10.31,10.99,11.29,4.09,4.48,4.68,2.81,2.1,4.07,2.37,7.61,4.36,7.0,5.93,5.54,4.66,6.25,6.26,2.39,3.43,4.31,3.03,4.1,3.32,3.12,2.64,2.81,3.2,2.11,1.0,2.01,2.02,5.24,4.58,3.16,12.73
00-0041067,Bryce Lance,NO,WR,1.0,0,prior,12.9,18.01,18.99,14.53,6.61,18.66,11.8,10.14,12.25,12.35,7.59,16.22,10.49,10.31,10.99,11.29,1.79,4.21,3.31,3.6,4.36,2.56,2.77,15.41,11.08,12.84,11.76,13.33,8.05,10.46,9.27,3.81,2.1,3.71,4.34,4.66,2.3,3.42,3.9,4.26,4.08,2.37,2.38,2.32,1.2,5.23,3.8,2.71,14.54
00-0038979,Cedric Tillman,NO,WR,,1020,measured,8.5,13.48,15.75,13.59,7.3,16.25,11.8,9.43,7.29,10.5,8.8,13.3,15.27,7.99,6.12,8.04,2.81,2.46,4.61,3.72,4.08,1.58,2.41,7.03,5.02,6.96,5.88,4.16,6.61,6.61,7.11,2.95,2.77,2.37,4.05,1.89,2.59,2.48,3.2,1.95,2.83,3.43,4.76,3.83,1.47,1.0,4.75,3.61,10.99
00-0037239,Chris Olave,NO,WR,1.0,1370,measured,14.5,16.86,16.56,14.22,6.31,13.11,11.8,12.17,13.24,13.33,9.51,10.84,6.99,7.54,18.17,14.63,3.86,5.47,3.85,4.22,5.05,3.27,4.11,16.61,9.56,6.16,5.08,13.7,12.46,15.51,15.12,1.0,1.19,4.75,3.15,2.2,3.46,3.57,1.81,3.62,2.76,2.33,3.64,4.94,2.84,1.88,4.49,3.72,10.5
00-0039424,Devaughn Vele,NO,WR,1.0,702,measured,12.5,14.77,15.81,14.12,6.38,15.12,11.8,9.58,12.59,9.61,10.05,12.82,13.72,11.92,14.7,7.51,3.3,2.09,3.19,3.15,4.45,2.07,2.53,14.56,7.12,7.71,6.64,13.96,13.72,9.26,10.6,2.82,2.69,4.07,3.47,3.05,3.91,1.47,3.27,2.03,3.45,3.06,3.03,2.43,2.32,3.85,3.33,1.92,13.84
00-0038740,Jalen Moreno-Cropper,NO,WR,,12,prior,9.3,16.08,16.15,14.84,5.49,14.86,11.8,9.59,5.3,8.95,6.77,5.16,10.97,14.76,10.99,11.29,3.58,1.48,1.28,3.34,1.77,3.73,1.34,8.24,7.95,13.66,12.59,9.83,3.68,4.29,3.77,2.84,4.87,5.41,2.12,4.91,3.45,3.45,3.24,2.41,5.29,1.14,4.34,4.22,2.52,4.95,2.27,3.76,10.39
00-0041029,Jordyn Tyson,NO,WR,2.0,0,prior,9.5,14.53,15.32,13.89,13.39,15.05,11.8,7.1,9.07,6.55,7.09,16.36,8.07,10.31,10.99,11.29,1.64,2.98,3.06,2.99,3.01,3.07,2.04,15.99,5.68,5.39,4.31,7.06,4.42,8.3,8.33,4.0,3.31,2.26,3.22,3.77,2.81,3.29,2.48,2.58,3.84,2.47,2.58,4.0,2.17,4.56,1.24,3.65,13.03
00-0037231,Kevin Austin Jr.,NO,WR,,435,measured,10.2,15.93,17.71,16.77,6.66,17.49,11.8,9.16,10.14,10.3,7.0,10.41,14.94,14.76,10.99,11.29,1.69,2.59,2.45,2.01,3.05,2.99,3.31,5.88,5.63,8.44,7.37,4.65,5.68,8.74,10.24,2.7,1.83,3.06,3.49,1.0,3.42,2.31,2.45,2.37,4.02,3.81,3.23,2.91,2.0,1.98,2.78,2.83,13.73
00-0040633,Kyrese Rowan,NO,WR,,0,prior,9.8,15.48,15.61,13.71,6.92,14.97,11.8,7.91,7.52,6.49,6.29,11.07,15.01,10.31,10.99,11.29,3.75,2.97,2.1,4.44,4.84,3.48,2.52,11.77,10.15,16.06,14.98,13.55,3.6,3.59,3.59,3.2,1.37,3.07,2.2,3.73,4.04,4.17,1.82,1.78,2.76,3.98,3.64,2.87,3.31,2.54,4.06,1.95,10.52
00-0039623,Mason Tipton,NO,WR,2.0,505,measured,10.2,15.36,15.61,13.87,6.74,14.97,11.8,8.38,9.18,11.71,6.73,8.16,7.73,14.76,10.99,7.51,3.45,2.39,3.59,4.02,2.63,2.11,4.37,7.88,2.33,6.37,5.3,9.78,7.25,7.23,8.18,2.14,4.1,3.93,1.73,3.98,1.0,1.89,3.37,4.69,2.59,5.51,1.19,2.77,5.4,3.91,2.72,2.03,17.22
00-0039052,Trey Palmer,NO,WR,,492,measured,9.6,18.24,17.29,14.25,6.33,14.97,11.8,10.66,7.48,7.19,4.97,10.17,11.85,4.43,13.94,15.08,1.45,3.84,2.21,2.9,1.75,2.54,3.25,5.14,2.8,4.29,3.22,4.99,5.78,7.34,8.01,3.11,2.28,5.46,2.65,2.01,2.94,3.37,2.46,3.18,3.13,2.89,2.21,2.16,4.33,3.83,3.25,1.52,12.8
00-0039446,Bryan Hudson,NYG,C,2.0,0,prior,9.3,4.1,5.97,6.34,13.01,8.3,11.8,8.23,8.95,7.38,5.67,13.04,7.63,13.04,10.99,11.29,3.91,2.77,3.65,2.31,3.05,3.82,4.89,3.27,3.53,2.67,3.89,1.14,4.01,2.46,1.76,10.93,7.36,3.38,2.36,1.9,3.37,3.37,3.83,1.95,4.13,4.0,1.59,2.62,2.46,2.7,2.28,3.09,4.35
00-0041234,Geno VanDeMark,NYG,C,,0,prior,11.8,3.79,5.47,5.88,13.19,8.0,11.8,9.79,8.6,12.07,7.15,9.58,11.16,10.31,10.99,11.29,4.78,1.69,3.0,3.04,2.68,3.3,1.57,2.39,2.97,2.98,4.71,4.16,3.39,2.95,1.7,9.86,16.1,2.8,5.71,3.19,3.08,4.29,3.9,3.28,1.63,2.33,3.12,3.4,4.36,3.62,2.83,1.89,2.26
00-0039019,John Michael Schmitz,NYG,C,1.0,1671,measured,9.3,1.75,4.28,7.03,13.65,8.81,11.8,10.58,4.73,8.03,6.43,9.77,14.13,7.55,14.07,7.89,3.94,3.64,2.38,1.44,2.7,2.28,2.36,3.71,3.28,1.4,2.35,2.35,1.25,2.56,4.02,9.69,6.83,3.32,3.33,2.67,4.95,2.58,2.39,2.89,2.94,3.12,1.47,4.39,2.62,1.8,3.64,3.75,2.64
00-0039442,Kingsley Eguakun,NYG,C,,130,measured,11.3,5.09,6.37,7.1,13.67,8.98,11.8,11.18,7.72,6.97,7.15,14.66,15.33,13.04,10.99,5.58,2.72,3.21,3.85,3.66,2.08,2.2,1.34,3.03,2.14,4.29,4.66,1.6,3.13,3.07,4.52,9.87,13.0,3.86,2.82,4.67,3.16,3.87,3.14,3.73,1.89,2.39,2.29,3.13,3.72,2.7,3.57,3.49,2.92
00-0039821,Andru Phillips,NYG,CB,1.0,1071,measured,12.9,14.77,17.43,13.9,6.38,18.97,11.8,12.14,11.41,14.16,7.04,9.71,11.07,12.23,17.38,7.78,2.19,3.27,2.57,1.44,2.94,2.2,2.63,4.0,4.86,2.83,3.57,3.33,2.78,2.46,1.93,2.73,3.45,1.48,1.97,2.83,3.08,4.88,15.16,12.47,12.15,12.15,9.76,12.4,4.1,3.96,2.04,2.32,12.7
00-0036587,Ar'Darius Washington,NYG,CB,2.0,565,measured,10.2,12.18,14.81,14.53,8.5,16.33,11.8,11.24,11.49,10.41,8.18,10.72,10.36,5.02,17.81,15.04,4.18,3.25,3.1,2.24,2.13,3.69,3.94,2.81,3.93,1.15,2.45,4.46,1.97,1.0,4.06,2.87,3.84,3.68,3.59,1.12,3.43,10.42,12.43,13.09,8.49,8.49,10.39,7.24,2.07,3.32,3.65,2.23,14.36
00-0041462,Colton Hood,NYG,CB,2.0,0,prior,11.2,15.7,16.19,13.81,6.86,17.35,11.8,9.98,7.03,10.86,5.0,11.86,12.57,10.31,10.99,11.29,1.0,1.0,2.64,2.85,1.57,3.56,1.57,1.96,3.19,2.85,2.91,4.14,2.55,3.42,2.27,4.08,2.43,1.59,3.0,2.94,2.95,9.14,10.42,13.86,9.63,9.63,9.9,7.88,3.1,4.06,3.25,3.08,18.33
00-0039000,Deonte Banks,NYG,CB,2.0,1283,measured,10.8,17.78,19.03,13.98,6.75,18.97,11.8,9.41,9.2,10.1,6.55,10.08,4.29,12.18,15.28,4.41,3.31,2.55,3.21,4.52,2.34,2.48,1.94,3.43,5.99,2.3,1.07,1.0,3.67,2.82,3.0,3.58,3.7,4.6,4.89,3.82,1.69,1.4,6.39,14.35,7.8,7.8,9.87,8.87,3.19,3.16,2.11,1.6,18.61
00-0039823,Elijah Jones,NYG,CB,,34,prior,10.3,15.7,17.43,14.12,6.1,18.91,11.8,10.54,8.81,9.33,8.49,16.31,11.74,5.45,4.46,11.29,3.0,1.95,2.3,2.45,1.31,2.9,3.35,2.4,3.57,3.36,2.27,2.3,3.29,2.11,3.17,3.12,3.41,4.84,3.9,2.15,4.05,8.32,10.32,14.67,7.7,7.7,9.67,7.03,2.5,4.28,2.54,1.78,5.78
00-0036996,Greg Newsome II,NYG,CB,1.0,1379,measured,13.4,16.86,16.32,14.39,9.0,16.86,11.8,13.76,15.22,10.96,8.68,12.19,13.52,12.48,14.2,17.83,3.73,2.62,4.66,3.54,1.93,2.52,3.29,3.17,3.3,2.66,3.15,3.97,1.67,1.88,1.36,3.6,2.46,2.76,3.49,2.86,3.4,7.98,6.11,11.46,12.72,12.72,10.54,14.76,3.07,1.0,4.31,1.14,9.03
00-0038401,Jarrick Bernard-Converse,NYG,CB,4.0,22,prior,9.7,15.06,15.95,13.74,7.29,15.79,11.8,11.28,9.56,11.49,6.05,7.59,10.8,15.84,10.99,7.29,3.46,1.49,2.05,2.01,3.15,2.14,2.44,3.04,3.48,3.24,1.77,3.44,3.94,4.0,2.67,2.89,3.56,4.35,2.68,2.45,3.64,8.74,11.71,14.7,6.78,6.78,10.03,6.1,2.62,3.85,2.91,3.65,4.66
00-0040243,Korie Black,NYG,CB,3.0,168,measured,8.7,15.07,15.7,13.87,6.69,15.11,11.8,9.01,7.36,8.08,9.39,9.04,13.27,13.04,10.99,5.58,2.38,4.27,4.08,4.38,1.37,2.14,3.32,2.56,2.91,5.17,2.34,2.15,1.64,1.35,3.42,3.12,2.07,2.08,2.58,2.74,4.62,9.38,12.51,14.61,4.82,4.82,9.85,4.27,3.95,3.83,1.0,3.52,6.12
00-0038986,Nic Jones,NYG,CB,3.0,44,prior,9.3,14.08,14.59,13.18,6.64,13.91,11.8,8.6,9.44,8.51,7.63,12.56,11.16,11.79,15.38,11.29,2.53,1.5,3.39,3.08,4.07,3.55,4.26,2.81,3.96,2.92,2.47,2.36,3.09,3.16,3.05,3.87,2.25,4.05,2.71,3.35,4.47,9.79,12.06,14.49,6.64,6.64,9.83,5.81,3.17,3.79,4.72,2.49,4.67
00-0036937,Paulson Adebo,NYG,CB,1.0,1360,measured,15.2,15.47,15.08,17.1,9.0,14.96,11.8,13.73,14.9,11.84,11.63,10.58,13.42,7.92,6.91,6.76,3.04,2.14,3.08,3.06,4.15,3.47,4.22,3.29,3.71,1.96,3.35,2.22,2.01,2.59,3.51,3.7,2.42,2.23,4.38,3.05,2.7,5.29,12.57,17.34,16.19,16.16,10.54,15.42,5.75,3.53,2.49,3.37,8.37
00-0039620,Rico Payton,NYG,CB,3.0,44,prior,9.6,15.08,15.59,14.01,6.24,14.72,11.8,10.33,6.19,7.84,7.44,18.66,12.63,14.76,10.99,16.9,4.72,4.1,4.13,1.0,1.81,3.76,3.54,1.68,1.94,1.39,2.1,2.19,3.19,3.17,2.86,4.13,2.63,2.46,4.07,2.32,1.87,8.41,12.69,16.84,6.65,6.65,9.71,5.43,4.89,5.36,2.15,1.5,5.41
00-0041142,Thaddeus Dixon,NYG,CB,4.0,0,prior,8.5,15.08,15.86,13.92,6.72,16.92,11.8,8.09,7.8,9.24,4.35,7.41,15.94,10.31,10.99,11.29,4.05,1.76,3.18,3.35,4.09,3.11,2.67,3.04,2.89,2.78,1.57,3.65,3.74,2.88,3.1,4.32,3.51,2.68,2.21,2.09,3.82,7.37,11.98,14.62,4.56,4.56,9.86,3.77,2.8,2.38,4.48,4.91,6.16
00-0039176,Basil Okoye,NYG,DT,2.0,192,measured,8.1,5.42,6.94,6.43,12.3,8.93,11.8,10.11,8.14,8.22,8.1,16.69,10.7,10.31,10.99,11.29,5.18,4.69,1.48,1.86,2.75,3.58,2.76,3.11,2.06,2.51,3.26,2.57,1.97,1.0,2.82,2.06,3.48,1.46,6.26,4.9,7.12,9.09,9.27,8.13,2.36,1.0,2.37,2.82,4.88,1.68,3.21,3.37,4.21
00-0041141,Ben Barten,NYG,DT,,0,prior,9.2,4.55,5.54,4.11,14.18,7.74,11.8,6.31,7.1,4.11,5.74,9.9,15.53,10.31,10.99,11.29,1.58,3.58,1.78,1.72,2.89,3.23,3.53,4.51,1.86,5.13,3.49,2.56,3.44,2.0,2.73,2.6,1.25,2.9,10.37,8.05,8.4,7.42,7.7,8.61,4.11,2.47,4.24,3.78,2.49,3.56,3.89,3.73,2.7
00-0041095,Bobby Jamison-Travis,NYG,DT,2.0,0,prior,9.0,4.69,5.69,4.3,14.11,7.89,11.8,8.38,6.58,7.9,8.13,11.75,12.6,10.31,10.99,11.29,3.18,2.89,2.91,1.9,3.63,4.12,3.87,2.54,2.72,2.49,3.69,2.55,2.24,2.32,1.73,1.26,1.87,3.56,8.95,6.7,7.99,8.32,8.81,7.23,3.78,3.96,3.27,1.85,1.45,4.83,3.23,2.92,2.67
00-0032424,DJ Reader,NYG,DT,1.0,1088,measured,11.1,1.0,1.96,3.64,15.24,6.95,11.8,12.96,10.57,8.12,13.14,16.3,10.13,12.37,15.48,8.0,3.04,3.84,3.06,3.34,4.65,3.5,1.06,2.35,2.56,2.99,2.84,2.54,3.13,3.51,4.16,2.86,2.57,2.32,11.3,7.36,11.87,13.41,8.77,2.76,2.29,4.09,4.65,1.33,4.01,4.1,3.29,2.68,3.85
00-0040694,Darius Alexander,NYG,DT,1.0,347,measured,11.2,7.33,8.47,6.17,14.31,10.93,11.8,10.26,10.77,7.89,8.15,9.74,15.09,13.04,10.99,11.29,3.08,3.2,3.29,2.92,2.51,1.9,5.16,3.98,2.39,2.45,2.93,3.91,1.0,2.16,3.63,2.54,4.44,2.68,12.12,10.72,11.06,10.19,8.57,9.27,2.45,2.18,4.5,1.0,2.08,1.48,4.08,2.05,4.84
00-0033347,Josh Tupou,NYG,DT,,229,measured,9.9,1.56,2.38,1.0,14.81,4.58,11.8,13.35,7.31,8.0,12.76,11.04,10.01,12.54,6.74,13.98,3.24,2.86,2.14,4.02,2.88,1.0,2.58,2.55,3.67,4.92,2.48,3.06,2.9,2.4,4.79,2.41,2.1,2.55,11.91,8.32,9.07,9.0,9.09,8.52,1.71,2.0,2.49,3.68,3.73,3.1,1.95,2.4,1.65
00-0032667,Roy Robertson-Harris,NYG,DT,3.0,1107,measured,10.2,4.59,6.4,6.6,11.07,8.56,11.8,13.71,6.54,7.11,12.39,14.99,11.73,8.46,13.69,13.9,2.72,5.02,2.88,4.45,2.54,3.12,1.0,1.83,2.14,2.67,3.55,3.67,1.0,2.82,3.54,3.28,3.31,2.93,13.89,12.67,9.12,8.23,8.34,4.58,2.81,4.95,2.86,3.61,2.78,2.29,2.42,3.81,3.63
00-0031270,Shelby Harris,NYG,DT,1.0,995,measured,13.4,4.86,6.14,5.57,13.38,8.91,11.8,12.85,11.86,9.35,13.58,9.17,11.54,13.74,14.9,16.44,3.77,2.86,2.19,3.22,2.05,3.13,1.0,1.39,1.77,3.21,2.57,1.29,2.65,2.62,2.6,2.95,3.22,3.7,12.52,10.58,15.49,16.17,13.8,6.04,1.93,3.89,1.89,5.62,1.76,4.2,3.09,2.6,2.3
00-0040677,Abdul Carter,NYG,EDGE,1.0,768,measured,10.8,11.08,12.61,11.67,11.17,13.63,11.8,7.6,9.7,10.72,8.5,14.07,10.39,13.04,10.99,15.41,4.15,3.51,3.81,1.61,3.62,3.37,2.64,1.0,1.99,2.4,2.99,3.42,3.09,4.46,3.67,3.93,2.6,2.49,10.86,10.98,10.27,9.62,8.2,11.51,5.8,6.8,1.0,2.09,3.27,2.76,4.95,2.8,2.93
00-0035713,Brian Burns,NYG,EDGE,1.0,1692,measured,14.1,13.54,15.88,12.94,10.56,15.59,11.8,14.07,12.25,13.81,12.68,10.35,11.88,11.85,14.86,17.61,3.19,2.44,4.16,2.21,2.54,2.32,3.61,2.68,2.04,4.06,4.36,2.86,1.0,2.82,1.18,3.0,2.57,5.11,16.18,17.39,11.84,8.16,14.13,14.15,5.8,6.8,4.34,3.95,4.33,1.85,4.32,3.81,2.58
00-0036982,Chauncey Golston,NYG,EDGE,2.0,791,measured,10.2,9.26,11.28,7.39,11.49,14.2,11.8,10.98,6.73,7.56,8.97,12.57,12.33,7.94,4.15,6.92,3.7,2.35,4.04,1.0,2.22,2.34,4.8,1.22,3.06,1.17,2.57,4.27,2.79,3.09,2.59,2.85,2.46,3.3,8.93,8.31,9.36,13.15,14.7,8.48,5.8,6.8,3.43,4.57,3.1,1.37,2.5,4.34,3.18
00-0037611,Kayvon Thibodeaux,NYG,EDGE,2.0,1242,measured,10.9,12.74,13.61,11.59,13.85,13.73,11.8,9.85,8.49,6.97,8.56,9.66,9.51,6.41,4.57,16.74,2.88,3.78,2.37,4.44,2.27,3.42,1.95,2.05,1.8,2.96,2.01,3.66,4.9,3.99,3.45,2.16,2.15,3.64,10.03,9.8,10.6,10.45,7.0,9.13,5.8,6.8,1.78,1.0,2.58,4.59,3.86,2.71,3.13
00-0040434,Trace Ford,NYG,EDGE,,0,prior,6.8,11.1,12.41,11.45,11.44,13.41,11.8,8.35,4.2,2.55,6.3,12.17,15.53,10.31,10.99,11.29,2.83,4.86,3.61,1.32,4.42,2.51,3.7,2.92,2.79,3.39,4.03,2.41,2.24,2.03,1.04,2.68,3.39,4.82,4.97,5.01,4.99,4.99,3.99,13.63,5.8,6.8,1.38,2.17,2.63,3.72,3.63,3.35,3.22
00-0041585,Grant Finley,NYG,FB,,0,prior,10.4,10.24,11.43,10.3,9.89,12.53,11.8,8.06,7.41,8.98,6.13,7.93,6.7,10.31,10.99,11.29,3.48,2.25,4.37,1.8,4.26,3.67,3.01,8.61,2.26,3.85,16.99,6.13,2.53,3.02,4.24,10.2,6.94,11.2,4.92,4.01,3.48,3.19,3.41,1.08,1.62,3.9,1.43,1.0,3.74,2.15,3.35,3.96,2.23
00-0033376,Patrick Ricard,NYG,FB,1.0,722,measured,16.3,8.74,9.93,9.01,9.89,11.28,11.8,12.33,15.68,16.0,14.49,12.48,11.21,8.28,4.02,6.96,1.89,2.1,1.66,4.05,2.93,1.72,2.75,9.59,3.39,12.02,13.53,13.45,3.53,3.63,1.64,18.19,16.49,19.58,3.95,2.63,2.77,2.87,1.72,3.57,2.67,2.82,1.77,2.56,3.39,4.81,3.37,3.92,3.18
00-0041145,Dominic Zvada,NYG,K,1.0,0,prior,14.5,10.24,11.42,10.24,9.88,12.53,14.84,10.85,14.56,10.15,8.08,11.9,5.03,10.31,10.99,11.29,2.6,2.7,3.25,2.57,3.24,3.32,3.93,3.51,1.26,3.33,3.71,5.08,3.04,2.33,2.39,3.94,3.69,2.71,1.0,1.92,3.43,1.85,2.24,4.69,2.02,1.75,3.93,2.11,14.22,14.73,4.68,3.73,2.36
00-0041509,Arvell Reese,NYG,LB,1.0,0,prior,11.7,15.24,15.17,13.42,9.63,14.19,11.8,8.17,6.45,7.56,6.73,10.09,11.18,10.31,10.99,11.29,3.04,4.85,4.62,3.06,3.33,2.73,2.47,2.19,2.2,3.26,4.67,3.55,1.21,3.78,2.8,2.53,2.79,2.1,8.54,9.82,10.14,11.68,13.08,16.13,8.89,10.39,3.22,6.71,2.98,3.43,2.86,1.68,3.65
00-0040108,Chandler Martin,NYG,LB,,0,prior,8.8,11.94,12.52,11.53,10.79,13.22,11.8,7.26,7.4,5.78,6.08,15.17,8.64,13.04,10.99,11.29,2.91,5.2,3.78,3.76,2.0,1.0,3.76,3.22,3.9,1.92,3.25,3.43,1.81,3.26,4.64,2.94,1.02,2.78,8.05,7.77,5.43,6.93,10.21,11.56,7.16,8.66,3.9,2.03,3.91,3.2,3.3,3.08,3.06
00-0041102,Jack Kelly,NYG,LB,2.0,0,prior,11.8,12.92,14.71,13.26,10.55,15.84,11.8,8.51,10.73,7.77,6.66,10.12,6.88,10.31,10.99,11.29,2.82,3.42,2.84,3.04,4.16,3.39,1.0,3.5,3.21,3.87,4.45,2.5,4.82,3.38,1.81,3.82,3.88,3.84,13.32,13.47,10.26,12.43,15.13,16.2,4.94,6.44,4.4,2.76,3.02,2.45,4.08,4.09,4.41
00-0036280,Malik Harrison,NYG,LB,,593,measured,12.4,11.2,13.0,14.32,10.43,14.63,11.8,9.8,9.36,10.06,8.9,12.67,12.68,13.71,13.65,5.06,3.63,3.22,1.36,2.92,3.76,4.6,1.0,3.71,4.07,2.69,2.77,3.62,4.08,3.13,5.17,2.37,2.52,3.02,6.14,5.72,19.22,17.9,12.25,11.91,9.46,10.96,5.77,6.14,4.61,2.74,2.2,3.54,2.26
00-0037259,Micah McFadden,NYG,LB,2.0,762,measured,14.6,12.12,13.02,12.44,10.67,13.56,11.8,11.08,11.39,7.99,9.08,10.78,12.03,13.81,6.93,14.69,2.23,3.86,3.4,2.26,2.99,4.74,2.46,3.17,1.51,2.13,3.11,3.44,3.18,3.86,2.74,2.64,3.57,3.44,14.41,14.24,17.55,18.86,18.54,14.83,7.09,8.59,2.82,5.0,4.26,4.29,3.07,2.24,2.38
00-0034673,Tremaine Edmunds,NYG,LB,1.0,1815,measured,12.8,13.36,12.91,13.29,9.5,13.84,11.8,13.19,5.33,7.92,10.13,14.1,8.88,6.96,14.81,13.9,2.4,1.94,1.97,3.23,1.92,2.45,2.77,3.59,4.39,1.0,1.96,2.48,2.21,2.16,2.22,4.26,3.39,1.9,8.44,9.11,9.77,10.16,10.39,17.45,16.43,17.64,2.61,17.34,3.39,2.8,3.63,3.92,2.41
00-0038399,Zaire Barnes,NYG,LB,3.0,82,prior,12.1,12.03,12.78,11.95,10.4,13.43,11.8,9.73,11.05,5.87,7.6,10.32,16.3,4.5,16.95,11.29,2.9,3.4,3.02,5.36,3.61,3.15,3.48,1.97,3.04,2.6,3.04,3.18,3.08,1.0,3.84,3.54,4.5,4.77,8.22,8.1,10.34,13.03,17.23,12.26,8.32,9.82,3.42,4.8,3.05,1.0,3.35,4.2,3.55
00-0041143,Ben Mann,NYG,LS,1.0,0,prior,7.9,10.6,11.56,10.69,9.71,12.54,12.05,8.14,6.97,9.85,6.82,8.94,8.57,10.31,10.99,11.29,1.93,1.96,3.49,3.55,4.76,2.71,3.59,3.66,3.25,2.24,2.98,4.7,4.24,2.81,3.78,2.38,3.16,1.86,3.07,2.13,2.34,3.42,2.35,3.17,2.79,2.07,2.93,4.29,1.77,3.2,1.0,2.35,1.24
00-0034668,Aaron Stinnie,NYG,OG,2.0,472,measured,11.3,3.03,4.31,3.64,13.14,6.99,11.8,11.34,11.46,7.3,9.34,9.22,9.66,15.27,14.74,11.29,4.46,1.91,2.79,3.16,3.28,1.86,4.64,2.26,2.78,4.28,4.34,4.06,1.92,3.38,2.61,8.24,16.61,3.27,3.22,3.3,2.38,3.21,4.43,1.64,3.84,2.08,1.0,3.6,2.78,2.77,4.1,4.05,2.74
00-0041505,Francis Mauigoa,NYG,OG,1.0,0,prior,11.1,3.57,5.62,5.36,13.4,9.17,11.8,8.89,6.86,6.65,7.0,15.7,9.26,10.31,10.99,11.29,3.21,2.77,3.32,3.55,3.93,1.0,2.57,3.76,4.61,4.48,2.99,3.94,3.3,2.76,2.38,13.36,9.73,3.09,3.42,2.38,3.46,2.94,3.27,2.26,3.3,1.85,1.91,3.06,2.21,2.08,2.25,2.49,3.17
00-0036246,Jon Runyan,NYG,OG,1.0,1930,measured,12.9,5.22,6.42,6.69,12.46,9.42,11.8,11.0,12.8,10.56,10.48,10.36,12.76,13.68,15.16,15.02,2.03,3.57,3.76,1.59,2.75,2.22,2.28,3.13,2.97,5.07,1.82,1.54,3.32,4.23,1.48,11.71,17.48,2.63,3.17,3.44,1.67,2.43,3.87,3.51,2.62,3.56,2.53,3.37,2.25,2.2,4.86,2.07,1.95
00-0036386,Andrew Thomas,NYG,OT,1.0,1245,measured,14.3,3.7,6.25,7.14,10.67,9.99,11.8,13.46,9.18,13.75,10.22,13.57,8.03,7.92,4.97,15.14,4.93,3.53,4.24,2.89,2.27,3.08,4.09,3.25,2.63,3.31,2.82,2.34,2.14,2.42,2.96,16.75,17.02,3.35,3.08,4.11,4.34,1.64,3.97,1.63,2.65,2.7,4.1,3.54,3.22,2.7,3.0,3.36,2.74
00-0037194,Darian Kinnard,NYG,OT,,313,measured,10.5,2.35,3.58,1.89,12.34,5.64,11.8,8.79,12.38,5.95,7.92,7.81,4.76,15.31,10.99,15.41,1.62,3.52,2.15,2.02,3.13,2.81,3.26,2.89,4.18,3.91,4.32,2.55,2.73,2.12,3.26,12.24,12.23,2.71,3.37,3.0,3.37,2.71,4.89,2.32,2.52,2.83,1.43,3.07,2.77,2.4,4.44,3.31,2.93
00-0041101,J.C. Davis,NYG,OT,2.0,0,prior,9.9,4.53,4.67,4.68,12.69,8.79,11.8,5.92,9.12,9.34,5.86,14.74,15.52,10.31,10.99,11.29,2.86,5.1,1.69,2.42,2.13,1.77,3.12,4.26,3.53,2.27,3.18,1.63,3.23,2.56,3.68,10.41,11.35,3.5,4.58,3.05,3.97,2.3,2.96,2.73,2.43,3.17,3.16,1.88,4.39,4.16,3.27,2.17,6.05
00-0041578,Jarrod Gray,NYG,OT,,0,prior,10.2,4.09,5.95,5.4,11.57,8.4,11.8,7.11,4.39,7.81,4.69,11.27,9.85,10.31,10.99,11.29,1.92,2.87,1.54,2.69,3.61,3.14,1.66,2.21,3.9,1.0,3.0,2.28,3.33,2.81,3.08,11.01,11.55,2.46,3.07,1.85,2.94,4.62,2.71,1.42,2.04,2.55,4.58,3.31,5.0,4.71,1.91,3.66,1.96
00-0033290,Jermaine Eluemunor,NYG,OT,1.0,1967,measured,14.8,2.39,4.23,2.57,17.09,7.39,11.8,12.74,11.36,10.65,11.0,6.1,11.55,13.94,14.83,15.14,5.39,1.26,1.9,3.26,2.44,5.03,1.85,4.06,2.7,3.26,3.63,3.25,3.43,2.87,2.22,18.14,16.82,3.67,5.26,3.97,4.02,3.54,2.37,3.27,1.26,3.87,3.04,2.62,3.19,1.8,1.68,1.75,2.59
00-0040181,Marcus Mbow,NYG,OT,2.0,295,measured,12.1,5.23,7.14,6.5,12.6,9.59,11.8,9.59,6.49,8.54,4.98,8.51,7.67,13.04,10.99,11.29,2.01,3.49,2.52,2.36,2.02,3.29,3.63,1.82,3.61,1.08,2.78,3.44,5.13,1.23,4.1,11.12,15.35,2.63,3.35,1.0,3.39,3.4,4.65,1.45,3.38,1.84,3.94,3.86,3.3,2.77,3.0,3.64,3.17
00-0041144,Ryan Schernecke,NYG,OT,,0,prior,10.0,3.37,5.2,4.66,10.87,7.67,11.8,8.1,5.19,6.39,5.04,9.99,17.14,10.31,10.99,11.29,3.23,2.76,3.0,1.46,3.72,2.92,3.55,3.06,2.54,2.82,1.7,3.89,4.11,2.57,3.3,11.01,11.55,5.14,2.94,2.73,3.52,1.51,2.46,1.97,3.71,2.76,4.5,2.66,5.62,1.67,3.42,3.39,1.0
00-0038094,Jordan Stout,NYG,P,1.0,80,measured,13.6,11.5,11.67,9.7,10.13,12.1,12.99,11.59,9.92,11.18,9.09,8.25,10.7,16.96,10.99,14.09,2.42,3.66,2.54,2.27,3.17,3.28,3.97,4.15,2.88,3.65,1.2,3.35,3.32,3.54,3.2,2.58,3.88,2.9,5.63,3.19,2.55,1.67,3.42,2.49,2.34,3.13,3.76,1.0,2.15,3.92,16.09,11.11,2.97
00-0038998,Jake Haener,NYG,QB,,51,prior,6.7,9.88,10.44,12.88,10.08,13.02,11.8,6.71,6.67,2.45,9.15,14.91,6.79,12.42,10.99,11.29,4.75,5.33,7.78,8.82,4.84,5.86,6.79,7.25,2.78,1.0,3.25,3.4,2.39,3.4,2.06,1.79,2.51,2.93,1.65,2.32,2.86,3.64,2.76,3.33,3.08,3.9,3.26,3.33,3.62,2.82,4.31,1.0,4.25
00-0031503,Jameis Winston,NYG,QB,2.0,508,measured,10.3,5.43,5.1,10.25,10.08,6.82,11.8,10.05,9.73,8.39,15.49,4.36,8.28,7.91,13.61,4.22,16.5,7.21,10.43,8.38,14.17,16.08,7.78,4.06,2.93,4.94,2.25,2.87,3.33,3.05,1.33,3.85,4.14,2.02,2.93,5.46,2.52,3.86,4.1,2.97,3.57,2.91,3.74,1.96,2.17,3.26,3.22,2.89,3.01
00-0040691,Jaxson Dart,NYG,QB,1.0,702,measured,10.5,9.46,10.07,12.15,10.08,11.18,11.8,12.87,9.77,9.27,7.71,16.26,8.67,8.04,5.94,11.29,10.59,11.5,8.45,11.52,8.41,7.29,12.21,15.43,2.22,3.42,3.65,2.72,2.93,4.33,2.9,2.56,3.52,3.41,2.34,4.26,1.0,1.7,2.82,4.38,3.81,3.13,3.72,3.88,3.3,1.94,1.09,3.44,2.89
00-0040715,Cam Skattebo,NYG,RB,1.0,266,measured,11.2,13.72,14.64,12.85,9.08,16.64,11.8,10.48,6.55,9.14,8.86,9.62,6.66,13.04,10.99,11.29,3.71,2.06,2.13,2.95,2.06,1.27,4.09,9.73,12.5,10.38,9.2,5.96,2.56,12.29,12.03,3.91,10.86,4.91,1.95,4.0,3.56,1.6,3.03,3.66,4.79,2.96,2.31,2.97,2.57,3.76,1.51,3.67,9.57
00-0035250,Devin Singletary,NYG,RB,4.0,791,measured,11.7,11.03,11.59,10.09,7.5,13.15,11.8,11.33,11.8,10.56,8.3,9.94,8.49,8.3,15.5,4.97,2.8,1.19,3.7,4.48,3.52,3.07,2.3,15.45,9.77,9.09,14.61,17.25,2.97,4.54,3.29,11.63,4.51,12.63,1.7,2.74,2.62,3.75,3.68,1.0,3.21,2.2,1.15,3.28,4.33,3.4,4.26,3.57,12.73
00-0036893,Najee Harris,NYG,RB,3.0,640,measured,11.7,13.22,14.08,11.55,10.07,13.97,11.8,12.3,7.69,12.67,5.26,11.07,9.57,17.99,10.99,14.41,3.45,1.87,1.72,1.86,2.85,2.4,2.09,19.14,9.17,9.71,9.41,12.56,2.87,10.13,9.75,6.89,8.48,7.89,1.06,4.14,2.72,4.3,3.73,2.28,2.98,3.58,2.1,3.94,2.75,3.17,3.59,3.26,15.25
00-0039384,Tyrone Tracy Jr.,NYG,RB,2.0,916,measured,13.7,14.77,15.45,16.85,8.7,16.99,11.8,11.98,13.64,15.04,6.11,12.64,10.44,12.29,6.08,14.86,3.55,5.28,4.43,2.86,4.37,1.8,2.87,13.78,11.17,14.75,16.95,7.61,1.01,9.22,7.91,2.64,9.09,3.64,1.4,3.31,3.54,3.46,2.45,2.24,3.61,2.71,2.77,3.87,3.61,2.1,2.87,3.19,11.85
00-0034248,Elijah Campbell,NYG,S,2.0,110,measured,8.7,12.84,13.23,13.47,7.18,13.14,11.8,9.23,5.02,1.19,11.52,13.96,11.31,6.89,17.13,8.16,1.76,2.22,1.89,3.44,2.35,3.11,2.32,3.47,2.46,1.37,2.14,2.37,4.97,1.45,1.53,2.21,3.48,2.54,4.78,4.11,1.98,9.87,10.78,10.67,5.45,6.45,9.02,6.19,3.25,1.0,2.0,3.23,9.8
00-0036502,Jason Pinnock,NYG,S,2.0,1506,measured,10.9,14.54,16.32,15.77,7.5,17.33,11.8,9.07,7.01,9.07,9.53,10.04,9.41,15.15,16.08,7.14,3.25,3.47,3.51,3.56,2.31,4.71,1.8,2.54,1.79,3.3,2.91,3.17,4.66,3.51,3.31,2.76,3.5,4.17,3.13,2.69,4.1,16.4,10.72,13.95,7.43,8.43,9.11,10.83,2.91,3.84,3.15,2.62,9.8
00-0036998,Jevon Holland,NYG,S,1.0,1597,measured,11.9,14.77,15.95,15.09,9.5,15.01,11.8,11.3,10.43,8.11,9.28,9.96,8.79,12.05,18.94,6.16,2.61,1.0,3.62,4.35,3.29,3.34,3.09,3.45,1.0,4.43,2.66,2.72,3.96,2.98,4.03,2.66,1.53,3.59,2.91,3.4,2.26,9.19,8.63,13.55,12.31,13.31,9.71,10.39,5.55,4.0,1.0,1.97,9.8
00-0037468,Raheem Layne,NYG,S,,142,measured,9.3,13.86,14.31,14.31,7.11,13.97,11.8,7.53,7.51,7.1,8.48,13.91,5.0,6.86,15.02,11.29,2.72,3.1,1.98,3.08,2.67,1.91,2.95,1.34,3.26,2.71,1.33,1.96,3.45,2.16,3.46,2.09,1.33,4.33,3.37,4.23,2.47,8.92,9.79,13.44,6.85,7.85,8.99,7.24,1.66,4.6,4.27,1.02,9.8
00-0039861,Tyler Nubin,NYG,S,1.0,1244,measured,11.6,13.8,15.08,13.75,8.33,15.14,11.8,9.39,10.32,5.72,10.45,13.01,11.59,8.23,17.98,7.51,3.9,2.08,1.59,2.11,1.71,2.63,3.42,4.03,2.33,2.98,2.83,1.74,3.82,2.27,2.98,1.92,2.15,1.6,2.37,2.4,2.79,14.69,17.45,15.06,7.65,8.65,9.36,8.92,1.37,2.94,2.83,2.41,9.8
00-0031484,Chris Manhertz,NYG,TE,,557,measured,8.8,9.42,10.68,10.97,7.82,12.25,11.8,12.75,6.2,7.22,11.96,13.3,13.59,11.85,14.51,7.06,4.08,3.17,1.26,1.0,2.56,2.55,4.32,7.03,3.74,5.02,7.67,14.25,14.23,4.78,6.26,5.25,10.79,3.09,1.99,1.59,1.0,2.66,2.61,2.79,2.28,2.06,3.16,3.64,2.9,2.59,2.06,2.83,2.68
00-0037838,Isaiah Likely,NYG,TE,1.0,1064,measured,14.5,11.58,12.8,10.87,8.92,14.51,11.8,12.21,10.5,11.85,11.84,9.76,12.64,12.08,6.45,14.71,1.39,4.72,4.11,2.66,1.8,2.22,1.48,5.83,1.79,15.46,18.12,15.51,13.79,16.11,16.24,19.04,7.96,17.42,2.57,2.6,1.81,3.64,1.75,1.36,3.09,2.68,4.88,3.51,4.55,2.95,2.19,1.71,2.92
00-0039847,Theo Johnson,NYG,TE,2.0,1226,measured,9.5,9.83,11.24,11.47,10.84,12.47,11.8,7.29,5.84,9.34,8.43,11.6,19.54,12.29,5.21,11.29,1.89,2.15,3.27,2.57,4.34,1.16,3.28,13.64,3.14,8.97,11.63,5.45,11.51,8.85,8.26,13.43,6.29,11.27,1.37,3.55,4.3,4.02,4.14,2.1,2.93,3.61,3.29,4.4,3.43,3.54,2.72,2.94,1.5
00-0040225,Thomas Fidone II,NYG,TE,3.0,14,prior,9.1,10.77,13.86,13.31,9.76,15.01,11.8,7.81,7.19,8.13,5.1,9.69,12.59,5.3,17.31,11.29,1.0,4.61,3.95,3.88,2.34,4.52,2.85,8.13,1.7,3.33,5.98,16.77,5.75,4.25,4.25,9.04,10.84,6.88,3.0,2.7,2.95,3.53,2.31,4.9,1.64,2.45,5.19,2.74,4.26,3.63,2.06,3.72,4.53
00-0034419,Braxton Berrios,NYG,WR,,319,measured,9.4,14.3,14.37,12.37,5.5,14.2,11.8,12.33,6.51,9.38,11.82,12.22,9.36,6.03,7.33,5.05,2.83,3.32,3.49,2.71,3.6,3.09,3.48,6.43,5.2,9.06,7.99,8.13,6.75,6.49,7.45,3.26,4.16,2.1,2.16,2.37,2.62,3.45,1.25,2.58,2.98,1.84,3.91,3.22,1.87,3.08,2.5,2.33,14.21
00-0037837,Calvin Austin III,NYG,WR,2.0,963,measured,11.6,18.47,19.4,17.99,5.76,17.67,11.8,10.42,10.56,8.44,6.53,11.41,6.6,12.18,7.62,11.29,2.77,3.46,3.83,3.01,2.14,2.73,1.0,11.44,6.51,7.89,6.82,7.91,9.21,8.17,9.79,2.13,2.51,2.91,4.15,2.45,3.11,2.97,3.78,3.54,2.56,2.53,3.66,3.01,3.07,1.84,3.6,2.83,16.39
00-0038576,Charlie Jones,NYG,WR,,56,prior,9.4,15.93,16.07,14.08,6.5,15.38,11.8,10.9,7.98,6.34,7.68,12.88,15.27,5.89,5.34,4.54,2.31,3.4,2.78,2.76,2.29,1.0,3.62,7.98,6.06,10.72,9.64,7.58,3.8,6.75,5.89,4.43,2.88,1.6,4.29,5.2,2.1,3.93,2.44,3.85,2.69,2.8,3.8,2.07,1.29,2.83,3.65,3.01,13.65
00-0040431,Dalen Cambre,NYG,WR,,11,prior,8.8,15.1,15.53,13.9,6.76,15.0,11.8,8.46,10.1,4.69,6.79,10.59,12.6,13.04,10.99,11.29,3.16,3.46,2.7,1.33,2.37,3.92,2.67,8.79,6.7,13.08,12.0,9.15,3.66,4.02,3.71,4.27,4.03,1.0,4.46,1.25,2.59,1.0,5.31,3.96,4.46,3.45,3.58,1.22,3.2,3.75,3.24,3.15,11.98
00-0036309,Darnell Mooney,NYG,WR,1.0,1683,measured,12.4,16.81,16.39,14.09,4.5,15.46,11.8,13.33,10.18,9.73,11.38,14.76,10.8,12.64,14.48,7.95,3.74,2.98,2.59,4.16,5.29,4.21,1.55,7.68,8.05,9.77,8.69,10.18,12.79,10.38,11.55,2.38,4.55,3.96,3.15,4.44,2.31,3.02,3.66,4.13,4.24,2.68,4.63,3.1,5.08,2.11,4.54,2.51,14.61
00-0035645,Gunner Olszewski,NYG,WR,2.0,110,measured,13.1,14.62,14.97,13.47,6.63,14.49,11.8,14.49,11.83,14.47,11.35,11.24,14.11,4.81,17.15,5.02,2.25,3.69,2.7,3.96,1.77,2.68,3.24,8.18,12.2,14.89,13.82,16.99,7.68,11.94,9.26,2.66,3.42,3.41,3.54,3.08,2.55,3.99,2.37,1.0,1.34,4.76,2.69,3.14,2.06,4.33,4.42,4.47,14.46
00-0038938,Jalin Hyatt,NYG,WR,,612,measured,8.0,16.62,18.41,14.22,6.31,18.1,11.8,7.8,8.17,7.64,8.04,13.41,11.5,15.84,10.99,5.58,2.71,3.22,1.53,3.38,5.25,3.43,4.0,7.16,2.08,3.36,2.28,3.74,5.57,4.11,4.2,4.1,3.83,3.66,3.75,2.7,3.79,3.23,5.11,1.01,2.99,3.09,3.88,3.3,1.0,3.96,3.79,2.17,13.29
00-0041042,Malachi Fields,NYG,WR,1.0,0,prior,11.4,12.18,14.07,13.1,7.44,16.13,11.8,9.42,9.7,12.21,6.51,15.03,11.95,10.31,10.99,11.29,4.35,1.14,2.09,3.18,1.97,1.52,4.56,15.99,11.08,12.39,11.31,12.57,7.5,10.94,9.64,3.83,2.63,4.3,1.33,1.85,1.61,1.83,1.91,2.67,2.79,5.1,3.23,4.45,2.97,3.68,3.74,2.81,11.13
00-0039337,Malik Nabers,NYG,WR,1.0,770,measured,12.8,14.71,15.28,13.52,7.26,15.05,11.8,11.61,10.76,12.41,9.94,12.48,8.28,12.56,6.39,17.47,3.41,2.41,2.59,3.51,1.43,2.84,1.18,17.37,11.75,9.32,8.24,8.28,7.87,15.72,15.91,2.3,3.22,4.57,2.74,2.99,3.59,2.42,3.0,3.04,3.79,3.03,3.11,2.9,4.86,3.32,2.95,1.84,8.07
00-0031235,Odell Beckham Jr.,NYG,WR,2.0,267,measured,12.0,15.2,14.18,16.95,3.25,14.45,11.8,13.36,12.92,8.54,14.01,15.99,10.98,11.94,14.49,16.18,3.58,2.2,5.05,1.93,3.2,3.34,3.07,9.48,10.18,11.81,10.73,11.18,6.65,11.47,10.21,2.89,2.69,2.77,3.07,2.5,3.83,2.59,1.75,2.91,2.31,2.99,3.65,3.71,2.93,1.66,4.71,3.12,13.65
00-0036604,Jordan Meredith,NYJ,C,2.0,1034,measured,9.2,5.51,6.61,7.51,13.89,9.34,11.8,9.28,5.65,8.19,8.84,11.22,12.14,13.81,7.2,7.82,2.91,4.94,3.64,1.81,1.46,2.36,2.16,4.81,2.85,3.99,2.64,3.01,3.27,4.48,4.22,8.7,7.81,1.49,1.0,2.98,4.0,4.02,3.1,2.43,1.97,1.93,3.36,3.55,4.46,2.92,1.94,5.24,2.15
00-0036622,Josh Myers,NYJ,C,1.0,2081,measured,14.6,3.81,5.53,5.94,14.77,8.02,11.8,12.44,10.15,11.5,10.6,8.47,11.89,12.21,16.12,17.66,2.64,3.37,3.18,1.0,3.6,2.59,1.57,3.27,3.22,2.19,2.88,2.24,2.06,4.36,4.7,16.2,16.74,3.07,1.96,4.37,2.39,2.13,3.1,3.7,3.19,4.33,2.98,2.76,5.15,3.3,2.76,4.32,3.25
00-0040133,Azareye'h Thomas,NYJ,CB,2.0,288,measured,11.6,15.07,15.12,13.87,6.89,15.03,11.8,10.25,9.83,10.54,8.7,10.54,12.92,7.37,17.59,11.29,4.02,3.8,3.15,2.29,2.93,4.53,1.2,1.77,2.31,2.42,3.19,4.09,3.21,1.94,4.23,3.44,1.79,4.39,3.35,3.79,2.67,5.75,9.2,13.53,10.99,10.99,9.91,7.93,5.69,2.37,3.01,2.1,17.68
00-0036987,Brandon Stephens,NYJ,CB,1.0,2076,measured,10.4,14.82,15.84,13.36,7.85,15.98,11.8,10.35,5.91,11.2,11.66,10.73,11.82,15.36,15.57,14.58,2.38,3.81,2.36,2.47,2.8,3.17,3.88,2.8,3.24,1.0,3.36,1.03,2.76,1.81,4.0,4.34,2.6,1.69,2.38,2.74,4.94,6.84,8.43,10.71,8.36,8.36,10.2,8.4,2.87,3.95,1.4,2.78,8.52
00-0041038,D'Angelo Ponds,NYJ,CB,2.0,0,prior,10.9,15.03,15.41,13.42,7.27,18.19,11.8,10.23,9.66,10.13,4.63,14.04,8.35,10.31,10.99,11.29,3.98,3.69,3.68,3.65,1.98,3.87,1.88,2.09,1.69,2.57,2.23,1.12,2.47,2.78,2.58,4.13,2.45,3.43,3.76,2.67,1.85,9.14,10.77,13.76,9.28,9.28,10.02,7.6,3.99,3.41,3.74,1.0,18.32
00-0039372,Jarvis Brownlee Jr.,NYJ,CB,1.0,959,measured,13.3,15.04,15.66,13.5,7.43,15.41,11.8,13.58,12.25,11.45,10.32,7.11,14.81,7.01,13.88,7.94,4.27,3.36,2.97,3.58,3.7,1.86,3.43,3.33,1.19,3.23,3.63,3.9,4.22,4.33,2.18,3.49,4.53,2.0,1.77,3.02,4.7,14.07,15.61,11.3,13.64,13.64,10.07,9.41,3.34,3.47,4.18,2.25,12.5
00-0040397,Jordan Clark,NYJ,CB,,129,measured,8.3,15.04,15.49,13.52,7.18,15.02,11.8,10.41,3.48,7.01,7.59,10.63,9.24,13.04,10.99,11.29,2.24,2.22,5.05,1.99,3.28,2.93,2.83,2.83,3.17,4.25,4.11,2.84,2.19,3.51,3.29,3.55,4.0,3.61,4.87,3.31,3.08,5.52,10.42,14.47,4.44,4.44,10.0,3.72,3.05,2.05,3.22,2.55,6.11
00-0041196,Mory Bamba,NYJ,CB,,0,prior,8.5,15.1,15.79,14.16,6.18,15.01,11.8,7.22,8.22,6.18,4.08,11.78,11.41,10.31,10.99,11.29,2.62,2.86,1.92,2.52,4.85,4.27,4.35,2.44,3.04,4.75,4.09,3.6,3.78,4.48,3.6,2.63,4.76,4.76,3.97,3.7,3.27,7.37,11.98,14.63,4.56,4.56,9.7,3.77,3.99,4.1,4.6,1.13,6.16
00-0036986,Nahshon Wright,NYJ,CB,1.0,992,measured,11.5,15.24,16.19,9.74,2.5,12.74,11.8,11.81,8.0,10.6,12.82,15.46,7.36,17.99,10.99,14.29,3.69,3.53,2.53,1.57,2.79,1.51,3.38,3.23,3.16,3.81,4.19,1.06,1.98,5.49,3.83,1.43,3.31,1.97,3.01,3.4,3.82,9.83,10.61,13.21,9.78,9.78,8.59,15.09,1.78,3.32,2.33,2.6,7.95
00-0039789,Qwan'tez Stiggers,NYJ,CB,2.0,255,measured,9.8,15.06,15.79,13.74,7.09,15.45,11.8,9.22,9.08,11.26,6.1,11.13,14.94,12.29,18.14,8.04,3.8,2.87,3.05,4.59,4.43,3.78,4.23,2.6,4.07,3.31,4.17,4.02,2.98,3.53,2.78,2.74,1.27,3.03,1.52,3.91,3.28,10.48,12.04,14.6,6.75,6.75,9.97,6.76,3.32,3.55,1.0,1.75,16.56
00-0037830,Samuel Womack,NYJ,CB,,591,measured,9.1,15.05,15.57,13.63,7.04,15.07,11.8,10.35,7.55,9.68,7.6,15.68,7.65,8.48,14.98,7.87,2.73,3.6,2.37,3.83,2.95,3.05,2.02,2.79,3.15,2.49,1.76,4.67,2.33,3.16,1.57,2.0,1.92,4.09,2.78,2.06,2.66,3.89,5.73,11.39,6.04,6.04,9.95,6.86,2.65,2.4,2.5,3.92,5.1
00-0036885,Tre Brown,NYJ,CB,3.0,490,measured,9.3,15.85,15.62,12.42,6.5,15.73,11.8,11.12,10.23,6.88,8.8,11.13,8.18,7.85,15.06,6.39,2.62,2.96,3.2,1.0,2.57,3.54,2.13,3.66,3.07,4.17,2.38,3.05,2.31,2.37,3.1,3.87,1.55,3.18,3.29,3.07,3.84,5.55,10.75,12.23,5.75,5.75,9.79,6.51,3.07,1.38,2.19,2.02,4.53
00-0041549,Darrell Jackson Jr.,NYJ,DT,2.0,0,prior,9.1,5.47,6.87,6.14,12.77,8.9,11.8,7.61,6.95,8.03,5.87,12.29,2.58,10.31,10.99,11.29,2.61,2.15,3.46,4.19,2.06,1.0,4.17,1.0,1.63,4.17,2.89,3.59,3.06,4.18,3.16,4.37,1.13,3.75,9.25,7.74,8.39,8.4,8.48,7.63,1.44,5.05,3.5,3.49,3.61,2.28,2.45,3.58,3.4
00-0033051,David Onyemata,NYJ,DT,2.0,1210,measured,12.0,4.57,5.87,5.28,13.23,8.32,11.8,14.31,11.84,13.28,13.87,12.57,12.25,15.15,14.64,14.5,2.85,4.06,3.32,2.52,2.99,3.48,2.75,1.91,1.89,2.86,2.53,2.75,1.74,2.51,4.26,3.78,3.27,3.18,10.6,8.62,11.74,15.09,16.25,7.84,3.67,1.63,4.63,4.11,4.11,4.27,3.01,3.63,2.68
00-0034782,Harrison Phillips,NYJ,DT,1.0,1432,measured,13.1,2.93,4.21,9.17,19.4,9.53,11.8,12.44,11.64,12.49,13.78,10.88,9.03,17.99,10.99,18.92,2.11,3.87,2.73,3.05,2.12,3.43,1.69,2.99,4.17,3.12,2.45,3.02,1.0,3.45,4.36,2.97,1.74,2.27,8.91,4.2,14.07,17.46,16.04,3.98,2.79,3.35,4.96,3.06,2.59,2.93,2.91,2.69,2.06
00-0036788,Jack Heflin,NYJ,DT,,17,prior,7.5,2.32,4.47,6.73,13.36,8.42,11.8,9.44,6.28,5.61,8.31,12.17,13.72,15.4,10.99,14.09,2.54,1.97,4.81,3.1,4.05,1.12,2.95,3.29,2.63,3.31,3.23,3.04,1.0,2.99,3.78,3.02,2.1,2.64,7.04,4.23,8.36,6.44,4.46,11.04,1.56,2.7,3.23,3.17,3.67,1.35,6.42,3.55,2.76
00-0039431,Jowon Briggs,NYJ,DT,3.0,620,measured,11.8,5.82,6.73,5.18,14.58,8.95,11.8,9.08,10.05,11.88,5.97,14.04,13.92,14.76,10.99,11.29,2.77,2.02,3.34,1.75,2.88,2.11,2.74,3.26,3.13,3.2,3.29,3.34,3.39,1.96,1.42,3.35,1.49,1.34,14.91,12.89,11.59,9.24,9.45,5.76,2.87,2.43,3.78,4.25,2.4,3.27,3.0,2.57,1.0
00-0040404,Payton Page,NYJ,DT,,52,prior,8.4,6.55,7.98,7.3,12.76,10.07,11.8,8.51,8.32,6.97,6.34,8.27,12.64,13.04,10.99,11.29,2.67,2.14,3.07,2.83,3.39,3.33,3.18,2.86,3.25,2.47,4.71,1.98,4.4,3.12,4.66,3.86,2.58,4.24,7.51,6.39,8.31,7.28,7.64,12.53,2.78,3.24,2.35,2.82,3.2,2.58,1.0,2.76,1.0
00-0039886,T'Vondre Sweat,NYJ,DT,1.0,799,measured,11.5,2.95,3.68,1.0,14.85,6.22,11.8,9.45,10.15,10.99,8.65,8.17,8.21,7.88,7.0,18.37,2.83,4.03,3.23,3.56,2.01,1.75,2.0,1.72,2.55,2.88,2.73,3.52,4.41,4.21,1.89,2.64,2.63,3.13,11.33,8.22,10.53,13.72,14.54,5.78,3.39,2.73,3.73,4.04,3.91,4.51,4.56,3.67,2.71
00-0039284,Braiden McGregor,NYJ,EDGE,2.0,281,measured,8.0,10.15,12.12,11.02,10.88,13.42,11.8,7.13,3.54,6.42,7.32,10.66,8.39,14.76,10.99,4.62,3.2,3.42,2.74,3.03,3.53,3.39,4.76,1.0,2.85,1.0,1.79,2.87,2.49,1.51,3.14,3.06,2.6,2.19,7.63,7.54,5.7,5.16,6.53,11.8,5.8,6.8,3.28,2.56,4.54,3.44,2.81,3.79,2.29
00-0041026,David Bailey,NYJ,EDGE,2.0,0,prior,11.3,14.31,16.36,11.76,11.13,15.05,11.8,6.83,12.48,6.77,5.12,9.37,14.59,10.31,10.99,11.29,2.01,3.47,1.08,3.06,2.88,1.5,4.21,4.75,2.48,1.97,5.23,3.55,4.27,4.06,3.51,3.69,5.19,4.0,10.33,11.6,9.61,8.91,7.14,12.62,5.8,6.8,3.12,3.44,3.03,2.83,4.06,1.44,3.3
00-0036902,Joseph Ossai,NYJ,EDGE,3.0,1016,measured,11.0,11.85,15.38,11.81,9.5,18.47,11.8,13.86,10.04,9.4,9.36,12.73,12.76,11.88,5.29,8.12,3.99,1.53,2.03,2.2,4.2,3.13,3.44,2.05,3.8,2.63,3.92,2.97,3.74,2.97,3.01,1.62,2.85,2.41,10.33,11.31,9.29,9.26,11.63,14.01,5.8,6.8,3.85,1.83,4.42,2.29,3.82,1.13,1.8
00-0037083,Kingsley Enagbare,NYJ,EDGE,1.0,950,measured,12.3,8.4,10.45,11.37,11.1,14.4,11.8,11.75,10.7,7.45,11.92,6.51,11.14,16.96,10.99,15.41,2.98,2.24,2.28,4.54,2.9,1.76,2.59,2.36,4.05,1.0,3.35,2.1,2.74,3.2,2.2,3.79,3.79,2.12,12.62,11.83,14.11,15.07,14.79,11.24,5.8,6.8,1.35,2.54,1.47,2.44,3.14,2.7,2.36
00-0037431,Kingsley Jonathan,NYJ,EDGE,3.0,62,prior,7.4,10.46,12.1,11.08,11.17,13.29,11.8,9.41,4.73,4.59,10.31,7.2,15.31,16.96,10.99,11.29,4.78,3.75,2.35,4.06,3.93,3.01,3.18,1.55,2.81,2.37,2.41,2.9,2.02,2.72,2.91,2.74,5.36,4.46,5.74,5.65,6.02,7.01,4.66,12.76,5.8,6.8,1.72,3.03,3.75,2.33,4.5,3.94,4.02
00-0039447,Nate Lynn,NYJ,EDGE,,0,prior,6.8,10.9,12.39,11.41,11.27,13.46,11.8,9.04,7.51,6.02,8.15,11.92,11.93,10.31,10.99,11.29,4.33,4.58,3.9,3.27,3.6,3.06,3.01,1.0,1.86,3.68,3.0,3.15,1.87,2.49,4.3,1.41,1.99,4.09,4.98,5.01,5.0,5.0,4.0,13.53,5.8,6.8,2.91,2.49,2.59,3.88,2.76,2.67,3.38
00-0040196,Tyler Baron,NYJ,EDGE,4.0,84,prior,7.5,12.0,13.23,11.19,9.5,14.31,11.8,7.71,4.23,6.72,6.66,9.73,11.48,13.04,10.99,11.29,3.47,4.26,4.75,2.78,4.01,2.57,2.35,3.29,3.45,2.18,2.61,1.49,2.33,2.47,2.21,2.19,3.91,3.38,4.74,5.77,5.64,7.62,6.9,13.41,5.8,6.8,2.25,3.85,4.99,2.95,2.9,1.0,4.55
00-0039142,Will McDonald IV,NYJ,EDGE,1.0,1148,measured,14.0,11.48,15.36,12.63,10.66,15.98,11.8,11.2,11.14,11.39,8.54,9.02,8.71,12.62,15.98,17.49,2.86,3.4,4.27,2.84,2.06,3.75,3.42,2.14,3.02,4.2,2.83,3.51,2.68,2.77,3.53,3.68,2.52,3.66,15.63,16.08,15.43,12.69,5.94,7.55,5.8,6.8,3.24,2.68,1.04,1.0,4.27,1.0,1.99
00-0034959,Andrew Beck,NYJ,FB,1.0,249,measured,8.6,9.43,10.61,9.6,9.89,11.88,11.8,9.44,4.74,6.49,11.91,8.9,12.79,8.07,14.08,8.01,2.8,4.25,4.35,3.8,3.46,1.77,1.0,6.44,2.11,4.08,7.68,10.86,1.0,1.9,2.04,6.56,12.62,7.56,4.01,2.24,2.97,2.69,2.11,3.86,2.73,4.33,2.9,3.15,2.48,2.58,2.91,2.88,2.47
00-0038905,Blake Grupe,NYJ,K,1.0,75,measured,13.3,10.24,11.42,10.24,9.88,12.53,10.12,11.51,9.42,14.24,6.41,10.49,9.23,15.84,10.99,15.11,1.01,2.87,3.56,2.72,2.45,4.61,1.67,3.79,4.74,1.33,3.68,3.47,2.35,2.65,3.38,4.29,2.67,1.0,2.14,2.44,3.74,2.26,1.0,3.39,1.74,4.09,2.78,2.02,14.4,12.2,4.28,2.17,2.07
00-0034794,Jason Sanders,NYJ,K,,41,measured,13.2,9.26,10.44,9.39,9.88,11.72,11.93,12.17,9.76,11.64,10.45,15.77,10.66,5.04,4.61,7.62,1.54,3.2,3.21,2.96,3.27,1.74,3.05,2.94,2.57,3.54,5.18,3.7,5.0,3.01,2.74,4.3,3.29,1.43,3.38,4.22,3.88,4.75,3.69,3.17,3.46,3.33,3.46,3.2,15.56,10.78,2.57,2.69,5.76
00-0029607,Demario Davis,NYJ,LB,1.0,2135,measured,13.5,11.37,11.99,9.18,16.16,13.67,11.8,14.23,10.37,8.34,13.65,15.47,9.75,16.37,15.08,17.24,4.4,2.42,3.08,1.53,3.97,3.08,3.28,5.53,1.95,2.04,4.31,4.32,3.39,2.88,3.2,2.1,3.29,2.2,14.44,12.08,11.43,14.03,14.11,11.91,13.75,15.25,2.3,11.51,2.21,4.56,2.58,1.26,3.18
00-0040186,Francisco Mauigoa,NYJ,LB,1.0,304,measured,10.9,12.37,13.43,12.62,9.74,13.99,11.8,9.33,4.4,7.04,4.66,10.92,11.25,7.37,4.59,5.58,3.9,3.37,3.14,2.53,1.53,2.64,2.23,3.68,1.95,3.44,1.56,2.34,2.63,2.45,2.71,3.37,3.57,3.85,9.1,9.34,7.85,10.34,11.26,14.89,9.6,11.1,2.82,6.1,1.55,3.14,4.07,2.89,4.15
00-0041410,Jaden Keller,NYJ,LB,,0,prior,11.9,12.23,13.31,12.93,9.66,13.8,11.8,7.9,5.97,9.4,7.11,11.65,10.7,10.31,10.99,11.29,1.0,2.87,3.2,3.68,1.71,1.32,1.47,4.1,1.91,1.82,2.81,2.73,2.48,3.49,1.97,3.48,2.44,3.16,5.11,5.34,14.45,14.22,14.51,15.87,7.25,8.75,3.46,5.43,3.36,5.28,2.93,1.89,2.91
00-0036500,Jamien Sherwood,NYJ,LB,1.0,1750,measured,13.7,9.87,12.67,11.71,7.5,14.91,11.8,11.43,10.17,12.01,10.44,14.62,18.9,12.34,14.27,11.29,3.83,2.46,2.55,1.0,4.01,1.76,3.65,1.0,2.99,3.37,4.2,2.0,2.53,3.65,3.43,1.45,2.77,1.9,11.59,11.74,13.6,15.0,16.5,17.49,9.72,11.22,2.62,10.14,3.87,3.63,2.36,2.97,1.51
00-0037526,Marcelino McCrary-Ball,NYJ,LB,2.0,97,prior,11.1,11.84,12.29,11.57,9.52,12.62,11.8,11.98,5.79,7.91,9.63,9.82,11.11,5.89,16.22,17.32,1.95,3.73,2.11,3.85,3.57,2.61,1.87,1.84,3.14,3.93,4.2,2.66,4.08,4.64,3.49,2.48,1.91,3.4,13.72,13.85,7.7,9.8,11.96,15.11,6.69,8.19,1.62,2.25,1.0,3.31,3.3,3.9,1.98
00-0036300,Mykal Walker,NYJ,LB,,340,measured,11.0,11.18,12.9,12.71,10.0,12.98,11.8,10.55,5.6,7.36,9.41,16.23,11.57,17.3,14.03,11.29,2.36,1.75,3.56,1.67,2.43,2.22,2.69,2.88,2.17,1.17,4.73,5.43,3.41,2.34,4.47,1.87,4.25,2.96,5.1,4.83,15.82,13.06,10.06,11.69,9.52,11.02,4.07,6.55,3.29,1.75,2.32,1.79,3.04
00-0040793,Paschal Ekeji,NYJ,LB,,0,prior,9.0,12.31,13.52,13.44,9.1,13.86,11.8,9.21,9.48,3.53,5.82,9.75,12.86,10.31,10.99,11.29,3.89,4.04,2.82,1.73,1.83,2.14,2.99,1.31,2.18,3.23,3.76,4.33,2.93,4.39,3.41,4.53,2.44,4.45,7.69,8.13,5.43,6.93,10.21,11.71,7.16,8.66,3.86,2.03,2.42,1.0,2.11,4.42,2.49
00-0039347,Trevin Wallace,NYJ,LB,2.0,945,measured,10.1,14.08,15.82,11.94,10.85,16.33,11.8,8.29,7.15,5.06,5.71,10.68,8.57,7.06,5.97,15.41,3.15,4.98,2.78,3.45,3.84,1.81,2.98,3.03,2.85,3.67,3.06,2.9,4.95,2.64,3.33,2.49,3.66,1.52,12.36,12.81,9.57,8.18,8.77,17.38,5.55,7.05,3.63,4.41,2.4,1.81,2.95,1.66,3.3
00-0035617,Troy Reeder,NYJ,LB,,399,measured,11.1,10.94,12.08,11.75,10.43,13.15,11.8,10.5,3.08,6.98,10.71,13.39,15.3,7.76,15.08,11.29,2.45,3.24,2.11,3.99,5.16,3.13,2.22,1.33,3.55,2.04,1.0,1.63,2.15,3.68,2.79,1.65,3.51,2.9,5.61,5.11,10.52,11.14,11.76,13.24,11.13,12.63,2.61,6.44,3.57,3.04,2.75,1.74,3.81
00-0033260,Thomas Hennessy,NYJ,LS,1.0,4,prior,9.9,9.12,10.08,9.41,9.71,11.31,11.5,13.06,8.01,8.75,12.29,8.67,11.33,17.99,10.99,11.29,3.33,4.32,2.19,2.49,2.3,3.41,2.26,2.93,2.37,2.41,3.44,1.9,3.58,1.9,3.91,2.3,3.05,1.0,2.38,2.73,1.96,4.78,2.14,4.09,2.16,2.48,3.4,3.09,2.99,4.19,2.51,4.06,2.66
00-0041097,Anez Cooper,NYJ,OG,2.0,0,prior,11.4,3.74,5.51,4.77,13.39,8.9,11.8,8.1,8.41,11.17,3.73,6.4,11.3,10.31,10.99,11.29,2.49,2.84,3.19,2.05,2.7,1.59,5.62,2.29,2.3,2.5,2.24,2.93,2.74,2.09,1.86,9.48,15.69,2.22,3.98,2.33,3.02,3.78,1.57,3.2,2.44,1.06,2.3,2.81,4.51,3.05,3.12,3.65,3.57
00-0037255,Dylan Parham,NYJ,OG,1.0,1783,measured,11.9,7.6,8.0,5.69,13.13,7.77,11.8,10.91,10.43,8.86,10.71,11.78,8.31,12.25,14.07,18.4,3.17,2.26,3.25,3.47,4.3,4.76,2.48,1.0,2.49,2.55,1.27,3.44,3.97,2.25,2.02,6.8,19.36,3.95,2.78,3.49,1.93,3.22,3.09,3.37,2.22,3.99,1.0,2.69,4.94,2.98,3.13,1.83,2.46
00-0039145,Joe Tippmann,NYJ,OG,1.0,2021,measured,12.1,4.21,6.31,6.9,13.14,9.18,11.8,11.08,11.43,4.68,9.59,7.85,13.97,15.21,14.78,16.74,2.91,1.07,3.37,2.37,2.36,2.97,1.73,1.33,4.94,1.85,2.6,2.79,3.4,3.16,3.63,12.91,12.73,1.61,2.67,2.49,1.0,2.05,3.14,2.39,2.53,2.63,5.59,4.07,3.16,2.72,2.33,4.71,2.76
00-0038194,Kohl Levao,NYJ,OG,,0,prior,8.4,2.92,4.95,4.15,13.58,9.01,11.8,7.84,6.49,6.83,6.5,16.27,8.66,10.31,10.99,11.29,3.99,1.83,3.35,2.15,3.56,3.2,3.94,2.35,3.08,3.13,1.6,2.9,2.76,3.37,3.5,6.46,9.31,4.45,3.22,3.15,3.75,1.97,2.68,2.72,1.02,4.51,5.08,2.47,2.43,3.59,3.98,3.12,3.72
00-0037748,Marquis Hayes,NYJ,OG,,0,prior,8.5,2.5,4.25,5.9,13.2,4.95,11.8,9.21,3.82,8.02,8.27,8.74,15.78,10.31,10.99,11.29,2.89,2.95,1.11,2.52,3.69,2.42,3.69,2.48,3.35,3.53,3.08,3.21,2.36,2.39,2.06,6.46,9.19,1.13,4.14,3.18,2.53,2.23,2.11,3.2,1.61,3.98,1.59,3.04,3.36,4.35,2.28,1.92,4.21
00-0037601,Xavier Newman-Johnson,NYJ,OG,,161,measured,10.8,4.81,5.81,4.49,13.13,8.08,11.8,9.97,7.96,8.43,8.29,4.25,14.31,4.75,17.68,5.12,4.17,4.44,1.0,3.09,2.67,3.31,3.07,2.5,1.54,2.82,2.21,3.38,3.1,1.88,1.63,11.38,11.14,2.49,2.93,3.27,3.11,2.37,1.0,3.55,2.84,3.93,2.4,2.37,3.36,3.85,2.9,3.44,2.26
00-0040123,Armand Membou,NYJ,OT,1.0,974,measured,10.8,7.87,9.68,3.93,12.57,12.72,11.8,7.91,7.48,7.03,7.74,10.79,8.78,13.04,10.99,11.29,2.62,5.19,2.62,1.8,1.38,3.39,3.75,4.04,3.18,2.96,2.61,3.55,2.57,3.0,2.53,11.44,12.16,2.85,3.41,3.55,3.18,2.08,3.05,3.88,3.93,1.82,1.1,2.81,2.88,1.75,2.15,3.08,2.05
00-0040034,Brant Banks,NYJ,OT,,0,prior,11.5,4.44,6.44,6.31,11.77,8.85,11.8,8.66,6.83,8.5,5.97,4.2,11.47,13.04,10.99,11.29,3.74,3.21,2.57,2.84,3.5,2.84,2.39,3.06,2.92,2.62,4.72,3.12,2.18,2.71,4.79,9.88,15.31,2.22,3.82,3.78,1.8,3.87,2.41,2.44,1.0,3.24,2.82,4.56,1.62,3.42,2.77,3.9,2.67
00-0034768,Chukwuma Okorafor,NYJ,OT,2.0,188,measured,9.6,1.97,3.79,4.15,9.5,4.62,11.8,10.7,7.2,4.67,10.2,9.51,11.41,17.3,13.97,5.58,1.36,1.6,4.56,1.53,2.88,2.39,5.76,1.0,1.16,2.81,4.87,3.4,2.31,3.17,2.85,11.75,10.17,3.15,3.55,4.13,3.05,4.67,3.69,1.85,4.4,3.69,3.15,3.73,4.79,3.93,4.35,2.38,2.65
00-0038114,Max Mitchell,NYJ,OT,2.0,408,measured,10.4,2.2,4.9,3.98,12.17,6.48,11.8,10.31,4.92,8.02,8.24,10.18,5.53,12.31,14.16,7.29,2.92,1.9,4.09,3.13,2.89,1.01,2.03,1.55,2.05,2.74,2.8,2.93,2.8,3.07,3.87,10.8,12.07,2.72,2.39,2.47,2.77,2.81,3.34,2.17,4.16,3.21,3.72,4.88,1.0,2.06,2.93,3.29,3.69
00-0039790,Olumuyiwa Fashanu,NYJ,OT,1.0,1316,measured,12.0,5.2,7.0,5.72,12.11,11.04,11.8,7.56,10.35,10.29,9.3,11.21,5.67,14.76,10.99,14.86,3.84,3.24,2.62,2.27,3.09,5.08,3.4,3.75,4.23,4.82,1.0,2.19,2.19,2.03,2.5,10.87,16.01,1.75,4.35,3.83,2.72,3.41,4.46,3.84,3.69,3.82,1.87,1.33,3.74,2.6,2.19,2.02,2.31
00-0039634,Austin McNamara,NYJ,P,1.0,45,measured,8.2,9.26,10.56,9.72,10.13,12.13,9.26,8.27,5.99,5.36,9.75,10.58,11.27,13.04,10.99,11.29,2.81,2.28,2.22,1.25,3.58,1.73,1.64,2.47,2.97,1.0,2.3,3.57,3.59,3.58,3.73,3.25,4.49,1.29,2.57,2.86,2.98,2.19,2.77,3.76,2.32,2.27,4.24,2.6,3.09,4.52,8.3,8.04,3.9
00-0038108,Bailey Zappe,NYJ,QB,,213,measured,7.3,8.27,8.53,11.18,10.08,9.64,11.8,7.79,6.61,4.94,7.66,13.65,9.46,14.23,10.99,11.29,9.74,6.64,7.64,8.78,5.6,7.0,5.28,7.27,3.26,1.1,3.05,3.52,4.18,3.71,2.82,3.45,1.98,1.33,2.31,2.22,1.58,3.31,2.86,4.31,4.59,1.93,4.17,2.07,4.19,3.65,2.33,2.41,1.82
00-0041056,Cade Klubnik,NYJ,QB,2.0,0,prior,7.8,9.9,9.91,11.96,10.08,10.56,11.8,6.76,7.49,3.64,6.9,7.76,13.05,10.31,10.99,11.29,10.52,7.65,7.93,6.66,7.15,8.64,6.81,7.43,3.5,4.63,3.58,3.56,2.31,1.36,3.08,2.34,3.29,2.97,2.93,3.11,3.54,1.99,3.51,2.96,1.77,4.76,5.1,4.16,2.56,2.83,3.44,2.07,1.64
00-0030565,Geno Smith,NYJ,QB,1.0,1844,measured,12.7,10.03,11.63,9.63,10.08,11.53,11.8,11.11,14.82,9.22,12.64,7.01,13.43,14.16,18.09,7.11,10.32,17.11,14.72,15.65,14.72,6.69,9.23,14.38,1.3,7.58,1.93,2.22,1.71,1.65,2.43,4.69,1.42,4.31,2.83,2.09,2.83,3.85,3.66,2.74,3.35,4.79,2.64,3.13,3.01,4.39,4.1,5.05,2.32
00-0039794,Braelon Allen,NYJ,RB,2.0,235,measured,10.0,13.13,12.85,11.42,13.39,12.14,11.8,9.09,7.05,9.22,8.7,9.44,11.86,14.76,10.99,14.86,2.14,3.23,3.06,3.9,3.65,3.3,3.13,13.11,8.46,9.64,8.42,4.2,4.24,9.7,9.12,2.01,9.99,3.01,3.41,2.35,3.02,3.81,3.39,2.17,3.41,3.35,4.32,1.59,3.54,5.28,3.81,2.02,12.81
00-0038120,Breece Hall,NYJ,RB,1.0,1343,measured,13.6,16.86,17.06,12.52,9.46,17.27,11.8,11.93,11.49,11.24,9.66,9.06,14.0,14.06,17.9,18.8,2.69,1.42,3.04,2.97,2.23,1.64,1.83,10.34,13.81,16.5,11.19,9.96,4.25,11.67,10.13,8.35,10.11,9.35,2.23,3.04,2.93,2.8,3.61,3.53,3.79,1.36,3.33,4.5,3.83,3.31,2.64,4.96,11.98
00-0041239,Chip Trayanum,NYJ,RB,5.0,0,prior,10.9,13.12,13.86,12.07,9.99,13.87,11.8,7.69,8.83,6.66,3.6,11.5,11.23,10.31,10.99,11.29,3.67,4.0,4.31,2.87,3.37,1.96,4.29,15.23,9.65,8.14,9.47,11.34,2.89,5.78,6.33,3.21,5.57,4.21,2.74,3.59,3.94,3.95,1.9,2.93,2.47,2.79,3.19,2.42,4.64,1.67,2.59,3.85,9.97
00-0040937,Dominic Richardson,NYJ,RB,,0,prior,11.2,14.37,14.53,13.57,8.24,13.96,11.8,7.59,9.97,9.11,4.47,11.33,10.4,10.31,10.99,11.29,2.1,4.94,2.2,3.25,3.67,3.01,2.9,15.23,9.65,8.14,9.47,11.34,1.87,5.78,6.33,3.21,5.57,4.21,1.64,3.81,3.91,3.52,1.82,3.38,2.03,4.03,1.7,2.69,3.4,1.97,3.53,5.77,10.47
00-0039798,Isaiah Davis,NYJ,RB,3.0,332,measured,11.8,12.92,13.23,12.36,12.0,13.5,11.8,8.87,12.28,12.78,7.77,11.2,13.76,13.77,15.23,11.29,4.76,2.06,2.56,2.52,2.26,1.0,5.02,16.34,10.0,9.23,11.56,14.76,4.16,7.9,7.38,5.1,5.89,6.1,4.81,4.46,3.09,2.44,2.03,2.09,3.96,3.69,5.14,2.92,3.47,4.05,3.7,4.09,13.26
00-0036842,Kene Nwangwu,NYJ,RB,4.0,36,prior,9.0,14.32,14.66,12.83,8.53,14.05,11.8,10.57,8.06,6.25,9.8,10.71,7.88,4.66,5.17,14.32,3.53,2.36,3.23,2.28,3.72,3.71,2.61,10.73,6.39,5.49,5.49,8.52,2.84,4.15,3.94,1.0,6.92,1.33,3.18,1.46,1.65,4.29,3.03,2.93,2.26,1.98,3.52,4.74,2.77,3.34,3.14,3.08,17.11
00-0036941,Andre Cisco,NYJ,S,2.0,1425,measured,9.9,13.49,14.32,14.57,8.5,14.69,11.8,8.92,7.48,4.13,7.36,13.81,9.31,15.43,14.44,7.35,3.82,3.23,3.82,3.73,3.85,2.45,3.14,2.21,1.66,2.28,3.2,4.07,2.78,2.1,2.02,1.56,2.98,3.75,2.72,3.77,3.07,9.95,8.94,13.14,6.6,7.6,9.41,13.29,1.61,1.85,3.84,2.35,9.8
00-0038123,Dane Belton,NYJ,S,1.0,1069,measured,13.9,15.93,15.82,13.7,8.0,15.24,11.8,11.17,13.83,11.78,10.4,8.2,6.45,16.96,10.99,15.17,1.0,2.86,3.72,2.77,4.17,1.0,2.48,3.46,2.39,4.11,2.33,2.67,2.88,2.69,2.37,3.64,3.23,3.11,3.48,4.42,3.37,7.83,18.47,17.87,12.93,13.93,9.26,10.7,1.02,4.24,1.83,1.91,9.8
00-0040165,Malachi Moore,NYJ,S,3.0,866,measured,11.6,13.74,14.22,14.46,7.4,14.05,11.8,10.64,8.16,7.76,4.5,5.39,12.47,13.04,10.99,11.29,4.25,2.79,2.99,4.03,3.98,2.75,2.98,4.61,1.22,3.56,3.43,3.07,1.91,2.42,3.26,2.33,2.69,1.43,4.36,3.1,2.29,8.88,14.16,18.72,7.2,8.2,9.08,15.71,2.63,2.95,4.02,4.43,9.8
00-0034789,Minkah Fitzpatrick,NYJ,S,1.0,1705,measured,12.3,14.65,14.34,13.34,7.0,12.62,11.8,13.02,9.37,8.6,9.97,18.06,7.48,8.01,4.4,7.71,2.65,2.53,3.08,3.17,3.72,2.28,4.39,4.27,4.54,3.94,2.06,3.44,3.86,1.36,3.41,3.05,2.83,1.47,2.92,2.36,3.51,15.28,13.65,16.29,8.88,9.88,8.96,9.95,3.09,2.61,3.56,2.26,9.8
00-0041120,VJ Payne,NYJ,S,2.0,0,prior,11.1,16.62,17.18,13.2,8.02,14.82,11.8,8.0,8.82,7.72,6.85,8.71,15.96,10.31,10.99,11.29,2.58,4.59,2.69,2.86,2.08,4.91,2.9,2.21,3.09,1.43,3.42,3.15,2.45,3.54,1.0,3.11,2.25,3.4,3.5,2.7,3.7,13.73,11.94,13.7,8.64,9.64,9.27,7.97,4.1,2.22,5.18,3.96,9.8
00-0041577,Connor Hulstein,NYJ,TE,,0,prior,9.1,11.04,12.34,12.16,9.24,13.43,11.8,7.15,7.07,7.61,5.69,12.18,9.17,10.31,10.99,11.29,1.36,2.45,3.08,2.39,1.0,3.67,3.16,6.67,2.28,7.11,9.77,8.1,8.66,8.18,7.9,10.23,8.86,8.08,2.08,3.26,5.13,2.29,4.26,3.88,3.68,3.62,2.59,4.57,5.34,3.06,2.65,2.46,3.52
00-0037755,Jelani Woods,NYJ,TE,4.0,54,prior,9.4,12.18,12.66,12.05,12.46,12.97,11.8,8.76,8.43,5.4,8.93,13.02,12.44,4.71,14.89,14.09,3.08,3.1,4.01,2.7,2.28,1.56,1.0,14.11,4.6,2.44,5.09,16.76,5.94,5.53,4.51,8.36,9.91,6.21,1.94,1.56,3.3,2.46,2.94,1.69,4.95,3.07,1.97,3.27,3.22,3.61,2.81,2.25,4.29
00-0037805,Jeremy Ruckert,NYJ,TE,3.0,846,measured,9.6,10.85,12.17,12.01,9.5,13.27,11.8,8.38,6.76,7.74,8.82,16.5,14.46,15.18,7.05,11.29,2.44,3.83,4.11,1.7,2.19,2.59,2.46,13.93,3.5,3.12,5.78,8.71,15.96,8.04,7.56,9.5,11.14,7.34,3.61,2.68,3.58,3.36,2.86,2.57,1.24,2.54,3.78,2.18,3.49,3.13,4.45,1.69,2.27
00-0041032,Kenyon Sadiq,NYJ,TE,2.0,0,prior,10.9,16.86,18.37,12.27,13.39,19.31,11.8,7.91,3.12,10.17,4.89,9.68,10.63,10.31,10.99,11.29,3.27,3.36,2.5,2.11,3.26,2.9,2.76,16.93,1.79,11.02,13.68,10.21,7.07,9.4,8.8,11.0,9.15,8.84,4.0,1.77,1.92,2.59,2.14,4.07,3.58,1.66,2.46,1.62,3.13,2.54,2.98,2.83,2.41
00-0040736,Mason Taylor,NYJ,TE,1.0,603,measured,10.2,10.79,12.11,11.96,9.63,13.22,11.8,10.43,6.97,6.76,9.51,11.74,11.72,7.7,4.14,17.32,3.67,3.1,3.37,4.28,2.47,3.93,2.31,15.18,3.14,7.45,10.11,10.7,9.16,11.14,9.94,12.95,5.0,10.79,3.75,1.65,2.38,2.73,2.0,3.65,2.64,4.13,1.98,2.86,2.63,3.58,2.61,3.16,1.37
00-0039890,Adonai Mitchell,NYJ,WR,1.0,719,measured,12.8,18.01,19.15,13.8,6.97,17.89,11.8,11.34,12.73,10.31,8.09,10.63,12.54,14.76,10.99,11.29,2.32,2.07,3.97,3.6,1.86,3.28,3.4,9.34,9.0,9.65,8.58,7.3,6.9,13.23,15.78,2.49,2.4,1.0,3.43,3.85,1.95,2.08,2.98,1.26,2.4,3.52,3.44,4.21,1.0,3.35,3.83,3.56,13.34
00-0040582,Arian Smith,NYJ,WR,2.0,348,measured,9.5,17.55,17.67,15.58,5.93,16.55,11.8,9.03,12.45,7.87,8.33,5.68,9.05,13.04,10.99,11.29,1.91,4.01,4.52,2.84,2.77,2.07,3.32,12.7,2.21,6.91,5.84,8.71,6.35,4.24,4.97,1.76,2.35,2.48,4.06,3.42,2.91,2.41,4.11,1.21,2.62,3.11,1.66,2.38,3.56,5.23,4.02,4.25,15.84
00-0037740,Garrett Wilson,NYJ,WR,1.0,1433,measured,13.6,17.09,16.44,13.52,6.18,14.91,11.8,12.91,11.28,11.92,8.19,12.54,12.14,6.99,13.91,16.74,4.21,3.4,3.4,4.62,3.69,3.31,2.02,8.04,9.33,7.98,6.9,10.8,11.04,14.3,15.38,2.78,1.75,1.5,3.9,1.98,3.52,2.57,4.47,3.84,3.94,5.89,3.26,2.33,3.66,2.53,1.72,2.52,10.46
00-0039451,Isaiah Williams,NYJ,WR,2.0,329,measured,10.2,11.85,13.65,15.47,8.5,15.99,11.8,8.84,6.06,10.39,7.01,18.24,9.06,7.51,14.99,6.6,3.12,3.49,2.84,2.89,3.94,4.17,2.61,11.5,4.53,6.4,5.32,9.82,7.56,9.31,7.98,1.7,3.55,3.85,2.77,4.96,1.94,4.26,2.07,3.25,1.0,2.41,3.43,3.65,3.41,3.73,2.39,3.21,15.96
00-0040405,Jamaal Pritchett,NYJ,WR,,0,prior,9.8,16.0,15.78,13.66,6.89,14.92,11.8,9.29,6.25,10.31,5.93,9.94,16.01,10.31,10.99,11.29,4.03,4.15,3.55,3.81,2.87,3.21,2.24,11.77,10.15,16.06,14.98,13.55,3.6,3.59,3.59,3.01,2.41,2.65,3.11,3.15,3.67,3.21,3.95,1.86,1.36,3.06,3.16,3.52,3.0,3.73,3.92,3.37,10.73
00-0041267,Malik McClain,NYJ,WR,,0,prior,8.7,14.88,15.78,15.05,5.43,14.97,11.8,8.31,8.69,6.83,5.56,12.85,14.36,10.31,10.99,11.29,2.87,1.75,2.56,1.99,3.4,2.55,2.0,7.61,4.36,7.0,5.93,5.54,4.66,6.25,6.26,3.38,2.65,2.41,3.5,2.93,1.37,3.76,2.24,4.8,1.13,3.66,4.34,2.16,1.72,2.12,4.09,1.0,13.22
00-0041511,Omar Cooper Jr.,NYJ,WR,1.0,0,prior,12.2,16.16,16.06,13.57,7.2,15.62,11.8,9.36,10.24,11.61,8.46,13.04,3.45,10.31,10.99,11.29,2.2,3.54,1.21,1.4,3.88,3.3,4.69,17.42,11.17,12.02,10.95,11.35,6.94,11.45,10.64,3.77,3.25,3.21,2.48,1.64,2.46,4.59,3.87,2.78,3.09,2.34,4.13,1.99,2.51,2.35,1.0,1.53,10.91
00-0033375,Tim Patrick,NYJ,WR,2.0,728,measured,11.9,12.49,13.59,12.86,6.5,13.75,11.8,12.44,10.01,11.23,10.32,9.37,11.14,14.07,15.42,6.86,5.37,3.42,3.53,4.85,2.48,4.4,1.43,7.95,7.91,11.35,10.28,14.17,12.97,9.51,9.48,2.67,3.69,3.61,5.41,1.17,4.0,2.5,1.82,3.83,2.96,3.65,3.01,2.92,2.13,3.22,1.59,2.85,14.98
00-0038112,Cam Jurgens,PHI,C,1.0,1708,measured,12.9,7.73,7.77,7.19,12.92,9.05,11.8,10.86,10.27,12.22,9.39,12.44,11.38,8.15,18.97,15.41,3.21,2.72,3.23,3.98,3.76,3.62,2.75,1.42,2.11,3.29,2.39,5.82,2.24,1.22,3.46,19.4,9.46,4.42,2.67,4.23,3.32,3.03,3.82,4.29,2.71,3.17,3.78,2.25,2.68,3.29,4.29,2.95,1.31
00-0040587,Drew Kendall,PHI,C,2.0,81,prior,10.6,6.0,6.76,8.21,13.4,8.54,11.8,10.58,9.54,7.81,6.5,7.56,15.14,13.04,10.99,11.29,5.07,3.13,4.15,2.55,4.16,2.38,2.09,2.47,1.53,1.65,3.3,2.8,1.0,2.67,1.86,10.53,10.21,2.84,3.87,1.28,2.05,2.73,2.49,2.21,4.18,3.18,1.77,2.72,3.91,2.51,4.41,3.09,2.56
00-0040422,Jake Majors,PHI,C,,0,prior,10.3,5.06,6.32,7.05,13.69,8.95,11.8,9.51,6.8,8.0,6.82,10.47,11.19,10.31,10.99,11.29,1.37,2.97,2.9,3.18,3.73,3.02,4.13,3.64,3.01,4.66,2.33,4.8,4.87,4.0,2.85,10.55,9.98,1.61,2.32,2.22,2.5,2.74,2.84,3.55,3.14,3.63,1.41,3.08,1.46,3.76,4.66,2.53,2.96
00-0040631,Willie Lampkin,PHI,C,3.0,0,prior,10.6,7.56,7.99,9.37,14.67,11.31,11.8,8.49,8.16,8.04,7.63,8.54,12.71,10.31,10.99,4.13,3.42,3.74,2.86,2.6,2.24,1.86,4.5,1.46,2.82,4.32,3.27,2.03,3.66,3.33,3.26,10.55,9.98,2.7,2.75,1.24,2.67,2.17,2.88,2.64,3.28,2.07,2.83,2.99,3.12,4.16,3.75,4.27,1.94
00-0039841,Cooper DeJean,PHI,CB,1.0,1366,measured,15.0,15.06,15.81,13.72,7.15,15.5,11.8,11.32,15.58,14.08,7.68,9.68,10.02,14.76,10.99,11.29,1.36,2.61,2.26,5.33,2.77,3.04,3.6,2.96,1.84,2.28,1.0,2.1,2.97,3.89,3.51,2.41,2.65,1.67,2.44,2.53,3.56,11.79,11.4,10.56,17.21,17.03,9.99,12.88,1.0,2.47,2.49,2.98,12.63
00-0039072,Jakorian Bennett,PHI,CB,4.0,523,measured,10.0,18.94,19.48,13.39,6.5,18.23,11.8,11.0,9.53,9.59,7.17,8.47,6.98,5.8,18.02,5.24,4.07,3.23,2.81,1.4,2.87,2.96,3.06,3.21,1.96,2.71,2.73,3.41,2.09,3.06,3.24,4.25,2.28,3.34,3.98,2.98,3.91,3.46,6.45,14.95,6.11,6.11,9.79,6.58,1.51,4.64,1.0,2.69,5.92
00-0032580,Jonathan Jones,PHI,CB,2.0,1213,measured,9.1,16.63,15.34,10.47,9.5,13.53,11.8,13.88,7.66,11.18,12.51,8.88,5.42,6.32,16.34,17.48,3.21,3.57,3.1,5.14,4.29,2.58,1.06,4.42,4.02,2.23,4.89,2.9,3.91,3.24,2.11,3.25,3.34,5.45,4.01,2.08,2.67,3.59,7.01,16.21,5.57,5.57,10.69,7.15,2.29,4.52,2.44,1.81,12.36
00-0039140,Kelee Ringo,PHI,CB,2.0,432,measured,10.2,17.55,16.44,13.89,7.03,13.48,11.8,11.5,8.47,11.81,7.53,12.4,5.51,15.84,10.99,11.29,3.91,2.39,2.58,1.5,2.98,3.58,3.68,4.12,3.57,4.68,3.29,2.92,2.42,1.57,2.95,3.09,4.97,2.57,3.81,2.12,2.53,10.11,12.01,15.95,6.36,6.36,9.95,7.42,2.49,1.89,4.89,3.31,15.56
00-0040071,Mac McWilliams,PHI,CB,3.0,23,prior,10.1,16.39,16.34,13.55,7.26,13.99,11.8,12.34,10.73,10.47,8.09,19.4,11.15,13.04,10.99,11.29,2.2,4.15,3.17,2.4,1.86,1.98,3.43,3.24,2.65,3.79,4.92,3.04,1.78,2.23,3.9,3.14,2.14,3.68,3.45,2.53,3.42,8.66,11.01,15.09,7.08,7.08,10.02,6.32,2.02,2.71,2.64,4.25,6.02
00-0036501,Michael Carter II,PHI,CB,2.0,686,measured,10.1,15.05,15.53,13.68,6.87,14.92,11.8,11.53,8.96,12.11,8.29,14.34,8.53,7.64,5.2,18.63,5.45,3.65,1.89,2.55,1.35,3.89,2.81,2.49,4.53,3.77,1.49,1.82,2.14,2.88,4.87,3.35,2.44,2.51,2.54,3.18,4.5,13.49,13.47,13.02,7.29,7.29,9.9,6.93,3.52,2.43,4.68,3.55,14.49
00-0039888,Quinyon Mitchell,PHI,CB,1.0,1528,measured,15.1,18.24,16.81,13.76,10.0,15.85,11.8,11.45,14.46,13.34,9.96,8.88,10.5,14.76,10.99,11.29,2.79,1.35,4.39,2.69,3.69,1.72,3.45,1.42,2.63,2.82,2.02,1.79,1.88,3.04,2.74,3.22,3.49,4.55,3.46,1.0,2.83,8.48,2.21,9.72,16.66,16.56,10.84,13.1,2.77,3.58,2.62,3.09,13.55
00-0037079,Riq Woolen,PHI,CB,1.0,1727,measured,13.9,19.4,18.45,14.09,6.8,18.16,11.8,12.29,12.5,10.28,7.95,11.15,7.64,12.51,14.71,11.29,2.94,3.51,3.67,2.73,3.54,4.02,1.81,4.42,3.36,2.81,3.42,4.26,3.52,3.26,2.23,3.81,2.64,2.98,2.21,3.69,3.53,2.15,4.05,11.59,13.32,13.32,9.88,12.65,4.31,3.13,2.28,3.3,10.18
00-0040077,Robert Longerbeam,PHI,CB,,0,prior,10.4,16.86,18.54,13.94,6.27,16.49,11.8,8.14,9.17,8.75,2.89,12.61,9.78,10.31,10.99,11.29,3.25,3.61,2.87,2.68,3.25,4.28,3.64,1.69,2.76,1.95,4.01,2.93,3.85,1.49,4.88,3.39,3.77,5.75,3.6,1.0,3.17,10.13,12.69,17.54,7.31,7.31,9.72,5.83,2.24,2.68,4.1,3.02,5.15
00-0038978,Byron Young,PHI,DT,2.0,352,measured,8.7,7.15,7.77,6.94,12.46,7.42,11.8,9.99,2.59,8.64,8.67,9.13,16.3,5.91,7.11,11.29,2.84,4.8,4.59,1.49,3.14,3.13,2.79,3.81,3.4,3.08,2.66,3.01,2.79,2.82,3.82,2.14,3.74,3.24,10.84,10.02,5.49,5.46,11.9,8.97,1.39,1.06,3.78,1.9,1.85,4.34,4.52,1.93,4.3
00-0039265,Gabe Hall,PHI,DT,,9,prior,6.8,6.99,8.82,8.63,11.38,10.91,11.8,6.69,3.59,5.75,7.33,8.3,13.21,10.31,10.99,11.29,3.41,1.8,1.04,4.22,5.65,4.04,3.86,2.11,4.72,2.97,3.36,1.96,2.15,3.97,3.5,1.28,1.11,2.26,5.44,4.95,6.9,5.4,4.2,12.81,3.71,3.31,3.55,3.68,1.94,2.39,3.12,3.02,3.18
00-0038386,Jalen Carter,PHI,DT,1.0,1364,measured,14.7,5.65,6.8,5.66,13.67,8.93,11.8,12.78,12.55,12.46,9.23,9.92,7.42,7.56,6.42,7.51,1.0,2.44,3.32,3.69,2.92,5.41,2.29,1.0,1.82,3.83,4.28,2.21,3.42,2.65,3.41,1.82,3.3,2.66,15.93,14.17,17.35,16.97,10.59,7.66,2.59,4.39,3.87,2.68,1.99,5.5,2.98,2.72,4.6
00-0037073,Jordan Davis,PHI,DT,,1115,measured,13.2,9.6,12.54,4.37,12.96,12.97,11.8,13.04,12.48,11.67,8.44,12.31,7.48,14.42,14.27,14.41,1.86,2.07,4.05,3.52,3.3,1.18,2.82,2.78,4.22,4.52,2.58,1.0,1.48,3.72,2.4,5.1,2.18,3.12,12.27,12.14,12.43,14.61,16.15,6.91,1.59,2.28,4.22,3.03,2.68,4.29,3.8,5.31,1.9
00-0038412,Moro Ojomo,PHI,DT,1.0,960,measured,11.9,6.13,8.07,7.79,14.77,11.87,11.8,11.25,9.87,10.44,9.52,12.13,11.04,15.84,10.99,11.29,2.53,1.5,1.74,2.38,1.36,2.63,3.82,1.0,2.51,1.51,4.96,3.52,1.59,4.67,3.12,2.26,3.74,1.32,11.89,9.91,12.07,13.11,8.52,3.57,1.91,3.28,2.02,3.29,2.98,1.43,1.96,2.86,4.48
00-0040662,Ty Robinson,PHI,DT,2.0,86,prior,8.4,8.93,11.22,8.15,14.31,13.06,11.8,8.27,9.47,6.26,8.76,5.38,13.14,13.04,10.99,11.29,2.77,3.42,1.87,4.06,3.13,4.06,2.23,4.06,3.92,2.35,2.19,2.89,3.02,3.39,1.9,2.44,3.74,3.47,7.38,6.55,7.16,6.91,5.57,10.47,2.94,4.29,2.58,4.35,2.51,2.64,2.26,1.73,4.56
00-0041580,Uar Bernard,PHI,DT,,0,prior,9.3,6.14,7.5,6.73,12.95,9.54,11.8,8.36,9.77,10.1,7.02,10.43,11.72,10.31,10.99,11.29,2.95,2.44,3.65,4.19,2.01,3.56,4.45,2.38,3.88,3.94,3.03,3.92,4.63,2.59,2.3,3.21,3.62,4.51,10.4,9.06,8.44,7.54,7.69,9.27,2.01,3.55,2.59,3.27,2.84,2.99,3.39,3.43,2.06
00-0036192,A.J. Epenesa,PHI,EDGE,3.0,963,measured,8.9,6.13,9.32,9.86,8.5,12.35,11.8,9.09,7.56,10.03,8.21,7.03,7.95,13.9,17.14,14.2,2.49,3.2,2.89,2.2,2.5,3.04,3.99,2.35,2.28,2.5,3.93,1.64,2.87,2.44,3.13,4.62,3.84,3.43,10.04,9.37,8.56,8.39,8.78,9.6,5.8,6.8,3.02,3.03,3.06,4.46,2.34,1.58,1.0
00-0038116,Arnold Ebiketie,PHI,EDGE,2.0,872,measured,12.1,10.85,14.39,11.32,10.67,16.69,11.8,9.69,10.62,11.3,7.86,7.75,13.71,16.96,10.99,7.97,4.0,3.58,2.67,2.8,1.38,2.33,3.88,2.78,3.43,2.45,2.44,2.85,1.38,4.34,4.79,3.88,2.69,2.44,12.87,13.09,10.36,9.76,13.47,13.37,5.8,6.8,3.57,2.33,4.26,3.67,2.8,3.07,1.63
00-0039740,Jalyx Hunt,PHI,EDGE,2.0,794,measured,13.2,11.69,14.81,11.67,9.5,16.47,11.8,11.94,12.74,12.56,5.52,11.09,11.92,14.76,10.99,11.29,1.0,3.1,3.85,2.65,3.85,2.5,3.68,2.04,3.2,4.23,1.42,3.16,1.68,2.17,1.69,2.09,3.1,2.33,13.93,14.85,13.28,11.05,11.99,12.52,5.8,6.8,3.22,3.69,3.07,3.42,3.25,3.36,4.42
00-0036224,Jonathan Greenard,PHI,EDGE,1.0,1377,measured,14.2,7.95,9.0,11.63,11.33,10.11,11.8,12.97,9.79,13.98,11.25,12.36,12.1,7.54,15.3,5.93,2.39,2.33,1.78,1.48,2.16,2.16,3.67,3.35,2.08,5.05,3.16,2.11,2.45,1.56,2.64,2.98,1.16,4.9,16.1,15.08,17.22,17.3,15.54,8.31,5.8,6.8,3.32,1.86,2.82,3.58,3.28,1.92,3.11
00-0040926,Joshua Weru,PHI,EDGE,,0,prior,8.7,11.54,13.39,12.73,10.62,14.38,11.8,6.73,7.67,6.79,5.82,15.61,12.58,10.31,10.99,11.29,3.11,1.07,2.01,2.96,4.46,4.18,3.96,1.9,3.43,2.97,3.97,1.82,4.27,2.09,2.18,2.43,3.92,2.27,6.95,7.43,6.62,7.97,9.29,14.32,5.8,6.8,5.04,2.88,2.27,1.55,3.54,3.34,1.93
00-0040908,Keyshawn James-Newby,PHI,EDGE,,0,prior,8.8,11.83,13.08,12.32,11.29,13.89,11.8,8.29,5.49,6.11,7.33,13.11,10.54,10.31,10.99,11.29,2.75,1.86,3.42,4.84,3.35,3.33,1.53,2.25,2.63,2.82,2.03,4.27,1.69,4.99,3.17,1.42,2.83,4.81,7.08,7.42,6.69,7.95,9.28,14.42,5.8,6.8,1.75,5.33,4.2,2.07,3.92,4.17,3.39
00-0041162,Mason Reiger,PHI,EDGE,,0,prior,8.5,9.6,13.04,12.28,10.59,17.13,11.8,8.02,4.36,3.64,9.7,18.48,11.23,10.31,10.99,11.29,2.93,3.29,1.79,1.29,2.98,5.47,3.73,5.39,3.26,2.95,2.68,2.73,2.24,2.73,2.94,1.73,3.49,2.83,7.28,7.09,6.62,7.97,9.29,13.54,5.8,6.8,3.45,2.56,2.96,4.53,2.95,3.39,2.45
00-0039013,Nolan Smith,PHI,EDGE,1.0,849,measured,12.4,16.86,17.55,13.11,10.85,18.2,11.8,11.78,12.71,8.75,8.01,10.87,8.64,15.84,10.99,15.41,3.84,2.7,2.52,2.88,2.88,2.63,3.46,1.36,3.91,3.28,2.83,3.52,3.41,3.33,2.05,3.23,4.18,2.07,10.29,12.55,11.64,10.72,9.03,12.21,5.8,6.8,4.73,3.18,3.63,3.9,2.48,3.88,3.2
00-0033787,Jake Elliott,PHI,K,1.0,67,measured,9.2,8.2,9.76,9.15,9.88,11.48,11.43,11.93,9.25,8.73,13.41,12.82,12.18,17.3,14.33,11.29,1.95,3.58,2.7,3.31,2.9,2.18,2.61,2.13,2.51,3.36,3.86,3.71,5.54,2.54,4.26,4.0,2.4,4.43,2.67,3.39,3.14,3.93,4.08,3.85,2.84,3.84,3.65,4.05,8.99,9.32,2.65,4.2,1.84
00-0037312,Chance Campbell,PHI,LB,,2,prior,9.4,12.92,15.21,12.44,10.1,17.2,11.8,8.52,7.43,5.96,8.64,9.53,9.77,7.15,14.16,11.29,2.9,1.74,4.19,2.08,2.74,3.85,2.29,2.59,3.47,3.81,2.92,4.59,3.64,2.69,2.8,3.29,1.72,4.25,8.41,8.71,5.47,6.96,10.78,11.95,8.32,9.82,2.65,2.18,1.0,3.63,1.19,4.86,4.76
00-0039826,Jeremiah Trotter Jr.,PHI,LB,2.0,143,measured,12.1,11.91,12.45,11.58,10.67,13.03,11.8,10.34,10.97,8.63,8.38,9.92,11.4,14.76,10.99,11.29,3.05,2.96,2.67,5.26,3.83,3.74,2.64,2.79,2.54,4.45,2.41,3.51,2.7,1.17,3.66,1.43,2.61,1.24,14.65,14.4,8.86,11.68,16.28,14.61,6.52,8.02,1.45,2.57,1.73,4.09,3.82,2.5,1.66
00-0040708,Jihaad Campbell,PHI,LB,1.0,647,measured,11.4,13.85,15.7,12.93,9.66,14.66,11.8,8.15,9.92,8.38,7.71,16.9,11.87,13.04,10.99,11.29,3.2,4.26,2.93,1.18,2.49,3.13,4.41,1.45,3.95,3.14,3.04,3.93,3.74,2.98,3.04,3.54,2.64,4.2,6.06,6.85,13.45,11.77,9.47,17.72,10.38,11.88,3.68,8.28,1.29,2.99,2.55,3.87,3.51
00-0040013,Smael Mondon Jr.,PHI,LB,2.0,11,prior,9.4,12.74,15.68,12.46,9.41,14.65,11.8,8.38,6.8,6.9,9.0,14.7,14.39,13.04,10.99,11.29,1.98,1.14,2.46,4.47,2.85,4.34,4.11,4.74,2.9,4.06,3.2,4.5,2.29,3.29,3.97,3.0,2.85,2.0,13.78,14.26,5.48,6.98,11.27,12.7,4.95,6.45,3.99,2.06,2.47,2.43,2.77,2.69,3.13
00-0036418,Zack Baun,PHI,LB,1.0,1693,measured,14.2,10.95,10.93,12.75,12.46,11.58,11.8,11.01,11.6,9.82,9.79,10.5,16.64,14.33,14.92,11.29,3.77,4.97,4.49,2.99,3.57,2.23,2.63,3.74,3.15,2.68,3.2,2.18,3.24,4.63,2.85,2.21,2.9,2.27,14.17,12.96,15.93,16.74,14.62,11.94,15.09,16.5,2.73,13.7,4.48,1.55,4.01,3.95,3.43
00-0040925,Rocco Underwood,PHI,LS,1.0,0,prior,9.6,10.6,11.56,10.69,9.71,12.54,11.2,9.76,9.44,8.83,8.17,14.48,8.72,10.31,10.99,11.29,1.68,2.89,2.62,2.35,3.22,5.17,3.57,2.01,4.09,2.9,3.29,3.35,3.57,2.67,2.64,2.24,1.06,4.13,4.08,2.0,3.4,3.13,1.6,2.71,2.39,4.33,3.57,2.9,1.0,1.95,3.79,1.13,2.06
00-0039822,Kiran Amegadjie,PHI,OG,,77,prior,9.7,3.99,5.77,5.34,13.3,8.9,11.8,6.4,8.36,7.91,9.02,6.05,8.77,4.05,7.22,6.6,3.54,2.43,3.19,3.81,3.06,1.28,3.43,2.8,1.0,3.0,2.93,2.55,3.11,3.07,2.54,10.76,8.37,3.62,2.02,1.0,2.36,3.71,4.4,3.57,2.45,2.34,2.69,3.13,3.78,4.05,2.51,2.46,2.28
00-0037002,Landon Dickerson,PHI,OG,1.0,1867,measured,14.0,3.66,5.72,5.57,13.36,9.17,11.8,12.15,17.64,10.13,10.11,9.76,11.66,12.2,17.96,14.71,3.74,5.26,2.97,3.34,2.05,3.66,1.93,2.08,1.9,3.81,3.76,2.25,1.46,2.57,2.91,19.4,11.58,3.0,2.69,2.59,1.4,1.43,2.67,3.5,3.4,2.91,3.86,3.05,2.57,1.97,3.37,2.55,2.93
00-0040897,Micah Morris,PHI,OG,3.0,0,prior,11.2,5.47,7.73,4.77,13.39,9.77,11.8,9.02,6.37,7.11,6.09,19.4,10.29,10.31,10.99,11.29,3.17,1.23,3.3,4.34,2.19,2.43,2.63,3.84,2.0,2.91,2.67,4.94,2.84,2.48,3.04,13.05,10.03,2.34,2.28,3.98,2.17,3.12,2.1,2.32,2.56,3.17,3.24,1.98,1.06,3.35,1.93,4.51,2.31
00-0039001,Tyler Steen,PHI,OG,1.0,1167,measured,12.0,3.99,6.4,7.01,13.23,9.41,11.8,8.9,11.36,10.73,8.84,5.33,14.8,15.84,10.99,11.29,2.57,3.77,3.83,3.22,3.42,3.62,3.18,3.42,1.75,2.65,2.36,4.05,3.96,3.39,2.26,10.31,15.76,2.27,2.97,1.56,3.33,4.69,1.14,1.14,3.09,1.7,2.67,3.32,3.28,2.22,3.46,3.61,2.64
00-0034951,Fred Johnson,PHI,OT,2.0,896,measured,11.9,3.41,5.18,4.43,11.43,7.71,11.8,11.25,10.67,9.49,7.92,10.67,11.53,17.99,10.99,7.06,1.81,3.06,3.56,2.1,2.79,2.75,4.1,4.37,3.76,3.72,1.98,2.48,4.92,3.37,1.6,10.96,15.93,5.31,3.94,4.63,4.36,3.58,1.95,2.12,1.28,1.68,3.09,2.52,1.69,2.96,2.78,2.32,2.57
00-0038852,John Ojukwu,PHI,OT,,293,measured,11.4,3.4,5.1,8.38,12.48,8.34,11.8,11.8,6.07,8.09,6.19,14.35,9.22,15.84,10.99,11.29,1.61,2.11,3.67,3.17,2.68,3.21,1.61,3.79,3.58,3.15,2.03,4.46,1.63,4.87,3.66,12.43,12.0,1.66,3.3,2.31,4.23,2.15,4.86,3.24,1.15,1.11,1.2,4.12,1.45,4.22,4.7,1.68,3.16
00-0034429,Jordan Mailata,PHI,OT,1.0,1904,measured,12.2,1.74,3.22,1.72,10.28,5.51,11.8,10.7,11.53,9.04,11.44,9.95,12.07,6.1,14.3,11.29,2.66,1.84,2.58,1.0,2.04,2.38,2.79,2.33,3.21,2.14,2.39,2.77,3.54,2.15,3.19,16.55,13.98,3.06,3.87,2.39,1.7,3.78,2.77,2.53,5.61,4.37,1.94,2.48,3.14,3.14,2.89,2.37,2.94
00-0030561,Lane Johnson,PHI,OT,1.0,1447,measured,14.2,7.54,8.81,7.14,14.31,10.73,11.8,14.56,14.99,7.09,14.8,6.34,7.71,4.79,4.09,4.69,3.19,3.11,3.89,2.32,2.71,4.29,3.84,4.38,2.68,1.97,2.7,2.33,2.87,4.23,4.74,19.4,12.91,2.3,2.56,1.36,3.53,2.32,3.88,2.44,3.62,3.12,1.0,1.47,3.01,4.9,3.7,3.27,1.77
00-0041554,Markel Bell,PHI,OT,2.0,0,prior,9.6,1.6,3.82,3.64,10.1,6.52,11.8,9.11,5.12,7.27,6.57,9.04,7.7,10.31,10.99,11.29,3.45,4.28,2.36,1.46,1.76,2.6,2.67,4.57,3.15,3.79,3.2,3.65,4.28,3.56,2.34,10.42,11.3,2.15,4.58,4.41,3.79,4.73,3.22,4.37,3.0,3.82,2.89,3.97,3.67,2.72,2.89,5.72,2.1
00-0036313,Braden Mann,PHI,P,1.0,98,measured,14.5,8.66,8.99,14.24,10.13,10.34,12.51,12.5,9.11,12.52,11.78,7.58,8.17,17.99,10.99,14.09,2.73,2.61,2.8,2.69,3.83,1.0,4.26,3.64,3.8,3.15,2.6,3.41,2.27,3.63,3.4,1.0,3.33,3.34,2.81,4.47,3.21,3.27,2.33,3.48,4.89,3.03,2.03,3.38,2.75,4.75,15.75,13.17,3.37
00-0027973,Andy Dalton,PHI,QB,2.0,323,measured,9.8,5.13,4.46,10.9,10.08,5.79,11.8,10.88,9.33,8.07,13.67,12.84,12.12,5.61,18.16,4.97,6.67,8.41,13.68,8.51,9.52,14.1,8.75,5.95,3.28,2.78,4.71,2.01,2.39,3.34,4.13,3.54,3.51,2.59,2.46,1.15,3.9,1.82,2.56,3.2,3.07,3.22,3.56,1.72,4.04,3.46,3.72,3.45,4.89
00-0040891,Cole Payton,PHI,QB,4.0,0,prior,7.2,13.11,15.88,11.95,10.08,17.74,11.8,8.09,6.06,7.48,8.36,14.2,8.58,10.31,10.99,11.29,10.94,6.57,6.73,8.53,5.06,5.82,5.39,7.37,1.94,2.56,3.32,3.65,3.12,1.04,1.86,4.79,2.36,4.83,2.85,3.34,1.04,1.58,1.36,3.24,2.84,2.91,3.27,2.92,3.08,3.5,3.18,4.01,4.87
00-0036389,Jalen Hurts,PHI,QB,1.0,1965,measured,14.1,12.53,14.48,12.2,10.08,14.52,11.8,12.51,14.92,11.32,13.68,8.89,11.68,14.16,6.21,7.97,14.72,18.41,14.18,14.59,10.07,10.18,13.71,12.1,3.02,8.59,1.0,1.72,3.87,3.11,1.0,2.17,1.91,2.55,3.2,2.67,4.81,5.16,3.97,1.32,3.02,2.53,3.7,2.07,1.97,3.08,2.73,3.08,4.23
00-0038400,Tanner McKee,PHI,QB,3.0,140,measured,7.3,10.14,10.57,10.93,10.08,12.15,11.8,8.88,6.64,5.96,8.15,10.19,13.29,5.18,14.72,4.47,5.38,6.9,7.92,8.85,5.34,6.02,7.68,7.7,2.95,1.0,3.18,2.87,3.81,5.24,4.06,5.31,2.51,2.12,2.3,1.18,2.87,2.49,1.92,4.38,2.74,3.68,3.34,1.86,3.55,1.56,4.51,2.96,3.47
00-0039325,Carson Steele,PHI,RB,,120,measured,9.9,13.42,14.15,12.12,9.75,14.0,11.8,8.72,6.05,8.67,6.83,12.27,16.3,12.42,10.99,11.29,1.82,1.0,2.68,4.62,3.32,3.16,3.9,9.98,9.35,6.12,8.3,10.98,3.64,4.41,4.89,3.02,6.9,4.02,1.7,3.09,1.0,5.27,1.0,2.99,1.0,1.84,2.76,5.51,3.67,1.83,2.59,4.74,12.31
00-0037258,Dameon Pierce,PHI,RB,,224,measured,10.5,12.56,13.04,12.95,10.67,13.5,11.8,10.49,7.06,10.59,9.57,12.19,10.51,7.82,5.35,5.31,2.9,1.0,1.89,3.72,2.12,4.62,1.0,15.16,9.29,8.65,8.73,9.35,5.36,4.13,3.46,1.94,5.54,2.94,3.63,2.81,3.7,2.28,1.79,2.14,1.6,1.0,3.43,4.27,3.46,3.09,4.04,1.72,15.12
00-0040586,Jaydon Blue,PHI,RB,,68,prior,10.5,17.09,15.72,14.03,8.1,13.71,11.8,10.44,3.96,11.03,8.42,11.82,9.24,13.04,10.99,11.29,2.67,3.95,3.04,2.03,2.41,2.28,4.2,14.35,8.44,7.06,5.77,8.51,4.45,3.66,2.82,1.0,5.93,1.0,3.94,1.0,2.89,3.9,3.05,1.87,2.08,2.49,1.69,3.47,2.88,2.62,1.42,2.23,14.9
00-0034844,Saquon Barkley,PHI,RB,1.0,1558,measured,14.0,16.11,15.32,12.05,14.77,16.66,11.8,14.62,12.36,13.41,12.35,6.14,9.9,7.76,5.4,15.19,2.57,5.54,2.59,2.72,2.52,4.53,1.25,18.08,15.03,17.84,8.92,6.45,1.66,7.03,5.19,4.43,12.08,5.43,2.06,2.07,3.03,3.69,3.87,3.8,1.65,3.25,2.58,1.33,1.39,3.56,1.73,3.49,17.21
00-0038555,Tank Bigsby,PHI,RB,2.0,409,measured,12.3,13.11,13.33,12.98,8.92,12.63,11.8,10.46,12.17,10.11,8.09,10.49,9.23,14.45,15.16,16.61,2.92,1.83,4.52,3.09,3.51,3.15,1.37,14.31,13.65,14.58,10.5,4.86,3.78,3.58,1.71,8.04,8.82,9.04,1.71,2.45,2.64,4.14,3.77,2.16,2.99,2.84,4.98,2.23,4.68,3.17,2.16,3.32,12.84
00-0039746,Will Shipley,PHI,RB,3.0,150,measured,10.0,14.0,14.33,13.18,8.7,13.93,11.8,7.55,9.29,7.73,7.41,12.94,6.13,11.94,7.56,14.86,3.06,1.7,4.18,3.08,1.8,3.65,3.8,15.61,6.25,6.6,7.05,10.95,4.68,6.11,6.36,2.19,6.42,3.19,3.52,1.69,1.18,2.68,2.94,1.45,3.46,2.67,2.53,3.72,1.24,4.1,5.51,3.65,14.65
00-0039267,Andre' Sam,PHI,S,2.0,3,prior,7.8,13.65,13.89,14.83,7.28,13.8,11.8,5.87,6.09,6.93,7.25,13.45,10.82,14.76,10.99,11.29,2.71,3.79,3.06,2.96,4.83,2.82,2.15,2.83,4.4,2.57,3.33,2.79,3.95,4.7,3.17,2.67,3.95,1.81,4.2,2.5,1.43,12.97,6.63,9.74,4.9,5.9,9.04,5.9,2.93,2.41,2.02,3.2,9.8
00-0040749,Andrew Mukuba,PHI,S,1.0,619,measured,10.2,15.47,15.19,14.08,6.68,13.85,11.8,8.14,6.99,3.94,6.92,6.2,10.91,13.04,10.99,11.29,1.2,3.11,3.15,2.17,2.76,2.41,2.09,1.66,2.73,2.39,2.97,4.17,3.36,2.69,6.24,3.74,3.63,3.09,2.48,2.7,3.23,13.82,9.07,11.32,7.99,8.99,8.86,8.59,2.43,5.06,2.33,2.38,9.8
00-0040905,Cole Wisniewski,PHI,S,,0,prior,10.6,13.69,15.27,13.68,8.96,15.63,11.8,8.25,7.69,3.86,5.78,7.96,6.55,10.31,10.99,11.29,3.12,1.92,2.11,1.63,2.7,3.61,1.77,3.4,3.41,2.63,4.93,3.39,4.74,4.21,3.33,1.86,2.71,6.02,3.52,2.83,2.02,9.59,10.27,15.25,8.8,9.8,9.55,10.74,2.57,2.45,4.67,2.86,9.8
00-0034993,Marcus Epps,PHI,S,1.0,776,measured,11.6,12.99,13.66,13.36,7.52,13.61,11.8,11.78,8.83,7.94,11.9,8.89,11.49,7.31,15.61,17.12,4.19,3.85,3.59,3.5,3.25,3.95,1.48,4.9,2.53,3.08,3.32,3.64,4.37,2.6,3.05,1.8,3.09,3.3,3.79,2.45,3.42,10.37,11.1,11.7,11.83,12.83,9.12,8.03,3.36,2.72,1.71,5.71,9.8
00-0040923,Maximus Pulley,PHI,S,,0,prior,10.7,13.63,14.15,14.62,7.69,14.17,11.8,8.94,8.11,6.23,7.61,11.31,6.9,10.31,10.99,11.29,3.28,2.15,3.48,2.79,3.62,4.02,4.18,2.61,2.2,2.18,3.89,3.11,2.41,2.84,3.03,2.49,1.08,2.75,3.63,1.77,2.02,9.26,10.27,15.23,8.81,9.81,9.17,11.16,2.49,2.38,1.0,4.63,9.8
00-0040929,Tucker Large,PHI,S,3.0,0,prior,10.7,14.19,14.52,13.97,6.46,13.8,11.8,7.72,9.32,5.9,6.27,11.29,7.79,10.31,10.99,11.29,3.62,3.54,3.41,2.49,3.79,3.01,4.04,1.65,3.28,1.65,3.84,3.1,1.55,2.95,2.38,2.95,1.88,4.32,4.27,2.7,3.15,9.26,10.27,15.45,8.81,9.81,8.8,11.16,2.48,2.66,3.75,3.16,9.8
00-0034351,Dallas Goedert,PHI,TE,1.0,1356,measured,14.5,9.18,10.53,10.6,12.0,11.93,11.8,13.56,14.05,11.88,11.85,13.83,6.67,6.36,13.62,7.62,1.7,1.0,2.96,3.96,3.56,4.14,1.62,13.78,3.33,10.75,13.41,17.09,16.4,15.28,14.26,15.22,14.73,13.06,2.83,4.03,3.37,2.39,2.23,4.43,3.88,3.47,3.61,2.03,4.2,2.81,2.61,4.17,2.35
00-0038498,E.J. Jenkins,PHI,TE,4.0,65,prior,8.7,11.15,12.45,12.46,8.6,13.57,11.8,10.36,3.96,3.97,7.48,11.51,12.28,14.76,10.99,11.29,5.12,2.45,1.56,1.53,2.37,4.91,2.22,6.53,3.4,4.63,7.29,14.6,6.02,4.37,4.61,8.37,10.16,6.22,4.76,3.62,2.62,1.98,1.95,4.67,1.76,3.95,3.36,1.0,2.41,2.87,2.32,2.33,5.42
00-0041483,Eli Stowers,PHI,TE,3.0,0,prior,9.4,14.08,17.06,12.47,8.73,19.4,11.8,7.17,7.48,6.05,6.6,11.88,11.88,10.31,10.99,11.29,3.04,2.62,3.2,1.77,3.84,3.29,4.01,14.69,3.98,5.97,8.63,10.28,8.54,8.68,8.38,9.04,8.48,6.88,3.91,3.76,4.8,4.38,2.52,2.64,1.66,2.42,2.76,1.19,3.09,3.37,1.83,2.0,3.29
00-0037086,Grant Calcaterra,PHI,TE,5.0,896,measured,10.6,12.0,13.04,12.42,10.0,13.87,11.8,8.26,8.36,7.95,10.26,12.68,17.97,12.49,13.78,14.41,2.8,3.13,1.38,2.37,1.93,6.07,3.8,9.22,2.25,7.2,9.85,10.58,17.12,10.77,13.33,8.9,7.09,6.74,2.96,1.77,3.13,1.46,3.28,3.47,3.24,3.27,4.1,3.41,3.85,2.84,4.92,4.36,3.43
00-0033246,Johnny Mundt,PHI,TE,2.0,713,measured,11.0,9.99,11.25,11.03,9.31,12.55,11.8,12.5,10.6,8.78,11.57,13.36,12.0,17.99,10.99,7.62,4.26,3.22,3.28,3.11,1.0,2.55,1.18,7.69,1.93,12.1,14.76,8.8,9.31,12.13,13.41,9.36,14.2,7.2,1.7,3.71,1.44,4.43,4.37,3.25,2.59,2.76,2.04,1.83,3.26,2.43,3.7,3.91,2.22
00-0037132,Britain Covey,PHI,WR,,94,prior,10.4,15.76,15.42,13.47,6.58,14.47,11.8,8.92,10.56,11.73,7.6,18.33,15.37,7.41,4.35,16.1,2.63,3.32,1.7,3.79,5.13,3.75,3.67,7.41,6.37,11.68,10.6,7.83,4.18,9.23,9.27,2.37,4.49,4.21,2.38,2.23,2.02,3.23,3.73,1.71,2.14,2.36,1.13,1.51,2.03,3.09,2.22,3.9,13.87
00-0037828,Danny Gray,PHI,WR,,0,prior,10.6,18.24,17.8,13.57,7.2,14.25,11.8,10.75,11.29,12.76,8.43,7.91,16.11,8.21,14.1,6.0,3.94,1.75,2.67,3.86,2.36,3.63,3.49,11.65,11.41,16.08,15.0,14.22,3.62,4.19,3.63,4.79,3.87,2.25,4.82,2.8,2.28,3.58,2.71,4.03,3.58,1.77,2.12,2.8,4.03,2.23,4.22,2.26,10.28
00-0040024,Darius Cooper,PHI,WR,2.0,198,measured,9.0,14.23,14.9,12.79,8.2,15.13,11.8,9.14,9.58,10.11,6.87,12.72,11.0,13.04,10.99,15.41,4.32,4.34,2.29,1.0,1.92,2.33,3.08,11.75,5.41,7.75,6.68,11.91,6.56,3.78,3.66,2.68,1.53,3.92,3.73,1.7,4.86,1.57,3.29,1.44,2.28,2.75,1.0,3.55,3.36,4.5,4.03,4.58,15.23
00-0036912,DeVonta Smith,PHI,WR,1.0,1803,measured,14.3,16.18,16.21,14.93,5.36,14.85,11.8,12.72,13.39,12.39,12.36,11.23,8.67,12.52,18.43,6.6,3.41,2.61,2.34,4.27,3.51,2.74,1.48,16.84,11.46,9.93,8.86,14.49,14.72,13.71,12.64,3.69,1.47,2.65,2.76,2.77,3.35,3.07,2.16,4.07,3.15,2.05,3.33,2.74,2.77,2.38,2.46,2.72,10.17
00-0038393,Dontayvion Wicks,PHI,WR,1.0,961,measured,12.3,12.0,15.29,13.4,7.47,17.3,11.8,11.11,11.23,10.78,12.45,12.5,7.63,12.18,13.99,18.82,2.29,2.69,4.73,1.88,4.73,4.18,2.32,9.42,11.05,11.98,10.91,10.92,11.96,12.09,13.38,3.47,3.49,2.75,3.1,2.65,5.2,3.98,2.7,1.83,2.33,3.23,4.05,1.88,2.12,1.71,4.05,3.45,12.49
00-0036980,Elijah Moore,PHI,WR,2.0,1130,measured,11.7,17.78,16.32,18.14,8.5,14.64,11.8,12.99,10.21,12.02,8.93,8.58,8.64,14.1,14.4,8.14,1.59,2.88,1.44,1.0,1.37,3.44,3.24,11.6,3.02,3.59,2.52,7.98,7.77,10.23,11.99,2.76,2.52,4.22,2.46,3.67,4.19,3.55,1.26,2.53,2.52,1.19,2.06,3.5,3.46,3.83,3.42,3.93,15.65
00-0039236,Johnny Wilson,PHI,WR,3.0,241,measured,7.8,13.85,15.95,14.9,7.22,16.25,11.8,9.64,10.16,7.32,6.96,8.96,13.68,12.42,10.99,13.91,4.92,2.21,3.34,3.6,2.22,2.53,2.57,7.59,4.25,7.65,6.58,5.76,4.28,3.83,3.81,1.0,2.88,3.11,3.0,5.62,2.92,4.23,4.26,2.52,3.11,3.23,4.01,1.95,2.41,2.94,1.0,3.8,11.83
00-0040867,Makai Lemon,PHI,WR,1.0,0,prior,12.0,15.12,15.46,13.64,7.06,15.01,11.8,12.04,12.42,10.43,5.77,5.78,14.88,10.31,10.99,11.29,5.54,2.67,4.27,2.7,2.45,2.73,2.46,17.72,11.26,11.87,10.8,11.07,6.82,11.95,10.64,4.36,2.43,1.74,3.5,3.25,2.61,3.14,3.32,2.69,4.48,1.45,4.26,3.35,2.86,2.43,2.76,3.25,10.1
00-0035662,Marquise Brown,PHI,WR,2.0,862,measured,12.2,15.82,15.57,13.79,6.27,14.52,11.8,13.5,13.56,10.81,9.96,8.96,16.92,5.67,17.72,7.74,2.85,4.17,2.64,3.79,1.26,2.01,4.03,8.76,6.27,6.23,5.16,10.69,8.24,12.27,12.89,4.06,2.79,3.92,3.52,3.32,4.58,3.38,1.0,1.64,2.36,2.76,2.81,3.34,1.0,2.83,1.09,1.94,14.79
00-0038496,Xavier Gipson,PHI,WR,,388,measured,9.2,15.74,15.69,13.69,6.91,14.94,11.8,10.75,9.81,7.0,7.48,15.08,8.78,6.72,15.38,14.41,3.61,2.46,1.49,2.37,2.88,2.2,1.81,6.65,3.22,7.07,6.0,6.84,5.84,5.87,7.25,3.76,2.75,2.57,1.81,1.4,3.42,1.96,3.03,2.79,1.97,3.02,3.3,3.3,3.93,3.2,4.63,1.76,15.1
00-0036783,Ryan McCollum,PIT,C,2.0,154,measured,10.8,4.08,6.06,6.43,12.9,8.31,11.8,10.95,7.57,8.98,10.15,13.71,10.86,15.31,10.99,11.29,1.0,2.95,2.81,1.8,2.38,2.56,2.29,3.33,2.6,3.97,3.89,1.63,2.93,3.29,2.06,11.95,10.01,3.54,2.98,3.06,2.1,3.38,3.12,1.65,2.25,4.17,3.32,2.73,3.34,2.33,2.57,4.83,1.15
00-0039896,Zach Frazier,PIT,C,1.0,1528,measured,13.5,4.93,6.1,6.85,13.77,8.81,11.8,10.33,11.61,13.48,8.76,9.13,12.64,12.56,7.2,15.41,2.25,1.62,2.56,1.65,3.68,2.9,2.6,3.18,3.21,3.49,4.7,2.13,4.61,3.72,3.33,11.28,19.4,4.5,3.63,2.66,3.61,1.32,3.7,2.65,4.47,2.55,2.38,6.67,2.99,3.34,2.59,1.5,1.37
00-0036617,Asante Samuel Jr.,PIT,CB,2.0,819,measured,10.4,15.47,15.82,15.09,6.0,14.4,11.8,11.92,8.42,8.82,7.55,9.11,14.54,7.05,7.57,13.93,2.85,5.38,2.35,4.51,5.21,2.02,2.37,3.14,2.93,5.24,1.27,2.34,3.33,2.92,4.04,1.57,2.78,2.67,2.88,4.67,3.35,7.75,4.78,12.53,8.21,8.21,9.64,9.16,4.0,2.12,3.69,3.82,14.56
00-0036504,Brandin Echols,PIT,CB,2.0,798,measured,12.9,17.72,18.84,15.78,6.5,18.93,11.8,9.61,10.12,10.27,10.23,11.65,10.49,12.07,13.68,14.6,3.19,1.63,2.18,4.93,3.89,1.1,4.54,1.13,3.96,3.04,3.36,2.17,4.4,3.51,2.19,3.49,2.42,2.62,2.72,3.81,2.58,11.53,12.99,14.43,11.52,11.52,9.79,8.22,3.07,2.24,5.03,2.0,14.43
00-0040322,Car'lin Vigers,PIT,CB,,0,prior,9.8,15.08,15.93,13.98,6.75,15.49,11.8,9.44,9.68,9.22,8.03,9.44,9.58,10.31,10.99,11.29,2.95,3.06,3.18,2.27,3.06,2.45,3.9,2.95,1.0,2.28,3.19,3.07,3.94,2.77,3.05,2.29,3.78,3.86,2.57,3.56,4.96,10.1,12.83,16.93,7.06,7.06,9.87,5.08,2.87,2.25,2.52,3.41,4.88
00-0039883,Daequan Hardy,PIT,CB,3.0,0,prior,10.4,17.09,17.18,13.64,6.78,18.35,11.8,10.4,9.92,11.46,7.59,8.48,9.97,10.31,10.99,11.29,2.53,3.23,4.24,3.68,2.77,1.49,3.72,4.54,1.84,1.97,3.07,1.62,2.21,3.11,2.48,1.87,4.25,2.47,1.0,3.68,5.03,10.09,12.51,17.45,7.33,7.33,9.88,6.11,4.31,2.93,1.88,4.02,4.6
00-0041393,Daylen Everette,PIT,CB,2.0,0,prior,10.9,17.09,16.69,13.9,6.78,15.92,11.8,10.33,9.12,11.32,6.06,15.56,7.13,10.31,10.99,11.29,3.53,3.74,1.0,4.92,1.98,3.25,3.01,2.13,2.61,1.61,2.67,2.93,3.67,2.87,3.35,2.57,4.25,3.77,2.05,3.32,3.02,9.05,11.25,15.04,8.29,8.29,9.88,7.32,3.3,2.61,3.87,3.19,18.32
00-0040341,Doneiko Slaughter,PIT,CB,,0,prior,9.8,15.07,15.7,13.87,6.69,15.11,11.8,9.78,7.01,8.41,5.84,11.03,11.4,10.31,10.99,11.29,3.11,3.41,1.0,2.2,4.02,2.96,3.17,4.06,3.59,4.18,1.41,1.13,5.81,2.84,1.9,1.41,2.93,1.73,2.16,3.16,4.81,10.1,12.83,16.93,7.06,7.06,9.85,5.08,3.69,2.72,3.44,3.34,4.88
00-0040232,Donte Kent,PIT,CB,3.0,0,prior,9.9,15.04,15.59,13.59,7.15,15.16,11.8,10.07,8.04,10.17,7.5,12.59,7.92,10.31,10.99,11.29,4.13,3.7,1.22,4.63,5.54,4.41,2.23,2.41,2.92,4.44,5.28,3.47,2.73,2.57,3.06,2.47,2.3,2.78,5.33,1.58,4.18,10.1,12.69,16.9,7.31,7.31,9.99,5.69,4.39,2.94,1.97,3.19,5.14
00-0033055,Jalen Ramsey,PIT,CB,1.0,1870,measured,13.6,15.14,16.95,13.62,7.0,17.68,11.8,13.26,13.25,11.33,12.97,12.97,7.97,7.78,16.13,17.81,1.74,2.62,3.2,2.07,2.44,3.35,2.53,3.05,1.32,3.25,3.14,2.64,3.28,4.25,3.42,4.38,3.07,2.59,3.72,5.04,1.84,10.32,5.11,9.21,13.8,13.8,9.94,15.78,3.34,3.04,3.33,2.68,6.6
00-0035699,Jamel Dean,PIT,CB,1.0,1359,measured,13.8,18.32,18.33,13.48,8.0,17.64,11.8,13.07,14.86,14.26,11.28,12.97,15.54,4.95,18.74,18.53,2.4,4.21,2.16,2.73,2.5,3.74,1.4,3.98,2.26,3.93,2.38,3.61,2.32,2.62,4.63,2.72,2.27,3.46,4.39,4.36,3.88,9.42,10.09,15.59,13.09,13.09,10.24,12.24,3.8,4.5,3.92,1.7,7.4
00-0039167,Joey Porter Jr.,PIT,CB,1.0,1717,measured,12.2,15.24,16.85,14.09,8.5,15.05,11.8,10.53,6.77,8.84,10.45,10.8,12.45,11.9,7.63,6.92,3.65,3.4,3.37,5.16,3.66,3.13,3.38,3.12,3.29,2.15,1.23,5.14,5.21,3.36,3.81,3.51,2.79,2.75,2.95,3.06,4.04,6.27,4.43,10.24,11.63,11.63,10.39,11.2,4.88,3.36,2.68,3.03,12.19
00-0027969,Cameron Heyward,PIT,DT,1.0,1449,measured,14.5,4.06,5.43,5.25,12.13,7.22,11.8,16.04,12.28,9.5,14.96,14.22,9.93,17.99,10.99,15.41,3.99,3.9,1.58,3.75,3.44,2.37,3.61,4.85,5.39,2.87,3.98,3.74,2.42,3.13,4.84,2.99,2.97,3.36,13.42,11.64,16.91,18.91,17.67,10.48,2.32,2.01,2.47,2.16,2.11,2.63,3.05,3.49,1.37
00-0040678,Derrick Harmon,PIT,DT,1.0,411,measured,12.4,7.33,7.92,6.35,13.08,9.25,11.8,9.38,10.83,10.96,7.67,8.86,11.49,7.37,5.75,7.51,1.84,2.79,3.52,4.43,3.86,4.02,3.13,1.11,1.66,2.06,3.36,3.94,3.41,2.64,2.14,1.41,2.93,2.47,12.47,11.51,13.67,13.77,9.5,9.1,3.5,3.27,3.18,1.99,3.06,3.86,5.08,2.29,5.26
00-0037274,Esezi Otomewo,PIT,DT,,210,measured,9.8,7.52,9.35,9.03,11.74,11.61,11.8,9.55,9.09,5.87,7.74,11.88,13.47,15.31,10.99,6.6,2.96,1.74,4.25,2.7,3.04,3.06,1.7,3.64,3.93,3.84,2.14,2.22,2.96,1.6,3.7,1.68,4.39,3.74,11.23,10.8,9.52,8.55,6.34,9.91,2.86,2.68,1.0,1.71,4.65,3.72,4.28,2.66,2.81
00-0041400,Gabe Rubio,PIT,DT,,0,prior,9.4,5.06,6.39,5.55,12.96,8.46,11.8,7.89,9.81,5.32,5.77,10.23,9.95,10.31,10.99,11.29,2.5,3.43,3.9,2.15,3.06,3.2,4.47,5.05,2.86,3.84,3.04,3.88,3.22,3.89,2.04,3.11,3.5,3.83,11.18,9.46,8.45,7.55,7.69,8.84,2.44,2.87,4.15,3.67,4.26,2.23,2.1,2.67,4.53
00-0039110,Keeanu Benton,PIT,DT,1.0,1319,measured,11.8,5.6,7.6,8.64,12.92,9.65,11.8,10.68,7.13,11.51,9.41,10.24,10.96,15.84,10.99,11.29,5.46,1.4,2.36,5.11,1.68,3.23,2.34,2.66,3.64,3.61,2.13,2.77,2.46,1.6,4.81,2.22,2.52,2.48,14.24,12.72,11.16,11.03,11.23,6.49,4.03,3.14,3.07,3.06,3.65,2.0,4.02,4.25,5.98
00-0041261,Kevin Jobity Jr.,PIT,DT,2.0,0,prior,8.5,6.55,7.98,7.3,12.76,10.07,11.8,8.07,7.99,7.66,4.53,11.07,12.55,10.31,10.99,11.29,2.27,4.08,3.2,2.65,4.15,2.11,1.0,2.99,2.18,3.53,4.29,2.83,2.96,1.21,3.72,4.73,4.72,4.97,7.85,6.73,6.83,8.28,9.06,7.95,4.49,1.42,3.08,5.18,1.88,2.93,4.22,2.27,2.49
00-0039609,Kyler Baugh,PIT,DT,,0,prior,6.6,7.0,8.23,7.22,13.54,10.55,11.8,7.77,3.1,4.5,5.24,7.23,11.06,10.31,10.99,11.29,3.61,2.94,2.1,4.0,3.06,4.13,3.45,2.54,2.27,1.87,4.35,4.55,4.2,3.06,4.08,2.25,3.41,4.3,5.05,3.81,5.43,5.18,4.18,12.98,3.28,3.75,4.08,2.43,2.88,1.74,1.96,3.26,4.45
00-0039389,Logan Lee,PIT,DT,2.0,46,prior,7.5,6.0,8.5,11.58,12.92,11.35,11.8,9.06,2.8,3.03,7.94,9.51,11.64,5.45,17.87,11.29,3.84,3.82,2.07,1.0,4.17,3.69,4.17,3.57,2.97,3.8,3.46,1.13,3.66,2.93,3.74,1.94,3.75,3.53,6.31,4.94,7.04,6.43,4.85,10.18,2.25,2.14,2.46,3.19,2.83,2.59,1.77,2.7,1.77
00-0034810,Sebastian Joseph-Day,PIT,DT,3.0,999,measured,12.1,4.65,5.97,5.3,13.08,8.21,11.8,13.3,8.11,13.36,9.24,9.79,11.85,12.52,7.58,14.51,2.48,1.95,2.41,3.45,3.23,4.05,3.11,3.54,3.33,2.64,3.88,5.07,2.39,4.04,4.64,4.74,2.93,4.42,13.68,11.78,10.86,12.82,14.91,6.87,1.91,3.21,2.05,2.81,3.33,1.84,3.81,4.4,4.19
00-0040188,Yahya Black,PIT,DT,2.0,386,measured,8.4,1.15,3.38,6.45,13.24,6.23,11.8,8.04,5.93,5.62,7.27,10.46,14.79,13.04,10.99,11.29,4.5,2.76,2.19,3.49,2.75,2.57,2.53,2.58,2.63,1.24,3.33,2.97,4.04,3.5,1.47,2.43,1.79,4.55,9.17,5.99,6.48,8.38,9.39,6.76,4.61,1.97,1.78,2.58,4.88,3.02,3.98,3.91,3.72
00-0036333,Alex Highsmith,PIT,EDGE,1.0,1298,measured,15.1,10.39,13.24,10.73,10.55,13.38,11.8,13.26,14.49,12.2,11.71,13.35,11.85,7.56,4.37,15.02,3.86,2.41,1.0,4.01,2.51,2.51,3.62,3.32,2.89,3.1,2.21,3.56,3.88,2.03,3.76,2.15,2.55,3.64,16.58,16.68,15.03,16.39,17.75,11.16,5.8,6.8,2.03,2.61,4.88,2.39,3.56,3.55,2.1
00-0040176,Bradyn Swinson,PIT,EDGE,,27,prior,6.9,10.89,12.59,12.08,11.0,13.68,11.8,9.19,6.98,4.41,4.4,8.41,7.49,13.04,10.99,11.29,1.49,2.12,3.73,1.3,2.4,3.82,3.99,4.3,4.9,3.21,2.95,4.73,3.07,4.08,3.02,4.22,3.75,2.16,5.03,5.15,5.41,5.08,4.09,13.3,5.8,6.8,3.61,3.21,3.54,3.64,2.87,3.56,3.36
00-0040160,Jack Sawyer,PIT,EDGE,2.0,271,measured,9.5,10.59,12.23,11.19,11.17,13.39,11.8,7.33,8.38,7.34,6.89,10.88,12.6,13.04,10.99,11.29,3.87,2.46,2.91,3.62,3.62,1.96,1.18,3.72,3.06,5.46,1.84,1.71,4.57,3.37,2.53,3.95,3.12,4.76,7.84,7.79,8.76,11.22,10.36,13.08,5.8,6.8,2.43,4.23,2.19,3.72,3.3,3.1,3.29
00-0039931,Julius Welschof,PIT,EDGE,,0,prior,6.6,9.68,11.67,10.66,10.84,13.07,11.8,7.66,5.95,5.46,5.63,10.26,5.44,10.31,10.99,11.29,4.81,4.56,2.44,2.2,2.11,3.09,4.99,2.53,1.65,1.75,1.49,3.72,4.07,3.15,2.86,5.32,3.18,3.16,5.12,4.87,5.0,5.0,4.0,13.04,5.8,6.8,3.41,3.72,2.29,3.02,2.37,4.09,2.21
00-0038577,Nick Herbig,PIT,EDGE,2.0,910,measured,13.2,11.54,13.14,12.6,12.92,14.14,11.8,10.21,12.34,9.93,7.35,11.43,12.66,8.27,7.64,5.58,3.52,3.01,2.05,3.7,1.58,4.52,4.25,1.0,2.86,2.36,3.99,3.08,3.04,3.57,4.11,2.99,2.01,3.88,14.16,13.83,13.96,12.33,9.94,11.2,5.8,6.8,2.3,2.86,2.65,3.67,1.81,4.01,2.66
00-0033886,T.J. Watt,PIT,EDGE,1.0,1750,measured,12.6,9.55,13.08,15.19,10.67,15.17,11.8,12.92,9.37,11.84,12.75,7.45,10.56,12.34,6.15,13.82,3.99,3.46,2.74,4.39,3.22,2.56,4.52,3.0,2.33,5.63,3.05,5.63,2.54,4.03,2.9,1.0,2.73,3.24,12.85,12.62,12.99,13.59,13.89,7.6,5.8,6.8,3.05,1.38,3.32,3.0,3.0,3.58,1.0
00-0031136,Chris Boswell,PIT,K,1.0,77,measured,18.2,4.98,7.48,7.99,9.88,10.32,13.26,17.33,15.22,15.11,12.88,15.08,12.26,11.98,14.03,6.0,2.16,2.75,2.94,1.0,2.46,2.45,4.24,4.44,2.37,1.8,4.53,3.75,2.54,2.93,4.28,1.2,2.09,2.67,5.33,2.85,2.14,3.5,1.84,1.68,3.32,1.88,2.01,4.01,18.21,18.23,2.92,1.0,1.95
00-0040231,Carson Bruener,PIT,LB,2.0,2,prior,9.4,12.74,13.13,11.96,9.9,13.06,11.8,8.25,5.59,3.3,6.71,11.4,9.71,13.04,10.99,11.29,2.87,3.56,3.49,3.84,4.98,2.86,3.07,1.64,3.12,2.3,3.07,3.18,1.39,3.3,3.32,2.95,2.8,4.09,14.69,15.01,5.42,6.95,11.06,12.22,4.94,6.44,1.08,2.01,2.42,3.29,3.37,2.8,4.02
00-0035286,Cole Holcomb,PIT,LB,2.0,372,measured,12.0,11.36,12.17,11.3,11.11,13.14,11.8,11.76,9.43,10.03,10.53,14.95,10.51,4.34,4.81,5.27,1.8,4.44,3.72,3.97,4.13,4.1,2.68,3.08,3.72,5.02,2.12,2.01,3.22,3.26,3.85,2.86,2.5,3.85,14.26,13.67,8.06,10.96,15.32,14.56,7.64,9.14,1.91,3.99,1.66,3.5,1.0,3.41,1.65
00-0039457,Jacoby Windmon,PIT,LB,,78,prior,10.9,12.26,13.3,12.41,11.44,14.38,11.8,7.53,5.46,4.13,6.67,12.16,13.83,14.76,10.99,11.29,2.72,3.85,2.4,2.27,4.62,2.86,1.98,1.35,3.05,2.17,4.22,4.94,2.56,3.35,3.96,4.94,1.86,1.48,9.39,8.99,9.13,11.01,13.84,13.37,8.08,9.58,3.53,4.81,1.48,2.21,2.72,3.16,2.72
00-0036323,Patrick Queen,PIT,LB,1.0,2203,measured,12.3,14.31,15.45,11.54,9.0,14.54,11.8,10.27,9.88,9.49,10.54,10.22,8.91,17.99,10.99,15.11,3.31,1.43,2.31,4.35,2.21,2.44,3.99,3.16,3.1,2.13,4.8,2.13,3.82,2.16,5.69,3.81,1.71,3.27,8.92,10.1,12.33,11.54,9.71,13.84,15.5,16.85,3.4,9.72,2.88,2.84,1.98,2.83,3.74
00-0039741,Payton Wilson,PIT,LB,1.0,999,measured,14.3,15.93,14.84,13.42,9.7,13.5,11.8,12.2,15.22,11.08,9.64,9.41,14.03,14.76,10.99,11.29,4.6,2.37,3.85,2.06,3.25,2.19,2.96,2.89,2.47,2.79,1.29,3.6,2.0,4.9,2.91,2.82,3.28,2.92,5.47,6.97,10.09,14.58,19.27,20.0,9.33,10.83,3.01,8.38,1.38,1.35,3.58,3.05,1.46
00-0034051,Christian Kuntz,PIT,LS,1.0,1,prior,11.0,9.06,10.02,9.37,9.71,11.26,10.54,13.25,10.16,8.0,13.6,6.6,13.85,17.99,10.99,15.41,1.79,2.37,3.5,1.27,1.0,3.7,2.48,2.98,4.28,2.51,1.0,2.63,2.06,2.89,4.32,3.17,3.29,1.54,3.46,2.53,1.68,1.0,3.91,2.84,2.96,2.83,3.05,3.86,1.53,2.59,3.07,1.91,2.47
00-0037336,Brock Hoffman,PIT,OG,2.0,851,measured,14.5,4.33,5.87,5.24,13.21,8.63,11.8,11.73,13.45,13.65,5.27,13.8,13.61,16.96,10.99,11.29,2.99,2.11,1.26,4.98,1.0,4.99,2.23,2.71,3.49,2.38,2.62,5.06,1.73,3.27,2.86,14.56,19.4,1.58,2.77,3.14,4.28,3.58,5.6,3.4,5.36,1.73,4.52,4.08,1.22,2.27,2.52,2.96,2.64
00-0039716,Doug Nester,PIT,OG,,0,prior,8.6,4.4,6.52,7.38,13.05,9.18,11.8,7.77,8.64,6.54,6.6,12.55,12.94,10.31,10.99,11.29,3.17,3.73,3.16,3.7,3.83,3.11,2.4,4.14,4.0,3.64,2.8,4.18,3.85,2.78,4.39,6.45,9.2,3.35,2.59,4.34,2.43,3.17,1.92,2.63,4.46,2.32,4.66,2.16,1.46,3.36,2.65,4.01,4.15
00-0041396,Gennings Dunker,PIT,OG,2.0,0,prior,10.9,4.27,6.33,6.4,13.22,11.15,11.8,8.67,9.5,10.05,5.22,11.85,13.38,10.31,10.99,11.29,3.45,1.17,1.92,2.93,2.48,3.67,2.84,1.67,3.38,4.58,5.62,3.44,1.43,1.46,3.28,9.75,13.12,2.66,3.06,2.73,3.24,1.58,3.03,3.97,3.57,2.02,3.69,3.34,2.64,3.93,2.97,3.38,3.71
00-0039358,Mason McCormick,PIT,OG,1.0,1559,measured,15.0,5.6,9.05,8.43,13.17,13.76,11.8,12.29,10.27,12.1,8.34,11.61,12.13,14.76,10.99,11.29,3.72,2.96,3.78,3.31,5.14,2.58,2.52,2.75,3.21,2.38,1.81,1.14,4.48,3.24,5.14,16.8,16.88,2.0,2.61,2.88,2.32,4.25,2.78,2.79,2.88,2.11,4.12,2.67,3.54,2.76,2.9,3.16,4.18
00-0038645,Spencer Anderson,PIT,OG,1.0,543,measured,13.2,4.55,6.4,6.81,13.05,8.9,11.8,10.32,10.3,10.02,8.72,9.53,10.01,15.84,10.99,11.29,4.43,1.74,2.49,4.37,4.4,1.93,1.56,3.64,3.18,4.08,3.24,5.02,2.35,1.63,3.29,13.17,16.51,1.83,3.2,3.15,2.4,3.17,2.42,3.45,4.09,3.66,2.54,2.59,2.25,4.55,3.88,2.84,1.6
00-0039555,Steven Jones,PIT,OG,,0,prior,8.4,3.56,5.32,4.36,13.47,8.9,11.8,8.59,5.24,6.99,8.05,13.02,8.63,10.31,10.99,11.29,3.12,3.3,3.66,5.28,1.65,1.47,2.5,2.12,1.83,2.4,4.2,4.96,2.91,2.76,3.34,6.45,9.2,2.99,2.8,3.12,2.55,3.36,3.69,4.99,3.51,3.38,3.14,3.12,5.22,3.31,2.89,2.55,3.62
00-0037480,Dylan Cook,PIT,OT,1.0,274,measured,15.0,4.54,6.48,6.05,12.19,8.95,11.8,12.37,13.62,11.66,8.77,12.68,7.63,5.45,7.55,11.29,1.49,1.13,3.25,1.0,3.16,4.08,2.69,3.17,1.83,1.0,1.7,1.0,2.06,2.82,3.37,15.81,19.4,2.68,3.57,2.65,3.73,3.82,1.34,3.89,3.2,1.7,3.3,3.17,2.96,3.68,3.68,3.56,3.86
00-0036396,Jack Driscoll,PIT,OT,2.0,142,measured,10.4,5.9,8.2,5.15,12.0,9.63,11.8,9.57,5.07,7.77,10.93,8.58,10.33,8.09,13.76,11.29,2.79,2.63,2.93,3.64,2.35,2.62,1.99,3.78,1.35,2.14,1.0,2.52,2.31,4.11,3.35,11.02,11.38,3.28,3.04,2.51,3.04,3.59,1.91,3.74,3.83,3.32,3.45,1.91,3.73,3.57,1.71,4.12,4.57
00-0041482,Max Iheanachor,PIT,OT,2.0,0,prior,10.1,7.87,9.68,5.03,12.01,10.8,11.8,7.45,7.24,8.2,5.71,6.47,10.6,10.31,10.99,11.29,3.3,4.12,2.36,3.74,5.12,1.68,3.19,3.25,4.33,3.59,1.87,1.98,3.1,3.63,4.53,10.7,10.79,2.24,3.55,1.44,2.82,2.99,3.94,3.42,3.39,2.74,1.34,4.37,3.06,1.68,1.0,2.02,3.83
00-0039871,Troy Fautanu,PIT,OT,1.0,989,measured,15.1,6.53,8.52,5.06,12.75,11.78,11.8,11.56,13.24,13.5,6.98,11.82,7.58,14.76,10.99,6.6,2.75,3.15,4.66,2.29,2.69,1.11,2.53,1.0,3.48,1.42,4.12,2.31,3.82,3.46,2.93,16.01,19.4,2.79,2.66,1.88,1.44,1.5,3.0,1.95,1.49,2.38,3.18,2.61,2.87,3.6,3.78,1.83,2.65
00-0033729,Cameron Johnston,PIT,P,1.0,30,measured,8.6,5.44,7.51,7.76,10.13,10.18,11.53,10.83,7.54,6.89,10.78,11.07,3.49,17.99,10.99,7.62,1.76,2.63,4.69,1.63,2.53,3.26,4.43,2.86,2.54,2.61,4.02,4.54,3.74,3.1,4.79,1.76,4.11,3.54,2.34,3.4,4.1,3.17,3.4,4.86,2.3,3.15,2.93,3.18,2.39,2.5,6.44,10.81,4.54
00-0023459,Aaron Rodgers,PIT,QB,1.0,1522,measured,12.7,5.45,4.74,5.99,10.08,7.9,11.8,14.6,13.72,11.08,15.96,9.73,13.96,7.91,4.34,5.58,17.47,11.26,10.21,13.5,9.7,9.19,16.16,12.72,3.5,4.04,2.9,1.35,3.78,3.99,2.84,1.07,3.08,3.52,3.54,3.33,3.85,3.74,4.23,1.27,2.38,1.0,2.48,2.69,2.64,1.71,3.9,1.21,2.8
00-0041565,Drew Allar,PIT,QB,4.0,0,prior,7.1,9.97,10.72,11.87,10.08,11.51,11.8,6.51,6.04,5.28,7.34,12.44,7.5,10.31,10.99,11.29,11.3,6.57,6.64,8.48,5.29,5.84,5.6,7.15,3.98,2.73,4.58,2.83,3.71,2.41,2.15,2.16,5.31,2.31,2.14,2.65,1.08,2.05,1.95,1.78,2.25,2.39,1.52,5.47,3.52,2.86,3.47,3.17,3.66
00-0034771,Mason Rudolph,PIT,QB,2.0,491,measured,10.2,6.9,8.79,11.0,10.08,7.49,11.8,8.5,9.61,10.18,12.74,8.46,9.54,11.81,13.97,11.29,8.01,13.35,12.2,7.49,8.5,14.87,8.39,6.86,4.49,3.89,2.47,2.85,3.86,2.02,4.48,2.55,2.11,2.55,3.94,1.0,2.64,3.26,2.5,2.66,2.28,2.61,3.87,5.4,3.42,2.44,3.87,5.18,3.24
00-0040203,Will Howard,PIT,QB,3.0,0,prior,7.3,9.6,9.8,12.08,10.08,11.05,11.8,8.46,6.99,7.38,7.2,9.31,13.59,10.31,10.99,4.13,4.6,6.54,7.66,9.11,4.59,5.56,8.89,7.37,1.0,1.0,2.14,2.07,2.03,4.2,2.21,3.4,3.27,2.34,4.9,2.25,2.93,3.84,3.67,2.17,2.19,2.5,3.84,2.53,1.14,2.67,2.56,1.91,2.52
00-0041490,Eli Heidenreich,PIT,RB,3.0,0,prior,11.4,15.7,14.96,13.86,8.0,14.17,11.8,9.97,12.7,10.47,5.34,6.58,9.59,10.31,10.99,11.29,4.3,4.07,3.35,3.64,4.87,2.64,1.22,16.02,9.42,8.26,9.13,10.99,3.07,5.87,6.82,3.03,5.82,4.03,2.8,3.35,2.08,4.06,2.0,3.03,3.43,2.93,3.19,2.54,3.5,3.15,3.23,3.81,12.69
00-0037228,Jaylen Warren,PIT,RB,1.0,966,measured,14.2,13.29,13.43,13.15,9.33,12.09,11.8,12.82,12.66,11.39,9.96,9.34,9.22,14.06,7.45,13.79,2.05,4.02,4.08,4.27,4.0,3.58,2.92,7.58,16.98,16.05,17.64,15.24,2.94,12.86,11.9,9.22,4.25,10.22,4.75,1.71,3.42,4.68,3.33,4.13,1.3,2.28,3.9,4.71,4.75,2.47,1.7,2.39,7.94
00-0038409,Lew Nichols III,PIT,RB,,0,prior,7.6,13.16,13.76,12.49,9.69,13.76,11.8,7.0,5.66,6.16,8.77,7.94,10.64,13.04,10.99,11.29,3.53,3.89,3.26,2.83,3.41,2.61,3.5,6.61,5.24,5.25,5.24,4.1,3.62,3.75,5.51,1.0,6.26,1.0,2.4,2.39,1.43,2.61,1.21,1.9,4.26,2.68,5.34,3.25,2.11,3.23,2.34,1.96,15.56
00-0036139,Rico Dowdle,PIT,RB,2.0,1044,measured,15.2,13.4,15.42,12.78,9.08,16.48,11.8,15.09,10.51,17.41,6.17,15.62,9.82,11.95,15.34,16.49,2.52,3.73,4.72,1.93,3.12,2.99,1.4,11.81,17.19,15.4,20.0,13.35,2.9,10.47,9.53,9.06,9.48,10.06,3.63,1.93,3.05,1.0,2.98,4.03,1.29,2.73,3.53,1.0,1.31,2.59,1.0,2.79,9.66
00-0035594,Travis Homer,PIT,RB,,52,prior,9.6,14.75,16.74,12.67,8.5,17.49,11.8,11.74,8.29,6.26,11.17,13.25,11.39,4.64,16.39,7.18,4.01,3.98,3.9,3.4,2.02,3.41,3.06,8.85,7.62,5.56,6.3,12.13,3.35,3.45,2.6,3.1,5.97,4.1,3.58,2.41,3.73,3.29,1.82,2.78,3.18,2.06,2.81,3.69,3.18,2.21,3.96,2.86,14.82
00-0040914,Bishop Fitzgerald,PIT,S,,0,prior,10.6,13.29,13.96,14.66,6.0,13.15,11.8,8.3,9.22,8.82,5.2,10.1,13.65,10.31,10.99,11.29,4.22,1.72,2.38,3.3,2.37,2.07,3.1,2.14,3.18,1.84,4.33,3.53,2.79,3.44,3.91,2.68,3.76,2.45,1.83,4.3,3.21,9.26,10.27,15.09,8.81,9.81,8.66,11.16,3.25,2.68,3.05,3.99,9.8
00-0034277,DeShon Elliott,PIT,S,2.0,1174,measured,14.0,12.29,13.15,13.76,7.5,14.25,11.8,11.61,14.92,10.57,12.4,8.66,14.21,5.43,6.75,8.1,4.32,3.94,2.67,2.84,4.63,2.22,3.95,3.0,1.29,1.9,3.4,1.92,2.31,2.86,5.42,1.98,3.32,3.76,2.41,2.52,3.24,14.46,19.4,15.19,12.46,13.46,9.11,13.67,2.95,3.73,1.8,2.15,9.8
00-0038135,Jaquan Brisker,PIT,S,1.0,1565,measured,14.6,14.54,15.33,13.86,11.33,14.19,11.8,10.3,11.53,14.61,8.14,9.01,8.69,7.03,5.65,18.11,3.46,3.65,4.08,4.04,1.88,2.93,3.51,3.65,1.15,4.09,2.59,1.0,5.14,2.47,1.53,1.38,1.0,3.35,4.96,3.82,4.18,15.44,17.02,12.49,15.02,16.01,10.26,13.52,1.01,1.62,3.31,2.42,9.8
00-0033941,Rayshawn Jenkins,PIT,S,1.0,1070,measured,12.3,12.59,14.47,13.2,9.5,14.97,11.8,13.23,8.01,7.56,12.37,3.68,5.31,11.98,14.27,7.83,1.46,4.15,4.99,2.43,2.95,2.3,3.12,1.63,2.91,2.43,4.05,3.41,3.06,3.45,3.19,3.46,3.3,2.55,3.11,3.27,2.86,9.35,13.99,11.58,12.16,13.16,9.71,9.35,3.0,3.71,5.11,2.33,9.8
00-0041401,Robert Spears-Jennings,PIT,S,,0,prior,11.6,18.47,17.67,12.8,8.0,14.54,11.8,9.63,8.38,13.19,5.32,8.11,10.21,10.31,10.99,11.29,3.81,1.7,3.2,1.0,3.97,2.64,2.07,3.08,3.79,2.77,1.91,4.32,3.86,1.58,4.37,3.3,4.81,1.75,3.99,2.55,3.53,9.86,10.27,17.08,8.74,9.74,9.26,10.66,3.59,1.37,3.37,2.99,9.8
00-0040527,Sebastian Castro,PIT,S,,71,prior,7.9,12.56,12.54,13.69,7.91,11.1,11.8,8.04,7.78,6.93,8.57,14.42,7.27,13.04,10.99,11.29,2.1,3.49,1.83,3.51,1.9,3.77,1.2,4.43,2.41,3.02,2.4,2.59,1.16,3.55,2.85,4.97,1.0,3.22,3.81,4.12,2.9,8.31,6.62,10.73,5.35,6.35,9.23,6.52,2.46,3.43,4.0,3.0,9.8
00-0038558,Darnell Washington,PIT,TE,2.0,1086,measured,11.1,11.69,13.33,13.74,10.67,12.18,11.8,8.61,10.83,6.15,9.49,7.41,10.02,15.84,10.99,15.41,2.61,4.09,3.08,1.87,2.44,2.98,2.11,8.05,2.54,16.52,19.18,6.37,10.13,9.98,10.29,16.39,6.42,14.3,3.01,3.17,2.73,2.18,2.3,1.12,3.64,3.39,5.0,1.94,4.52,1.55,1.66,2.98,4.08
00-0041263,Lake McRee,PIT,TE,,0,prior,9.3,11.0,12.28,11.91,11.33,13.34,11.8,6.77,6.71,10.88,6.01,12.43,8.52,10.31,10.99,11.29,4.07,2.88,2.07,3.73,3.16,2.71,3.37,6.67,3.17,7.11,9.77,8.1,8.66,8.18,7.9,10.23,8.86,8.08,3.56,3.89,2.41,2.47,1.93,3.6,2.81,2.22,1.63,3.02,3.83,2.83,4.45,1.76,1.75
00-0036894,Pat Freiermuth,PIT,TE,1.0,1183,measured,13.1,10.34,11.7,11.62,13.39,12.85,11.8,10.11,13.2,13.72,9.41,10.07,9.5,12.65,17.25,14.41,3.51,2.9,2.07,1.95,1.25,4.25,3.71,12.72,2.53,11.86,14.52,16.93,17.67,13.04,11.22,15.03,4.38,12.87,5.11,1.37,1.74,3.41,4.19,3.41,2.97,3.39,3.23,2.71,2.86,3.54,4.09,1.69,1.9
00-0041398,Riley Nowakowski,PIT,TE,1.0,0,prior,12.1,11.38,12.44,11.71,10.41,13.06,11.8,10.05,11.89,8.55,8.93,13.85,11.93,10.31,10.99,11.29,2.95,3.46,3.98,2.69,2.25,3.87,2.6,7.97,2.91,12.76,15.41,13.96,7.34,11.09,9.99,15.12,10.2,12.96,1.5,3.72,3.35,3.19,3.38,2.95,5.04,2.94,2.31,3.67,2.96,3.44,3.08,2.82,3.26
00-0033757,Robert Tonyan,PIT,TE,3.0,252,measured,8.9,10.16,11.4,11.38,8.27,12.77,11.8,11.62,5.99,6.66,11.25,12.77,11.92,11.98,7.09,6.18,2.74,1.81,1.65,1.83,1.57,2.67,2.73,7.08,1.75,3.91,6.57,15.34,8.13,5.77,5.64,7.09,10.72,4.94,5.19,1.86,1.61,2.94,1.44,2.06,3.1,1.58,1.78,4.24,3.26,3.78,2.57,4.71,1.99
00-0036862,Ben Skowronek,PIT,WR,2.0,307,measured,10.8,13.17,14.36,12.81,6.5,14.85,11.8,12.52,12.86,10.44,8.81,3.75,12.99,8.01,14.04,17.39,2.78,2.76,4.21,1.82,3.07,2.14,2.75,9.51,8.79,12.35,11.28,13.32,8.57,7.53,7.28,2.98,1.68,4.15,1.12,4.5,3.12,2.83,1.96,2.99,4.7,3.78,2.34,3.27,3.04,3.89,3.83,2.49,14.58
00-0037382,Brandon Johnson,PIT,WR,,156,measured,9.4,14.25,15.12,13.62,7.16,15.05,11.8,11.55,8.19,9.11,9.23,13.85,9.66,14.23,10.99,7.29,3.02,3.02,2.4,2.88,1.97,3.89,3.85,7.35,7.61,11.79,10.72,7.33,5.41,7.2,6.42,3.7,2.13,2.16,3.23,2.9,3.56,3.37,3.48,1.11,2.45,3.09,4.57,2.71,1.0,4.17,5.21,4.21,12.7
00-0036775,Brandon Smith,PIT,WR,,7,prior,9.1,12.0,15.29,13.33,7.61,17.52,11.8,11.71,5.93,6.8,7.96,12.37,10.18,14.76,10.99,11.29,3.02,4.24,1.76,3.69,3.71,2.53,3.24,7.98,9.39,15.05,13.97,12.18,3.67,4.44,3.84,4.7,2.85,3.99,2.38,4.31,1.99,3.25,4.07,2.36,3.41,2.28,2.58,2.71,3.69,4.75,1.94,1.9,10.56
00-0039626,Cole Burgess,PIT,WR,3.0,0,prior,9.8,14.69,15.35,13.78,6.96,15.04,11.8,10.17,6.65,8.25,7.01,16.12,10.31,10.31,10.99,11.29,3.35,1.31,2.45,3.51,2.69,4.25,2.9,11.32,10.76,16.07,15.0,14.22,3.62,3.66,3.62,1.4,3.44,4.36,1.73,4.23,2.94,3.48,3.18,2.24,3.5,3.63,1.79,5.17,3.58,3.86,3.14,2.33,10.2
00-0035640,DK Metcalf,PIT,WR,1.0,1598,measured,13.6,18.01,19.02,9.13,13.85,18.12,11.8,15.11,14.54,14.43,11.66,11.18,7.34,15.13,7.07,14.63,1.25,3.89,4.53,5.44,4.46,3.47,3.72,9.6,14.38,16.86,15.78,12.89,10.41,12.4,12.33,2.07,3.78,4.55,2.9,4.32,3.68,3.29,4.82,2.95,1.69,1.45,3.81,1.44,3.25,2.42,2.81,4.57,13.97
00-0041489,Germie Bernard,PIT,WR,2.0,0,prior,9.8,14.77,15.7,15.48,7.34,13.46,11.8,10.68,6.53,11.91,6.2,15.38,12.84,10.31,10.99,11.29,1.54,3.83,1.83,3.93,1.65,2.26,2.8,14.31,5.65,6.92,5.85,7.83,5.62,7.75,7.99,2.13,2.17,3.95,3.14,2.95,2.16,2.62,3.81,2.88,1.0,2.44,3.96,1.57,2.02,1.87,1.89,4.16,14.48
00-0041397,Kaden Wetjen,PIT,WR,2.0,0,prior,9.8,15.01,15.24,12.71,7.73,14.54,11.8,11.14,8.26,5.87,4.57,10.87,9.51,10.31,10.99,11.29,2.84,3.07,3.56,3.33,1.0,4.2,3.89,12.79,5.62,7.22,6.14,8.46,6.32,7.64,7.7,5.1,2.34,3.83,4.52,2.21,1.31,4.53,2.83,2.9,3.85,4.1,2.17,3.23,1.97,3.45,3.32,2.62,14.98
00-0040618,Max Hurleman,PIT,WR,,0,prior,9.6,14.62,15.14,13.17,7.7,15.08,11.8,8.23,6.79,6.62,5.07,10.48,12.55,10.31,10.99,11.29,2.43,3.62,2.08,3.18,3.13,2.69,2.54,11.77,10.15,16.06,14.98,13.55,3.6,3.59,3.59,1.95,3.6,2.34,1.78,2.98,3.29,1.0,2.08,1.96,3.13,3.04,2.57,2.44,4.1,1.0,5.17,1.89,10.18
00-0036252,Michael Pittman,PIT,WR,1.0,1864,measured,13.5,13.55,13.9,14.66,6.5,14.7,11.8,14.27,10.85,13.38,11.9,10.5,11.29,11.78,15.86,14.2,4.83,2.93,4.39,2.45,3.82,2.65,3.3,13.22,9.13,8.84,7.77,13.61,14.57,13.33,13.29,2.73,1.0,2.64,3.56,4.82,2.45,2.73,2.03,3.01,3.49,3.45,2.97,1.31,4.38,1.73,2.4,3.27,11.24
00-0039739,Roman Wilson,PIT,WR,1.0,244,measured,13.1,16.86,16.46,13.9,6.0,15.0,11.8,11.48,10.21,16.46,9.02,6.93,14.33,5.65,18.48,4.84,4.85,2.92,2.55,4.27,3.08,2.98,4.52,11.38,11.25,14.06,12.98,14.77,7.65,10.29,12.21,4.4,2.2,2.64,4.41,3.61,1.0,1.44,2.55,1.0,2.52,4.6,2.72,4.48,2.58,3.11,3.01,4.38,13.13
00-0040764,Federico Maranges,SEA,C,,0,prior,10.3,5.26,6.65,7.34,13.56,9.14,11.8,9.46,6.39,8.74,6.04,19.4,11.21,10.31,10.99,11.29,3.33,2.29,3.27,3.25,4.25,2.03,2.29,2.97,3.12,3.8,3.55,3.78,3.97,2.49,1.42,10.55,9.98,1.46,3.46,1.44,1.0,3.93,3.34,2.3,4.63,2.21,3.81,2.12,3.07,2.16,1.77,1.58,3.28
00-0039926,Jalen Sundell,SEA,C,1.0,702,measured,12.1,4.26,6.25,6.58,12.9,8.46,11.8,9.76,8.88,12.35,9.72,7.67,14.33,8.23,15.98,15.41,4.14,1.9,2.83,3.32,3.63,3.09,3.77,2.47,2.17,1.83,4.51,3.89,3.04,3.82,2.64,13.8,13.09,2.89,3.26,3.87,3.01,2.63,3.95,1.0,1.18,2.81,1.51,1.99,2.96,3.32,4.6,3.01,1.8
00-0038593,Olu Oluwatimi,SEA,C,2.0,628,measured,11.9,5.03,6.26,7.0,13.71,8.91,11.8,9.36,11.11,9.45,7.73,9.15,12.78,15.84,10.99,11.29,1.18,3.61,2.97,1.0,3.59,3.48,1.91,3.44,1.83,1.91,2.44,5.0,3.58,2.64,3.76,10.62,15.2,1.51,4.23,2.7,3.77,3.63,3.86,3.51,2.78,2.43,3.64,2.28,3.1,2.86,3.19,2.02,2.96
00-0040903,Andre Fuller,SEA,CB,,0,prior,8.6,14.54,16.48,13.68,7.0,15.05,11.8,6.52,9.15,5.97,5.81,10.12,15.05,10.31,10.99,11.29,1.62,1.64,2.45,2.8,3.97,1.79,3.91,4.75,3.61,3.46,2.96,2.42,4.41,1.22,1.23,3.16,2.18,4.3,1.37,2.66,2.77,7.38,11.72,14.27,4.84,4.84,9.94,4.23,3.39,2.65,2.39,3.04,6.17
00-0041382,Avery Smith,SEA,CB,3.0,0,prior,8.0,13.48,15.01,11.96,7.29,16.49,11.8,7.23,7.91,10.15,5.33,9.42,14.45,10.31,10.99,11.29,3.23,3.14,3.76,3.36,2.25,3.36,3.1,3.74,2.44,3.81,3.08,4.03,4.0,2.58,3.04,1.87,2.46,2.37,2.58,2.48,1.75,7.37,11.98,13.99,4.56,4.56,10.03,3.77,5.04,3.74,4.27,2.55,6.16
00-0039169,Devon Witherspoon,SEA,CB,1.0,1757,measured,15.4,15.08,15.63,13.96,6.41,14.87,11.8,11.84,16.02,13.41,8.95,10.63,13.53,8.18,5.75,4.56,4.1,2.62,2.96,1.0,1.58,3.09,1.68,2.65,4.09,2.87,4.42,2.91,1.4,3.15,3.33,3.67,4.04,1.11,2.54,4.73,1.39,13.17,13.95,9.66,17.46,17.24,9.76,14.24,1.58,3.65,2.56,3.75,13.04
00-0037137,Josh Jobe,SEA,CB,1.0,1128,measured,11.6,14.92,15.5,13.62,6.89,15.0,11.8,11.78,12.02,13.64,8.43,8.08,9.87,7.62,16.65,7.62,4.25,2.4,1.83,5.04,3.48,3.39,3.12,3.27,2.55,1.0,2.2,3.47,4.73,2.47,1.0,1.22,3.3,3.98,3.31,3.22,3.56,12.95,8.88,13.57,10.47,10.47,9.91,10.81,3.46,2.69,1.22,2.56,8.92
00-0040873,Julian Neal,SEA,CB,2.0,0,prior,10.4,14.54,17.3,13.1,8.0,18.1,11.8,9.84,10.46,10.07,4.33,8.24,14.82,10.31,10.99,11.29,3.07,2.8,4.58,1.81,1.22,2.42,3.71,3.8,2.62,3.28,2.85,2.8,3.39,4.06,2.75,4.3,2.78,3.2,3.8,4.24,3.89,9.05,11.54,14.25,8.18,8.18,10.24,7.1,2.62,2.63,4.91,2.23,18.32
00-0040910,Michael Dansby,SEA,CB,,0,prior,8.6,15.06,15.59,13.81,6.67,14.92,11.8,8.33,7.76,5.92,6.61,16.73,8.1,10.31,10.99,11.29,3.02,4.65,2.87,3.71,2.78,3.54,5.85,3.54,2.69,2.58,2.6,3.3,2.01,2.13,3.35,2.91,3.82,2.6,4.8,4.15,3.05,7.38,11.81,14.55,4.79,4.79,9.84,4.22,3.21,2.03,1.58,1.33,6.17
00-0039795,Nehemiah Pritchett,SEA,CB,2.0,180,measured,10.5,17.55,17.02,13.87,6.69,14.24,11.8,10.06,8.86,11.63,6.62,11.85,15.26,14.76,10.99,6.6,2.69,3.57,4.49,1.99,2.93,2.96,3.64,1.9,4.11,4.95,3.45,2.46,1.67,4.82,5.81,4.25,2.65,1.09,1.68,2.69,2.4,4.92,7.52,15.43,7.69,7.69,9.85,7.32,3.89,2.7,3.92,2.92,16.46
00-0040733,Nick Emmanwori,SEA,CB,1.0,711,measured,14.7,17.09,18.66,13.76,10.0,19.4,11.8,12.0,13.79,14.91,8.06,10.43,14.34,8.04,4.85,11.29,3.74,3.13,4.27,5.94,1.82,2.82,5.31,3.01,2.71,1.0,4.33,4.38,1.0,4.11,2.18,2.15,2.82,4.33,3.13,1.63,3.73,14.38,15.3,13.13,14.66,14.66,10.84,12.81,2.3,4.41,5.08,3.64,13.85
00-0036361,Trevon Diggs,SEA,CB,,898,measured,8.3,15.06,15.92,13.78,7.17,15.69,11.8,10.7,5.84,9.96,8.19,10.35,10.9,4.69,16.1,7.92,2.24,4.77,1.44,2.08,2.42,1.0,3.66,1.33,3.02,3.18,3.82,3.04,1.82,2.59,4.75,1.08,1.01,3.49,1.15,2.63,3.49,2.45,5.69,11.36,4.0,4.0,9.99,7.79,1.69,4.39,2.83,2.64,4.34
00-0038694,Brandon Pili,SEA,DT,2.0,191,measured,8.0,4.28,5.22,3.74,14.3,7.45,11.8,10.96,4.02,6.65,5.09,6.59,11.59,7.77,14.23,11.29,2.16,3.85,3.91,1.99,3.32,3.51,2.76,3.45,2.08,3.91,1.4,3.32,2.82,3.96,3.88,3.41,3.62,4.97,7.34,4.88,6.79,7.97,6.78,7.68,2.47,3.77,3.91,4.85,2.8,3.88,2.22,3.14,3.23
00-0039309,Byron Murphy II,SEA,DT,1.0,1027,measured,14.1,8.4,9.0,5.38,14.31,11.75,11.8,10.51,11.27,13.48,6.18,9.12,13.22,12.23,5.19,14.86,2.9,6.79,1.48,2.77,4.5,2.04,2.79,2.94,1.84,1.32,3.83,2.57,3.56,2.53,1.8,4.16,2.66,3.97,14.7,13.68,14.67,15.01,13.66,6.66,2.09,2.45,3.13,5.17,2.53,2.86,4.96,3.95,1.0
00-0040904,Deven Eastern,SEA,DT,,0,prior,9.2,5.07,7.54,3.75,12.45,8.83,11.8,8.28,4.0,9.11,5.67,12.08,6.46,10.31,10.99,11.29,1.72,3.16,3.21,3.93,4.29,2.09,1.88,1.0,1.01,2.08,3.22,4.35,4.3,3.16,2.79,1.37,3.72,3.47,10.5,8.96,8.44,7.54,7.69,8.85,1.92,2.58,3.93,3.36,1.0,4.14,4.52,1.77,3.71
00-0032387,Jarran Reed,SEA,DT,1.0,1141,measured,14.5,1.84,3.32,3.69,13.7,8.02,11.8,13.37,13.75,14.67,12.59,8.98,7.93,12.21,14.99,14.51,3.68,2.84,4.16,1.92,1.22,2.47,4.08,4.79,2.86,3.61,4.94,1.68,2.61,3.13,3.42,3.77,2.31,2.83,17.12,14.02,16.37,16.07,13.58,8.48,2.99,4.17,4.37,3.11,3.2,2.22,1.94,3.94,1.22
00-0031933,Leonard Williams,SEA,DT,1.0,1603,measured,15.8,5.59,5.86,6.63,12.61,7.78,11.8,15.6,15.81,13.32,15.02,12.14,8.51,14.06,15.2,15.81,2.84,3.48,3.86,2.65,2.11,3.23,4.14,2.92,2.86,2.49,4.47,3.68,3.36,3.23,4.22,3.6,3.07,2.44,18.8,17.39,18.07,16.67,15.9,8.08,3.47,1.7,5.23,3.33,3.71,4.2,3.39,2.46,3.86
00-0038591,Mike Morris,SEA,DT,2.0,203,measured,9.0,7.33,8.27,7.29,11.33,9.06,11.8,10.57,7.19,7.87,6.24,13.63,7.93,7.55,14.42,6.6,1.0,2.03,1.0,2.9,3.73,1.87,1.57,3.32,3.26,2.6,2.38,3.72,1.62,3.36,2.69,3.91,2.22,2.94,7.61,7.26,8.84,9.81,9.07,8.82,3.48,3.42,4.46,4.26,2.24,1.23,4.46,2.12,2.4
00-0040647,Rylie Mills,SEA,DT,2.0,25,prior,7.1,6.84,8.45,8.06,12.13,10.57,11.8,8.25,5.82,6.53,6.37,18.75,11.32,4.6,6.65,15.41,1.92,2.67,2.7,2.3,3.53,4.78,2.84,1.0,1.44,1.95,3.8,2.55,3.1,1.94,4.16,4.64,1.55,3.67,5.59,4.78,6.2,6.57,5.04,11.44,4.8,1.46,2.12,3.16,3.7,2.66,3.85,1.94,3.02
00-0040975,Uso Seumalo,SEA,DT,,0,prior,9.2,3.86,4.74,3.13,14.49,6.86,11.8,9.42,4.71,7.65,7.48,8.99,10.38,10.31,10.99,11.29,3.75,5.4,2.45,4.0,4.14,3.28,4.24,3.19,1.4,2.61,1.0,4.42,3.24,3.98,4.09,3.28,2.94,4.0,10.54,7.87,8.4,7.42,7.7,8.33,4.86,2.63,4.2,4.95,2.39,2.4,3.22,3.76,2.76
00-0040972,Aidan Hubbard,SEA,EDGE,,0,prior,8.5,10.59,12.23,11.19,10.67,13.39,11.8,7.65,8.07,7.73,4.9,12.27,10.57,10.31,10.99,11.29,3.03,2.82,2.68,3.95,2.39,2.66,1.56,4.53,1.0,5.14,3.22,2.05,4.09,3.73,2.84,2.21,1.0,2.92,7.12,7.25,6.62,7.97,9.29,13.94,5.8,6.8,1.41,2.05,2.64,3.54,2.26,1.2,4.59
00-0040061,Connor O'Toole,SEA,EDGE,3.0,24,prior,7.0,11.32,12.9,12.04,11.03,13.87,11.8,7.2,5.4,7.26,6.11,8.3,12.57,13.04,10.99,11.29,2.13,3.81,3.66,2.79,2.27,2.45,4.52,4.27,4.22,4.78,2.87,3.93,3.8,3.2,2.56,3.87,2.6,1.9,4.92,5.18,5.39,5.04,4.08,13.7,5.8,6.8,2.01,2.68,3.82,3.06,3.55,3.77,3.18
00-0032052,Dante Fowler Jr.,SEA,EDGE,2.0,801,measured,13.0,10.96,9.76,9.27,9.5,10.4,11.8,12.77,10.8,12.94,11.32,9.36,15.1,8.46,14.86,7.23,3.06,3.46,3.58,2.7,3.06,3.62,2.63,1.99,2.93,2.94,2.94,3.56,2.49,4.5,2.63,3.59,2.92,2.99,14.27,14.95,15.22,14.02,8.51,8.83,5.8,6.8,1.0,1.86,3.44,3.7,2.13,3.06,3.11
00-0031411,DeMarcus Lawrence,SEA,EDGE,1.0,942,measured,13.9,7.11,7.69,8.31,10.0,10.81,11.8,15.39,15.15,13.86,13.43,10.79,6.96,15.36,17.02,7.83,3.89,3.14,3.1,2.36,3.49,2.83,2.08,2.05,4.09,3.4,4.0,3.67,3.64,3.85,2.35,2.81,2.19,3.79,14.54,13.68,19.17,19.4,16.99,7.89,5.8,6.8,1.27,3.9,4.22,2.19,2.68,4.77,2.73
00-0039047,Derick Hall,SEA,EDGE,2.0,959,measured,13.4,13.29,15.4,10.97,11.44,14.17,11.8,12.12,10.89,11.99,7.4,16.25,9.98,12.18,6.9,17.19,4.66,2.23,2.6,3.22,3.09,3.46,2.48,2.02,3.45,2.68,2.55,3.03,2.84,3.03,4.22,2.74,4.01,3.83,14.14,14.95,12.83,11.15,9.79,13.31,5.8,6.8,3.06,3.17,2.16,2.69,2.56,4.76,1.53
00-0040973,Marvin Jones Jr.,SEA,EDGE,,0,prior,8.6,10.92,13.25,12.9,10.38,14.58,11.8,9.24,11.17,7.23,7.16,13.15,6.11,10.31,10.99,11.29,4.28,2.44,1.0,3.84,1.46,2.69,3.75,4.34,1.97,1.96,3.71,4.14,3.14,2.54,3.07,2.94,4.23,3.68,7.01,7.36,6.62,7.97,9.29,14.07,5.8,6.8,1.03,3.13,4.22,2.82,2.74,2.9,3.03
00-0034350,Uchenna Nwosu,SEA,EDGE,1.0,787,measured,13.0,10.94,11.93,9.8,10.0,11.94,11.8,12.87,13.24,12.93,11.83,9.38,11.56,6.2,7.29,6.0,3.66,3.11,3.69,2.64,3.1,2.15,2.96,2.67,1.65,2.38,4.52,2.69,3.18,2.98,3.43,2.97,1.76,4.06,12.34,12.83,16.35,16.63,11.27,9.2,5.8,6.8,2.07,3.84,3.35,3.07,2.49,2.79,4.52
00-0038488,Brady Russell,SEA,FB,1.0,66,prior,10.7,10.23,11.42,10.29,9.89,12.52,11.8,10.51,6.89,8.0,9.9,13.93,9.9,8.52,5.89,14.86,2.82,2.8,3.94,4.52,4.9,4.1,4.26,5.96,2.13,6.82,6.4,6.27,2.5,2.56,2.13,12.12,9.77,13.12,2.06,1.94,1.48,2.97,3.32,3.5,2.72,3.07,2.76,5.19,2.73,3.41,5.18,2.03,3.79
00-0040649,Robbie Ouzts,SEA,FB,2.0,183,measured,9.8,7.87,10.68,9.93,13.39,13.28,11.8,8.33,6.6,10.44,6.07,15.06,11.94,13.04,10.99,15.41,2.02,1.94,3.36,4.82,3.71,3.75,2.71,5.69,2.71,5.57,6.97,7.73,4.5,4.69,2.52,10.02,4.27,11.02,1.92,2.05,4.41,3.26,3.63,1.0,3.11,3.69,3.84,3.2,3.98,3.43,2.48,3.09,2.77
00-0031492,Jason Myers,SEA,K,1.0,88,measured,15.9,7.68,8.86,8.04,9.88,10.37,13.31,15.79,15.27,13.86,12.98,9.29,12.06,17.99,10.99,11.29,2.79,1.67,3.0,2.42,3.61,2.95,2.94,4.72,3.66,2.15,4.49,4.37,2.33,4.06,3.0,4.28,3.72,3.57,2.64,2.93,4.51,3.12,1.53,3.0,2.78,2.85,2.71,2.75,16.31,15.53,2.32,2.73,4.66
00-0037003,Chazz Surratt,SEA,LB,3.0,91,prior,11.2,12.23,12.82,13.84,12.92,11.42,11.8,9.54,6.02,6.14,8.76,12.44,15.69,15.15,5.98,17.74,2.6,2.3,5.41,1.16,2.85,2.31,4.84,3.27,1.88,1.97,4.16,3.6,2.39,4.18,4.07,3.48,1.64,1.91,7.27,6.35,11.56,12.16,13.04,12.13,8.89,10.39,2.04,5.41,2.61,2.13,1.97,3.57,1.98
00-0038922,Drake Thomas,SEA,LB,1.0,733,measured,14.1,11.85,12.26,11.13,11.17,13.01,11.8,11.1,12.13,12.69,9.82,9.67,6.27,15.84,10.99,11.29,3.78,3.13,4.55,2.83,1.85,2.67,1.57,1.0,4.3,3.31,2.93,3.53,3.88,2.71,3.39,2.86,2.69,2.47,16.09,15.64,14.63,15.15,11.31,15.87,16.29,17.52,1.0,11.35,3.7,2.69,2.73,2.55,1.05
00-0036994,Ernest Jones,SEA,LB,1.0,1857,measured,15.7,11.54,12.71,12.45,9.74,15.76,11.8,12.88,11.21,12.52,10.92,8.81,6.74,12.64,17.17,16.3,1.48,2.0,1.96,4.24,2.39,1.79,3.98,1.37,3.83,1.0,1.22,4.07,1.97,1.87,1.71,4.12,2.71,1.81,3.9,3.9,19.4,19.4,18.1,17.11,15.28,16.66,2.02,14.41,3.62,5.1,4.27,2.97,1.92
00-0038764,Patrick O'Connell,SEA,LB,2.0,48,prior,11.3,12.01,12.75,11.96,10.22,13.35,11.8,11.39,7.52,7.82,6.88,8.02,6.68,15.84,10.99,11.29,4.19,4.98,2.24,3.11,2.41,4.58,1.11,2.12,4.88,3.37,4.23,1.83,3.93,2.41,3.17,3.37,3.58,2.66,15.3,15.24,6.5,9.83,14.47,12.8,6.54,8.04,2.47,2.19,2.35,3.08,3.17,3.8,1.92
00-0039815,Tyrice Knight,SEA,LB,2.0,634,measured,13.6,11.85,12.66,10.82,10.67,13.5,11.8,10.84,10.39,6.58,8.45,13.41,8.38,13.77,15.23,11.29,2.86,1.95,3.16,1.04,4.13,5.4,2.25,2.26,2.85,1.55,4.12,3.16,3.43,3.18,2.34,2.41,1.9,2.48,17.08,16.81,15.45,15.85,17.4,15.24,5.25,6.75,3.51,3.61,1.0,2.05,4.0,3.73,3.24
00-0038769,Chris Stoll,SEA,LS,1.0,1,prior,6.9,10.57,11.53,10.66,9.71,12.52,11.67,9.8,4.0,9.81,6.95,12.59,8.33,15.84,10.99,11.29,3.05,2.13,4.09,3.26,2.71,4.07,1.1,2.05,3.4,1.87,2.82,3.25,1.52,4.04,3.11,1.46,3.14,1.61,3.09,2.55,3.62,1.82,2.75,2.59,1.54,3.7,1.8,3.39,3.94,2.78,2.77,4.32,4.77
00-0039020,Anthony Bradford,SEA,OG,1.0,1579,measured,12.6,5.6,6.6,4.66,13.41,9.28,11.8,12.65,8.97,10.76,9.5,6.77,8.94,14.03,14.56,13.95,3.9,2.87,4.87,3.31,3.18,3.0,3.17,1.8,4.47,3.08,3.92,3.92,2.35,2.87,3.88,9.97,17.92,2.57,2.03,3.58,3.65,4.2,1.96,2.91,3.43,3.31,1.97,1.81,3.66,2.47,3.0,1.0,2.97
00-0040882,Beau Stephens,SEA,OG,2.0,0,prior,11.3,1.75,3.88,6.11,13.17,7.87,11.8,8.33,7.85,7.7,6.1,11.54,10.54,10.31,10.99,11.29,3.4,2.12,2.61,2.73,4.39,2.08,1.46,3.08,4.74,3.78,3.12,1.91,3.3,3.29,3.49,9.67,14.98,3.65,2.8,3.04,4.49,1.0,2.38,2.53,1.91,3.31,4.28,2.56,4.07,2.58,3.74,3.33,3.3
00-0040650,Bryce Cabeldue,SEA,OG,3.0,16,prior,9.3,4.6,6.17,5.95,13.09,8.63,11.8,7.21,7.66,8.21,8.13,11.87,16.87,13.04,10.99,11.29,1.71,3.24,1.21,2.32,2.87,4.28,3.53,4.15,2.65,1.72,2.51,1.6,1.27,4.81,4.0,8.85,9.19,3.08,3.47,4.04,2.8,1.43,3.68,3.43,1.8,1.68,3.65,4.1,3.81,2.87,4.39,2.49,1.71
00-0039839,Christian Haynes,SEA,OG,2.0,132,measured,10.5,6.27,6.13,4.66,13.2,10.67,11.8,8.8,11.7,10.84,7.65,2.85,12.04,6.56,6.47,11.29,2.46,1.0,1.3,2.41,4.85,3.43,2.4,4.8,1.54,4.42,2.15,3.79,1.61,4.15,2.77,9.44,12.59,4.87,2.59,2.79,4.05,3.3,2.29,1.74,2.29,2.54,2.41,4.45,3.83,3.2,4.62,3.37,3.02
00-0040639,Grey Zabel,SEA,OG,1.0,954,measured,13.5,4.13,6.86,6.7,13.17,13.6,11.8,9.0,7.27,11.67,10.01,10.43,9.61,13.04,10.99,15.41,2.65,2.13,2.65,3.03,1.58,2.0,1.87,4.22,3.45,1.71,1.62,3.32,2.46,3.3,2.9,15.62,14.73,4.17,2.45,3.37,2.81,2.66,5.27,3.69,3.3,3.32,1.34,3.83,3.0,3.86,2.92,1.0,3.69
00-0040652,Mason Richman,SEA,OG,3.0,1,prior,8.5,4.42,6.25,6.47,13.11,8.9,11.8,8.08,7.73,2.28,7.2,11.51,6.91,13.04,10.99,11.29,3.77,1.95,3.47,4.87,3.29,3.18,4.09,1.87,4.23,3.38,1.75,1.61,5.01,1.16,2.0,6.47,9.11,2.12,3.69,2.66,3.81,3.2,2.05,2.7,2.41,3.66,1.0,3.8,2.25,3.21,3.95,3.54,2.0
00-0037812,Abraham Lucas,SEA,OT,1.0,1340,measured,14.6,7.73,7.87,10.82,12.46,8.0,11.8,11.99,11.91,11.16,9.29,10.34,10.91,6.25,14.62,5.9,2.7,4.13,4.68,2.8,2.65,3.55,3.52,1.93,3.24,4.32,2.91,2.02,4.18,4.42,1.61,14.14,18.01,3.48,2.59,1.89,3.4,3.15,3.71,2.45,3.35,2.99,3.22,2.94,2.98,4.49,4.26,2.4,3.01
00-0040059,Amari Kight,SEA,OT,,4,prior,11.1,4.09,5.95,5.4,11.57,8.4,11.8,7.85,9.28,7.7,7.5,13.22,10.07,13.04,10.99,11.29,2.2,2.77,4.75,3.64,3.31,2.77,2.84,3.13,1.62,2.1,4.4,3.6,3.09,1.77,4.35,10.24,14.53,3.04,3.13,2.58,5.32,1.37,3.14,2.78,2.18,3.95,3.48,2.32,2.0,4.03,3.8,1.8,3.17
00-0031622,Bobby Hart,SEA,OT,,488,measured,10.9,1.0,3.35,4.52,12.48,7.99,11.8,12.36,6.47,9.97,13.75,12.64,14.46,5.58,17.71,4.97,4.16,2.56,2.19,4.89,2.83,3.26,2.14,2.46,4.04,1.52,2.45,2.96,3.08,1.23,3.39,13.17,11.28,1.43,2.25,3.67,3.27,3.65,4.93,3.47,1.44,2.97,2.6,2.92,2.57,3.59,2.48,3.92,3.48
00-0037821,Charles Cross,SEA,OT,1.0,1788,measured,12.7,7.33,8.67,5.65,12.4,7.9,11.8,10.88,7.38,9.69,8.84,9.57,10.14,11.88,4.32,11.29,3.25,3.35,2.23,3.34,2.76,2.51,3.19,3.01,3.34,3.64,1.0,3.96,4.5,3.17,4.68,10.12,17.55,1.82,3.98,4.65,3.25,4.21,2.95,5.13,2.83,2.67,4.63,2.59,2.31,1.85,4.02,3.11,2.2
00-0036363,Josh Jones,SEA,OT,2.0,355,measured,11.1,2.52,5.45,3.49,12.46,8.58,11.8,11.0,6.65,6.94,8.61,11.61,13.47,7.39,4.94,16.41,2.36,2.91,3.1,4.8,3.21,2.32,2.37,1.87,3.34,2.1,3.32,5.45,1.0,4.82,3.88,14.24,11.32,2.17,2.84,3.05,3.45,4.78,4.22,1.62,2.14,3.13,2.76,2.87,2.09,3.56,3.8,2.13,4.84
00-0040495,Logan Brown,SEA,OT,,0,prior,11.7,4.27,6.93,7.07,12.08,11.28,11.8,9.36,8.22,10.12,7.36,14.28,13.46,10.31,10.99,11.29,3.03,2.98,3.93,1.84,2.4,1.52,3.87,3.98,3.09,1.57,1.0,3.76,3.06,3.96,1.97,9.88,15.31,3.11,4.12,1.0,2.6,1.0,2.99,4.77,3.71,2.92,2.3,3.72,3.19,3.65,2.19,2.1,2.55
00-0034160,Michael Dickson,SEA,P,1.0,95,measured,17.1,7.87,9.4,8.92,10.13,11.33,10.52,13.98,15.89,13.92,10.75,6.69,7.69,17.99,10.99,14.86,2.89,1.08,2.95,2.72,2.01,3.02,1.15,2.69,1.76,2.88,3.2,3.17,4.3,2.05,3.57,4.78,2.19,3.17,4.07,4.27,3.79,3.73,4.37,1.44,1.9,2.32,1.96,1.24,1.3,1.69,18.92,15.28,3.27
00-0035704,Drew Lock,SEA,QB,2.0,298,measured,9.4,10.28,9.82,14.04,10.08,10.15,11.8,10.28,9.05,8.95,12.6,17.53,7.89,6.8,15.07,5.25,8.37,7.63,10.54,7.05,8.82,15.76,8.11,6.29,2.55,3.25,2.62,2.6,3.04,2.47,2.96,3.76,2.22,1.19,2.83,3.09,3.16,2.58,3.94,3.28,3.67,2.56,1.73,3.17,3.86,3.71,1.32,2.15,2.23
00-0040673,Jalen Milroe,SEA,QB,3.0,2,prior,6.9,9.68,9.98,12.05,10.08,10.87,11.8,6.54,6.87,8.23,7.43,8.75,12.69,13.04,10.99,11.29,4.61,6.55,6.94,8.86,4.6,5.57,8.49,7.15,3.9,1.0,1.9,1.18,2.22,3.26,2.35,2.25,2.9,3.66,5.55,3.28,1.73,3.62,3.13,1.79,3.56,2.22,4.09,2.36,1.41,1.71,2.74,1.75,2.75
00-0034869,Sam Darnold,SEA,QB,1.0,1690,measured,13.9,8.22,7.49,12.54,10.08,7.03,11.8,12.9,15.7,12.85,12.65,12.78,11.81,7.49,13.72,7.97,9.95,16.59,13.93,19.6,18.23,8.78,12.91,9.14,2.57,6.56,4.17,2.41,1.0,1.15,3.27,2.98,3.31,1.93,1.88,4.04,3.37,3.41,4.66,1.24,3.28,2.46,3.49,3.45,2.47,4.16,2.43,3.26,3.21
00-0038797,Emanuel Wilson,SEA,RB,3.0,480,measured,13.2,12.96,13.65,12.23,10.0,13.74,11.8,11.15,11.07,13.53,6.3,13.56,6.77,8.37,7.13,15.04,1.89,2.12,3.32,1.63,2.51,3.9,3.24,14.6,14.88,8.99,16.12,15.65,1.63,4.07,3.52,7.02,5.38,8.02,3.09,1.19,4.08,3.59,2.16,3.31,3.35,2.86,3.04,4.1,2.43,1.53,1.83,3.41,10.94
00-0039299,George Holani,SEA,RB,2.0,36,prior,8.7,13.76,14.08,13.28,8.78,13.8,11.8,7.56,7.72,7.82,6.8,11.16,11.73,7.59,16.22,11.29,3.63,3.63,3.55,2.61,2.37,3.5,2.43,8.1,6.96,7.1,5.66,5.02,2.15,9.04,8.35,1.0,6.01,1.0,3.89,1.71,2.73,2.96,3.45,3.8,3.06,3.49,2.57,3.59,2.51,5.37,2.97,2.26,12.9
00-0040067,Jacardia Wright,SEA,RB,,5,prior,8.1,13.67,14.29,12.44,9.37,14.02,11.8,7.56,6.42,5.15,7.21,14.52,7.79,13.04,10.99,11.29,2.29,1.41,4.64,5.46,4.32,2.61,3.04,9.22,5.32,5.32,5.33,5.0,2.97,4.38,5.82,1.0,5.82,1.0,3.99,3.46,2.95,4.43,2.25,3.89,3.17,2.96,4.09,3.06,2.34,3.89,5.18,4.69,14.54
00-0041512,Jadarian Price,SEA,RB,1.0,0,prior,10.8,14.54,15.33,13.24,10.67,14.4,11.8,8.33,6.27,7.96,8.45,8.86,13.59,10.31,10.99,11.29,3.48,3.31,2.72,2.36,2.64,1.88,3.5,14.7,9.51,10.34,6.61,4.72,2.43,10.39,9.61,2.54,10.66,3.54,1.4,3.76,1.0,4.38,3.13,1.3,2.0,4.78,2.9,3.55,2.98,3.03,1.97,2.85,13.03
00-0037745,Velus Jones Jr.,SEA,RB,,51,prior,10.1,18.28,16.35,13.09,8.15,12.76,11.8,10.39,7.26,11.74,8.72,12.99,4.09,14.29,6.41,15.02,4.48,2.25,2.93,2.83,2.97,2.6,3.84,14.5,6.32,5.99,5.58,8.2,2.76,6.14,7.34,1.13,8.2,2.13,3.83,3.67,2.38,1.48,2.19,2.71,4.12,2.4,3.91,3.42,3.41,1.67,2.87,2.59,17.19
00-0039165,Zach Charbonnet,SEA,RB,4.0,998,measured,12.9,13.66,14.37,12.36,9.29,15.42,11.8,11.65,11.14,9.72,6.73,12.55,6.23,14.31,17.31,14.57,1.85,2.54,2.81,2.46,4.41,1.65,4.45,19.4,13.04,9.89,11.79,15.96,2.0,5.09,4.12,8.91,2.23,9.91,2.71,1.72,2.4,2.56,3.09,4.95,4.29,3.41,3.64,1.77,4.21,3.32,2.49,2.19,13.67
00-0038866,AJ Finley,SEA,S,,42,prior,8.2,13.97,15.19,13.56,7.97,14.99,11.8,8.21,4.24,3.98,8.36,13.45,9.93,13.86,10.99,4.84,2.29,4.39,2.34,2.84,2.06,1.22,3.22,3.45,2.64,4.21,3.45,2.8,4.65,3.09,3.18,1.0,2.76,3.42,3.32,5.01,1.84,8.22,7.88,11.62,5.08,6.08,9.25,6.15,3.06,3.77,1.14,3.65,9.8
00-0041463,Bud Clark,SEA,S,2.0,0,prior,10.8,16.39,17.06,13.33,6.77,16.55,11.8,9.11,6.14,8.28,5.95,11.57,12.18,10.31,10.99,11.29,3.34,4.84,3.57,1.43,1.56,3.77,3.78,3.59,2.82,3.73,3.41,3.31,2.22,2.67,1.0,3.32,2.53,2.47,3.8,2.71,3.43,15.07,12.67,12.7,7.05,8.05,8.89,7.55,4.81,3.91,1.55,2.05,9.8
00-0037332,D'Anthony Bell,SEA,S,,238,measured,10.7,13.0,14.03,13.65,8.43,14.42,11.8,9.65,6.76,10.66,7.97,11.68,10.76,16.32,13.97,11.29,2.47,2.25,1.92,3.4,2.87,2.1,3.53,4.06,2.99,3.92,4.0,2.39,1.86,3.13,3.0,4.69,2.7,3.2,3.77,3.43,2.65,12.28,12.39,13.7,8.05,9.05,9.39,9.22,2.45,3.86,1.83,2.27,9.8
00-0034974,Julian Love,SEA,S,1.0,1525,measured,15.6,13.33,13.86,17.02,7.0,14.5,11.8,14.4,14.57,15.08,12.77,6.09,6.28,7.45,15.69,7.91,4.45,2.8,1.77,3.11,2.17,1.0,1.22,4.19,3.96,2.66,3.84,3.16,4.06,4.36,2.67,3.59,1.61,3.07,3.11,3.89,3.27,10.12,14.98,14.37,17.6,18.21,8.96,18.2,3.01,3.38,2.54,2.42,9.8
00-0040026,Maxen Hook,SEA,S,,0,prior,7.8,13.29,14.66,14.39,8.03,14.19,11.8,9.36,2.63,7.24,6.51,12.29,10.04,10.31,10.99,11.29,2.74,3.53,2.49,2.8,4.19,2.24,2.35,2.97,2.2,3.06,2.79,3.16,2.5,3.07,2.35,1.26,4.11,2.75,3.73,4.25,2.36,8.92,6.36,9.59,4.88,5.88,9.27,5.88,1.71,2.86,3.23,1.0,9.8
00-0037323,Rodney Thomas,SEA,S,,611,measured,10.6,14.03,14.94,13.58,7.35,14.44,11.8,10.42,4.9,9.33,7.83,10.58,8.83,16.96,10.99,14.41,1.0,4.19,3.54,2.79,3.23,4.7,2.6,3.3,3.55,3.87,4.45,4.57,4.66,4.32,2.31,4.51,1.57,2.75,1.15,3.36,1.64,5.9,6.47,15.56,9.46,10.46,9.06,13.4,2.85,3.79,2.72,4.22,9.8
00-0038765,Ty Okada,SEA,S,1.0,703,measured,13.4,13.63,14.15,14.62,7.69,14.17,11.8,11.19,10.72,12.21,9.05,10.69,5.19,15.84,10.99,15.41,3.25,2.25,1.0,2.24,4.48,2.04,4.09,4.88,2.07,1.47,2.82,1.66,1.96,4.54,3.02,3.54,3.13,1.18,3.94,2.09,4.57,14.89,12.22,13.0,14.8,15.8,9.17,9.47,3.65,2.96,2.9,3.55,9.8
00-0039793,AJ Barner,SEA,TE,1.0,1071,measured,13.5,10.64,11.99,12.06,9.37,13.15,11.8,12.94,13.66,12.04,9.48,9.49,16.27,14.76,10.99,15.41,3.45,2.34,3.33,4.66,1.64,2.38,2.66,7.16,3.13,13.12,15.78,13.75,13.19,15.69,16.45,12.72,13.82,10.56,1.96,1.0,3.06,1.58,2.66,4.13,2.94,3.92,1.58,3.45,3.28,3.42,2.99,2.69,4.84
00-0040739,Elijah Arroyo,SEA,TE,3.0,287,measured,9.8,10.6,11.93,11.8,11.33,13.06,11.8,7.03,8.72,6.26,7.83,15.05,9.65,7.7,15.98,11.29,5.3,3.47,4.02,2.18,2.32,2.99,1.79,13.46,3.5,5.62,8.28,11.2,7.41,8.28,7.38,9.97,11.54,7.81,3.39,4.64,3.54,4.17,2.84,1.95,1.84,3.7,1.85,4.48,2.82,4.01,3.01,3.13,3.5
00-0033576,Eric Saubert,SEA,TE,2.0,536,measured,9.8,9.46,11.22,10.81,11.33,11.92,11.8,11.21,9.63,7.99,8.99,14.17,11.41,8.28,16.85,16.85,5.96,3.4,3.6,4.07,2.88,1.92,2.22,7.28,1.24,7.78,10.44,13.6,9.09,5.13,5.09,9.1,13.12,6.94,3.16,3.61,1.6,4.87,1.54,3.78,2.13,3.08,3.38,2.05,3.13,3.26,3.1,3.3,3.68
00-0040058,Nick Kallerup,SEA,TE,4.0,112,measured,9.0,9.85,11.24,11.29,11.45,12.43,11.8,7.81,6.48,7.1,7.51,12.11,9.67,13.04,10.99,11.29,3.93,4.96,2.7,2.78,2.81,3.85,1.05,6.5,2.35,5.82,8.48,11.79,6.39,5.49,5.29,10.51,9.14,8.35,1.81,3.8,3.87,1.99,3.19,2.63,3.52,2.13,3.09,4.57,3.59,2.9,3.49,2.07,2.99
00-0033908,Cooper Kupp,SEA,WR,1.0,1419,measured,13.6,10.17,10.17,15.6,7.16,9.73,11.8,12.17,15.52,11.93,12.31,9.26,8.54,8.34,5.62,5.3,4.5,3.73,2.9,1.92,4.23,2.76,3.16,8.29,13.24,15.92,14.85,15.5,14.28,13.82,13.95,2.73,4.02,3.3,3.77,2.47,4.29,3.11,4.49,3.08,2.85,1.61,2.85,3.79,2.04,4.93,4.56,3.44,10.95
00-0040895,Emmanuel Henderson Jr.,SEA,WR,,0,prior,8.7,15.43,15.81,14.48,6.01,14.94,11.8,8.88,8.63,10.94,6.9,14.67,12.33,10.31,10.99,11.29,2.33,2.42,3.37,2.82,3.19,2.46,3.02,7.77,4.38,6.8,5.73,4.76,4.52,6.51,6.44,2.61,3.21,2.76,2.35,1.12,3.74,3.7,4.1,2.63,1.0,1.3,2.26,2.89,2.19,3.96,3.16,2.22,12.88
00-0037156,Irvin Charles,SEA,WR,2.0,26,prior,10.9,13.29,14.49,13.25,7.25,14.75,11.8,11.24,11.64,10.4,10.17,9.1,8.34,8.55,14.42,11.29,1.9,4.01,3.89,2.95,3.77,2.63,4.81,12.53,9.04,14.07,12.99,16.51,4.31,6.95,5.72,2.51,3.12,3.34,3.57,2.93,2.54,3.51,3.43,3.9,1.71,3.29,2.57,1.59,2.49,1.54,1.91,2.09,14.37
00-0038752,Jake Bobo,SEA,WR,3.0,427,measured,8.5,14.08,15.18,14.01,6.75,15.06,11.8,9.82,9.31,7.97,6.19,13.41,14.94,7.86,14.12,11.29,2.52,1.62,3.04,1.03,3.87,3.84,3.88,7.33,4.92,7.23,6.16,7.0,6.86,5.14,4.03,2.51,1.57,1.93,2.0,2.61,1.83,2.77,4.09,3.76,3.79,3.69,4.25,5.28,3.93,2.26,3.78,2.83,13.01
00-0038543,Jaxon Smith-Njigba,SEA,WR,1.0,1649,measured,16.1,14.81,15.72,19.57,7.14,14.54,11.8,12.69,14.78,13.75,7.79,13.42,11.51,15.84,10.99,15.41,3.93,3.04,2.01,3.97,2.13,2.05,2.93,8.56,13.37,11.63,10.55,17.12,13.65,17.43,15.51,1.49,2.84,3.25,1.0,3.29,3.5,3.91,2.89,2.99,1.47,5.55,3.19,2.43,1.71,2.4,4.89,3.22,10.4
00-0039329,Julian Hicks,SEA,WR,,0,prior,9.8,14.63,15.38,13.99,6.72,15.04,11.8,9.61,7.55,10.31,7.65,10.28,5.17,10.31,10.99,11.29,2.87,2.5,2.38,2.68,3.95,3.81,2.86,11.32,10.76,16.07,15.0,14.22,3.62,3.66,3.62,3.23,3.22,2.16,2.01,2.6,3.28,3.13,2.81,3.26,3.32,1.41,4.82,3.7,3.07,2.71,3.56,2.95,10.18
00-0040621,Montorie Foster Jr,SEA,WR,2.0,0,prior,11.0,15.41,15.64,13.92,6.68,14.97,11.8,11.42,11.77,11.49,5.6,6.74,13.07,10.31,10.99,11.29,5.2,3.14,2.03,1.14,3.49,3.13,1.98,17.86,11.52,16.08,15.0,18.45,3.64,4.56,3.69,1.55,2.84,2.54,2.85,4.6,2.25,1.18,1.95,2.84,1.54,3.29,2.31,4.33,3.34,2.88,4.06,2.46,14.86
00-0037545,Rashid Shaheed,SEA,WR,1.0,1088,measured,13.6,15.68,15.89,14.45,5.99,14.91,11.8,11.13,13.16,13.96,9.9,6.54,8.76,7.33,15.79,13.95,3.37,2.04,2.46,3.66,1.55,3.71,2.76,10.36,7.03,6.49,5.41,16.27,13.09,11.71,11.68,4.9,3.86,1.12,2.43,1.78,2.72,3.87,1.35,2.36,2.81,2.67,1.46,3.57,4.82,2.41,4.26,3.13,16.44
00-0040653,Ricky White III,SEA,WR,,9,prior,8.3,12.18,13.83,14.53,5.94,14.91,11.8,8.26,6.06,11.12,9.75,11.56,11.44,13.04,10.99,11.29,2.9,2.78,2.96,2.13,2.13,1.61,2.11,9.17,7.48,13.08,12.0,9.16,3.65,4.3,3.76,1.27,1.7,4.11,3.9,2.4,2.01,4.19,4.21,3.71,2.67,3.4,4.08,2.76,1.57,2.93,2.59,1.2,10.44
00-0040648,Tory Horton,SEA,WR,2.0,203,measured,11.0,16.39,16.35,14.22,6.4,15.93,11.8,9.13,10.42,9.41,7.69,9.91,11.55,5.71,4.47,11.29,2.03,3.14,2.97,2.72,2.18,3.5,3.03,12.73,6.38,9.44,8.36,11.34,5.88,8.08,8.66,4.64,3.73,1.45,2.51,3.19,3.8,2.19,2.88,1.41,4.08,4.04,1.92,3.04,2.51,4.0,2.38,4.24,15.82
00-0035743,Brett Toth,SF,C,3.0,366,measured,11.4,2.89,5.1,5.4,12.66,7.37,11.8,13.2,6.94,8.88,10.85,4.39,15.06,8.09,13.85,11.29,3.61,2.18,3.72,2.49,3.78,1.43,3.41,2.31,1.0,2.9,3.47,4.64,2.7,2.84,4.32,7.72,15.6,1.84,3.55,2.51,3.67,4.75,2.57,2.2,3.78,3.12,2.78,1.0,4.12,1.98,1.35,1.0,2.36
00-0039700,Drake Nugent,SF,C,,0,prior,10.6,3.55,4.57,9.65,14.24,8.45,11.8,7.93,7.17,8.85,7.83,13.5,14.33,10.31,10.99,11.29,2.54,2.72,3.76,3.58,3.85,4.39,2.22,3.28,2.43,2.83,2.53,2.45,2.89,3.39,3.1,11.15,9.98,2.45,1.87,4.51,2.34,3.89,4.39,2.57,2.76,2.72,2.91,2.36,3.51,4.24,3.39,3.41,1.86
00-0032701,Jake Brendel,SF,C,1.0,2012,measured,14.9,4.43,5.37,9.64,12.92,6.79,11.8,13.28,12.84,11.27,11.28,10.9,7.13,14.16,6.78,11.29,1.05,4.6,3.04,2.77,3.29,4.79,4.18,4.13,2.57,3.68,1.88,2.76,1.98,3.1,3.43,17.49,15.77,2.28,1.86,4.84,2.45,3.3,3.16,1.76,2.92,3.31,2.61,2.62,3.29,1.84,2.7,3.07,3.12
00-0038615,Jarrett Patterson,SF,C,2.0,854,measured,11.6,2.05,4.83,4.39,13.44,9.05,11.8,10.35,4.79,10.85,6.17,14.55,6.86,13.98,14.74,6.6,5.05,1.0,2.19,3.97,2.06,3.67,3.15,3.84,3.14,2.14,2.1,2.52,2.72,3.77,2.52,13.05,12.4,3.59,3.94,1.21,2.07,2.94,3.45,2.87,2.04,2.92,1.26,2.94,3.14,1.82,1.64,3.95,3.82
00-0039333,Brandon Codrington,SF,CB,,53,prior,9.1,15.04,15.49,13.52,7.18,15.02,11.8,11.08,10.48,7.43,7.41,9.36,4.71,14.76,10.99,11.29,2.69,3.9,3.9,2.52,3.0,2.51,3.64,3.05,4.18,2.2,3.41,1.22,1.49,3.65,3.37,1.68,3.19,2.65,1.61,3.36,2.46,7.38,12.33,15.38,5.81,5.81,10.0,4.72,2.86,4.23,3.36,2.49,6.65
00-0036563,Deommodore Lenoir,SF,CB,1.0,1975,measured,10.1,14.77,14.71,12.79,7.5,13.77,11.8,12.49,8.68,10.22,9.15,6.77,11.11,15.13,17.07,17.97,2.78,2.85,2.22,1.74,2.24,3.72,3.23,3.9,3.32,5.77,4.73,5.43,2.88,2.76,3.96,2.94,2.42,3.7,3.37,2.74,1.9,10.21,10.27,9.96,7.45,7.45,10.09,9.83,2.8,1.65,2.23,4.22,8.23
00-0041068,Ephesians Prysock,SF,CB,2.0,0,prior,10.3,15.47,15.82,14.34,6.01,16.56,11.8,8.79,10.82,8.61,4.2,6.65,8.02,10.31,10.99,11.29,3.57,2.65,5.18,1.72,4.23,1.56,4.28,1.0,3.52,3.26,5.29,4.45,3.67,2.32,3.15,1.63,3.06,4.03,1.0,2.35,4.5,8.95,11.67,14.72,7.7,7.7,9.64,6.74,4.24,3.19,2.15,3.41,18.31
00-0038039,Jack Jones,SF,CB,2.0,1779,measured,8.8,13.85,14.67,13.78,6.1,14.23,11.8,9.7,8.45,11.68,9.5,14.78,10.92,12.04,15.12,15.85,2.92,1.13,3.46,3.7,2.81,2.51,2.65,3.37,2.85,1.95,4.07,2.91,3.02,2.39,2.68,2.74,4.75,3.3,3.2,2.57,2.37,12.58,10.69,12.41,5.06,5.06,9.67,7.99,3.21,1.0,4.16,4.07,15.06
00-0040559,Jakob Robinson,SF,CB,,0,prior,9.8,15.06,15.49,13.74,6.7,14.77,11.8,8.33,6.37,9.8,5.66,12.41,11.77,10.31,10.99,11.29,1.86,1.73,2.97,1.83,3.54,4.47,3.64,1.97,1.87,2.9,2.76,4.44,2.84,3.67,2.59,3.32,4.55,4.67,2.98,1.82,3.96,10.1,12.83,16.92,7.06,7.06,9.85,5.08,2.51,1.9,3.78,2.05,4.88
00-0036871,Nate Hobbs,SF,CB,3.0,995,measured,10.0,14.77,17.43,15.52,8.5,18.32,11.8,10.99,10.98,8.31,9.39,11.45,15.23,6.49,4.08,7.15,2.89,3.92,5.08,2.93,4.6,3.12,3.43,4.41,3.17,2.0,3.24,4.48,5.34,4.23,3.6,4.14,3.59,2.11,2.73,2.98,3.4,10.98,13.1,12.88,6.99,6.99,10.39,5.75,2.88,2.31,2.8,2.45,4.1
00-0039345,Renardo Green,SF,CB,1.0,1192,measured,11.6,14.54,16.65,13.94,6.47,16.66,11.8,9.78,12.67,9.72,10.15,11.05,11.0,11.86,6.35,13.79,5.41,3.65,2.84,3.32,2.16,1.74,2.08,1.55,2.54,4.31,2.87,1.73,3.03,3.55,5.06,3.61,3.2,4.51,3.82,3.23,3.17,2.65,7.29,13.99,10.26,10.26,9.78,12.46,4.33,1.27,4.72,3.76,12.77
00-0040152,Upton Stout,SF,CB,1.0,544,measured,11.6,15.7,16.93,13.08,10.67,16.47,11.8,11.7,11.67,10.33,7.45,8.78,10.91,13.04,10.99,13.96,2.42,3.89,1.0,1.97,2.18,3.78,2.65,1.13,2.19,3.39,3.03,3.02,4.14,3.27,3.0,2.8,3.96,3.37,2.93,1.72,1.47,11.71,16.47,16.98,9.3,9.3,11.04,9.35,2.78,2.61,5.23,2.89,13.44
00-0040721,Alfred Collins,SF,DT,1.0,445,measured,8.9,4.31,3.94,4.48,13.3,5.97,11.8,9.0,7.7,7.35,9.22,4.18,9.73,13.04,10.99,7.51,3.36,2.39,4.42,3.2,3.59,2.99,2.16,4.52,3.04,5.0,3.8,2.29,4.26,3.62,2.58,3.24,2.95,3.3,9.03,6.93,9.38,9.36,4.7,5.06,3.4,3.65,3.51,2.29,2.94,4.35,4.15,2.31,2.67
00-0040711,CJ West,SF,DT,1.0,257,measured,10.9,7.33,7.35,4.89,14.67,11.08,11.8,9.95,6.11,8.71,9.17,12.88,14.54,8.04,14.72,15.41,3.13,3.64,2.18,1.68,1.51,3.01,2.29,1.75,3.36,3.66,2.58,1.98,3.24,1.14,1.7,4.16,3.02,3.94,9.23,7.71,11.54,12.24,10.27,10.87,3.51,3.01,4.5,5.58,4.07,5.54,2.23,2.58,3.65
00-0041557,Gracen Halton,SF,DT,2.0,0,prior,9.3,9.07,10.03,3.06,13.01,13.99,11.8,8.06,7.4,7.32,8.04,11.32,15.28,10.31,10.99,11.29,3.32,3.38,3.0,2.76,1.69,2.7,3.16,4.02,3.09,3.51,1.28,1.65,5.6,1.99,1.0,2.3,3.23,3.82,8.65,8.32,8.39,8.4,8.48,9.07,3.23,4.06,1.0,1.5,2.08,2.69,3.38,2.8,3.98
00-0041363,James Thompson Jr.,SF,DT,,0,prior,8.9,5.89,7.49,7.1,12.08,9.45,11.8,8.33,7.06,8.26,5.49,8.62,9.02,10.31,10.99,11.29,2.1,2.65,4.03,3.97,3.65,3.06,2.06,3.39,1.42,4.3,5.01,1.89,3.7,3.73,2.03,5.51,2.55,2.67,9.77,8.65,8.4,7.42,7.7,9.15,2.62,2.13,3.15,2.45,3.42,4.29,3.86,2.14,1.98
00-0035026,Kevin Givens,SF,DT,,391,measured,11.3,5.07,8.02,6.63,16.16,10.69,11.8,10.88,7.04,7.88,9.89,6.35,11.07,4.11,6.56,17.97,2.15,2.53,3.23,2.57,3.61,2.9,2.86,2.37,4.18,3.45,2.59,1.0,3.14,3.79,3.05,4.29,2.26,3.67,14.05,11.22,9.8,9.07,7.48,9.64,2.9,1.0,1.53,4.68,3.03,3.24,1.0,3.88,2.57
00-0034807,Ogbo Okoronkwo,SF,DT,,481,measured,13.1,8.55,10.93,10.33,13.85,14.78,11.8,13.0,11.57,12.06,11.67,15.74,8.77,8.1,7.5,14.29,4.93,2.9,3.82,1.96,1.29,2.78,5.52,2.77,3.71,1.22,4.74,3.92,2.52,3.6,2.51,5.05,1.8,2.69,14.47,13.66,14.21,11.68,10.19,10.61,4.29,3.05,3.46,1.4,2.59,3.72,2.94,2.55,6.36
00-0036942,Osa Odighizuwa,SF,DT,1.0,1449,measured,12.9,8.0,9.48,8.63,13.07,11.92,11.8,11.04,13.05,8.12,10.8,12.5,8.6,17.99,10.99,14.09,4.11,4.14,2.9,2.25,3.47,3.54,2.58,2.96,1.77,3.3,1.38,5.23,2.32,3.6,2.8,1.86,3.06,3.22,17.64,16.91,13.34,8.46,10.88,9.66,2.25,1.64,2.19,2.46,2.91,1.7,2.42,2.29,3.39
00-0040560,Sebastian Valdez,SF,DT,,0,prior,6.5,6.54,7.83,6.93,13.26,9.97,11.8,7.19,5.92,7.05,7.4,13.47,11.11,10.31,10.99,11.29,2.51,3.53,2.76,3.69,3.68,1.28,1.0,2.68,2.53,2.85,3.76,3.25,2.69,3.95,2.57,2.35,4.43,2.06,5.07,3.76,5.41,5.16,4.16,12.76,4.23,4.76,3.95,1.91,2.73,2.77,2.55,2.44,1.17
00-0036896,Victor Dimukeje,SF,DT,,279,measured,12.2,8.4,9.95,11.18,14.31,12.94,11.8,12.99,11.34,10.38,9.97,8.85,9.27,6.49,17.95,6.32,2.76,3.65,1.0,4.47,3.21,3.07,5.44,3.14,3.22,1.86,3.48,2.76,3.69,3.06,2.32,3.46,2.18,2.89,14.83,13.81,12.98,9.31,8.1,11.39,2.86,3.42,2.68,4.27,3.01,4.34,3.01,4.0,4.21
00-0040950,Vincent Anthony Jr.,SF,DT,,0,prior,8.9,8.8,12.15,12.06,9.87,13.19,11.8,8.51,3.67,5.05,5.44,12.93,10.46,10.31,10.99,11.29,4.37,3.36,2.91,4.21,3.07,5.09,3.91,2.35,2.37,2.11,2.11,2.42,2.22,2.04,3.37,2.41,2.95,2.96,8.87,9.54,8.4,7.42,7.7,10.31,2.15,2.36,3.21,1.94,3.11,2.67,3.91,2.38,3.52
00-0038865,Andrew Farmer,SF,EDGE,3.0,22,prior,7.0,11.19,12.95,12.11,10.83,13.97,11.8,9.74,5.93,4.41,8.82,8.01,10.04,12.15,10.99,11.29,3.18,3.95,2.83,4.82,1.98,2.5,3.74,2.89,1.58,3.68,3.88,3.36,1.34,3.25,2.35,1.61,3.89,3.45,4.92,5.21,5.46,5.76,4.13,13.42,5.8,6.8,2.27,2.86,3.63,3.2,3.21,2.54,2.9
00-0039148,Keion White,SF,EDGE,1.0,1155,measured,8.6,9.16,10.83,9.19,15.24,13.0,11.8,8.71,5.74,7.8,9.06,7.81,8.84,12.02,17.64,18.96,4.54,4.01,4.4,3.93,2.28,1.85,3.9,2.84,3.77,3.08,2.94,3.02,2.82,2.7,2.6,1.74,3.99,3.16,8.06,6.09,7.58,8.59,7.82,11.1,5.8,6.8,2.48,2.91,2.68,3.01,2.53,2.38,2.39
00-0036341,Khalid Kareem,SF,EDGE,2.0,102,measured,9.5,10.17,11.74,10.64,11.35,12.99,11.8,9.76,5.81,6.71,9.94,7.5,10.71,7.13,14.79,7.62,3.22,3.01,3.45,2.52,3.47,2.09,2.92,3.17,3.78,3.76,3.72,3.71,2.46,2.54,1.5,3.05,1.21,3.25,8.45,8.2,9.1,10.53,8.17,11.35,5.8,6.8,2.44,3.85,3.16,2.27,3.87,3.55,2.35
00-0041360,Mikail Kamara,SF,EDGE,4.0,0,prior,8.5,10.52,11.48,10.35,12.04,12.61,11.8,6.89,4.82,7.1,4.45,10.32,7.13,10.31,10.99,11.29,1.5,3.15,3.68,2.02,3.44,2.67,1.0,2.74,2.16,2.59,3.45,2.11,2.52,2.13,5.31,3.2,2.85,2.67,7.37,7.0,6.62,7.97,9.29,13.91,5.8,6.8,4.29,4.79,1.71,4.96,3.78,3.15,3.2
00-0040660,Mykel Williams,SF,EDGE,4.0,347,measured,9.0,10.28,12.07,10.97,11.08,13.32,11.8,7.94,8.3,6.78,8.02,10.17,9.27,6.15,15.98,11.29,1.0,3.03,3.92,2.64,2.77,2.3,3.49,2.12,2.08,4.01,4.69,2.19,4.56,4.16,2.73,2.44,4.36,3.25,7.45,7.32,8.97,10.55,6.48,12.3,5.8,6.8,4.19,2.8,1.74,3.8,2.33,2.68,3.65
00-0035717,Nick Bosa,SF,EDGE,1.0,902,measured,16.0,9.16,10.43,13.59,14.77,12.4,11.8,14.25,17.68,16.79,11.83,11.76,7.22,14.1,5.07,16.0,2.34,4.02,2.35,3.58,2.71,2.22,2.73,1.06,2.58,4.04,3.45,2.6,2.25,3.16,2.36,3.48,4.46,2.46,19.4,17.59,17.83,16.84,15.32,8.94,5.8,6.8,1.96,5.86,3.08,2.48,1.65,2.37,2.02
00-0041556,Romello Height,SF,EDGE,2.0,0,prior,9.7,11.69,14.07,12.97,10.72,16.7,11.8,6.69,7.92,7.66,6.75,9.25,10.26,10.31,10.99,11.29,4.51,2.8,2.04,3.47,2.13,3.23,2.71,3.08,2.78,1.36,2.47,2.67,4.66,3.0,3.49,3.7,1.4,1.7,8.29,8.79,8.2,9.16,9.68,12.78,5.8,6.8,4.07,3.39,3.42,2.71,4.25,3.48,3.6
00-0037602,Sam Okuayinonu,SF,EDGE,3.0,812,measured,9.5,9.98,10.84,9.65,12.21,12.1,11.8,8.72,10.36,8.56,9.11,14.31,12.53,12.53,18.54,15.41,3.6,2.63,2.76,2.72,1.66,3.32,3.5,2.19,3.09,2.65,3.38,4.57,1.7,2.64,3.93,2.91,2.65,2.49,8.3,7.68,8.23,10.62,13.65,11.29,5.8,6.8,3.45,3.48,3.87,1.36,2.01,3.47,3.42
00-0029892,Kyle Juszczyk,SF,FB,1.0,1025,measured,13.2,7.65,8.84,8.08,9.89,10.36,11.8,13.61,7.8,11.79,15.97,14.68,16.22,11.89,6.02,14.41,3.1,3.15,2.2,1.92,3.89,2.86,3.83,10.61,2.47,7.38,9.47,15.37,2.08,3.12,4.27,13.57,13.7,14.57,3.06,2.09,3.44,2.34,3.46,1.35,1.46,2.99,3.61,1.0,4.08,1.54,3.2,2.3,2.02
00-0034173,Eddy Pineiro,SF,K,1.0,60,measured,15.0,9.2,10.38,9.34,9.88,11.67,12.62,13.85,11.12,13.35,10.96,7.33,8.79,12.26,7.46,7.9,3.68,2.77,4.11,3.15,4.37,3.14,3.66,2.84,1.94,4.25,1.21,5.34,2.75,3.23,2.55,6.22,4.16,3.5,2.08,1.46,3.07,3.9,3.67,3.96,2.02,3.5,3.37,1.72,14.05,15.9,2.31,1.54,3.63
00-0034982,Dre Greenlaw,SF,LB,1.0,676,measured,13.1,11.48,11.77,11.14,12.46,12.21,11.8,13.26,7.31,9.96,10.11,8.04,11.66,4.07,5.22,17.42,4.04,2.54,3.63,3.65,2.4,2.29,2.91,3.61,2.32,4.59,3.2,2.79,3.4,3.11,2.75,2.74,3.91,4.3,9.65,8.63,9.37,12.7,14.76,14.94,13.37,14.87,4.15,10.97,1.46,3.7,3.95,2.83,2.8
00-0034815,Fred Warner,SF,LB,1.0,1354,measured,15.1,11.06,11.96,13.72,10.67,15.15,11.8,12.25,14.89,14.77,11.39,12.08,14.21,6.84,17.4,13.93,2.61,2.74,2.37,2.99,4.06,3.44,3.8,1.78,3.02,3.35,3.1,2.1,3.8,2.85,1.27,2.57,2.6,3.39,7.8,7.25,14.12,16.89,17.64,15.72,17.56,18.6,3.42,15.87,3.1,3.92,3.29,2.52,4.3
00-0036844,Garret Wallow,SF,LB,2.0,61,prior,10.1,11.54,13.25,15.8,11.33,13.05,11.8,8.85,6.02,3.58,6.37,11.03,10.77,15.4,10.99,16.36,4.69,1.0,3.56,2.74,3.46,3.47,3.26,4.75,2.17,4.01,2.13,3.24,1.53,1.69,3.71,2.66,4.29,4.17,14.32,13.71,6.65,9.33,11.17,12.07,7.23,8.73,3.16,2.22,2.47,3.03,2.72,2.2,4.06
00-0041078,Jaden Dugger,SF,LB,3.0,0,prior,12.0,12.45,13.87,13.92,9.14,14.28,11.8,8.93,10.84,9.65,4.23,11.68,8.48,10.31,10.99,11.29,4.46,1.14,4.7,3.54,2.17,1.82,4.84,1.08,1.17,2.48,2.16,4.43,3.23,1.18,3.26,1.85,3.22,2.85,4.97,5.45,14.76,14.39,14.5,15.83,7.17,8.67,1.17,5.54,3.24,3.68,2.33,1.79,3.94
00-0038648,Jalen Graham,SF,LB,,24,prior,10.4,11.69,10.85,12.97,8.65,10.35,11.8,10.7,6.2,5.98,9.5,15.44,15.35,15.84,10.99,11.29,3.21,2.72,3.52,1.93,1.0,5.04,1.74,3.47,1.97,3.07,3.01,4.6,3.11,1.04,1.0,2.69,2.57,3.86,6.45,6.83,7.66,10.01,12.49,12.47,8.07,9.57,4.1,3.25,1.95,2.83,3.94,2.82,2.78
00-0035413,Luke Gifford,SF,LB,3.0,294,measured,11.1,11.27,12.41,12.03,10.43,13.41,11.8,11.5,7.99,8.35,10.54,11.08,8.58,7.73,6.92,17.45,3.82,2.71,2.3,4.63,3.79,3.9,3.29,1.87,2.36,3.76,2.28,3.56,2.92,1.63,3.78,3.16,3.88,3.88,6.18,5.8,9.87,11.03,11.99,12.56,10.44,11.94,4.15,6.58,5.63,3.5,2.59,2.34,2.96
00-0040135,Nick Martin,SF,LB,4.0,11,prior,10.2,13.66,14.61,11.15,13.39,15.99,11.8,9.31,5.84,8.36,5.81,7.87,10.94,5.3,15.23,11.29,2.9,5.48,5.23,4.24,3.23,3.56,3.69,3.03,4.18,5.62,3.04,1.78,3.86,2.17,4.39,3.99,3.15,4.51,6.7,6.11,6.66,9.34,13.35,12.99,6.74,8.24,3.04,2.37,3.23,3.38,2.58,2.57,3.5
00-0039435,Tatum Bethune,SF,LB,2.0,490,measured,13.2,11.94,12.52,11.53,8.0,13.22,11.8,11.96,11.59,8.29,6.72,12.99,11.13,7.21,15.45,16.98,4.4,3.22,3.02,1.0,3.57,3.15,1.91,2.66,3.22,2.45,2.11,2.79,4.3,3.28,1.88,3.57,3.33,2.83,11.72,12.41,10.71,15.35,18.48,16.34,5.05,6.55,2.12,3.83,3.1,1.96,3.96,3.58,1.82
00-0027224,Jon Weeks,SF,LS,1.0,0,prior,10.4,6.21,7.17,6.92,9.71,8.82,12.21,13.77,8.68,8.3,15.23,12.36,9.54,17.99,10.99,11.29,2.45,4.89,3.62,4.7,3.11,4.17,2.86,2.59,2.91,1.2,3.53,4.21,1.56,4.34,4.04,4.34,3.2,3.25,4.77,2.83,3.57,3.07,2.75,2.1,2.75,2.96,3.34,3.72,3.7,2.85,2.21,3.88,2.74
00-0041061,Carver Willis,SF,OG,2.0,0,prior,11.3,5.2,6.8,6.94,13.02,7.77,11.8,9.09,8.77,9.11,4.08,10.6,9.39,10.31,10.99,11.29,2.64,3.39,2.9,1.07,3.25,2.36,3.25,4.84,3.33,1.94,2.9,2.1,3.81,2.07,2.49,9.75,14.14,3.33,1.52,4.15,3.95,3.09,2.45,2.4,4.26,1.96,3.79,3.36,2.48,3.82,3.0,1.67,1.48
00-0040245,Connor Colby,SF,OG,1.0,414,measured,12.2,5.2,7.2,6.13,13.11,9.06,11.8,12.3,10.41,8.88,8.41,15.4,12.87,13.04,10.99,17.32,3.6,3.73,1.0,1.0,2.69,3.79,5.22,3.07,3.8,2.6,4.07,3.91,2.09,4.68,3.05,10.81,15.48,2.87,1.52,2.86,1.0,3.53,1.22,2.63,3.25,2.03,4.15,2.93,2.69,2.94,4.29,1.12,2.84
00-0039351,Dominick Puni,SF,OG,1.0,1742,measured,13.3,1.75,4.88,9.5,13.14,9.4,11.8,9.58,12.31,11.1,8.67,13.3,13.8,14.76,10.99,11.29,2.58,3.41,2.91,2.47,2.28,4.02,3.26,1.99,1.89,3.48,4.87,3.24,4.71,3.94,2.93,12.28,17.66,2.71,3.76,2.81,4.02,4.03,3.04,1.66,4.48,2.6,3.0,2.99,3.22,1.82,2.91,3.84,2.69
00-0037831,Nick Zakelj,SF,OG,3.0,126,measured,11.0,4.93,7.07,5.8,13.85,9.06,11.8,9.9,8.96,2.67,7.89,12.64,10.91,8.12,13.68,11.29,2.92,1.66,2.21,3.96,1.24,2.55,2.88,2.64,2.26,3.15,3.12,2.33,4.63,3.46,4.59,11.32,10.84,1.36,4.57,2.67,1.71,3.46,2.68,2.82,2.7,1.62,3.12,3.48,3.92,3.59,4.53,1.98,3.24
00-0035829,Austen Pleasants,SF,OT,4.0,160,measured,12.1,3.35,5.08,4.2,11.36,7.62,11.8,10.69,9.54,6.67,9.67,14.92,5.48,16.96,10.99,11.29,3.52,3.24,3.46,1.21,1.74,3.24,3.35,3.94,1.95,3.06,2.96,2.89,2.34,1.22,3.66,12.88,15.05,2.84,3.69,3.56,3.25,3.35,3.0,5.82,2.91,1.7,2.77,4.78,2.83,2.27,1.82,2.62,2.59
00-0036256,Colton McKivitz,SF,OT,1.0,2164,measured,13.7,1.02,3.95,2.65,10.0,6.55,11.8,13.99,10.95,11.06,11.45,9.85,9.12,15.24,14.16,16.98,3.7,1.88,3.47,1.17,3.54,2.94,2.17,3.68,3.41,2.24,2.72,3.63,1.38,2.9,1.46,17.34,16.68,1.6,2.96,4.26,3.47,1.61,3.56,1.48,2.36,2.32,3.5,4.45,1.38,1.84,3.89,4.71,4.22
00-0041090,Enrique Cruz,SF,OT,3.0,0,prior,10.4,4.85,6.62,5.51,12.45,9.1,11.8,7.96,7.74,5.62,4.2,9.41,14.06,10.31,10.99,11.29,1.65,2.84,3.56,4.5,1.06,2.78,4.71,2.44,2.42,5.05,4.29,2.55,3.05,4.32,2.15,11.14,11.45,2.27,3.2,2.43,2.97,2.49,3.78,2.76,3.1,2.0,3.02,4.21,3.89,2.15,3.91,3.62,4.71
00-0036584,Foster Sarell,SF,OT,,214,measured,10.4,4.48,6.29,5.48,12.08,8.75,11.8,7.72,6.83,7.3,7.98,9.11,12.46,16.96,10.99,11.29,3.9,2.52,3.69,2.27,5.25,2.54,2.2,2.42,4.17,3.55,2.64,2.99,2.07,2.46,3.92,11.63,11.34,2.32,3.3,1.98,4.06,2.79,4.05,4.43,4.27,4.98,3.61,1.73,5.73,2.79,3.89,2.63,2.45
00-0036448,Isaac Alarcon,SF,OT,,0,prior,11.9,3.99,5.83,5.21,11.53,8.28,11.8,9.64,11.63,11.37,9.06,11.85,8.12,10.31,10.99,11.29,4.6,3.68,1.44,1.95,3.26,4.98,1.4,4.08,2.44,1.0,2.98,3.45,2.4,1.8,2.02,11.33,15.52,3.83,2.8,2.67,2.61,4.21,2.92,3.56,2.55,3.06,4.04,2.54,2.13,3.25,3.89,3.96,3.47
00-0027857,Trent Williams,SF,OT,1.0,1689,measured,13.5,5.65,6.3,3.93,12.0,9.67,11.8,12.38,11.68,11.37,14.23,10.92,8.41,6.76,4.93,7.46,2.27,2.75,3.22,4.33,1.51,4.14,3.43,2.52,4.86,4.27,2.14,2.38,3.5,4.72,3.53,16.66,15.46,5.18,2.8,1.77,2.84,4.82,4.28,2.72,2.77,1.83,2.05,2.22,3.17,2.53,3.46,3.25,1.89
00-0037287,Vederian Lowe,SF,OT,2.0,1000,measured,11.3,3.7,4.25,5.32,12.42,5.99,11.8,9.51,7.49,7.51,8.12,10.29,12.59,13.81,13.9,18.55,3.94,3.08,3.35,3.11,4.85,3.12,4.24,2.34,1.0,3.81,1.77,2.55,2.65,3.18,2.86,16.32,10.22,3.79,2.24,2.09,4.2,2.19,2.53,4.05,2.6,5.11,4.44,1.07,3.68,2.48,3.25,3.13,3.24
00-0035821,Corliss Waitman,SF,P,1.0,71,measured,10.6,7.56,9.17,8.78,10.13,11.2,12.14,10.92,8.45,8.21,10.55,10.73,13.79,16.46,10.99,11.29,2.47,2.0,3.59,3.53,3.2,3.18,2.39,2.88,2.3,3.27,3.82,1.79,4.72,4.21,4.35,1.64,1.76,1.0,3.6,4.18,1.73,3.03,1.0,1.84,2.66,3.88,2.6,2.8,2.38,2.23,9.07,12.14,2.9
00-0037834,Brock Purdy,SF,QB,1.0,1548,measured,14.2,8.8,9.53,10.71,10.08,8.68,11.8,11.49,13.29,13.79,12.42,11.05,11.47,7.15,5.6,4.71,8.17,14.75,18.35,17.67,14.31,15.58,12.45,13.72,2.52,5.45,2.5,2.18,4.58,3.98,3.44,2.74,2.5,2.44,3.35,2.24,1.19,1.93,3.95,3.29,4.44,4.37,3.07,1.86,3.19,3.29,2.62,2.9,3.04
00-0040589,Kurtis Rourke,SF,QB,3.0,0,prior,7.3,9.9,10.47,11.92,10.08,11.26,11.8,8.51,6.99,3.02,8.56,15.12,7.45,4.16,4.7,11.29,4.59,6.56,7.75,9.12,4.58,5.55,8.77,7.42,3.27,1.0,3.24,3.4,1.0,3.04,2.07,2.54,2.33,4.87,1.86,4.39,3.09,2.68,1.59,1.0,4.26,1.94,2.02,2.44,3.42,1.0,3.11,3.24,4.5
00-0036972,Mac Jones,SF,QB,2.0,1094,measured,10.2,10.46,11.23,12.35,10.08,12.0,11.8,8.29,9.32,7.21,10.51,14.63,9.6,15.43,7.48,7.39,12.32,10.49,12.03,4.9,10.61,16.24,8.27,7.59,3.07,13.37,4.44,3.02,3.21,2.35,3.75,3.58,3.66,2.37,4.35,2.67,2.49,3.87,3.36,3.31,2.03,2.34,2.21,3.96,4.44,2.83,3.11,1.39,4.4
00-0033280,Christian McCaffrey,SF,RB,1.0,1330,measured,13.2,14.04,13.93,16.6,5.0,14.87,11.8,14.92,8.37,11.75,9.18,12.89,13.15,5.15,6.18,14.55,3.88,2.04,2.93,1.0,2.66,3.03,4.42,14.09,10.41,15.81,9.86,14.94,3.99,16.13,14.72,8.73,13.12,9.73,3.06,3.56,3.91,1.69,1.51,3.46,3.43,2.04,2.92,2.45,4.28,3.95,3.34,1.77,14.85
00-0039363,Isaac Guerendo,SF,RB,4.0,148,measured,13.4,18.24,18.45,15.0,9.45,18.29,11.8,11.46,9.15,12.88,6.25,10.51,10.65,14.01,15.73,14.86,2.83,4.21,3.55,3.31,3.61,2.24,3.55,15.29,14.7,8.79,9.12,13.44,3.03,8.0,7.16,3.6,7.0,4.6,2.31,2.41,3.34,4.91,2.71,4.0,1.9,4.28,4.45,4.41,3.22,3.66,2.78,3.38,14.51
00-0040177,Jordan James,SF,RB,3.0,0,prior,7.9,13.29,12.94,13.37,8.86,13.24,11.8,6.98,7.27,6.13,6.22,11.54,10.29,4.46,15.32,11.29,2.21,2.42,3.56,2.71,2.76,3.67,1.47,8.85,5.24,5.28,5.24,3.75,3.42,4.37,6.3,1.0,6.8,1.0,4.44,2.81,2.49,2.26,2.82,3.59,3.63,3.92,3.94,3.7,2.28,2.41,1.0,2.08,16.65
00-0041052,Kaelon Black,SF,RB,2.0,0,prior,10.7,13.65,13.89,13.51,8.71,13.68,11.8,9.62,7.11,9.17,4.53,10.33,12.91,10.31,10.99,11.29,2.82,3.2,3.52,1.67,1.63,3.23,4.0,16.02,9.04,9.97,7.96,5.68,3.71,9.33,8.22,1.0,7.72,1.35,5.22,2.58,5.94,3.19,3.61,5.6,3.57,3.11,4.1,3.69,4.31,2.44,2.53,1.66,13.86
00-0037509,Sincere McCormick,SF,RB,,57,prior,10.0,12.37,12.2,13.7,8.48,12.65,11.8,7.77,6.56,8.03,7.41,9.25,11.85,12.42,10.99,11.29,5.3,1.19,2.07,3.09,1.84,1.79,2.19,9.7,11.45,6.83,6.98,11.3,3.84,6.41,7.64,3.23,5.83,4.23,1.0,3.38,3.0,2.36,2.61,3.22,3.79,4.05,2.81,4.78,1.85,2.72,2.86,2.8,12.42
00-0036329,Ashtyn Davis,SF,S,3.0,914,measured,14.4,13.17,14.14,13.42,7.0,14.23,11.8,13.49,9.38,10.13,9.11,8.96,15.46,7.53,14.77,7.24,1.31,3.77,3.36,4.93,3.41,3.44,3.11,2.48,1.26,4.57,2.47,2.98,1.64,1.0,3.67,1.7,1.66,2.54,1.94,3.99,1.02,8.26,15.36,15.4,14.16,15.16,8.96,18.45,2.23,3.04,2.48,2.87,9.8
00-0036638,Darrick Forrest,SF,S,3.0,184,measured,10.1,16.16,17.84,14.55,10.67,17.49,11.8,9.19,6.27,11.01,8.37,10.82,10.43,15.1,10.99,11.29,2.8,4.87,2.42,3.71,2.24,2.29,3.99,2.58,2.83,3.28,3.2,3.65,2.43,3.0,3.61,3.56,2.77,2.89,3.46,2.6,3.71,7.7,10.97,15.73,6.97,7.97,10.06,7.47,2.38,2.67,3.2,3.2,9.8
00-0041362,Jalen Stroman,SF,S,,0,prior,10.8,13.75,14.5,14.23,7.74,14.42,11.8,9.16,8.35,8.29,7.13,8.36,10.67,10.31,10.99,11.29,3.5,4.35,2.99,2.18,3.45,3.53,4.19,1.97,2.1,3.06,2.79,3.25,1.96,3.34,4.17,1.84,3.44,2.8,3.09,3.1,5.07,9.26,10.27,15.28,8.81,9.81,9.18,11.16,3.43,4.69,2.59,2.02,9.8
00-0038554,Ji'Ayir Brown,SF,S,1.0,1471,measured,11.6,11.54,12.51,14.7,9.0,12.63,11.8,9.79,9.24,10.3,8.34,11.83,15.69,14.39,7.29,16.61,3.04,2.69,2.16,2.38,2.41,3.29,3.33,2.16,1.9,1.64,1.74,3.8,5.01,3.77,2.45,2.99,3.71,1.26,3.9,3.71,1.52,8.99,11.64,11.52,10.87,11.87,9.56,15.79,3.35,4.61,1.55,1.53,9.8
00-0039360,Malik Mustapha,SF,S,1.0,1128,measured,12.1,13.3,13.65,15.29,11.33,14.12,11.8,10.79,9.25,10.57,6.92,12.41,13.99,14.01,14.67,16.98,2.62,2.56,4.2,2.56,4.47,2.15,2.4,2.57,3.75,3.37,3.0,2.45,3.52,5.65,3.13,1.93,1.0,2.6,2.5,5.44,1.99,12.92,16.2,13.54,9.39,10.39,10.26,10.96,3.24,2.08,4.39,2.1,9.8
00-0040185,Marques Sigle,SF,S,2.0,348,measured,12.2,17.32,18.13,14.5,7.47,16.87,11.8,9.71,9.23,8.87,5.74,9.52,7.15,13.04,10.99,11.29,2.04,2.74,1.0,2.42,1.37,3.55,3.15,3.16,2.13,2.38,4.14,1.81,2.83,1.57,2.27,3.3,4.19,3.08,2.59,2.91,3.67,15.89,16.26,13.78,8.73,9.73,9.1,7.77,3.33,1.92,2.69,2.2,9.8
00-0034391,Siran Neal,SF,S,2.0,52,prior,8.8,11.77,12.66,12.28,8.5,15.8,11.8,12.04,3.26,7.58,9.69,10.18,7.79,11.98,13.97,11.29,2.77,4.2,4.84,3.54,2.7,3.26,3.93,1.79,3.25,2.42,5.35,3.73,3.28,3.06,2.51,2.26,3.1,2.14,1.0,3.19,3.56,11.71,10.99,9.03,5.1,6.1,9.41,6.02,3.77,2.34,2.25,3.73,9.8
00-0038643,Brayden Willis,SF,TE,,42,prior,9.0,11.64,12.07,10.81,10.0,12.14,11.8,9.96,4.01,6.68,7.78,13.54,9.98,15.84,10.99,11.29,5.97,1.29,3.66,3.45,3.71,5.49,2.32,7.97,3.46,4.07,6.73,15.32,5.84,4.39,4.41,8.96,10.48,6.8,3.03,1.61,1.87,2.63,2.52,4.58,3.24,2.95,4.31,2.83,2.35,1.0,3.92,3.13,2.77
00-0033288,George Kittle,SF,TE,1.0,1434,measured,15.5,12.26,14.91,10.43,9.0,13.97,11.8,13.3,16.08,12.76,10.72,8.77,14.41,6.98,15.35,7.57,3.62,3.46,1.64,3.94,4.08,4.12,3.28,13.26,3.62,15.84,18.5,19.14,20.0,18.84,16.82,17.34,5.67,15.42,2.9,3.48,2.35,1.0,2.57,2.82,3.58,1.88,2.93,1.0,2.89,2.81,4.13,2.51,2.73
00-0037112,Jake Tonges,SF,TE,2.0,371,measured,11.6,11.64,12.86,12.42,8.82,13.87,11.8,11.34,12.15,5.82,7.92,10.78,11.63,15.31,10.99,11.29,2.31,1.84,3.05,2.57,1.6,2.61,3.5,7.85,1.43,10.43,13.08,10.25,7.69,12.93,9.78,12.63,14.6,10.47,1.5,2.41,2.65,1.54,4.23,3.36,2.6,2.86,3.11,1.51,3.87,5.22,3.68,2.0,4.09
00-0041357,Khalil Dinkins,SF,TE,,0,prior,9.1,12.65,13.75,13.12,7.46,14.86,11.8,8.15,8.93,7.01,5.94,14.4,12.32,10.31,10.99,11.29,4.0,3.87,5.56,1.82,3.16,3.18,1.72,6.67,1.55,7.11,9.77,8.1,8.66,8.18,7.9,10.23,8.86,8.08,4.07,3.13,2.22,3.45,4.48,3.8,2.8,2.02,4.27,3.76,3.12,1.25,3.01,1.9,2.83
00-0036887,Luke Farrell,SF,TE,3.0,795,measured,10.0,9.15,10.92,11.52,11.33,14.29,11.8,9.55,3.29,6.49,9.9,9.18,10.37,17.99,10.99,14.41,2.36,4.5,4.24,3.1,2.39,1.44,4.03,8.33,2.63,5.88,8.53,11.06,16.99,7.6,7.27,11.13,7.37,8.97,4.08,3.56,1.33,2.64,2.42,2.98,3.77,4.77,2.08,2.02,3.45,2.03,2.88,3.59,2.76
00-0034775,Christian Kirk,SF,WR,3.0,866,measured,10.0,14.42,12.73,11.0,10.0,12.98,11.8,9.91,11.08,10.61,10.31,12.36,11.75,4.78,6.95,5.22,4.56,2.89,3.66,3.57,2.39,1.1,2.59,7.11,6.45,7.61,6.54,6.21,6.26,10.71,11.43,4.2,2.67,2.87,3.82,3.27,2.98,4.82,2.94,4.28,2.34,2.58,3.93,3.91,2.0,2.41,2.51,2.99,10.07
00-0041035,De'Zhaun Stribling,SF,WR,1.0,0,prior,12.6,17.55,17.67,13.71,7.1,15.47,11.8,11.4,11.63,11.76,5.63,13.87,10.4,10.31,10.99,11.29,1.46,1.7,2.58,2.56,2.95,1.6,3.88,17.31,11.17,12.09,11.01,11.63,6.96,11.45,10.64,2.61,3.4,3.7,3.26,2.95,2.75,1.37,3.41,2.88,4.58,3.08,3.63,3.31,4.69,1.5,2.78,3.5,11.77
00-0035719,Deebo Samuel Sr.,SF,WR,1.0,1388,measured,13.1,13.92,14.04,13.62,7.5,15.55,11.8,12.56,10.64,11.16,11.12,13.48,11.62,6.05,14.95,18.57,3.23,3.55,3.98,5.04,2.1,3.51,4.27,9.1,15.27,17.42,16.35,9.08,11.85,14.64,14.37,3.45,2.25,3.58,4.0,3.24,2.41,3.07,4.06,3.14,1.98,2.9,3.97,3.59,2.27,4.15,1.7,2.72,15.98
00-0032775,Demarcus Robinson,SF,WR,2.0,1150,measured,10.2,11.21,12.65,14.82,7.15,12.95,11.8,12.49,9.32,10.82,11.67,15.23,10.08,17.99,10.99,16.36,3.59,2.61,2.72,1.03,3.75,2.22,3.27,7.26,5.28,6.07,5.0,12.28,13.47,6.39,6.57,1.37,1.85,3.28,1.68,1.07,2.73,4.96,3.28,2.59,4.05,2.76,1.87,2.33,5.59,3.12,4.54,3.02,13.6
00-0039365,Jacob Cowing,SF,WR,2.0,66,prior,10.9,17.09,15.45,13.0,6.27,14.36,11.8,11.59,12.12,11.39,6.63,12.14,8.71,8.54,14.74,6.6,4.02,3.32,1.76,3.42,2.37,4.02,5.27,13.61,8.6,12.02,10.95,12.94,4.58,7.07,7.08,3.98,4.08,3.36,4.12,3.72,5.85,3.5,3.69,3.11,3.53,1.58,1.43,3.52,3.65,4.34,4.13,3.57,15.81
00-0040172,Jordan Watkins,SF,WR,2.0,22,prior,10.8,17.32,15.58,13.45,7.31,14.68,11.8,11.03,9.49,9.51,6.7,10.57,15.86,4.6,4.89,11.29,1.94,4.0,1.84,4.69,3.42,2.06,3.13,15.29,8.6,12.09,11.01,13.09,3.84,7.31,5.14,4.18,3.8,2.74,2.64,3.94,3.32,4.12,3.44,2.73,2.2,4.11,6.45,2.03,3.05,3.09,1.38,2.89,15.62
00-0034854,KhaDarel Hodge,SF,WR,,373,measured,9.9,12.67,13.49,12.21,7.29,13.8,11.8,12.0,9.04,9.51,9.84,8.47,12.35,7.31,17.05,13.86,3.33,4.95,2.88,2.25,3.36,2.47,2.56,6.05,10.8,14.7,13.63,7.21,6.78,9.02,9.38,3.11,2.59,2.96,2.84,1.42,3.83,1.72,4.94,3.96,3.07,3.08,3.65,3.05,4.02,2.07,2.69,1.56,12.38
00-0031408,Mike Evans,SF,WR,1.0,1121,measured,12.9,12.03,13.21,11.52,6.0,14.35,11.8,14.83,15.92,13.18,11.8,14.16,11.24,4.55,4.87,17.15,3.13,2.79,2.32,3.69,1.52,2.35,2.5,15.54,12.23,10.88,9.81,12.22,13.02,14.14,14.11,1.0,3.89,4.28,4.38,2.93,3.0,2.84,1.89,3.57,3.69,2.9,2.35,2.86,4.0,3.53,2.57,1.97,7.7
00-0039916,Ricky Pearsall,SF,WR,3.0,746,measured,10.3,16.39,17.47,18.26,8.5,18.51,11.8,10.37,12.14,8.66,7.99,9.68,8.59,7.01,4.05,14.67,4.75,1.21,3.09,2.71,3.43,3.92,2.58,8.82,5.1,3.17,2.1,7.04,7.06,8.28,7.73,3.45,2.74,2.46,3.14,4.72,3.79,2.76,2.77,3.52,2.86,2.65,4.47,3.32,1.0,2.64,2.26,1.34,10.59
00-0041359,Wesley Grimes,SF,WR,,0,prior,8.7,14.92,15.57,14.27,6.34,15.0,11.8,8.06,8.61,6.39,8.05,6.45,15.88,10.31,10.99,11.29,2.93,1.89,2.49,1.16,1.0,3.11,2.09,7.61,4.36,7.0,5.93,5.54,4.66,6.25,6.26,1.06,1.4,3.72,3.7,4.0,4.0,1.9,4.35,3.01,4.4,3.09,3.84,3.09,4.05,2.61,4.06,2.77,13.24
00-0041361,Will Pauling,SF,WR,,0,prior,8.7,15.59,15.6,13.54,7.1,14.96,11.8,8.22,7.83,6.26,5.23,11.18,10.67,10.31,10.99,11.29,4.56,3.27,3.1,2.51,2.25,1.0,1.65,7.61,4.36,7.0,5.93,5.54,4.66,6.25,6.26,4.92,2.53,2.6,3.47,2.24,3.54,3.68,3.63,3.04,3.25,2.32,2.97,2.42,1.33,3.83,1.12,2.16,13.51
00-0040427,Ben Scott,TB,C,,0,prior,9.9,3.93,5.7,6.09,13.11,8.13,11.8,7.64,8.3,8.52,8.2,11.65,11.17,10.31,10.99,11.29,3.52,3.65,4.05,3.95,1.93,3.21,3.49,4.27,2.9,4.59,1.14,3.5,3.38,1.78,2.9,10.55,9.98,2.35,3.08,3.64,2.35,2.3,2.7,3.69,4.56,2.01,4.26,1.8,2.42,2.95,1.73,3.37,3.06
00-0033910,Dan Feeney,TB,C,2.0,656,measured,11.1,1.9,3.0,6.1,13.39,6.46,11.8,12.57,7.5,7.71,10.05,9.64,10.93,17.99,10.99,8.19,3.48,1.94,2.84,3.77,2.15,4.46,3.07,5.02,4.36,2.26,3.77,2.59,3.1,3.91,4.31,10.29,11.72,2.74,2.36,2.95,2.53,4.01,2.77,4.07,2.35,2.67,1.72,1.57,1.1,3.17,3.75,3.48,3.58
00-0039905,Graham Barton,TB,C,1.0,1729,measured,14.0,3.9,5.64,6.04,13.13,8.1,11.8,9.94,13.7,11.5,10.1,14.03,10.53,14.01,15.08,11.29,4.6,2.11,2.42,3.36,5.29,4.6,3.08,3.22,1.0,2.23,1.92,2.18,2.55,3.09,4.4,15.81,17.23,2.83,2.36,3.31,3.06,3.17,4.09,2.68,2.49,3.58,2.5,2.73,2.69,4.35,3.95,4.98,3.92
00-0041253,Ayden Garnes,TB,CB,2.0,0,prior,9.8,15.08,15.61,13.99,6.3,14.77,11.8,10.95,11.84,8.88,5.73,8.88,14.95,10.31,10.99,11.29,2.57,3.3,5.01,2.47,2.83,3.16,2.66,1.82,3.97,1.86,3.1,3.49,2.82,1.54,2.37,5.48,2.49,3.59,3.24,3.04,2.65,8.74,12.05,14.97,7.05,7.05,9.73,6.06,2.96,3.0,2.57,3.24,18.3
00-0040747,Benjamin Morrison,TB,CB,1.0,337,measured,12.8,15.07,15.7,13.87,6.69,15.11,11.8,11.99,12.98,8.76,9.78,10.07,12.65,6.65,16.66,5.16,2.81,3.93,1.95,5.12,3.77,2.97,2.67,1.25,1.18,2.77,1.97,3.7,3.89,3.25,2.9,1.83,2.0,6.04,1.67,4.37,3.84,10.14,11.57,13.67,12.52,12.52,9.85,11.69,3.45,4.55,2.93,2.5,13.47
00-0040143,Jacob Parrish,TB,CB,1.0,688,measured,11.6,17.78,18.21,13.43,6.0,16.56,11.8,11.28,10.17,10.18,8.08,16.73,11.83,13.04,10.99,11.29,4.95,3.59,2.16,2.39,4.64,2.12,2.28,2.45,2.31,3.36,3.18,2.75,3.99,3.45,3.41,3.59,2.41,2.67,2.21,4.15,2.31,10.61,13.29,14.3,8.44,8.44,9.64,11.01,2.95,3.97,3.03,2.61,13.72
00-0039051,Josh Hayes,TB,CB,3.0,186,measured,9.6,15.07,15.69,13.88,6.64,15.06,11.8,11.16,10.17,7.63,5.76,9.81,10.71,12.51,16.64,14.53,3.67,3.18,4.16,3.1,2.63,4.41,3.82,3.08,3.88,2.88,2.17,2.2,3.72,1.49,1.97,2.67,4.53,3.46,1.0,2.34,1.81,9.27,12.7,14.99,6.49,6.49,9.83,6.0,3.71,3.0,1.31,3.55,5.38
00-0041057,Keionte Scott,TB,CB,2.0,0,prior,10.3,15.07,15.74,13.81,6.86,15.26,11.8,9.52,7.91,8.89,7.65,11.5,9.69,10.31,10.99,11.29,4.34,2.96,2.26,2.99,4.0,3.57,4.19,1.0,3.62,1.58,2.42,3.36,4.45,3.1,1.04,1.89,3.95,1.73,2.0,5.46,2.86,8.95,11.58,14.48,8.04,8.04,9.9,6.95,3.93,2.52,2.03,2.77,18.31
00-0040089,Kevin Knowles,TB,CB,3.0,77,prior,9.1,15.06,15.65,13.72,6.95,15.16,11.8,9.95,7.1,9.52,6.04,8.78,5.53,13.04,10.99,11.29,2.63,2.66,1.52,2.57,3.4,1.83,4.27,2.95,3.88,2.19,3.47,3.46,3.75,3.61,2.26,3.56,5.11,3.06,3.58,4.29,3.58,7.8,10.74,14.47,6.0,6.0,9.93,4.45,2.38,4.44,2.56,5.31,6.06
00-0035239,Sean Murphy-Bunting,TB,CB,,829,measured,10.0,15.77,16.26,13.42,7.0,17.58,11.8,11.78,8.81,6.9,10.32,8.57,8.36,8.16,13.76,15.08,4.57,3.86,1.0,2.46,1.86,3.84,1.4,1.83,2.41,3.21,3.5,2.21,5.0,3.35,3.19,3.81,1.56,3.56,4.84,3.35,2.93,5.96,6.04,12.39,7.15,7.15,9.94,8.96,2.53,3.27,1.39,2.96,3.67
00-0037268,Zyon McCollum,TB,CB,1.0,1716,measured,13.5,18.24,18.95,19.73,6.75,17.7,11.8,11.12,15.07,12.94,8.08,12.78,10.07,8.34,14.23,16.61,1.9,1.8,2.67,1.0,1.83,1.53,2.19,2.18,2.17,1.21,3.32,3.6,4.06,2.14,1.0,3.63,3.42,2.82,2.93,2.95,1.34,11.62,10.47,15.41,11.95,11.95,9.87,10.31,2.02,2.43,1.65,4.27,10.03
00-0032889,A'Shawn Robinson,TB,DT,1.0,1329,measured,10.3,2.78,4.58,4.26,11.33,6.14,11.8,12.66,9.87,8.83,11.46,11.18,8.5,7.9,13.73,18.45,2.83,3.19,4.01,3.82,3.4,3.2,3.68,2.82,4.72,1.0,1.87,3.19,3.42,3.08,3.56,2.65,3.3,3.24,11.0,9.05,8.78,10.75,16.94,9.74,1.79,2.48,2.12,2.05,2.35,2.56,3.78,2.64,3.5
00-0039063,Calijah Kancey,TB,DT,2.0,677,measured,14.1,11.23,10.86,8.09,14.0,11.87,11.8,11.09,8.87,9.79,7.82,9.78,10.96,4.39,4.95,15.94,2.38,2.79,3.64,4.14,2.69,1.64,3.21,3.37,2.56,2.24,2.72,3.97,3.41,1.47,2.37,3.13,3.87,4.01,14.85,14.93,16.16,14.67,7.99,7.35,3.91,4.3,4.73,3.0,2.35,3.51,2.59,3.1,2.62
00-0041079,DeMonte Capehart,TB,DT,3.0,0,prior,9.5,8.67,8.33,6.34,12.7,11.5,11.8,10.63,8.1,6.44,7.35,7.09,8.19,10.31,10.99,11.29,3.53,2.42,1.17,3.91,2.11,2.01,3.33,4.41,3.24,1.33,2.98,2.46,3.69,3.19,1.77,2.44,2.23,1.72,10.82,10.45,8.67,7.55,7.66,10.36,1.0,4.72,2.95,2.17,2.54,3.94,2.06,3.92,2.66
00-0041339,Deshawn McKnight,TB,DT,3.0,0,prior,9.3,7.87,9.14,8.08,13.63,11.66,11.8,9.28,5.2,7.63,6.86,10.75,9.17,10.31,10.99,11.29,3.21,1.0,2.21,3.83,5.3,4.6,3.46,3.01,2.85,3.75,3.53,4.56,2.95,2.29,2.81,2.71,2.19,2.74,9.69,8.72,8.4,7.42,7.7,9.94,3.27,3.42,2.4,4.31,2.7,1.19,1.8,2.36,2.2
00-0040183,Elijah Roberts,TB,DT,1.0,463,measured,10.6,9.6,10.8,7.78,12.6,11.65,11.8,8.31,10.09,7.68,8.66,9.57,8.91,13.04,10.99,11.29,3.04,3.1,3.02,2.05,3.46,1.04,1.08,3.19,2.39,2.03,6.15,3.17,3.26,1.8,3.47,5.69,3.06,3.18,11.25,11.25,11.65,9.56,4.55,10.11,4.17,2.4,2.2,1.14,3.49,2.12,2.89,2.66,3.12
00-0040384,Elijah Simmons,TB,DT,2.0,85,prior,7.7,4.32,5.0,3.06,15.27,7.32,11.8,6.96,7.74,6.77,6.54,11.11,9.8,13.04,10.99,11.29,1.82,2.09,3.99,3.18,2.9,3.39,3.82,1.62,3.27,3.05,4.16,1.13,2.04,3.06,2.4,2.97,2.56,3.0,6.67,3.88,6.55,7.16,6.76,9.18,3.31,3.88,2.96,4.24,1.0,2.57,3.81,3.24,4.52
00-0040105,Jayson Jones,TB,DT,,0,prior,6.3,3.67,4.95,4.0,13.09,6.88,11.8,6.82,6.52,3.33,7.44,14.05,11.11,10.31,10.99,11.29,4.07,4.25,3.73,3.16,3.15,4.12,3.76,4.69,3.04,4.01,1.0,3.36,1.88,2.98,3.17,1.0,4.85,4.84,5.54,3.29,5.41,5.16,4.16,11.61,4.32,3.09,4.72,3.25,3.99,2.95,3.6,2.86,2.86
00-0031957,Rakeem Nunez-Roches,TB,DT,2.0,818,measured,9.7,4.59,6.89,4.86,13.39,11.08,11.8,12.85,7.26,6.12,11.21,8.83,14.05,7.19,7.44,6.3,2.11,1.59,3.98,4.45,2.78,3.32,2.04,2.19,1.61,1.0,3.16,2.21,1.91,2.37,2.09,3.61,3.81,3.3,10.43,8.4,8.26,8.59,11.61,8.55,2.95,3.86,2.09,2.41,3.5,5.28,1.08,4.21,2.07
00-0034773,Vita Vea,TB,DT,1.0,1414,measured,15.0,4.08,4.01,1.62,19.4,5.11,11.8,13.36,14.75,11.63,12.96,10.94,11.59,13.68,17.55,18.5,5.96,1.84,2.98,3.03,5.1,4.58,3.59,3.04,2.93,2.21,3.61,1.87,1.98,3.19,4.48,4.11,3.03,2.14,17.35,13.03,15.7,15.18,12.06,3.27,2.94,5.13,4.38,3.11,3.11,3.35,3.14,1.87,4.01
00-0033964,Al-Quadin Muhammad,TB,EDGE,2.0,570,measured,11.4,7.06,9.17,9.3,11.33,10.06,11.8,14.34,8.57,6.65,12.57,7.87,10.85,15.41,14.16,14.57,2.34,2.05,2.72,2.93,2.18,2.89,1.52,3.52,3.69,1.95,2.57,3.38,2.72,4.45,4.78,2.19,2.61,2.25,15.11,13.77,10.71,8.32,7.59,10.44,5.8,6.8,2.5,3.49,5.08,3.23,3.26,3.75,1.66
00-0035254,Anthony Nelson,TB,EDGE,2.0,899,measured,11.6,8.54,10.5,13.8,9.0,13.48,11.8,10.56,14.12,8.89,10.44,9.46,7.67,7.96,4.79,17.52,3.8,2.13,3.58,2.37,4.28,3.78,1.61,2.43,2.53,3.3,4.11,2.68,2.32,3.36,2.43,1.84,2.28,3.27,13.57,13.57,11.1,9.83,12.25,13.48,5.8,6.8,3.27,2.52,3.82,4.48,1.11,2.8,1.9
00-0040158,David Walker,TB,EDGE,3.0,0,prior,6.9,10.92,11.96,11.49,13.39,13.57,11.8,8.22,5.39,2.97,7.15,13.41,9.27,10.31,10.99,11.29,1.88,3.22,3.89,4.06,2.53,3.0,2.09,4.05,2.14,3.07,5.54,3.15,3.74,5.1,1.23,3.36,4.25,1.59,5.35,4.65,5.0,4.98,3.98,13.34,5.8,6.8,3.13,2.75,4.52,2.15,2.28,2.55,3.44
00-0039877,Mohamed Kamara,TB,EDGE,3.0,22,prior,7.4,12.92,14.22,11.41,12.0,14.05,11.8,8.02,3.62,4.4,8.86,14.96,10.62,14.76,10.99,11.29,1.0,4.15,3.71,1.0,2.87,1.92,2.56,3.27,3.79,2.22,2.14,3.44,2.58,1.29,3.9,1.34,1.89,2.71,4.86,5.34,5.43,5.1,4.07,14.06,5.8,6.8,4.62,4.14,2.27,3.96,3.31,4.39,1.81
00-0041031,Rueben Bain Jr.,TB,EDGE,1.0,0,prior,10.6,10.02,11.3,10.1,11.79,12.58,11.8,9.72,5.6,7.29,6.45,7.19,8.2,10.31,10.99,11.29,3.51,1.81,2.48,1.0,2.28,4.38,3.54,3.52,3.23,1.0,1.97,2.67,2.41,2.43,2.23,2.43,2.34,4.35,10.52,10.06,10.74,11.09,9.74,11.2,5.8,6.8,2.7,2.67,2.43,2.51,1.34,1.0,2.82
00-0041434,Yasir Holmes,TB,EDGE,,0,prior,8.8,11.78,13.68,13.15,10.48,14.68,11.8,8.54,8.35,8.26,3.96,14.78,12.6,10.31,10.99,11.29,3.94,3.37,1.84,3.88,2.68,3.2,2.09,3.44,2.8,2.29,3.32,1.66,2.84,2.56,3.14,3.97,3.63,4.54,6.88,7.49,6.62,7.97,9.29,14.42,5.8,6.8,2.88,2.95,3.03,3.28,1.74,3.16,2.27
00-0039068,Yaya Diaby,TB,EDGE,1.0,1454,measured,14.4,14.08,14.1,10.1,11.79,15.14,11.8,11.23,15.65,13.84,9.07,7.47,13.63,15.84,10.99,11.29,2.22,2.55,3.06,2.69,3.79,2.52,4.33,3.77,3.28,3.69,1.72,2.98,4.72,4.34,4.09,2.79,3.14,2.87,13.0,13.96,15.56,17.68,16.35,10.13,5.8,6.8,1.98,3.18,4.85,1.72,2.33,3.21,3.06
00-0035358,Chase McLaughlin,TB,K,1.0,74,measured,16.8,9.4,10.58,9.51,9.88,11.84,12.18,13.24,13.08,17.42,11.63,10.74,11.5,17.99,10.99,14.09,2.06,3.02,2.58,2.53,1.98,3.94,4.79,3.2,4.66,1.85,2.51,1.34,3.31,2.8,2.91,3.37,2.68,4.23,4.13,6.26,3.7,5.5,4.21,2.3,2.39,3.97,3.47,3.39,17.37,16.31,3.27,1.6,2.86
00-0033914,Alex Anzalone,TB,LB,1.0,1727,measured,12.2,10.46,10.54,13.48,8.0,9.76,11.8,12.53,8.98,9.41,12.66,12.03,14.85,15.09,16.76,8.04,2.29,2.66,3.84,4.11,1.9,2.63,2.87,2.55,4.24,2.7,3.46,2.24,2.07,3.2,3.32,4.35,3.24,1.11,14.54,14.72,8.24,9.94,9.97,11.85,17.9,18.89,3.15,13.22,2.36,3.54,2.04,3.74,4.39
00-0041338,Caden Fordham,TB,LB,,0,prior,11.9,11.97,12.65,11.97,9.7,13.09,11.8,8.5,9.46,7.09,7.05,7.37,12.32,10.31,10.99,11.29,2.7,1.51,1.93,1.74,2.73,3.08,3.36,4.49,3.08,3.92,4.52,2.44,3.59,4.11,2.44,3.12,1.85,2.39,5.17,5.28,14.45,14.22,14.51,15.77,7.25,8.75,2.71,5.43,3.56,3.47,3.01,2.57,4.05
00-0035942,Christian Rozeboom,TB,LB,2.0,1522,measured,13.6,11.55,12.44,11.98,9.74,13.04,11.8,11.91,8.31,9.95,8.72,10.96,13.3,14.16,6.43,14.86,1.86,2.78,2.37,2.77,4.11,3.88,3.24,4.02,1.46,1.75,1.4,4.08,3.74,3.12,3.0,1.9,1.88,3.21,4.75,4.7,16.87,17.63,17.3,17.5,6.87,8.37,4.35,5.74,3.13,1.47,4.49,2.94,3.04
00-0041424,Javin Wright,TB,LB,,0,prior,12.0,12.29,13.47,13.44,8.9,13.75,11.8,9.37,8.0,9.96,4.13,13.88,12.82,10.31,10.99,11.29,1.58,3.1,2.73,2.09,2.81,1.81,3.03,3.98,3.15,3.94,2.35,3.99,1.56,1.34,2.58,3.08,4.12,3.18,4.97,5.48,14.45,14.22,14.51,15.89,7.25,8.75,2.84,5.43,2.63,3.58,1.58,2.79,2.32
00-0041502,Josiah Trotter,TB,LB,1.0,0,prior,11.4,12.16,13.1,12.44,13.85,13.75,11.8,8.45,6.66,8.64,7.47,9.12,7.73,10.31,10.99,11.29,3.2,4.63,5.01,2.16,3.58,3.18,2.53,5.03,4.2,2.72,5.16,3.95,4.29,3.46,4.14,2.17,2.7,2.36,10.34,9.07,8.99,11.01,13.11,15.77,9.42,10.92,3.06,6.45,2.94,2.54,2.54,1.61,2.66
00-0039049,SirVocea Dennis,TB,LB,2.0,948,measured,14.1,11.94,12.52,11.53,9.5,13.22,11.8,10.48,11.48,11.43,9.3,9.47,13.23,12.27,13.67,11.29,3.02,2.82,1.77,3.7,3.53,1.89,3.11,1.03,2.67,2.16,1.37,2.77,1.0,2.52,2.11,2.64,4.28,2.38,13.98,14.16,15.61,17.74,16.41,15.33,8.93,10.43,2.83,5.26,4.41,3.34,3.67,2.09,3.17
00-0038817,Evan Deckers,TB,LS,1.0,0,prior,10.3,10.6,11.56,10.69,9.71,12.54,12.62,9.26,11.18,7.78,9.52,14.72,10.47,8.14,15.08,14.86,4.17,2.46,4.26,2.92,2.24,3.5,1.84,3.95,1.09,4.17,3.24,2.97,2.75,2.89,3.75,4.05,3.07,2.57,3.14,2.28,2.82,4.29,2.17,3.98,3.36,3.21,2.3,3.97,2.63,1.92,3.01,2.3,3.23
00-0036132,Ben Bredeson,TB,OG,1.0,1715,measured,9.3,4.09,5.91,5.95,13.17,8.74,11.8,8.58,7.58,7.98,11.21,12.74,9.91,6.97,7.23,14.29,2.54,3.52,3.81,4.62,4.53,3.87,3.76,1.52,2.99,3.7,2.87,4.99,3.9,3.11,2.53,10.65,7.0,3.24,3.72,2.97,2.57,3.39,2.25,3.46,3.57,5.12,3.37,3.06,3.42,1.66,1.82,4.6,3.31
00-0041082,Billy Schrauth,TB,OG,2.0,0,prior,11.5,4.55,6.11,5.81,13.11,8.63,11.8,8.79,7.73,9.67,6.26,8.79,16.32,10.31,10.99,11.29,1.0,2.46,1.0,3.02,4.18,1.67,2.67,2.1,2.22,3.25,3.71,2.3,2.79,3.18,2.96,9.67,15.5,1.93,1.33,2.26,4.93,3.42,1.93,2.24,2.3,3.59,4.5,3.67,3.88,2.78,2.55,3.07,2.69
00-0039157,Cody Mauch,TB,OG,1.0,1312,measured,13.3,5.6,7.0,9.32,12.99,9.05,11.8,11.83,12.84,9.02,7.79,7.94,6.48,15.84,10.99,15.11,1.47,3.77,2.38,4.11,3.57,2.65,2.23,3.0,1.8,3.3,2.35,2.43,2.77,3.76,3.05,17.9,10.47,2.31,3.34,2.93,1.97,2.2,2.67,2.93,2.43,2.63,2.59,3.08,3.42,1.86,2.39,2.51,3.0
00-0041255,Henry Lutovsky,TB,OG,,0,prior,11.5,4.02,6.1,6.42,13.22,9.17,11.8,10.51,11.21,8.15,6.7,10.79,8.78,10.31,10.99,11.29,3.2,1.25,2.46,2.33,2.65,3.73,2.32,4.23,4.07,2.82,4.29,4.62,3.75,3.57,2.56,13.04,10.83,3.8,3.99,4.55,2.42,3.91,2.32,1.97,3.5,1.0,5.24,4.96,2.51,1.09,3.59,2.27,3.18
00-0038818,Luke Haggard,TB,OG,3.0,223,measured,11.2,4.29,6.69,8.09,13.04,9.45,11.8,9.27,8.18,7.62,7.95,11.47,9.77,7.07,6.08,5.58,2.19,4.06,1.53,2.51,3.72,3.48,2.58,3.29,4.0,2.96,2.65,2.82,4.65,3.81,4.47,10.38,12.87,3.24,2.01,2.58,1.85,3.85,2.62,2.73,4.74,3.83,2.32,1.94,3.65,4.09,4.1,2.76,4.0
00-0040417,Benjamin Chukwuma,TB,OT,2.0,139,measured,11.5,4.63,6.51,5.87,12.14,8.95,11.8,8.41,7.15,10.35,5.98,10.92,11.97,13.04,10.99,11.29,2.41,4.0,2.23,2.09,4.26,1.85,3.36,2.91,3.18,4.05,2.39,3.98,2.53,1.84,1.94,9.9,15.32,4.89,2.66,2.46,1.0,2.79,2.67,2.14,2.79,2.71,5.54,2.43,2.64,1.31,2.32,5.1,3.88
00-0034989,Justin Skule,TB,OT,2.0,766,measured,11.6,3.77,5.56,4.72,12.04,8.11,11.8,10.83,9.29,5.93,8.92,13.36,13.58,15.12,15.23,11.29,2.41,5.08,1.0,2.33,2.83,2.83,2.59,3.45,3.81,3.49,4.2,2.96,5.1,4.13,3.93,10.53,15.11,1.62,1.63,3.55,2.24,1.94,1.14,2.93,4.01,3.73,3.01,2.26,3.83,3.26,4.17,4.7,3.0
00-0037835,Luke Goedeke,TB,OT,1.0,1660,measured,13.4,4.94,6.74,5.73,13.39,9.21,11.8,11.7,9.58,8.16,9.64,18.55,13.54,11.79,7.37,14.67,2.31,4.71,2.94,3.67,2.47,4.18,1.81,3.51,3.36,3.73,2.74,4.37,4.88,1.97,5.09,12.77,17.16,2.5,4.14,2.08,1.0,2.7,1.97,3.02,2.67,2.84,1.19,3.58,3.15,3.15,2.85,2.61,3.42
00-0041583,Paul Rubelt,TB,OT,,0,prior,10.2,3.32,5.54,6.42,10.21,7.93,11.8,8.5,8.32,4.14,4.13,12.01,8.99,10.31,10.99,11.29,3.15,2.89,4.62,1.99,2.39,3.09,3.01,2.45,3.44,2.77,3.97,3.16,2.74,3.9,3.95,11.01,11.55,2.93,4.34,2.61,2.21,4.19,3.51,2.77,1.0,2.94,2.65,3.99,3.84,2.44,2.89,1.92,2.48
00-0036406,Tristan Wirfs,TB,OT,1.0,1829,measured,15.4,8.67,11.58,6.6,12.46,14.96,11.8,11.35,14.69,11.81,10.5,6.72,12.47,8.2,5.59,7.38,2.97,2.4,3.2,4.21,2.7,1.92,3.98,5.43,3.46,4.44,2.5,2.25,3.8,3.26,1.85,16.23,19.4,3.25,1.83,3.3,1.91,2.31,2.21,3.44,2.46,3.87,2.33,2.28,2.62,2.15,3.29,3.4,2.91
00-0032943,Riley Dixon,TB,P,1.0,99,measured,14.4,4.37,7.24,8.21,10.13,10.62,12.12,13.98,8.84,14.68,10.96,14.1,1.17,17.99,10.99,11.29,2.27,2.65,2.51,1.48,2.95,4.72,3.96,3.34,4.14,3.25,3.38,3.91,3.85,3.3,1.63,4.72,1.38,1.11,2.2,3.42,3.23,3.89,2.5,3.72,2.82,2.13,5.36,2.45,2.4,2.24,9.43,19.3,3.5
00-0034855,Baker Mayfield,TB,QB,1.0,2189,measured,12.5,7.61,8.01,12.48,10.08,8.39,11.8,13.46,12.52,11.25,12.31,10.8,13.81,13.94,13.78,17.45,14.29,13.77,10.81,9.35,15.04,12.17,14.54,8.29,3.32,12.73,4.21,3.84,2.96,2.23,2.14,4.9,3.87,1.2,2.49,3.07,2.4,4.06,1.79,3.44,2.95,2.68,2.66,4.33,2.71,3.89,4.75,1.0,1.34
00-0035282,Easton Stick,TB,QB,,136,measured,8.3,10.95,11.45,17.31,10.08,12.09,11.8,9.74,7.45,6.48,10.49,9.84,10.05,12.15,10.99,11.29,10.68,6.69,10.03,9.01,6.37,5.93,7.65,6.22,2.27,1.0,2.87,3.55,1.74,4.02,2.47,2.2,2.38,2.42,2.76,3.53,4.85,4.84,3.46,1.46,3.77,3.73,2.44,5.18,1.92,2.75,3.85,4.15,2.12
00-0041251,Jalon Daniels,TB,QB,2.0,0,prior,7.9,11.54,10.77,12.29,10.08,10.81,11.8,7.23,7.51,3.81,6.29,5.63,11.93,10.31,10.99,11.29,10.13,7.77,8.11,6.66,7.03,8.55,6.8,7.88,4.49,4.63,2.27,3.32,1.85,3.17,1.77,3.42,2.24,2.23,2.99,3.72,4.34,5.06,3.63,1.56,2.05,4.59,4.46,1.0,2.55,1.61,2.64,2.45,3.06
00-0039361,Bucky Irving,TB,RB,1.0,724,measured,12.3,13.29,12.44,14.26,7.64,10.22,11.8,10.1,10.18,11.61,11.09,12.47,12.29,7.25,4.24,18.89,2.06,3.72,2.46,1.92,2.22,2.94,3.01,10.11,11.36,14.08,11.44,13.71,2.74,12.4,10.55,2.48,10.52,3.48,3.39,1.81,2.35,3.71,2.31,3.49,3.06,2.04,3.98,4.45,2.08,4.4,3.89,2.53,9.23
00-0040429,Josh Williams,TB,RB,,7,prior,8.1,13.35,13.6,13.47,8.95,13.54,11.8,9.41,4.91,8.13,5.99,14.92,5.76,4.46,5.94,11.29,2.13,2.97,1.0,2.78,2.96,3.74,2.31,9.22,5.33,5.34,5.36,5.53,2.92,4.37,5.51,1.0,5.82,1.0,2.59,1.55,3.13,2.16,2.48,4.92,2.87,2.81,4.66,2.23,1.45,2.05,1.75,5.72,14.27
00-0036919,Kenny Gainwell,TB,RB,2.0,842,measured,13.9,16.16,15.23,14.03,10.67,13.71,11.8,11.29,12.26,10.33,9.13,13.0,6.91,16.63,14.35,11.29,2.6,2.03,3.5,2.38,4.02,2.86,1.4,10.6,13.25,14.36,14.98,17.66,4.18,12.66,12.15,1.65,4.9,2.65,3.6,4.17,4.16,3.67,2.35,3.52,3.35,2.68,2.1,1.66,3.1,2.32,2.57,2.24,11.24
00-0038951,Sean Tucker,TB,RB,3.0,247,measured,12.8,14.05,14.23,13.6,8.4,13.82,11.8,12.8,11.1,9.38,5.74,10.69,13.94,15.84,10.99,11.29,2.44,2.71,2.26,3.48,3.33,4.16,4.1,12.3,15.52,9.18,13.52,13.25,1.84,9.59,9.63,6.19,5.5,7.19,2.21,1.17,5.02,4.03,3.99,1.49,3.73,2.88,2.11,3.33,4.03,4.2,1.09,4.7,10.32
00-0036411,Antoine Winfield Jr.,TB,S,1.0,1758,measured,13.3,15.45,15.8,15.67,8.11,15.03,11.8,11.12,10.05,15.19,11.8,8.32,9.35,7.66,4.18,17.58,3.34,2.37,5.18,3.02,4.32,3.64,2.34,2.87,3.72,2.02,4.23,3.56,3.14,3.07,2.71,3.61,2.28,3.36,2.2,3.53,4.94,16.0,15.25,18.42,9.27,10.27,9.29,15.12,3.1,2.18,2.84,3.17,9.8
00-0036993,Ifeatu Melifonwu,TB,S,,764,measured,12.6,14.77,17.43,12.94,8.0,18.75,11.8,10.09,12.22,9.98,8.55,7.35,11.16,6.21,6.25,17.76,3.88,2.67,4.24,2.64,3.64,3.33,2.58,4.0,3.03,2.77,3.64,2.93,2.6,4.17,2.5,4.47,3.19,3.56,2.09,2.8,1.54,13.57,12.33,13.85,10.64,11.64,9.26,16.08,2.59,2.79,3.17,3.92,9.8
00-0040425,JJ Roberts,TB,S,,0,prior,7.8,13.94,14.63,14.01,7.3,14.24,11.8,7.93,4.17,4.75,8.81,14.66,14.68,10.31,10.99,11.29,4.28,4.95,2.44,3.91,3.62,3.54,2.99,1.75,2.27,2.76,2.08,2.82,3.15,1.63,2.08,2.59,2.39,3.14,3.43,2.47,2.03,8.92,6.36,9.85,4.88,5.88,9.05,5.88,2.82,1.63,4.17,1.94,9.8
00-0032399,Miles Killebrew,TB,S,2.0,52,prior,8.9,9.67,12.64,13.27,11.33,15.07,11.8,12.74,5.21,6.26,12.11,14.18,9.08,5.22,16.96,11.29,3.13,1.0,3.15,2.99,2.77,3.97,4.88,3.7,2.65,3.21,1.56,4.89,2.74,3.94,3.52,2.04,3.16,2.48,1.3,2.76,3.12,13.19,12.54,8.18,5.07,6.07,10.26,5.97,1.54,4.58,3.03,3.03,9.8
00-0040992,Silas Walters,TB,S,,0,prior,10.7,13.99,14.93,13.75,7.56,14.59,11.8,8.46,9.82,9.26,4.91,14.24,13.9,10.31,10.99,11.29,3.85,1.56,2.99,2.65,4.11,2.62,3.2,2.54,6.41,1.91,3.34,4.44,2.6,2.67,4.63,4.3,2.7,3.28,4.67,3.15,4.78,9.26,10.27,15.37,8.81,9.81,9.13,11.16,3.63,1.97,1.39,3.31,9.8
00-0039846,Tykee Smith,TB,S,1.0,1222,measured,17.2,15.24,14.71,15.25,8.08,14.5,11.8,13.4,12.88,15.58,8.96,10.37,12.82,8.32,15.11,14.68,3.63,3.64,4.44,1.86,3.18,3.1,3.72,3.62,2.97,1.64,2.64,1.0,5.41,1.14,2.29,2.08,2.62,4.02,3.76,1.92,3.08,18.65,18.67,15.58,18.8,19.23,9.28,15.89,1.89,3.42,2.86,2.23,9.8
00-0041592,Xavier Williams,TB,S,,0,prior,10.7,13.38,14.24,14.73,8.68,14.8,11.8,8.89,6.65,8.55,4.76,5.1,9.53,10.31,10.99,11.29,1.78,2.24,3.18,3.43,4.14,3.04,3.28,3.76,4.2,3.29,3.98,4.69,3.85,5.24,1.64,3.78,3.39,4.98,2.68,2.7,1.46,9.26,10.27,15.12,8.81,9.81,9.46,11.16,3.19,2.98,3.24,3.22,9.8
00-0041094,Bauer Sharp,TB,TE,4.0,0,prior,9.2,11.85,12.91,12.06,10.0,13.85,11.8,8.15,8.62,5.91,6.73,11.52,14.25,10.31,10.99,11.29,5.09,2.24,3.1,3.72,1.55,2.82,3.1,8.72,1.26,6.81,9.47,8.42,8.56,8.19,7.91,9.91,8.84,7.75,3.55,1.0,3.06,3.1,4.52,2.34,2.03,3.36,2.91,1.46,2.86,3.09,3.57,5.61,4.27
00-0040566,CJ Dippre,TB,TE,,15,prior,9.8,10.92,12.46,11.71,16.16,13.63,11.8,8.08,4.71,9.14,4.53,8.32,7.41,13.04,10.99,11.29,2.74,2.46,2.22,2.78,2.25,3.34,3.18,6.46,4.78,3.85,6.51,16.32,5.76,4.27,4.27,9.14,10.85,6.98,3.32,3.86,3.89,3.86,4.25,3.16,2.48,2.79,3.59,4.42,2.61,3.69,2.52,2.96,1.44
00-0038129,Cade Otton,TB,TE,1.0,1904,measured,11.6,10.85,12.17,12.01,9.53,13.27,11.8,11.82,8.13,9.99,10.58,5.72,9.98,12.25,7.15,11.29,2.22,2.36,2.41,2.42,4.33,2.38,2.35,9.88,1.68,13.34,16.0,9.84,16.16,9.56,8.91,11.96,13.3,9.8,4.75,3.38,3.03,1.95,3.17,4.77,4.06,2.85,3.15,3.66,1.22,4.49,3.9,2.69,2.39
00-0037311,Ko Kieft,TB,TE,3.0,168,measured,8.9,9.68,11.08,11.14,11.32,12.31,11.8,9.21,7.02,5.61,7.47,9.17,12.89,15.45,14.42,16.1,4.11,3.62,3.28,2.63,3.81,3.19,4.98,8.14,2.68,4.95,7.6,13.82,6.78,5.58,5.54,7.72,10.13,5.56,4.7,3.64,3.4,2.29,1.76,2.12,1.7,3.73,2.77,4.41,2.53,1.65,3.55,4.38,1.28
00-0039050,Payne Durham,TB,TE,2.0,646,measured,9.6,8.4,10.45,11.75,10.02,13.22,11.8,10.2,3.0,8.36,8.52,8.47,14.59,14.45,15.35,14.86,3.37,2.4,3.36,3.12,2.56,4.56,2.98,7.35,2.74,11.38,14.04,7.2,8.83,8.13,10.15,9.74,12.03,7.58,3.18,1.81,4.63,3.49,2.57,2.77,1.98,2.55,3.2,4.22,1.47,3.34,2.3,2.59,2.84
00-0033921,Chris Godwin Jr.,TB,WR,1.0,1029,measured,15.0,15.34,15.81,15.05,9.5,14.63,11.8,16.4,10.77,15.84,12.52,9.88,11.0,5.1,4.67,17.84,3.07,2.05,2.27,2.75,4.1,4.73,2.11,10.46,15.48,17.91,16.83,16.43,15.61,13.41,12.41,2.9,2.42,3.76,2.07,3.53,3.7,1.17,2.15,2.18,2.56,3.06,5.35,2.63,2.84,2.43,4.39,2.96,13.26
00-0035359,David Sills,TB,WR,3.0,530,measured,7.9,11.85,11.6,12.75,7.0,14.03,11.8,10.43,7.52,9.04,7.81,16.97,8.05,15.4,10.99,11.29,1.96,2.15,3.76,1.24,2.27,2.21,3.32,6.18,5.15,9.1,8.03,5.61,6.73,4.88,6.74,5.66,3.35,1.55,2.11,2.8,1.96,3.4,3.31,3.14,3.32,3.66,2.61,4.54,2.76,3.17,3.39,3.5,12.22
00-0041435,Dean Patterson IV,TB,WR,,0,prior,8.6,14.68,15.41,14.03,6.66,15.03,11.8,8.84,7.82,6.29,5.66,9.09,11.98,10.31,10.99,11.29,3.27,3.74,4.01,2.79,1.92,4.26,2.35,7.61,4.36,7.0,5.93,5.54,4.66,6.25,6.26,2.24,2.2,1.76,2.45,1.66,2.6,1.12,4.19,2.74,3.98,4.29,2.34,3.85,3.53,3.72,3.08,4.46,13.14
00-0040129,Emeka Egbuka,TB,WR,1.0,816,measured,11.4,14.45,15.19,13.54,7.28,15.08,11.8,8.19,10.47,13.22,7.01,9.63,12.06,13.04,10.99,17.32,2.42,3.03,2.43,3.4,3.79,1.27,3.07,18.38,12.09,13.0,11.92,6.67,6.49,12.79,12.18,2.02,2.13,3.93,3.12,1.09,4.24,3.87,2.17,2.06,3.25,2.32,2.91,2.27,2.18,2.68,3.08,2.8,9.98
00-0041257,Eric Rivers Jr.,TB,WR,,0,prior,9.3,17.78,17.8,14.13,6.35,16.12,11.8,9.39,9.88,9.36,6.94,6.25,9.29,10.31,10.99,11.29,3.58,2.35,1.53,3.31,4.31,2.34,3.7,7.61,4.36,7.0,5.93,5.54,4.66,6.25,6.26,2.42,2.73,2.96,3.29,4.82,2.54,1.88,1.05,2.84,2.91,3.08,2.37,3.13,3.95,3.2,1.7,1.88,14.38
00-0040419,Garrett Greene,TB,WR,,0,prior,9.6,14.67,15.18,13.21,7.63,15.07,11.8,10.54,10.53,9.73,7.06,8.69,13.0,10.31,10.99,11.29,2.48,3.51,3.54,3.6,3.8,5.76,5.1,11.77,10.15,16.06,14.98,13.55,3.6,3.59,3.59,3.18,2.19,4.6,2.95,2.94,2.47,3.3,4.02,1.84,2.45,4.42,4.22,3.71,1.95,2.83,2.1,3.38,10.2
00-0039855,Jalen McMillan,TB,WR,1.0,545,measured,13.4,15.01,16.32,14.74,6.45,16.12,11.8,11.69,13.63,11.82,6.87,10.12,8.67,4.53,14.31,7.69,1.18,2.7,1.67,2.45,2.43,4.54,3.04,15.43,10.78,12.82,11.75,15.84,9.91,10.91,12.07,2.94,1.5,3.55,3.98,3.1,2.66,3.15,2.69,3.36,4.23,2.36,3.01,2.76,2.34,2.52,3.82,2.48,12.83
00-0039589,Kameron Johnson,TB,WR,2.0,122,measured,10.7,16.21,16.07,14.41,5.97,14.87,11.8,9.9,9.47,10.3,7.97,10.3,10.71,6.9,7.58,16.61,4.07,1.81,2.01,1.36,2.79,3.94,4.93,11.74,5.96,10.94,9.86,11.2,5.74,7.0,7.57,3.18,1.25,2.42,4.64,3.4,3.77,4.15,1.24,3.4,3.09,2.62,2.91,3.55,4.25,3.26,2.72,3.38,15.34
00-0041048,Ted Hurst III,TB,WR,2.0,0,prior,9.9,14.91,15.64,14.53,6.03,14.99,11.8,8.99,6.3,10.06,5.69,14.13,12.94,10.31,10.99,11.29,4.86,3.83,3.08,2.22,2.25,2.17,3.08,13.46,5.65,7.22,6.14,8.16,5.89,7.65,7.92,5.24,2.62,4.08,4.35,2.05,2.96,2.02,5.07,2.31,2.45,1.69,2.75,2.78,3.31,2.47,2.67,2.78,14.76
00-0040237,Tez Johnson,TB,WR,2.0,460,measured,10.8,14.08,16.56,17.24,5.65,16.53,11.8,11.56,12.0,5.38,7.65,17.97,11.11,13.04,10.99,11.29,2.84,2.71,3.04,1.74,2.69,3.9,2.79,12.12,5.33,6.71,5.63,9.87,7.39,8.98,7.94,2.49,2.9,3.85,1.33,1.93,2.22,2.29,1.83,3.81,2.39,3.4,2.41,2.77,3.39,3.27,3.56,4.43,15.14
00-0034112,Austin Schlottmann,TEN,C,1.0,427,measured,11.6,2.33,4.42,4.81,12.78,6.86,11.8,11.37,9.33,10.55,13.32,16.38,9.27,17.99,10.99,4.32,2.67,1.82,3.97,3.99,3.38,1.24,4.11,2.28,4.16,3.39,4.47,4.95,3.61,4.22,4.94,16.35,8.8,1.0,3.15,2.13,2.71,1.59,2.17,3.47,2.06,3.51,3.97,3.14,5.16,4.17,3.22,3.65,4.36
00-0040893,Pat Coogan,TEN,C,2.0,0,prior,10.0,3.9,5.64,6.04,13.13,8.1,11.8,7.48,10.43,7.23,4.99,13.97,8.38,10.31,10.99,11.29,3.49,3.91,1.63,3.03,4.1,3.31,4.2,1.81,3.07,3.97,3.13,1.9,2.68,4.3,2.68,9.96,11.08,2.96,3.9,5.0,3.91,3.32,3.12,2.66,4.11,3.04,2.27,2.67,2.2,2.49,3.08,2.93,1.0
00-0038121,Alontae Taylor,TEN,CB,1.0,2056,measured,13.5,17.55,17.92,13.85,6.95,14.74,11.8,11.86,9.28,13.31,10.48,10.6,5.21,14.42,14.16,17.12,4.0,1.87,2.89,4.35,4.57,2.15,4.62,2.36,1.91,2.1,3.94,2.59,4.41,3.04,2.07,3.86,4.87,3.6,2.82,1.79,1.0,7.62,10.92,11.48,12.34,12.34,9.93,13.5,2.59,5.43,2.82,1.66,11.01
00-0037758,Cordale Flott,TEN,CB,1.0,1376,measured,14.1,15.11,15.55,14.28,5.59,14.34,11.8,11.53,11.73,16.2,10.71,12.29,7.04,7.46,17.49,4.47,1.53,4.03,3.23,2.44,2.24,2.4,3.65,3.53,2.38,4.15,3.15,1.0,2.96,4.08,2.53,4.12,4.62,2.03,2.28,3.28,2.37,3.24,5.21,10.63,15.97,15.97,9.52,12.1,2.98,1.98,4.94,2.96,10.62
00-0038620,Erick Hallett,TEN,CB,,138,measured,9.8,15.04,15.79,13.54,7.52,15.65,11.8,11.09,8.3,9.74,6.83,3.95,9.72,13.04,10.99,11.29,2.57,3.09,3.14,3.22,2.98,3.04,3.38,3.2,4.6,2.49,4.08,3.32,3.22,3.64,3.76,1.61,3.45,2.63,2.74,1.99,2.2,10.9,14.93,14.68,6.8,6.8,10.1,5.45,2.76,1.0,3.86,4.17,5.19
00-0040917,Jalen McMurray,TEN,CB,,0,prior,8.5,15.06,15.61,13.77,6.78,15.01,11.8,7.62,7.87,4.29,7.44,9.59,6.63,10.31,10.99,11.29,2.71,4.22,1.64,3.75,2.87,2.97,4.08,4.83,3.7,1.67,3.08,2.76,3.81,2.5,4.12,1.0,4.5,5.11,3.08,2.56,3.49,7.37,11.98,14.62,4.56,4.56,9.88,3.77,2.26,4.55,3.48,2.24,6.16
00-0038407,Jaylon Jones,TEN,CB,2.0,1273,measured,9.7,12.92,13.97,14.24,7.0,15.85,11.8,8.65,10.23,9.67,9.53,6.56,12.38,7.28,18.35,11.29,2.11,3.7,2.79,3.53,3.02,4.99,2.59,1.76,2.82,2.58,4.01,2.8,3.07,3.63,1.51,3.04,2.83,2.9,3.74,3.95,3.75,10.53,10.36,12.64,7.65,7.65,9.94,6.99,4.22,3.13,3.65,3.88,15.92
00-0038043,Joshua Williams,TEN,CB,2.0,415,measured,10.1,13.66,14.86,14.11,6.55,15.05,11.8,9.92,8.18,11.14,8.0,8.29,15.2,16.96,10.99,11.29,4.0,3.67,3.38,1.0,3.31,4.24,2.53,3.45,2.33,4.11,2.6,2.51,1.11,2.3,1.9,3.99,2.67,4.03,2.54,2.1,2.85,9.77,9.17,11.01,8.27,8.27,9.81,7.45,2.39,1.78,1.19,4.84,14.76
00-0040201,Marcus Harris,TEN,CB,1.0,316,measured,11.8,15.47,15.89,13.7,7.01,15.21,11.8,10.55,10.86,11.6,7.85,11.72,9.85,8.04,18.63,15.41,3.47,2.8,3.23,2.38,2.15,2.55,2.46,2.71,2.56,1.47,3.65,3.07,4.09,3.0,1.51,2.75,2.63,4.19,4.5,2.25,3.26,10.45,11.25,14.98,10.53,10.53,9.94,9.56,2.14,3.39,2.11,3.5,12.81
00-0040020,Micah Robinson,TEN,CB,2.0,60,prior,10.4,15.07,15.57,13.83,6.61,14.87,11.8,10.38,7.78,9.59,5.81,9.43,10.55,13.04,10.99,15.41,3.87,2.35,2.61,2.96,2.49,3.06,2.75,2.57,2.5,1.49,2.04,3.12,2.94,3.13,2.31,2.32,3.57,4.3,1.79,1.64,2.19,10.91,12.96,15.77,8.17,8.17,9.82,6.74,4.59,3.89,1.7,3.55,16.7
00-0039292,Shemar Bartholomew,TEN,CB,,43,prior,9.5,15.07,15.88,13.83,7.0,15.54,11.8,8.53,8.73,9.79,7.65,8.91,8.14,14.76,10.99,11.29,1.0,2.25,3.91,3.39,1.17,1.0,2.09,1.32,3.93,3.65,3.8,4.05,1.35,4.44,3.81,2.45,4.32,3.16,1.64,1.0,3.53,9.65,12.52,14.81,6.43,6.43,9.94,5.12,4.07,3.43,1.54,1.59,5.4
00-0040892,Jackie Marshall,TEN,DT,2.0,0,prior,9.1,8.27,8.95,7.07,13.48,10.74,11.8,8.27,4.86,8.51,4.96,9.3,9.21,10.31,10.99,11.29,3.44,2.42,2.85,3.17,3.16,3.56,3.38,3.48,4.19,2.02,2.15,4.31,1.29,2.22,3.41,4.29,1.05,5.14,8.27,7.5,7.99,8.32,8.72,8.66,2.6,2.94,2.84,2.87,2.38,1.89,3.67,3.83,4.09
00-0035643,Jeffery Simmons,TEN,DT,1.0,1495,measured,15.8,5.82,7.19,6.49,12.92,9.28,11.8,14.43,15.26,13.89,12.19,9.8,10.45,8.4,7.24,16.55,1.89,3.11,2.41,4.14,3.2,3.11,3.28,2.64,1.17,3.45,2.87,5.2,2.19,2.75,1.66,2.36,3.43,1.93,17.07,15.63,18.34,17.09,17.42,9.3,1.92,2.78,1.15,2.49,2.36,1.8,3.86,1.7,4.69
00-0036266,Jordan Elliott,TEN,DT,1.0,888,measured,9.3,6.12,6.5,5.0,12.46,7.74,11.8,8.85,8.33,5.45,12.77,11.21,5.75,15.13,16.94,17.78,1.81,3.04,3.49,2.79,2.38,4.03,3.6,3.28,2.64,1.23,2.15,3.71,3.57,3.15,2.54,1.71,2.66,4.33,7.98,6.81,9.47,10.53,8.05,8.51,2.4,2.77,1.99,2.41,3.05,2.74,3.66,3.18,4.09
00-0040762,Laki Tasi,TEN,DT,,0,prior,6.3,1.14,2.17,1.0,14.13,3.64,11.8,7.51,2.33,8.52,6.43,4.27,11.3,10.31,10.99,11.29,2.54,1.83,2.53,1.13,2.31,1.97,2.41,4.05,4.27,3.28,2.48,3.9,3.11,1.13,1.62,1.88,3.82,2.97,6.16,2.66,5.41,5.16,4.16,10.6,3.28,4.28,2.94,2.99,3.11,1.48,2.75,4.12,2.78
00-0040041,Nazir Stackhouse,TEN,DT,3.0,147,measured,8.1,4.67,5.93,4.67,13.61,7.99,11.8,6.37,7.52,3.91,5.08,15.71,10.85,13.04,10.99,11.29,3.49,4.01,4.24,3.82,1.57,1.22,2.72,2.27,1.74,2.55,3.43,2.1,3.26,3.29,1.28,2.2,3.45,3.43,8.32,6.24,7.83,6.51,5.86,11.66,2.55,3.0,2.48,2.91,3.49,2.67,3.47,4.36,2.38
00-0033870,Solomon Thomas,TEN,DT,2.0,860,measured,13.6,9.86,12.89,12.97,15.24,13.84,11.8,12.81,10.08,8.52,7.98,10.35,13.26,15.36,16.85,7.78,3.01,1.0,2.79,1.86,2.34,4.34,3.58,2.13,2.87,2.61,3.6,1.83,2.66,4.02,2.71,3.23,3.24,2.54,15.83,14.99,14.26,10.63,9.59,10.5,2.96,2.26,2.91,3.63,3.83,2.46,3.08,5.38,2.99
00-0037585,Timmy Horne,TEN,DT,,23,prior,7.7,5.42,6.72,5.89,13.14,8.84,11.8,7.89,3.6,5.57,8.77,15.42,14.09,12.5,10.99,11.29,3.73,2.27,3.62,4.43,3.49,3.3,3.08,2.78,3.76,3.85,3.39,1.93,2.55,3.02,3.13,2.02,4.03,4.9,6.65,5.0,8.3,6.54,4.47,12.07,1.0,2.52,2.94,4.64,3.82,2.59,2.81,1.35,2.76
00-0034163,Jacob Martin,TEN,EDGE,2.0,876,measured,11.4,9.66,10.87,9.93,11.72,12.18,11.8,13.0,11.44,10.31,7.81,12.6,2.1,11.98,14.16,7.13,3.15,3.97,2.4,3.07,2.01,3.22,1.71,2.68,2.2,3.89,5.04,4.28,2.72,2.27,2.83,3.32,1.91,5.83,13.16,12.6,10.79,9.69,8.13,12.01,5.8,6.8,4.42,2.47,2.42,2.75,3.74,2.15,2.26
00-0034264,Jalyn Holmes,TEN,EDGE,,429,measured,9.4,8.15,9.76,8.65,12.92,11.3,11.8,11.23,6.38,7.59,11.4,11.01,8.37,11.98,7.33,7.62,4.23,4.32,1.04,2.65,3.24,3.62,2.89,2.65,3.52,4.06,2.96,2.33,2.33,1.29,2.5,1.99,2.05,1.0,9.81,8.3,9.03,9.32,9.33,10.83,5.8,6.8,3.41,2.57,3.12,1.84,2.71,2.94,3.76
00-0039436,Jaylen Harrell,TEN,EDGE,4.0,520,measured,8.7,10.89,11.94,11.63,11.0,14.87,11.8,10.14,8.2,7.14,9.35,10.43,8.55,14.76,10.99,11.29,2.15,1.0,2.72,4.53,3.44,1.45,1.66,2.8,1.96,4.87,2.82,2.92,2.05,3.27,3.16,2.17,2.64,4.58,7.82,7.94,8.18,7.39,5.13,13.15,5.8,6.8,2.25,2.99,3.71,1.41,2.49,1.69,1.96
00-0037663,Jermaine Johnson II,TEN,EDGE,1.0,987,measured,11.5,12.74,14.61,11.98,10.7,13.25,11.8,12.23,7.6,9.27,11.03,7.41,12.1,5.38,13.62,4.97,2.77,3.71,3.07,1.91,2.57,1.0,2.64,1.95,3.82,4.17,2.0,2.27,3.69,4.1,2.31,4.08,1.0,3.23,9.91,10.78,11.53,12.04,11.52,13.04,5.8,6.8,3.02,2.67,2.24,3.46,3.82,3.23,3.56
00-0034805,John Franklin-Myers,TEN,EDGE,1.0,1079,measured,15.4,9.32,9.57,9.02,13.39,11.43,11.8,12.12,16.04,12.02,12.81,7.08,12.19,17.99,10.99,13.84,1.22,2.12,2.95,3.73,4.22,1.35,3.23,5.52,1.1,2.79,3.61,3.67,4.25,2.29,2.35,1.7,2.52,1.76,18.05,16.79,17.65,18.37,12.82,6.46,5.8,6.8,2.48,3.64,2.92,5.2,2.91,3.08,1.94
00-0041508,Keldric Faulk,TEN,EDGE,2.0,0,prior,9.4,9.68,11.09,10.03,11.46,13.43,11.8,10.19,6.91,7.75,6.5,9.81,7.85,10.31,10.99,11.29,3.59,3.64,2.52,3.09,4.17,3.36,2.51,1.72,3.8,2.52,2.5,3.91,3.6,2.64,3.65,3.26,3.99,3.64,9.18,8.72,8.6,9.02,9.28,11.55,5.8,6.8,2.63,2.43,3.87,4.04,4.61,4.5,2.76
00-0040752,Oluwafemi Oladejo,TEN,EDGE,3.0,212,measured,8.7,10.67,12.33,11.06,10.0,14.82,11.8,7.78,7.79,9.08,8.24,11.77,13.76,4.85,5.47,11.29,2.82,2.31,3.3,2.42,4.27,3.98,1.0,3.61,3.04,1.67,1.27,1.7,2.18,3.19,3.04,3.66,3.09,1.99,7.45,7.84,8.13,8.44,6.11,14.0,5.8,6.8,3.0,2.42,3.94,2.57,2.44,2.35,5.38
00-0033902,Tanoh Kpassagnon,TEN,EDGE,4.0,298,measured,9.4,7.45,11.98,6.84,12.0,11.13,11.8,12.86,7.6,4.56,11.91,9.68,14.08,13.74,6.54,4.38,3.16,3.05,4.14,3.16,2.51,3.52,2.41,2.37,3.11,1.74,1.4,4.28,3.44,3.65,1.8,4.02,3.97,1.89,10.24,8.8,9.09,8.24,6.23,10.25,5.8,6.8,3.66,1.71,3.34,3.12,3.38,2.97,3.94
00-0038514,Truman Jones,TEN,EDGE,3.0,104,measured,8.3,10.9,12.39,11.41,11.27,13.46,11.8,9.09,4.47,8.58,8.61,11.56,14.26,14.76,10.99,11.29,2.77,3.76,2.62,1.73,3.77,3.32,5.29,3.69,2.87,3.56,3.43,4.33,3.43,2.89,1.89,4.0,3.55,1.22,6.51,6.54,7.02,8.45,7.56,13.56,5.8,6.8,3.92,2.9,3.28,1.85,3.66,2.42,4.25
00-0035192,Joey Slye,TEN,K,1.0,69,measured,14.8,9.4,10.58,9.51,9.88,11.84,13.79,11.91,12.83,11.21,12.02,15.87,12.13,15.36,16.85,11.29,3.45,2.95,4.29,3.42,3.21,4.45,3.08,2.39,3.32,3.34,3.54,1.89,2.65,2.34,3.31,3.11,4.22,3.32,2.74,2.55,2.35,3.62,3.23,3.83,1.89,4.97,3.14,1.4,15.83,13.74,4.53,3.63,4.19
00-0041479,Anthony Hill Jr.,TEN,LB,2.0,0,prior,11.8,14.08,15.33,12.93,10.67,15.84,11.8,7.68,10.93,9.42,4.86,12.31,13.26,10.31,10.99,11.29,3.33,2.41,4.79,3.25,3.16,4.27,1.63,2.74,3.74,2.37,3.21,2.78,3.6,1.84,5.1,2.55,3.18,2.85,12.6,13.12,11.23,12.74,15.12,16.47,4.4,5.9,3.11,2.89,1.49,1.0,2.82,2.39,2.15
00-0039858,Cedric Gray,TEN,LB,1.0,880,measured,13.9,11.69,12.83,12.43,8.5,14.17,11.8,10.3,9.89,12.04,8.46,19.4,8.63,7.01,6.0,11.29,2.67,1.57,3.93,2.51,2.37,3.73,3.53,3.95,3.21,2.84,3.06,2.9,1.82,3.61,2.09,2.83,2.47,3.18,7.21,7.65,12.15,18.05,19.4,17.72,7.45,8.95,3.5,6.94,3.8,2.57,3.51,2.72,3.53
00-0035672,Cody Barton,TEN,LB,1.0,2001,measured,10.0,11.06,11.21,15.88,15.24,11.69,11.8,8.58,4.86,4.89,13.62,13.9,10.18,14.1,15.44,14.09,4.29,3.57,2.96,1.94,1.94,2.32,2.51,2.69,3.41,1.8,2.19,3.23,3.44,3.89,1.42,3.98,4.69,3.77,8.09,5.94,8.77,9.62,8.27,12.29,11.91,13.41,6.21,15.51,2.68,2.51,1.41,4.46,3.57
00-0039381,Dominique Hampton,TEN,LB,,0,prior,9.5,14.08,14.59,15.93,8.65,16.29,11.8,10.79,9.64,6.42,6.08,5.22,13.87,12.42,10.99,11.29,3.73,3.57,2.76,1.85,2.58,2.61,3.73,2.73,2.33,3.93,3.25,1.83,2.04,2.91,2.99,3.08,3.32,5.49,7.55,8.76,5.45,6.94,10.05,12.37,7.49,8.99,3.28,2.06,2.84,2.39,1.74,3.72,1.89
00-0040503,Dorian Mausi,TEN,LB,2.0,0,prior,9.1,12.04,12.81,11.95,10.58,13.5,11.8,8.25,3.35,3.19,6.09,11.72,11.47,13.04,10.99,15.41,4.04,1.31,3.44,3.88,3.25,3.04,3.67,1.5,4.43,2.24,3.68,3.45,2.93,3.47,4.04,2.45,1.93,3.9,15.35,15.18,5.4,6.9,10.31,11.69,4.93,6.43,1.92,2.0,3.81,1.44,3.03,3.06,3.44
00-0039430,James Williams,TEN,LB,1.0,149,measured,12.6,11.54,12.02,13.44,9.03,10.75,11.8,10.99,6.68,9.27,9.61,10.15,11.5,14.76,10.99,17.97,3.41,5.26,4.09,5.94,3.79,2.56,2.08,3.33,3.15,2.55,2.89,5.24,5.21,3.9,3.84,2.57,1.92,3.26,11.72,11.92,7.72,10.6,16.83,16.05,10.33,11.83,1.51,5.89,2.19,3.35,4.59,4.0,2.26
00-0036511,Milo Eifler,TEN,LB,3.0,0,prior,9.1,11.87,12.72,12.29,9.41,13.14,11.8,8.69,3.84,2.77,8.66,10.16,3.13,12.28,14.21,11.29,5.15,1.95,3.94,1.0,4.98,1.63,5.66,4.5,3.95,3.8,3.91,3.32,2.97,3.74,1.66,2.67,3.44,1.47,9.61,9.79,5.41,6.91,9.42,10.85,8.55,10.05,2.21,2.07,2.47,4.79,2.43,2.75,2.87
00-0038711,Mohamoud Diabate,TEN,LB,,657,measured,12.2,12.33,13.55,13.43,9.23,13.94,11.8,10.2,11.77,6.4,7.28,7.34,9.45,15.84,10.99,14.86,2.48,2.48,3.42,2.18,1.8,3.32,1.63,2.11,4.26,3.76,4.1,4.01,4.04,3.01,1.97,4.21,4.3,3.57,3.9,3.9,15.33,16.25,15.44,13.63,6.62,8.12,2.71,5.96,3.26,5.63,4.32,3.94,1.7
00-0038600,Owen Pappoe,TEN,LB,2.0,218,measured,12.0,16.86,17.06,11.53,14.77,15.01,11.8,10.79,9.84,10.02,8.35,8.83,9.59,14.45,14.96,16.74,3.91,3.91,2.58,2.94,5.29,3.38,2.16,3.33,2.25,2.13,2.84,1.58,1.78,2.56,3.93,2.64,1.63,3.56,12.26,12.3,7.98,10.26,13.52,17.78,6.72,8.22,3.31,3.46,4.6,2.38,2.5,3.13,2.53
00-0027557,Morgan Cox,TEN,LS,1.0,1,prior,10.2,6.27,7.23,6.98,9.71,8.88,9.27,14.43,7.82,9.75,13.89,13.55,11.48,17.99,10.99,11.29,3.49,2.98,4.34,3.08,1.98,1.57,2.74,4.37,4.95,3.23,3.54,4.29,3.11,3.03,4.36,1.17,3.59,4.11,1.3,1.62,3.03,5.22,1.52,4.43,3.69,2.73,2.68,3.74,1.73,2.39,3.47,3.88,1.41
00-0038586,Atonio Mafi,TEN,OG,2.0,334,measured,10.0,4.14,5.36,3.74,13.36,8.35,11.8,9.46,5.47,6.77,7.84,12.13,11.89,15.84,10.99,11.29,3.59,1.92,3.39,3.06,4.69,2.97,1.7,4.53,2.45,1.42,3.15,2.46,2.49,3.48,2.92,7.4,13.33,1.38,2.08,1.22,2.69,3.06,2.86,4.82,3.8,3.54,3.92,3.56,3.17,4.25,2.08,2.61,4.84
00-0040557,Drew Moss,TEN,OG,,0,prior,8.4,4.68,5.96,5.15,13.12,8.36,11.8,8.14,1.85,9.59,4.49,9.5,15.24,13.04,10.99,11.29,3.55,2.04,2.5,1.0,1.94,4.11,4.75,3.81,3.71,3.24,4.59,3.47,3.57,3.58,2.31,6.44,9.2,2.41,2.74,3.1,2.58,1.22,2.55,4.06,3.35,1.76,3.26,3.55,3.0,3.53,4.02,3.2,1.72
00-0040881,Fernando Carmona,TEN,OG,1.0,0,prior,13.1,3.7,5.05,7.03,13.18,8.45,11.8,10.81,13.3,9.39,6.52,7.74,14.25,10.31,10.99,11.29,1.79,2.03,4.42,4.97,3.14,3.66,2.44,3.22,3.58,4.63,3.37,1.82,3.65,3.76,1.18,13.2,16.06,3.3,2.48,2.85,4.71,3.24,4.09,4.1,3.21,2.14,1.78,2.81,2.49,3.18,2.37,2.23,4.59
00-0040190,Jackson Slater,TEN,OG,2.0,33,prior,10.3,6.53,7.47,4.45,13.24,8.82,11.8,8.16,4.79,9.43,5.97,12.38,11.89,13.04,10.99,11.29,3.07,3.05,2.39,2.72,1.36,2.59,2.63,3.06,2.61,2.63,2.91,4.14,3.51,2.63,3.73,7.49,14.14,3.13,2.06,2.97,5.43,2.2,2.01,4.49,2.55,3.75,2.92,2.25,2.13,1.64,3.68,4.65,3.49
00-0039034,Peter Skoronski,TEN,OG,1.0,2049,measured,12.0,4.53,8.02,4.93,13.35,12.94,11.8,8.52,11.59,9.3,9.08,11.56,7.18,14.03,7.28,7.29,1.54,2.69,3.6,2.27,3.34,4.57,2.91,2.04,2.45,3.67,2.7,2.62,4.25,3.36,3.27,15.88,9.46,2.79,4.29,2.68,2.14,3.86,1.57,3.71,1.86,2.29,3.02,2.58,3.6,2.43,3.23,2.9,2.51
00-0040512,Brandon Crenshaw-Dickson,TEN,OT,2.0,14,prior,9.9,2.05,2.81,1.9,11.6,4.92,11.8,8.62,4.22,6.28,5.87,8.95,6.72,13.04,10.99,11.29,2.34,3.85,1.61,1.42,3.97,2.79,3.32,4.35,1.74,1.48,2.54,3.65,2.25,3.03,2.26,9.89,12.67,1.76,1.07,2.37,3.91,3.61,1.86,3.02,1.86,2.15,1.07,3.6,4.41,2.03,1.25,2.04,1.0
00-0036869,Dan Moore Jr.,TEN,OT,1.0,2001,measured,9.3,4.8,6.54,5.35,12.42,9.02,11.8,10.28,8.07,5.43,10.52,13.59,10.74,16.3,15.29,13.96,2.8,1.86,3.48,2.02,5.19,3.27,1.0,2.23,3.56,2.6,3.6,4.44,4.37,3.7,2.59,8.37,10.35,3.57,4.13,3.75,2.8,3.63,2.9,1.66,2.51,3.41,1.6,3.91,4.39,2.02,4.08,2.67,1.96
00-0039731,JC Latham,TEN,OT,1.0,1447,measured,11.9,3.68,5.2,3.49,11.66,7.74,11.8,9.83,8.22,7.92,8.65,13.76,9.62,8.23,4.16,15.41,2.58,3.15,4.19,2.38,5.19,4.0,3.76,2.64,2.98,4.5,3.78,3.5,1.01,5.3,1.58,10.63,16.57,3.51,3.47,3.33,2.87,2.82,2.28,3.34,3.28,2.8,2.29,1.02,3.02,5.11,4.08,4.1,2.08
00-0036866,James Hudson,TEN,OT,2.0,448,measured,10.5,2.95,3.68,3.35,11.33,7.62,11.8,10.71,9.68,6.74,8.71,12.77,12.74,7.42,6.57,7.89,2.99,1.28,2.46,1.0,4.25,3.06,3.31,3.54,2.8,2.56,2.95,2.4,1.92,3.13,4.94,11.38,12.63,1.5,2.88,4.31,2.87,2.99,2.59,2.56,3.14,1.04,1.67,3.21,4.43,3.06,4.07,3.54,2.61
00-0040918,Rasheed Miller,TEN,OT,,0,prior,10.3,4.32,6.28,6.01,11.7,8.7,11.8,7.59,8.76,6.65,3.86,11.2,9.37,10.31,10.99,11.29,1.79,4.14,2.37,3.56,3.04,3.56,2.59,5.13,4.13,4.92,4.21,3.07,2.94,2.49,5.22,11.01,11.55,1.98,1.74,2.51,3.37,2.85,2.75,4.3,3.58,3.5,3.75,2.69,3.45,1.24,3.42,4.55,3.91
00-0035889,Tommy Townsend,TEN,P,1.0,91,measured,13.5,9.36,10.3,9.18,10.13,11.59,9.5,11.01,9.73,14.24,12.99,9.92,12.79,17.99,10.99,14.41,2.77,2.89,2.59,1.63,1.67,2.61,3.91,3.2,3.06,2.57,3.75,3.5,1.58,2.32,3.48,1.26,5.06,3.7,5.71,4.55,2.25,3.26,4.0,3.64,2.87,4.85,4.82,3.16,2.56,2.78,14.46,12.62,2.05
00-0040676,Cam Ward,TEN,QB,1.0,942,measured,9.3,9.61,10.01,12.09,10.08,10.97,11.8,10.01,9.47,9.12,10.4,14.68,13.58,13.04,10.99,11.29,11.63,10.27,4.85,11.69,11.26,7.55,9.53,7.95,3.69,4.56,2.74,3.23,3.29,1.91,2.72,1.99,2.55,3.19,2.97,2.81,2.59,3.23,2.99,4.03,2.68,2.76,3.06,3.57,3.96,2.75,2.57,3.4,3.27
00-0038550,Hendon Hooker,TEN,QB,,19,prior,7.2,9.6,9.98,11.78,10.08,10.82,11.8,8.91,6.89,7.78,9.19,8.92,2.33,6.47,5.79,11.29,4.65,6.6,7.62,8.86,5.04,5.83,7.95,7.11,2.48,1.0,3.27,4.23,2.63,2.44,1.97,2.84,2.29,3.03,4.26,1.3,3.52,2.81,3.95,2.44,3.78,1.97,3.08,3.94,1.79,2.38,1.47,3.0,2.56
00-0033869,Mitchell Trubisky,TEN,QB,2.0,230,measured,9.8,9.81,10.2,13.53,10.08,8.22,11.8,10.27,9.39,4.02,13.13,10.03,10.84,7.49,13.82,7.62,6.76,8.99,11.14,7.38,13.01,14.82,8.91,5.86,2.83,2.5,2.7,3.78,3.64,2.31,3.97,2.54,3.77,3.02,2.36,3.59,3.09,4.15,2.74,1.37,1.02,1.57,2.56,3.36,2.67,2.48,3.58,3.47,2.12
00-0037594,Julius Chestnut,TEN,RB,4.0,98,prior,9.7,13.07,13.84,12.01,10.09,13.86,11.8,9.13,8.39,7.86,7.81,9.59,8.09,16.96,10.99,14.86,2.44,1.67,2.63,2.18,4.75,2.51,2.15,9.96,8.7,6.38,7.45,11.28,1.0,3.42,2.63,2.93,6.97,3.93,2.73,3.96,4.51,3.6,1.36,3.56,3.46,2.36,1.92,2.15,4.43,4.28,3.38,1.31,12.33
00-0040205,Kalel Mullings,TEN,RB,,10,prior,8.4,13.79,14.6,11.88,9.66,14.28,11.8,8.6,6.15,7.32,7.3,13.39,11.67,6.15,18.54,18.22,2.28,4.04,4.13,2.59,3.75,4.84,3.31,10.9,5.67,5.38,5.38,5.67,3.96,4.37,4.87,1.0,6.4,1.0,3.0,4.26,3.5,2.18,1.86,2.87,2.7,1.04,4.59,1.69,3.42,3.22,3.64,3.1,14.6
00-0036924,Michael Carter,TEN,RB,,547,measured,11.4,14.31,13.97,17.48,8.0,13.28,11.8,12.09,7.98,8.97,7.33,12.46,16.2,15.24,14.93,11.29,2.48,1.25,3.5,3.88,4.18,3.73,3.97,16.48,7.89,8.31,9.7,14.61,3.89,9.53,9.06,5.71,3.43,6.71,2.5,1.47,3.14,4.73,3.45,3.96,3.78,4.55,2.19,4.06,3.36,1.7,2.02,3.38,13.25
00-0040886,Nicholas Singleton,TEN,RB,3.0,0,prior,11.0,13.72,14.31,12.5,9.3,14.03,11.8,8.78,8.42,10.39,7.09,8.71,11.48,10.31,10.99,11.29,3.0,3.23,2.61,4.69,2.5,2.83,4.09,16.79,9.11,8.39,8.44,10.91,2.74,6.14,6.83,2.96,6.0,3.96,1.55,3.56,3.01,3.21,2.39,3.11,3.46,4.18,3.07,2.69,2.23,3.21,1.0,2.62,12.58
00-0035261,Tony Pollard,TEN,RB,1.0,1419,measured,11.6,13.41,13.75,12.75,6.5,13.61,11.8,11.06,8.88,13.06,9.89,11.42,7.96,17.99,10.99,13.85,4.76,2.87,2.33,2.57,3.53,3.31,2.5,7.12,12.17,11.25,15.74,7.82,1.93,5.63,5.99,7.53,2.98,8.53,3.21,3.2,2.55,2.72,3.85,4.01,2.21,2.65,2.75,2.44,2.57,3.53,3.08,3.71,9.17
00-0039032,Tyjae Spears,TEN,RB,2.0,779,measured,12.1,14.62,15.62,13.83,7.93,16.7,11.8,11.76,11.87,7.67,6.5,14.33,6.34,11.95,18.7,15.15,3.04,2.83,2.83,2.76,3.5,4.53,2.52,16.72,8.62,10.62,10.64,14.34,2.85,11.45,10.91,6.07,5.18,7.07,2.07,1.32,2.63,2.85,2.12,2.74,2.22,2.32,2.29,3.57,4.03,3.37,1.94,3.54,12.54
00-0035632,Amani Hooker,TEN,S,1.0,1750,measured,15.1,14.7,15.12,16.39,7.0,15.5,11.8,11.7,13.14,14.09,11.13,5.33,11.74,7.85,17.12,7.84,3.38,2.15,3.21,2.46,3.8,1.95,2.73,2.63,2.11,5.06,3.87,2.76,2.59,2.54,4.23,1.37,2.85,3.36,3.56,3.61,2.92,11.97,15.45,13.91,16.12,16.95,8.96,17.17,3.28,3.13,2.85,1.0,9.8
00-0034357,Isaiah Oliver,TEN,S,,870,measured,13.7,13.68,14.09,14.01,8.39,14.15,11.8,15.05,9.37,12.9,9.83,10.93,10.18,17.99,10.99,7.62,3.36,1.0,2.21,3.37,1.16,3.1,3.9,2.55,5.3,3.52,4.08,2.86,3.44,4.25,3.35,2.12,4.02,3.77,2.19,2.45,2.55,5.15,18.05,15.64,12.05,13.05,9.38,14.53,2.72,2.56,3.86,4.48,9.8
00-0038613,Jerrick Reed II,TEN,S,,82,prior,8.4,13.55,13.55,15.19,7.16,13.55,11.8,7.57,5.06,8.07,7.63,12.94,13.04,6.04,18.38,11.29,2.65,3.09,3.6,2.93,1.7,3.04,3.33,4.7,3.13,1.29,2.53,1.74,4.79,2.6,3.42,4.41,1.0,4.2,2.92,3.73,2.67,8.7,9.38,11.85,5.27,6.27,9.01,6.63,2.1,2.88,4.31,3.83,9.8
00-0038703,Kendell Brooks,TEN,S,2.0,146,measured,9.5,13.61,14.4,14.42,8.1,14.57,11.8,9.64,5.33,6.92,6.53,6.71,4.8,7.59,5.94,15.41,4.44,4.48,4.31,1.51,2.61,1.25,2.83,3.48,2.07,2.77,4.84,4.04,3.28,5.02,1.81,2.68,1.57,2.0,4.04,2.43,3.17,13.17,12.28,11.11,5.65,6.65,9.29,6.49,3.19,4.34,2.07,2.81,9.8
00-0040141,Kevin Winston Jr.,TEN,S,1.0,286,measured,10.6,13.71,15.02,13.87,8.55,15.23,11.8,7.94,9.45,8.32,8.09,12.51,9.81,6.65,4.22,15.41,2.53,1.14,2.38,2.91,3.81,2.88,4.24,4.63,3.15,4.27,3.51,1.26,2.32,2.5,2.93,3.2,3.48,2.56,1.51,2.53,3.17,16.47,15.71,11.89,6.91,7.91,9.43,6.69,3.54,5.1,2.14,1.8,9.8
00-0036421,Terrell Burgess,TEN,S,3.0,156,measured,10.3,15.24,15.21,14.7,10.0,13.48,11.8,10.1,7.46,8.34,9.14,12.64,9.82,15.4,10.99,11.29,3.11,3.83,3.25,4.06,5.24,3.55,2.81,3.59,1.97,3.55,1.89,2.67,2.14,2.93,3.24,1.24,1.92,2.71,2.2,1.83,1.0,8.32,12.68,14.6,6.95,7.95,9.86,7.42,2.35,3.47,4.35,2.93,9.8
00-0037155,Tony Adams,TEN,S,2.0,1265,measured,16.4,13.34,13.95,15.0,8.41,14.46,11.8,13.81,12.34,14.19,4.87,10.05,11.89,7.67,13.62,7.19,1.75,4.08,3.23,4.76,2.36,2.33,2.43,4.62,3.02,3.12,3.46,4.05,4.89,2.88,4.83,3.27,3.26,4.5,1.98,4.24,3.28,14.15,15.97,14.28,20.0,19.4,9.38,16.71,2.53,2.3,2.19,4.38,9.8
00-0038115,Daniel Bellinger,TEN,TE,2.0,1022,measured,9.2,11.85,14.14,11.73,11.33,14.33,11.8,8.48,7.19,6.45,7.68,11.48,9.33,12.61,15.34,16.8,4.14,2.5,1.0,4.77,2.73,2.64,3.42,12.6,4.06,13.56,16.22,8.6,12.48,8.61,8.55,7.79,2.9,5.63,2.73,3.72,1.09,1.36,1.0,1.86,3.19,5.32,1.92,3.66,2.8,2.47,2.47,3.66,3.49
00-0039648,David Martin-Robinson,TEN,TE,4.0,149,measured,9.2,10.83,12.12,11.55,10.72,13.15,11.8,8.3,4.59,5.52,7.7,15.21,10.05,14.76,10.99,11.29,4.17,2.09,2.21,4.65,3.62,1.9,1.0,6.83,4.7,5.64,8.3,11.86,6.63,6.86,8.79,9.06,9.11,6.9,4.09,2.88,2.37,2.19,3.56,1.0,3.46,2.94,2.08,2.04,2.6,4.13,4.19,3.56,3.52
00-0040584,Gunnar Helm,TEN,TE,1.0,501,measured,10.5,8.8,11.38,11.42,8.66,11.19,11.8,10.37,9.31,7.55,5.57,11.62,11.93,12.11,15.85,15.41,4.33,3.08,4.05,3.16,2.84,3.4,2.63,11.03,4.9,7.06,9.71,15.22,8.48,12.73,11.85,9.24,7.63,7.08,3.63,2.22,3.25,1.42,3.38,2.63,2.52,4.82,2.2,2.82,3.45,4.68,2.16,3.94,4.67
00-0040901,Jaren Kanak,TEN,TE,5.0,0,prior,9.6,13.85,13.73,12.52,12.46,14.36,11.8,7.37,6.39,6.87,6.09,10.32,7.46,10.31,10.99,11.29,4.61,3.52,3.67,3.48,1.92,2.62,2.84,8.13,3.68,6.81,9.47,8.18,8.56,8.19,7.91,10.0,8.84,7.84,2.24,3.1,2.27,2.82,3.17,2.79,3.01,2.23,3.42,3.22,3.06,3.95,2.16,3.19,2.62
00-0039023,Joel Wilson,TEN,TE,,0,prior,9.4,11.32,12.57,12.16,9.31,13.6,11.8,7.98,10.52,7.15,10.71,8.9,14.66,10.31,10.99,11.29,2.84,2.78,3.14,3.4,3.72,3.97,3.38,6.42,2.65,2.0,4.66,19.4,5.71,4.16,4.16,8.36,11.98,6.2,2.84,3.44,3.58,4.13,2.83,3.58,4.2,2.88,3.64,4.97,1.65,4.51,1.23,5.07,1.73
00-0036876,Kylen Granson,TEN,TE,3.0,700,measured,9.5,11.5,12.71,12.09,9.28,13.71,11.8,10.38,6.51,5.1,10.07,7.36,11.05,14.1,5.78,8.14,3.43,3.23,2.74,4.57,3.38,3.34,4.08,12.31,3.98,5.73,8.39,10.33,10.72,8.96,11.07,6.23,11.63,4.07,3.68,2.45,1.0,2.27,3.35,2.32,2.38,2.93,4.11,2.39,2.89,4.36,2.91,2.54,3.47
00-0034837,Calvin Ridley,TEN,WR,1.0,1231,measured,11.8,14.73,11.42,12.38,7.5,9.34,11.8,11.97,10.02,8.99,10.58,13.59,10.93,5.64,5.05,15.03,3.66,1.6,4.74,2.05,2.53,3.31,3.11,10.57,10.67,8.99,7.91,8.52,11.26,12.73,13.06,4.31,2.97,2.37,2.34,4.32,3.25,3.22,1.64,1.92,2.73,4.81,1.59,4.5,2.95,3.4,5.27,1.32,11.14
00-0041438,Carnell Tate,TEN,WR,1.0,0,prior,11.6,13.66,14.91,14.41,6.15,14.98,11.8,8.91,12.45,12.01,7.6,12.55,13.64,10.31,10.99,11.29,3.64,1.58,3.46,3.16,3.52,4.94,3.33,19.4,11.34,10.83,9.75,9.59,5.62,12.5,11.73,1.75,3.0,3.16,2.22,4.25,3.5,4.47,2.42,4.5,2.3,3.6,1.24,1.4,3.4,3.1,3.06,3.94,7.39
00-0040705,Chimere Dike,TEN,WR,2.0,588,measured,12.2,18.01,18.17,14.94,6.9,16.9,11.8,8.27,12.73,12.12,6.82,13.15,12.51,13.04,10.99,11.29,3.37,3.79,2.0,3.33,2.76,4.04,2.21,14.09,4.3,4.44,3.37,8.66,7.52,11.42,13.22,4.4,1.0,2.66,3.21,2.25,3.14,1.68,1.5,2.6,1.0,3.08,3.16,2.53,4.5,4.0,3.22,1.51,16.25
00-0040170,Elic Ayomanor,TEN,WR,2.0,748,measured,9.3,15.7,16.69,13.75,7.04,16.76,11.8,6.94,8.43,8.01,7.07,8.33,9.87,12.11,16.22,15.41,2.42,3.32,3.73,3.75,3.07,1.26,2.46,12.63,4.85,5.51,4.44,3.92,6.98,7.93,8.29,2.8,1.98,1.0,3.02,3.67,3.63,2.91,3.33,2.49,2.77,3.52,1.0,1.88,2.8,3.6,3.5,1.39,15.49
00-0036345,K.J. Osborn,TEN,WR,,502,measured,9.0,14.37,14.78,12.59,9.0,15.43,11.8,9.87,7.71,9.98,9.78,16.51,9.77,8.09,7.42,4.2,4.4,2.48,2.22,2.16,2.89,3.98,2.6,6.96,5.22,7.56,6.49,5.68,6.4,7.26,7.16,4.61,2.64,4.33,2.79,4.08,2.84,3.05,2.9,1.9,3.63,2.96,5.5,1.75,2.38,2.57,4.19,2.48,12.42
00-0040919,Tyren Montgomery,TEN,WR,,0,prior,8.5,14.53,15.08,13.07,7.82,15.09,11.8,9.47,10.32,7.03,5.77,15.43,10.88,10.31,10.99,11.29,3.23,3.76,2.45,2.17,1.02,3.5,4.4,7.61,4.36,7.0,5.93,5.54,4.66,6.25,6.26,4.74,2.79,2.66,2.38,4.04,4.39,2.42,1.0,3.77,3.28,3.7,2.52,1.31,3.14,3.87,2.22,4.21,13.08
00-0038117,Wan'Dale Robinson,TEN,WR,1.0,1710,measured,13.6,15.7,14.47,13.19,7.53,13.36,11.8,12.68,12.41,15.46,8.58,8.31,15.36,8.34,6.36,17.83,4.59,4.67,3.7,3.03,2.45,1.0,3.57,14.95,6.6,6.63,5.56,12.62,11.56,14.77,14.99,2.47,2.73,2.52,3.24,3.19,4.68,3.1,3.93,5.26,2.08,2.82,3.27,3.29,2.63,3.78,2.24,2.1,10.69
00-0040522,Xavier Restrepo,TEN,WR,,28,prior,9.2,14.64,15.08,12.91,8.5,15.09,11.8,9.75,8.24,7.61,4.48,12.27,9.68,13.04,10.99,11.29,2.13,2.89,2.93,3.08,1.97,4.32,4.39,8.33,6.85,12.01,10.94,7.81,3.7,7.75,4.71,1.0,3.46,1.87,4.33,1.27,4.33,1.69,4.05,1.45,4.01,1.79,2.98,2.71,1.0,4.33,3.49,3.18,12.1
00-0041108,Matt Gulbin,WAS,C,2.0,0,prior,10.1,4.37,5.79,6.37,13.48,8.41,11.8,7.72,9.93,7.98,7.01,10.79,14.36,10.31,10.99,11.29,2.29,2.71,2.26,3.63,2.86,2.58,2.44,3.46,2.44,3.07,3.1,5.1,1.63,5.54,3.95,9.94,11.08,3.07,1.62,3.23,2.38,2.78,2.94,3.63,5.18,2.59,3.79,2.01,2.22,2.38,2.96,2.7,1.53
00-0035149,Nick Allegretti,WAS,C,1.0,1001,measured,13.9,3.6,5.07,5.76,13.44,7.76,11.8,11.07,10.04,11.92,9.52,14.09,11.17,17.99,10.99,14.86,3.95,3.91,2.27,2.56,2.99,4.7,1.72,3.42,2.3,4.4,2.46,3.14,4.04,3.64,2.26,16.79,15.5,2.82,3.47,3.8,2.22,3.08,1.85,3.82,4.18,4.67,3.7,3.12,3.17,1.82,4.15,4.8,3.06
00-0036375,Amik Robertson,WAS,CB,1.0,1446,measured,13.0,14.98,15.41,13.5,7.07,14.87,11.8,12.35,11.93,14.43,11.32,9.99,11.33,14.1,14.1,18.22,2.5,2.11,1.05,1.99,2.9,1.65,2.28,3.62,4.83,1.44,4.54,3.24,2.52,1.19,3.62,2.71,1.0,2.27,4.1,3.95,1.76,3.83,8.13,12.62,13.41,13.41,9.96,11.45,3.37,4.04,3.98,2.29,7.79
00-0038388,Darius Rush,WAS,CB,,16,prior,10.5,17.55,16.19,14.01,6.63,13.99,11.8,10.83,12.41,11.35,8.54,13.46,14.09,15.84,10.99,11.29,4.93,1.6,3.87,3.86,2.99,4.73,3.72,1.9,2.2,2.99,3.13,2.57,2.04,1.53,3.49,2.87,2.4,3.34,1.88,4.1,3.14,9.13,11.68,15.82,7.31,7.31,9.83,6.6,4.63,4.16,3.56,2.76,4.65
00-0033918,Fabian Moreau,WAS,CB,2.0,566,measured,12.2,16.35,17.5,13.98,7.49,16.02,11.8,11.88,11.54,13.62,11.31,10.59,14.12,6.37,13.68,6.3,3.54,2.06,1.47,2.9,4.56,1.34,2.08,3.05,2.04,6.36,3.56,3.2,2.74,3.23,3.5,2.54,2.5,2.81,1.92,3.75,2.75,5.86,7.55,13.75,11.46,11.46,10.09,8.27,3.07,2.91,2.4,2.46,13.67
00-0041177,Fred Davis,WAS,CB,,0,prior,8.5,15.07,15.88,13.83,7.0,15.54,11.8,7.2,8.65,11.05,7.2,14.42,13.94,10.31,10.99,11.29,3.69,3.33,2.82,2.93,2.49,2.0,3.99,1.77,4.11,2.0,4.34,2.3,5.04,4.29,3.91,4.41,3.57,2.94,3.17,3.25,2.86,7.37,11.98,14.62,4.56,4.56,9.94,3.77,4.39,2.53,4.32,2.45,6.16
00-0034780,Isaac Yiadom,WAS,CB,,666,measured,9.5,13.02,13.09,13.86,4.0,13.72,11.8,13.15,7.39,5.81,9.03,10.95,11.76,8.47,7.15,7.12,3.67,3.71,2.26,2.87,3.69,1.52,3.78,3.31,2.36,2.95,3.29,3.65,3.85,2.64,3.19,2.21,2.66,3.31,4.85,2.26,2.14,5.8,10.99,13.85,7.2,7.2,9.04,7.9,2.19,3.57,5.11,2.49,3.18
00-0039898,Mike Sainristil,WAS,CB,1.0,1583,measured,13.3,15.01,17.06,15.86,7.0,17.83,11.8,11.47,10.73,14.31,7.53,8.99,11.37,14.76,10.99,11.29,3.28,3.14,2.72,2.74,2.46,3.87,3.21,3.22,3.62,3.07,3.58,3.55,3.92,2.14,1.74,4.27,2.11,3.39,3.87,3.27,2.89,1.05,9.0,13.9,12.57,12.57,9.94,15.31,3.0,2.88,4.32,3.24,12.95
00-0033551,Rasul Douglas,WAS,CB,1.0,1737,measured,11.8,11.19,11.89,12.69,8.0,12.08,11.8,13.54,10.56,13.02,12.75,14.58,11.53,12.49,18.41,4.9,1.72,2.08,2.42,2.69,4.15,3.17,3.52,4.89,4.21,2.61,2.96,3.35,1.0,3.48,1.66,2.08,1.67,1.17,1.01,2.64,1.69,4.59,8.76,8.24,11.8,11.8,10.24,14.98,1.88,2.39,3.91,2.84,6.48
00-0038395,Terell Smith,WAS,CB,,287,measured,10.0,16.39,15.33,13.16,7.0,13.42,11.8,12.03,8.02,9.19,8.69,10.06,7.65,7.68,4.19,11.29,1.74,3.24,2.55,2.67,3.17,3.49,4.2,3.95,1.08,2.49,1.15,3.15,3.34,4.69,1.9,3.26,2.25,3.86,1.0,3.98,4.08,10.8,13.69,15.79,6.77,6.77,9.94,6.71,2.57,2.95,1.6,4.22,5.48
00-0040731,Trey Amos,WAS,CB,2.0,463,measured,10.8,15.93,16.56,14.01,6.5,13.6,11.8,10.77,11.4,10.87,6.47,13.71,8.95,13.04,10.99,11.29,2.96,2.68,4.66,1.0,3.35,4.27,1.57,1.69,4.88,3.33,2.49,2.37,4.58,3.56,2.85,2.69,2.25,2.15,3.58,2.79,5.68,5.17,6.48,12.74,8.94,8.94,9.79,7.53,3.51,3.67,3.55,3.79,18.09
00-0035278,Byron Cowart,WAS,DT,,221,measured,11.2,3.73,6.26,6.33,13.39,9.19,11.8,11.61,8.78,8.26,10.33,14.09,13.42,13.04,10.99,4.18,3.05,2.04,4.07,3.64,3.62,3.28,3.82,3.0,4.59,2.99,2.87,2.58,3.71,2.64,1.55,4.24,1.26,4.27,13.45,11.11,11.24,10.02,10.22,9.4,2.42,3.59,2.96,2.32,5.31,3.72,4.98,1.65,1.89
00-0035279,Charles Omenihu,WAS,DT,2.0,838,measured,10.8,7.36,9.25,9.41,11.51,13.83,11.8,11.32,9.3,11.02,9.19,7.85,8.87,7.76,7.07,6.86,4.66,2.04,2.87,1.81,2.77,3.81,1.0,1.71,3.36,2.44,3.36,1.0,2.88,1.85,3.93,2.24,4.6,1.94,14.15,13.75,9.97,8.66,7.53,8.48,3.44,2.63,1.8,2.89,4.31,4.06,3.63,4.04,3.13
00-0034333,Daron Payne,WAS,DT,1.0,1427,measured,13.2,6.88,7.22,6.43,13.85,8.31,11.8,10.94,13.02,9.48,11.66,8.34,8.56,8.11,16.88,16.41,1.69,4.27,1.93,3.05,2.62,3.68,2.56,4.72,2.54,3.43,2.53,4.48,4.81,3.07,1.86,2.27,3.52,2.94,14.43,13.04,13.81,13.64,13.09,6.14,4.18,1.9,2.49,4.67,3.79,3.65,2.0,2.26,2.59
00-0033947,Deatrich Wise,WAS,DT,4.0,562,measured,12.6,6.29,10.42,8.29,11.33,12.4,11.8,13.62,13.68,8.55,9.66,14.04,7.34,17.99,10.99,14.64,2.74,1.03,2.36,2.76,4.87,1.7,3.65,2.98,4.76,1.04,2.74,2.95,3.1,2.75,2.32,1.23,2.54,2.37,15.84,15.12,13.22,10.05,11.74,9.83,3.84,2.37,4.93,2.55,2.02,2.1,4.2,3.64,2.17
00-0036260,Javon Kinlaw,WAS,DT,1.0,1300,measured,11.2,4.87,6.22,5.47,12.89,8.33,11.8,10.97,8.86,12.89,10.72,10.47,12.03,6.78,13.8,8.17,2.76,2.15,1.34,2.9,4.02,3.61,2.54,2.23,4.84,2.63,4.5,3.54,3.16,3.54,2.3,4.65,1.83,3.7,12.66,10.9,10.41,11.18,12.21,4.85,2.25,1.24,3.27,2.21,4.12,3.29,2.87,3.19,1.89
00-0040864,Jeffrey M'ba,WAS,DT,,0,prior,8.9,5.62,7.17,6.72,12.2,9.15,11.8,7.72,7.26,7.03,4.96,9.82,13.97,10.31,10.99,11.29,2.39,3.39,2.87,3.43,3.82,1.0,2.92,2.47,2.81,2.66,5.35,2.51,3.84,5.04,2.88,1.84,3.27,3.26,9.84,8.58,8.4,7.42,7.7,9.04,4.28,4.21,3.98,2.21,3.71,2.11,4.72,4.45,1.0
00-0039906,Jer'Zhan Newton,WAS,DT,3.0,736,measured,11.9,7.0,8.23,7.22,13.54,10.55,11.8,10.35,10.14,9.13,6.37,10.96,9.02,14.01,15.73,17.97,4.08,3.82,1.89,2.23,3.33,2.71,3.22,4.24,3.72,3.25,3.02,2.19,3.53,1.69,3.99,3.33,2.36,2.52,15.28,14.03,10.62,8.72,12.68,12.43,4.33,2.2,1.92,5.06,3.76,2.3,2.53,2.19,3.35
00-0040314,Ricky Barber,WAS,DT,3.0,28,prior,8.1,6.94,8.3,7.5,13.07,10.55,11.8,8.69,5.4,5.82,6.34,10.99,11.54,13.04,10.99,11.29,4.29,3.11,3.25,1.78,1.93,2.84,4.84,3.12,3.56,3.38,2.75,3.18,3.94,3.22,3.59,3.43,5.02,1.0,8.07,6.97,8.34,5.87,4.84,12.52,2.51,4.53,3.69,3.27,5.2,2.74,3.08,1.4,1.48
00-0035409,Shy Tuttle,WAS,DT,2.0,767,measured,7.5,5.59,6.89,6.16,13.23,9.2,11.8,10.62,3.42,4.65,10.91,8.37,15.44,8.13,5.99,14.86,2.98,2.57,2.78,2.15,3.68,2.84,3.19,2.59,3.36,4.3,2.73,3.66,1.54,2.96,2.82,2.27,4.44,2.3,6.23,4.6,5.27,6.0,12.42,9.81,3.21,2.66,2.93,3.68,2.43,1.36,2.68,4.97,2.78
00-0034397,Tim Settle,WAS,DT,1.0,910,measured,10.5,1.04,2.1,3.47,13.7,3.87,11.8,11.69,7.28,7.68,11.25,17.22,10.33,11.8,14.94,14.09,2.49,2.45,2.24,3.47,4.23,1.39,3.07,2.96,2.16,3.63,1.26,3.8,2.98,4.78,2.23,2.23,2.21,2.19,13.35,9.97,10.24,9.95,8.24,4.14,2.04,1.24,3.56,2.44,1.42,2.52,3.72,2.7,3.33
00-0038535,DJ Johnson,WAS,EDGE,,388,measured,8.3,14.54,11.97,11.19,14.31,11.16,11.8,9.73,7.31,5.81,8.38,8.6,18.69,15.84,10.99,4.57,2.34,2.8,1.12,1.5,5.52,1.06,5.99,4.01,2.07,3.2,3.91,3.83,2.49,2.66,2.44,2.95,3.24,3.66,5.42,5.66,6.16,7.71,10.02,15.18,5.8,6.8,2.84,1.58,4.87,3.79,2.68,3.99,4.43
00-0034373,Dorance Armstrong,WAS,EDGE,2.0,812,measured,13.1,7.96,10.26,12.57,10.0,10.53,11.8,12.32,12.4,11.95,11.11,5.65,12.95,14.33,6.71,17.58,3.41,3.63,2.57,2.1,4.64,1.4,5.23,1.61,3.73,1.5,2.18,2.14,2.22,2.09,1.0,2.96,4.97,4.93,15.5,14.95,13.85,12.8,14.22,11.49,5.8,6.8,3.02,1.64,4.14,2.58,2.09,2.45,1.61
00-0037826,Drake Jackson,WAS,EDGE,,134,measured,9.1,11.19,14.31,12.11,10.83,15.79,11.8,9.71,9.41,9.45,10.26,6.94,11.85,4.29,6.44,11.29,2.53,2.06,3.49,3.38,1.77,5.87,2.21,4.14,4.42,3.28,4.16,1.47,4.26,2.2,2.21,5.41,1.32,3.19,8.15,8.44,7.69,7.3,4.8,12.14,5.8,6.8,2.36,3.03,1.05,2.61,3.37,1.73,4.0
00-0039412,Javontae Jean-Baptiste,WAS,EDGE,3.0,186,measured,8.3,11.38,14.41,11.19,11.17,14.61,11.8,9.53,7.49,6.83,6.62,15.22,9.25,14.76,10.99,14.86,2.69,3.29,2.77,2.42,3.6,3.26,4.0,1.35,3.7,3.26,2.33,3.01,2.92,2.17,2.06,2.65,3.07,3.16,6.13,6.36,6.46,7.76,7.08,13.42,5.8,6.8,3.17,3.25,1.0,3.1,2.1,2.53,3.46
00-0041074,Joshua Josephs,WAS,EDGE,2.0,0,prior,9.5,11.79,13.48,12.87,10.75,14.41,11.8,10.57,9.41,11.08,6.13,9.48,13.25,10.31,10.99,11.29,2.92,1.04,3.11,3.38,2.61,2.52,2.99,4.49,2.73,2.71,3.71,2.99,3.01,3.94,5.09,4.01,3.9,3.32,7.92,8.44,8.05,9.22,10.04,13.17,5.8,6.8,2.15,2.91,2.92,3.17,2.9,4.58,3.72
00-0036286,K'Lavon Chaisson,WAS,EDGE,1.0,1040,measured,11.9,10.9,12.39,11.41,11.27,13.46,11.8,11.52,9.65,9.98,11.14,13.78,10.54,15.36,15.98,14.71,2.0,3.54,2.15,2.84,2.54,2.89,4.82,3.33,4.5,2.76,3.31,3.38,2.97,2.47,2.2,4.41,3.08,3.63,11.97,12.0,14.03,12.44,7.73,10.67,5.8,6.8,2.42,3.72,3.12,3.52,3.79,2.83,2.37
00-0036940,Odafe Oweh,WAS,EDGE,1.0,1072,measured,16.1,17.55,18.91,15.33,10.67,17.89,11.8,13.51,11.48,12.86,9.48,14.19,10.53,13.94,5.08,18.05,1.0,2.23,3.66,1.8,3.41,2.78,3.73,3.05,2.55,2.93,3.3,2.94,4.89,2.03,2.34,3.88,2.48,2.29,15.91,18.48,14.32,14.51,14.37,11.11,5.8,6.8,2.49,4.64,3.58,4.23,4.23,2.49,2.35
00-0040004,T.J. Maguranyanga,WAS,EDGE,,11,prior,7.1,12.16,14.13,13.77,10.27,15.13,11.8,8.39,4.83,8.33,6.03,14.06,15.58,13.04,10.99,11.29,1.97,1.74,2.08,2.94,3.94,1.42,2.89,2.67,2.24,2.59,2.91,5.12,5.99,2.38,3.2,3.08,3.62,2.36,4.61,5.43,5.37,5.02,4.03,14.61,5.8,6.8,1.7,3.51,2.91,5.32,3.17,2.99,3.38
00-0041182,Drew Stevens,WAS,K,1.0,0,prior,14.5,10.24,11.42,10.24,9.88,12.53,10.12,10.79,14.36,12.21,7.95,15.85,14.27,10.31,10.99,11.29,1.81,4.02,2.71,1.02,2.21,1.0,1.74,3.78,1.45,2.95,4.51,3.15,2.8,3.57,4.13,2.49,2.79,3.95,2.79,4.31,1.0,3.3,2.63,3.71,3.32,2.39,2.86,2.76,14.22,14.73,2.88,2.58,2.96
00-0040318,Ale Kaho,WAS,LB,,0,prior,8.6,12.11,12.99,12.45,9.74,13.48,11.8,5.92,4.7,6.98,6.06,10.84,11.06,5.71,15.23,11.29,2.31,1.88,1.0,3.79,4.08,1.98,2.33,2.27,2.43,3.95,4.89,2.25,2.06,2.11,4.22,1.52,2.07,3.5,7.84,7.98,5.43,6.93,10.21,11.63,7.16,8.66,3.63,2.03,2.43,3.84,3.72,1.47,2.0
00-0034302,Frankie Luvu,WAS,LB,1.0,2121,measured,10.6,11.56,12.63,12.36,9.66,13.26,11.8,9.76,6.39,8.4,13.8,12.07,9.65,17.99,10.99,16.45,1.75,2.04,2.14,5.09,3.25,2.52,4.38,2.67,3.61,1.94,4.75,3.21,2.92,2.51,2.17,3.96,3.2,2.11,16.43,16.41,7.03,7.34,7.57,11.64,14.47,15.97,4.91,12.03,3.08,2.79,3.89,1.77,3.23
00-0039368,Jordan Magee,WAS,LB,2.0,340,measured,11.9,13.29,14.66,12.96,8.99,14.73,11.8,10.36,11.8,10.95,5.99,12.34,8.64,7.51,13.87,7.0,2.82,1.91,5.21,3.06,2.35,4.21,3.39,3.97,1.0,2.85,3.98,2.77,1.97,2.45,5.48,2.59,3.52,2.58,11.17,12.0,11.28,12.45,13.66,15.71,6.38,7.88,1.45,3.32,3.76,4.73,3.48,3.91,3.79
00-0040216,Kain Medrano,WAS,LB,3.0,0,prior,9.1,15.24,15.95,12.94,9.32,16.27,11.8,7.59,3.14,8.56,7.09,8.53,10.44,13.04,10.99,11.29,2.93,2.46,3.01,1.83,3.0,3.77,2.44,3.35,3.5,3.82,4.34,4.32,2.37,2.75,2.2,2.35,2.63,2.98,7.05,8.44,5.45,6.95,10.2,12.88,6.7,8.2,3.78,2.04,3.0,2.77,4.13,3.14,3.25
00-0037819,Leo Chenal,WAS,LB,2.0,877,measured,12.8,13.66,15.85,12.9,10.88,17.77,11.8,12.55,4.18,8.78,10.73,9.12,12.62,12.35,15.38,14.86,1.05,3.41,3.39,3.13,4.37,3.25,3.78,2.35,1.66,4.04,2.7,3.08,3.46,3.8,2.16,2.07,3.68,2.09,17.21,17.51,9.09,13.55,17.08,12.16,5.86,7.36,2.29,5.51,3.62,4.04,1.77,3.06,2.08
00-0041028,Sonny Styles,WAS,LB,1.0,0,prior,11.7,15.24,17.67,12.93,9.41,19.4,11.8,7.77,5.98,11.24,6.08,10.29,3.9,10.31,10.99,11.29,2.76,3.4,2.7,4.84,3.07,4.04,2.32,2.8,3.46,2.56,4.11,1.0,1.75,2.61,2.63,4.39,2.78,3.1,8.51,9.87,9.86,11.63,13.08,16.4,8.89,10.39,3.4,6.63,3.36,4.45,3.48,3.06,2.48
00-0031156,Tyler Ott,WAS,LS,1.0,0,prior,9.4,8.32,9.28,8.73,9.71,10.63,11.03,11.54,8.07,8.17,16.01,19.4,13.97,8.25,14.94,16.61,2.68,3.84,3.37,4.45,4.04,1.56,1.51,1.49,3.75,3.28,2.19,2.81,2.6,2.89,3.9,2.66,4.08,3.9,1.65,1.88,3.58,3.09,4.32,1.81,4.03,4.19,5.84,3.62,3.23,1.83,3.41,2.71,1.95
00-0039913,Brandon Coleman,WAS,OG,1.0,859,measured,11.2,6.8,8.9,6.42,13.22,12.59,11.8,9.07,10.29,5.73,8.26,15.66,9.03,14.01,14.74,16.98,3.39,2.83,3.58,2.91,3.69,2.02,2.16,1.82,2.42,3.65,4.57,3.47,3.04,4.69,3.57,14.93,7.47,1.29,3.92,2.37,2.85,1.98,4.0,3.12,1.74,2.88,4.23,5.28,4.45,1.0,1.24,2.34,1.15
00-0037092,Chris Paul,WAS,OG,1.0,1033,measured,12.0,8.13,8.47,5.08,13.28,8.24,11.8,9.92,9.38,7.85,9.41,11.33,13.04,16.96,10.99,15.41,2.93,3.2,2.6,1.66,2.47,3.57,2.74,4.43,4.23,2.8,3.12,3.36,3.21,1.28,4.17,10.21,16.0,1.63,3.89,2.78,5.22,2.51,3.57,3.72,1.0,2.69,3.58,2.34,1.69,3.3,2.19,2.7,2.85
00-0035997,Julian Good-Jones,WAS,OG,,1,prior,8.7,3.81,5.63,5.8,13.14,8.45,11.8,9.83,6.65,8.52,9.28,11.67,13.99,12.15,10.99,11.29,1.0,3.65,2.54,1.78,1.0,2.7,4.18,4.17,2.99,2.08,4.43,5.09,1.23,4.31,2.73,6.47,9.56,2.92,2.85,1.2,2.23,2.27,3.96,1.96,1.64,2.81,1.78,3.52,3.38,3.39,2.17,3.48,3.89
00-0036618,Sam Cosmi,WAS,OG,1.0,1719,measured,17.3,8.4,10.45,10.29,17.92,10.75,11.8,15.07,14.92,16.71,8.85,8.44,7.88,6.85,5.71,13.99,4.47,3.54,4.4,3.18,3.42,3.16,3.18,2.98,2.52,5.02,3.73,2.96,2.27,2.09,2.54,18.21,19.01,3.91,1.88,1.84,2.4,3.87,3.3,3.28,1.99,1.68,3.57,3.05,2.01,1.0,1.76,1.56,2.11
00-0041183,Tanoa Togiai,WAS,OG,3.0,0,prior,11.3,3.99,6.07,6.35,13.23,9.17,11.8,8.04,5.92,7.15,5.97,13.31,13.5,10.31,10.99,11.29,2.67,3.28,3.89,3.54,2.97,3.48,1.0,3.61,4.06,2.37,3.89,2.13,2.16,4.5,2.52,13.04,10.83,5.06,2.25,1.67,2.96,1.71,4.26,4.2,2.11,3.8,3.35,2.02,2.74,4.22,2.8,2.19,3.57
00-0033831,Andrew Wylie,WAS,OT,2.0,1309,measured,9.9,3.69,5.56,4.97,12.55,8.22,11.8,10.15,4.57,5.67,10.8,4.3,6.57,8.07,14.61,5.29,3.14,4.51,4.36,3.36,2.41,3.47,3.96,3.39,2.34,2.56,2.59,1.71,2.07,6.28,2.73,9.67,11.21,3.11,2.95,2.01,2.78,2.92,2.65,1.84,4.03,3.31,3.53,4.09,3.39,4.17,3.03,4.1,4.3
00-0040092,Esa Pole,WAS,OT,,262,measured,10.2,4.06,5.91,5.32,11.55,8.36,11.8,8.84,6.66,6.95,7.35,11.48,10.91,4.85,16.55,11.29,3.24,2.87,3.73,3.7,1.1,2.26,1.53,4.07,3.69,4.39,1.65,3.63,4.25,2.42,4.94,11.18,11.14,5.0,2.6,4.65,3.58,5.18,2.87,4.22,4.08,3.04,2.85,1.0,4.32,2.28,2.67,2.59,1.27
00-0040686,Josh Conerly Jr.,WAS,OT,1.0,955,measured,10.4,6.0,6.2,5.21,12.77,11.49,11.8,9.26,11.74,8.76,8.22,10.87,7.65,13.04,10.99,11.29,2.83,2.98,3.33,2.48,1.88,3.9,2.46,1.48,4.06,2.7,3.89,2.37,1.67,3.67,3.91,13.08,9.99,5.0,2.27,1.9,4.9,2.44,2.76,2.21,1.66,2.2,4.09,3.21,2.99,2.99,1.0,1.13,2.05
00-0032380,Laremy Tunsil,WAS,OT,4.0,1761,measured,12.7,2.11,4.53,4.27,12.45,7.86,11.8,13.36,5.98,7.81,12.97,13.21,12.47,6.42,5.85,6.15,4.3,3.64,2.31,2.93,3.71,1.37,2.5,2.61,3.37,1.86,4.28,3.34,2.98,3.76,3.3,15.2,14.43,2.47,3.5,3.25,2.57,2.23,2.03,4.8,2.85,2.11,3.44,2.28,1.97,3.73,1.77,3.24,2.03
00-0034571,Trent Scott,WAS,OT,,256,measured,12.0,3.04,4.72,3.59,12.37,7.44,11.8,11.37,7.84,10.33,10.53,16.58,10.82,17.99,10.99,11.29,4.47,2.23,2.02,2.51,1.42,2.88,3.48,3.9,3.47,1.0,3.47,2.87,4.07,2.1,2.71,15.55,12.73,3.01,2.25,2.45,2.67,3.11,2.1,4.01,2.67,1.56,3.15,2.51,3.11,3.43,3.75,3.01,3.41
00-0030140,Tress Way,WAS,P,1.0,83,measured,14.1,4.88,6.91,7.21,10.13,9.62,9.95,13.96,9.13,12.36,13.68,11.47,10.69,17.99,10.99,15.41,3.97,3.06,2.97,3.83,1.0,4.21,2.67,4.23,2.98,1.0,1.69,2.95,1.95,3.84,3.48,2.82,3.36,4.1,2.8,1.61,3.85,3.41,2.49,2.66,1.0,2.15,3.17,3.02,4.26,3.98,10.42,17.79,2.44
00-0041117,Athan Kaliakmanis,WAS,QB,3.0,0,prior,7.1,9.68,9.98,12.05,10.08,10.87,11.8,6.95,6.0,6.6,9.14,8.16,7.65,10.31,10.99,11.29,10.94,6.58,6.88,8.53,5.04,5.61,5.38,7.42,1.73,2.56,1.97,2.17,3.15,1.8,2.67,2.68,2.22,2.91,3.39,3.93,2.5,1.56,4.15,1.52,1.81,1.53,2.91,3.09,2.85,1.63,1.95,2.45,3.94
00-0039910,Jayden Daniels,WAS,QB,1.0,1049,measured,12.4,10.26,10.36,11.78,10.08,10.82,11.8,12.82,12.98,9.06,10.78,10.87,4.87,6.18,4.77,14.86,14.51,11.68,9.53,13.13,14.07,8.0,15.91,13.55,3.63,5.09,2.6,4.44,2.46,5.87,2.57,2.85,2.89,2.95,3.89,3.22,5.05,4.44,1.63,4.35,2.74,2.44,3.56,3.27,2.89,3.54,4.41,1.8,4.07
00-0032268,Marcus Mariota,WAS,QB,2.0,549,measured,10.1,12.28,12.54,14.49,10.08,13.29,11.8,10.3,9.53,6.27,16.04,14.86,8.18,4.8,7.6,7.78,7.73,10.66,13.74,7.95,11.76,9.41,9.42,3.73,1.0,6.01,2.02,1.5,4.9,2.34,2.37,2.46,3.35,4.75,2.63,2.03,4.89,3.96,3.03,1.36,2.44,1.65,3.64,3.98,2.31,1.58,1.88,4.35,3.27
00-0039677,Sam Hartman,WAS,QB,,0,prior,7.3,9.33,9.07,11.61,10.08,8.94,11.8,8.55,7.1,4.03,9.74,9.06,15.15,10.31,10.99,11.29,4.58,6.6,7.93,9.13,4.59,5.57,8.89,7.43,1.43,1.0,2.07,2.64,2.44,3.48,3.87,4.76,4.27,4.02,3.82,2.87,1.75,2.6,2.31,1.95,3.13,3.32,3.94,2.06,3.07,1.92,1.96,2.45,3.86
00-0035567,Craig Reynolds,WAS,RB,,107,measured,9.6,12.49,13.14,11.54,9.84,13.25,11.8,12.14,10.82,7.37,9.24,13.21,7.6,7.16,16.22,17.52,4.05,3.13,3.33,1.3,1.93,2.93,4.36,8.14,8.71,6.9,8.23,13.84,2.96,3.77,2.66,3.14,5.03,4.14,1.88,1.72,1.4,2.32,2.68,3.52,3.25,3.57,2.35,2.48,2.73,2.61,3.38,3.17,12.46
00-0040242,Jacory Croskey-Merritt,WAS,RB,1.0,376,measured,12.7,14.12,14.39,13.31,8.54,13.94,11.8,10.39,13.02,8.53,5.8,11.53,17.06,13.04,10.99,15.41,1.55,2.51,2.78,2.85,3.2,3.59,2.27,7.82,16.83,13.83,13.23,5.84,2.59,3.34,1.44,5.01,5.72,6.01,2.07,3.46,1.0,2.96,3.15,1.75,2.88,3.28,3.32,3.22,1.78,2.74,4.14,3.48,8.55
00-0033955,Jeremy McNichols,WAS,RB,4.0,450,measured,12.2,13.67,13.66,13.22,8.48,13.56,11.8,12.81,11.01,13.75,10.47,9.21,5.95,15.18,7.27,14.6,5.08,3.7,6.53,2.73,4.18,4.04,2.98,9.79,12.39,8.74,12.8,16.36,4.05,4.32,3.41,7.67,9.83,8.67,2.05,3.05,2.09,3.29,2.89,1.58,3.72,1.36,4.03,2.83,2.76,3.94,2.27,2.05,10.58
00-0041096,Kaytron Allen,WAS,RB,3.0,0,prior,11.0,13.62,14.13,12.72,9.23,13.91,11.8,10.34,7.73,8.89,6.31,9.0,8.5,10.31,10.99,11.29,1.94,3.44,2.82,1.6,3.26,3.55,4.05,16.65,9.31,8.35,8.49,10.91,2.82,5.87,6.82,2.96,5.99,3.96,3.92,2.72,1.87,3.13,1.82,2.76,3.45,2.43,3.56,2.49,2.83,1.78,1.59,3.51,12.19
00-0037256,Rachaad White,WAS,RB,2.0,1266,measured,14.1,14.77,15.7,12.82,8.92,16.27,11.8,13.21,12.21,10.54,9.83,8.71,7.89,15.27,15.73,17.19,1.61,1.57,1.74,3.18,4.29,3.22,2.94,14.84,10.81,13.69,16.71,16.88,3.08,7.69,5.67,7.87,11.15,8.87,3.86,3.17,4.76,2.01,1.99,2.65,3.03,3.95,2.29,1.64,5.34,5.64,3.39,3.0,13.18
00-0041178,Robert Henry Jr.,WAS,RB,,0,prior,11.2,13.85,14.96,13.71,7.8,15.7,11.8,10.45,8.24,9.73,6.13,14.95,14.62,10.31,10.99,11.29,3.16,4.37,1.92,3.16,2.69,1.53,2.42,15.23,9.65,8.14,9.47,11.34,2.51,5.78,6.33,3.21,5.57,4.21,2.76,2.08,2.61,2.39,2.98,2.56,4.1,2.26,4.3,3.94,4.31,4.4,2.55,3.23,10.26
00-0034465,Jeremy Reaves,WAS,S,1.0,650,measured,13.4,12.97,13.44,14.03,7.69,13.6,11.8,14.88,8.92,9.91,13.7,8.06,8.74,17.99,10.99,11.29,3.54,3.87,3.64,2.37,2.95,3.19,2.55,1.0,2.58,1.18,3.56,2.12,3.64,2.65,4.37,4.43,3.1,3.86,4.87,2.95,4.12,14.22,16.93,15.23,11.42,12.42,9.17,9.28,3.44,3.16,2.42,3.76,9.8
00-0041181,Malik Spencer,WAS,S,,0,prior,11.0,14.09,14.73,13.86,7.01,14.15,11.8,11.09,12.69,10.75,6.66,17.31,12.47,10.31,10.99,11.29,1.66,1.0,1.73,3.74,2.0,2.34,1.87,1.47,2.81,2.16,1.04,3.02,1.73,1.96,5.06,3.65,3.42,2.33,3.7,2.21,4.19,9.26,10.27,15.41,8.81,9.81,8.96,11.16,1.95,3.19,4.22,3.08,9.8
00-0037616,Nick Cross,WAS,S,1.0,1907,measured,14.3,18.01,18.5,14.65,8.53,16.44,11.8,11.1,14.05,13.99,10.03,11.22,14.5,16.96,10.99,11.29,1.58,3.21,1.39,3.27,4.37,3.72,2.17,5.9,4.13,4.12,1.47,1.42,3.5,3.51,4.12,1.09,4.38,1.38,3.36,1.63,1.75,17.31,18.95,17.81,9.89,10.89,9.42,14.26,3.15,2.59,2.22,3.05,9.8
00-0038100,Percy Butler,WAS,S,3.0,625,measured,12.0,17.55,16.69,13.82,6.94,12.65,11.8,12.11,6.87,10.02,7.75,10.08,12.09,12.61,16.38,17.72,1.91,2.3,3.05,3.25,4.81,3.61,3.94,1.73,3.16,4.45,1.65,3.48,3.39,3.38,5.29,3.81,2.42,2.81,1.89,3.89,3.6,12.1,10.19,16.81,8.21,9.21,8.94,12.91,2.32,3.73,1.74,2.41,9.8
00-0039149,Quan Martin,WAS,S,2.0,1621,measured,11.5,15.24,17.51,14.01,7.5,19.31,11.8,10.95,7.57,8.66,6.79,7.93,14.67,15.21,14.37,14.23,2.37,2.85,3.69,4.2,1.77,3.32,3.4,3.36,1.61,3.06,3.42,3.26,2.87,1.35,3.6,4.82,3.47,4.2,3.7,2.58,2.92,8.6,13.16,18.12,7.87,8.87,9.11,11.93,3.5,3.9,3.75,4.5,9.8
00-0039681,Tyler Owens,WAS,S,2.0,64,prior,8.8,13.71,16.86,13.87,8.55,18.54,11.8,8.77,7.72,5.74,7.77,11.91,7.31,8.41,5.63,8.04,2.44,2.83,3.16,2.29,3.71,3.46,4.39,2.02,2.66,5.61,3.11,1.49,3.74,2.74,4.18,1.0,1.7,4.49,2.71,1.01,2.2,13.31,9.7,10.19,5.16,6.16,9.43,6.05,2.66,5.32,3.28,1.54,9.8
00-0039912,Ben Sinnott,WAS,TE,3.0,504,measured,9.3,11.08,14.01,15.24,9.31,17.27,11.8,7.5,8.36,4.67,7.16,9.24,12.06,13.77,16.55,11.29,2.92,3.08,2.85,2.93,2.57,4.63,1.38,15.26,2.5,6.32,8.98,11.92,10.33,7.37,7.64,9.84,7.17,7.68,2.93,3.14,2.61,3.35,2.38,4.77,3.34,3.39,3.23,2.52,4.11,2.33,2.82,2.83,3.81
00-0037809,Chig Okonkwo,WAS,TE,1.0,1327,measured,13.0,13.85,14.12,12.42,8.89,14.26,11.8,9.97,7.32,10.41,8.96,7.68,7.45,16.96,10.99,17.52,4.77,2.97,3.11,3.77,2.58,3.25,2.73,10.88,4.3,10.29,12.94,11.55,15.75,14.61,12.84,15.92,9.49,13.77,3.13,4.05,3.87,2.58,1.53,2.72,3.88,4.98,3.01,3.53,5.34,1.91,2.98,2.82,4.4
00-0039686,Colson Yankoff,WAS,TE,4.0,93,prior,8.8,12.73,13.82,13.17,7.37,14.93,11.8,9.63,4.73,4.96,6.44,12.69,14.27,5.87,15.27,11.29,1.77,4.75,2.07,2.89,4.02,2.82,3.24,6.75,3.0,4.92,7.57,13.68,6.24,5.32,4.78,9.42,9.37,7.27,3.54,3.37,3.5,3.27,1.0,3.32,3.66,1.97,3.04,1.0,1.28,2.07,3.73,2.47,5.02
00-0039305,Jack Westover,WAS,TE,,202,measured,9.2,11.28,12.52,11.91,9.86,13.52,11.8,9.07,5.94,10.22,6.45,15.7,10.27,14.76,10.99,18.22,1.01,4.62,2.92,2.45,3.91,5.19,1.68,6.71,2.08,5.67,8.32,10.93,7.29,4.96,6.16,12.82,8.46,10.66,2.91,2.99,3.01,2.49,2.75,1.76,2.92,2.91,4.14,3.19,2.88,4.41,6.02,1.75,4.6
00-0036628,John Bates,WAS,TE,2.0,988,measured,9.5,8.51,11.11,13.86,9.5,12.0,11.8,8.92,8.26,4.89,8.26,11.47,9.36,14.16,6.14,16.36,3.02,2.86,4.42,2.8,2.48,4.5,2.54,8.78,3.53,11.55,14.21,6.86,10.6,9.08,12.09,8.03,10.99,5.88,5.2,2.83,4.04,1.01,2.8,6.07,4.75,2.87,3.86,3.31,1.73,1.87,2.69,2.29,3.84
00-0040552,Joshua Simon,WAS,TE,,0,prior,9.4,11.64,12.86,12.42,8.82,13.87,11.8,9.1,5.17,8.48,7.86,14.79,15.24,10.31,10.99,11.29,1.63,2.33,2.68,3.05,3.02,1.95,1.47,6.43,1.18,2.05,4.7,19.4,5.68,4.19,4.19,8.8,11.85,6.64,3.29,3.43,4.15,3.05,2.43,3.1,1.63,1.83,1.66,2.95,3.14,2.59,2.8,3.72,2.0
00-0041040,Antonio Williams,WAS,WR,1.0,0,prior,12.3,16.39,16.32,13.54,5.0,16.78,11.8,9.15,11.57,13.51,7.49,7.76,10.89,10.31,10.99,11.29,4.24,2.76,2.55,1.54,2.95,3.36,2.11,15.99,11.08,12.38,11.31,12.57,7.43,10.94,9.71,2.98,1.79,1.27,3.56,5.06,2.78,2.77,2.71,2.24,2.2,2.4,2.53,3.29,3.41,4.0,2.62,2.68,12.81
00-0036626,Dyami Brown,WAS,WR,2.0,732,measured,11.1,15.24,16.69,13.95,9.0,14.96,11.8,12.19,11.11,9.48,7.68,13.52,10.13,14.33,17.62,7.02,3.36,3.04,2.63,2.71,2.08,1.44,1.61,8.21,5.73,7.04,5.96,7.61,8.65,9.84,11.84,3.7,1.0,2.34,2.04,3.47,2.27,3.98,2.32,3.15,2.94,1.22,3.95,2.55,4.27,3.67,1.0,1.59,15.03
00-0041176,Jaden Bradley,WAS,WR,,0,prior,8.7,14.89,15.71,14.79,5.73,14.98,11.8,6.99,10.02,9.57,7.33,14.64,10.74,10.31,10.99,11.29,3.65,4.8,3.2,2.18,3.45,4.2,2.8,7.61,4.36,7.0,5.93,5.54,4.66,6.25,6.26,1.42,1.72,3.24,1.91,1.9,3.63,2.91,3.52,1.78,4.95,2.26,3.87,4.38,3.03,1.0,3.44,3.7,13.23
00-0040164,Jaylin Lane,WAS,WR,3.0,312,measured,9.7,18.01,18.82,16.73,7.0,17.92,11.8,10.86,7.39,9.09,5.2,7.41,12.62,13.04,10.99,11.29,4.3,4.27,3.69,2.07,3.06,4.16,1.0,7.91,3.88,4.06,2.99,3.62,4.37,8.11,8.78,3.06,3.41,2.66,4.13,4.36,3.53,2.08,3.62,1.71,2.82,2.47,2.85,3.28,3.17,2.33,2.35,2.71,12.5
00-0039355,Luke McCaffrey,WAS,WR,2.0,417,measured,11.0,15.24,14.96,18.03,6.34,14.64,11.8,9.72,12.09,9.73,6.29,10.01,12.84,14.76,10.99,11.29,4.53,4.3,4.08,3.42,2.94,3.12,2.27,12.59,6.97,10.03,8.96,11.37,7.42,7.51,7.42,1.0,1.97,4.21,2.75,2.82,2.2,2.66,2.14,4.62,2.52,3.38,1.68,5.13,3.35,3.97,4.18,2.13,17.06
00-0031588,Stefon Diggs,WAS,WR,1.0,1228,measured,15.2,13.69,11.83,11.53,6.69,11.82,11.8,17.31,18.32,16.11,14.86,10.85,11.91,17.99,10.99,14.29,3.22,3.57,4.77,3.01,3.37,3.73,4.47,10.68,12.97,12.27,11.19,18.69,19.16,15.29,13.5,4.45,2.53,3.91,1.47,4.0,1.93,2.35,1.53,3.34,2.98,3.47,3.37,1.71,2.03,2.67,3.04,3.13,13.12
00-0035659,Terry McLaurin,WAS,WR,1.0,1399,measured,15.1,16.82,16.27,13.59,9.0,15.23,11.8,15.49,14.7,13.25,9.62,14.13,8.72,5.39,4.27,4.72,5.47,3.07,2.11,3.84,4.38,2.51,2.48,12.31,11.13,9.19,8.12,18.21,18.6,13.13,10.83,2.53,1.71,3.69,3.46,4.26,3.83,3.07,3.0,1.7,2.56,3.34,2.52,1.35,3.21,1.97,3.68,3.5,13.81
00-0037742,Treylon Burks,WAS,WR,2.0,553,measured,8.8,13.29,14.17,11.61,8.24,13.26,11.8,9.78,8.52,11.64,6.89,10.18,11.14,4.28,6.58,15.92,4.59,3.05,4.41,4.9,2.69,3.1,2.42,13.44,4.47,5.42,4.35,7.79,6.0,6.13,8.22,2.08,4.42,4.43,3.36,3.36,2.38,2.97,1.96,3.62,3.04,2.27,3.62,2.04,1.98,2.2,3.74,2.89,12.88
00-0036415,Van Jefferson,WAS,WR,,1269,measured,8.4,14.15,14.71,13.3,6.77,14.43,11.8,11.3,6.11,5.98,8.21,8.67,8.58,13.68,13.75,17.66,2.96,1.97,2.01,2.94,3.93,2.4,2.58,7.45,2.56,4.69,3.61,5.94,7.31,5.71,5.63,4.18,3.44,4.94,2.46,3.58,4.26,3.23,3.42,3.17,2.45,1.0,2.63,2.75,3.87,3.49,2.59,3.16,10.78
