gsis_id,name,team,position,roster_status,nfl_status,jersey,birth_date,height_in,weight_lb,college,years_exp,draft_year,draft_round,draft_pick,draft_team,depth_rank
00-0037572,Alec Lindstrom,,C,fa,CUT,61,1997-07-07,75,298,Boston College,3,2022,,,,
00-0039502,Andrew Raym,,C,fa,CUT,66,2001-05-02,76,305,Oklahoma,1,2024,,,,
00-0039675,Bucky Williams,,C,fa,CUT,62,2000-03-20,75,300,Appalachian State; Austin Peay,1,2024,,,,
00-0037531,Dohnovan West,,C,fa,CUT,62,,,300,,3,2022,,,,
00-0037088,Doug Kramer,,C,fa,CUT,68,1998-06-04,74,305,Illinois,3,2022,6,207,CHI,3
00-0040359,Jacob Bayer,,C,fa,CUT,61,2002-12-12,75,310,Arkansas State; Lamar,0,2025,,,,
00-0036273,Jake Hanson,,C,fa,CUT,72,1997-04-29,76,297,Oregon,5,2020,6,208,GB,
00-0040422,Jake Majors,,C,fa,CUT,65,2002-01-17,75,315,Texas,0,2025,,,,2
00-0040483,Jarrod Hufford,,C,fa,CUT,64,,,320,,0,2025,,,,
00-0036859,Jimmy Morrissey,,C,fa,CUT,67,1998-06-09,76,305,Pittsburgh,4,2021,7,230,LV,
00-0040717,Joey Lombard,,C,fa,CUT,68,,,305,,0,2025,,,,
00-0039704,Matthew Cindric,,C,fa,CUT,73,1999-08-02,76,295,California,1,2024,,,,
00-0038358,Mike Mcallister,,C,fa,CUT,54,1999-06-12,74,308,Youngstown State,2,2023,,,,
00-0036236,Nick Harris,,C,fa,CUT,61,1998-11-13,73,302,Washington,5,2020,5,160,CLE,
00-0035062,Sam Mustipher,,C,fa,CUT,60,1996-08-13,74,311,Notre Dame,6,2019,,,,
00-0039612,Sincere Haynesworth,,C,fa,CUT,61,2001-04-13,73,310,Tulane,1,2024,,,,
00-0036856,Trey Hill,,C,fa,CUT,64,2000-01-23,76,330,Georgia,4,2021,6,190,CIN,
00-0037396,Wesley French,,C,fa,CUT,62,1996-11-30,76,310,Western Michigan,3,2022,,,,
00-0039685,A.J. Woods,,CB,fa,CUT,39,2001-03-28,71,195,Pittsburgh,1,2024,,,,
00-0040770,Ajani Carter,,CB,fa,CUT,46,2000-08-17,74,200,Houston; Utah State,0,2025,,,,
00-0039506,Alex Johnson,,CB,fa,CUT,39,2000-10-11,72,190,UCLA,1,2024,,,,
00-0037415,Allan George,,CB,fa,CUT,25,1999-07-16,71,195,Vanderbilt,3,2022,,,,
00-0035270,Amani Oruwariye,,CB,fa,CUT,31,1996-02-09,74,203,Penn State,6,2019,5,146,DET,
00-0038130,Andrew Booth,,CB,fa,CUT,25,2000-09-28,72,200,Clemson,3,2022,2,42,MIN,
00-0033503,Arthur Maulet,,CB,fa,CUT,22,1993-07-13,69,190,Memphis; Copiah-Lincoln Junior College,8,2017,,,,
00-0040343,Aydan White,,CB,fa,CUT,40,,,189,,0,2025,,,,
00-0038916,Azizi Hearn,,CB,fa,CUT,47,1999-06-05,73,206,UCLA; Arizona,2,2023,,,,
00-0040297,BJ Adams,,CB,fa,CUT,45,,,190,,0,2025,,,,
00-0040029,BJ Mayes,,CB,fa,CUT,36,,,190,,0,2025,,,,
00-0040565,Brandon Crossley,,CB,fa,CUT,37,2001-01-17,72,185,SMU; Colorado State,0,2025,,,,
00-0036330,Cameron Dantzler,,CB,fa,CUT,47,1998-09-03,74,185,Mississippi State,5,2020,3,89,MIN,
00-0037095,Christian Holmes,,CB,fa,CUT,22,1997-11-14,73,201,Oklahoma State,3,2022,7,240,WAS,
00-0040519,Clarence Lewis,,CB,fa,CUT,36,2000-12-08,72,201,Syracuse; Notre Dame,0,2025,,,,
00-0039322,D.J. Miller,,CB,fa,CUT,42,,,190,,1,2024,,,,
00-0039883,Daequan Hardy,,CB,fa,CUT,25,2001-06-13,69,178,Penn State,1,2024,6,219,BUF,
00-0037395,Dallis Flowers,,CB,fa,CUT,35,1997-06-04,73,190,Pittsburg State (KS),3,2022,,,,
00-0037984,Damarion Williams,,CB,fa,CUT,37,1998-07-15,70,180,Houston,3,2022,4,141,BAL,
00-0040523,Davion Ross,,CB,fa,CUT,40,,,175,,0,2025,,,,
00-0039378,Deantre Prince,,CB,fa,CUT,24,2000-10-12,72,185,Mississippi,1,2024,5,153,JAX,
00-0040103,Desmond Igbinosun,,CB,fa,CUT,41,,,213,,0,2025,,,,
00-0040341,Doneiko Slaughter,,CB,fa,CUT,35,,,190,Arkansas; Tennessee,0,2025,,,,
00-0035696,Duke Shelley,,CB,fa,CUT,34,1996-10-08,69,183,Kansas State,6,2019,6,205,CHI,
00-0038956,Ekow Boye-Doe,,CB,fa,CUT,35,1999-11-04,72,171,Kansas State,2,2023,,,,
00-0035862,Essang Bassey,,CB,fa,CUT,38,1998-09-12,70,190,Wake Forest,5,2020,,,,
00-0040308,Ethan Robinson,,CB,fa,CUT,46,2003-04-30,72,190,Minnesota; Bucknell,0,2025,,,,
00-0039646,Gabe Jeudy-Lally,,CB,fa,CUT,32,2001-02-16,73,190,Tennessee; BYU; Vanderbilt,1,2024,,,,
00-0040516,Garnett Hollis Jr.,,CB,fa,CUT,36,,,201,,0,2025,,,,
00-0040091,Glendon Miller,,CB,fa,CUT,25,,,206,,0,2025,,,,
00-0037296,Gregory Junior,,CB,fa,CUT,30,1999-06-21,72,190,Ouachita Baptist University,3,2022,6,197,JAX,
00-0036344,Harrison Hand,,CB,fa,CUT,37,1998-11-12,71,192,Temple,5,2020,5,169,MIN,
00-0040479,Hudson Clark,,CB,fa,CUT,38,,,191,,0,2025,,,,
00-0040389,Ian Kennelly,,CB,fa,CUT,27,,,205,,0,2025,,,,
00-0040282,Isaac Gifford,,CB,fa,CUT,25,,,202,,0,2025,,,,
00-0038641,Isaiah Bolden,,CB,fa,CUT,29,1999-12-16,74,205,Jackson State University,2,2023,7,245,NE,
00-0040065,Isas Waxter,,CB,fa,CUT,36,2001-09-17,74,209,Villanova,0,2025,,,,
00-0040278,JaTravis Broughton,,CB,fa,CUT,43,,,195,,0,2025,,,,
00-0040084,Jacobe Covington,,CB,fa,CUT,40,,,200,,0,2025,,,,
00-0032803,Jalen Mills,,CB,fa,CUT,26,1994-04-06,72,191,LSU,9,2016,7,233,PHI,
00-0040777,JayVian Farr,,CB,fa,CUT,11,,,192,,0,2025,,,,
00-0040474,Jaylen Jones,,CB,fa,CUT,35,,,203,,0,2025,,,,
00-0040610,Jeremiah Walker,,CB,fa,CUT,23,,,194,,0,2025,,,,
00-0040515,Jermari Harris,,CB,fa,CUT,30,,,177,,0,2025,,,,
00-0040484,John Humphrey,,CB,fa,CUT,39,,,196,,0,2025,,,,
00-0040575,Jordan Polk,,CB,fa,CUT,39,,,195,,0,2025,,,,
00-0040448,Joshua Pickett,,CB,fa,CUT,39,,,188,,0,2025,,,,
00-0038668,Kaleb Hayes,,CB,fa,CUT,38,1999-03-19,72,195,BYU; Oregon State,2,2023,,,,
00-0040750,Kam Alexander,,CB,fa,CUT,40,,,175,,0,2025,,,,
00-0040499,Keenan Garber,,CB,fa,CUT,35,2000-07-22,72,188,Kansas State,0,2025,,,,
00-0038819,Keenan Isaac,,CB,fa,CUT,38,2000-02-17,75,190,Alabama State,2,2023,,,,
00-0036561,Keith Taylor,,CB,fa,CUT,39,1999-05-03,75,195,Washington,4,2021,5,166,CAR,
00-0035542,Kemon Hall,,CB,fa,CUT,43,1997-06-02,71,190,North Texas,6,2019,,,,
00-0035255,Kendall Sheffield,,CB,fa,CUT,14,1996-05-30,70,212,Ohio State; Blinn College; Alabama,6,2019,4,111,ATL,
00-0040674,Keydrain Calligan,,CB,fa,CUT,17,2001-12-04,73,200,Southeastern Louisiana; Jackson State University,0,2025,,,,
00-0037484,Kyler McMichael,,CB,fa,CUT,37,2000-03-22,72,210,North Carolina,3,2022,,,,
00-0040355,Ladarius Tennison,,CB,fa,CUT,43,,,200,,0,2025,,,,
00-0039638,Lance Robinson,,CB,fa,CUT,39,2000-03-20,70,180,Tulane; Kansas State,1,2024,,,,
00-0036101,Luq Barcoo,,CB,fa,CUT,40,1998-07-27,73,175,San Diego State,5,2020,,,,
00-0039418,MJ Devonshire,,CB,fa,CUT,36,2000-09-12,71,190,Pittsburgh; Kentucky,1,2024,7,229,LV,
00-0040119,Major Williams,,CB,fa,CUT,42,,,190,,0,2025,,,,
00-0040437,Makari Paige,,CB,fa,CUT,38,,,208,,0,2025,,,,
00-0040612,Malik Dixon-Williams,,CB,fa,CUT,39,,,200,,0,2025,,,,
00-0037136,Mario Goodrich,,CB,fa,CUT,43,2000-01-12,72,186,Clemson,3,2022,,,,
00-0040026,Maxen Hook,,CB,fa,CUT,37,2001-08-19,72,205,Toledo,0,2025,,,,
00-0038482,Mekhi Garner,,CB,fa,CUT,26,2000-01-11,74,217,LSU; Navarro,2,2023,,,,
00-0040481,Mello Dotson,,CB,fa,CUT,28,,,190,,0,2025,,,,
00-0039403,Micah Abraham,,CB,fa,CUT,45,2000-12-11,71,185,Marshall,1,2024,6,201,IND,
00-0036390,Michael Ojemudia,,CB,fa,CUT,42,1997-09-12,73,200,Iowa,5,2020,3,77,DEN,
00-0032521,Mike Hilton,,CB,fa,CUT,38,1994-03-09,69,184,Mississippi,9,2016,,,,
00-0040051,Mike Smith Jr.,,CB,fa,CUT,39,,,213,,0,2025,,,,
00-0039694,Mikey Victor,,CB,fa,CUT,38,,,209,,1,2024,,,,
00-0040505,Mishael Powell,,CB,fa,CUT,40,,,210,,0,2025,,,,
00-0039453,Morice Norris Jr.,,CB,fa,CUT,26,2000-09-27,71,198,Fresno State; Orange Coast College,1,2024,,,,
00-0035485,Nate Brooks,,CB,fa,CUT,41,1996-09-05,72,192,North Texas,6,2019,,,,
00-0039028,Nehemiah Shelton,,CB,fa,CUT,41,1999-09-13,74,185,San Jose State,2,2023,,,,
00-0038841,Nick Whiteside,,CB,fa,CUT,38,2000-05-01,73,200,Saginaw Valley State,2,2023,,,,
00-0035346,Nik Needham,,CB,fa,CUT,25,1996-11-04,73,193,Texas-El Paso,6,2019,,,,
00-0040435,O'Donnell Fortune,,CB,fa,CUT,39,,,181,,0,2025,,,,
00-0039767,Quinton Newsome,,CB,fa,CUT,36,2001-07-11,73,180,Nebraska,1,2024,,,,
00-0040681,R.J. Moten,,CB,fa,CUT,46,,,229,,0,2025,,,,
00-0040423,Roman Parodie,,CB,fa,CUT,46,,,204,,0,2025,,,,
00-0039245,Ryan Cooper Jr.,,CB,fa,CUT,46,2001-08-31,71,187,Oregon State,1,2024,,,,
00-0040608,Shaquan Loyal,,CB,fa,CUT,47,,,204,,0,2025,,,,
00-0037337,Shaun Jolly,,CB,fa,CUT,24,1998-10-17,69,183,Appalachian State,3,2022,,,,
00-0036559,Shaun Wade,,CB,fa,CUT,26,1998-09-16,73,195,Ohio State,4,2021,5,160,BAL,
00-0039292,Shemar Bartholomew,,CB,fa,CUT,27,2000-06-06,73,200,Georgia Southern; Northwestern State (LA),1,2024,,,,
00-0040426,Shilo Sanders,,CB,fa,CUT,28,,,195,,0,2025,,,,
00-0038655,Steven Gilmore,,CB,fa,CUT,38,1999-09-17,72,170,Marshall,2,2023,,,,
00-0037833,Tariq Castro-Fields,,CB,fa,CUT,46,1999-01-14,73,195,Penn State,3,2022,6,221,SF,
00-0039469,Te'Cory Couch,,CB,fa,CUT,33,1999-09-06,70,175,Miami,1,2024,,,,
00-0034540,Tony Brown,,CB,fa,CUT,11,1995-07-13,72,198,Alabama,7,2018,,,,
00-0037593,Tre Avery,,CB,fa,CUT,30,1997-02-26,71,190,Rutgers,3,2022,,,,
00-0036885,Tre Brown,,CB,fa,CUT,22,1997-09-24,70,186,Oklahoma,4,2021,4,137,SEA,
00-0034516,Tre Herndon,,CB,fa,CUT,38,1996-03-05,71,185,Vanderbilt,7,2018,,,,
00-0037608,Tre Swilling,,CB,fa,CUT,39,1999-03-26,73,196,Georgia Tech,3,2022,,,,
00-0036299,Troy Pride,,CB,fa,CUT,32,1998-01-19,71,194,Notre Dame,5,2020,4,113,CAR,
00-0035783,Tyler Hall,,CB,fa,CUT,33,1998-10-31,70,190,Wyoming,5,2020,,,,
00-0039586,Tyrek Funderburk,,CB,fa,CUT,24,2000-11-28,72,185,Appalachian State; Richmond,1,2024,,,,3
00-0040038,Tyron Herring,,CB,fa,CUT,46,2001-04-14,74,195,Delaware; Dartmouth,0,2025,,,,
00-0040732,Tyson Russell,,CB,fa,CUT,35,,,185,,0,2025,,,,
00-0040082,Will Brooks,,CB,fa,CUT,36,,,206,,0,2025,,,,
00-0040052,Zy Alexander,,CB,fa,CUT,33,,,194,,0,2025,,,,
00-0040477,Anthony Booker,,DT,fa,CUT,73,,,348,,0,2025,,,,
00-0037356,Ben Stille,,DT,fa,CUT,97,1997-11-12,76,293,Nebraska,3,2022,,,,
00-0034461,Bruce Hector,,DT,fa,CUT,60,1994-10-07,74,296,University of South Florida,7,2018,,,,
00-0031938,Carl Davis,,DT,fa,CUT,77,1992-03-02,77,320,Iowa,10,2015,3,90,BAL,
00-0039510,Casey Rogers,,DT,fa,CUT,71,1998-12-18,77,305,Oregon; Nebraska,1,2024,,,,
00-0037375,Christopher Hinton,,DT,fa,CUT,98,2000-09-14,76,310,Michigan,3,2022,,,,
00-0040657,Da'Jon Terry,,DT,fa,CUT,98,,,330,,0,2025,,,,
00-0040707,Decarius Hawthorne,,DT,fa,CUT,92,,,290,,0,2025,,,,
00-0040513,Desmond Evans,,DT,fa,CUT,56,,,257,,0,2025,,,,
00-0040428,Desmond Watson,,DT,fa,CUT,56,2003-01-05,78,449,Florida,0,2025,,,,
00-0040345,Devonta Davis,,DT,fa,CUT,61,,,296,,0,2025,,,,
00-0040520,Devonte O'Malley,,DT,fa,CUT,69,,,293,,0,2025,,,,
00-0040626,Dvon J-Thomas,,DT,fa,CUT,73,,,305,,0,2025,,,,
00-0035928,Eric Banks,,DT,fa,CUT,93,1998-01-30,77,270,Texas-San Antonio,5,2020,,,,
00-0040403,Fatorma Mulbah,,DT,fa,CUT,62,2002-09-07,76,306,West Virginia; Penn State,0,2025,,,,
00-0039143,Isaiah Foskey,,DT,fa,CUT,55,2000-10-30,77,280,Notre Dame,2,2023,2,40,NO,
00-0038771,Jacob Sykes,,DT,fa,CUT,93,,,277,,2,2023,,,,
00-0040572,Jahvaree Ritzie,,DT,fa,CUT,93,,,290,North Carolina,0,2025,,,,
00-0040325,James Carpenter,,DT,fa,CUT,99,,,288,,0,2025,,,,
00-0040536,Jasheen Davis,,DT,fa,CUT,59,,,270,,0,2025,,,,
00-0037603,Jayden Peevy,,DT,fa,CUT,62,1999-09-03,77,315,Texas A&M,3,2022,,,,
00-0040276,Jereme Robinson,,DT,fa,CUT,78,,,255,,0,2025,,,,
00-0033582,Jeremiah Ledbetter,,DT,fa,CUT,96,1994-05-29,75,295,Arkansas; Hutchinson CC,8,2017,6,205,DET,
00-0038716,Jeremiah Martin,,DT,fa,CUT,65,2000-06-10,76,267,Washington; Texas A&M,2,2023,,,,
00-0037711,Jeremiah Pharms,,DT,fa,CUT,98,1996-10-16,75,270,Friends U.,5,2020,,,,2
00-0040348,Joe Evans,,DT,fa,CUT,61,,,335,,0,2025,,,,
00-0035903,Joe Gaziano,,DT,fa,CUT,90,1996-09-27,76,275,Northwestern,5,2020,,,,
00-0033347,Josh Tupou,,DT,fa,CUT,69,1994-05-02,75,345,Colorado,8,2017,,,,
00-0036537,Josiah Bronson,,DT,fa,CUT,73,1997-07-03,75,300,Washington,4,2021,,,,
00-0039432,Justin Rogers,,DT,fa,CUT,75,2001-09-12,75,346,Auburn,1,2024,7,244,DAL,
00-0039463,Keith Randolph Jr.,,DT,fa,CUT,60,,,300,,1,2024,,,,
00-0036350,Kenny Willekes,,DT,fa,CUT,49,1997-07-22,75,250,Michigan State,5,2020,7,225,MIN,
00-0038985,Keondre Coburn,,DT,fa,CUT,75,2000-05-23,74,344,Texas,2,2023,6,194,KC,
00-0039946,Kyon Barrs,,DT,fa,CUT,65,2001-11-09,74,290,USC,1,2024,,,,
00-0039433,Marcus Harris,,DT,fa,CUT,72,2000-09-27,75,295,Auburn; Kansas,1,2024,7,247,HOU,
00-0036420,McTelvin Agim,,DT,fa,CUT,72,1997-09-25,75,300,Arkansas,5,2020,3,95,DEN,
00-0036507,Michael Dwumfour,,DT,fa,CUT,62,1998-01-01,73,282,Rutgers; Michigan,4,2021,,,,
00-0037627,Mike Greene,,DT,fa,CUT,91,1999-05-03,75,285,James Madison,3,2022,,,,
00-0038634,Nesta Jade Silvera,,DT,fa,CUT,60,2000-01-23,74,315,Arizona State; Miami,2,2023,7,231,LV,
00-0039682,Norell Pollard,,DT,fa,CUT,64,2000-02-18,72,288,Virginia Tech,1,2024,,,,
00-0040542,Omari Thomas,,DT,fa,CUT,74,,,325,,0,2025,,,,
00-0040684,Patrick Jenkins,,DT,fa,CUT,90,2003-08-20,74,293,Tulane; TCU,0,2025,,,,
00-0040511,Philip Blidi,,DT,fa,CUT,55,,,284,,0,2025,,,,
00-0037779,Ralph Holley,,DT,fa,CUT,63,1999-01-22,73,285,Western Michigan,1,2024,,,,
00-0038842,Shakel Brown,,DT,fa,CUT,65,1998-12-04,75,299,Troy; Itawamba JC,2,2023,,,,
00-0035910,T.J. Smith,,DT,fa,CUT,95,1997-04-19,75,290,Arkansas,5,2020,,,,
00-0034842,Taven Bryan,,DT,fa,CUT,70,1996-03-11,76,291,Florida,7,2018,1,29,JAX,
00-0040022,Tommy Akingbesote,,DT,fa,CUT,92,2003-02-25,76,316,Maryland,0,2025,7,247,DAL,
00-0038405,Travis Bell,,DT,fa,CUT,95,1998-10-27,73,305,Kennesaw State,2,2023,7,218,CHI,
00-0040424,Warren Peeples,,DT,fa,CUT,59,,,230,,0,2025,,,,
00-0040064,Wy'Kevious Thomas,,DT,fa,CUT,69,2000-07-05,74,303,South Alabama,0,2025,,,,
00-0037804,Zachary Carter,,DT,fa,CUT,93,1999-04-07,76,290,Florida,3,2022,3,95,CIN,
00-0040761,Ahmed Hassanein,,EDGE,fa,CUT,61,2002-07-09,75,271,Boise State,0,2025,6,196,DET,
00-0038617,Amari Burney,,EDGE,fa,CUT,58,2000-06-19,74,228,Florida,2,2023,6,203,LV,
00-0038865,Andrew Farmer,,EDGE,fa,CUT,53,2000-04-19,76,250,Lane College,2,2023,,,,
00-0037638,Benton Whitley,,EDGE,fa,CUT,49,1999-02-12,76,250,Holy Cross,3,2022,,,,
00-0035984,Blake Lynch,,EDGE,fa,CUT,54,1997-02-14,75,225,Baylor,5,2020,,,,
00-0036045,Cam Gill,,EDGE,fa,CUT,28,1997-12-14,75,240,Wagner,5,2020,,,,
00-0036403,Casey Toohill,,EDGE,fa,CUT,94,1996-08-21,77,247,Stanford,5,2020,7,233,PHI,
00-0035692,Clelin Ferrell,,EDGE,fa,CUT,99,1997-05-17,76,265,Clemson,6,2019,1,4,LV,
00-0040351,Desmond Little,,EDGE,fa,CUT,78,,,240,,0,2025,,,,
00-0039486,Grayson Murphy,,EDGE,fa,CUT,42,2000-10-13,74,260,UCLA; North Texas,1,2024,,,,
00-0040486,Jah Joyner,,EDGE,fa,CUT,59,,,265,,0,2025,,,,
00-0039564,Jaylon Allen,,EDGE,fa,CUT,76,,,240,,1,2024,,,,
00-0036239,Jonathan Garvin,,EDGE,fa,CUT,96,1999-07-28,76,250,Miami,5,2020,7,242,GB,
00-0039053,Jose Ramirez,,EDGE,fa,CUT,33,1999-05-09,74,252,Eastern Michigan,2,2023,6,196,TB,
00-0038581,KJ Henry,,EDGE,fa,CUT,52,1999-01-27,76,255,Clemson,2,2023,5,137,WAS,
00-0037431,Kingsley Jonathan,,EDGE,fa,CUT,57,1998-04-28,76,260,Syracuse,3,2022,,,,
00-0038790,Marcus Haynes,,EDGE,fa,CUT,96,1998-04-07,76,240,Old Dominion,2,2023,,,,
00-0040665,Michael Fletcher,,EDGE,fa,CUT,97,,,275,,0,2025,,,,
00-0038682,Mitchell Agude,,EDGE,fa,CUT,50,1999-03-10,76,255,Miami; UCLA,2,2023,,,,
00-0039425,Myles Cole,,EDGE,fa,CUT,59,2000-04-29,78,280,Texas Tech; Louisiana-Monroe,1,2024,7,236,JAX,
00-0039447,Nate Lynn,,EDGE,fa,CUT,57,2002-07-06,75,255,William & Mary,1,2024,,,,
00-0040774,Nate Matlack,,EDGE,fa,CUT,57,,,250,,0,2025,,,,
00-0039294,Nelson Ceaser,,EDGE,fa,CUT,51,,,250,,1,2024,,,,
00-0039135,Ochaun Mathis,,EDGE,fa,CUT,45,1999-01-08,77,260,Nebraska; TCU,2,2023,6,189,LA,
00-0039509,Ovie Oghoufo,,EDGE,fa,CUT,90,2000-03-27,76,250,LSU; Texas; Notre Dame,1,2024,,,,
00-0037346,Owen Carney,,EDGE,fa,CUT,53,1999-02-08,75,252,Illinois,3,2022,,,,
00-0040115,Paris Shand,,EDGE,fa,CUT,59,,,275,,0,2025,,,,
00-0036938,Rashad Weaver,,EDGE,fa,CUT,99,1997-11-10,76,270,Pittsburgh,4,2021,4,135,TEN,
00-0036611,Raymond Johnson III,,EDGE,fa,CUT,56,1997-12-02,75,270,Georgia Southern,4,2021,,,,
00-0040054,Seth Coleman,,EDGE,fa,CUT,43,2000-12-07,77,250,Illinois,0,2025,,,,
00-0038404,Titus Leo,,EDGE,fa,CUT,98,1999-08-26,75,245,Wagner,2,2023,6,211,IND,
00-0036634,Tony Fields II,,EDGE,fa,CUT,40,1999-06-18,72,217,West Virginia,4,2021,5,153,CLE,
00-0040434,Trace Ford,,EDGE,fa,CUT,46,2001-01-24,74,252,Oklahoma; Oklahoma State,0,2025,,,,
00-0036664,Will Bradley-King,,EDGE,fa,CUT,69,1997-12-22,76,248,Baylor,4,2021,7,240,WAS,
00-0040530,Ben Sauls,,K,fa,CUT,29,2001-07-31,70,185,Pittsburgh,0,2025,,,,
00-0030098,Dustin Hopkins,,K,fa,CUT,7,1990-10-01,74,203,Florida State,12,2013,6,177,BUF,
00-0037542,John Parker Romo,,K,fa,CUT,37,1997-08-24,71,175,Virginia Tech; Central Arkansas,3,2022,,,,
00-0040356,Maddux Trujillo,,K,fa,CUT,48,,,170,,0,2025,,,,
00-0035189,Matthew Wright,,K,fa,CUT,37,1996-03-22,71,179,UCF,6,2019,,,,
00-0040407,Aaron Smith,,LB,fa,CUT,48,,,230,,0,2025,,,,
00-0040776,Alphonzo Tuputala,,LB,fa,CUT,35,,,240,,0,2025,,,,
00-0039539,Amari Gainer,,LB,fa,CUT,53,2000-06-22,75,235,North Carolina; Florida State,1,2024,,,,
00-0039587,Antonio Grier,,LB,fa,CUT,48,2000-01-18,73,230,Arkansas; University of South Florida,1,2024,,,,3
00-0040573,Cam Riley,,LB,fa,CUT,42,2002-03-29,77,237,Florida State; Auburn,0,2025,,,,
00-0037813,Channing Tindall,,LB,fa,CUT,41,2000-03-28,74,230,Georgia,3,2022,3,102,MIA,
00-0038719,Charlie Thomas,,LB,fa,CUT,48,2000-01-31,75,207,Georgia Tech,2,2023,,,,
00-0039580,Craig Young,,LB,fa,CUT,59,2001-03-13,75,225,Kansas; Ohio State,1,2024,,,,
00-0039318,Curtis Jacobs,,LB,fa,CUT,57,2002-02-18,73,235,Penn State,1,2024,,,,
00-0040622,D'Eryk Jackson,,LB,fa,CUT,46,,,245,,0,2025,,,,
00-0039444,DaRon Gilbert,,LB,fa,CUT,43,2001-05-26,73,222,Northern Illinois; Lafayette College,1,2024,,,,
00-0039707,Dallas Gant,,LB,fa,CUT,57,2000-05-16,74,230,Toledo; Ohio State,1,2024,,,,
00-0038669,Dequan Jackson,,LB,fa,CUT,57,1999-10-07,73,225,Colorado State,2,2023,,,,
00-0033549,Duke Riley,,LB,fa,CUT,45,1994-08-09,73,230,LSU,8,2017,3,75,ATL,
00-0038479,Dyontae Johnson,,LB,fa,CUT,54,2000-09-28,74,230,Toledo,2,2023,,,,
00-0040299,Eugene Asante,,LB,fa,CUT,51,2000-01-22,73,222,Auburn; North Carolina,0,2025,,,,
00-0036356,Isaiah Simmons,,LB,fa,CUT,28,1998-07-26,76,225,Clemson,5,2020,1,8,ARI,
00-0040755,J.J. Weaver,,LB,fa,CUT,47,,,241,,0,2025,,,,
00-0039457,Jacoby Windmon,,LB,fa,CUT,41,2001-08-20,74,250,Michigan State; UNLV,1,2024,,,,
00-0040783,Jake Chaney,,LB,fa,CUT,47,,,230,,0,2025,,,,
00-0036614,Jamin Davis,,LB,fa,CUT,52,1998-12-12,76,234,Kentucky,4,2021,1,19,WAS,
00-0033052,Jaylon Smith,,LB,fa,CUT,54,1995-06-14,74,245,Notre Dame,9,2016,2,34,DAL,
00-0040781,Joseph Vaughn,,LB,fa,CUT,49,,,238,,0,2025,,,,
00-0040596,Josh Pearcy,,LB,fa,CUT,59,,,245,,0,2025,,,,
00-0037184,Josh Ross,,LB,fa,CUT,47,1999-10-31,72,224,Michigan,3,2022,,,,
00-0039705,K.J. Cloyd,,LB,fa,CUT,48,2001-02-19,74,228,Miami; Louisville,1,2024,,,,
00-0040313,Kam Arnold,,LB,fa,CUT,46,2002-02-19,73,228,Boston College,0,2025,,,,
00-0037383,Kana'i Mauga,,LB,fa,CUT,56,2000-01-08,74,245,USC,3,2022,,,,
00-0040463,Kylan Guidry,,LB,fa,CUT,59,,,240,,0,2025,,,,
00-0040025,Lance Dixon,,LB,fa,CUT,41,2001-07-18,74,233,Toledo,0,2025,,,,
00-0039224,Marvin Moody,,LB,fa,CUT,44,,,230,,2,2023,,,,
00-0040485,Matt Jones,,LB,fa,CUT,42,,,246,,0,2025,,,,
00-0039429,Michael Barrett,,LB,fa,CUT,43,1999-12-21,72,239,Michigan,1,2024,7,240,CAR,
00-0040549,Nick Kubitz,,LB,fa,CUT,59,,,229,,0,2025,,,,
00-0040270,Power Echols,,LB,fa,CUT,57,2003-01-20,72,225,North Carolina,0,2025,,,,
00-0040346,Solomon DeShields,,LB,fa,CUT,53,,,235,,0,2025,,,,
00-0040630,Stone Blanton,,LB,fa,CUT,50,2002-09-12,74,230,Mississippi State; South Carolina,0,2025,,,,
00-0039670,Tre'Mon Morris-Brash,,LB,fa,CUT,57,2000-09-29,74,245,UCF,1,2024,,,,
00-0040540,Tyreem Powell,,LB,fa,CUT,57,,,240,,0,2025,,,,
00-0037153,Vi Jones,,LB,fa,CUT,53,1998-05-05,74,220,N.C. State,3,2022,,,,
00-0040607,Wesley Steiner,,LB,fa,CUT,44,,,242,,0,2025,,,,
00-0037639,William Kwenkeu,,LB,fa,CUT,57,1997-01-08,73,235,Temple,3,2022,,,,
00-0040780,Xander Mueller,,LB,fa,CUT,49,,,232,,0,2025,,,,
00-0036217,Blake Ferguson,,LS,fa,CUT,49,1997-04-21,75,235,LSU,5,2020,6,185,MIA,
00-0037412,Cal Adomitis,,LS,fa,CUT,48,1998-07-09,74,250,Pittsburgh,3,2022,,,,
00-0040271,Luke Elkin,,LS,fa,CUT,43,2002-06-27,73,230,Iowa,0,2025,,,,
00-0033196,Zach Triner,,LS,fa,CUT,43,1991-01-30,75,245,Assumption,9,2016,,,,
00-0040312,Addison West,,OG,fa,CUT,65,,,305,,0,2025,,,,
00-0036317,Arlington Hambright,,OG,fa,CUT,68,1996-01-30,77,300,Colorado,5,2020,7,226,CHI,
00-0036093,Bill Murray,,OG,fa,CUT,60,1997-07-03,75,280,William & Mary,5,2020,,,,
00-0037225,Chris Glaser,,OG,fa,CUT,63,1999-10-01,76,300,Virginia,3,2022,,,,
00-0039716,Doug Nester,,OG,fa,CUT,72,2000-08-07,78,319,West Virginia; Virginia Tech,1,2024,,,,
00-0039468,Gunner Britton,,OG,fa,CUT,78,,,312,,1,2024,,,,
00-0040040,J.J. Lippe,,OG,fa,CUT,61,,,311,,0,2025,,,,
00-0037089,Ja'Tyre Carter,,OG,fa,CUT,65,1999-01-15,75,275,Southern,3,2022,7,226,CHI,
00-0040564,Jack Conley,,OG,fa,CUT,74,2001-06-15,79,325,Boston College,0,2025,,,,
00-0039512,Javion Cohen,,OG,fa,CUT,67,2002-08-08,76,305,Miami; Alabama,1,2024,,,,
00-0035997,Julian Good-Jones,,OG,fa,CUT,61,1997-03-02,77,308,Iowa State,5,2020,,,,
00-0039624,Kyle Hergel,,OG,fa,CUT,60,1999-10-07,74,305,Boston College; Texas State-San Marcos,1,2024,,,,
00-0039434,LaDarius Henderson,,OG,fa,CUT,73,2001-12-11,76,315,Michigan; Arizona State,1,2024,7,249,HOU,
00-0037308,Lecitus Smith,,OG,fa,CUT,68,1998-07-13,75,315,Virginia Tech,3,2022,6,215,ARI,
00-0040286,Luke Kandra,,OG,fa,CUT,67,,,323,,0,2025,,,,
00-0038832,Mason Brooks,,OG,fa,CUT,63,1999-10-11,78,315,Mississippi; Western Kentucky,2,2023,,,,
00-0033995,Michael Dunn,,OG,fa,CUT,60,1994-08-28,77,307,Maryland,8,2017,,,,
00-0040664,Michael Gonzalez,,OG,fa,CUT,69,,,305,,0,2025,,,,
00-0039472,Mike Edwards,,OG,fa,CUT,65,1998-11-10,77,355,Campbell University; Wake Forest,1,2024,,,,
00-0036170,Mike Panasiuk,,OG,fa,CUT,61,1997-10-13,75,300,Michigan State,5,2020,,,,
00-0040475,Nash Jones,,OG,fa,CUT,62,2002-03-29,77,320,Texas State-San Marcos,0,2025,,,,
00-0036399,Netane Muti,,OG,fa,CUT,52,1999-03-27,75,307,Fresno State,5,2020,6,181,DEN,
00-0038633,Nick Broeker,,OG,fa,CUT,68,2000-10-07,76,305,Mississippi,2,2023,7,230,BUF,
00-0038826,Raiqwon O'Neal,,OG,fa,CUT,75,2000-01-12,76,305,UCLA,2,2023,,,,2
00-0036631,Royce Newman,,OG,fa,CUT,71,1997-08-17,77,305,Mississippi,4,2021,4,142,GB,
00-0040367,Rush Reimer,,OG,fa,CUT,63,,,300,,0,2025,,,,
00-0036334,Saahdiq Charles,,OG,fa,CUT,77,1999-07-26,76,295,LSU,5,2020,4,108,WAS,
00-0036397,Shane Lemieux,,OG,fa,CUT,66,1997-05-12,76,317,Oregon,5,2020,5,150,NYG,
00-0040287,Steven Losoya,,OG,fa,CUT,66,,,324,,0,2025,,,,
00-0035384,Sua Opeta,,OG,fa,CUT,76,1996-08-15,76,305,Weber State,6,2019,,,,
00-0036437,Tremayne Anchrum,,OG,fa,CUT,78,1998-06-24,74,315,Clemson,5,2020,7,250,LA,
00-0040036,Tyler Cooper,,OG,fa,CUT,60,2001-04-20,78,310,Minnesota,0,2025,,,,
00-0037167,Tyrese Robinson,,OG,fa,CUT,55,1999-08-21,75,326,Oklahoma,3,2022,,,,
00-0036535,Will Sherman,,OG,fa,CUT,78,1999-05-27,76,305,Colorado,4,2021,6,197,NE,
00-0035468,Zack Bailey,,OG,fa,CUT,79,1995-11-08,77,299,South Carolina,6,2019,,,,
00-0036015,Zack Johnson,,OG,fa,CUT,77,1997-01-19,78,315,North Dakota State,5,2020,,,,
00-0035233,Andre Dillard,,OT,fa,CUT,65,1995-10-03,77,315,Washington State,6,2019,1,22,PHI,
00-0037620,Andrew Stueber,,OT,fa,CUT,73,1999-07-01,79,338,Michigan,3,2022,7,245,NE,
00-0039933,Bayron Matos,,OT,fa,CUT,70,2000-12-08,79,291,University of South Florida; New Mexico,1,2024,,,,4
00-0040614,Ben Dooley,,OT,fa,CUT,66,,,320,,0,2025,,,,
00-0031622,Bobby Hart,,OT,fa,CUT,51,1994-08-21,77,310,Florida State,10,2015,7,226,NYG,
00-0034763,Brandon Parker,,OT,fa,CUT,75,1995-10-21,80,320,North Carolina A&T,7,2018,3,65,LV,
00-0040370,Caleb Etienne,,OT,fa,CUT,77,2001-08-29,80,330,BYU; Oklahoma State; Butler University,0,2025,,,,3
00-0033300,Conor McDermott,,OT,fa,CUT,68,1992-10-19,80,305,UCLA,8,2017,6,211,NE,
00-0040465,Corey Stewart,,OT,fa,CUT,65,,,318,,0,2025,,,,
00-0040266,Dartanyan Tinsley,,OT,fa,CUT,65,,,320,,0,2025,,,,
00-0037414,Devin Cochran,,OT,fa,CUT,76,1998-07-17,79,314,Georgia Tech,3,2022,,,,
00-0039262,Gottlieb Ayedze,,OT,fa,CUT,72,2000-04-10,77,320,Maryland; Frostburg State,1,2024,,,,
00-0035295,Isaiah Prince,,OT,fa,CUT,76,1997-07-29,79,305,Ohio State,6,2019,6,202,MIA,
00-0035003,Jackson Barton,,OT,fa,CUT,68,1995-08-08,79,302,Utah,6,2019,7,240,IND,
00-0036865,Jackson Carman,,OT,fa,CUT,76,2000-01-22,77,345,Clemson,4,2021,2,46,CIN,
00-0038607,Jaelyn Duncan,,OT,fa,CUT,71,2000-07-08,78,320,Maryland,2,2023,6,186,TEN,
00-0040439,Jaison Williams,,OT,fa,CUT,68,,,320,,0,2025,,,,
00-0037600,Jalen McKenzie,,OT,fa,CUT,75,1999-07-10,77,315,USC,3,2022,,,,
00-0040256,Jason Ivey,,OT,fa,CUT,72,,,300,,0,2025,,,,
00-0034937,John Leglue,,OT,fa,CUT,57,1996-04-17,79,310,Tulane,6,2019,,,,
00-0040760,Jonathan Mendoza,,OT,fa,CUT,79,,,308,,0,2025,,,,
00-0040555,Jordan Williams,,OT,fa,CUT,62,,,315,,0,2025,,,,
00-0035317,Joshua Miles,,OT,fa,CUT,78,1996-01-04,77,314,Morgan State,6,2019,7,248,ARI,
00-0039428,Josiah Ezirim,,OT,fa,CUT,72,2001-05-21,78,320,Eastern Kentucky,1,2024,7,239,NO,
00-0039251,Julian Pearl,,OT,fa,CUT,69,1999-10-06,78,315,Illinois,1,2024,,,,
00-0038471,Kadeem Telfort,,OT,fa,CUT,76,1998-11-10,79,330,UAB,2,2023,,,,
00-0039655,Karsen Barnhart,,OT,fa,CUT,61,2001-03-02,77,316,Michigan,1,2024,,,,
00-0031534,La'el Collins,,OT,fa,CUT,72,1993-07-26,76,320,LSU,10,2015,,,,
00-0039932,Laekin Vakalahi,,OT,fa,CUT,67,2003-01-28,77,320,,1,2024,,,,
00-0037591,Leroy Watson IV,,OT,fa,CUT,72,1998-06-10,77,260,Texas-San Antonio,3,2022,,,,
00-0038223,Liam Fornadel,,OT,fa,CUT,50,1999-06-17,76,310,James Madison,3,2022,,,,
00-0039517,Lorenzo Thompson,,OT,fa,CUT,69,2000-06-21,78,295,Rhode Island,1,2024,,,,
00-0040442,Marques Cox,,OT,fa,CUT,70,1999-12-28,77,311,Kentucky; Northern Illinois,0,2025,,,,
00-0040349,Marshall Foerner,,OT,fa,CUT,64,,,299,,0,2025,,,,
00-0040491,Parker Clements,,OT,fa,CUT,70,,,302,,0,2025,,,,
00-0038676,Richard Gouraige,,OT,fa,CUT,75,1998-10-15,77,312,Florida,2,2023,,,,
00-0037040,Roy Mbaeteka,,OT,fa,CUT,79,2000-02-13,80,309,,4,2021,,,,
00-0038199,Ryan Nelson,,OT,fa,CUT,74,,,315,,3,2022,,,,
00-0038670,Samuel Jackson,,OT,fa,CUT,68,,,335,,2,2023,,,,
00-0037381,Sebastian Gutierrez,,OT,fa,CUT,58,1998-07-06,77,295,Minot State University,3,2022,,,,
00-0040602,Trey Wedig,,OT,fa,CUT,64,2002-01-10,79,319,Indiana; Wisconsin,0,2025,,,,
00-0036214,Tyre Phillips,,OT,fa,CUT,62,1997-01-29,77,345,Mississippi State; East Mississippi JC,5,2020,3,106,BAL,
00-0037618,Zach Thomas,,OT,fa,CUT,78,1998-05-26,77,300,San Diego State,3,2022,6,186,CHI,
00-0033729,Cameron Johnston,,P,fa,CUT,5,1992-02-24,71,194,Ohio State,8,2017,,,,
00-0040114,James Burnip,,P,fa,CUT,46,,,236,,0,2025,,,,
00-0040768,Oscar Chapman,,P,fa,CUT,91,,,211,,0,2025,,,,
00-0039464,Austin Reed,,QB,fa,CUT,16,2000-02-22,73,220,Western Kentucky; University of West Florida; Southern Illinois,1,2024,,,,
00-0036384,Ben DiNucci,,QB,fa,CUT,16,1996-11-24,75,210,James Madison,5,2020,7,231,DAL,
00-0040569,Ben Wooldridge,,QB,fa,CUT,17,,,216,,0,2025,,,,
00-0035939,Bryce Perkins,,QB,fa,CUT,10,1996-12-20,75,215,Virginia,5,2020,,,,
00-0039534,Carter Bradley,,QB,fa,CUT,14,2000-03-09,75,216,South Alabama; Toledo,1,2024,,,,4
00-0038122,Desmond Ridder,,QB,fa,CUT,4,1999-08-31,75,215,Cincinnati,3,2022,3,74,ATL,
00-0039801,Devin Leary,,QB,fa,CUT,13,1999-09-10,73,212,Kentucky; N.C. State,1,2024,6,218,BAL,
00-0038583,Dorian Thompson-Robinson,,QB,fa,CUT,14,1999-11-14,74,205,UCLA,2,2023,5,140,CLE,
00-0038385,Dresser Winn,,QB,fa,CUT,4,1998-11-11,75,215,Tennessee-Martin,2,2023,,,,
00-0039501,Jack Plummer,,QB,fa,CUT,16,1999-10-21,77,215,Louisville; California; Purdue,1,2024,,,,
00-0038998,Jake Haener,,QB,fa,CUT,3,1999-03-10,73,195,Fresno State; Washington,2,2023,4,127,NO,3
00-0039575,Jason Bean,,QB,fa,CUT,12,1999-12-03,74,205,Kansas; North Texas,1,2024,,,,
00-0034899,John Wolford,,QB,fa,CUT,18,1995-10-16,73,200,Wake Forest,7,2018,,,,
00-0036928,Kyle Trask,,QB,fa,CUT,2,1998-03-06,77,240,Florida,4,2021,2,64,TB,
00-0034401,Mike White,,QB,fa,CUT,14,1995-03-25,77,225,Western Kentucky; University of South Florida,7,2018,5,171,DAL,
00-0040378,Payton Thorne,,QB,fa,CUT,10,,,203,,0,2025,,,,
00-0038391,Sean Clifford,,QB,fa,CUT,16,1998-07-14,74,212,Penn State,2,2023,5,149,GB,
00-0039699,Tanner Mordecai,,QB,fa,CUT,4,1999-11-08,74,218,Wisconsin; SMU; Oklahoma,1,2024,,,,5
00-0040591,Taylor Elgersma,,QB,fa,CUT,19,,,212,,0,2025,,,,
00-0031800,Taylor Heinicke,,QB,fa,CUT,4,1993-03-15,73,210,Old Dominion,10,2015,,,,
00-0037609,Aaron Shampklin,,RB,fa,CUT,48,1999-10-18,70,194,Harvard,3,2022,,,,
00-0040394,Anthony Tyus III,,RB,fa,CUT,35,2003-03-20,73,226,Ohio,0,2025,,,,
00-0036950,Avery Williams,,RB,fa,CUT,18,1998-07-15,69,195,Boise State,4,2021,5,183,ATL,
00-0039573,Blake Watson,,RB,fa,CUT,25,1999-10-14,69,195,Memphis; Old Dominion,1,2024,,,,
00-0036414,Cam Akers,,RB,fa,CUT,26,1999-06-22,70,212,Florida State,5,2020,2,52,LA,
00-0040556,Corey Kiner,,RB,fa,CUT,49,2002-01-21,69,210,Cincinnati; LSU,0,2025,,,,
00-0036297,Darrynton Evans,,RB,fa,CUT,21,1998-07-09,70,200,Appalachian State,5,2020,3,93,TEN,
00-0036654,Demetric Felton,,RB,fa,CUT,25,1998-07-16,69,185,UCLA,4,2021,6,211,CLE,
00-0036493,Deon Jackson,,RB,fa,CUT,36,1999-02-18,72,220,Duke,4,2021,,,,
00-0038622,Deuce Vaughn,,RB,fa,CUT,42,2001-11-02,65,176,Kansas State,2,2023,6,212,DAL,
00-0038862,Elijah Dotson,,RB,fa,CUT,41,1999-01-19,69,200,Northern Colorado,2,2023,,,,
00-0040095,Elijah Young,,RB,fa,CUT,21,,,198,,0,2025,,,,
00-0039311,Emani Bailey,,RB,fa,CUT,39,2001-11-28,67,207,TCU; Louisiana,1,2024,,,,
00-0038397,Evan Hull,,RB,fa,CUT,38,2000-10-26,70,210,Northwestern,2,2023,5,176,IND,
00-0039466,Ian Wheeler,,RB,fa,CUT,33,2001-09-15,71,205,Howard,1,2024,,,,
00-0036755,Jaret Patterson,,RB,fa,CUT,34,1999-12-23,68,195,Buffalo,4,2021,,,,
00-0039271,Jarveon Howard,,RB,fa,CUT,21,,,202,,1,2024,,,,
00-0039393,Jase McClellan,,RB,fa,CUT,39,2002-06-25,71,212,Alabama,1,2024,6,186,ATL,
00-0037410,Jashaun Corbin,,RB,fa,CUT,30,2000-08-20,71,221,Florida State,3,2022,,,,
00-0036670,Jermar Jefferson,,RB,fa,CUT,32,2000-04-15,70,209,Oregon State,4,2021,7,257,DET,
00-0035924,Jonathan Ward,,RB,fa,CUT,23,1997-09-30,72,202,Central Michigan,5,2020,,,,
00-0040601,Jordan Waters,,RB,fa,CUT,36,,,219,N.C. State; Duke,0,2025,,,,
00-0040288,Kayron Lynch-Adams,,RB,fa,CUT,34,,,215,,0,2025,,,,
00-0038830,Kazmeir Allen,,RB,fa,CUT,22,2000-02-29,68,175,UCLA,2,2023,,,,
00-0036450,Ke'Shawn Vaughn,,RB,fa,CUT,30,1997-05-04,70,215,Vanderbilt; Illinois,5,2020,3,76,TB,
00-0039385,Keilan Robinson,,RB,fa,CUT,35,2000-02-16,68,188,Texas; Alabama,1,2024,5,167,JAX,
00-0037286,Kevin Harris,,RB,fa,CUT,34,2000-11-17,70,220,South Carolina,3,2022,6,183,NE,
00-0040544,Marcus Yarns,,RB,fa,CUT,34,,,193,,0,2025,,,,
00-0040510,Micah Bernard,,RB,fa,CUT,22,,,206,,0,2025,,,,
00-0039684,Michael Wiley,,RB,fa,CUT,39,2001-11-10,70,215,Arizona,1,2024,,,,
00-0034208,Mike Boone,,RB,fa,CUT,16,1995-07-30,70,205,Cincinnati,7,2018,,,,
00-0040028,Montrell Johnson Jr.,,RB,fa,CUT,34,2002-10-13,71,218,Florida; Louisiana,0,2025,,,,
00-0035311,Myles Gaskin,,RB,fa,CUT,38,1997-02-15,70,200,Washington,6,2019,7,234,MIA,
00-0040306,Nate Noel,,RB,fa,CUT,41,,,190,,0,2025,,,,
00-0040773,Nay'Quan Wright,,RB,fa,CUT,42,,,204,,0,2025,,,,
00-0038458,Owen Wright,,RB,fa,CUT,49,1999-02-28,69,225,Monmouth; William & Mary,2,2023,,,,
00-0038098,Pierre Strong,,RB,fa,CUT,20,1998-12-10,71,205,South Dakota State,3,2022,4,127,NE,
00-0040368,Quali Conley,,RB,fa,CUT,40,,,204,,0,2025,,,,
00-0037429,Raheem Blackshear,,RB,fa,CUT,3,1998-06-05,69,194,Virginia Tech,3,2022,,,,
00-0034838,Royce Freeman,,RB,fa,CUT,30,1996-02-24,72,238,Oregon,7,2018,3,71,DEN,
00-0040775,Shane Watts,,RB,fa,CUT,30,,,195,,0,2025,,,,
00-0040032,ShunDerrick Powell,,RB,fa,CUT,39,,,180,,0,2025,,,,
00-0040526,Tre Stewart,,RB,fa,CUT,38,,,192,,0,2025,,,,
00-0037827,Tyrion Davis-Price,,RB,fa,CUT,44,2000-10-23,73,223,LSU,3,2022,3,93,SF,
00-0038475,Alex Cook,,S,fa,CUT,30,1999-05-21,73,196,Washington,2,2023,,,,
00-0036011,Bobby Price,,S,fa,CUT,37,1998-04-25,75,205,Norfolk State,5,2020,,,,
00-0036638,Darrick Forrest,,S,fa,CUT,28,1999-05-22,71,200,Cincinnati,4,2021,5,163,WAS,
00-0032891,Daryl Worley,,S,fa,CUT,29,1995-02-22,73,215,West Virginia,9,2016,3,77,CAR,
00-0035962,Henry Black,,S,fa,CUT,32,1997-01-03,72,204,Baylor,5,2020,,,,
00-0036661,Israel Mukuamu,,S,fa,CUT,24,1999-11-28,76,205,South Carolina,4,2021,6,227,DAL,
00-0033883,Jabrill Peppers,,S,fa,CUT,5,1995-10-04,71,213,Michigan,8,2017,1,25,CLE,
00-0039285,Jarius Monroe,,S,fa,CUT,25,2000-10-06,74,205,Tulane; Colorado,1,2024,,,,
00-0039802,Jaylen Key,,S,fa,CUT,43,2000-02-29,74,210,Alabama; UAB,1,2024,7,257,NYJ,
00-0039697,Jaylen Mahoney,,S,fa,CUT,38,2000-11-19,71,191,Vanderbilt,1,2024,,,,
00-0037070,Josh Thompson,,S,fa,CUT,45,1998-10-20,72,191,Texas,3,2022,,,,
00-0036872,Joshuah Bledsoe,,S,fa,CUT,42,1998-12-30,71,198,Missouri,4,2021,6,188,NE,
00-0039532,Julius Wood,,S,fa,CUT,24,2001-05-02,73,194,East Carolina; Blinn College,1,2024,,,,
00-0038703,Kendell Brooks,,S,fa,CUT,33,2000-03-03,72,215,Michigan State; North Greenville College,2,2023,,,,
00-0039488,Mark Perry,,S,fa,CUT,21,2001-05-30,72,215,TCU,1,2024,,,,
00-0039610,Millard Bradford,,S,fa,CUT,35,1999-09-24,70,190,TCU,1,2024,,,,
00-0039566,Omar Brown,,S,fa,CUT,40,2000-10-12,73,200,Nebraska,1,2024,,,,3
00-0038368,Quindell Johnson,,S,fa,CUT,35,1999-11-05,73,205,Memphis,2,2023,,,,
00-0036961,Richie Grant,,S,fa,CUT,24,1995-08-28,72,194,UCF,4,2021,2,40,ATL,
00-0038717,Tanner McCalister,,S,fa,CUT,31,2000-01-27,71,195,Ohio State; Oklahoma State,2,2023,,,,
00-0039413,Trey Taylor,,S,fa,CUT,37,2001-01-30,72,210,Air Force,1,2024,7,223,LV,
00-0040273,Tysheem Johnson,,S,fa,CUT,33,2002-09-30,70,200,Oregon; Mississippi,0,2025,,,,3
00-0039316,Baylor Cupp,,TE,fa,CUT,17,2000-05-10,78,260,Texas Tech; Texas A&M,1,2024,,,,
00-0040392,Caden Prieskorn,,TE,fa,CUT,86,1999-09-21,77,255,Mississippi; Memphis,0,2025,,,,
00-0035345,Chris Myarick,,TE,fa,CUT,43,1995-10-06,77,255,Temple,6,2019,,,,
00-0037506,Cole Fotheringham,,TE,fa,CUT,49,1997-10-11,76,243,Utah,3,2022,,,,
00-0037078,Cole Turner,,TE,fa,CUT,88,2000-03-16,78,240,Nevada,3,2022,5,149,WAS,
00-0036456,Dominique Dafney,,TE,fa,CUT,46,1997-06-03,74,235,Indiana State,5,2020,,,,
00-0040571,Gee Scott Jr.,,TE,fa,CUT,80,2000-12-28,75,243,Ohio State,0,2025,,,,
00-0039941,Geor'Quarius Spivey,,TE,fa,CUT,45,,,240,,1,2024,,,,
00-0035956,Giovanni Ricci,,TE,fa,CUT,49,1996-10-16,75,240,Western Michigan,5,2020,,,,
00-0039159,Gunnar Oakes,,TE,fa,CUT,41,,,256,,2,2023,,,,
00-0039420,Jaheim Bell,,TE,fa,CUT,88,2001-06-14,74,239,Florida State; South Carolina,1,2024,7,231,NE,
00-0040457,Jermaine Terry,,TE,fa,CUT,48,,,245,,0,2025,,,,
00-0039023,Joel Wilson,,TE,fa,CUT,86,2000-06-21,76,250,Central Michigan,2,2023,,,,
00-0040327,John Copenhaver,,TE,fa,CUT,43,,,240,,0,2025,,,,
00-0038913,Johnny Lumpkin,,TE,fa,CUT,43,1997-09-03,78,268,Louisiana-Lafayette; Hutchinson CC,2,2023,,,,
00-0039599,Kevin Foelsch,,TE,fa,CUT,84,2001-04-13,76,250,University of New Haven,1,2024,,,,
00-0040060,Marshall Lang,,TE,fa,CUT,49,2001-10-15,76,246,Northwestern,0,2025,,,,
00-0035436,Matt Sokol,,TE,fa,CUT,87,1995-11-09,77,260,Michigan State,6,2019,,,,
00-0039263,McCallan Castles,,TE,fa,CUT,49,1999-12-03,77,252,Tennessee; UC Davis; California,1,2024,,,,
00-0039275,Messiah Swinson,,TE,fa,CUT,48,2000-04-20,79,260,Arizona State; Missouri,1,2024,,,,
00-0037022,Michael Jacobson,,TE,fa,CUT,86,1997-04-04,79,240,Iowa State,4,2021,,,,
00-0040702,Mitch Van Vooren,,TE,fa,CUT,44,,,245,,0,2025,,,,
00-0039782,Neal Johnson,,TE,fa,CUT,86,2001-08-03,76,250,Louisiana,1,2024,,,,
00-0037317,Nick Muse,,TE,fa,CUT,87,1998-11-25,77,250,South Carolina,3,2022,7,227,MIN,
00-0040381,Oscar Cardenas,,TE,fa,CUT,45,,,265,,0,2025,,,,
00-0033439,Pharaoh Brown,,TE,fa,CUT,85,1994-05-04,77,258,Oregon,8,2017,,,,
00-0035769,Scotty Washington,,TE,fa,CUT,85,1996-07-26,77,225,Wake Forest,5,2020,,,,
00-0037455,Seth Green,,TE,fa,CUT,42,1998-02-14,76,235,Houston; Minnesota,3,2022,,,,
00-0039550,Shawn Bowman,,TE,fa,CUT,49,2000-05-16,76,265,Rutgers; Maine,1,2024,,,,
00-0039654,Steven Stilianos,,TE,fa,CUT,43,,,264,,1,2024,,,,
00-0040469,Stevo Klotz,,TE,fa,CUT,41,,,260,,0,2025,,,,
00-0039399,Tanner McLachlan,,TE,fa,CUT,84,1999-03-15,77,245,Arizona,1,2024,6,194,CIN,7
00-0040697,Thomas Gordon,,TE,fa,CUT,48,2000-09-05,77,250,Northwestern,0,2025,,,,
00-0036059,Tyler Mabry,,TE,fa,CUT,43,1996-11-21,75,248,Maryland,5,2020,,,,
00-0040050,Tyler Neville,,TE,fa,CUT,46,,,248,,0,2025,,,,
00-0036640,Zach Davidson,,TE,fa,CUT,84,1998-07-15,79,245,Central Missouri,4,2021,5,168,MIN,
00-0038406,Zack Kuntz,,TE,fa,CUT,88,1999-06-09,80,251,Old Dominion; Penn State,2,2023,7,220,NYJ,
00-0039957,Ajou Ajou,,WR,fa,CUT,9,,,210,,1,2024,,,,
00-0040298,Andrew Armstrong,,WR,fa,CUT,19,2000-10-31,76,202,Arkansas; East Texas A&M,0,2025,,,,
00-0040438,Antwane Wells Jr.,,WR,fa,CUT,2,2001-04-02,73,201,Mississippi; South Carolina; James Madison,0,2025,,,,
00-0040354,Blayne Taylor,,WR,fa,CUT,4,,,215,,0,2025,,,,
00-0037382,Brandon Johnson,,WR,fa,CUT,11,1998-07-26,74,186,UCF; Tennessee,3,2022,,,,
00-0037355,Braylon Sanders,,WR,fa,CUT,80,1999-01-21,73,185,Mississippi,3,2022,,,,
00-0039415,Brenden Rice,,WR,fa,CUT,82,2002-03-18,75,210,USC; Colorado,1,2024,7,225,LAC,
00-0040383,Bryson Green,,WR,fa,CUT,30,2002-12-30,75,215,Wisconsin; Oklahoma State,0,2025,,,,
00-0040324,Cam Camper,,WR,fa,CUT,17,,,195,,0,2025,,,,
00-0038651,Chase Cota,,WR,fa,CUT,38,1999-11-09,76,209,Oregon; UCLA,2,2023,,,,
00-0039626,Cole Burgess,,WR,fa,CUT,17,2000-02-11,73,200,Cortland State Of New York,1,2024,,,,
00-0036254,Collin Johnson,,WR,fa,CUT,17,1997-09-23,78,215,Texas,5,2020,5,165,JAX,
00-0039437,Cornelius Johnson,,WR,fa,CUT,84,2000-11-29,75,208,Michigan,1,2024,7,253,LAC,
00-0036647,Cornell Powell,,WR,fa,CUT,11,1997-10-30,72,210,Clemson,4,2021,5,181,KC,
00-0040431,Dalen Cambre,,WR,fa,CUT,5,2001-04-10,72,192,Louisiana,0,2025,,,,
00-0040412,Daniel Jackson,,WR,fa,CUT,85,,,195,,0,2025,,,,
00-0034860,Dante Pettis,,WR,fa,CUT,17,1995-10-23,74,195,Washington,7,2018,2,44,SF,
00-0040334,Darius Lassiter,,WR,fa,CUT,88,,,205,,0,2025,,,,
00-0034406,Deon Cain,,WR,fa,CUT,32,1996-08-09,74,202,Clemson,7,2018,6,185,IND,
00-0035216,Diontae Johnson,,WR,fa,CUT,16,1996-07-05,70,181,Toledo,6,2019,3,66,PIT,
00-0040340,Dorian Singer,,WR,fa,CUT,13,,,181,,0,2025,,,,
00-0039773,Drake Stoops,,WR,fa,CUT,6,1999-06-16,70,189,Oklahoma,1,2024,,,,
00-0040402,Dymere Miller,,WR,fa,CUT,35,,,180,,0,2025,,,,
00-0040337,Eli Pancol,,WR,fa,CUT,10,2000-07-07,75,205,Duke,0,2025,,,,
00-0040080,Elijhah Badger,,WR,fa,CUT,80,,,192,,0,2025,,,,
00-0038507,Grant DuBose,,WR,fa,CUT,16,2001-06-20,74,200,Charlotte; Miles College,2,2023,7,256,GB,
00-0040366,Hal Presley,,WR,fa,CUT,13,2002-01-22,75,210,Baylor,0,2025,,,,
00-0040703,Ife Adeyi,,WR,fa,CUT,48,,,170,,0,2025,,,,
00-0036165,Isaiah Hodgins,,WR,fa,CUT,18,1998-10-21,75,209,Oregon State,5,2020,6,207,BUF,
00-0036918,Jacob Harris,,WR,fa,CUT,30,1997-04-16,77,211,UCF; Western Kentucky,4,2021,4,141,LA,
00-0040281,Jacolby George,,WR,fa,CUT,80,,,176,,0,2025,,,,
00-0040096,Jahmal Banks,,WR,fa,CUT,86,,,205,,0,2025,,,,
00-0040388,Jakobie Keeney-James,,WR,fa,CUT,80,2000-09-26,73,195,UMass Amherst; Eastern Washington,0,2025,,,,
00-0037387,Jalen Virgil,,WR,fa,CUT,13,1998-07-13,73,210,Appalachian State; UMass Amherst,3,2022,,,,
00-0040373,Jamoi Mayes,,WR,fa,CUT,16,,,200,,0,2025,,,,
00-0039853,Javon Baker,,WR,fa,CUT,6,2002-02-18,73,208,UCF; Alabama,1,2024,4,110,NE,
00-0039664,Jaylen Johnson,,WR,fa,CUT,39,2000-05-26,74,194,East Carolina; Georgia,1,2024,,,,
00-0040447,Jerjuan Newton,,WR,fa,CUT,81,,,192,,0,2025,,,,
00-0038726,Jesse Matthews,,WR,fa,CUT,86,1999-08-12,72,190,San Diego State,2,2023,,,,
00-0039392,Jha'Quan Jackson,,WR,fa,CUT,19,2000-05-15,69,185,Tulane,1,2024,6,182,TEN,
00-0040443,Joaquin Davis,,WR,fa,CUT,80,2002-08-18,76,194,North Carolina Central,0,2025,,,,
00-0039456,John Rhys Plumlee,,WR,fa,CUT,17,2001-01-02,72,200,UCF; Mississippi,1,2024,,,,3
00-0040430,Jordan Bly,,WR,fa,CUT,12,,,163,,0,2025,,,,
00-0039329,Julian Hicks,,WR,fa,CUT,81,1999-09-29,74,201,Albany; Akron; Central Michigan,1,2024,,,,
00-0035593,Juwann Winfree,,WR,fa,CUT,15,1996-09-04,73,215,Colorado,6,2019,6,187,DEN,
00-0036345,K.J. Osborn,,WR,fa,CUT,13,1997-06-10,71,200,Miami; Buffalo,5,2020,5,176,MIN,
00-0036412,KJ Hamler,,WR,fa,CUT,19,1999-07-08,69,176,Penn State,5,2020,2,46,DEN,
00-0040239,Kaden Prather,,WR,fa,CUT,81,,,210,,0,2025,7,240,BUF,
00-0036939,Kawaan Baker,,WR,fa,CUT,17,1998-08-24,73,215,South Alabama,4,2021,7,255,NO,
00-0037422,Kendric Pryor,,WR,fa,CUT,19,1998-01-06,71,189,Wisconsin,3,2022,,,,
00-0033307,Kendrick Bourne,,WR,fa,CUT,84,1995-08-04,73,203,Eastern Washington,8,2017,,,,
00-0040605,Ketron Jackson Jr.,,WR,fa,CUT,85,,,205,,0,2025,,,,
00-0040606,Key'Shawn Smith,,WR,fa,CUT,8,,,186,,0,2025,,,,
00-0040616,Kisean Johnson,,WR,fa,CUT,83,2002-01-28,73,216,Western Kentucky; Alabama State,0,2025,,,,
00-0040285,Kobe Hudson,,WR,fa,CUT,86,,,200,,0,2025,,,,
00-0040633,Kyrese Rowan,,WR,fa,CUT,39,2001-01-25,70,185,Utah State; Utah,0,2025,,,,
00-0040353,Landon Parker,,WR,fa,CUT,8,,,215,,0,2025,,,,
00-0036268,Laviska Shenault Jr.,,WR,fa,CUT,15,1998-10-05,73,220,Colorado,5,2020,2,42,JAX,
00-0040086,Mac Dalena,,WR,fa,CUT,84,,,180,,0,2025,,,,
00-0038911,Malik Cunningham,,WR,fa,CUT,12,1998-10-06,73,190,Louisville,2,2023,,,,
00-0038806,Malik Knowles,,WR,fa,CUT,82,2000-08-17,74,200,Kansas State,2,2023,,,,
00-0035480,Malik Taylor,,WR,fa,CUT,86,1995-12-21,73,216,Ferris State,6,2019,,,,
00-0036219,Marquez Callaway,,WR,fa,CUT,15,1998-03-27,74,204,Tennessee,5,2020,,,,
00-0038762,Matt Landers,,WR,fa,CUT,83,1999-06-16,76,197,Arkansas; Georgia; Toledo,2,2023,,,,
00-0034764,Michael Gallup,,WR,fa,CUT,12,1996-03-04,73,200,Colorado State; Butler County JC,7,2018,3,81,DAL,
00-0037272,Montrell Washington,,WR,fa,CUT,80,1999-03-14,70,170,Samford,3,2022,5,162,DEN,
00-0040538,Moochie Dixon,,WR,fa,CUT,84,,,187,,0,2025,,,,
00-0040671,Nate McCollum,,WR,fa,CUT,39,,,185,,0,2025,,,,
00-0040779,Phil Lutz,,WR,fa,CUT,16,,,200,,0,2025,,,,
00-0038873,Pokey Wilson,,WR,fa,CUT,81,,,175,,2,2023,,,,
00-0040553,Quincy Skinner Jr.,,WR,fa,CUT,83,,,205,Vanderbilt,0,2025,,,,
00-0036277,Quintez Cephus,,WR,fa,CUT,14,1998-04-01,73,205,Wisconsin,5,2020,5,166,DET,
00-0038821,Rakim Jarrett,,WR,fa,CUT,18,2001-01-24,72,190,Maryland,2,2023,,,,
00-0040376,Rashod Owens,,WR,fa,CUT,12,,,230,,0,2025,,,,
00-0034054,River Cracraft,,WR,fa,CUT,84,1994-11-01,72,200,Washington State,8,2017,,,,
00-0040502,Robert Lewis,,WR,fa,CUT,85,,,188,,0,2025,,,,
00-0030431,Robert Woods,,WR,fa,CUT,16,1992-04-10,72,193,USC,12,2013,2,41,BUF,
00-0040778,Roderick Daniels Jr.,,WR,fa,CUT,89,,,186,,0,2025,,,,
00-0037098,Samori Toure,,WR,fa,CUT,83,1998-03-24,73,190,Nebraska,3,2022,7,258,GB,
00-0034928,Steven Sims,,WR,fa,CUT,84,1997-03-31,70,176,Kansas,6,2019,,,,
00-0038502,T.J. Luther,,WR,fa,CUT,81,2000-05-13,71,180,Gardner-Webb; Wofford,2,2023,,,,
00-0040627,T.J. Sheffield,,WR,fa,CUT,82,,,190,,0,2025,,,,
00-0037524,Tay Martin,,WR,fa,CUT,6,1997-12-14,75,186,Oklahoma State,3,2022,,,,
00-0040030,Taylor Morin,,WR,fa,CUT,45,,,185,,0,2025,,,,
00-0039701,Terique Owens,,WR,fa,CUT,83,1999-09-25,75,200,Missouri State; Florida Atlantic,1,2024,,,,
00-0035341,Trenton Irwin,,WR,fa,CUT,83,1995-12-10,74,207,Stanford,6,2019,,,,
00-0040350,Tyler Kahmann,,WR,fa,CUT,43,,,206,,0,2025,,,,
00-0040099,Xavier Guillory,,WR,fa,CUT,87,,,200,Arizona State; Idaho State,0,2025,,,,
00-0039473,Xavier Johnson,,WR,fa,CUT,89,1999-05-11,73,210,Ohio State,1,2024,,,,
00-0035258,Hjalte Froholdt,ARI,C,active,ACT,72,1996-08-20,77,310,Arkansas,6,2019,4,118,NE,1
00-0038571,Jon Gaines II,ARI,C,active,ACT,71,1999-05-24,76,300,UCLA,2,2023,4,122,ARI,2
00-0039676,Chigozie Anusiem,ARI,CB,practice_squad,DEV,26,2000-11-05,73,200,Colorado State; California,1,2024,,,,
00-0040195,Denzel Burke,ARI,CB,active,ACT,29,2002-11-10,71,193,Ohio State,0,2025,5,174,ARI,2
00-0039823,Elijah Jones,ARI,CB,active,INA,28,2000-01-08,73,184,Boston College,1,2024,3,90,ARI,2
00-0039007,Garrett Williams,ARI,CB,active,ACT,21,2001-06-01,70,189,Syracuse,2,2023,3,72,ARI,1
00-0038984,Kei'Trel Clark,ARI,CB,active,INA,13,2001-03-19,70,177,Louisville,2,2023,6,180,ARI,2
00-0039807,Max Melton,ARI,CB,active,ACT,16,2002-04-15,71,190,Rutgers,1,2024,2,43,ARI,1
00-0035239,Sean Murphy-Bunting,ARI,CB,ir,RES,23,1997-06-19,72,195,Central Michigan,6,2019,2,39,TB,3
00-0038663,Starling Thomas V,ARI,CB,ir,RES,24,2000-01-25,70,195,UAB,2,2023,,,,3
00-0040751,Will Johnson,ARI,CB,active,ACT,0,2003-03-29,74,202,Michigan,0,2025,2,47,ARI,1
00-0026190,Calais Campbell,ARI,DT,active,ACT,93,1986-09-01,80,300,Miami,17,2008,2,50,ARI,1
00-0033546,Dalvin Tomlinson,ARI,DT,active,ACT,94,1994-02-18,75,318,Alabama,8,2017,2,55,NYG,1
00-0039935,Denzel Daxon,ARI,DT,practice_squad,DEV,59,1999-03-27,74,320,Illinois; Ohio,1,2024,,,,
00-0040384,Elijah Simmons,ARI,DT,practice_squad,DEV,96,2001-07-26,73,340,Tennessee,0,2025,,,,
00-0034677,Justin Jones,ARI,DT,ir,RES,98,1996-08-28,75,309,N.C. State,7,2018,3,84,LAC,4
00-0035636,L.J. Collier,ARI,DT,active,ACT,91,1995-09-12,74,291,TCU,6,2019,1,29,SEA,2
00-0038795,PJ Mustipher,ARI,DT,active,ACT,79,1998-11-10,76,318,Penn State,2,2023,,,,2
00-0040706,Walter Nolen,ARI,DT,ir,RES,97,2003-10-14,76,305,Mississippi; Texas A&M,0,2025,1,16,ARI,3
00-0039783,Anthony Goodlow,ARI,EDGE,practice_squad,DEV,95,2000-07-25,77,286,Oklahoma State,1,2024,,,,
00-0034387,Bilal Nichols,ARI,EDGE,ir,RES,92,1996-09-14,75,313,Delaware,7,2018,5,145,CHI,3
00-0038623,Dante Stills,ARI,EDGE,active,ACT,55,1999-12-14,76,285,West Virginia,2,2023,6,213,ARI,2
00-0039854,Darius Robinson,ARI,EDGE,active,ACT,56,2001-09-13,77,296,Missouri,1,2024,1,27,ARI,1
00-0040137,Jordan Burch,ARI,EDGE,active,ACT,52,2001-10-10,76,295,Oregon; South Carolina,0,2025,3,78,ARI,2
00-0034381,Josh Sweat,ARI,EDGE,active,ACT,10,1997-03-29,77,253,Florida State,7,2018,4,130,PHI,1
00-0039367,Xavier Thomas,ARI,EDGE,active,INA,54,1999-12-20,74,245,Clemson,1,2024,5,138,ARI,3
00-0038567,Chad Ryland,ARI,K,active,ACT,38,1999-10-15,72,183,Maryland; Eastern Michigan,2,2023,4,112,NE,1
00-0036298,Akeem Davis-Gaither,ARI,LB,active,ACT,27,1997-09-21,74,215,Appalachian State,5,2020,4,107,CIN,1
00-0039155,BJ Ojulari,ARI,LB,ir,RES,9,2002-04-05,74,250,LSU,2,2023,2,41,ARI,3
00-0036995,Baron Browning,ARI,LB,active,ACT,5,1999-02-19,75,240,Ohio State,4,2021,3,105,DEN,2
00-0040645,Cody Simon,ARI,LB,active,ACT,50,2002-04-01,74,235,Ohio State,0,2025,4,115,ARI,2
00-0039956,Elliott Brown,ARI,LB,practice_squad,DEV,41,1998-02-02,77,205,Virginia,1,2024,,,,
00-0037491,J.J. Russell,ARI,LB,ir,RES,51,1998-10-12,73,225,Memphis,3,2022,,,,3
00-0040395,Jared Bartlett,ARI,LB,practice_squad,DEV,48,2001-04-01,74,237,Cincinnati; West Virginia,0,2025,,,,
00-0035144,Mack Wilson,ARI,LB,active,ACT,2,1998-02-14,73,240,Alabama,6,2019,5,155,CLE,1
00-0038600,Owen Pappoe,ARI,LB,active,ACT,44,2000-09-29,72,226,Auburn,2,2023,5,168,ARI,2
00-0036933,Zaven Collins,ARI,LB,active,ACT,25,1999-05-19,76,260,Tulsa,4,2021,1,16,ARI,1
00-0028946,Aaron Brewer,ARI,LS,active,ACT,46,1990-07-05,77,232,San Diego State,13,2012,,,,1
00-0034495,Evan Brown,ARI,OG,active,ACT,63,1996-09-16,75,302,SMU,7,2018,,,,1
00-0040219,Hayden Conner,ARI,OG,ir,RES,58,2002-04-26,78,320,Texas,0,2025,6,211,ARI,3
00-0039808,Isaiah Adams,ARI,OG,active,ACT,74,2000-07-21,76,315,Illinois; Garden City CC,1,2024,3,71,ARI,1
00-0036105,Nick Leverett,ARI,OG,practice_squad,DEV,60,1997-11-11,76,310,Rice; North Carolina Central,5,2020,,,,
00-0034346,Will Hernandez,ARI,OG,active,INA,76,1995-09-02,75,327,Texas-El Paso,7,2018,2,34,NYG,2
00-0039382,Christian Jones,ARI,OT,ir,RES,75,2000-05-12,77,333,Texas,1,2024,5,162,ARI,3
00-0038792,Demontrey Jacobs,ARI,OT,practice_squad,DEV,66,1998-11-22,78,315,South Florida Community College; Grambling State,2,2023,,,,
00-0036795,Jake Curhan,ARI,OT,practice_squad,DEV,64,1998-02-09,78,330,California,4,2021,,,,
00-0040380,Jeremiah Byers,ARI,OT,practice_squad,DEV,67,2001-03-23,76,331,Florida State; Texas-El Paso,0,2025,,,,
00-0035629,Jonah Williams,ARI,OT,active,ACT,73,1997-11-17,77,305,Alabama,6,2019,1,11,CIN,1
00-0040382,Josh Fryar,ARI,OT,active,ACT,78,2002-02-12,77,320,Ohio State,0,2025,,,,2
00-0029316,Kelvin Beachum,ARI,OT,active,ACT,68,1989-06-08,75,308,SMU,13,2012,7,248,PIT,2
00-0038540,Paris Johnson Jr.,ARI,OT,active,ACT,70,2001-07-03,78,315,Ohio State,2,2023,1,6,ARI,1
00-0040765,Valentin Senn,ARI,OT,ir,RES,69,2000-04-23,79,305,Connecticut; Colorado,0,2025,,,,3
00-0035859,Blake Gillikin,ARI,P,active,ACT,12,1998-01-21,74,196,Penn State,5,2020,,,,1
00-0033119,Jacoby Brissett,ARI,QB,active,ACT,7,1992-12-11,76,235,N.C. State; Florida,9,2016,3,91,NE,2
00-0039577,Kedon Slovis,ARI,QB,practice_squad,DEV,19,2001-04-11,74,215,BYU; Pittsburgh; USC,1,2024,,,,
00-0035228,Kyler Murray,ARI,QB,active,ACT,1,1997-08-07,70,207,Oklahoma; Texas A&M,6,2019,1,1,ARI,1
00-0037157,Bam Knight,ARI,RB,active,INA,20,2001-04-11,71,210,N.C. State,3,2022,,,,4
00-0038705,Emari Demercado,ARI,RB,active,ACT,31,1999-01-20,69,210,TCU,2,2023,,,,3
00-0033553,James Conner,ARI,RB,active,ACT,6,1995-05-05,73,233,Pittsburgh,8,2017,3,105,PIT,1
00-0036924,Michael Carter,ARI,RB,practice_squad,DEV,22,1999-05-07,68,200,North Carolina,4,2021,4,107,NYJ,
00-0039921,Trey Benson,ARI,RB,active,ACT,33,2002-07-23,72,215,Florida State; Oregon,1,2024,3,66,ARI,2
00-0033890,Budda Baker,ARI,S,active,ACT,3,1996-01-10,70,195,Washington,8,2017,2,36,ARI,1
00-0039864,Dadrion Taylor-Demerson,ARI,S,active,ACT,42,2001-01-20,70,195,Texas Tech,1,2024,4,104,ARI,2
00-0036956,Darren Hall,ARI,S,practice_squad,DEV,30,2000-05-02,72,190,San Diego State,4,2021,4,108,ATL,
00-0035705,Jalen Thompson,ARI,S,active,ACT,34,1998-07-18,71,190,Washington State,6,2019,5,132,ARI,1
00-0037141,Joey Blount,ARI,S,active,ACT,32,1998-11-16,73,205,Virginia,3,2022,,,,2
00-0040230,Kitan Crawford,ARI,S,active,ACT,36,2001-12-31,71,204,Nevada; Texas,0,2025,7,225,ARI,3
00-0039041,Elijah Higgins,ARI,TE,active,ACT,84,2000-10-27,75,234,Stanford,2,2023,6,197,MIA,2
00-0036332,Josiah Deguara,ARI,TE,practice_squad,DEV,47,1997-02-14,74,240,Cincinnati,5,2020,3,94,GB,
00-0039737,Tip Reiman,ARI,TE,active,ACT,87,2001-09-17,77,270,Illinois,1,2024,3,82,ARI,3
00-0038456,Travis Vokolek,ARI,TE,active,ACT,81,1998-06-04,78,260,Nebraska; Rutgers,2,2023,,,,4
00-0037744,Trey McBride,ARI,TE,active,ACT,85,1999-11-22,76,245,Colorado State,3,2022,2,55,ARI,1
00-0035876,Andre Baccellia,ARI,WR,practice_squad,DEV,82,1997-01-07,70,175,Washington,5,2020,,,,
00-0035500,Greg Dortch,ARI,WR,active,ACT,4,1998-05-29,67,173,Wake Forest,6,2019,,,,2
00-0039849,Marvin Harrison Jr.,ARI,WR,active,ACT,18,2002-08-11,75,205,Ohio State,1,2024,1,4,ARI,1
00-0038559,Michael Wilson,ARI,WR,active,ACT,14,2000-02-23,74,209,Stanford,2,2023,3,94,ARI,1
00-0036646,Simi Fehoko,ARI,WR,practice_squad,DEV,80,1997-11-05,76,227,Stanford,4,2021,5,179,DAL,
00-0039397,Tejhaun Palmer,ARI,WR,practice_squad,DEV,83,2000-05-19,74,210,UAB,1,2024,6,191,ARI,
00-0035934,Trishton Jackson,ARI,WR,ir,RES,86,1998-03-09,73,191,Syracuse,5,2020,,,,2
00-0039521,Xavier Weaver,ARI,WR,active,ACT,89,2000-10-12,73,180,Colorado; University of South Florida,1,2024,,,,2
00-0033891,Zay Jones,ARI,WR,active,ACT,17,1995-03-30,74,200,East Carolina,8,2017,2,37,BUF,1
00-0038629,Jovaughn Gwyn,ATL,C,active,ACT,52,1999-03-18,74,300,South Carolina,2,2023,7,225,ATL,2
00-0036833,Ryan Neuzil,ATL,C,active,ACT,64,1997-07-31,75,290,Appalachian State,4,2021,,,,1
00-0036285,A.J. Terrell,ATL,CB,active,ACT,24,1998-09-23,73,190,Clemson,5,2020,1,16,ATL,1
00-0040156,Billy Bowman Jr.,ATL,CB,active,ACT,33,2003-01-13,70,192,Oklahoma,0,2025,4,118,ATL,1
00-0036281,C.J. Henderson,ATL,CB,practice_squad,DEV,30,1998-09-30,73,191,Florida,5,2020,1,9,JAX,
00-0038568,Clark Phillips III,ATL,CB,active,INA,22,2001-12-19,69,183,Utah,2,2023,4,113,ATL,2
00-0040546,Cobee Bryant,ATL,CB,practice_squad,DEV,37,2001-09-17,72,175,Kansas,0,2025,,,,
00-0037034,Dee Alford,ATL,CB,active,ACT,20,1997-11-05,71,170,Tusculum College,5,2020,,,,2
00-0035995,Grayland Arnold,ATL,CB,ir,RES,46,1997-09-04,70,190,Baylor,5,2020,,,,4
00-0034639,Mike Ford,ATL,CB,active,ACT,28,1995-08-04,72,196,Southeast Missouri State,7,2018,,,,3
00-0034843,Mike Hughes,ATL,CB,active,ACT,21,1997-02-11,70,191,UCF; Garden City CC; North Carolina,7,2018,1,30,MIN,1
00-0038966,Natrone Brooks,ATL,CB,active,ACT,35,1999-12-17,71,176,Southern Mississippi,2,2023,,,,3
00-0039859,Brandon Dorlus,ATL,DT,active,ACT,54,2001-03-22,75,290,Oregon,1,2024,4,109,ATL,2
00-0033051,David Onyemata,ATL,DT,active,ACT,90,1992-11-13,76,300,Manitoba (Canada),9,2016,4,120,NO,1
00-0034320,Kentavius Street,ATL,DT,practice_squad,DEV,93,1996-05-08,74,287,N.C. State,7,2018,4,128,SF,
00-0036341,Khalid Kareem,ATL,DT,practice_squad,DEV,92,1998-04-28,76,265,Notre Dame,5,2020,5,147,CIN,
00-0036204,LaCale London,ATL,DT,active,ACT,94,1997-08-05,75,280,Western Illinois,5,2020,,,,2
00-0039733,Ruke Orhorhoro,ATL,DT,active,ACT,98,2001-10-13,76,295,Clemson,1,2024,2,35,ATL,1
00-0037298,Sam Roberts,ATL,DT,active,INA,99,1998-04-14,77,292,NW Missouri State University,3,2022,6,200,NE,
00-0040545,Simeon Barrow Jr.,ATL,DT,practice_squad,DEV,91,2002-07-06,75,290,Miami; Michigan State,0,2025,,,,
00-0036948,Ta'Quon Graham,ATL,DT,ir,RES,95,1998-12-01,76,285,Texas,4,2021,5,148,ATL,3
00-0038980,Zach Harrison,ATL,DT,active,ACT,96,2001-08-14,77,272,Ohio State,2,2023,3,75,ATL,1
00-0038116,Arnold Ebiketie,ATL,EDGE,active,ACT,17,1999-01-23,74,256,Penn State,3,2022,2,38,ATL,1
00-0039837,Bralen Trice,ATL,EDGE,ir,RES,48,2001-02-26,76,274,Washington,1,2024,3,74,ATL,3
00-0040577,Jalon Walker,ATL,EDGE,active,ACT,11,2004-02-24,74,245,Georgia,0,2025,1,15,ATL,2
00-0040578,James Pearce Jr.,ATL,EDGE,active,ACT,27,2003-10-12,77,243,Tennessee,0,2025,1,26,ATL,2
00-0033072,Leonard Floyd,ATL,EDGE,active,ACT,56,1992-09-08,75,240,Georgia,9,2016,1,9,CHI,1
00-0036978,Ronnie Perkins,ATL,EDGE,practice_squad,DEV,50,1999-09-29,75,247,Oklahoma,4,2021,3,96,NE,
00-0040003,Lenny Krieg,ATL,K,practice_squad,DEV,46,2002-03-08,74,208,,0,2025,,,,
00-0033702,Younghoe Koo,ATL,K,active,ACT,6,1994-08-03,70,195,Georgia Southern,8,2017,,,,1
00-0037808,DeAngelo Malone,ATL,LB,active,ACT,51,1999-07-12,75,240,Western Kentucky,3,2022,3,82,ATL,2
00-0036990,Divine Deablo,ATL,LB,active,ACT,0,1998-08-17,75,223,Virginia Tech,4,2021,3,80,LV,1
00-0039370,JD Bertrand,ATL,LB,active,ACT,40,2000-05-05,73,233,Notre Dame,1,2024,5,143,ATL,2
00-0034801,Josh Woods,ATL,LB,active,INA,42,1996-07-01,73,236,Maryland,7,2018,,,,3
00-0035316,Kaden Elliss,ATL,LB,active,ACT,55,1995-06-10,74,240,Idaho,6,2019,7,244,NO,1
00-0040554,Malik Verdon,ATL,LB,ir,RES,43,2002-10-31,76,220,Iowa State,0,2025,,,,3
00-0037810,Troy Andersen,ATL,LB,ir,RES,44,1999-04-23,76,230,Montana State,3,2022,2,58,ATL,3
00-0036082,Liam McCullough,ATL,LS,active,ACT,49,1997-06-05,74,237,Ohio State,5,2020,,,,1
00-0035630,Chris Lindstrom,ATL,OG,active,ACT,63,1997-02-28,76,307,Boston College,6,2019,1,14,ATL,1
00-0033676,Elijah Wilkinson,ATL,OG,active,ACT,71,1995-02-10,78,329,UMass Amherst,8,2017,,,,2
00-0040548,Joshua Gray,ATL,OG,practice_squad,DEV,67,2000-03-13,77,310,Oregon State,0,2025,,,,
00-0036354,Kyle Hinton,ATL,OG,active,ACT,68,1998-02-27,74,310,Washburn,5,2020,7,253,MIN,2
00-0039048,Matthew Bergeron,ATL,OG,active,ACT,65,2000-02-26,77,322,Syracuse,2,2023,2,38,ATL,1
00-0039004,Carter Warren,ATL,OT,practice_squad,DEV,66,1999-01-19,77,325,Pittsburgh,2,2023,4,120,NYJ,
00-0040224,Jack Nelson,ATL,OT,active,INA,69,2002-01-15,79,316,Wisconsin,0,2025,7,218,ATL,2
00-0031279,Jake Matthews,ATL,OT,active,ACT,70,1992-02-11,77,309,Texas A&M,11,2014,1,6,ATL,1
00-0035235,Kaleb McGary,ATL,OT,ir,RES,76,1995-02-22,78,306,Washington,6,2019,1,31,ATL,3
00-0039842,Michael Jerrell,ATL,OT,active,ACT,72,1999-08-18,77,294,Findlay,1,2024,6,207,SEA,1
00-0039042,Ryan Hayes,ATL,OT,practice_squad,DEV,73,2000-02-28,78,305,Michigan,2,2023,7,238,MIA,
00-0033752,Storm Norton,ATL,OT,ir,RES,77,1994-05-16,79,317,Toledo,8,2017,,,,2
00-0036966,Tyrone Wheatley Jr.,ATL,OT,ir,RES,74,1997-02-04,78,265,Stony Brook,4,2021,,,,3
00-0032065,Bradley Pinion,ATL,P,active,ACT,13,1994-06-01,77,240,Clemson,10,2015,5,165,SF,1
00-0035282,Easton Stick,ATL,QB,practice_squad,DEV,12,1995-09-09,73,224,North Dakota State,6,2019,5,166,LAC,
00-0039331,Emory Jones,ATL,QB,ir,RES,15,2000-04-29,74,210,Cincinnati; Arizona State; Florida,1,2024,,,,3
00-0029604,Kirk Cousins,ATL,QB,active,ACT,18,1988-08-19,75,202,Michigan State,13,2012,4,102,WAS,2
00-0039917,Michael Penix Jr.,ATL,QB,active,ACT,9,2000-05-08,75,213,Washington; Indiana,1,2024,1,8,ATL,1
00-0038542,Bijan Robinson,ATL,RB,active,ACT,7,2002-01-30,71,214,Texas,2,2023,1,8,ATL,1
00-0038930,Carlos Washington,ATL,RB,active,ACT,26,1998-12-26,71,220,Southeastern Louisiana,2,2023,,,,
00-0040547,Nate Carter,ATL,RB,active,INA,38,2002-05-22,70,202,Michigan State; Connecticut,0,2025,,,,3
00-0037263,Tyler Allgeier,ATL,RB,active,ACT,25,2000-04-15,71,220,BYU,3,2022,5,151,ATL,2
00-0038628,DeMarcco Hellams,ATL,S,active,INA,23,2000-06-05,73,208,Alabama,2,2023,7,224,ATL,2
00-0034675,Jessie Bates,ATL,S,active,ACT,3,1997-02-26,73,200,Wake Forest,7,2018,2,54,CIN,1
00-0036431,Jordan Fuller,ATL,S,active,ACT,29,1998-03-04,74,205,Ohio State,5,2020,6,199,LA,2
00-0034779,Ronnie Harrison,ATL,S,practice_squad,DEV,36,1997-04-18,75,214,Alabama,7,2018,3,93,JAX,
00-0040148,Xavier Watts,ATL,S,active,ACT,31,2001-11-22,72,203,Notre Dame,0,2025,3,96,ATL,1
00-0036429,Charlie Woerner,ATL,TE,active,ACT,89,1997-10-16,77,245,Georgia,5,2020,6,190,SF,2
00-0036825,Feleipe Franks,ATL,TE,active,ACT,84,1997-12-22,78,245,Arkansas,4,2021,,,,4
00-0040552,Joshua Simon,ATL,TE,practice_squad,DEV,47,2000-11-27,76,240,South Carolina; Western Kentucky,0,2025,,,,
00-0036970,Kyle Pitts,ATL,TE,active,ACT,8,2000-10-06,78,250,Florida,4,2021,1,4,ATL,1
00-0037277,Teagan Quitoriano,ATL,TE,active,ACT,85,2000-03-15,78,259,Oregon State,3,2022,5,170,HOU,3
00-0039394,Casey Washington,ATL,WR,active,ACT,82,2001-03-06,72,200,Illinois,1,2024,6,187,ATL,2
00-0036463,Chris Blair,ATL,WR,practice_squad,DEV,19,1997-10-06,74,200,Alcorn State,5,2020,,,,
00-0036309,Darnell Mooney,ATL,WR,active,INA,1,1997-10-29,71,172,Tulane,5,2020,5,173,CHI,1
00-0035359,David Sills,ATL,WR,active,ACT,87,1995-05-29,75,210,West Virginia,6,2019,,,,2
00-0037238,Drake London,ATL,WR,active,ACT,5,2001-07-24,76,210,USC,3,2022,1,8,ATL,1
00-0038953,Dylan Drummond,ATL,WR,practice_squad,DEV,81,2000-01-17,72,186,Eastern Michigan,2,2023,,,,
00-0033572,Jamal Agnew,ATL,WR,active,ACT,14,1995-04-03,70,190,San Diego,8,2017,5,165,DET,3
00-0034854,KhaDarel Hodge,ATL,WR,active,ACT,4,1994-01-03,74,205,Prairie View A&M; Hinds CC; Alcorn State,7,2018,,,,2
00-0040551,Nick Nash,ATL,WR,practice_squad,DEV,80,1999-07-08,75,195,San Jose State,0,2025,,,,
00-0034407,Ray-Ray McCloud,ATL,WR,active,ACT,34,1996-10-15,69,190,Clemson,7,2018,6,187,BUF,1
00-0039242,Corey Bullock,BAL,C,active,ACT,67,2001-12-09,75,331,Maryland; North Carolina Central,1,2024,,,,2
00-0039237,Nick Samac,BAL,C,practice_squad,DEV,61,2001-08-21,76,305,Michigan State,1,2024,7,228,BAL,
00-0037825,Tyler Linderbaum,BAL,C,active,ACT,64,2000-04-07,74,290,Iowa,3,2022,1,25,BAL,1
00-0040073,Bilhal Kone,BAL,CB,ir,RES,31,2002-03-03,73,190,Western Michigan; Iowa Central CC-Eagle Grove,0,2025,6,178,BAL,3
00-0033548,Chidobe Awuzie,BAL,CB,active,ACT,3,1995-05-24,72,202,Colorado,8,2017,2,60,DAL,2
00-0034728,Jaire Alexander,BAL,CB,active,ACT,23,1997-02-09,70,196,Louisville,7,2018,1,18,GB,1
00-0040636,Keyon Martin,BAL,CB,active,ACT,38,2001-05-16,69,166,Louisiana-Lafayette; Youngstown State,0,2025,,,,3
00-0033281,Marlon Humphrey,BAL,CB,active,ACT,44,1996-07-08,72,197,Alabama,8,2017,1,16,BAL,1
00-0040112,Marquise Robinson,BAL,CB,practice_squad,DEV,28,2002-07-16,73,192,Arkansas; South Alabama,0,2025,,,,
00-0039232,Nate Wiggins,BAL,CB,active,ACT,2,2003-08-28,73,185,Clemson,1,2024,1,30,BAL,1
00-0040077,Robert Longerbeam,BAL,CB,ir,RES,37,2001-01-18,71,178,Rutgers,0,2025,6,212,BAL,2
00-0039234,T.J. Tampa,BAL,CB,active,ACT,27,2002-03-13,73,200,Iowa State,1,2024,4,130,BAL,2
00-0036908,Thomas Graham Jr.,BAL,CB,practice_squad,DEV,34,1999-06-26,70,197,Oregon,4,2021,6,228,CHI,
00-0040076,Aeneas Peebles,BAL,DT,active,ACT,93,2001-09-03,72,290,Virginia Tech; Duke,0,2025,6,210,BAL,2
00-0039176,Basil Okoye,BAL,DT,practice_squad,DEV,97,2001-10-20,78,315,,2,2023,,,,
00-0031177,Brent Urban,BAL,DT,practice_squad,DEV,58,1991-05-05,79,300,Virginia,11,2014,4,134,BAL,
00-0036081,Broderick Washington,BAL,DT,active,ACT,96,1996-12-04,74,305,Texas Tech,5,2020,5,170,BAL,1
00-0030070,John Jenkins,BAL,DT,active,ACT,94,1989-07-11,75,327,Georgia; Gulf Coast CC; Mississippi,12,2013,3,82,NO,2
00-0040658,Kaimon Rucker,BAL,DT,practice_squad,DEV,56,2002-02-28,74,265,North Carolina,0,2025,,,,
00-0036130,Nnamdi Madubuike,BAL,DT,active,ACT,92,1997-11-17,75,300,Texas A&M,5,2020,3,71,BAL,1
00-0037756,Travis Jones,BAL,DT,active,ACT,98,1999-10-15,76,336,Connecticut,3,2022,3,76,BAL,1
00-0039791,Adisa Isaac,BAL,EDGE,ir,RES,50,2001-10-04,76,249,Penn State,1,2024,3,93,BAL,3
00-0038142,David Ojabo,BAL,EDGE,active,INA,90,2000-05-17,76,250,Michigan,3,2022,2,45,BAL,3
00-0031360,Kyle Van Noy,BAL,EDGE,active,ACT,53,1991-03-26,75,250,BYU,11,2014,2,40,DET,1
00-0038448,Malik Hamm,BAL,EDGE,practice_squad,DEV,59,2000-08-26,75,246,Lafayette College,2,2023,,,,
00-0040722,Mike Green,BAL,EDGE,active,ACT,45,2003-07-28,75,248,Marshall; Virginia,0,2025,2,59,BAL,2
00-0036940,Odafe Oweh,BAL,EDGE,active,ACT,99,1998-12-15,77,252,Penn State,4,2021,1,31,BAL,1
00-0038505,Tavius Robinson,BAL,EDGE,active,ACT,95,1999-01-03,78,265,Mississippi,2,2023,4,124,BAL,2
00-0040637,Lucas Scott,BAL,FB,practice_squad,DEV,47,2003-08-25,75,305,Army,0,2025,,,,
00-0033376,Patrick Ricard,BAL,FB,active,INA,42,1994-05-27,75,311,Maine,8,2017,,,,1
00-0040074,Tyler Loop,BAL,K,active,ACT,33,2001-08-04,71,190,Arizona,0,2025,6,186,BAL,1
00-0040108,Chandler Martin,BAL,LB,practice_squad,DEV,48,2002-12-11,72,230,Memphis; East Tennessee State,0,2025,,,,
00-0037633,Jacob Hummel,BAL,LB,active,ACT,35,1999-01-04,73,230,Iowa State,3,2022,,,,2
00-0040100,Jay Higgins,BAL,LB,active,ACT,49,2002-02-14,72,219,Iowa,0,2025,,,,2
00-0034874,Roquan Smith,BAL,LB,active,ACT,0,1997-04-08,73,230,Georgia,7,2018,1,8,CHI,1
00-0040069,Teddye Buchanan,BAL,LB,active,ACT,40,2002-10-03,74,235,California,0,2025,4,129,BAL,3
00-0038504,Trenton Simpson,BAL,LB,active,ACT,32,2001-06-14,74,230,Clemson,2,2023,3,86,BAL,1
00-0035408,Nick Moore,BAL,LS,active,ACT,46,1992-12-09,74,250,Georgia,6,2019,,,,1
00-0038383,Andrew Vorhees,BAL,OG,active,ACT,72,1999-01-21,78,325,USC,2,2023,7,229,BAL,1
00-0036977,Ben Cleveland,BAL,OG,active,ACT,66,1998-08-25,78,344,Georgia,4,2021,3,94,BAL,2
00-0038118,Daniel Faalele,BAL,OG,active,ACT,77,1999-11-09,80,380,Minnesota,3,2022,4,110,BAL,1
00-0040068,Emery Jones Jr.,BAL,OG,ir,RES,51,2004-03-05,77,315,LSU,0,2025,3,91,BAL,2
00-0040110,Jared Penning,BAL,OG,practice_squad,DEV,63,2000-09-17,77,338,Northern Iowa,0,2025,,,,
00-0040070,Carson Vinson,BAL,OT,active,INA,71,2001-11-13,79,314,Alabama A&M,0,2025,5,141,BAL,2
00-0040098,Gerad Lichtenhan,BAL,OT,practice_squad,DEV,78,2001-12-03,80,315,Oregon State,0,2025,,,,
00-0034803,Joe Noteboom,BAL,OT,active,ACT,68,1995-06-19,77,321,TCU,7,2018,3,89,LA,2
00-0039233,Roger Rosengarten,BAL,OT,active,ACT,70,2002-06-03,77,300,Washington,1,2024,2,62,BAL,1
00-0032965,Ronnie Stanley,BAL,OT,active,ACT,79,1994-03-18,78,315,Notre Dame,9,2016,1,6,BAL,1
00-0038094,Jordan Stout,BAL,P,active,ACT,11,1998-08-04,75,209,Penn State,3,2022,4,130,BAL,1
00-0033662,Cooper Rush,BAL,QB,active,ACT,15,1993-11-21,75,225,Central Michigan; Tarrant County JC,8,2017,,,,2
00-0034796,Lamar Jackson,BAL,QB,active,ACT,8,1997-01-07,74,212,Louisville,7,2018,1,32,BAL,1
00-0035993,Tyler Huntley,BAL,QB,practice_squad,DEV,17,1998-02-03,73,205,Utah,5,2020,,,,
00-0035628,D'Ernest Johnson,BAL,RB,practice_squad,DEV,30,1996-02-27,70,208,University of South Florida,6,2019,,,,
00-0032764,Derrick Henry,BAL,RB,active,ACT,22,1994-01-04,75,247,Alabama,9,2016,2,45,TEN,1
00-0034975,Justice Hill,BAL,RB,active,ACT,43,1997-11-14,70,200,Oklahoma State,6,2019,4,113,BAL,2
00-0038454,Keaton Mitchell,BAL,RB,active,INA,34,2002-01-17,68,184,East Carolina,2,2023,,,,3
00-0039796,Rasheen Ali,BAL,RB,active,ACT,26,2001-02-16,71,209,Marshall,1,2024,5,165,BAL,4
00-0036587,Ar'Darius Washington,BAL,S,ir,RES,29,1999-11-02,68,178,TCU,4,2021,,,,3
00-0034116,J.T. Gray,BAL,S,practice_squad,DEV,48,1996-01-18,72,202,Mississippi State,7,2018,,,,
00-0040104,Keondre Jackson,BAL,S,practice_squad,DEV,39,2002-05-02,74,215,Illinois State,0,2025,,,,
00-0038038,Kyle Hamilton,BAL,S,active,ACT,14,2001-03-16,76,220,Notre Dame,3,2022,1,14,BAL,1
00-0040688,Malaki Starks,BAL,S,active,ACT,24,2003-11-13,73,205,Georgia,0,2025,1,27,BAL,1
00-0040106,Reuben Lowery,BAL,S,active,INA,30,2002-07-30,69,192,Tennessee-Chattanooga,0,2025,,,,2
00-0039235,Sanoussi Kane,BAL,S,active,ACT,21,2001-10-06,71,215,Purdue,1,2024,7,250,BAL,2
00-0038046,Charlie Kolar,BAL,TE,active,ACT,88,1999-02-10,78,255,Iowa State,3,2022,4,128,BAL,3
00-0037838,Isaiah Likely,BAL,TE,active,INA,80,2000-04-18,76,240,Coastal Carolina,3,2022,4,139,BAL,2
00-0034753,Mark Andrews,BAL,TE,active,ACT,89,1995-09-06,77,255,Oklahoma,7,2018,3,86,BAL,1
00-0037340,Zaire Mitchell-Paden,BAL,TE,active,ACT,84,1999-08-20,77,267,Florida Atlantic,3,2022,,,,
00-0034353,Anthony Miller,BAL,WR,practice_squad,DEV,6,1994-10-09,71,199,Memphis,7,2018,2,51,CHI,
00-0039259,Dayton Wade,BAL,WR,ir,RES,82,2000-09-08,69,175,Mississippi; Western Kentucky,1,2024,,,,3
00-0030564,DeAndre Hopkins,BAL,WR,active,ACT,10,1992-06-06,73,212,Clemson,12,2013,1,27,HOU,1
00-0039792,Devontez Walker,BAL,WR,active,ACT,81,2001-06-19,73,200,North Carolina; Kent State; North Carolina Central,1,2024,4,113,BAL,2
00-0034317,Keith Kirkwood,BAL,WR,practice_squad,DEV,18,1994-12-26,75,210,Temple,7,2018,,,,
00-0040075,LaJohntay Wester,BAL,WR,active,ACT,83,2002-03-29,69,163,Colorado; Florida Atlantic,0,2025,6,203,BAL,2
00-0036550,Rashod Bateman,BAL,WR,active,ACT,7,1999-11-29,73,210,Minnesota,4,2021,1,27,BAL,1
00-0036630,Tylan Wallace,BAL,WR,active,ACT,16,1999-05-13,71,190,Oklahoma State,4,2021,4,131,BAL,2
00-0039064,Zay Flowers,BAL,WR,active,ACT,4,2000-09-11,69,172,Boston College,2,2023,1,22,BAL,1
00-0035679,Connor McGovern,BUF,C,active,ACT,66,1997-11-03,78,308,Penn State,6,2019,3,90,DAL,1
00-0033910,Dan Feeney,BUF,C,practice_squad,DEV,60,1994-05-29,76,310,Indiana,8,2017,3,71,LAC,
00-0036983,Kendrick Green,BUF,C,active,ACT,53,1998-12-22,75,310,Illinois,4,2021,3,87,PIT,
00-0039876,Sedrick Van Pran-Granger,BUF,C,active,INA,62,2001-10-23,76,310,Georgia,1,2024,5,141,BUF,2
00-0039333,Brandon Codrington,BUF,CB,active,ACT,29,2000-11-17,69,185,North Carolina Central,1,2024,,,,3
00-0037288,Christian Benford,BUF,CB,active,ACT,47,2000-09-21,73,205,Villanova,3,2022,6,185,BUF,1
00-0036166,Dane Jackson,BUF,CB,practice_squad,DEV,23,1996-11-29,71,185,Pittsburgh,5,2020,7,239,BUF,
00-0040197,Dorian Strong,BUF,CB,active,ACT,43,2002-03-14,72,185,Virginia Tech,0,2025,6,177,BUF,2
00-0037661,Ja'Marcus Ingram,BUF,CB,active,ACT,46,1997-09-02,74,185,Buffalo; Texas Tech,3,2022,,,,2
00-0040518,Jalen Kimber,BUF,CB,practice_squad,DEV,38,2001-02-13,72,185,Penn State; Florida,0,2025,,,,
00-0040192,Jordan Hancock,BUF,CB,active,INA,37,2003-08-12,73,195,Ohio State,0,2025,5,170,BUF,2
00-0040709,Maxwell Hairston,BUF,CB,ir,RES,31,2003-08-06,71,186,Kentucky,0,2025,1,30,BUF,3
00-0034376,Taron Johnson,BUF,CB,active,ACT,7,1996-07-27,71,192,Weber State,7,2018,4,121,BUF,1
00-0033884,Tre'Davious White,BUF,CB,active,INA,27,1995-01-16,71,192,LSU,8,2017,1,27,BUF,1
00-0031054,DaQuan Jones,BUF,DT,active,ACT,92,1991-12-27,76,322,Penn State,11,2014,4,112,TEN,1
00-0039873,DeWayne Carter,BUF,DT,ir,RES,90,2000-12-10,74,305,Duke,1,2024,3,95,BUF,3
00-0040710,Deone Walker,BUF,DT,active,ACT,96,2004-03-11,79,331,Kentucky,0,2025,4,109,BUF,3
00-0035230,Ed Oliver,BUF,DT,active,ACT,91,1997-12-12,73,287,Houston,6,2019,1,9,BUF,1
00-0031557,Jordan Phillips,BUF,DT,practice_squad,DEV,52,1992-09-21,78,341,Oklahoma,10,2015,2,52,MIA,2
00-0033905,Larry Ogunjobi,BUF,DT,ir,RES,99,1994-06-03,75,305,Charlotte,8,2017,3,65,CLE,2
00-0040724,T.J. Sanders,BUF,DT,active,ACT,98,2003-07-30,76,290,South Carolina,0,2025,2,41,BUF,2
00-0036192,A.J. Epenesa,BUF,EDGE,active,ACT,57,1998-09-15,78,280,Iowa,5,2020,2,54,BUF,2
00-0038635,Andre Jones Jr.,BUF,EDGE,practice_squad,DEV,59,1998-10-25,77,258,Louisiana-Lafayette,2,2023,7,233,WAS,
00-0036914,Greg Rousseau,BUF,EDGE,active,ACT,50,2000-04-05,78,253,Miami,4,2021,1,30,BUF,1
00-0039879,Javon Solomon,BUF,EDGE,active,ACT,56,2001-01-17,73,249,Troy,1,2024,5,168,BUF,3
00-0033156,Joey Bosa,BUF,EDGE,active,ACT,97,1995-07-11,77,280,Ohio State,9,2016,1,3,LAC,1
00-0040132,Landon Jackson,BUF,EDGE,active,INA,94,2003-01-02,78,280,Arkansas; LSU,0,2025,3,72,BUF,2
00-0035933,Michael Hoecht,BUF,EDGE,ir,RES,55,1997-10-05,76,310,Brown,5,2020,,,,4
00-0039400,Zion Logue,BUF,EDGE,practice_squad,DEV,93,2001-07-13,78,310,Georgia,1,2024,6,197,ATL,
00-0036187,Reggie Gilliam,BUF,FB,active,ACT,41,1997-08-20,72,255,Toledo,5,2020,,,,1
00-0023853,Matt Prater,BUF,K,active,ACT,15,1984-08-10,70,201,UCF,19,2006,,,,
00-0036162,Tyler Bass,BUF,K,ir,RES,2,1997-02-14,70,185,Georgia Southern,5,2020,6,188,BUF,1
00-0038557,Dorian Williams,BUF,LB,active,ACT,42,2001-06-28,73,230,Tulane,2,2023,3,91,BUF,1
00-0039277,Jimmy Ciarlo,BUF,LB,practice_squad,DEV,35,2001-02-28,74,225,Army,1,2024,,,,
00-0039763,Joe Andreessen,BUF,LB,active,ACT,44,2000-02-07,72,232,Buffalo,1,2024,,,,2
00-0040362,Keonta Jenkins,BUF,LB,practice_squad,DEV,49,2002-01-26,74,219,Virginia Tech,0,2025,,,,
00-0033571,Matt Milano,BUF,LB,active,ACT,58,1994-07-28,72,223,Boston College,8,2017,5,163,BUF,2
00-0031550,Shaq Thompson,BUF,LB,active,ACT,45,1994-04-21,72,230,Washington,10,2015,1,25,CAR,1
00-0037254,Terrel Bernard,BUF,LB,active,ACT,8,1999-05-07,73,222,Baylor,3,2022,3,89,BUF,1
00-0032497,Reid Ferguson,BUF,LS,active,ACT,69,1994-03-24,74,235,LSU,9,2016,,,,1
00-0037428,Alec Anderson,BUF,OG,active,ACT,70,1999-10-03,77,305,UCLA,3,2022,,,,2
00-0035668,David Edwards,BUF,OG,active,ACT,76,1997-03-20,78,308,Wisconsin,6,2019,5,169,LA,1
00-0038548,O'Cyrus Torrence,BUF,OG,active,ACT,64,2000-01-20,77,347,Florida; Louisiana-Lafayette,2,2023,2,59,BUF,1
00-0040217,Chase Lundt,BUF,OT,active,INA,77,2000-06-16,79,305,Connecticut,0,2025,6,206,BUF,3
00-0033904,Dion Dawkins,BUF,OT,active,ACT,73,1994-04-26,77,320,Temple,8,2017,2,63,BUF,1
00-0037404,Ryan Van Demark,BUF,OT,active,ACT,74,1998-03-22,78,300,Connecticut,3,2022,,,,2
00-0036976,Spencer Brown,BUF,OT,active,ACT,79,1998-02-28,80,321,Northern Iowa,4,2021,3,93,BUF,1
00-0039930,Travis Clayton,BUF,OT,practice_squad,DEV,67,2001-02-17,79,301,,1,2024,7,221,BUF,
00-0039882,Tylan Grable,BUF,OT,ir,RES,68,1999-10-04,77,290,UCF; Jacksonville State,1,2024,6,204,BUF,2
00-0038626,Brad Robbins,BUF,P,active,ACT,40,1998-10-06,73,205,Michigan,2,2023,6,217,CIN,1
00-0034857,Josh Allen,BUF,QB,active,ACT,17,1996-05-21,77,237,Wyoming; Reedley,7,2018,1,7,BUF,1
00-0033869,Mitchell Trubisky,BUF,QB,active,ACT,11,1994-08-20,74,215,North Carolina,8,2017,1,2,CHI,2
00-0036679,Shane Buechele,BUF,QB,practice_squad,DEV,6,1998-01-08,72,205,SMU,4,2021,,,,
00-0039471,Frank Gore Jr.,BUF,RB,practice_squad,DEV,20,2002-03-13,68,200,Southern Mississippi,1,2024,,,,
00-0037248,James Cook,BUF,RB,active,ACT,4,1999-09-25,71,190,Georgia,3,2022,2,63,BUF,1
00-0039875,Ray Davis,BUF,RB,active,ACT,22,1999-11-20,68,216,Kentucky; Vanderbilt; Temple,1,2024,4,128,BUF,2
00-0035537,Ty Johnson,BUF,RB,active,ACT,26,1997-09-17,70,210,Maryland,6,2019,6,186,DET,3
00-0035357,Cam Lewis,BUF,S,active,ACT,39,1997-04-13,69,185,Buffalo,6,2019,,,,2
00-0039872,Cole Bishop,BUF,S,active,ACT,24,2002-10-24,74,207,Utah,1,2024,2,60,BUF,1
00-0036888,Damar Hamlin,BUF,S,active,ACT,3,1998-03-24,72,195,Pittsburgh,4,2021,6,212,BUF,2
00-0030114,Jordan Poyer,BUF,S,practice_squad,DEV,21,1991-04-25,72,191,Oregon State,12,2013,7,218,PHI,
00-0036037,Sam Franklin Jr.,BUF,S,active,ACT,28,1996-02-02,75,210,Temple,5,2020,,,,3
00-0035663,Taylor Rapp,BUF,S,active,ACT,9,1997-12-22,72,208,Washington,6,2019,2,61,LA,1
00-0040364,Wande Owens,BUF,S,ir,RES,30,2001-03-26,71,210,New Hampshire; Yale,0,2025,,,,4
00-0038933,Dalton Kincaid,BUF,TE,active,ACT,86,1999-10-18,75,240,Utah; Univ of California-San Diego,2,2023,1,25,BUF,1
00-0035689,Dawson Knox,BUF,TE,active,ACT,88,1996-11-14,76,254,Mississippi,6,2019,3,96,BUF,2
00-0040194,Jackson Hawes,BUF,TE,active,ACT,85,2000-12-06,76,260,Georgia Tech; Yale,0,2025,5,173,BUF,3
00-0040363,Keleki Latu,BUF,TE,practice_squad,DEV,83,2002-08-13,78,244,Washington; Nevada,0,2025,,,,
00-0033282,Curtis Samuel,BUF,WR,active,INA,1,1996-08-11,71,195,Ohio State,8,2017,2,40,CAR,2
00-0036980,Elijah Moore,BUF,WR,active,ACT,18,2000-03-27,70,184,Mississippi,4,2021,2,34,NYJ,2
00-0036196,Gabe Davis,BUF,WR,practice_squad,DEV,13,1999-03-01,74,213,UCF,5,2020,4,128,BUF,
00-0036988,Josh Palmer,BUF,WR,active,ACT,5,1999-09-22,73,210,Tennessee,4,2021,3,77,LAC,1
00-0039901,Keon Coleman,BUF,WR,active,ACT,0,2003-05-17,76,215,Florida State; Michigan State,1,2024,2,33,BUF,1
00-0037261,Khalil Shakir,BUF,WR,active,ACT,10,2000-02-03,72,190,Boise State,3,2022,5,148,BUF,1
00-0036183,Kristian Wilkerson,BUF,WR,practice_squad,DEV,82,1997-01-10,73,214,Southeast Missouri State,5,2020,,,,
00-0040361,Stephen Gosnell,BUF,WR,practice_squad,DEV,89,2001-10-22,73,198,Virginia Tech; North Carolina,0,2025,,,,
00-0038679,Tyrell Shavers,BUF,WR,active,ACT,14,1999-08-18,76,210,San Diego State; Mississippi State; Alabama,2,2023,,,,2
00-0034261,Austin Corbett,CAR,C,active,ACT,63,1995-09-05,76,305,Nevada,7,2018,2,33,CLE,1
00-0037297,Cade Mays,CAR,C,active,ACT,64,1999-04-26,78,320,Tennessee,3,2022,6,199,CAR,2
00-0038101,Akayleb Evans,CAR,CB,active,ACT,29,1999-06-22,74,193,Missouri,3,2022,4,118,MIN,2
00-0039380,Chau Smith-Wade,CAR,CB,active,ACT,26,2002-09-17,71,176,Washington State,1,2024,5,157,CAR,1
00-0040296,Corey Thornton,CAR,CB,active,ACT,31,2001-01-30,73,195,Louisville,0,2025,,,,2
00-0038105,Damarri Mathis,CAR,CB,ir,RES,28,1999-04-12,71,195,Pittsburgh,3,2022,4,115,DEN,3
00-0036944,Jaycee Horn,CAR,CB,active,ACT,8,1999-11-26,73,200,South Carolina,4,2021,1,8,CAR,1
00-0039239,Kalen King,CAR,CB,practice_squad,DEV,25,2003-01-28,71,190,Penn State,1,2024,7,255,GB,
00-0040293,Michael Reid,CAR,CB,practice_squad,DEV,35,2002-05-24,74,200,South Dakota; Monmouth,0,2025,,,,
00-0035277,Mike Jackson,CAR,CB,active,ACT,2,1997-01-10,73,210,Miami,6,2019,5,158,DAL,1
00-0032889,A'Shawn Robinson,CAR,DT,active,ACT,94,1995-03-21,75,330,Alabama,9,2016,2,46,DET,1
00-0036903,Bobby Brown III,CAR,DT,active,ACT,97,2000-08-07,76,325,Texas A&M,4,2021,4,117,LA,1
00-0040174,Cam Jackson,CAR,DT,active,INA,92,2002-08-07,78,342,Florida; Memphis,0,2025,5,140,CAR,2
00-0036220,Derrick Brown,CAR,DT,active,ACT,95,1998-04-15,77,318,Auburn,5,2020,1,7,CAR,1
00-0039402,Jaden Crumedy,CAR,DT,active,ACT,96,2000-07-30,76,315,Mississippi State,1,2024,6,200,CAR,
00-0040283,Jared Harrison-Hunte,CAR,DT,practice_squad,DEV,75,2000-07-22,76,294,SMU; Miami,0,2025,,,,
00-0037203,LaBryan Ray,CAR,DT,ir,RES,93,1997-12-05,76,292,Alabama,3,2022,,,,2
00-0040763,Mapalo Mwansa,CAR,DT,practice_squad,DEV,58,2004-04-02,74,230,,0,2025,,,,
00-0039490,Popo Aumavae,CAR,DT,ir,RES,78,1999-01-15,75,315,Oregon,1,2024,,,,3
00-0035890,Tershawn Wharton,CAR,DT,active,ACT,99,1998-06-25,73,280,Missouri-Rolla,5,2020,,,,2
00-0036553,Carlos Basham,CAR,EDGE,practice_squad,DEV,54,1997-12-16,75,273,Wake Forest,4,2021,2,61,BUF,
00-0036335,D.J. Wonnum,CAR,EDGE,active,ACT,98,1997-10-31,77,260,South Carolina,5,2020,4,117,MIN,1
00-0038535,DJ Johnson,CAR,EDGE,active,ACT,52,1998-10-29,76,270,Oregon; Miami,2,2023,3,80,CAR,3
00-0040746,Nic Scourton,CAR,EDGE,active,ACT,11,2004-08-25,74,285,Texas A&M; Purdue,0,2025,2,51,CAR,2
00-0037007,Patrick Jones II,CAR,EDGE,active,ACT,91,1998-09-29,76,260,Pittsburgh,4,2021,3,90,MIN,1
00-0040136,Princely Umanmielen,CAR,EDGE,active,ACT,3,2002-04-18,76,244,Mississippi; Florida,0,2025,3,77,CAR,2
00-0038791,Thomas Incoom,CAR,EDGE,active,ACT,48,1999-02-01,74,265,Central Michigan; Valdosta State,2,2023,,,,3
00-0040279,Ryan Fitzgerald,CAR,K,active,ACT,10,2000-08-13,71,190,Florida State,0,2025,,,,1
00-0040289,Bam Martin-Scott,CAR,LB,active,ACT,57,2000-07-04,74,227,South Carolina; Dodge City CC,0,2025,,,,3
00-0035942,Christian Rozeboom,CAR,LB,active,ACT,56,1997-01-30,74,230,South Dakota State,5,2020,,,,1
00-0038493,Claudin Cherelus,CAR,LB,active,ACT,53,1999-02-09,74,230,Alcorn State; UMass Amherst,2,2023,,,,2
00-0035961,Krys Barnes,CAR,LB,practice_squad,DEV,40,1998-04-02,74,235,UCLA,5,2020,,,,
00-0039347,Trevin Wallace,CAR,LB,active,ACT,32,2003-02-22,73,241,Kentucky,1,2024,3,72,CAR,1
00-0026027,J.J. Jansen,CAR,LS,active,ACT,44,1986-01-20,74,235,Notre Dame,17,2008,,,,1
00-0036123,Brandon Walton,CAR,OG,practice_squad,DEV,73,1998-03-18,77,300,Florida Atlantic,5,2020,,,,
00-0038536,Chandler Zavala,CAR,OG,active,ACT,62,1999-04-02,75,309,N.C. State; Fairmont State,2,2023,4,114,CAR,2
00-0036417,Damien Lewis,CAR,OG,active,ACT,68,1997-03-21,74,332,LSU; Northwest Mississippi CC,5,2020,3,69,SEA,1
00-0036325,Robert Hunt,CAR,OG,active,ACT,50,1996-08-25,78,322,Louisiana-Lafayette,5,2020,2,39,MIA,1
00-0036968,Brady Christensen,CAR,OT,active,ACT,70,1996-09-27,78,297,BYU,4,2021,3,70,CAR,2
00-0037229,Ikem Ekwonu,CAR,OT,active,INA,79,2000-10-31,76,320,N.C. State,3,2022,1,6,CAR,1
00-0039832,Jarrett Kingston,CAR,OT,practice_squad,DEV,61,1999-12-02,76,302,USC; Washington State,1,2024,6,215,SF,
00-0040294,Michael Tarquin,CAR,OT,practice_squad,DEV,71,2001-06-14,78,313,Oklahoma; USC; Florida,0,2025,,,,
00-0033284,Taylor Moton,CAR,OT,active,ACT,72,1994-08-14,77,325,Western Michigan,8,2017,2,64,CAR,1
00-0035084,Yosh Nijman,CAR,OT,active,ACT,77,1996-01-02,79,314,Virginia Tech,6,2019,,,,2
00-0030092,Sam Martin,CAR,P,active,ACT,6,1990-02-27,73,211,Appalachian State,12,2013,5,165,DET,1
00-0027973,Andy Dalton,CAR,QB,active,ACT,14,1987-10-29,74,220,TCU,14,2011,2,35,CIN,2
00-0039150,Bryce Young,CAR,QB,active,ACT,9,2001-07-25,70,194,Alabama,2,2023,1,1,CAR,1
00-0038550,Hendon Hooker,CAR,QB,practice_squad,DEV,12,1998-01-13,75,218,Tennessee; Virginia Tech,2,2023,3,68,DET,
00-0036555,Chuba Hubbard,CAR,RB,active,ACT,30,1999-06-11,73,207,Oklahoma State,4,2021,4,126,CAR,1
00-0036425,DeeJay Dallas,CAR,RB,practice_squad,DEV,20,1998-09-16,70,214,Miami,5,2020,4,144,SEA,
00-0039344,Jonathon Brooks,CAR,RB,ir,RES,24,2003-07-21,72,207,Texas,1,2024,2,46,CAR,4
00-0036139,Rico Dowdle,CAR,RB,active,ACT,5,1998-06-14,72,215,South Carolina,5,2020,,,,2
00-0040644,Trevor Etienne,CAR,RB,active,ACT,23,2004-07-09,68,205,Georgia; Florida,0,2025,4,114,CAR,3
00-0039601,Demani Richardson,CAR,S,active,ACT,36,2000-10-07,73,215,Texas A&M,1,2024,,,,2
00-0040159,Lathan Ransom,CAR,S,active,ACT,22,2002-07-16,72,210,Ohio State,0,2025,4,122,CAR,2
00-0035669,Nick Scott,CAR,S,active,ACT,21,1995-05-17,71,200,Penn State,6,2019,7,243,LA,1
00-0036962,Tre'von Moehrig,CAR,S,active,ACT,7,1999-06-16,74,202,TCU,4,2021,2,43,LV,1
00-0040295,Trevian Thomas,CAR,S,practice_squad,DEV,42,2002-03-04,71,196,Arkansas State,0,2025,,,,
00-0040292,Bryce Pierre,CAR,TE,practice_squad,DEV,45,2001-01-25,77,255,UCLA; Arizona State,0,2025,,,,
00-0039356,Ja'Tavion Sanders,CAR,TE,active,ACT,0,2003-03-27,76,243,Texas,1,2024,4,101,CAR,1
00-0037282,James Mitchell,CAR,TE,active,INA,85,1999-08-11,76,255,Virginia Tech,3,2022,5,177,DET,4
00-0040187,Mitchell Evans,CAR,TE,active,ACT,84,2003-03-18,77,251,Notre Dame,0,2025,5,163,CAR,3
00-0037005,Tommy Tremble,CAR,TE,active,ACT,82,2000-06-02,76,248,Notre Dame,4,2021,3,83,CAR,2
00-0039747,Ainias Smith,CAR,WR,practice_squad,DEV,80,2001-05-31,69,190,Texas A&M,1,2024,5,152,PHI,
00-0038840,Brycen Tremayne,CAR,WR,active,ACT,87,1999-11-18,76,212,Stanford,2,2023,,,,2
00-0040629,Dalevon Campbell,CAR,WR,active,INA,81,2001-12-05,76,205,South Carolina,0,2025,,,,3
00-0033589,David Moore,CAR,WR,active,ACT,83,1995-01-15,72,215,East Central,8,2017,7,226,SEA,1
00-0034983,Hunter Renfrow,CAR,WR,active,ACT,13,1995-12-21,70,185,Clemson,6,2019,5,149,LV,2
00-0040265,Ja'Seem Reed,CAR,WR,practice_squad,DEV,88,2003-03-21,74,195,San Diego,0,2025,,,,
00-0039491,Jalen Coker,CAR,WR,ir,RES,18,2001-10-30,75,213,Holy Cross,1,2024,,,,3
00-0040218,Jimmy Horn Jr.,CAR,WR,active,INA,15,2002-09-12,68,170,Colorado; University of South Florida,0,2025,6,208,CAR,2
00-0040124,Tetairoa McMillan,CAR,WR,active,ACT,4,2003-04-05,77,212,Arizona,0,2025,1,8,CAR,1
00-0039342,Xavier Legette,CAR,WR,active,ACT,17,2001-01-29,75,227,South Carolina,1,2024,1,32,CAR,1
00-0036957,Drew Dalman,CHI,C,active,ACT,52,1998-10-15,75,300,Stanford,4,2021,4,114,ATL,1
00-0039008,Ricky Stromberg,CHI,C,practice_squad,DEV,67,2000-11-10,76,315,Arkansas,2,2023,3,97,WAS,
00-0035382,Ryan Bates,CHI,C,active,ACT,71,1997-02-14,76,300,Penn State,6,2019,,,,2
00-0040550,Dontae Manning,CHI,CB,practice_squad,DEV,27,2001-09-17,70,190,Oregon,0,2025,,,,
00-0036292,Jaylon Johnson,CHI,CB,active,INA,1,1999-04-19,72,195,Utah,5,2020,2,50,CHI,1
00-0037106,Jaylon Jones,CHI,CB,active,ACT,33,1997-10-14,71,183,Mississippi,3,2022,,,,
00-0037129,Josh Blackwell,CHI,CB,active,ACT,39,1999-04-05,71,175,Duke,3,2022,,,,3
00-0038111,Kyler Gordon,CHI,CB,active,INA,6,1999-12-17,71,195,Washington,3,2022,2,39,CHI,1
00-0036986,Nahshon Wright,CHI,CB,active,ACT,26,1998-09-23,76,188,Oregon State,4,2021,3,99,DAL,2
00-0036589,Nick McCloud,CHI,CB,active,ACT,24,1998-07-09,73,190,Notre Dame,4,2021,,,,2
00-0038395,Terell Smith,CHI,CB,ir,RES,32,1999-07-27,72,215,Minnesota,2,2023,5,165,CHI,2
00-0034756,Tre Flowers,CHI,CB,practice_squad,DEV,37,1995-06-02,75,203,Oklahoma State,7,2018,5,146,SEA,
00-0039071,Tyrique Stevenson,CHI,CB,active,ACT,29,2000-05-26,72,214,Miami; Georgia,2,2023,2,56,CHI,1
00-0040191,Zah Frazier,CHI,CB,ir,RES,35,2000-10-05,75,185,Texas-San Antonio; Coffeyville CC,0,2025,5,169,CHI,4
00-0033066,Andrew Billings,CHI,DT,active,ACT,97,1995-06-03,73,328,Baylor,9,2016,4,122,CIN,2
00-0035857,Chris Williams,CHI,DT,active,ACT,91,1998-06-16,74,305,Wagner,5,2020,,,,3
00-0039070,Gervon Dexter Sr.,CHI,DT,active,ACT,99,2000-10-05,78,313,Florida,2,2023,2,53,CHI,1
00-0031583,Grady Jarrett,CHI,DT,active,ACT,50,1993-04-28,73,305,Clemson,10,2015,5,137,ATL,1
00-0037094,Jonathan Ford,CHI,DT,practice_squad,DEV,64,1998-09-29,77,305,Miami,3,2022,7,234,GB,
00-0040741,Shemar Turner,CHI,DT,active,INA,95,2003-01-14,75,290,Texas A&M,0,2025,2,62,CHI,2
00-0039840,Austin Booker,CHI,EDGE,ir,RES,94,2002-12-14,78,245,Kansas; Minnesota,1,2024,5,144,CHI,3
00-0037843,Daniel Hardy,CHI,EDGE,active,ACT,92,1998-12-15,74,240,Montana State,3,2022,7,235,LA,2
00-0036480,Dayo Odeyingbo,CHI,EDGE,active,ACT,55,1999-09-24,77,280,Vanderbilt,4,2021,2,54,IND,1
00-0037082,Dominique Robinson,CHI,EDGE,active,ACT,90,1998-07-02,77,256,Miami (Ohio),3,2022,5,174,CHI,2
00-0039461,Jamree Kromah,CHI,EDGE,practice_squad,DEV,59,2000-06-14,75,275,James Madison; Rutgers,1,2024,,,,
00-0035647,Montez Sweat,CHI,EDGE,active,ACT,98,1996-09-04,78,262,Mississippi State; Copiah-Lincoln Junior College; Michigan State,6,2019,1,26,WAS,1
00-0033902,Tanoh Kpassagnon,CHI,EDGE,active,ACT,69,1994-06-14,79,289,Villanova,8,2017,2,59,KC,
00-0031203,Cairo Santos,CHI,K,active,ACT,8,1991-11-12,68,160,Tulane,11,2014,,,,1
00-0036716,Amen Ogbongbemiga,CHI,LB,ir,RES,45,1998-09-04,73,235,Oklahoma State,4,2021,,,,2
00-0039460,Carl Jones,CHI,LB,active,ACT,43,2001-08-08,72,230,UCLA,1,2024,,,,
00-0037271,D'Marco Jackson,CHI,LB,active,ACT,48,1998-07-20,73,230,Appalachian State,3,2022,5,161,NO,2
00-0038390,Noah Sewell,CHI,LB,active,ACT,44,2002-04-26,73,253,Oregon,2,2023,5,148,CHI,2
00-0040167,Ruben Hyppolite II,CHI,LB,active,ACT,47,2001-09-16,72,240,Maryland,0,2025,4,132,CHI,1
00-0035386,T.J. Edwards,CHI,LB,active,INA,53,1996-08-12,72,240,Wisconsin,6,2019,,,,1
00-0034673,Tremaine Edmunds,CHI,LB,active,ACT,49,1998-05-02,76,250,Virginia Tech,7,2018,1,16,BUF,1
00-0040269,Xavier Carlton,CHI,LB,practice_squad,DEV,93,2001-08-22,78,275,California; Utah,0,2025,,,,
00-0034067,Scott Daly,CHI,LS,active,ACT,46,1994-02-07,73,250,Notre Dame,7,2018,,,,1
00-0032391,Joe Thuney,CHI,OG,active,ACT,62,1992-11-18,77,308,N.C. State,9,2016,3,78,NE,1
00-0036258,Jonah Jackson,CHI,OG,active,ACT,73,1997-02-05,75,305,Ohio State; Rutgers,5,2020,3,75,DET,1
00-0038595,Jordan McFadden,CHI,OG,practice_squad,DEV,74,1999-11-16,74,310,Clemson,2,2023,5,156,LAC,
00-0039822,Kiran Amegadjie,CHI,OG,active,INA,72,2002-02-01,77,326,Yale,1,2024,3,75,CHI,2
00-0040210,Luke Newman,CHI,OG,active,ACT,65,2002-03-03,76,310,Michigan State; Holy Cross,0,2025,6,195,CHI,2
00-0037081,Braxton Jones,CHI,OT,active,ACT,70,1999-03-27,77,310,Southern Utah State,3,2022,5,168,CHI,1
00-0038932,Darnell Wright,CHI,OT,active,ACT,58,2001-08-10,77,335,Tennessee,2,2023,1,10,CHI,1
00-0040740,Ozzy Trapilo,CHI,OT,active,ACT,75,2001-10-17,80,316,Boston College,0,2025,2,56,CHI,2
00-0039459,Theo Benedet,CHI,OT,active,ACT,79,2001-12-10,79,305,University of British Columbia,1,2024,,,,2
00-0039745,Tory Taylor,CHI,P,active,ACT,19,1997-07-10,76,232,Iowa,1,2024,4,122,CHI,1
00-0039918,Caleb Williams,CHI,QB,active,ACT,18,2001-11-18,73,215,USC; Oklahoma,1,2024,1,1,CHI,1
00-0028986,Case Keenum,CHI,QB,active,INA,11,1988-02-17,73,215,Houston,13,2012,,,,3
00-0038416,Tyson Bagent,CHI,QB,active,ACT,17,2000-06-08,75,210,Shepherd,2,2023,,,,2
00-0037329,Brittain Brown,CHI,RB,practice_squad,DEV,38,1997-10-10,73,205,UCLA,3,2022,7,250,LV,
00-0036275,D'Andre Swift,CHI,RB,active,ACT,4,1999-01-14,68,211,Georgia,5,2020,2,35,DET,1
00-0040272,Deion Hankins,CHI,RB,ir,RES,35,2000-09-13,71,229,Texas State-San Marcos,0,2025,,,,5
00-0040236,Kyle Monangai,CHI,RB,active,ACT,25,2002-06-06,68,209,Rutgers,0,2025,7,233,CHI,3
00-0039021,Roschon Johnson,CHI,RB,active,INA,23,2001-01-31,72,222,Texas,2,2023,4,115,CHI,2
00-0035594,Travis Homer,CHI,RB,ir,RES,21,1998-08-07,70,202,Miami,6,2019,6,204,SEA,4
00-0037096,Elijah Hicks,CHI,S,active,ACT,22,1999-10-16,71,200,California,3,2022,7,254,CHI,2
00-0038413,Gervarrius Owens,CHI,S,practice_squad,DEV,30,1999-10-14,72,200,Houston; Northeast Oklahoma,2,2023,7,254,NYG,
00-0038135,Jaquan Brisker,CHI,S,active,ACT,9,1999-04-20,73,202,Penn State; Lackawanna JC,3,2022,2,48,CHI,1
00-0034485,Jonathan Owens,CHI,S,active,ACT,36,1995-07-22,71,210,Missouri Western,7,2018,,,,2
00-0033132,Kevin Byard,CHI,S,active,ACT,31,1993-08-17,71,212,Middle Tennessee State,9,2016,3,64,TEN,1
00-0036290,Cole Kmet,CHI,TE,active,ACT,85,1999-03-10,78,258,Notre Dame,5,2020,2,43,CHI,2
00-0040126,Colston Loveland,CHI,TE,active,ACT,84,2004-04-09,78,245,Michigan,0,2025,1,10,CHI,1
00-0034798,Durham Smythe,CHI,TE,active,ACT,81,1995-08-09,76,260,Notre Dame,7,2018,4,123,MIA,3
00-0037031,Nikola Kalinic,CHI,TE,practice_squad,DEV,86,1997-01-21,76,245,York (Canada),3,2022,,,,
00-0035039,Stephen Carlson,CHI,TE,practice_squad,DEV,88,1996-12-12,76,240,Princeton,6,2019,,,,
00-0034827,DJ Moore,CHI,WR,active,ACT,2,1997-04-14,72,215,Maryland,7,2018,1,24,CAR,1
00-0036331,Devin Duvernay,CHI,WR,active,ACT,12,1997-09-12,71,210,Texas,5,2020,3,92,BAL,2
00-0040275,JP Richardson,CHI,WR,practice_squad,DEV,83,2002-03-23,71,195,TCU; Oklahoma State,0,2025,,,,
00-0040277,Jahdae Walker,CHI,WR,active,ACT,20,2002-07-05,75,205,Texas A&M; Grand Valley,0,2025,,,,2
00-0040735,Luther Burden III,CHI,WR,active,ACT,10,2003-12-12,72,205,Missouri,0,2025,2,39,CHI,1
00-0037708,Maurice Alexander,CHI,WR,practice_squad,DEV,13,1997-01-10,70,180,Florida International,5,2020,,,,
00-0035703,Miles Boykin,CHI,WR,practice_squad,DEV,80,1996-10-12,75,220,Notre Dame,6,2019,3,93,BAL,
00-0035208,Olamide Zaccheaus,CHI,WR,active,ACT,14,1997-07-23,68,193,Virginia,6,2019,,,,2
00-0039919,Rome Odunze,CHI,WR,active,ACT,15,2002-06-03,75,215,Washington,1,2024,1,9,CHI,1
00-0039426,Matt Lee,CIN,C,active,INA,65,2001-06-06,76,295,Miami; UCF,1,2024,7,237,CIN,2
00-0040374,Seth McLaughlin,CIN,C,practice_squad,DEV,68,2001-08-27,76,305,Ohio State; Alabama,0,2025,,,,
00-0032445,Ted Karras,CIN,C,active,ACT,64,1993-03-15,76,305,Illinois,9,2016,6,221,NE,1
00-0040372,Bralyn Lux,CIN,CB,practice_squad,DEV,21,2000-08-28,70,179,Texas Tech,0,2025,,,,
00-0037753,Cam Taylor-Britt,CIN,CB,active,ACT,29,1999-10-15,71,205,Nebraska,3,2022,2,60,CIN,1
00-0038642,D.J. Ivey,CIN,CB,active,ACT,38,2000-02-25,73,195,Miami,2,2023,7,246,CIN,2
00-0038549,DJ Turner II,CIN,CB,active,ACT,20,2000-11-09,71,181,Michigan,2,2023,2,60,CIN,1
00-0037743,Daxton Hill,CIN,CB,active,ACT,23,2000-09-29,72,192,Michigan,3,2022,1,31,CIN,1
00-0034446,Jalen Davis,CIN,CB,practice_squad,DEV,35,1996-02-02,70,185,Utah State,7,2018,,,,
00-0039375,Josh Newton,CIN,CB,active,ACT,28,2000-09-14,71,190,TCU; Louisiana-Monroe,1,2024,5,149,CIN,2
00-0036884,Marco Wilson,CIN,CB,active,INA,24,1999-03-03,71,191,Florida,4,2021,4,136,ARI,2
00-0034800,B.J. Hill,CIN,DT,active,ACT,92,1995-04-20,75,311,N.C. State,7,2018,3,69,NYG,1
00-0040369,Howard Cross III,CIN,DT,active,INA,95,2001-07-31,73,288,Notre Dame,0,2025,,,,3
00-0039908,Kris Jenkins,CIN,DT,active,ACT,90,2001-10-10,75,305,Michigan,1,2024,2,49,CIN,2
00-0039354,McKinnley Jackson,CIN,DT,active,INA,93,2001-12-26,74,325,Texas A&M,1,2024,3,97,CIN,2
00-0030757,Mike Pennel,CIN,DT,active,ACT,69,1991-05-09,76,332,Colorado State (Pueblo); Arizona State; Scottsdale CC,11,2014,,,,
00-0036642,Tedarrell Slaton,CIN,DT,active,ACT,98,1997-10-03,77,340,Florida,4,2021,5,173,GB,1
00-0036850,Cameron Sample,CIN,EDGE,active,ACT,96,1999-09-20,75,280,Tulane,4,2021,4,111,CIN,3
00-0039752,Cedric Johnson,CIN,EDGE,ir,RES,52,2002-09-06,75,265,Mississippi,1,2024,6,214,CIN,3
00-0037314,Isaiah Thomas,CIN,EDGE,practice_squad,DEV,51,1998-12-03,77,272,Oklahoma,3,2022,7,223,CLE,
00-0036902,Joseph Ossai,CIN,EDGE,active,ACT,58,2000-04-13,76,253,Texas,4,2021,3,69,CIN,1
00-0038546,Myles Murphy,CIN,EDGE,active,ACT,99,2002-01-03,77,275,Clemson,2,2023,1,28,CIN,2
00-0040756,Shemar Stewart,CIN,EDGE,active,ACT,97,2003-11-12,77,285,Texas A&M,0,2025,1,17,CIN,2
00-0033935,Trey Hendrickson,CIN,EDGE,active,ACT,91,1994-12-05,76,270,Florida Atlantic,8,2017,3,103,NO,1
00-0036854,Evan McPherson,CIN,K,active,ACT,2,1999-07-21,71,185,Florida,4,2021,5,149,CIN,1
00-0040157,Barrett Carter,CIN,LB,active,ACT,49,2002-10-23,72,230,Clemson,0,2025,4,119,CIN,2
00-0040738,Demetrius Knight Jr.,CIN,LB,active,ACT,44,2000-07-21,74,247,South Carolina; Charlotte,0,2025,2,49,CIN,1
00-0035363,Joe Giles-Harris,CIN,LB,practice_squad,DEV,43,1997-04-01,74,234,Duke,6,2019,,,,
00-0036294,Logan Wilson,CIN,LB,active,ACT,55,1996-07-08,74,250,Wyoming,5,2020,3,65,CIN,1
00-0039637,Maema Njongmeta,CIN,LB,practice_squad,DEV,45,2001-03-09,72,240,Wisconsin,1,2024,,,,
00-0034754,Oren Burks,CIN,LB,active,ACT,42,1995-03-21,75,233,Vanderbilt,7,2018,3,88,GB,1
00-0038890,Shaka Heyward,CIN,LB,active,ACT,50,2000-04-19,75,220,Duke,2,2023,,,,2
00-0040379,William Wagner,CIN,LS,active,ACT,46,2000-12-20,74,255,Michigan,0,2025,,,,1
00-0035238,Cody Ford,CIN,OG,active,ACT,61,1996-12-28,75,329,Oklahoma,6,2019,2,38,BUF,2
00-0038095,Cordell Volson,CIN,OG,ir,RES,67,1998-07-20,78,310,North Dakota State,3,2022,4,136,CIN,3
00-0035702,Dalton Risner,CIN,OG,active,ACT,66,1995-07-13,77,312,Kansas State,6,2019,2,41,DEN,2
00-0040140,Dylan Fairchild,CIN,OG,active,ACT,63,2003-05-08,77,315,Georgia,0,2025,3,81,CIN,1
00-0038892,Jaxson Kirkland,CIN,OG,practice_squad,DEV,60,1998-07-30,79,340,Washington,2,2023,,,,
00-0033082,Lucas Patrick,CIN,OG,active,ACT,62,1993-07-30,75,313,Duke,9,2016,,,,1
00-0039925,Amarius Mims,CIN,OT,active,ACT,71,2002-10-14,80,340,Georgia,1,2024,1,18,CIN,1
00-0039535,Andrew Coker,CIN,OT,practice_squad,DEV,79,2001-03-23,79,315,TCU,1,2024,,,,
00-0040180,Jalen Rivers,CIN,OT,active,ACT,74,2002-09-12,77,325,Miami,0,2025,5,153,CIN,2
00-0039742,Javon Foster,CIN,OT,practice_squad,DEV,73,2000-03-31,77,319,Missouri,1,2024,4,114,JAX,
00-0034752,Orlando Brown,CIN,OT,active,ACT,75,1996-05-02,80,345,Oklahoma,7,2018,3,83,BAL,1
00-0039323,Ryan Rehkow,CIN,P,active,ACT,8,1998-09-11,77,235,BYU,1,2024,,,,1
00-0034955,Brett Rypien,CIN,QB,practice_squad,DEV,11,1996-07-09,74,200,Boise State,6,2019,,,,
00-0035100,Jake Browning,CIN,QB,active,ACT,6,1996-04-11,74,209,Washington,6,2019,,,,2
00-0036442,Joe Burrow,CIN,QB,active,ACT,9,1996-12-10,76,216,LSU; Ohio State,5,2020,1,1,CIN,1
00-0038597,Chase Brown,CIN,RB,active,ACT,30,2000-03-21,70,205,Illinois; Western Michigan,2,2023,5,163,CIN,1
00-0036569,Gary Brightwell,CIN,RB,practice_squad,DEV,32,1998-02-28,73,218,Arizona,4,2021,6,196,NYG,
00-0039266,Kendall Milton,CIN,RB,practice_squad,DEV,36,2002-02-10,73,220,Georgia,1,2024,,,,
00-0033526,Samaje Perine,CIN,RB,active,ACT,34,1995-09-16,70,240,Oklahoma,8,2017,4,114,WAS,2
00-0040208,Tahj Brooks,CIN,RB,active,ACT,25,2002-05-13,69,230,Texas Tech,0,2025,6,193,CIN,3
00-0039414,Daijahn Anthony,CIN,S,ir,RES,33,2000-09-09,72,205,Mississippi; Liberty,1,2024,7,224,CIN,3
00-0036199,Geno Stone,CIN,S,active,ACT,22,1999-04-19,71,210,Iowa,5,2020,7,219,BAL,1
00-0038560,Jordan Battle,CIN,S,active,ACT,27,2000-12-14,73,206,Alabama,2,2023,3,95,CIN,1
00-0039632,PJ Jules,CIN,S,active,ACT,37,2001-05-14,72,209,Southern Illinois,1,2024,,,,2
00-0037844,Russ Yeast,CIN,S,practice_squad,DEV,39,1999-05-08,70,195,Kansas State,3,2022,7,253,LA,
00-0037752,Tycen Anderson,CIN,S,active,ACT,26,1999-06-13,74,200,Toledo,3,2022,5,166,CIN,2
00-0039631,Cam Grandy,CIN,TE,active,INA,85,1999-11-19,77,260,Illinois State; Missouri Western,1,2024,,,,5
00-0035631,Drew Sample,CIN,TE,active,ACT,89,1996-04-16,77,259,Washington,6,2019,2,52,CIN,3
00-0039814,Erick All,CIN,TE,ir,RES,83,2000-09-13,77,255,Iowa; Michigan,1,2024,4,115,CIN,6
00-0034829,Mike Gesicki,CIN,TE,active,ACT,88,1995-10-03,78,252,Penn State,7,2018,2,42,MIA,1
00-0035644,Noah Fant,CIN,TE,active,ACT,86,1997-11-20,76,249,Iowa,6,2019,1,20,DEN,2
00-0034613,Tanner Hudson,CIN,TE,active,ACT,87,1994-11-12,77,239,Southern Arkansas; Memphis,7,2018,,,,4
00-0038619,Andrei Iosivas,CIN,WR,active,ACT,80,1999-10-15,75,200,Princeton,2,2023,6,206,CIN,1
00-0038576,Charlie Jones,CIN,WR,active,ACT,15,1998-10-29,72,188,Purdue; Iowa,2,2023,4,131,CIN,2
00-0039451,Isaiah Williams,CIN,WR,practice_squad,DEV,18,2001-01-29,70,185,Illinois,1,2024,,,,
00-0036900,Ja'Marr Chase,CIN,WR,active,ACT,1,2000-03-01,72,200,LSU,4,2021,1,5,CIN,1
00-0039810,Jermaine Burton,CIN,WR,active,INA,81,2001-06-28,72,200,Alabama; Georgia,1,2024,3,80,CIN,2
00-0040375,Jordan Moore,CIN,WR,practice_squad,DEV,14,2002-04-18,72,195,Duke,0,2025,,,,
00-0038839,Mitchell Tinsley,CIN,WR,active,ACT,82,1999-09-15,73,205,Penn State; Western Kentucky,2,2023,,,,2
00-0036410,Tee Higgins,CIN,WR,active,ACT,5,1999-01-18,76,210,Clemson,5,2020,2,33,CIN,1
00-0033901,Ethan Pocic,CLE,C,active,ACT,55,1995-08-05,78,320,LSU,8,2017,2,58,SEA,1
00-0040264,Justin Osborne,CLE,C,ir,RES,62,2000-11-25,77,305,SMU; Auburn,0,2025,,,,3
00-0038609,Luke Wypler,CLE,C,active,ACT,56,2001-05-03,75,300,Ohio State,2,2023,6,190,CLE,2
00-0038848,Anthony Kendall,CLE,CB,ir,RES,44,1999-12-17,70,180,Baldwin Wallace College,2,2023,,,,3
00-0038585,Cameron Mitchell,CLE,CB,active,ACT,29,2001-09-08,71,195,Northwestern,2,2023,5,142,CLE,1
00-0034856,Denzel Ward,CLE,CB,active,ACT,21,1997-04-28,71,191,Ohio State,7,2018,1,4,CLE,1
00-0040258,Dom Jones,CLE,CB,practice_squad,DEV,37,2000-07-16,74,195,Colorado State; North Dakota State,0,2025,,,,
00-0036996,Greg Newsome II,CLE,CB,active,ACT,0,2000-05-18,72,188,Northwestern,4,2021,1,26,CLE,1
00-0038401,Jarrick Bernard-Converse,CLE,CB,active,ACT,20,2000-04-29,73,205,LSU; Oklahoma State,2,2023,6,204,NYJ,2
00-0040257,LaMareon James,CLE,CB,practice_squad,DEV,27,2000-10-25,70,190,TCU; Old Dominion,0,2025,,,,
00-0037250,Martin Emerson,CLE,CB,ir,RES,1,2000-09-27,74,200,Mississippi State,3,2022,3,68,CLE,2
00-0039417,Myles Harden,CLE,CB,active,ACT,26,2001-12-13,71,200,South Dakota,1,2024,7,227,CLE,2
00-0040255,Adin Huntington,CLE,DT,active,ACT,98,2002-03-18,73,281,Tulane; Louisiana-Monroe; Kent State,0,2025,,,,3
00-0033131,Maliek Collins,CLE,DT,active,ACT,96,1995-04-08,74,308,Nebraska,9,2016,3,67,DAL,1
00-0040685,Mason Graham,CLE,DT,active,ACT,94,2003-09-03,76,320,Michigan,0,2025,1,5,CLE,1
00-0039895,Mike Hall Jr.,CLE,DT,active,INA,51,2003-06-13,75,280,Ohio State,1,2024,2,54,CLE,2
00-0031270,Shelby Harris,CLE,DT,active,ACT,93,1991-08-11,74,290,Illinois State; Wisconsin,11,2014,7,235,LV,2
00-0037251,Alex Wright,CLE,EDGE,active,ACT,91,2000-09-05,77,270,UAB,3,2022,3,78,CLE,1
00-0037815,Cameron Thomas,CLE,EDGE,active,ACT,99,2000-07-01,76,270,San Diego State,3,2022,3,87,ARI,3
00-0038574,Isaiah McGuire,CLE,EDGE,active,ACT,57,2001-07-27,76,266,Missouri,2,2023,4,126,CLE,2
00-0036967,Joe Tryon-Shoyinka,CLE,EDGE,active,ACT,90,1999-04-30,77,262,Washington,4,2021,1,32,TB,2
00-0033868,Myles Garrett,CLE,EDGE,active,ACT,95,1995-12-29,76,272,Texas A&M,8,2017,1,1,CLE,1
00-0036705,Sam Kamara,CLE,EDGE,practice_squad,DEV,92,1997-12-21,72,275,Stony Brook,4,2021,,,,
00-0038428,Andre Szmyt,CLE,K,active,ACT,25,1998-09-26,72,199,Syracuse,2,2023,,,,1
00-0040579,Carson Schwesinger,CLE,LB,active,ACT,49,2003-02-24,75,225,UCLA,0,2025,2,33,CLE,1
00-0035525,Devin Bush,CLE,LB,active,ACT,30,1998-07-18,71,233,Michigan,6,2019,1,10,PIT,1
00-0040261,Easton Mascarenas-Arnold,CLE,LB,active,ACT,42,2002-09-13,71,231,USC; Oregon State,0,2025,,,,3
00-0039878,Edefuan Ulofoshio,CLE,LB,practice_squad,DEV,44,2000-01-23,73,236,Washington,1,2024,5,160,BUF,
00-0036915,Jeremiah Owusu-Koramoah,CLE,LB,ir,RES,6,1999-11-04,74,215,Notre Dame,4,2021,2,52,CLE,4
00-0034797,Jerome Baker,CLE,LB,active,ACT,17,1996-12-25,74,225,Ohio State,7,2018,3,73,MIA,2
00-0036249,Julian Okwara,CLE,LB,practice_squad,DEV,53,1997-12-27,76,241,Notre Dame,5,2020,3,67,DET,
00-0038711,Mohamoud Diabate,CLE,LB,active,ACT,43,2001-05-18,76,227,Utah,2,2023,,,,1
00-0039406,Nathaniel Watson,CLE,LB,ir,RES,40,2000-09-01,72,245,Mississippi State,1,2024,6,206,CLE,2
00-0039515,Winston Reid,CLE,LB,ir,RES,59,1999-08-03,72,230,Weber State,1,2024,,,,2
00-0036443,Rex Sunahara,CLE,LS,active,ACT,50,1996-10-09,78,242,West Virginia,5,2020,,,,1
00-0038103,Cole Strange,CLE,OG,practice_squad,DEV,69,1998-07-31,77,301,Tennessee-Chattanooga,3,2022,1,29,NE,
00-0040079,Garrett Dellinger,CLE,OG,practice_squad,DEV,52,2002-02-18,77,322,LSU,0,2025,7,243,BAL,
00-0031426,Joel Bitonio,CLE,OG,active,ACT,75,1991-10-11,76,320,Nevada,11,2014,2,35,CLE,1
00-0039755,KT Leveston,CLE,OG,active,INA,72,1999-10-28,76,330,Kansas State,1,2024,7,254,LA,3
00-0036953,Teven Jenkins,CLE,OG,active,ACT,74,1998-03-03,78,310,Oklahoma State,4,2021,2,39,CHI,2
00-0034399,Wyatt Teller,CLE,OG,active,ACT,77,1994-11-21,76,315,Virginia Tech,7,2018,5,166,BUF,1
00-0039350,Zak Zinter,CLE,OG,active,INA,70,2001-04-17,78,315,Michigan,1,2024,3,85,CLE,2
00-0030725,Cornelius Lucas,CLE,OT,active,ACT,71,1991-07-18,80,328,Kansas State,11,2014,,,,2
00-0039014,Dawand Jones,CLE,OT,active,ACT,79,2001-08-06,80,359,Ohio State,2,2023,4,111,CLE,1
00-0033057,Jack Conklin,CLE,OT,active,ACT,78,1994-08-17,78,308,Michigan State,9,2016,1,8,TEN,1
00-0040495,Logan Brown,CLE,OT,practice_squad,DEV,62,2001-04-17,78,315,Kansas; Wisconsin,0,2025,,,,
00-0034721,Corey Bojorquez,CLE,P,active,ACT,13,1996-09-13,72,208,New Mexico; Cerritos College,7,2018,,,,1
00-0038108,Bailey Zappe,CLE,QB,practice_squad,DEV,11,1999-04-26,73,220,Western Kentucky; Houston Christian University,3,2022,4,137,NE,
00-0033537,Deshaun Watson,CLE,QB,ir,RES,4,1995-09-14,75,221,Clemson,8,2017,1,12,HOU,4
00-0040704,Dillon Gabriel,CLE,QB,active,ACT,8,2000-12-28,71,186,Oregon; Oklahoma; UCF,0,2025,3,94,CLE,2
00-0026158,Joe Flacco,CLE,QB,active,ACT,15,1985-01-16,78,245,Delaware; Pittsburgh,17,2008,1,18,BAL,1
00-0040668,Shedeur Sanders,CLE,QB,active,INA,12,2002-02-07,74,215,Colorado; Jackson State University,0,2025,5,144,CLE,3
00-0040260,Ahmani Marshall,CLE,RB,practice_squad,DEV,39,2002-03-21,73,225,Appalachian State; Wake Forest,0,2025,,,,
00-0040162,Dylan Sampson,CLE,RB,active,ACT,22,2004-09-14,68,201,Tennessee,0,2025,4,126,CLE,3
00-0037267,Jerome Ford,CLE,RB,active,ACT,34,1999-09-12,70,220,Cincinnati; Alabama,3,2022,5,156,CLE,1
00-0040466,Raheim Sanders,CLE,RB,active,ACT,35,2002-06-08,72,242,South Carolina; Arkansas,0,2025,,,,4
00-0035291,Trayveon Williams,CLE,RB,practice_squad,DEV,36,1997-10-18,68,206,Texas A&M,6,2019,6,182,CIN,
00-0039513,Chris Edmonds,CLE,S,practice_squad,DEV,41,2001-07-16,74,215,Arizona State; Samford,1,2024,,,,
00-0033512,Damontae Kazee,CLE,S,active,ACT,23,1993-06-05,71,190,San Diego State,8,2017,5,149,ATL,2
00-0040263,Donovan McMillon,CLE,S,active,ACT,31,2002-06-18,74,205,Pittsburgh; Florida,0,2025,,,,3
00-0036282,Grant Delpit,CLE,S,active,ACT,9,1998-09-20,75,203,LSU,5,2020,2,44,CLE,1
00-0033941,Rayshawn Jenkins,CLE,S,active,ACT,5,1994-01-25,73,220,Miami,8,2017,4,113,LAC,2
00-0038715,Ronnie Hickman Jr.,CLE,S,active,ACT,33,2001-10-11,73,205,Ohio State,2,2023,,,,1
00-0038710,Blake Whiteheart,CLE,TE,active,ACT,86,2000-03-22,76,243,Wake Forest,2,2023,,,,3
00-0039458,Brenden Bates,CLE,TE,practice_squad,DEV,82,1999-10-16,77,251,Kentucky,1,2024,,,,
00-0033885,David Njoku,CLE,TE,active,ACT,85,1996-07-10,76,246,Miami,8,2017,1,29,CLE,1
00-0040663,Harold Fannin Jr.,CLE,TE,active,ACT,44,2004-07-20,76,230,Bowling Green,0,2025,3,67,CLE,2
00-0037015,Sal Cannella,CLE,TE,practice_squad,DEV,87,1996-12-02,77,228,Auburn,4,2021,,,,
00-0040615,Cade McDonald,CLE,WR,ir,RES,31,2001-05-07,70,200,Miami (Ohio); Michigan State,0,2025,,,,3
00-0038979,Cedric Tillman,CLE,WR,active,ACT,19,2000-04-19,75,215,Tennessee,2,2023,3,74,CLE,1
00-0037257,David Bell,CLE,WR,ir,RES,18,2000-12-14,73,205,Purdue,3,2022,3,99,CLE,3
00-0031763,DeAndre Carter,CLE,WR,active,ACT,2,1993-04-10,68,190,Sacramento State,10,2015,,,,2
00-0040259,Gage Larvadain,CLE,WR,active,INA,84,2003-01-03,68,190,South Carolina; Miami (Ohio),0,2025,,,,2
00-0040782,Isaiah Bond,CLE,WR,active,ACT,16,2004-03-15,71,180,Texas; Alabama,0,2025,,,,2
00-0039379,Jamari Thrash,CLE,WR,active,ACT,80,2000-12-19,72,185,Louisville; Georgia State,1,2024,5,156,CLE,1
00-0036407,Jerry Jeudy,CLE,WR,active,ACT,3,1999-04-24,73,192,Alabama,5,2020,1,15,DEN,1
00-0037380,Kaden Davis,CLE,WR,practice_squad,DEV,89,1998-09-25,73,190,NW Missouri State University,3,2022,,,,
00-0039920,Malachi Corley,CLE,WR,practice_squad,DEV,83,2002-03-21,71,210,Western Kentucky,1,2024,3,65,NYJ,
00-0037336,Brock Hoffman,DAL,C,active,ACT,67,1999-07-02,76,317,Virginia Tech; Coastal Carolina,3,2022,,,,2
00-0039348,Cooper Beebe,DAL,C,active,ACT,56,2001-05-19,76,335,Kansas State,1,2024,3,73,DAL,1
00-0040045,Alijah Clark,DAL,CB,practice_squad,DEV,38,2003-07-11,73,187,Syracuse; Rutgers,0,2025,,,,
00-0031357,C.J. Goodwin,DAL,CB,active,ACT,29,1990-02-04,75,190,California (PA); Bethany West; Fairmont State,11,2014,,,,2
00-0039387,Caelen Carson,DAL,CB,ir,RES,21,2002-03-03,72,195,Wake Forest,1,2024,5,174,DAL,4
00-0037747,Christian Matthew,DAL,CB,ir,RES,37,1996-10-26,74,200,Valdosta State,3,2022,7,244,ARI,4
00-0037275,DaRon Bland,DAL,CB,active,ACT,26,1999-07-12,72,206,Fresno State,3,2022,5,167,DAL,1
00-0038348,Josh Butler,DAL,CB,ir,RES,31,1996-11-25,72,182,Michigan State,2,2023,,,,3
00-0037242,Kaiir Elam,DAL,CB,active,ACT,20,2001-05-05,73,196,Florida,3,2022,1,23,BUF,1
00-0039465,Reddy Steward,DAL,CB,active,ACT,27,2001-05-04,71,178,Troy,1,2024,,,,2
00-0036904,Robert Rochell,DAL,CB,practice_squad,DEV,30,1998-04-26,72,195,Central Arkansas,4,2021,4,130,LA,
00-0040008,Shavon Revel Jr.,DAL,CB,ir,RES,27,2002-04-12,74,193,East Carolina; Louisburg,0,2025,3,76,DAL,3
00-0036361,Trevon Diggs,DAL,CB,active,ACT,7,1998-09-20,73,207,Alabama,5,2020,2,51,DAL,1
00-0040251,Trikweze Bridges,DAL,CB,active,ACT,25,2000-09-20,74,200,Florida; Oregon,0,2025,7,256,LAC,2
00-0040044,Zion Childress,DAL,CB,practice_squad,DEV,48,2002-01-21,71,195,Kentucky; Texas State-San Marcos,0,2025,,,,
00-0040019,Jay Toia,DAL,DT,active,ACT,93,2003-07-16,74,342,UCLA; USC,0,2025,7,217,DAL,3
00-0033120,Kenny Clark,DAL,DT,active,ACT,95,1995-10-04,75,314,UCLA,9,2016,1,27,GB,1
00-0038545,Mazi Smith,DAL,DT,active,INA,58,2001-06-16,75,337,Michigan,2,2023,1,26,DAL,2
00-0036942,Osa Odighizuwa,DAL,DT,active,ACT,97,1998-08-13,74,280,UCLA,4,2021,3,75,DAL,1
00-0038126,Perrion Winfrey,DAL,DT,active,INA,99,2000-08-15,76,290,Oklahoma; Iowa Western CC,3,2022,4,108,CLE,3
00-0033870,Solomon Thomas,DAL,DT,active,ACT,90,1995-08-26,75,280,Stanford,8,2017,1,3,SF,2
00-0038144,Adedayo Odeleye,DAL,EDGE,practice_squad,DEV,92,1997-10-17,77,272,,3,2022,,,,
00-0032052,Dante Fowler Jr.,DAL,EDGE,active,ACT,13,1994-08-03,75,255,Florida,10,2015,1,3,JAX,1
00-0040725,Donovan Ezeiruaku,DAL,EDGE,active,ACT,41,2003-05-25,74,247,Boston College,0,2025,2,44,DAL,2
00-0036855,Earnest Brown IV,DAL,EDGE,practice_squad,DEV,51,1999-01-08,77,270,Northwestern,4,2021,5,174,LA,
00-0038737,Isaiah Land,DAL,EDGE,practice_squad,DEV,91,2000-02-05,76,225,Florida A&M,2,2023,,,,
00-0037310,James Houston,DAL,EDGE,active,ACT,53,1998-11-16,73,225,Jackson State University,3,2022,6,217,DET,3
00-0039900,Marshawn Kneeland,DAL,EDGE,active,ACT,94,2001-07-08,75,275,Western Michigan,1,2024,2,56,DAL,2
00-0036926,Payton Turner,DAL,EDGE,ir,RES,98,1999-01-07,78,270,Houston,4,2021,1,28,NO,4
00-0037665,Sam Williams,DAL,EDGE,active,ACT,54,1999-03-31,76,265,Mississippi,3,2022,2,56,DAL,1
00-0038738,Hunter Luepke,DAL,FB,active,ACT,40,2000-02-28,73,236,North Dakota State,2,2023,,,,1
00-0037692,Brandon Aubrey,DAL,K,active,ACT,17,1995-03-14,75,192,Notre Dame,3,2022,,,,1
00-0036870,Buddy Johnson,DAL,LB,active,ACT,32,1999-02-27,74,240,Texas A&M,4,2021,4,140,PIT,
00-0037281,Damone Clark,DAL,LB,active,ACT,18,2000-06-28,74,239,LSU,3,2022,5,176,DAL,1
00-0038556,DeMarvion Overshown,DAL,LB,ir,RES,0,2000-08-13,75,217,Texas,2,2023,3,90,DAL,3
00-0037109,Jack Sanborn,DAL,LB,active,ACT,57,2000-07-29,74,232,Wisconsin,3,2022,,,,1
00-0040043,Justin Barron,DAL,LB,practice_squad,DEV,55,2001-10-25,76,231,Syracuse,0,2025,,,,
00-0036441,"Kenneth Murray, Jr.",DAL,LB,active,ACT,59,1998-11-16,74,234,Oklahoma,5,2020,1,23,LAC,1
00-0039352,Marist Liufau,DAL,LB,active,ACT,35,2001-02-09,74,239,Notre Dame,1,2024,3,87,DAL,2
00-0040011,Shemar James,DAL,LB,active,INA,50,2004-06-24,73,229,Florida,0,2025,5,152,DAL,2
00-0034198,Trent Sieg,DAL,LS,active,ACT,44,1995-05-19,76,240,Colorado State,7,2018,,,,1
00-0036596,Robert Jones,DAL,OG,ir,RES,65,1999-01-28,76,330,Middle Tennessee State,4,2021,,,,3
00-0038731,TJ Bass,DAL,OG,active,ACT,66,1999-03-31,77,325,Oregon; Butte College,2,2023,,,,2
00-0039310,Trevor Keegan,DAL,OG,active,INA,76,2000-08-30,77,320,Michigan,1,2024,5,172,PHI,2
00-0040007,Tyler Booker,DAL,OG,active,ACT,52,2004-04-12,76,325,Alabama,0,2025,1,12,DAL,1
00-0037243,Tyler Smith,DAL,OG,active,ACT,73,2001-04-03,77,332,Tulsa,3,2022,1,24,DAL,1
00-0040017,Ajani Cornelius,DAL,OT,active,INA,69,2002-05-21,76,308,Oregon; Rhode Island,0,2025,6,204,DAL,3
00-0034817,Geron Christian,DAL,OT,practice_squad,DEV,79,1996-09-10,77,315,Louisville,7,2018,3,74,WAS,
00-0036310,Hakeem Adeniji,DAL,OT,active,INA,75,1997-12-08,76,300,Kansas,5,2020,6,180,CIN,2
00-0039422,Nathan Thomas,DAL,OT,active,ACT,71,2001-08-22,77,334,Louisiana-Lafayette,1,2024,7,233,DAL,2
00-0036036,Terence Steele,DAL,OT,active,ACT,78,1997-06-04,78,310,Texas Tech,5,2020,,,,1
00-0039341,Tyler Guyton,DAL,OT,active,ACT,60,2002-06-11,79,328,Oklahoma; TCU,1,2024,1,29,DAL,1
00-0029692,Bryan Anger,DAL,P,active,ACT,5,1988-10-06,75,205,California,13,2012,3,70,JAX,1
00-0033077,Dak Prescott,DAL,QB,active,ACT,4,1993-07-29,74,238,Mississippi State,9,2016,4,135,DAL,1
00-0039398,Joe Milton III,DAL,QB,active,ACT,10,2000-03-06,77,235,Tennessee; Michigan,1,2024,6,193,NE,2
00-0035251,Will Grier,DAL,QB,practice_squad,DEV,15,1995-04-03,73,220,West Virginia; Florida State,6,2019,3,100,CAR,
00-0036997,Javonte Williams,DAL,RB,active,ACT,33,2000-04-25,70,220,North Carolina,4,2021,2,35,DEN,1
00-0040586,Jaydon Blue,DAL,RB,active,INA,23,2004-01-08,69,200,Texas,0,2025,5,149,DAL,3
00-0037563,Malik Davis,DAL,RB,practice_squad,DEV,21,1998-11-26,70,207,Florida,3,2022,,,,
00-0035243,Miles Sanders,DAL,RB,active,ACT,24,1997-05-01,71,211,Penn State,6,2019,2,53,PHI,2
00-0040021,Phil Mafah,DAL,RB,ir,RES,37,2002-10-24,73,230,Clemson,0,2025,7,239,DAL,4
00-0035301,Donovan Wilson,DAL,S,active,ACT,6,1995-02-21,72,204,Texas A&M,6,2019,6,213,DAL,1
00-0037578,Juanyeh Thomas,DAL,S,active,ACT,2,2000-06-24,75,217,Georgia Tech,3,2022,,,,2
00-0033877,Malik Hooker,DAL,S,active,ACT,28,1996-04-02,73,212,Ohio State,8,2017,1,15,IND,1
00-0037561,Markquese Bell,DAL,S,active,ACT,14,1999-01-06,75,205,Florida A&M,3,2022,,,,2
00-0039530,Brevyn Spann-Ford,DAL,TE,active,ACT,89,1999-12-27,79,270,Minnesota,1,2024,,,,3
00-0038041,Jake Ferguson,DAL,TE,active,ACT,87,1999-01-18,77,250,Wisconsin,3,2022,4,129,DAL,1
00-0038741,John Stephens Jr.,DAL,TE,ir,RES,49,1999-09-23,78,221,Louisiana-Lafayette; TCU,2,2023,,,,4
00-0038547,Luke Schoonmaker,DAL,TE,active,ACT,86,1998-09-28,77,250,Michigan,2,2023,2,58,DAL,2
00-0038735,Princeton Fant,DAL,TE,practice_squad,DEV,85,1999-03-11,74,240,Tennessee,2,2023,,,,
00-0040046,Rivaldo Fairweather,DAL,TE,practice_squad,DEV,45,2002-07-19,75,251,Auburn; Florida International,0,2025,,,,
00-0036358,CeeDee Lamb,DAL,WR,active,ACT,88,1999-04-08,74,189,Oklahoma,5,2020,1,17,DAL,1
00-0037247,George Pickens,DAL,WR,active,ACT,3,2001-03-04,75,200,Georgia,3,2022,2,52,PIT,1
00-0038640,Jalen Brooks,DAL,WR,practice_squad,DEV,83,2000-05-07,73,205,South Carolina; Tarleton State; Wingate,2,2023,7,244,DAL,
00-0038740,Jalen Cropper,DAL,WR,practice_squad,DEV,16,2001-05-03,71,172,Fresno State,2,2023,,,,
00-0037666,Jalen Tolbert,DAL,WR,active,ACT,1,1999-02-27,73,195,South Alabama,3,2022,3,88,DAL,1
00-0039062,Jonathan Mingo,DAL,WR,ir,RES,81,2001-04-20,74,225,Mississippi,2,2023,2,39,CAR,2
00-0037801,KaVontae Turpin,DAL,WR,active,ACT,9,1996-08-02,69,153,TCU,6,2019,,,,2
00-0039410,Ryan Flournoy,DAL,WR,active,ACT,19,1999-10-27,73,197,Southeast Missouri State; Iowa Western CC,1,2024,6,216,DAL,
00-0040048,Traeshon Holden,DAL,WR,practice_squad,DEV,7,2001-09-12,74,205,Oregon; Alabama,0,2025,,,,
00-0038649,Alex Forsyth,DEN,C,active,ACT,54,1999-02-13,76,312,Oregon,2,2023,7,257,DEN,2
00-0037278,Luke Wattenberg,DEN,C,active,ACT,60,1997-09-10,77,300,Washington,3,2022,5,171,DEN,1
00-0037384,Ja'Quan McMillian,DEN,CB,active,ACT,29,2000-06-04,70,183,East Carolina,3,2022,,,,1
00-0040450,Jaden Robinson,DEN,CB,practice_squad,DEV,33,2000-11-14,72,190,Oregon State,0,2025,,,,
00-0040720,Jahdae Barron,DEN,CB,active,ACT,23,2001-12-04,71,190,Texas,0,2025,1,20,DEN,2
00-0039371,Kris Abrams-Draine,DEN,CB,active,ACT,31,2001-10-04,71,178,Missouri,1,2024,5,145,DEN,2
00-0036874,Pat Surtain II,DEN,CB,active,ACT,2,2000-04-14,74,203,Alabama,4,2021,1,9,DEN,1
00-0038521,Reese Taylor,DEN,CB,practice_squad,DEV,35,1999-08-27,69,190,Purdue,2,2023,,,,
00-0038552,Riley Moss,DEN,CB,active,ACT,21,2000-03-03,72,193,Iowa,2,2023,3,83,DEN,1
00-0033297,D.J. Jones,DEN,DT,active,ACT,93,1995-01-19,72,321,Mississippi; East Mississippi JC,8,2017,6,198,SF,1
00-0038106,Eyioma Uwazurike,DEN,DT,active,ACT,96,1998-05-06,78,285,Iowa State,3,2022,4,116,DEN,2
00-0034805,John Franklin-Myers,DEN,DT,active,ACT,98,1996-09-26,76,288,Stephen F. Austin State,7,2018,4,135,LA,1
00-0037294,Jordan Jackson,DEN,DT,active,ACT,94,1998-01-30,77,285,Air Force,3,2022,6,194,NO,2
00-0039570,Jordan Miller,DEN,DT,practice_squad,DEV,90,2000-01-20,75,307,SMU; Miami,1,2024,,,,
00-0040454,Kristian Williams,DEN,DT,ir,RES,75,2000-12-05,74,295,Missouri,0,2025,,,,4
00-0035763,Malcolm Roach,DEN,DT,ir,RES,97,1998-06-09,75,290,Texas,5,2020,,,,2
00-0037303,Matt Henningsen,DEN,DT,ir,RES,91,1999-07-09,75,291,Wisconsin,3,2022,6,206,DEN,3
00-0040153,Sai'vion Jones,DEN,DT,active,INA,95,2003-06-03,77,280,LSU,0,2025,3,101,DEN,3
00-0035248,Zach Allen,DEN,DT,active,ACT,99,1997-08-20,76,281,Boston College,6,2019,3,65,ARI,1
00-0037799,Dondrea Tillman,DEN,EDGE,active,ACT,92,1998-04-30,76,247,"Indiana PA,  University of",5,2020,,,,2
00-0040452,Johnny Walker Jr.,DEN,EDGE,ir,RES,59,2001-12-12,75,246,Missouri,0,2025,,,,4
00-0039809,Jonah Elliss,DEN,EDGE,active,ACT,52,2003-04-03,74,246,Utah,1,2024,3,76,DEN,2
00-0036952,Jonathon Cooper,DEN,EDGE,active,ACT,0,1998-01-08,76,257,Ohio State,4,2021,7,239,DEN,1
00-0037249,Nik Bonitto,DEN,EDGE,active,ACT,15,1999-09-26,75,238,Oklahoma,3,2022,2,64,DEN,1
00-0040168,Que Robinson,DEN,EDGE,active,INA,51,2001-05-12,76,241,Alabama,0,2025,4,134,DEN,3
00-0036727,Adam Prentice,DEN,FB,active,ACT,46,1997-01-16,72,245,South Carolina,4,2021,,,,
00-0031595,Michael Burton,DEN,FB,ir,RES,20,1992-02-01,71,240,Rutgers,10,2015,5,168,DET,1
00-0032569,Wil Lutz,DEN,K,active,ACT,3,1994-07-07,71,184,Georgia State,9,2016,,,,1
00-0031898,Alex Singleton,DEN,LB,active,ACT,49,1993-12-07,74,242,Montana State,10,2015,,,,1
00-0034982,Dre Greenlaw,DEN,LB,active,INA,57,1997-05-25,72,225,Arkansas,6,2019,5,148,SF,1
00-0039003,Drew Sanders,DEN,LB,ir,RES,41,2000-12-31,77,233,Arkansas; Alabama,2,2023,3,67,DEN,4
00-0036844,Garret Wallow,DEN,LB,practice_squad,DEV,46,1999-01-25,74,230,TCU,4,2021,5,170,HOU,
00-0040634,Jordan Turner,DEN,LB,practice_squad,DEV,55,2001-12-13,73,231,Michigan State; Wisconsin,0,2025,,,,
00-0036428,Justin Strnad,DEN,LB,active,ACT,40,1996-08-21,75,235,Wake Forest,5,2020,5,178,DEN,2
00-0040449,Karene Reid,DEN,LB,active,ACT,47,2000-02-19,72,226,Utah,0,2025,,,,3
00-0039565,Levelle Bailey,DEN,LB,active,ACT,56,2000-12-04,74,225,Fresno State; Sacramento State,1,2024,,,,
00-0036943,Mitchell Fraboni,DEN,LS,active,ACT,48,1996-10-28,74,223,Arizona State,4,2021,,,,1
00-0034978,Ben Powers,DEN,OG,active,ACT,74,1996-10-29,76,310,Oklahoma; Butler County JC,6,2019,4,123,BAL,1
00-0035764,Calvin Throckmorton,DEN,OG,practice_squad,DEV,76,1996-08-16,77,318,Oregon,5,2020,,,,
00-0040446,Joseph Michalski,DEN,OG,practice_squad,DEV,68,2001-04-06,77,306,Oklahoma State,0,2025,,,,
00-0039438,Nick Gargiulo,DEN,OG,ir,RES,66,2000-07-19,77,327,South Carolina; Yale,1,2024,7,256,DEN,2
00-0037001,Quinn Meinerz,DEN,OG,active,ACT,77,1998-11-15,75,320,Wisconsin-Whitewater,4,2021,3,98,DEN,1
00-0038796,Alex Palczewski,DEN,OT,active,ACT,63,1999-08-03,78,315,Illinois,2,2023,,,,2
00-0039568,Frank Crum,DEN,OT,active,INA,73,2000-05-14,79,315,Wyoming,1,2024,,,,3
00-0033538,Garett Bolles,DEN,OT,active,ACT,72,1992-05-27,77,300,Utah; Snow,8,2017,1,20,DEN,1
00-0036392,Matt Peart,DEN,OT,active,ACT,79,1997-06-11,79,303,Connecticut,5,2020,3,99,NYG,2
00-0034847,Mike McGlinchey,DEN,OT,active,ACT,69,1995-01-12,80,315,Notre Dame,7,2018,1,9,SF,1
00-0040223,Jeremy Crawshaw,DEN,P,active,ACT,16,2001-05-22,75,205,Florida,0,2025,6,216,DEN,1
00-0039732,Bo Nix,DEN,QB,active,ACT,10,2000-02-25,74,217,Oregon; Auburn,1,2024,1,12,DEN,1
00-0035264,Jarrett Stidham,DEN,QB,active,ACT,8,1996-08-08,75,214,Auburn; McLennan CC; Baylor,6,2019,4,133,NE,2
00-0036879,Sam Ehlinger,DEN,QB,active,INA,4,1998-09-30,74,235,Texas,4,2021,6,218,IND,
00-0036158,J.K. Dobbins,DEN,RB,active,ACT,27,1998-12-17,70,214,Ohio State,5,2020,2,55,BAL,1
00-0038794,Jaleel McLaughlin,DEN,RB,active,INA,38,2000-09-13,67,183,Youngstown State,2,2023,,,,4
00-0040730,RJ Harvey,DEN,RB,active,ACT,12,2001-02-04,69,205,UCF; Virginia,0,2025,2,60,DEN,2
00-0037085,Tyler Badie,DEN,RB,active,ACT,28,1999-02-07,68,194,Missouri,3,2022,6,196,BAL,3
00-0036221,Brandon Jones,DEN,S,active,ACT,22,1998-04-02,73,205,Texas,5,2020,3,70,MIA,1
00-0037264,Delarrin Turner-Yell,DEN,S,practice_squad,DEV,32,1999-12-16,71,190,Oklahoma,3,2022,5,152,DEN,
00-0036683,Devon Key,DEN,S,active,ACT,26,1997-10-28,72,210,Western Kentucky,4,2021,,,,2
00-0038605,JL Skinner,DEN,S,active,ACT,34,2001-04-16,76,220,Boise State,2,2023,6,183,DEN,3
00-0038696,Keidron Smith,DEN,S,practice_squad,DEV,43,1999-11-01,74,204,Kentucky,2,2023,,,,
00-0035227,P.J. Locke,DEN,S,active,ACT,6,1997-02-12,70,202,Texas,6,2019,,,,2
00-0036564,Talanoa Hufanga,DEN,S,active,ACT,9,2000-02-01,72,215,USC,4,2021,5,180,SF,1
00-0036422,Adam Trautman,DEN,TE,active,ACT,82,1997-02-05,77,253,Dayton,5,2020,3,105,NO,2
00-0040240,Caleb Lohner,DEN,TE,practice_squad,DEV,84,2001-10-01,79,250,Utah; Baylor,0,2025,7,241,DEN,
00-0033881,Evan Engram,DEN,TE,active,ACT,1,1994-09-02,75,240,Mississippi,8,2017,1,23,NYG,1
00-0037539,Lucas Krull,DEN,TE,active,ACT,85,1998-07-11,78,260,Pittsburgh,3,2022,,,,4
00-0038783,Nate Adkins,DEN,TE,active,INA,45,1999-07-09,75,252,South Carolina,2,2023,,,,3
00-0039231,Patrick Murtagh,DEN,TE,practice_squad,DEV,86,2000-02-11,78,220,,1,2024,,,,
00-0038612,A.T. Perry,DEN,WR,practice_squad,DEV,87,1999-10-26,77,205,Wake Forest,2,2023,6,195,NO,
00-0034348,Courtland Sutton,DEN,WR,active,ACT,14,1995-10-10,76,216,SMU,7,2018,2,40,DEN,1
00-0038976,Marvin Mims Jr.,DEN,WR,active,ACT,19,2002-03-19,71,182,Oklahoma,2,2023,2,63,DEN,1
00-0036959,Michael Bandy,DEN,WR,practice_squad,DEV,83,1997-12-05,70,190,San Diego,4,2021,,,,
00-0040134,Pat Bryant,DEN,WR,active,ACT,13,2002-12-10,75,200,Illinois,0,2025,3,74,DEN,2
00-0038810,Thayer Thomas,DEN,WR,practice_squad,DEV,89,1998-05-20,72,195,N.C. State,2,2023,,,,
00-0034487,Trent Sherfield,DEN,WR,active,ACT,5,1996-02-26,73,219,Vanderbilt,7,2018,,,,2
00-0039868,Troy Franklin,DEN,WR,active,ACT,11,2003-02-06,75,187,Oregon,1,2024,4,102,DEN,1
00-0032395,Graham Glasgow,DET,C,active,ACT,60,1992-08-19,78,310,Michigan,9,2016,3,95,DET,1
00-0039442,Kingsley Eguakun,DET,C,active,ACT,65,2001-03-23,75,300,Florida,1,2024,,,,2
00-0035992,Trystan Colon,DET,C,practice_squad,DEV,67,1998-03-23,75,315,Missouri,5,2020,,,,
00-0036375,Amik Robertson,DET,CB,active,ACT,21,1998-07-06,69,183,Louisiana Tech,5,2020,4,139,LV,1
00-0034377,Avonte Maddox,DET,CB,active,ACT,29,1996-03-31,69,184,Pittsburgh,7,2018,4,125,PHI,2
00-0034384,D.J. Reed,DET,CB,active,ACT,4,1996-11-11,69,188,Kansas State; Cerritos College; Fresno State,7,2018,5,142,SF,1
00-0039862,Ennis Rakestraw Jr.,DET,CB,ir,RES,9,2002-06-05,71,176,Missouri,1,2024,2,61,DET,3
00-0038620,Erick Hallett,DET,CB,practice_squad,DEV,36,2000-04-24,71,190,Pittsburgh,2,2023,6,208,JAX,
00-0036124,Khalil Dorsey,DET,CB,active,ACT,30,1998-03-31,68,170,Northern Arizona,5,2020,,,,2
00-0035637,Rock Ya-Sin,DET,CB,active,ACT,23,1996-05-23,71,190,Temple,6,2019,2,34,IND,2
00-0039903,Terrion Arnold,DET,CB,active,ACT,6,2003-03-22,72,196,Alabama,1,2024,1,24,DET,1
00-0036624,Alim McNeill,DET,DT,ir,RES,54,2000-05-11,74,315,N.C. State,4,2021,3,72,DET,3
00-0038661,Chris Smith,DET,DT,active,INA,90,1999-12-15,73,310,Notre Dame; Harvard,2,2023,,,,4
00-0032424,DJ Reader,DET,DT,active,ACT,98,1994-07-01,75,347,Clemson,9,2016,5,166,HOU,1
00-0040655,Keith Cooper,DET,DT,practice_squad,DEV,64,2003-03-30,77,280,Houston; Tulane,0,2025,,,,
00-0036954,Levi Onwuzurike,DET,DT,ir,RES,78,1998-03-02,75,293,Washington,4,2021,2,41,DET,4
00-0039396,Mekhi Wingo,DET,DT,active,INA,94,2003-04-17,72,295,LSU; Missouri,1,2024,6,189,DET,2
00-0033595,Pat O'Connor,DET,DT,active,ACT,95,1993-11-01,76,270,Eastern Michigan,8,2017,7,250,DET,3
00-0036568,Roy Lopez,DET,DT,active,ACT,51,1997-08-07,74,318,Arizona,4,2021,6,195,HOU,2
00-0040672,Tyleik Williams,DET,DT,active,ACT,91,2003-02-24,75,334,Ohio State,0,2025,1,28,DET,1
00-0037236,Aidan Hutchinson,DET,EDGE,active,ACT,97,2000-08-09,79,265,Michigan,3,2022,1,2,DET,1
00-0033964,Al-Quadin Muhammad,DET,EDGE,active,ACT,96,1995-03-28,76,250,Miami,8,2017,6,196,NO,2
00-0038801,Andre Carter II,DET,EDGE,practice_squad,DEV,50,2000-03-28,78,260,Army,2,2023,,,,
00-0039450,Isaac Ukwu,DET,EDGE,practice_squad,DEV,45,1999-01-14,75,260,Mississippi; James Madison,1,2024,,,,
00-0038096,Joshua Paschal,DET,EDGE,ir,RES,93,1999-12-17,75,278,Kentucky,3,2022,2,46,DET,3
00-0034344,Marcus Davenport,DET,EDGE,active,ACT,92,1996-09-04,78,265,Texas-San Antonio,7,2018,1,14,NO,1
00-0035946,Myles Adams,DET,EDGE,practice_squad,DEV,66,1998-03-09,74,285,Rice,5,2020,,,,
00-0038940,Tyler Lacy,DET,EDGE,active,ACT,78,1999-11-10,76,295,Oklahoma State,2,2023,4,130,JAX,2
00-0038742,Tyrus Wheat,DET,EDGE,active,INA,99,1999-12-08,74,260,Mississippi State,2,2023,,,,3
00-0039172,Jake Bates,DET,K,active,ACT,39,1999-03-03,70,202,Arkansas; Central Arkansas,2,2023,,,,1
00-0033914,Alex Anzalone,DET,LB,active,ACT,34,1994-09-22,75,240,Florida,8,2017,3,76,NO,1
00-0035330,Anthony Pittman,DET,LB,active,ACT,41,1996-11-24,75,240,Wayne State,6,2019,,,,
00-0036964,Derrick Barnes,DET,LB,active,ACT,55,1999-05-29,72,245,Purdue,4,2021,4,113,DET,1
00-0034490,Ezekiel Turner,DET,LB,ir,RES,47,1996-06-09,74,214,Washington; Pierce College,7,2018,,,,2
00-0036672,Grant Stuard,DET,LB,active,ACT,15,1998-10-15,71,225,Houston,4,2021,7,259,TB,2
00-0039018,Jack Campbell,DET,LB,active,ACT,46,2000-08-22,77,243,Iowa,2,2023,1,18,DET,1
00-0037289,Malcolm Rodriguez,DET,LB,ir,RES,44,1999-03-29,71,225,Oklahoma State,3,2022,6,188,DET,4
00-0038660,Trevor Nowaske,DET,LB,active,INA,53,1998-11-07,75,235,Saginaw Valley State,2,2023,,,,3
00-0033547,Zach Cunningham,DET,LB,active,ACT,52,1994-12-02,75,238,Vanderbilt,8,2017,2,57,HOU,2
00-0039445,Hogan Hatten,DET,LS,active,ACT,49,2000-08-06,74,220,Idaho,1,2024,,,,1
00-0039408,Christian Mahogany,DET,OG,active,ACT,73,2000-10-11,75,322,Boston College,1,2024,6,210,DET,1
00-0038592,Colby Sorsdal,DET,OG,ir,RES,75,2000-03-01,78,305,William & Mary,2,2023,5,152,DET,3
00-0036736,Kayode Awosika,DET,OG,active,ACT,74,1998-10-27,75,315,Buffalo,4,2021,,,,2
00-0040193,Miles Frazier,DET,OG,ir,RES,71,2001-09-12,78,325,LSU; Florida International,0,2025,5,171,DET,2
00-0040728,Tate Ratledge,DET,OG,active,ACT,69,2001-04-26,78,315,Georgia,0,2025,2,57,DET,1
00-0033863,Dan Skipper,DET,OT,practice_squad,DEV,70,1994-09-20,81,325,Arkansas,8,2017,,,,
00-0039362,Giovanni Manu,DET,OT,active,ACT,59,2001-01-26,79,350,University of British Columbia,1,2024,4,126,DET,2
00-0034729,Jamarco Jones,DET,OT,ir,RES,72,1996-06-04,76,293,Ohio State,7,2018,5,168,SEA,2
00-0036163,Justin Herron,DET,OT,ir,RES,76,1995-11-27,77,290,Wake Forest,5,2020,6,195,NE,3
00-0040391,Mason Miller,DET,OT,practice_squad,DEV,63,2001-11-26,79,305,North Dakota State,0,2025,,,,
00-0037385,Michael Niese,DET,OT,practice_squad,DEV,62,1998-01-13,77,295,Temple,3,2022,,,,
00-0036880,Penei Sewell,DET,OT,active,ACT,58,2000-10-09,77,325,Oregon,4,2021,1,7,DET,1
00-0032381,Taylor Decker,DET,OT,active,ACT,68,1993-08-23,79,318,Ohio State,9,2016,1,16,DET,1
00-0035156,Jack Fox,DET,P,active,ACT,3,1996-09-01,74,224,Rice,6,2019,,,,1
00-0033936,C.J. Beathard,DET,QB,practice_squad,DEV,19,1993-11-16,74,215,Iowa,8,2017,3,104,SF,
00-0033106,Jared Goff,DET,QB,active,ACT,16,1994-10-14,76,223,California,9,2016,1,1,LA,1
00-0034577,Kyle Allen,DET,QB,active,ACT,8,1996-03-08,75,211,Houston; Texas A&M,7,2018,,,,2
00-0035567,Craig Reynolds,DET,RB,active,ACT,13,1996-06-15,71,215,Kutztown,6,2019,,,,3
00-0035685,David Montgomery,DET,RB,active,ACT,5,1997-06-07,71,222,Iowa State,6,2019,3,73,CHI,2
00-0038896,Jacob Saylors,DET,RB,active,ACT,25,2000-03-08,71,195,East Tennessee State,2,2023,,,,
00-0039139,Jahmyr Gibbs,DET,RB,active,ACT,0,2002-03-20,69,200,Alabama; Georgia Tech,2,2023,1,12,DET,1
00-0040393,Kye Robichaux,DET,RB,ir,RES,25,2002-10-06,72,217,Boston College; Western Kentucky,0,2025,,,,5
00-0039364,Sione Vaki,DET,RB,active,INA,33,2001-07-30,71,208,Utah,1,2024,4,132,DET,4
00-0039141,Brian Branch,DET,S,active,ACT,32,2001-10-22,72,193,Alabama,2,2023,2,45,DET,1
00-0040233,Dan Jackson,DET,S,ir,RES,28,2000-11-30,73,190,Georgia,0,2025,7,230,DET,3
00-0036306,Daniel Thomas,DET,S,active,ACT,2,1998-07-01,70,209,Auburn,5,2020,5,157,JAX,2
00-0037667,Kerby Joseph,DET,S,active,ACT,31,2000-11-14,72,200,Illinois,3,2022,3,97,DET,1
00-0039448,Loren Strickland,DET,S,practice_squad,DEV,24,2000-05-31,70,204,Ball State; University of Indianapolis,1,2024,,,,
00-0039660,Thomas Harper,DET,S,active,INA,12,2000-11-05,70,195,Notre Dame; Oklahoma State,1,2024,,,,2
00-0036754,Brock Wright,DET,TE,active,ACT,89,1998-11-27,77,255,Notre Dame,4,2021,,,,2
00-0036510,Kenny Yeboah,DET,TE,ir,RES,88,1998-10-30,76,240,Mississippi,4,2021,,,,4
00-0039065,Sam LaPorta,DET,TE,active,ACT,87,2001-01-12,75,249,Iowa,2,2023,2,34,DET,1
00-0036534,Shane Zylstra,DET,TE,active,ACT,84,1996-11-16,76,215,Minnesota State,4,2021,,,,3
00-0040387,Zach Horton,DET,TE,practice_squad,DEV,40,2002-12-02,76,252,Indiana; James Madison,0,2025,,,,
00-0036963,Amon-Ra St. Brown,DET,WR,active,ACT,14,1999-10-24,72,195,USC,4,2021,4,112,DET,1
00-0040241,Dominic Lovett,DET,WR,active,ACT,19,2002-11-08,70,179,Georgia; Missouri,0,2025,7,244,DET,2
00-0040669,Isaac TeSlaa,DET,WR,active,ACT,18,2002-02-20,76,214,Arkansas; Hillsdale,0,2025,3,70,DET,2
00-0040390,Jackson Meeks,DET,WR,practice_squad,DEV,83,2003-03-24,74,210,Syracuse,0,2025,,,,
00-0037240,Jameson Williams,DET,WR,active,ACT,1,2001-03-26,73,189,Alabama; Ohio State,3,2022,1,12,DET,1
00-0032464,Kalif Raymond,DET,WR,active,ACT,11,1994-08-08,68,182,Holy Cross,9,2016,,,,1
00-0038647,Ronnie Bell,DET,WR,practice_squad,DEV,10,2000-01-28,72,190,Michigan,2,2023,7,253,SF,
00-0035544,Tom Kennedy,DET,WR,practice_squad,DEV,85,1996-07-29,70,194,Bryant,6,2019,,,,
00-0035526,Elgton Jenkins,GB,C,active,ACT,74,1995-12-26,77,310,Mississippi State,6,2019,2,44,GB,1
00-0039817,Jacob Monk,GB,C,ir,RES,62,2001-06-04,75,320,Duke,1,2024,5,163,GB,3
00-0037076,Sean Rhyan,GB,C,active,ACT,75,2000-09-15,77,320,UCLA,3,2022,3,92,GB,1
00-0037091,Bo Melton,GB,CB,active,ACT,16,1999-05-18,71,195,Rutgers,3,2022,7,229,SEA,2
00-0038408,Carrington Valentine,GB,CB,active,ACT,24,2001-09-09,72,194,Kentucky,2,2023,7,232,GB,2
00-0039867,Javon Bullard,GB,CB,active,ACT,20,2002-09-05,70,195,Georgia,1,2024,2,58,GB,1
00-0039831,Kamal Hadden,GB,CB,active,ACT,36,2001-01-17,73,197,Tennessee; Independence Comm. College; Auburn,1,2024,6,211,KC,2
00-0035133,Keisean Nixon,GB,CB,active,ACT,25,1997-06-22,70,200,South Carolina,6,2019,,,,1
00-0040020,Micah Robinson,GB,CB,active,ACT,26,2002-02-05,71,184,Tulane,0,2025,7,237,GB,
00-0036871,Nate Hobbs,GB,CB,active,INA,21,1999-06-24,73,195,Illinois,4,2021,5,167,LV,1
00-0038387,Colby Wooden,GB,DT,active,ACT,96,2000-12-21,76,284,Auburn,2,2023,4,116,GB,1
00-0037075,Devonte Wyatt,GB,DT,active,ACT,95,1998-03-31,75,315,Georgia,3,2022,1,28,GB,1
00-0039269,James Ester,GB,DT,practice_squad,DEV,98,2001-08-30,75,298,Northern Illinois,1,2024,,,,
00-0038398,Karl Brooks,GB,DT,active,ACT,94,2000-05-08,75,300,Bowling Green,2,2023,6,179,GB,2
00-0040041,Nazir Stackhouse,GB,DT,active,ACT,93,2002-04-18,76,320,Georgia,0,2025,,,,2
00-0040016,Warren Brinson,GB,DT,active,INA,91,2002-02-04,77,305,Georgia,0,2025,6,198,GB,3
00-0037364,Arron Mosby,GB,EDGE,practice_squad,DEV,53,1999-04-13,75,230,Fresno State,3,2022,,,,
00-0040010,Barryn Sorrell,GB,EDGE,active,INA,99,2002-12-22,75,261,Texas,0,2025,4,124,GB,3
00-0038463,Brenton Cox Jr.,GB,EDGE,active,ACT,57,2000-01-30,76,250,Florida; Georgia,2,2023,,,,3
00-0040012,Collin Oliver,GB,EDGE,ir,RES,45,2002-09-23,74,235,Oklahoma State,0,2025,5,159,GB,4
00-0038491,Deslin Alexandre,GB,EDGE,practice_squad,DEV,49,1998-06-11,75,275,Pittsburgh,2,2023,,,,
00-0037083,Kingsley Enagbare,GB,EDGE,active,ACT,55,2000-01-18,76,270,South Carolina,3,2022,5,179,GB,2
00-0039112,Lukas Van Ness,GB,EDGE,active,ACT,90,2001-07-06,77,275,Iowa,2,2023,1,13,GB,2
00-0036932,Micah Parsons,GB,EDGE,active,ACT,1,1999-05-26,75,245,Penn State,4,2021,1,12,DAL,1
00-0034967,Rashan Gary,GB,EDGE,active,ACT,52,1997-12-03,77,277,Michigan,6,2019,1,12,GB,1
00-0029822,Brandon McManus,GB,K,active,ACT,17,1991-07-25,75,201,Temple,12,2013,,,,1
00-0040766,Mark McNamee,GB,K,practice_squad,DEV,41,1999-11-10,76,207,,0,2025,,,,
00-0039850,Edgerrin Cooper,GB,LB,active,ACT,56,2001-11-17,74,225,Texas A&M,1,2024,2,45,GB,1
00-0036658,Isaiah McDuffie,GB,LB,active,ACT,58,1999-07-21,73,224,Boston College,4,2021,6,220,GB,1
00-0040037,Jamon Johnson,GB,LB,practice_squad,DEV,48,2001-11-28,73,245,Kentucky; Georgia,0,2025,,,,
00-0036157,Kristian Welch,GB,LB,practice_squad,DEV,54,1998-05-24,75,239,Iowa,5,2020,,,,
00-0036648,Nick Niemann,GB,LB,active,ACT,31,1997-12-02,75,235,Iowa,4,2021,6,185,LAC,2
00-0037074,Quay Walker,GB,LB,active,ACT,7,2000-05-08,76,240,Georgia,3,2022,1,22,GB,1
00-0039812,Ty'Ron Hopper,GB,LB,active,ACT,59,2001-04-26,74,221,Missouri; Florida,1,2024,3,91,GB,2
00-0035118,Matthew Orzech,GB,LS,active,ACT,42,1995-04-12,75,245,Azusa Pacific,6,2019,,,,1
00-0036551,Aaron Banks,GB,OG,active,ACT,65,1997-09-03,77,330,Notre Dame,4,2021,2,48,SF,1
00-0040034,Brant Banks,GB,OG,practice_squad,DEV,72,2000-05-01,79,318,Rice,0,2025,,,,
00-0037194,Darian Kinnard,GB,OG,active,ACT,70,1999-12-29,77,345,Kentucky,3,2022,5,145,KC,2
00-0039272,Donovan Jennings,GB,OG,active,INA,67,1999-11-24,76,333,University of South Florida,1,2024,,,,2
00-0039819,Travis Glover,GB,OG,ir,RES,79,2000-08-17,78,323,Georgia State,1,2024,6,202,GB,3
00-0040726,Anthony Belton,GB,OT,active,ACT,71,2001-02-23,78,330,N.C. State; Georgia Military,0,2025,2,54,GB,2
00-0040083,Dalton Cooper,GB,OT,practice_squad,DEV,78,2001-03-15,79,311,Oklahoma State; Texas State-San Marcos,0,2025,,,,
00-0040023,John Williams,GB,OT,ir,RES,73,2002-01-17,76,322,Cincinnati,0,2025,7,250,GB,3
00-0039904,Jordan Morgan,GB,OT,active,ACT,77,2001-08-04,77,320,Arizona,1,2024,1,25,GB,2
00-0037196,Rasheed Walker,GB,OT,active,ACT,63,2000-02-13,78,325,Penn State,3,2022,7,249,GB,1
00-0037817,Zach Tom,GB,OT,active,ACT,50,1999-03-26,76,295,Wake Forest,3,2022,4,140,GB,1
00-0037547,Daniel Whelan,GB,P,active,ACT,19,1999-02-10,77,210,UC Davis,3,2022,,,,1
00-0038582,Clayton Tune,GB,QB,practice_squad,DEV,19,1999-03-23,75,220,Houston,2,2023,5,139,ARI,
00-0036264,Jordan Love,GB,QB,active,ACT,10,1998-11-02,76,220,Utah State,5,2020,1,26,GB,1
00-0038128,Malik Willis,GB,QB,active,ACT,2,1999-05-25,73,215,Liberty; Auburn,3,2022,3,86,TEN,2
00-0038685,Chris Brooks,GB,RB,active,ACT,30,2000-01-11,73,230,BYU; California,2,2023,,,,3
00-0038797,Emanuel Wilson,GB,RB,active,ACT,23,1999-05-08,71,220,Fort Valley State College,2,2023,,,,2
00-0038389,Israel Abanikanda,GB,RB,practice_squad,DEV,23,2002-10-05,70,215,Pittsburgh,2,2023,5,143,NYJ,
00-0035700,Josh Jacobs,GB,RB,active,ACT,8,1998-02-11,70,220,Alabama,6,2019,1,24,LV,1
00-0039811,MarShawn Lloyd,GB,RB,ir,RES,32,2001-01-05,69,210,USC; South Carolina,1,2024,3,88,GB,4
00-0039813,Evan Williams,GB,S,active,ACT,33,2001-07-28,71,194,Oregon; Fresno State,1,2024,4,111,GB,1
00-0039383,Jaylin Simpson,GB,S,practice_squad,DEV,38,2000-05-17,72,178,Auburn,1,2024,5,164,IND,
00-0040033,Johnathan Baldwin,GB,S,practice_squad,DEV,37,2003-02-08,72,200,UNLV,0,2025,,,,
00-0039818,Kitan Oladapo,GB,S,active,ACT,27,2000-10-10,74,217,Oregon State,1,2024,5,169,GB,2
00-0036388,Xavier McKinney,GB,S,active,ACT,29,1999-08-09,72,197,Alabama,5,2020,2,36,NYG,1
00-0036677,Zayne Anderson,GB,S,active,INA,39,1997-01-03,74,210,BYU,4,2021,,,,2
00-0038809,Ben Sims,GB,TE,active,INA,89,2000-05-16,77,258,Baylor,2,2023,,,,3
00-0037306,John FitzPatrick,GB,TE,active,ACT,86,2000-03-09,79,250,Georgia,3,2022,6,213,ATL,4
00-0038589,Josh Whyle,GB,TE,practice_squad,DEV,81,1999-09-08,79,250,Cincinnati,2,2023,5,147,TEN,
00-0039144,Luke Musgrave,GB,TE,active,ACT,88,2000-09-02,78,252,Oregon State,2,2023,2,42,GB,2
00-0038996,Tucker Kraft,GB,TE,active,ACT,85,2000-11-03,77,255,South Dakota State,2,2023,3,78,GB,1
00-0038124,Christian Watson,GB,WR,ir,RES,9,1999-05-12,76,208,North Dakota State,3,2022,2,34,GB,3
00-0038393,Dontayvion Wicks,GB,WR,active,ACT,13,2001-06-16,73,208,Virginia,2,2023,5,159,GB,2
00-0040558,Isaiah Neyor,GB,WR,practice_squad,DEV,80,2001-06-07,76,220,Nebraska; Texas; Wyoming,0,2025,,,,
00-0039146,Jayden Reed,GB,WR,active,ACT,11,2000-04-28,71,190,Michigan State; Western Michigan,2,2023,2,50,GB,1
00-0038465,Malik Heath,GB,WR,active,ACT,18,2000-03-31,74,215,Mississippi; Mississippi State,2,2023,,,,2
00-0040667,Matthew Golden,GB,WR,active,ACT,0,2003-08-01,71,195,Texas; Houston,0,2025,1,23,GB,1
00-0035140,Mecole Hardman,GB,WR,practice_squad,DEV,6,1998-03-12,70,187,Georgia,6,2019,2,56,KC,
00-0037816,Romeo Doubs,GB,WR,active,ACT,87,2000-04-13,74,200,Nevada,3,2022,4,132,GB,1
00-0040009,Savion Williams,GB,WR,active,ACT,83,2001-11-22,76,222,TCU,0,2025,3,87,GB,2
00-0040753,Will Sheppard,GB,WR,practice_squad,DEV,82,2002-02-11,75,205,Colorado; Vanderbilt,0,2025,,,,
00-0040410,Eli Cox,HOU,C,practice_squad,DEV,65,2000-10-19,76,311,Kentucky,0,2025,,,,
00-0039030,Jake Andrews,HOU,C,active,ACT,60,1999-11-11,75,325,Troy,2,2023,4,107,NE,1
00-0038615,Jarrett Patterson,HOU,C,active,ACT,54,1999-09-01,76,310,Notre Dame,2,2023,6,201,HOU,2
00-0040411,Alijah Huzzie,HOU,CB,ir,RES,36,2001-01-16,70,200,North Carolina; East Tennessee State,0,2025,,,,2
00-0034966,D'Angelo Ross,HOU,CB,practice_squad,DEV,37,1996-10-29,69,190,New Mexico,6,2019,,,,
00-0036359,Damon Arnette,HOU,CB,practice_squad,DEV,41,1996-09-02,72,195,Ohio State,5,2020,1,19,LV,
00-0037237,Derek Stingley Jr.,HOU,CB,active,ACT,24,2001-06-20,73,195,LSU,3,2022,1,3,HOU,1
00-0037246,Jalen Pitre,HOU,CB,active,ACT,5,1999-06-03,72,200,Baylor,3,2022,2,37,HOU,1
00-0040149,Jaylin Smith,HOU,CB,active,ACT,22,2003-11-05,71,187,USC,0,2025,3,97,HOU,2
00-0039343,Kamari Lassiter,HOU,CB,active,ACT,4,2003-01-23,72,180,Georgia,1,2024,2,42,HOU,1
00-0034278,Tremon Smith,HOU,CB,active,ACT,11,1996-07-20,72,190,Central Arkansas,7,2018,6,196,KC,2
00-0034275,Foley Fatukasi,HOU,DT,active,ACT,91,1995-03-04,76,318,Connecticut,7,2018,6,180,NYJ,3
00-0037041,Haggai Ndubuisi,HOU,DT,practice_squad,DEV,64,2000-10-15,79,298,,4,2021,,,,
00-0040414,Junior Tafuna,HOU,DT,practice_squad,DEV,53,2001-02-27,75,308,Utah,0,2025,,,,
00-0037459,Kurt Hinish,HOU,DT,ir,RES,93,1999-04-27,73,296,Notre Dame,3,2022,,,,4
00-0040229,Kyonte Hamilton,HOU,DT,ir,RES,58,2002-11-07,76,304,Rutgers,0,2025,7,224,HOU,3
00-0032265,Mario Edwards,HOU,DT,active,ACT,97,1994-01-25,75,280,Florida State,10,2015,2,35,LV,1
00-0032759,Sheldon Rankins,HOU,DT,active,ACT,90,1994-04-02,74,305,Louisville,9,2016,1,12,NO,1
00-0034397,Tim Settle,HOU,DT,active,ACT,98,1997-07-11,75,308,Virginia Tech,7,2018,5,163,WAS,2
00-0036883,Tommy Togiai,HOU,DT,active,INA,72,1999-09-19,74,300,Ohio State,4,2021,4,132,CLE,2
00-0031565,Danielle Hunter,HOU,EDGE,active,ACT,55,1994-10-29,77,252,LSU,10,2015,3,88,MIN,1
00-0036413,Darrell Taylor,HOU,EDGE,active,ACT,52,1997-03-24,76,253,Tennessee,5,2020,2,48,SEA,2
00-0031254,Denico Autry,HOU,EDGE,ir,RES,96,1990-07-15,77,285,Mississippi State; East Mississippi JC,11,2014,,,,3
00-0033876,Derek Barnett,HOU,EDGE,active,ACT,95,1996-06-25,75,259,Tennessee,8,2017,1,14,PHI,2
00-0039009,Dylan Horton,HOU,EDGE,active,ACT,92,2000-08-21,76,275,TCU,2,2023,4,109,HOU,3
00-0039427,Solomon Byrd,HOU,EDGE,practice_squad,DEV,50,1999-12-01,75,250,USC; Wyoming,1,2024,7,238,HOU,
00-0039108,Will Anderson Jr.,HOU,EDGE,active,ACT,51,2001-09-02,76,243,Alabama,2,2023,1,3,HOU,1
00-0035726,Jakob Johnson,HOU,FB,active,ACT,43,1994-12-15,75,255,Tennessee,6,2019,,,,
00-0032726,Ka'imi Fairbairn,HOU,K,active,ACT,15,1994-01-29,72,183,UCLA,9,2016,,,,1
00-0035166,Azeez Al-Shaair,HOU,LB,active,ACT,0,1997-08-04,74,228,Florida Atlantic,6,2019,,,,1
00-0037823,Christian Harris,HOU,LB,active,ACT,48,2001-01-16,74,232,Alabama,3,2022,3,75,HOU,1
00-0034987,E.J. Speed,HOU,LB,active,ACT,45,1995-06-01,76,230,Tarleton State,6,2019,5,164,IND,2
00-0038599,Henry To'oTo'o,HOU,LB,active,ACT,39,2001-01-05,74,228,Alabama; Tennessee,2,2023,5,167,HOU,1
00-0040066,Jackson Woodard,HOU,LB,practice_squad,DEV,46,2002-07-02,74,234,UNLV; Arkansas,0,2025,,,,
00-0037457,Jake Hansen,HOU,LB,active,ACT,35,1998-06-19,73,230,Illinois,3,2022,,,,2
00-0039395,Jamal Hill,HOU,LB,active,ACT,56,2001-04-01,72,199,Oregon,1,2024,6,188,HOU,3
00-0040413,K.C. Ossai,HOU,LB,practice_squad,DEV,47,2002-11-05,74,241,Louisiana,0,2025,,,,
00-0040409,Austin Brinkman,HOU,LS,active,ACT,40,2002-06-20,76,241,West Virginia,0,2025,,,,1
00-0038131,Ed Ingram,HOU,OG,active,INA,69,1999-02-11,75,295,LSU,3,2022,2,59,MIN,1
00-0038936,Juice Scruggs,HOU,OG,active,ACT,70,2000-01-19,75,310,Penn State,2,2023,2,62,HOU,2
00-0032234,Laken Tomlinson,HOU,OG,active,ACT,75,1992-02-09,75,312,Duke,10,2015,1,28,DET,1
00-0038569,Sidy Sow,HOU,OG,practice_squad,DEV,62,1998-06-10,77,334,Eastern Michigan,2,2023,4,117,NE,
00-0040745,Aireontae Ersery,HOU,OT,active,ACT,79,2002-02-19,78,330,Minnesota,0,2025,2,48,HOU,1
00-0039857,Blake Fisher,HOU,OT,active,ACT,57,2003-03-25,78,312,Notre Dame,1,2024,2,59,HOU,2
00-0033889,Cam Robinson,HOU,OT,active,ACT,74,1995-10-09,78,320,Alabama,8,2017,2,34,JAX,2
00-0039005,Jaylon Thomas,HOU,OT,practice_squad,DEV,72,2000-03-31,77,326,SMU,2,2023,,,,
00-0040101,Reid Holskey,HOU,OT,practice_squad,DEV,73,2002-01-03,78,306,Miami (Ohio),0,2025,,,,
00-0032071,Trent Brown,HOU,OT,practice_squad,DEV,77,1993-04-13,80,380,Florida; Georgia Military,10,2015,7,244,SF,
00-0035234,Tytus Howard,HOU,OT,active,ACT,71,1996-05-23,77,322,Alabama State,6,2019,1,23,HOU,1
00-0035889,Tommy Townsend,HOU,P,active,ACT,6,1996-11-12,73,176,Florida,5,2020,,,,1
00-0039163,C.J. Stroud,HOU,QB,active,ACT,7,2001-10-03,75,218,Ohio State,2,2023,1,2,HOU,1
00-0036898,Davis Mills,HOU,QB,active,ACT,10,1998-10-21,76,225,Stanford,4,2021,3,67,HOU,2
00-0040211,Graham Mertz,HOU,QB,active,INA,18,2000-12-06,74,215,Florida; Wisconsin,0,2025,6,197,HOU,3
00-0039603,British Brooks,HOU,RB,active,INA,44,1999-11-18,71,225,North Carolina,1,2024,,,,5
00-0037258,Dameon Pierce,HOU,RB,active,ACT,31,2000-02-19,70,215,Florida,3,2022,4,107,HOU,2
00-0033854,Dare Ogunbowale,HOU,RB,active,ACT,33,1994-05-04,71,205,Wisconsin,8,2017,,,,4
00-0039405,Jawhar Jordan,HOU,RB,practice_squad,DEV,26,1999-08-18,70,185,Louisville; Syracuse,1,2024,6,205,HOU,
00-0033897,Joe Mixon,HOU,RB,ir,RES,28,1996-07-24,73,220,Oklahoma,8,2017,2,48,CIN,6
00-0034791,Nick Chubb,HOU,RB,active,ACT,21,1995-12-27,71,225,Georgia,7,2018,2,35,CLE,1
00-0040583,Woody Marks,HOU,RB,active,ACT,27,2000-12-29,70,208,USC; Mississippi State,0,2025,4,116,HOU,3
00-0035253,C.J. Gardner-Johnson,HOU,S,active,ACT,8,1997-12-20,71,208,Florida,6,2019,4,105,NO,1
00-0039838,Calen Bullock,HOU,S,active,ACT,2,2003-04-30,75,190,USC,1,2024,3,78,HOU,1
00-0040204,Jaylen Reed,HOU,S,ir,RES,23,2003-01-29,72,212,Penn State,0,2025,6,187,HOU,2
00-0034355,M.J. Stewart,HOU,S,active,ACT,29,1995-09-16,71,205,North Carolina,7,2018,2,53,TB,2
00-0036087,Myles Bryant,HOU,S,practice_squad,DEV,27,1998-01-02,69,180,Washington,5,2020,,,,
00-0036556,Brevin Jordan,HOU,TE,ir,RES,9,2000-07-16,75,245,Miami,4,2021,5,147,HOU,3
00-0039359,Cade Stover,HOU,TE,active,ACT,87,2000-06-12,76,251,Ohio State,1,2024,4,123,HOU,2
00-0034383,Dalton Schultz,HOU,TE,active,ACT,86,1996-07-11,77,242,Stanford,7,2018,4,137,DAL,1
00-0036232,Harrison Bryant,HOU,TE,practice_squad,DEV,88,1998-04-23,77,240,Florida Atlantic,5,2020,4,115,CLE,
00-0034970,Irv Smith,HOU,TE,ir,RES,83,1998-08-09,74,240,Alabama,6,2019,2,50,MIN,4
00-0040250,Luke Lachey,HOU,TE,practice_squad,DEV,83,2001-06-29,78,247,Iowa,0,2025,7,255,HOU,
00-0034419,Braxton Berrios,HOU,WR,active,INA,17,1995-10-06,69,190,Miami,7,2018,6,210,NE,3
00-0034775,Christian Kirk,HOU,WR,active,INA,13,1996-11-18,71,200,Texas A&M,7,2018,2,47,ARI,1
00-0038728,Jared Wayne,HOU,WR,practice_squad,DEV,14,2000-10-07,75,210,Pittsburgh,2,2023,,,,
00-0040130,Jayden Higgins,HOU,WR,active,ACT,81,2002-12-15,76,215,Iowa State; Eastern Kentucky,0,2025,2,34,HOU,1
00-0040138,Jaylin Noel,HOU,WR,active,ACT,14,2002-09-04,71,200,Iowa State,0,2025,3,79,HOU,2
00-0040049,Josh Kelly,HOU,WR,practice_squad,DEV,85,2001-07-01,73,195,Texas Tech; Washington State; Fresno State,0,2025,,,,
00-0034386,Justin Watson,HOU,WR,active,ACT,84,1996-04-04,74,215,Penn,7,2018,5,144,TB,2
00-0036554,Nico Collins,HOU,WR,active,ACT,12,1999-03-19,76,222,Michigan,4,2021,3,89,HOU,1
00-0040493,Silas Bolden,HOU,WR,practice_squad,DEV,83,2001-11-09,68,160,Texas; Oregon State,0,2025,,,,
00-0038977,Tank Dell,HOU,WR,ir,RES,3,1999-10-29,70,165,Houston; Independence Comm. College; Alabama A&M,2,2023,3,69,HOU,3
00-0038618,Xavier Hutchinson,HOU,WR,active,ACT,19,2000-06-01,75,210,Iowa State,2,2023,6,205,HOU,2
00-0036215,Danny Pinter,IND,C,active,ACT,63,1996-06-19,76,300,Ball State,5,2020,5,149,IND,2
00-0040632,Mose Vavao,IND,C,practice_squad,DEV,65,2001-11-05,74,310,Fresno State,0,2025,,,,
00-0039744,Tanor Bortolini,IND,C,active,ACT,60,2002-06-17,76,310,Wisconsin,1,2024,4,117,IND,1
00-0034573,Charvarius Ward,IND,CB,active,ACT,7,1996-05-16,73,195,Middle Tennessee State; Hinds CC,7,2018,,,,1
00-0034145,Chris Lammons,IND,CB,practice_squad,DEV,38,1996-01-31,70,190,South Carolina,7,2018,,,,
00-0038407,Jaylon Jones,IND,CB,active,ACT,40,2002-04-03,74,205,Texas A&M,2,2023,7,221,IND,2
00-0040347,Johnathan Edwards,IND,CB,active,INA,35,2001-11-16,73,200,Tulane,0,2025,,,,3
00-0040139,Justin Walley,IND,CB,ir,RES,27,2002-09-22,71,190,Minnesota,0,2025,3,80,IND,4
00-0033393,Kenny Moore II,IND,CB,active,ACT,23,1995-08-23,69,190,Valdosta State,8,2017,,,,1
00-0038565,Mekhi Blackmon,IND,CB,active,ACT,29,1999-03-18,71,175,USC; Colorado,2,2023,3,102,MIN,2
00-0033050,Xavien Howard,IND,CB,active,ACT,4,1993-07-04,73,200,Baylor,9,2016,2,38,MIA,1
00-0039031,Adetomiwa Adebawore,IND,DT,active,ACT,95,2001-03-04,74,280,Northwestern,2,2023,4,110,IND,3
00-0032378,DeForest Buckner,IND,DT,active,ACT,99,1994-03-17,79,300,Oregon,9,2016,1,7,SF,1
00-0037269,Eric Johnson,IND,DT,active,ACT,98,1998-07-16,76,298,Missouri State,3,2022,5,159,IND,2
00-0033952,Grover Stewart,IND,DT,active,ACT,90,1993-10-20,76,315,Albany State (GA),8,2017,4,144,IND,1
00-0036366,Neville Gallimore,IND,DT,active,ACT,92,1997-01-17,74,302,Oklahoma,5,2020,3,82,DAL,2
00-0040207,Tim Smith,IND,DT,practice_squad,DEV,93,2002-08-09,76,314,Alabama,0,2025,6,190,IND,
00-0039207,Durell Nchami,IND,EDGE,practice_squad,DEV,74,2000-02-11,76,260,Maryland,2,2023,,,,
00-0040744,JT Tuimoloau,IND,EDGE,active,INA,91,2003-05-10,76,270,Ohio State,0,2025,2,45,IND,3
00-0036479,Kwity Paye,IND,EDGE,active,ACT,51,1998-11-19,75,265,Michigan,4,2021,1,21,IND,1
00-0039340,Laiatu Latu,IND,EDGE,active,ACT,97,2000-12-31,77,265,UCLA; Washington,1,2024,1,15,IND,1
00-0033945,Samson Ebukam,IND,EDGE,active,ACT,52,1995-05-09,75,245,Eastern Washington,8,2017,4,125,LA,2
00-0034359,Tyquan Lewis,IND,EDGE,active,ACT,94,1995-01-30,75,277,Ohio State,7,2018,2,64,IND,2
00-0039576,Spencer Shrader,IND,K,active,ACT,3,1999-05-19,74,200,Notre Dame; University of South Florida,1,2024,,,,1
00-0033570,Anthony Walker,IND,LB,practice_squad,DEV,3,1995-08-08,73,230,Northwestern,8,2017,5,161,IND,
00-0039178,Austin Ajiake,IND,LB,active,ACT,58,2000-06-30,73,220,UNLV,2,2023,,,,
00-0036644,Cameron McGrone,IND,LB,active,ACT,59,2000-06-22,73,236,Michigan,4,2021,5,177,NE,1
00-0037811,Chad Muma,IND,LB,active,INA,55,1999-08-18,75,242,Wyoming,3,2022,3,70,JAX,2
00-0036276,Jacob Phillips,IND,LB,ir,RES,54,1999-04-01,75,233,LSU,5,2020,3,97,CLE,3
00-0039377,Jaylon Carlies,IND,LB,ir,RES,57,2001-09-13,75,219,Missouri,1,2024,5,151,IND,2
00-0035895,Joe Bachie,IND,LB,active,ACT,48,1998-02-26,74,235,Michigan State,5,2020,,,,1
00-0037527,Segun Olubi,IND,LB,active,ACT,50,1999-11-01,73,220,San Diego State,3,2022,,,,2
00-0034431,Zaire Franklin,IND,LB,active,ACT,44,1996-07-02,72,236,Syracuse,7,2018,7,235,IND,1
00-0032753,Luke Rhodes,IND,LS,active,ACT,46,1992-12-02,74,238,William & Mary,9,2016,,,,1
00-0039578,Dalton Tucker,IND,OG,active,ACT,68,2000-03-18,78,319,Marshall,1,2024,,,,2
00-0037138,Josh Sills,IND,OG,practice_squad,DEV,66,1998-01-26,78,335,Oklahoma State; West Virginia,3,2022,,,,
00-0039736,Matt Goncalves,IND,OG,active,ACT,71,2001-01-26,78,330,Pittsburgh,1,2024,3,79,IND,1
00-0034342,Quenton Nelson,IND,OG,active,ACT,56,1996-03-19,77,330,Notre Dame,7,2018,1,6,IND,1
00-0037757,Bernhard Raimann,IND,OT,active,ACT,79,1997-09-23,78,305,Central Michigan,3,2022,3,77,IND,1
00-0039158,Blake Freeland,IND,OT,ir,RES,73,2001-05-03,79,305,BYU,2,2023,4,106,IND,2
00-0034836,Braden Smith,IND,OT,active,ACT,72,1996-03-25,78,315,Auburn,7,2018,2,37,IND,1
00-0039958,Jack Wilson,IND,OT,ir,RES,76,1999-10-22,83,338,Washington State; Idaho; Oregon State,1,2024,,,,4
00-0040163,Jalen Travis,IND,OT,active,ACT,75,2002-04-19,80,339,Iowa State; Princeton,0,2025,4,127,IND,2
00-0037305,Luke Tenuta,IND,OT,active,INA,67,1999-09-01,80,322,Virginia Tech,3,2022,6,209,BUF,3
00-0039507,Marcellus Johnson,IND,OT,practice_squad,DEV,78,2000-04-01,76,307,Missouri; Eastern Michigan,1,2024,,,,
00-0033269,Rigoberto Sanchez,IND,P,active,ACT,8,1994-09-08,72,195,Hawaii; Butte College,8,2017,,,,1
00-0039164,Anthony Richardson,IND,QB,active,ACT,5,2002-05-22,76,232,Florida,2,2023,1,4,IND,2
00-0035710,Daniel Jones,IND,QB,active,ACT,17,1997-05-27,77,220,Duke,6,2019,1,6,NYG,1
00-0040206,Riley Leonard,IND,QB,active,INA,15,2002-09-13,76,216,Notre Dame; Duke,0,2025,6,189,IND,3
00-0040179,DJ Giddens,IND,RB,active,ACT,21,2003-08-26,73,212,Kansas State,0,2025,5,151,IND,3
00-0036223,Jonathan Taylor,IND,RB,active,ACT,28,1999-01-19,70,221,Wisconsin,5,2020,2,41,IND,1
00-0036906,Khalil Herbert,IND,RB,practice_squad,DEV,26,1998-04-21,69,212,Virginia Tech,4,2021,6,217,CHI,
00-0036020,Salvon Ahmed,IND,RB,ir,RES,36,1998-12-29,71,196,Washington,5,2020,,,,4
00-0037120,Tyler Goodson,IND,RB,active,INA,31,2000-11-10,69,199,Iowa,3,2022,,,,2
00-0040476,Ulysses Bentley IV,IND,RB,active,ACT,37,2000-12-30,70,200,Mississippi; SMU,0,2025,,,,
00-0039679,Ben Nikkel,IND,S,practice_squad,DEV,48,2001-05-12,73,210,Iowa State; McPherson College,1,2024,,,,
00-0036629,Camryn Bynum,IND,S,active,ACT,0,1998-07-19,72,195,California,4,2021,4,125,MIN,1
00-0038392,Daniel Scott,IND,S,active,ACT,32,1998-10-26,73,215,California,2,2023,5,158,IND,2
00-0040235,Hunter Wohler,IND,S,ir,RES,30,2003-01-12,74,213,Wisconsin,0,2025,7,232,IND,3
00-0037616,Nick Cross,IND,S,active,ACT,20,2001-09-10,72,215,Maryland,3,2022,3,96,IND,1
00-0037323,Rodney Thomas,IND,S,active,ACT,25,1998-06-26,73,201,Yale,3,2022,7,239,IND,2
00-0040357,Trey Washington,IND,S,practice_squad,DEV,41,2002-12-09,70,205,Mississippi,0,2025,,,,
00-0037292,Andrew Ogletree,IND,TE,active,ACT,85,1998-07-28,77,250,Youngstown State,3,2022,6,192,IND,3
00-0040253,Maximilian Mang,IND,TE,practice_squad,DEV,45,2000-03-13,78,267,Syracuse,0,2025,,,,
00-0033217,Mo Alie-Cox,IND,TE,active,ACT,81,1993-09-19,77,267,Virginia Commonwealth Univ.,8,2017,,,,2
00-0036032,Sean McKeon,IND,TE,practice_squad,DEV,49,1997-12-28,77,246,Michigan,5,2020,,,,
00-0040128,Tyler Warren,IND,TE,active,ACT,84,2002-05-24,78,261,Penn State,0,2025,1,14,IND,1
00-0038394,Will Mallory,IND,TE,active,INA,86,1999-06-22,76,245,Miami,2,2023,5,162,IND,4
00-0039890,Adonai Mitchell,IND,WR,active,ACT,10,2002-10-08,74,196,Texas; Georgia,1,2024,2,52,IND,2
00-0037664,Alec Pierce,IND,WR,active,ACT,14,2000-05-02,75,213,Cincinnati,3,2022,2,53,IND,1
00-0039816,Anthony Gould,IND,WR,active,ACT,6,2001-04-06,68,172,Oregon State,1,2024,5,142,IND,2
00-0035021,Ashton Dulin,IND,WR,active,ACT,16,1997-05-15,74,215,Malone,6,2019,,,,2
00-0040352,Coleman Owen,IND,WR,practice_squad,DEV,3,2001-03-23,70,191,Ohio; Northern Arizona,0,2025,,,,
00-0035045,D.J. Montgomery,IND,WR,ir,RES,2,1996-11-17,73,201,Austin Peay; Holmes County JC,6,2019,,,,3
00-0038997,Josh Downs,IND,WR,active,ACT,1,2001-08-12,69,175,North Carolina,2,2023,3,79,IND,1
00-0032951,Laquon Treadwell,IND,WR,practice_squad,DEV,13,1995-06-14,74,215,Mississippi,9,2016,1,23,MIN,
00-0036252,Michael Pittman,IND,WR,active,ACT,11,1997-10-05,76,220,USC,5,2020,2,34,IND,1
00-0038941,Tyler Scott,IND,WR,practice_squad,DEV,10,2001-10-12,70,185,Cincinnati,2,2023,4,133,CHI,
00-0040227,Jonah Monheim,JAX,C,active,ACT,60,2002-06-07,77,310,USC,0,2025,7,221,JAX,2
00-0036985,Robert Hainsey,JAX,C,active,ACT,73,1998-08-12,76,295,Notre Dame,4,2021,3,95,TB,1
00-0038616,Christian Braswell,JAX,CB,active,ACT,21,1999-09-27,71,185,Rutgers; Temple,2,2023,6,202,JAX,2
00-0040336,Jabbar Muhammad,JAX,CB,practice_squad,DEV,37,2001-12-28,70,185,Oregon; Washington; Oklahoma State,0,2025,,,,
00-0039353,Jarrian Jones,JAX,CB,active,ACT,22,2001-05-08,71,191,Florida State; Mississippi State,1,2024,3,96,JAX,1
00-0033928,Jourdan Lewis,JAX,CB,active,ACT,2,1995-08-31,70,195,Michigan,8,2017,3,92,DAL,1
00-0039475,Keni-H Lovely,JAX,CB,practice_squad,DEV,31,2000-05-12,70,176,Western Michigan,1,2024,,,,
00-0037313,Montaric Brown,JAX,CB,active,INA,30,1999-08-24,72,190,Arkansas,3,2022,7,222,JAX,2
00-0040718,Travis Hunter,JAX,CB,active,ACT,12,2003-05-18,73,185,Colorado; Jackson State University,0,2025,1,2,JAX,1
00-0036974,Tyson Campbell,JAX,CB,active,ACT,3,2000-03-17,73,185,Georgia,4,2021,2,33,JAX,1
00-0032164,Arik Armstead,JAX,DT,active,ACT,91,1993-11-15,79,292,Oregon,10,2015,1,17,SF,1
00-0032763,Austin Johnson,JAX,DT,active,ACT,99,1994-05-08,76,314,Penn State,9,2016,2,43,TEN,3
00-0036262,DaVon Hamilton,JAX,DT,active,ACT,52,1997-02-01,76,310,Ohio State,5,2020,3,73,JAX,1
00-0040338,Keivie Rose,JAX,DT,practice_squad,DEV,97,2000-12-14,75,303,Arkansas; Louisiana Tech,0,2025,,,,
00-0035656,Khalen Saunders,JAX,DT,active,ACT,96,1996-08-09,72,324,Western Illinois,6,2019,3,84,KC,2
00-0039889,Maason Smith,JAX,DT,active,INA,94,2002-10-13,77,315,LSU,1,2024,2,48,JAX,2
00-0034657,Matt Dickerson,JAX,DT,practice_squad,DEV,93,1995-11-09,77,290,UCLA,7,2018,,,,
00-0040329,BJ Green II,JAX,EDGE,active,INA,95,2003-07-03,73,270,Colorado; Arizona State,0,2025,,,,3
00-0040342,Danny Striggow,JAX,EDGE,active,INA,92,2002-07-24,77,255,Minnesota,0,2025,,,,3
00-0033907,Dawuane Smoot,JAX,EDGE,active,ACT,98,1995-03-02,75,264,Illinois,8,2017,3,68,JAX,2
00-0033073,Emmanuel Ogbah,JAX,EDGE,active,ACT,90,1993-11-06,76,275,Oklahoma State,9,2016,2,32,CLE,2
00-0035642,Josh Hines-Allen,JAX,EDGE,active,ACT,41,1997-07-13,77,262,Kentucky,6,2019,1,7,JAX,1
00-0037235,Travon Walker,JAX,EDGE,active,ACT,44,2000-12-18,77,275,Georgia,3,2022,1,1,JAX,1
00-0039409,Cam Little,JAX,K,active,ACT,39,2003-08-17,73,179,Arkansas,1,2024,6,212,JAX,1
00-0040326,Branson Combs,JAX,LB,practice_squad,DEV,50,2000-07-14,75,227,Wake Forest,0,2025,,,,
00-0034473,Dennis Gardeck,JAX,LB,active,ACT,47,1994-08-09,72,232,Sioux Falls; West Virginia State,7,2018,,,,1
00-0037244,Devin Lloyd,JAX,LB,active,ACT,0,1998-09-30,75,235,Utah,3,2022,1,27,JAX,1
00-0034413,Foye Oluokun,JAX,LB,active,ACT,23,1995-08-02,74,215,Yale,7,2018,6,200,ATL,1
00-0040723,Jack Kiser,JAX,LB,active,ACT,54,2000-09-10,74,231,Notre Dame,0,2025,4,107,JAX,2
00-0040209,Jalen McLeod,JAX,LB,ir,RES,35,2002-06-05,73,236,Auburn; Appalachian State,0,2025,6,194,JAX,3
00-0038570,Ventrell Miller,JAX,LB,active,ACT,51,1999-01-15,72,230,Florida,2,2023,4,121,JAX,2
00-0038580,Yasir Abdullah,JAX,LB,active,ACT,56,2000-04-12,73,242,Louisville,2,2023,5,136,JAX,2
00-0035827,Ross Matiscik,JAX,LS,active,ACT,46,1996-09-13,72,235,Baylor,5,2020,,,,1
00-0035698,Chuma Edoga,JAX,OG,active,ACT,55,1997-05-25,76,308,USC,6,2019,3,92,NYJ,2
00-0038630,Cooper Hodges,JAX,OG,ir,RES,75,2000-07-13,76,295,Appalachian State,2,2023,7,226,JAX,3
00-0036327,Ezra Cleveland,JAX,OG,active,ACT,76,1998-05-08,78,310,Boise State,5,2020,2,58,MIN,1
00-0038509,Jerome Carvin,JAX,OG,practice_squad,DEV,79,2000-09-20,77,321,Tennessee,2,2023,,,,
00-0035112,Patrick Mekari,JAX,OG,active,ACT,65,1997-08-13,76,308,California,6,2019,,,,1
00-0040344,Sal Wormley,JAX,OG,practice_squad,DEV,61,2001-07-23,75,327,Penn State,0,2025,,,,
00-0040146,Wyatt Milum,JAX,OG,active,INA,64,2002-12-27,78,317,West Virginia,0,2025,3,89,JAX,2
00-0038934,Anton Harrison,JAX,OT,active,ACT,77,2002-02-02,77,315,Oklahoma,2,2023,1,27,JAX,1
00-0036655,Cole Van Lanen,JAX,OT,active,INA,70,1998-04-23,76,312,Wisconsin,4,2021,6,214,GB,2
00-0038776,Ricky Lee,JAX,OT,active,ACT,66,1999-11-16,77,305,North Carolina A&T,2,2023,,,,
00-0036975,Walker Little,JAX,OT,active,ACT,72,1999-04-01,79,325,Stanford,4,2021,2,45,JAX,1
00-0034437,Logan Cooke,JAX,P,active,ACT,9,1995-07-28,77,200,Mississippi State,7,2018,7,247,JAX,1
00-0033319,Nick Mullens,JAX,QB,active,ACT,14,1995-03-21,73,210,Southern Mississippi,8,2017,,,,2
00-0040330,Seth Henigan,JAX,QB,practice_squad,DEV,19,2003-03-10,75,215,Memphis,0,2025,,,,
00-0036971,Trevor Lawrence,JAX,QB,active,ACT,16,1999-10-06,78,220,Clemson,4,2021,1,1,JAX,1
00-0040719,Bhayshul Tuten,JAX,RB,active,ACT,33,2002-02-14,69,206,Virginia Tech; North Carolina A&T,0,2025,4,104,JAX,3
00-0040332,Ja'Quinden Jackson,JAX,RB,practice_squad,DEV,38,2001-09-12,74,228,Arkansas; Utah; Texas,0,2025,,,,
00-0040238,LeQuint Allen Jr.,JAX,RB,active,ACT,36,2004-08-05,72,201,Syracuse,0,2025,7,236,JAX,4
00-0038555,Tank Bigsby,JAX,RB,active,ACT,4,2002-08-30,71,213,Auburn,2,2023,3,88,JAX,2
00-0036973,Travis Etienne,JAX,RB,active,ACT,1,1999-01-26,70,200,Clemson,4,2021,1,25,JAX,1
00-0035378,Andrew Wingard,JAX,S,active,ACT,42,1996-12-05,72,209,Wyoming,6,2019,,,,1
00-0038596,Antonio Johnson,JAX,S,active,ACT,26,2001-10-29,74,195,Texas A&M,2,2023,5,160,JAX,2
00-0040145,Caleb Ransaw,JAX,S,ir,RES,27,2002-12-22,72,196,Tulane; Troy,0,2025,3,88,JAX,3
00-0040339,Cam'Ron Silmon-Craig,JAX,S,practice_squad,DEV,32,2002-10-30,70,185,Colorado; Jackson State University,0,2025,,,,
00-0034968,Darnell Savage,JAX,S,active,ACT,6,1997-07-30,71,200,Maryland,6,2019,1,21,GB,2
00-0033038,Eric Murray,JAX,S,active,ACT,29,1994-01-07,71,199,Minnesota,9,2016,4,106,KC,1
00-0040213,Rayuan Lane III,JAX,S,active,ACT,25,2003-07-21,71,197,Navy,0,2025,6,200,JAX,3
00-0038935,Brenton Strange,JAX,TE,active,ACT,85,2000-12-27,76,247,Penn State,2,2023,2,61,JAX,1
00-0037004,Hunter Long,JAX,TE,active,ACT,84,1998-08-19,77,253,Boston College,4,2021,3,81,MIA,2
00-0033246,Johnny Mundt,JAX,TE,active,ACT,86,1994-11-23,76,232,Oregon,8,2017,,,,3
00-0040331,Patrick Herbert,JAX,TE,practice_squad,DEV,88,2000-10-18,77,255,Oregon,0,2025,,,,
00-0036590,Quintin Morris,JAX,TE,practice_squad,DEV,80,1999-01-21,74,251,Bowling Green,4,2021,,,,
00-0036841,Austin Trammell,JAX,WR,practice_squad,DEV,81,1998-07-04,70,185,Rice,4,2021,,,,
00-0039893,Brian Thomas Jr.,JAX,WR,active,ACT,7,2002-10-08,74,205,LSU,1,2024,1,23,JAX,1
00-0040323,Chandler Brayboy,JAX,WR,practice_squad,DEV,15,2001-08-20,73,199,Elon,0,2025,,,,
00-0036626,Dyami Brown,JAX,WR,active,ACT,5,1999-11-01,72,185,North Carolina,4,2021,3,82,WAS,1
00-0038092,Erik Ezukanma,JAX,WR,practice_squad,DEV,89,2000-01-25,74,220,Texas Tech,3,2022,4,125,MIA,
00-0039552,Joshua Cephus,JAX,WR,ir,RES,80,2001-03-05,74,185,Texas-San Antonio,1,2024,,,,2
00-0038606,Parker Washington,JAX,WR,active,ACT,11,2002-03-21,70,212,Penn State,2,2023,6,185,JAX,2
00-0033375,Tim Patrick,JAX,WR,active,ACT,17,1993-11-23,77,212,Utah; Grossmont,8,2017,,,,2
00-0036623,Creed Humphrey,KC,C,active,ACT,52,1999-06-28,76,316,Oklahoma,4,2021,2,63,KC,1
00-0039827,Hunter Nourzad,KC,C,active,INA,60,2000-11-26,75,320,Penn State; Cornell,1,2024,5,159,KC,2
00-0039324,Christian Roland-Wallace,KC,CB,active,ACT,30,2001-11-23,71,200,USC; Arizona,1,2024,,,,
00-0038604,Eric Scott Jr.,KC,CB,ir,RES,45,1999-08-07,74,202,Southern Mississippi,2,2023,6,178,DAL,3
00-0037195,Jaylen Watson,KC,CB,active,ACT,35,1998-09-17,74,204,Washington State; Ventura,3,2022,7,243,KC,1
00-0038043,Joshua Williams,KC,CB,active,ACT,2,1999-10-17,75,197,Fayetteville State University,3,2022,4,135,KC,3
00-0040089,Kevin Knowles,KC,CB,practice_squad,DEV,38,2003-04-09,71,190,Florida State,0,2025,,,,
00-0036416,Kristian Fulton,KC,CB,active,ACT,8,1998-09-03,71,200,LSU,5,2020,2,61,TEN,1
00-0040093,Melvin Smith Jr.,KC,CB,practice_squad,DEV,39,2002-04-12,73,185,Southern Arkansas,0,2025,,,,
00-0037198,Nazeeh Johnson,KC,CB,ir,RES,13,1998-07-17,70,189,Marshall,3,2022,7,259,KC,2
00-0040670,Nohl Williams,KC,CB,active,ACT,20,2002-09-23,73,199,California,0,2025,3,85,KC,2
00-0037191,Trent McDuffie,KC,CB,active,ACT,22,2000-09-13,71,195,Washington,3,2022,1,21,KC,1
00-0038939,Brodric Martin,KC,DT,practice_squad,DEV,93,1999-05-24,77,330,Western Kentucky,2,2023,3,96,DET,
00-0032762,Chris Jones,KC,DT,active,ACT,95,1994-07-03,78,308,Mississippi State,9,2016,2,37,KC,1
00-0034818,Derrick Nnadi,KC,DT,active,ACT,92,1996-05-09,73,310,Florida State,7,2018,3,75,KC,2
00-0035674,Jerry Tillery,KC,DT,active,ACT,99,1996-10-08,78,295,Notre Dame,6,2019,1,28,LAC,2
00-0036920,Marlon Tuipulotu,KC,DT,active,ACT,96,1999-05-31,74,305,USC,4,2021,6,189,PHI,
00-0040748,Omarr Norman-Lott,KC,DT,active,INA,55,2002-03-11,75,315,Tennessee; Arizona State,0,2025,2,63,KC,1
00-0038937,Zacch Pickens,KC,DT,practice_squad,DEV,79,2000-03-06,76,305,South Carolina,2,2023,3,64,CHI,
00-0040640,Ashton Gillotte,KC,EDGE,active,ACT,97,2002-10-30,75,270,Louisville,0,2025,3,66,KC,2
00-0038983,BJ Thompson,KC,EDGE,ir,RES,53,1999-03-23,78,235,Stephen F. Austin State,2,2023,5,166,KC,4
00-0035279,Charles Omenihu,KC,EDGE,active,ACT,90,1997-08-20,77,280,Texas,6,2019,5,161,HOU,2
00-0040328,Ethan Downs,KC,EDGE,practice_squad,DEV,68,2002-10-13,76,263,Oklahoma,0,2025,,,,
00-0039006,Felix Anudike-Uzomah,KC,EDGE,ir,RES,91,2002-01-24,76,255,Kansas State,2,2023,1,31,KC,3
00-0037192,George Karlaftis,KC,EDGE,active,ACT,56,2001-04-03,76,275,Purdue,3,2022,1,30,KC,1
00-0036878,Janarius Robinson,KC,EDGE,ir,RES,98,1998-05-04,77,260,Florida State,4,2021,4,134,MIN,5
00-0036682,Malik Herring,KC,EDGE,active,INA,94,1997-11-09,75,277,Georgia,4,2021,,,,3
00-0036378,Michael Danna,KC,EDGE,active,ACT,51,1997-12-04,74,255,Michigan,5,2020,5,177,KC,1
00-0037080,Tyreke Smith,KC,EDGE,practice_squad,DEV,57,2000-02-14,75,267,Ohio State,3,2022,5,158,SEA,
00-0033303,Harrison Butker,KC,K,active,ACT,7,1995-07-14,76,205,Georgia Tech,8,2017,7,233,CAR,1
00-0040087,Brandon George,KC,LB,ir,RES,50,2000-11-19,75,240,Pittsburgh,0,2025,,,,3
00-0035900,Cole Christiansen,KC,LB,practice_squad,DEV,48,1997-07-30,73,225,Army,5,2020,,,,
00-0040118,Cooper McDonald,KC,LB,active,ACT,59,2001-08-07,75,240,TCU; San Diego State,0,2025,,,,2
00-0035262,Drue Tranquill,KC,LB,active,ACT,23,1995-08-15,74,234,Notre Dame,6,2019,4,130,LAC,1
00-0037208,Jack Cochrane,KC,LB,active,ACT,43,1999-02-09,75,225,South Dakota,3,2022,,,,2
00-0040072,Jeffrey Bassa,KC,LB,active,ACT,31,2002-09-20,74,230,Oregon,0,2025,5,156,KC,2
00-0037819,Leo Chenal,KC,LB,active,ACT,54,2000-10-26,75,261,Wisconsin,3,2022,3,103,KC,1
00-0036621,Nick Bolton,KC,LB,active,ACT,32,2000-03-10,71,232,Missouri,4,2021,2,58,KC,1
00-0030615,James Winchester,KC,LS,active,ACT,41,1989-08-06,75,240,Oklahoma,12,2013,,,,1
00-0039833,C.J. Hanson,KC,OG,practice_squad,DEV,61,2001-03-03,77,305,Holy Cross,1,2024,7,248,KC,
00-0039317,Ethan Driskell,KC,OG,ir,RES,75,2000-06-29,80,329,Marshall,1,2024,,,,2
00-0039844,Kingsley Suamataia,KC,OG,active,ACT,76,2003-01-18,76,325,BYU; Oregon,1,2024,2,63,KC,1
00-0037207,Mike Caliendo,KC,OG,active,ACT,66,1997-10-21,76,300,Western Michigan,3,2022,,,,2
00-0036660,Trey Smith,KC,OG,active,ACT,65,1999-06-16,78,325,Tennessee,4,2021,6,226,KC,1
00-0039174,Chukwuebuka Godrick,KC,OT,practice_squad,DEV,72,2000-10-11,77,293,,2,2023,,,,
00-0035237,Jawaan Taylor,KC,OT,active,ACT,74,1997-11-25,77,312,Florida,6,2019,2,35,JAX,1
00-0036557,Jaylon Moore,KC,OT,active,ACT,77,1998-01-09,76,315,Western Michigan,4,2021,5,155,SF,2
00-0040116,Josh Simmons,KC,OT,active,ACT,71,2002-12-26,77,310,Ohio State; San Diego State,0,2025,1,32,KC,1
00-0038981,Wanya Morris,KC,OT,active,ACT,64,2000-10-10,78,310,Oklahoma; Tennessee,2,2023,3,92,KC,2
00-0037284,Matt Araiza,KC,P,active,ACT,14,2000-05-16,74,200,San Diego State,3,2022,6,180,BUF,1
00-0037324,Chris Oladokun,KC,QB,practice_squad,DEV,19,1997-09-03,73,195,South Dakota State,3,2022,7,241,PIT,
00-0035289,Gardner Minshew,KC,QB,active,ACT,17,1996-05-16,73,225,Washington State,6,2019,6,178,JAX,2
00-0033873,Patrick Mahomes,KC,QB,active,ACT,15,1995-09-17,74,230,Texas Tech,8,2017,1,10,KC,1
00-0040078,Brashard Smith,KC,RB,active,ACT,24,2003-04-11,70,196,SMU; Miami,0,2025,7,228,KC,4
00-0039325,Carson Steele,KC,RB,practice_squad,DEV,42,2002-10-01,72,225,UCLA; Ball State,1,2024,,,,
00-0036360,Clyde Edwards-Helaire,KC,RB,practice_squad,DEV,40,1999-04-11,67,209,LSU,5,2020,1,32,KC,
00-0036567,Elijah Mitchell,KC,RB,active,INA,25,1998-05-02,70,221,Louisiana-Lafayette,4,2021,6,194,SF,3
00-0037197,Isiah Pacheco,KC,RB,active,ACT,10,1999-03-02,70,215,Rutgers,3,2022,7,251,KC,1
00-0033923,Kareem Hunt,KC,RB,active,ACT,29,1995-08-06,71,216,Toledo,8,2017,3,86,KC,2
00-0037299,Keaontay Ingram,KC,RB,ir,RES,38,1999-10-26,72,215,USC,3,2022,6,201,ARI,5
00-0037193,Bryan Cook,KC,S,active,ACT,6,1999-09-07,73,210,Cincinnati; Howard,3,2022,2,62,KC,1
00-0038982,Chamarri Conner,KC,S,active,ACT,27,2000-07-11,72,206,Virginia Tech,2,2023,4,119,KC,1
00-0032774,Deon Bush,KC,S,ir,RES,26,1993-08-14,72,200,Miami,9,2016,4,124,CHI,2
00-0039825,Jaden Hicks,KC,S,active,ACT,21,2002-08-16,73,212,Washington State,1,2024,4,133,KC,2
00-0038587,Jammie Robinson,KC,S,practice_squad,DEV,26,2001-01-24,71,203,Florida State,2,2023,5,145,CAR,
00-0035681,Mike Edwards,KC,S,practice_squad,DEV,34,1996-05-18,70,200,Kentucky,6,2019,3,99,TB,
00-0040081,Jake Briningstool,KC,TE,ir,RES,88,2002-12-09,78,230,Clemson,0,2025,,,,5
00-0039824,Jared Wiley,KC,TE,active,INA,12,2000-11-02,78,260,TCU; Texas,1,2024,4,131,KC,3
00-0036637,Noah Gray,KC,TE,active,ACT,83,1999-04-30,75,240,Duke,4,2021,5,162,KC,2
00-0033757,Robert Tonyan,KC,TE,active,ACT,85,1994-04-30,77,237,Indiana State,8,2017,,,,4
00-0030506,Travis Kelce,KC,TE,active,ACT,87,1989-10-05,77,260,Cincinnati,12,2013,3,63,KC,1
00-0040094,Tre Watson,KC,TE,practice_squad,DEV,49,2002-10-12,77,245,Texas A&M; Fresno State,0,2025,,,,
00-0040646,Jalen Royals,KC,WR,active,INA,11,2003-02-18,72,205,Utah State,0,2025,4,133,KC,2
00-0038492,Jason Brownlee,KC,WR,active,ACT,89,1999-01-30,75,202,Southern Mississippi,2,2023,,,,2
00-0040120,Jimmy Holiday,KC,WR,practice_squad,DEV,82,2001-12-16,73,211,Louisiana Tech; Western Kentucky; Tennessee,0,2025,,,,
00-0033857,JuJu Smith-Schuster,KC,WR,active,ACT,9,1996-11-22,73,215,USC,8,2017,2,62,PIT,1
00-0035662,Marquise Brown,KC,WR,active,ACT,5,1997-06-04,69,170,Oklahoma; College of the Canyons,6,2019,1,25,BAL,1
00-0038519,Nikko Remigio,KC,WR,active,ACT,81,1999-11-04,69,185,Fresno State,2,2023,,,,3
00-0039067,Rashee Rice,KC,WR,ir,RES,4,2000-04-22,73,203,SMU,2,2023,2,55,KC,3
00-0038104,Tyquan Thornton,KC,WR,active,ACT,80,2000-08-07,74,180,Baylor,3,2022,2,50,NE,2
00-0039894,Xavier Worthy,KC,WR,active,ACT,1,2003-04-27,71,172,Texas,1,2024,1,28,KC,1
00-0039753,Beaux Limmer,LA,C,active,ACT,50,2001-06-10,77,307,Arkansas,1,2024,6,217,LA,2
00-0034114,Coleman Shelton,LA,C,active,ACT,65,1995-07-28,77,285,Washington,7,2018,,,,1
00-0039830,Dylan McMahon,LA,C,practice_squad,DEV,63,2001-01-22,75,305,N.C. State,1,2024,6,190,PHI,
00-0036114,A.J. Green,LA,CB,practice_squad,DEV,27,1998-06-09,74,185,Oklahoma State,5,2020,,,,
00-0033783,Ahkello Witherspoon,LA,CB,active,ACT,4,1995-03-21,74,195,Colorado; Sacramento City,8,2017,3,66,SF,1
00-0039780,Cam Lampkin,LA,CB,practice_squad,DEV,33,2001-07-31,71,173,Washington State; Utah State,1,2024,,,,
00-0037839,Cobie Durant,LA,CB,active,ACT,14,1998-02-09,71,175,South Carolina State,3,2022,4,142,LA,1
00-0034203,Darious Williams,LA,CB,active,ACT,31,1993-03-15,69,187,UAB,7,2018,,,,1
00-0039151,Emmanuel Forbes,LA,CB,active,ACT,1,2001-01-13,72,180,Mississippi State,2,2023,1,16,WAS,2
00-0039772,Josh Wallace,LA,CB,active,ACT,30,2000-07-05,72,190,Michigan; UMass Amherst,1,2024,,,,2
00-0040595,Bill Norton,LA,DT,practice_squad,DEV,97,2000-07-07,78,335,Texas; Arizona; Georgia,0,2025,,,,
00-0039734,Braden Fiske,LA,DT,active,ACT,55,2000-01-18,77,300,Florida State; Western Michigan,1,2024,2,39,LA,1
00-0039061,Desjuan Johnson,LA,DT,active,INA,94,1999-09-02,75,275,Toledo,2,2023,7,259,LA,3
00-0036788,Jack Heflin,LA,DT,practice_squad,DEV,93,1998-03-08,75,312,Iowa,4,2021,,,,
00-0039138,Kobie Turner,LA,DT,active,ACT,91,1999-04-26,74,290,Wake Forest,2,2023,3,89,LA,1
00-0036237,Larrell Murchison,LA,DT,active,ACT,52,1997-04-24,74,291,N.C. State; Louisburg,5,2020,5,174,TEN,2
00-0034234,Poona Ford,LA,DT,active,ACT,95,1995-11-19,71,310,Texas,7,2018,,,,1
00-0040585,Ty Hamilton,LA,DT,active,INA,57,2002-04-15,75,295,Ohio State,0,2025,5,148,LA,2
00-0039749,Tyler Davis,LA,DT,active,ACT,90,2000-11-01,74,300,Clemson,1,2024,6,196,LA,2
00-0039137,Byron Young,LA,EDGE,active,ACT,0,1998-03-13,74,245,Tennessee,2,2023,3,77,LA,1
00-0040594,Jamil Muhammad,LA,EDGE,practice_squad,DEV,45,2001-02-01,73,260,USC; Georgia State; Vanderbilt,0,2025,,,,
00-0039852,Jared Verse,LA,EDGE,active,ACT,8,2000-11-04,76,260,Florida State; Albany,1,2024,1,19,LA,1
00-0040580,Josaiah Stewart,LA,EDGE,active,ACT,10,2003-04-26,73,245,Michigan; Coastal Carolina,0,2025,3,90,LA,2
00-0037057,Keir Thomas,LA,EDGE,ir,RES,96,1998-01-25,74,275,Florida State,3,2022,,,,3
00-0039076,Nick Hampton,LA,EDGE,active,ACT,6,2000-04-05,75,225,Appalachian State,2,2023,5,161,LA,2
00-0039750,Joshua Karty,LA,K,active,ACT,16,2002-03-07,74,208,Stanford,1,2024,6,209,LA,1
00-0039775,Elias Neal,LA,LB,practice_squad,DEV,58,2001-09-11,72,226,Marshall,1,2024,,,,
00-0037587,Nate Landman,LA,LB,active,ACT,53,1998-11-19,75,230,Colorado,3,2022,,,,1
00-0039774,Omar Speights,LA,LB,active,ACT,48,2001-03-02,73,235,LSU; Oregon State,1,2024,,,,1
00-0040613,Shaun Dolac,LA,LB,active,ACT,56,2001-09-14,73,225,Buffalo,0,2025,,,,2
00-0035617,Troy Reeder,LA,LB,active,ACT,51,1994-09-13,75,245,Delaware,6,2019,,,,2
00-0038360,Alex Ward,LA,LS,active,ACT,47,1999-04-21,76,240,UCF,2,2023,,,,1
00-0039784,Justin Dedich,LA,OG,active,INA,67,2000-04-21,74,295,USC,1,2024,,,,2
00-0036339,Kevin Dotson,LA,OG,active,ACT,69,1996-09-18,76,321,Louisiana-Lafayette,5,2020,4,135,PIT,1
00-0039058,Steve Avila,LA,OG,active,ACT,73,1999-10-16,75,330,TCU,2,2023,2,36,LA,1
00-0040611,Wyatt Bowles,LA,OG,practice_squad,DEV,60,2000-01-28,77,300,Utah State,0,2025,,,,
00-0037845,A.J. Arcuri,LA,OT,practice_squad,DEV,61,1997-08-13,79,320,Michigan State,3,2022,7,261,LA,
00-0036603,Alaric Jackson,LA,OT,active,ACT,77,1998-07-14,79,315,Iowa,4,2021,,,,1
00-0032222,D.J. Humphries,LA,OT,active,ACT,72,1993-12-28,77,307,Florida,10,2015,1,24,ARI,2
00-0030097,David Quessenberry,LA,OT,active,INA,68,1990-08-24,77,310,San Jose State,12,2013,6,176,HOU,3
00-0032242,Rob Havenstein,LA,OT,active,ACT,79,1992-05-13,80,328,Wisconsin,10,2015,2,57,LA,1
00-0039077,Warren McClendon Jr.,LA,OT,active,ACT,71,2001-04-11,76,300,Georgia,2,2023,5,174,LA,2
00-0039059,Ethan Evans,LA,P,active,ACT,42,2001-07-19,75,235,Wingate,2,2023,7,223,LA,1
00-0031345,Jimmy Garoppolo,LA,QB,active,ACT,11,1991-11-02,74,225,Eastern Illinois,11,2014,2,62,NE,2
00-0026498,Matthew Stafford,LA,QB,active,ACT,9,1988-02-07,75,220,Georgia,16,2009,1,1,DET,1
00-0039107,Stetson Bennett,LA,QB,active,INA,13,1997-10-28,71,190,Georgia; Jones County JC,2,2023,4,128,LA,3
00-0039738,Blake Corum,LA,RB,active,ACT,22,2000-11-25,68,213,Michigan,1,2024,3,83,LA,2
00-0039703,Cody Schrader,LA,RB,active,ACT,32,1999-09-08,69,214,Missouri; Truman State University,1,2024,,,,
00-0040692,Jarquez Hunter,LA,RB,active,INA,27,2002-12-29,70,210,Auburn,0,2025,4,117,LA,3
00-0037840,Kyren Williams,LA,RB,active,ACT,23,2000-08-26,69,199,Notre Dame,3,2022,5,164,LA,1
00-0037557,Ronnie Rivers,LA,RB,practice_squad,DEV,20,1999-01-31,69,190,Fresno State,3,2022,,,,
00-0039776,Jaylen McCollough,LA,S,active,ACT,2,2000-10-12,72,206,Tennessee,1,2024,,,,2
00-0036349,Kam Curl,LA,S,active,ACT,3,1999-03-03,74,203,Arkansas,5,2020,7,216,WAS,1
00-0039834,Kamren Kinchens,LA,S,active,ACT,26,2002-09-29,71,205,Miami,1,2024,3,99,LA,2
00-0040600,Nate Valcarcel,LA,S,practice_squad,DEV,43,2002-05-23,73,192,Northern Illinois; South Dakota,0,2025,,,,
00-0037841,Quentin Lake,LA,S,active,ACT,37,1999-01-29,73,205,UCLA,3,2022,6,211,LA,1
00-0038366,Tanner Ingle,LA,S,practice_squad,DEV,34,1999-10-29,68,188,N.C. State,2,2023,,,,
00-0036244,Colby Parkinson,LA,TE,active,ACT,84,1999-01-07,79,251,Stanford,5,2020,4,133,SEA,3
00-0039074,Davis Allen,LA,TE,active,ACT,87,2001-02-03,78,250,Clemson,2,2023,5,175,LA,4
00-0040598,Mark Redman,LA,TE,practice_squad,DEV,83,2002-01-20,77,255,Louisville; San Diego State,0,2025,,,,
00-0040737,Terrance Ferguson,LA,TE,active,ACT,18,2003-03-07,77,255,Oregon,0,2025,2,46,LA,2
00-0033110,Tyler Higbee,LA,TE,active,ACT,89,1993-01-01,78,257,Western Kentucky,9,2016,4,110,LA,1
00-0040597,Brennan Presley,LA,WR,practice_squad,DEV,81,2002-02-02,68,170,Oklahoma State,0,2025,,,,
00-0031381,Davante Adams,LA,WR,active,ACT,17,1992-12-24,73,215,Fresno State,11,2014,2,53,GB,1
00-0039751,Jordan Whittington,LA,WR,active,ACT,88,2000-10-01,73,204,Texas,1,2024,6,213,LA,2
00-0040590,Konata Mumpfield,LA,WR,active,ACT,15,2002-10-24,73,185,Pittsburgh; Akron,0,2025,7,242,LA,2
00-0039075,Puka Nacua,LA,WR,active,ACT,12,2001-05-29,74,205,BYU; Washington,2,2023,5,177,LA,1
00-0040609,Tru Edwards,LA,WR,practice_squad,DEV,82,2001-06-09,75,202,Louisiana Tech; Hawaii; Navarro,0,2025,,,,
00-0036849,Tutu Atwell,LA,WR,active,ACT,5,1999-10-07,69,153,Louisville,4,2021,2,57,LA,1
00-0038359,Xavier Smith,LA,WR,active,ACT,19,1997-09-21,69,170,Florida A&M,2,2023,,,,2
00-0035127,Andre James,LAC,C,active,ACT,78,1997-05-02,76,300,UCLA,6,2019,,,,2
00-0034281,Bradley Bozeman,LAC,C,active,ACT,75,1994-11-24,77,317,Alabama,7,2018,6,215,BAL,1
00-0040467,Josh Kaltenberger,LAC,C,practice_squad,DEV,63,2001-08-10,78,308,Maryland; Purdue,0,2025,,,,
00-0036625,Benjamin St-Juste,LAC,CB,active,ACT,24,1997-09-08,75,205,Minnesota,4,2021,3,74,WAS,2
00-0039369,Cam Hart,LAC,CB,active,ACT,20,2000-12-05,74,205,Notre Dame,1,2024,5,140,LAC,1
00-0037320,Deane Leonard,LAC,CB,ir,RES,33,1999-11-20,72,195,Mississippi,3,2022,7,236,LAC,2
00-0034356,Donte Jackson,LAC,CB,active,ACT,26,1995-11-08,70,180,LSU,7,2018,2,55,CAR,1
00-0040468,Eric Rogers,LAC,CB,ir,RES,39,2002-04-02,74,189,Rutgers,0,2025,,,,4
00-0037307,Ja'Sir Taylor,LAC,CB,active,ACT,36,1999-01-08,70,185,Wake Forest,3,2022,6,214,LAC,2
00-0040470,Jordan Oladokun,LAC,CB,ir,RES,37,2002-07-29,72,190,Bowling Green; Samford,0,2025,,,,3
00-0040473,Myles Purchase,LAC,CB,practice_squad,DEV,35,2002-11-26,71,205,Iowa State,0,2025,,,,
00-0040471,Nikko Reed,LAC,CB,active,INA,46,2003-03-03,70,180,Oregon; Colorado,0,2025,,,,3
00-0039366,Tarheeb Still,LAC,CB,active,ACT,29,2002-06-09,73,196,Maryland,1,2024,5,137,LAC,1
00-0034371,Da'Shawn Hand,LAC,DT,active,ACT,91,1995-11-14,75,297,Alabama,7,2018,4,114,DET,1
00-0040144,Jamaree Caldwell,LAC,DT,active,ACT,99,2000-08-30,73,340,Oregon; Houston; Independence Comm. College,0,2025,3,86,LAC,2
00-0040459,Josh Fuga,LAC,DT,ir,RES,69,2001-02-14,74,313,Virginia Tech,0,2025,,,,3
00-0039835,Justin Eboigbe,LAC,DT,active,ACT,92,2001-04-09,77,292,Alabama,1,2024,4,105,LAC,3
00-0036695,Naquan Jones,LAC,DT,active,INA,96,1998-02-05,75,340,Michigan State,4,2021,,,,2
00-0037270,Otito Ogbonnia,LAC,DT,active,ACT,93,2000-08-25,76,320,UCLA,3,2022,5,160,LAC,1
00-0038614,Scott Matlock,LAC,DT,active,ACT,44,2000-06-28,76,300,Boise State,2,2023,6,200,LAC,1
00-0040458,TeRah Edwards,LAC,DT,practice_squad,DEV,94,2001-06-03,74,305,Illinois; Northwestern,0,2025,,,,
00-0036181,Teair Tart,LAC,DT,active,ACT,90,1997-02-28,74,290,Florida International,5,2020,,,,1
00-0032146,Bud Dupree,LAC,EDGE,active,ACT,48,1993-02-12,76,269,Kentucky,10,2015,1,22,PIT,2
00-0038851,Caleb Murphy,LAC,EDGE,active,ACT,50,1999-12-15,75,245,Ferris State; Grand Valley,2,2023,,,,
00-0031040,Khalil Mack,LAC,EDGE,active,ACT,52,1991-02-22,75,269,Buffalo,11,2014,1,5,LV,1
00-0040161,Kyle Kennard,LAC,EDGE,active,INA,54,2001-12-12,77,254,South Carolina,0,2025,4,125,LAC,2
00-0039111,Tuli Tuipulotu,LAC,EDGE,active,ACT,45,2002-09-03,75,290,USC,2,2023,2,54,LAC,1
00-0037224,Cameron Dicker,LAC,K,active,ACT,11,2000-05-06,73,216,Texas,3,2022,,,,1
00-0038553,Daiyan Henley,LAC,LB,active,ACT,0,1999-11-18,73,232,Washington State; Nevada,2,2023,3,85,LAC,1
00-0035202,Del'Shawn Phillips,LAC,LB,active,ACT,53,1996-10-09,74,230,Illinois,6,2019,,,,2
00-0032103,Denzel Perryman,LAC,LB,active,ACT,6,1992-12-05,71,240,Miami,10,2015,2,48,LAC,1
00-0040472,Garmon Randolph,LAC,LB,practice_squad,DEV,97,2000-10-05,80,260,Baylor,0,2025,,,,
00-0039346,Junior Colson,LAC,LB,ir,RES,25,2002-12-06,75,247,Michigan,1,2024,3,69,LAC,3
00-0040460,Marlowe Wax,LAC,LB,active,ACT,58,2002-12-13,73,236,Syracuse,0,2025,,,,3
00-0036338,Troy Dye,LAC,LB,active,ACT,43,1996-09-18,75,225,Oregon,5,2020,4,132,MIN,2
00-0028845,Josh Harris,LAC,LS,ir,RES,47,1989-04-27,73,224,Auburn,13,2012,,,,1
00-0031911,Rick Lovato,LAC,LS,active,ACT,41,1992-09-09,74,249,Old Dominion,10,2015,,,,
00-0040212,Branson Taylor,LAC,OG,practice_squad,DEV,71,2002-02-13,78,321,Pittsburgh,0,2025,6,199,LAC,
00-0037295,Jamaree Salyer,LAC,OG,active,ACT,68,2000-07-13,76,325,Georgia,3,2022,6,195,LAC,2
00-0036284,Mekhi Becton,LAC,OG,active,ACT,73,1999-04-18,79,355,Louisville,5,2020,1,11,NYJ,1
00-0037818,Zion Johnson,LAC,OG,active,ACT,77,1999-11-18,75,305,Boston College; Davidson,3,2022,1,17,LAC,1
00-0037302,Austin Deculus,LAC,OT,active,ACT,74,1999-03-12,77,330,LSU,3,2022,6,205,HOU,2
00-0033946,David Sharpe,LAC,OT,practice_squad,DEV,72,1995-10-21,78,330,Florida,8,2017,4,129,LV,
00-0036584,Foster Sarell,LAC,OT,active,INA,67,1998-08-28,78,315,Stanford,4,2021,,,,
00-0039897,Joe Alt,LAC,OT,active,ACT,76,2003-02-28,80,322,Notre Dame,1,2024,1,5,LAC,1
00-0037009,Rashawn Slater,LAC,OT,ir,RES,70,1999-03-26,76,305,Northwestern,4,2021,1,13,LAC,3
00-0040462,Savion Washington,LAC,OT,ir,RES,67,2002-04-12,81,340,Syracuse; Colorado; Kent State,0,2025,,,,2
00-0035688,Trey Pipkins,LAC,OT,active,ACT,79,1996-09-05,78,307,Sioux Falls,6,2019,3,91,LAC,1
00-0034162,J.K. Scott,LAC,P,active,ACT,16,1995-10-30,77,208,Alabama,7,2018,5,172,GB,1
00-0040464,DJ Uiagalelei,LAC,QB,practice_squad,DEV,7,2001-04-17,76,252,Florida State; Oregon State; Clemson,0,2025,,,,
00-0036355,Justin Herbert,LAC,QB,active,ACT,10,1998-03-10,78,237,Oregon,5,2020,1,6,LAC,1
00-0037012,Trey Lance,LAC,QB,active,ACT,5,2000-05-09,76,226,North Dakota State,4,2021,1,3,SF,2
00-0040039,Amar Johnson,LAC,RB,practice_squad,DEV,34,2003-01-31,70,205,South Dakota State,0,2025,,,,
00-0037617,Hassan Haskins,LAC,RB,active,ACT,28,1999-11-26,74,220,Michigan,3,2022,4,131,TEN,3
00-0039391,Kimani Vidal,LAC,RB,practice_squad,DEV,30,2001-08-28,68,215,Troy,1,2024,6,181,LAC,
00-0036893,Najee Harris,LAC,RB,active,ACT,22,1998-03-09,73,230,Alabama,4,2021,1,24,PIT,2
00-0034367,Nyheim Hines,LAC,RB,practice_squad,DEV,31,1996-11-12,69,198,N.C. State,7,2018,4,104,IND,
00-0040666,Omarion Hampton,LAC,RB,active,ACT,8,2003-03-16,72,220,North Carolina,0,2025,1,22,LAC,1
00-0036380,Alohi Gilman,LAC,S,active,ACT,32,1997-09-17,70,202,Notre Dame,5,2020,6,186,LAC,1
00-0034790,Derwin James,LAC,S,active,ACT,3,1996-08-03,74,215,Florida State,7,2018,1,17,LAC,1
00-0036992,Elijah Molden,LAC,S,active,ACT,2,1999-01-30,70,190,Washington,4,2021,3,100,TEN,2
00-0039526,Emany Johnson,LAC,S,practice_squad,DEV,38,2000-11-17,74,216,Nevada,1,2024,,,,
00-0038414,Kendall Williamson,LAC,S,active,ACT,40,2000-08-24,72,203,Stanford,2,2023,7,258,CHI,3
00-0040221,R.J. Mickens,LAC,S,active,INA,27,2001-07-10,72,210,Clemson,0,2025,6,214,LAC,2
00-0030294,Tony Jefferson,LAC,S,practice_squad,DEV,23,1992-01-27,71,212,Oklahoma,12,2013,,,,
00-0040189,Oronde Gadsden II,LAC,TE,active,INA,86,2003-06-25,77,236,Syracuse,0,2025,5,165,LAC,3
00-0039936,Thomas Yassmin,LAC,TE,practice_squad,DEV,49,1999-10-21,77,251,Utah,1,2024,,,,
00-0037654,Tucker Fisk,LAC,TE,active,INA,42,1999-01-19,76,285,Stanford,3,2022,,,,4
00-0034270,Tyler Conklin,LAC,TE,active,ACT,83,1995-07-30,75,254,Central Michigan; Northwood,7,2018,5,157,MIN,2
00-0034159,Will Dissly,LAC,TE,active,ACT,89,1996-07-08,76,267,Washington,7,2018,4,120,SEA,1
00-0038573,Derius Davis,LAC,WR,active,ACT,12,2000-09-11,68,175,TCU,2,2023,4,125,LAC,2
00-0039722,JaQuae Jackson,LAC,WR,practice_squad,DEV,82,2000-01-30,73,190,Rutgers; California (PA),1,2024,,,,
00-0036387,Jalen Reagor,LAC,WR,practice_squad,DEV,88,1999-01-02,71,195,TCU,5,2020,1,21,PHI,
00-0040184,KeAndre Lambert-Smith,LAC,WR,active,ACT,84,2001-10-16,73,185,Auburn; Penn State,0,2025,5,158,LAC,2
00-0030279,Keenan Allen,LAC,WR,active,ACT,13,1992-04-27,74,211,California,12,2013,3,76,LAC,1
00-0039915,Ladd McConkey,LAC,WR,active,ACT,15,2001-11-11,72,185,Georgia,1,2024,2,34,LAC,1
00-0040461,Luke Grimm,LAC,WR,practice_squad,DEV,37,2001-08-08,72,195,Kansas,0,2025,,,,
00-0033536,Mike Williams,LAC,WR,ir,RES,81,1994-10-04,76,218,Clemson,8,2017,1,7,LAC,
00-0038544,Quentin Johnston,LAC,WR,active,ACT,1,2001-09-06,74,201,TCU,2,2023,1,21,LAC,1
00-0040727,Tre Harris,LAC,WR,active,ACT,9,2002-02-28,75,204,Mississippi; Louisiana Tech,0,2025,2,55,LAC,2
00-0036604,Jordan Meredith,LV,C,active,ACT,61,1998-01-04,74,300,Western Kentucky,4,2021,,,,1
00-0039544,Will Putnam,LV,C,active,ACT,67,2000-08-13,76,310,Clemson,1,2024,,,,2
00-0040641,Darien Porter,LV,CB,active,ACT,26,2001-01-06,74,200,Iowa State,0,2025,3,68,LV,1
00-0036394,Darnay Holmes,LV,CB,active,ACT,30,1998-06-23,70,198,UCLA,5,2020,4,110,NYG,1
00-0039357,Decamerion Richardson,LV,CB,active,ACT,25,2001-03-16,74,195,Mississippi State,1,2024,4,112,LV,2
00-0036901,Eric Stokes,LV,CB,active,ACT,22,1999-03-01,72,190,Georgia,4,2021,1,29,GB,1
00-0040489,Greedy Vance,LV,CB,practice_squad,DEV,41,2001-10-08,69,170,USC; Florida State; Louisville,0,2025,,,,
00-0038091,JT Woods,LV,CB,practice_squad,DEV,40,2000-06-10,74,193,Baylor,3,2022,3,79,LAC,
00-0038381,Kyu Kelly,LV,CB,active,ACT,36,2001-05-22,72,185,Stanford,2,2023,5,157,BAL,2
00-0033381,Adam Butler,LV,DT,active,ACT,69,1994-04-12,77,300,Vanderbilt,8,2017,,,,1
00-0040199,JJ Pegues,LV,DT,active,INA,92,2001-11-25,74,325,Mississippi; Auburn,0,2025,6,180,LV,2
00-0039423,Jonah Laulu,LV,DT,active,ACT,96,2000-06-30,77,289,Oklahoma; Hawaii,1,2024,7,234,IND,1
00-0040762,Laki Tasi,LV,DT,practice_squad,DEV,79,2003-10-24,78,347,,0,2025,,,,
00-0036371,Leki Fotu,LV,DT,active,INA,95,1998-08-23,77,335,Utah,5,2020,4,114,ARI,2
00-0037262,Thomas Booker,LV,DT,active,ACT,99,1999-11-11,75,310,Stanford,3,2022,5,150,HOU,3
00-0040487,Treven Ma'ae,LV,DT,practice_squad,DEV,68,2001-02-26,75,290,Baylor; Oregon,0,2025,,,,
00-0036711,Charles Snowden,LV,EDGE,active,ACT,49,1998-03-27,78,235,Virginia,4,2021,,,,2
00-0040604,Jahfari Harvey,LV,EDGE,practice_squad,DEV,91,2001-05-02,74,252,SMU; Miami,0,2025,,,,
00-0036989,Malcolm Koonce,LV,EDGE,active,ACT,51,1998-06-06,74,250,Buffalo,4,2021,3,79,LV,1
00-0034973,Maxx Crosby,LV,EDGE,active,ACT,98,1997-08-22,77,255,Eastern Michigan,6,2019,4,106,LV,1
00-0040169,Tonka Hemingway,LV,EDGE,active,ACT,97,2001-10-31,74,285,South Carolina,0,2025,4,135,LV,3
00-0038541,Tyree Wilson,LV,EDGE,active,ACT,9,2000-05-20,77,275,Texas Tech,2,2023,1,7,LV,2
00-0034161,Daniel Carlson,LV,K,active,ACT,8,1995-01-23,77,215,Auburn,7,2018,5,167,MIN,1
00-0039836,Brennan Jackson,LV,LB,active,INA,54,2000-10-14,76,264,Washington State,1,2024,5,154,LA,2
00-0037822,Brian Asamoah II,LV,LB,practice_squad,DEV,53,2000-03-29,72,230,Oklahoma,3,2022,3,66,MIN,
00-0040228,Cody Lindenberg,LV,LB,active,ACT,55,2002-01-15,74,235,Minnesota,0,2025,7,222,LV,3
00-0035707,Devin White,LV,LB,active,ACT,45,1998-02-17,72,237,LSU,6,2019,1,5,TB,1
00-0032442,Elandon Roberts,LV,LB,active,ACT,52,1994-04-22,71,238,Houston; Morgan State,9,2016,6,214,NE,1
00-0035697,Germaine Pratt,LV,LB,active,ACT,57,1996-05-21,75,245,N.C. State,6,2019,3,72,CIN,1
00-0033872,Jamal Adams,LV,LB,active,ACT,33,1995-10-17,73,213,LSU,8,2017,1,6,NYJ,2
00-0039374,Tommy Eichenberg,LV,LB,active,ACT,44,2001-01-11,74,239,Ohio State,1,2024,5,148,LV,2
00-0035757,Jacob Bobenmoyer,LV,LS,active,ACT,50,1997-05-28,72,235,Northern Colorado,5,2020,,,,1
00-0034678,Alex Cappa,LV,OG,active,ACT,65,1995-01-27,77,305,Humboldt State,7,2018,3,94,TB,2
00-0038586,Atonio Mafi,LV,OG,practice_squad,DEV,56,2000-10-20,75,339,UCLA,2,2023,5,144,NE,
00-0040150,Caleb Rogers,LV,OG,active,INA,76,2001-10-03,76,310,Texas Tech,0,2025,3,98,LV,2
00-0037255,Dylan Parham,LV,OG,active,ACT,66,1999-08-24,74,285,Memphis,3,2022,3,90,LV,1
00-0039735,Jackson Powers-Johnson,LV,OG,active,ACT,58,2003-01-23,75,320,Oregon,1,2024,2,44,LV,1
00-0040151,Charles Grant,LV,OT,active,INA,60,2002-03-22,76,300,William & Mary,0,2025,3,99,LV,2
00-0039349,DJ Glaze,LV,OT,active,ACT,71,2002-08-04,76,305,Maryland,1,2024,3,77,LV,1
00-0038923,Dalton Wagner,LV,OT,practice_squad,DEV,78,1998-10-05,80,331,Arkansas,2,2023,,,,
00-0034759,Kolton Miller,LV,OT,active,ACT,74,1995-10-09,80,325,UCLA,7,2018,1,15,LV,1
00-0036653,Stone Forsythe,LV,OT,active,ACT,70,1997-12-29,80,332,Florida,4,2021,6,208,SEA,2
00-0035190,AJ Cole,LV,P,active,ACT,6,1995-11-27,76,220,N.C. State,6,2019,,,,1
00-0038579,Aidan O'Connell,LV,QB,ir,RES,12,1998-09-01,75,210,Purdue,2,2023,4,135,LV,3
00-0040222,Cam Miller,LV,QB,practice_squad,DEV,5,2001-06-18,72,212,North Dakota State,0,2025,6,215,LV,
00-0030565,Geno Smith,LV,QB,active,ACT,7,1990-10-10,75,221,West Virginia,12,2013,2,39,NYJ,1
00-0032436,Jeff Driskel,LV,QB,practice_squad,DEV,17,1993-04-23,76,235,Louisiana Tech; Florida,9,2016,6,207,SF,
00-0038102,Kenny Pickett,LV,QB,active,ACT,15,1998-06-06,75,220,Pittsburgh,3,2022,1,20,PIT,2
00-0040122,Ashton Jeanty,LV,RB,active,ACT,2,2003-12-02,68,215,Boise State,0,2025,1,6,LV,1
00-0039244,Chris Collier,LV,RB,practice_squad,DEV,35,2000-03-24,70,195,University of Lock Haven,1,2024,,,,
00-0039407,Dylan Laube,LV,RB,active,ACT,23,1999-12-14,69,208,New Hampshire,1,2024,6,208,LV,4
00-0031687,Raheem Mostert,LV,RB,active,INA,31,1992-04-09,70,197,Purdue,10,2015,,,,2
00-0038040,Zamir White,LV,RB,active,ACT,3,1999-09-18,71,215,Georgia,3,2022,4,122,LV,3
00-0038602,Chris Smith II,LV,S,active,ACT,29,2000-05-01,70,195,Georgia,2,2023,5,170,LV,2
00-0037512,Isaiah Pola-Mao,LV,S,active,ACT,20,1999-06-30,76,205,USC,3,2022,,,,1
00-0036293,Jeremy Chinn,LV,S,active,ACT,11,1998-02-26,75,212,Southern Illinois,5,2020,2,64,CAR,1
00-0035244,Lonnie Johnson,LV,S,ir,RES,32,1995-11-04,74,213,Kentucky,6,2019,2,54,HOU,3
00-0034858,Terrell Edmunds,LV,S,active,ACT,28,1997-01-20,73,217,Virginia Tech,7,2018,1,28,PIT,
00-0037461,Tristin McCollum,LV,S,active,INA,27,1999-05-03,75,195,Sam Houston State,3,2022,,,,2
00-0036423,Albert Okwuegbunam,LV,TE,practice_squad,DEV,86,1998-04-25,77,255,Missouri,5,2020,4,118,DEN,
00-0039338,Brock Bowers,LV,TE,active,ACT,89,2002-12-13,75,230,Georgia,1,2024,1,13,LV,1
00-0040488,Carter Runyon,LV,TE,practice_squad,DEV,46,2001-07-23,76,235,Towson; Shenandoah University,0,2025,,,,
00-0034365,Ian Thomas,LV,TE,active,ACT,80,1996-06-06,75,260,Indiana; Nassau CC,7,2018,4,101,CAR,3
00-0038590,Justin Shorter,LV,TE,active,ACT,88,2000-04-17,76,228,Florida; Penn State,2,2023,5,150,BUF,
00-0039066,Michael Mayer,LV,TE,active,ACT,87,2001-07-06,76,265,Notre Dame,2,2023,2,35,LV,2
00-0035602,Alex Bachman,LV,WR,active,ACT,81,1996-05-29,72,190,Wake Forest,6,2019,,,,
00-0040581,Dont'e Thornton Jr.,LV,WR,active,ACT,10,2002-11-30,77,205,Tennessee; Oregon,0,2025,4,108,LV,2
00-0040729,Jack Bech,LV,WR,active,ACT,18,2002-12-18,73,215,TCU; LSU,0,2025,2,58,LV,2
00-0034960,Jakobi Meyers,LV,WR,active,ACT,16,1996-11-09,73,200,N.C. State,6,2019,,,,1
00-0032208,Phillip Dorsett,LV,WR,practice_squad,DEV,13,1993-01-05,70,192,Miami,10,2015,1,29,IND,
00-0038891,Shedrick Jackson,LV,WR,practice_squad,DEV,4,1999-10-20,73,202,Auburn,2,2023,,,,
00-0038563,Tre Tucker,LV,WR,active,ACT,1,2001-03-08,68,185,Cincinnati,2,2023,3,100,LV,1
00-0036171,Aaron Brewer,MIA,C,active,ACT,55,1997-10-28,73,270,Texas State-San Marcos,5,2020,,,,1
00-0039485,Andrew Meyer,MIA,C,ir,RES,60,2000-01-14,75,302,Texas-El Paso,1,2024,,,,2
00-0033103,Artie Burns,MIA,CB,ir,RES,23,1995-05-01,72,197,Miami,9,2016,1,25,PIT,2
00-0039133,Cam Smith,MIA,CB,ir,RES,24,2000-12-21,73,188,South Carolina,2,2023,2,51,MIA,4
00-0034792,Cornell Armstrong,MIA,CB,practice_squad,DEV,38,1995-09-22,72,185,Southern Mississippi,7,2018,6,209,MIA,
00-0038684,Ethan Bonner,MIA,CB,active,INA,27,1999-10-23,73,190,Stanford,2,2023,,,,2
00-0039483,Isaiah Johnson,MIA,CB,practice_squad,DEV,37,2000-03-29,75,205,Syracuse; Dartmouth,1,2024,,,,
00-0038039,Jack Jones,MIA,CB,active,ACT,23,1997-12-20,71,170,Arizona State,3,2022,4,121,NE,1
00-0039805,Jason Maitre,MIA,CB,ir,RES,43,2000-02-01,70,188,Wisconsin; Boston College,1,2024,,,,3
00-0040178,Jason Marshall Jr.,MIA,CB,active,ACT,33,2002-09-06,72,200,Florida,0,2025,5,150,MIA,1
00-0039156,Julius Brents,MIA,CB,active,ACT,32,2000-01-18,75,202,Kansas State,2,2023,2,44,IND,3
00-0037353,Kader Kohou,MIA,CB,ir,RES,4,1998-11-28,70,187,East Texas A&M,3,2022,,,,4
00-0033551,Rasul Douglas,MIA,CB,active,ACT,26,1994-08-29,74,209,West Virginia; Nassau CC,8,2017,3,99,PHI,2
00-0039481,Storm Duck,MIA,CB,active,ACT,36,2000-12-15,72,200,Louisville,1,2024,,,,1
00-0040304,Alex Huntley,MIA,DT,practice_squad,DEV,96,2001-10-08,76,298,South Carolina,0,2025,,,,
00-0035841,Benito Jones,MIA,DT,active,ACT,95,1997-11-27,73,329,Mississippi,5,2020,,,,1
00-0040175,Jordan Phillips,MIA,DT,active,ACT,94,2004-06-30,75,320,Maryland; Tennessee,0,2025,5,143,MIA,
00-0040127,Kenneth Grant,MIA,DT,active,ACT,90,2003-10-27,75,339,Michigan,0,2025,1,13,MIA,2
00-0037280,Matthew Butler,MIA,DT,active,ACT,91,1999-06-10,75,290,Tennessee,3,2022,5,175,LV,3
00-0034285,Zach Sieler,MIA,DT,active,ACT,92,1995-09-07,78,290,Ferris State,7,2018,7,238,BAL,1
00-0040248,Zeek Biggers,MIA,DT,active,INA,93,2003-10-04,78,320,Georgia Tech,0,2025,7,253,MIA,3
00-0034832,Bradley Chubb,MIA,EDGE,active,ACT,2,1996-06-24,76,275,N.C. State,7,2018,1,5,DEN,1
00-0039911,Chop Robinson,MIA,EDGE,active,ACT,44,2003-01-02,75,254,Penn State; Maryland,1,2024,1,21,MIA,1
00-0039497,Derrick McLendon,MIA,EDGE,practice_squad,DEV,59,2000-09-29,76,255,Colorado; Florida State,1,2024,,,,
00-0032415,Matthew Judon,MIA,EDGE,active,ACT,8,1992-08-15,75,261,Grand Valley,9,2016,5,146,BAL,2
00-0035000,Quinton Bell,MIA,EDGE,practice_squad,DEV,56,1996-05-09,76,253,Prairie View A&M,6,2019,7,230,LV,
00-0035125,Alec Ingold,MIA,FB,active,ACT,30,1996-07-09,73,242,Wisconsin,6,2019,,,,1
00-0034794,Jason Sanders,MIA,K,ir,RES,7,1995-11-16,71,186,New Mexico,7,2018,7,229,MIA,2
00-0036816,Riley Patterson,MIA,K,active,ACT,47,1999-09-07,72,190,Memphis,4,2021,,,,1
00-0037315,Cameron Goode,MIA,LB,active,ACT,53,1998-04-15,75,240,California,3,2022,7,224,MIA,2
00-0036934,Jaelan Phillips,MIA,LB,active,ACT,15,1999-05-28,77,266,Miami,4,2021,1,18,MIA,1
00-0036409,Jordyn Brooks,MIA,LB,active,ACT,20,1997-10-21,72,245,Texas Tech,5,2020,1,27,SEA,1
00-0036643,K.J. Britt,MIA,LB,active,ACT,3,1999-06-04,72,228,Auburn,4,2021,5,176,TB,2
00-0035352,Tyrel Dodson,MIA,LB,active,ACT,25,1998-06-25,72,237,Texas A&M,6,2019,,,,1
00-0036362,Willie Gay Jr.,MIA,LB,active,ACT,40,1998-02-15,73,235,Mississippi State,5,2020,2,63,KC,2
00-0032228,Joe Cardona,MIA,LS,active,ACT,49,1992-04-16,74,245,Navy,10,2015,5,166,NE,1
00-0039010,Braeden Daniels,MIA,OG,practice_squad,DEV,66,2000-08-22,76,297,Utah,2,2023,4,118,WAS,
00-0033221,Daniel Brunskill,MIA,OG,active,ACT,64,1994-01-27,77,260,San Diego State,8,2017,,,,2
00-0034347,James Daniels,MIA,OG,active,ACT,78,1997-09-13,76,305,Iowa,7,2018,2,39,CHI,1
00-0040742,Jonah Savaiinaea,MIA,OG,active,ACT,72,2004-01-13,77,336,Arizona,0,2025,2,37,MIA,1
00-0040307,Josh Priebe,MIA,OG,practice_squad,DEV,68,2001-07-30,77,306,Michigan; Northwestern,0,2025,,,,
00-0037010,Liam Eichenberg,MIA,OG,ir,RES,74,1998-01-19,78,308,Notre Dame,4,2021,2,42,MIA,2
00-0036248,Austin Jackson,MIA,OT,active,ACT,73,1999-08-11,77,310,USC,5,2020,1,18,MIA,1
00-0032384,Germain Ifedi,MIA,OT,ir,RES,62,1994-06-02,77,325,Texas A&M,9,2016,1,31,SEA,4
00-0031921,Kendall Lamm,MIA,OT,active,INA,70,1992-06-05,77,310,Appalachian State,10,2015,,,,2
00-0036839,Kion Smith,MIA,OT,active,ACT,71,1998-10-07,77,295,Fayetteville State University,4,2021,,,,3
00-0036905,Larry Borom,MIA,OT,active,ACT,79,1999-03-30,77,332,Missouri,4,2021,5,151,CHI,2
00-0037440,Obinna Eze,MIA,OT,ir,RES,62,1998-06-12,78,315,TCU; Memphis,3,2022,,,,5
00-0039899,Patrick Paul,MIA,OT,active,ACT,52,2001-11-01,79,310,Houston,1,2024,2,55,MIA,1
00-0035252,Yodny Cajuste,MIA,OT,ir,RES,63,1996-02-21,77,310,West Virginia,6,2019,3,101,NE,3
00-0035280,Jake Bailey,MIA,P,active,ACT,16,1997-06-18,74,205,Stanford,6,2019,5,163,NE,1
00-0040234,Quinn Ewers,MIA,QB,active,INA,14,2003-03-15,74,210,Texas; Ohio State,0,2025,7,231,MIA,3
00-0036212,Tua Tagovailoa,MIA,QB,active,ACT,1,1998-03-02,73,218,Alabama,5,2020,1,5,MIA,1
00-0037013,Zach Wilson,MIA,QB,active,ACT,0,1999-08-03,74,208,BYU,4,2021,1,2,NYJ,2
00-0034972,Alexander Mattison,MIA,RB,ir,RES,8,1998-06-19,71,220,Boise State,6,2019,3,102,MIN,4
00-0039040,De'Von Achane,MIA,RB,active,ACT,28,2001-10-13,69,185,Texas A&M,2,2023,3,84,MIA,1
00-0035806,JaMycal Hasty,MIA,RB,practice_squad,DEV,37,1996-09-12,68,205,Baylor,5,2020,,,,
00-0039874,Jaylen Wright,MIA,RB,active,INA,5,2003-04-01,70,210,Tennessee,1,2024,4,120,MIA,2
00-0034115,Jeff Wilson,MIA,RB,active,ACT,34,1995-11-16,72,194,North Texas,7,2018,,,,
00-0040198,Ollie Gordon II,MIA,RB,active,ACT,31,2004-01-15,74,225,Oklahoma State,0,2025,6,179,MIA,3
00-0036329,Ashtyn Davis,MIA,S,active,ACT,21,1996-10-10,73,200,California,5,2020,3,68,NYJ,1
00-0040182,Dante Trader Jr.,MIA,S,active,ACT,11,2003-02-13,71,196,Maryland,0,2025,5,155,MIA,3
00-0034248,Elijah Campbell,MIA,S,active,ACT,22,1995-08-24,71,193,Northern Iowa,7,2018,,,,2
00-0036993,Ifeatu Melifonwu,MIA,S,active,ACT,9,1999-05-02,75,213,Syracuse,4,2021,3,101,DET,2
00-0040310,John Saunders Jr.,MIA,S,practice_squad,DEV,35,2001-10-24,74,210,Mississippi; Miami (Ohio),0,2025,,,,
00-0039480,Jordan Colbert,MIA,S,practice_squad,DEV,34,2000-03-18,74,215,Rhode Island,1,2024,,,,
00-0034789,Minkah Fitzpatrick,MIA,S,active,ACT,29,1996-11-17,73,207,Alabama,7,2018,1,11,MIA,1
00-0031610,Darren Waller,MIA,TE,active,INA,83,1992-09-13,78,255,Georgia Tech,10,2015,6,204,BAL,1
00-0037252,Greg Dulcich,MIA,TE,practice_squad,DEV,85,2000-03-26,76,250,UCLA,3,2022,3,80,DEN,
00-0039489,Hayden Rucci,MIA,TE,practice_squad,DEV,87,2001-01-27,77,253,Wisconsin,1,2024,,,,
00-0040301,Jalin Conyers,MIA,TE,ir,RES,47,2001-07-25,76,265,Texas Tech; Arizona State; Oklahoma,0,2025,,,,4
00-0038720,Julian Hill,MIA,TE,active,ACT,89,2000-07-09,76,250,Campbell University,2,2023,,,,2
00-0037348,Tanner Conner,MIA,TE,active,ACT,80,1998-03-20,75,223,Idaho State,3,2022,,,,3
00-0040302,A.J. Henning,MIA,WR,practice_squad,DEV,88,2001-09-09,70,192,Northwestern; Michigan,0,2025,,,,
00-0036620,Dee Eskridge,MIA,WR,active,ACT,82,1997-03-23,69,190,Western Michigan,4,2021,2,56,SEA,2
00-0036613,Jaylen Waddle,MIA,WR,active,ACT,17,1998-11-25,70,182,Alabama,4,2021,1,6,MIA,1
00-0039880,Malik Washington,MIA,WR,active,ACT,6,2000-10-20,68,194,Virginia; Northwestern,1,2024,6,184,MIA,1
00-0036182,Nick Westbrook-Ikhine,MIA,WR,active,ACT,18,1997-03-21,74,215,Indiana,5,2020,,,,2
00-0039884,Tahj Washington,MIA,WR,active,INA,84,2001-05-16,70,175,USC; Memphis,1,2024,7,241,MIA,2
00-0040311,Theo Wease Jr.,MIA,WR,practice_squad,DEV,81,2001-06-25,74,200,Missouri; Oklahoma,0,2025,,,,
00-0033040,Tyreek Hill,MIA,WR,active,ACT,10,1994-03-01,70,185,West Alabama; Garden City CC; Oklahoma State,9,2016,5,165,KC,1
00-0039419,Michael Jurgens,MIN,C,active,ACT,65,2000-01-01,76,311,Wake Forest,1,2024,7,230,MIN,2
00-0032383,Ryan Kelly,MIN,C,active,ACT,78,1993-05-30,76,309,Alabama,9,2016,1,18,IND,1
00-0040497,Zeke Correll,MIN,C,ir,RES,63,2000-11-10,75,306,N.C. State,0,2025,,,,3
00-0035236,Byron Murphy,MIN,CB,active,ACT,7,1998-01-18,71,190,Washington,6,2019,2,33,ARI,1
00-0039714,Dwight McGlothern,MIN,CB,active,ACT,6,2002-02-06,74,188,Arkansas,1,2024,,,,2
00-0033918,Fabian Moreau,MIN,CB,practice_squad,DEV,23,1994-04-09,72,204,UCLA,8,2017,3,81,WAS,
00-0036222,Isaiah Rodgers,MIN,CB,active,ACT,2,1998-01-07,70,170,UMass Amherst,5,2020,6,211,IND,1
00-0036274,Jeff Okudah,MIN,CB,active,ACT,8,1999-02-02,73,200,Ohio State,5,2020,1,3,DET,2
00-0034488,Tavierre Thomas,MIN,CB,active,ACT,37,1996-03-11,70,205,Ferris State,7,2018,,,,1
00-0040507,Zemaiah Vaughn,MIN,CB,practice_squad,DEV,34,2002-04-02,75,187,Utah,0,2025,,,,
00-0040508,Alex Williams,MIN,DT,ir,RES,99,2000-01-20,79,291,Middle Tennessee State; Vanderbilt; Ohio State,0,2025,,,,2
00-0040624,Elijah Williams,MIN,DT,active,INA,99,2002-09-09,75,270,Morgan State,0,2025,,,,3
00-0038778,Jalen Redmond,MIN,DT,active,ACT,61,1999-03-12,75,292,Oklahoma,2,2023,,,,1
00-0033109,Javon Hargrave,MIN,DT,active,ACT,97,1993-02-07,74,305,South Carolina State,9,2016,3,89,PIT,1
00-0033523,Jonathan Allen,MIN,DT,active,ACT,93,1995-01-16,75,300,Alabama,8,2017,1,17,WAS,1
00-0035073,Jonathan Harris,MIN,DT,practice_squad,DEV,92,1996-08-04,77,295,Lindenwood,6,2019,,,,
00-0039421,Levi Drake Rodriguez,MIN,DT,active,ACT,50,2000-08-04,74,290,East Texas A&M,1,2024,7,232,MIN,2
00-0039720,Taki Taimani,MIN,DT,practice_squad,DEV,94,1999-10-06,73,330,Oregon; Washington,1,2024,,,,
00-0040173,Tyrion Ingram-Dawkins,MIN,DT,active,ACT,90,2003-06-26,77,280,Georgia,0,2025,5,139,MIN,2
00-0035272,Andrew Van Ginkel,MIN,EDGE,active,ACT,43,1995-07-01,76,242,Wisconsin; Iowa Western CC; South Dakota,6,2019,5,151,MIA,1
00-0039718,Bo Richter,MIN,EDGE,active,ACT,98,2000-08-13,73,250,Air Force,1,2024,,,,3
00-0040496,Chaz Chambliss,MIN,EDGE,active,ACT,57,2002-10-25,73,250,Georgia,0,2025,,,,4
00-0039924,Dallas Turner,MIN,EDGE,active,ACT,15,2003-02-02,75,252,Alabama,1,2024,1,17,MIN,2
00-0039715,Gabriel Murphy,MIN,EDGE,practice_squad,DEV,59,2000-10-13,74,260,UCLA; North Texas,1,2024,,,,
00-0036224,Jonathan Greenard,MIN,EDGE,active,ACT,58,1997-05-25,75,259,Florida; Louisville,5,2020,3,90,HOU,1
00-0040492,Tyler Batty,MIN,EDGE,ir,RES,96,1999-05-02,77,275,BYU,0,2025,,,,2
00-0032918,C.J. Ham,MIN,FB,ir,RES,30,1993-07-22,71,235,Augustana (SD),9,2016,,,,1
00-0039404,Will Reichard,MIN,K,active,ACT,16,2001-01-09,73,194,Alabama,1,2024,6,203,MIN,1
00-0040501,Austin Keys,MIN,LB,active,ACT,56,2002-04-03,74,247,Auburn; Mississippi,0,2025,,,,3
00-0035276,Blake Cashman,MIN,LB,active,ACT,51,1996-05-10,73,235,Minnesota,6,2019,5,157,NYJ,1
00-0033336,Eric Wilson,MIN,LB,active,ACT,55,1994-09-26,73,230,Cincinnati; Northwestern,8,2017,,,,2
00-0038807,Ivan Pace Jr.,MIN,LB,active,ACT,0,2000-12-16,70,235,Cincinnati; Miami (Ohio),2,2023,,,,1
00-0040214,Kobe King,MIN,LB,active,ACT,41,2003-01-28,73,248,Penn State,0,2025,6,201,MIN,2
00-0029714,Andrew DePaola,MIN,LS,active,ACT,42,1987-07-28,73,230,Rutgers,13,2012,,,,1
00-0036347,Blake Brandel,MIN,OG,active,ACT,64,1997-01-23,79,307,Oregon State,5,2020,6,203,MIN,2
00-0040661,Donovan Jackson,MIN,OG,active,ACT,74,2002-12-04,76,320,Ohio State,0,2025,1,24,MIN,1
00-0038785,Henry Byrd,MIN,OG,practice_squad,DEV,68,1999-07-01,77,310,Princeton,2,2023,,,,
00-0040500,Joe Huber,MIN,OG,active,INA,60,2002-05-02,77,310,Wisconsin,0,2025,,,,3
00-0040712,Vershon Lee,MIN,OG,practice_squad,DEV,66,2001-12-07,76,310,South Carolina,0,2025,,,,
00-0036483,Will Fries,MIN,OG,active,ACT,76,1998-04-04,78,306,Penn State,4,2021,7,248,IND,1
00-0034158,Brian O'Neill,MIN,OT,active,ACT,75,1995-09-15,79,297,Pittsburgh,7,2018,2,62,MIN,1
00-0036616,Christian Darrisaw,MIN,OT,active,INA,71,1999-06-02,77,314,Virginia Tech,4,2021,1,23,MIN,1
00-0034989,Justin Skule,MIN,OT,active,ACT,67,1996-11-23,78,318,Vanderbilt,6,2019,6,183,SF,2
00-0035328,Matt Nelson,MIN,OT,ir,RES,69,1995-12-19,79,299,Iowa,6,2019,,,,3
00-0036605,Max Pircher,MIN,OT,practice_squad,DEV,63,1999-09-07,79,315,,4,2021,,,,
00-0039828,Walter Rouse,MIN,OT,active,ACT,73,2001-03-09,78,323,Oklahoma; Stanford,1,2024,6,177,MIN,2
00-0037500,Ryan Wright,MIN,P,active,ACT,17,2000-06-01,75,245,Tulane,3,2022,,,,1
00-0032950,Carson Wentz,MIN,QB,active,ACT,11,1992-12-30,77,237,North Dakota State,9,2016,1,2,PHI,2
00-0039923,J.J. McCarthy,MIN,QB,active,ACT,9,2003-01-20,75,202,Michigan,1,2024,1,10,MIN,1
00-0040494,Max Brosmer,MIN,QB,active,INA,12,2001-03-28,74,225,Minnesota; New Hampshire,0,2025,,,,3
00-0033293,Aaron Jones,MIN,RB,active,ACT,33,1994-12-02,69,208,Texas-El Paso,8,2017,5,182,GB,1
00-0037525,Jordan Mason,MIN,RB,active,ACT,27,1999-05-24,71,218,Georgia Tech,3,2022,,,,2
00-0037276,Ty Chandler,MIN,RB,active,ACT,32,1998-05-12,71,210,North Carolina,3,2022,5,169,MIN,3
00-0038727,Xazavian Valladay,MIN,RB,practice_squad,DEV,35,1998-07-03,72,200,Arizona State; Wyoming,2,2023,,,,
00-0038440,Zavier Scott,MIN,RB,active,INA,36,1999-07-17,73,207,Maine,2,2023,,,,4
00-0029606,Harrison Smith,MIN,S,active,INA,22,1989-02-02,74,214,Notre Dame,13,2012,1,29,MIN,1
00-0038578,Jay Ward,MIN,S,active,ACT,24,2000-07-13,73,188,LSU,2,2023,4,134,MIN,2
00-0036348,Josh Metellus,MIN,S,active,ACT,44,1998-01-21,71,210,Michigan,5,2020,6,205,MIN,1
00-0036395,K'Von Wallace,MIN,S,practice_squad,DEV,20,1997-07-25,71,208,Clemson,5,2020,4,127,PHI,
00-0038523,Kahlef Hailassie,MIN,S,practice_squad,DEV,25,2000-11-09,73,200,Western Kentucky; Oregon,2,2023,,,,
00-0037301,Theo Jackson,MIN,S,active,ACT,26,1998-10-02,73,203,Tennessee,3,2022,6,204,TEN,2
00-0040509,Ben Yurosek,MIN,TE,active,ACT,85,2002-03-17,76,242,Georgia; Stanford,0,2025,,,,
00-0040504,Bryson Nesbit,MIN,TE,practice_squad,DEV,83,2002-09-25,77,235,North Carolina,0,2025,,,,
00-0040215,Gavin Bartholomew,MIN,TE,ir,RES,86,2003-04-30,77,250,Pittsburgh,0,2025,6,202,MIN,3
00-0035249,Josh Oliver,MIN,TE,active,ACT,84,1997-03-21,77,250,San Jose State,6,2019,3,69,JAX,2
00-0032394,Nick Vannett,MIN,TE,practice_squad,DEV,45,1993-03-06,78,261,Ohio State,9,2016,3,94,SEA,
00-0035229,T.J. Hockenson,MIN,TE,active,ACT,87,1997-07-03,77,248,Iowa,6,2019,1,8,DET,1
00-0030035,Adam Thielen,MIN,WR,active,ACT,19,1990-08-22,74,200,Minnesota State,12,2013,,,,1
00-0040498,Dontae Fleming,MIN,WR,practice_squad,DEV,89,2001-11-28,74,180,Tulane,0,2025,,,,
00-0037291,Jalen Nailor,MIN,WR,active,ACT,1,1999-03-02,71,191,Michigan State,3,2022,6,191,MIN,2
00-0039710,Jeshaun Jones,MIN,WR,practice_squad,DEV,82,1999-12-22,73,185,Maryland,1,2024,,,,
00-0038994,Jordan Addison,MIN,WR,ir,RES,3,2002-01-27,71,175,USC; Pittsburgh,2,2023,1,23,MIN,1
00-0036322,Justin Jefferson,MIN,WR,active,ACT,18,1999-06-16,73,192,LSU,5,2020,1,22,MIN,1
00-0038181,Lucky Jackson,MIN,WR,practice_squad,DEV,81,1997-07-17,72,185,Western Kentucky,5,2020,,,,
00-0040506,Myles Price,MIN,WR,active,ACT,4,2001-12-16,69,183,Indiana; Texas Tech,0,2025,,,,2
00-0036936,Rondale Moore,MIN,WR,ir,RES,4,2000-06-09,67,180,Purdue,4,2021,2,49,ARI,3
00-0040154,Tai Felton,MIN,WR,active,ACT,13,2003-03-15,73,186,Maryland,0,2025,3,102,MIN,2
00-0036497,Tim Jones,MIN,WR,active,ACT,14,1998-05-15,73,202,Southern Mississippi,4,2021,,,,
00-0037413,Ben Brown,NE,C,active,ACT,77,1998-05-19,77,315,Mississippi,3,2022,,,,2
00-0035588,Garrett Bradbury,NE,C,active,ACT,65,1995-06-20,75,305,N.C. State,6,2019,1,18,MIN,1
00-0038646,Alex Austin,NE,CB,active,ACT,28,2001-05-22,73,191,Oregon State,2,2023,7,252,BUF,2
00-0034778,Carlton Davis III,NE,CB,active,ACT,7,1996-12-31,73,206,Auburn,7,2018,2,63,TB,1
00-0039770,Charles Woods,NE,CB,active,INA,22,2000-06-17,71,191,SMU; West Virginia; Illinois State,1,2024,,,,2
00-0039147,Christian Gonzalez,NE,CB,active,INA,0,2002-06-28,73,201,Oregon,2,2023,1,17,NE,1
00-0035633,Corey Ballentine,NE,CB,active,ACT,39,1996-04-13,72,196,Washburn,6,2019,6,180,NYG,
00-0040716,Craig Woodson,NE,CB,active,ACT,31,2001-02-20,72,210,California,0,2025,4,106,NE,2
00-0039800,DJ James,NE,CB,active,ACT,30,2001-03-05,72,164,Auburn; Oregon,1,2024,6,192,SEA,3
00-0040252,Kobee Minor,NE,CB,practice_squad,DEV,19,2002-07-08,71,190,Memphis; Indiana; Texas Tech,0,2025,7,257,NE,
00-0039390,Marcellas Dial Jr.,NE,CB,ir,RES,27,2000-12-06,72,195,South Carolina; Georgia Military,1,2024,6,180,NE,3
00-0037253,Marcus Jones,NE,CB,active,ACT,25,1998-10-22,68,185,Houston; Troy,3,2022,3,85,NE,1
00-0039312,Miles Battle,NE,CB,practice_squad,DEV,35,2000-01-04,75,205,Utah; Mississippi,1,2024,,,,
00-0036981,Christian Barmore,NE,DT,active,ACT,90,1999-07-28,77,310,Alabama,4,2021,2,38,NE,1
00-0038653,Cory Durden,NE,DT,active,ACT,94,1999-01-26,76,305,N.C. State; Florida State,2,2023,,,,
00-0039938,David Olajiga,NE,DT,practice_squad,DEV,96,1997-11-03,75,270,Central Missouri; Butler County JC,1,2024,,,,
00-0040371,Eric Gregory,NE,DT,active,INA,55,2000-09-13,75,318,Arkansas,0,2025,,,,2
00-0039319,Fabien Lovett Sr.,NE,DT,practice_squad,DEV,72,1999-12-05,75,310,Florida State; Mississippi State,1,2024,,,,
00-0039644,Isaiah Iton,NE,DT,ir,RES,68,2001-08-23,74,290,Rutgers; Hutchinson CC,1,2024,,,,
00-0038584,Jaquelin Roy,NE,DT,ir,RES,94,2000-10-22,75,315,LSU,2,2023,5,141,MIN,3
00-0040171,Joshua Farmer,NE,DT,active,ACT,92,2003-01-17,75,318,Florida State,0,2025,4,137,NE,2
00-0036909,Khyiris Tonga,NE,DT,active,ACT,95,1996-07-07,74,340,BYU,4,2021,7,250,CHI,1
00-0036916,Milton Williams,NE,DT,active,ACT,97,1999-04-06,75,278,Louisiana Tech,4,2021,3,73,PHI,1
00-0036193,Anfernee Jennings,NE,EDGE,active,INA,33,1997-05-01,75,259,Alabama,5,2020,3,87,NE,2
00-0040176,Bradyn Swinson,NE,EDGE,practice_squad,DEV,43,2002-07-04,76,250,LSU; Oregon,0,2025,5,146,NE,
00-0040574,Elijah Ponder,NE,EDGE,active,ACT,91,2002-08-24,75,245,Cal Poly (San Luis Obispo),0,2025,,,,3
00-0034828,Harold Landry III,NE,EDGE,active,ACT,2,1996-06-05,74,250,Boston College,7,2018,2,41,TEN,1
00-0036286,K'Lavon Chaisson,NE,EDGE,active,ACT,44,1999-07-25,75,250,LSU,5,2020,1,20,JAX,2
00-0039148,Keion White,NE,EDGE,active,ACT,99,1999-01-20,77,286,Georgia Tech; Old Dominion,2,2023,2,46,NE,1
00-0038514,Truman Jones,NE,EDGE,practice_squad,DEV,54,2000-05-13,75,242,Harvard,2,2023,,,,
00-0039305,Jack Westover,NE,FB,active,ACT,37,1999-06-09,74,248,Washington,1,2024,,,,1
00-0040200,Andy Borregales,NE,K,active,ACT,36,2003-01-02,71,170,Miami,0,2025,6,182,NE,1
00-0036813,Christian Elliss,NE,LB,active,ACT,53,1999-01-02,74,233,Idaho,4,2021,,,,1
00-0035157,Darius Harris,NE,LB,practice_squad,DEV,47,1996-01-17,74,238,Middle Tennessee State,6,2019,,,,
00-0037596,Jack Gibbens,NE,LB,active,ACT,51,1998-11-24,75,245,Minnesota; Abilene Christian,3,2022,,,,2
00-0035240,Jahlani Tavai,NE,LB,ir,RES,48,1996-09-28,74,250,Hawaii,6,2019,2,43,DET,3
00-0037316,Mark Robinson,NE,LB,active,ACT,46,1999-08-14,71,235,Mississippi,3,2022,7,225,PIT,
00-0039054,Marte Mapu,NE,LB,active,ACT,15,1999-11-08,75,216,Sacramento State,2,2023,3,76,NE,2
00-0034720,Robert Spillane,NE,LB,active,ACT,14,1995-12-14,73,229,Western Michigan,7,2018,,,,1
00-0040246,Julian Ashby,NE,LS,active,ACT,47,2002-07-08,73,221,Vanderbilt; Furman,0,2025,7,251,NE,1
00-0036636,Brenden Jaimes,NE,OG,practice_squad,DEV,66,1999-05-28,77,300,Nebraska,4,2021,5,159,LAC,
00-0040147,Jared Wilson,NE,OG,active,ACT,58,2003-06-05,75,310,Georgia,0,2025,3,95,NE,1
00-0039887,Layden Robinson,NE,OG,ir,RES,64,2001-05-03,75,315,Texas A&M,1,2024,4,103,NE,2
00-0040593,Mehki Butler,NE,OG,practice_squad,DEV,63,2001-04-03,75,320,Arkansas State; Iowa Western CC,0,2025,,,,
00-0036198,Mike Onwenu,NE,OG,active,ACT,71,1997-12-10,75,350,Michigan,5,2020,6,182,NE,1
00-0035881,Yasir Durant,NE,OG,ir,RES,72,1998-05-21,78,330,Missouri; Arizona Western,5,2020,,,,2
00-0039863,Caedan Wallace,NE,OT,active,INA,70,2000-04-18,77,328,Penn State; West Virginia,1,2024,3,68,NE,3
00-0040226,Marcus Bryant,NE,OT,active,ACT,52,2002-06-22,79,317,Missouri; SMU,0,2025,7,220,NE,2
00-0031330,Morgan Moses,NE,OT,active,ACT,76,1991-03-03,78,330,Virginia,11,2014,3,66,WAS,1
00-0037322,Thayer Munford Jr.,NE,OT,practice_squad,DEV,74,1999-09-18,77,315,Ohio State,3,2022,7,238,LV,
00-0037287,Vederian Lowe,NE,OT,active,ACT,59,1999-04-17,77,320,Illinois,3,2022,6,184,MIN,2
00-0040699,Will Campbell,NE,OT,active,ACT,66,2004-01-06,78,323,LSU,0,2025,1,4,NE,1
00-0038610,Bryce Baringer,NE,P,active,ACT,17,1999-04-26,74,215,Michigan State; Illinois,2,2023,6,192,NE,1
00-0039851,Drake Maye,NE,QB,active,ACT,10,2002-08-30,76,225,North Carolina,1,2024,1,3,NE,1
00-0033949,Joshua Dobbs,NE,QB,active,ACT,11,1995-01-26,75,216,Tennessee,8,2017,4,135,PIT,2
00-0038476,Tommy DeVito,NE,QB,active,INA,16,1998-08-07,74,210,Illinois; Syracuse,2,2023,,,,3
00-0036328,Antonio Gibson,NE,RB,active,ACT,4,1998-06-23,72,221,Memphis; East Central JC,5,2020,3,66,WAS,3
00-0040567,Brock Lampe,NE,RB,ir,RES,46,2003-03-31,73,252,Northern Illinois,0,2025,,,,2
00-0038518,Deneric Prince,NE,RB,ir,RES,35,2000-04-11,72,219,Tulsa; Texas A&M,2,2023,,,,5
00-0040568,Lan Larison,NE,RB,ir,RES,34,2001-10-11,71,215,UC Davis,0,2025,,,,4
00-0036875,Rhamondre Stevenson,NE,RB,active,ACT,38,1998-02-23,72,246,Oklahoma; Cerritos College,4,2021,4,120,NE,1
00-0039757,Terrell Jennings,NE,RB,practice_squad,DEV,26,2001-01-03,72,225,Florida A&M,1,2024,,,,
00-0040734,TreVeyon Henderson,NE,RB,active,ACT,32,2002-10-22,70,212,Ohio State,0,2025,2,38,NE,2
00-0037205,Brenden Schooler,NE,S,active,ACT,41,1997-05-30,73,206,Texas; Arizona; Oregon,3,2022,,,,3
00-0039692,Dell Pettus,NE,S,active,ACT,24,2001-06-02,71,205,Troy,1,2024,,,,1
00-0036302,Jaylinn Hawkins,NE,S,active,ACT,21,1997-08-27,73,210,California,5,2020,4,134,ATL,1
00-0036231,Kyle Dugger,NE,S,active,ACT,23,1996-03-22,73,216,Lenoir Rhyne,5,2020,2,37,NE,2
00-0032392,Austin Hooper,NE,TE,active,ACT,81,1994-10-29,76,254,Stanford,9,2016,3,81,ATL,2
00-0040566,CJ Dippre,NE,TE,practice_squad,DEV,82,2002-04-29,77,262,Alabama; Maryland,0,2025,,,,
00-0033090,Hunter Henry,NE,TE,active,ACT,85,1994-12-07,77,250,Arkansas,9,2016,2,35,LAC,1
00-0038621,DeMario Douglas,NE,WR,active,ACT,3,2000-12-08,68,170,Liberty,2,2023,6,210,NE,1
00-0040563,Efton Chism III,NE,WR,active,INA,86,2001-10-26,70,200,Eastern Washington,0,2025,,,,2
00-0039907,Ja'Lynn Polk,NE,WR,ir,RES,1,2002-04-11,73,204,Washington; Texas Tech,1,2024,2,37,NE,3
00-0040570,Jeremiah Webb,NE,WR,practice_squad,DEV,29,2001-05-17,71,196,South Alabama; South Dakota,0,2025,,,,
00-0039505,John Jiles,NE,WR,practice_squad,DEV,83,2000-07-08,75,205,University of West Florida,1,2024,,,,
00-0038608,Kayshon Boutte,NE,WR,active,ACT,9,2002-05-07,71,205,LSU,2,2023,6,187,NE,1
00-0040131,Kyle Williams,NE,WR,active,ACT,18,2002-11-13,71,190,Washington State,0,2025,3,69,NE,2
00-0033555,Mack Hollins,NE,WR,active,ACT,13,1993-09-16,76,221,North Carolina,8,2017,4,118,PHI,2
00-0031588,Stefon Diggs,NE,WR,active,ACT,8,1993-11-29,72,191,Maryland,10,2015,5,146,MIN,1
00-0035242,Erik McCoy,NO,C,active,ACT,78,1997-08-27,76,315,Texas A&M,6,2019,2,48,NO,1
00-0037814,Luke Fortner,NO,C,active,ACT,79,1998-05-15,76,300,Kentucky,3,2022,3,65,JAX,2
00-0034436,Will Clapp,NO,C,ir,RES,76,1995-12-10,77,311,LSU,7,2018,7,245,NO,3
00-0038121,Alontae Taylor,NO,CB,active,ACT,1,1998-12-03,73,195,Tennessee,3,2022,2,49,NO,1
00-0040535,Dalys Beanum,NO,CB,practice_squad,DEV,37,2002-10-12,73,200,South Dakota State,0,2025,,,,
00-0034780,Isaac Yiadom,NO,CB,active,ACT,27,1996-02-20,73,190,Boston College,7,2018,3,99,DEN,1
00-0039725,Jayden Price,NO,CB,practice_squad,DEV,38,2000-04-05,71,184,North Dakota State,1,2024,,,,
00-0039860,Kool-Aid McKinstry,NO,CB,active,ACT,4,2002-09-30,71,195,Alabama,1,2024,2,41,NO,1
00-0040166,Quincy Riley,NO,CB,active,ACT,29,2001-05-26,71,185,Louisville; Middle Tennessee State,0,2025,4,131,NO,2
00-0038781,Rejzohn Wright,NO,CB,active,ACT,25,2000-09-04,74,200,Oregon State,2,2023,,,,2
00-0035142,Ugo Amadi,NO,CB,active,ACT,0,1997-05-16,69,201,Oregon,6,2019,4,132,SEA,2
00-0038995,Bryan Bresee,NO,DT,active,ACT,90,2001-10-06,77,300,Clemson,2,2023,1,29,NO,1
00-0040088,Coziah Izzard,NO,DT,practice_squad,DEV,59,2001-11-06,75,305,Penn State,0,2025,,,,
00-0033860,Davon Godchaux,NO,DT,active,ACT,92,1994-11-11,75,311,LSU,8,2017,5,178,MIA,1
00-0038693,Garrett Nelson,NO,DT,practice_squad,DEV,59,2000-03-01,76,245,Nebraska,2,2023,,,,
00-0037283,John Ridgeway,NO,DT,ir,RES,95,1999-05-07,77,320,Arkansas; Illinois State,3,2022,5,178,DAL,4
00-0035944,Jonah Williams,NO,DT,active,ACT,54,1995-08-17,77,275,Weber State,5,2020,,,CIN,
00-0033093,Jonathan Bullard,NO,DT,active,ACT,98,1993-10-22,75,296,Florida,9,2016,3,72,CHI,2
00-0039401,Khristian Boyd,NO,DT,active,INA,97,2000-02-23,74,305,Northern Iowa,1,2024,6,199,NO,2
00-0034760,Nathan Shepherd,NO,DT,active,ACT,93,1993-10-09,76,315,Fort Hays; Simon Fraser,7,2018,3,72,NYJ,2
00-0040642,Vernon Broughton,NO,DT,active,INA,91,2001-07-15,77,305,Texas,0,2025,3,71,NO,3
00-0027962,Cameron Jordan,NO,EDGE,active,ACT,94,1989-07-10,76,287,California,14,2011,1,24,NO,1
00-0035402,Carl Granderson,NO,EDGE,active,ACT,96,1996-12-18,77,261,Wyoming,6,2019,,,,1
00-0036321,Chase Young,NO,EDGE,active,INA,99,1999-04-14,77,265,Ohio State,5,2020,1,2,WAS,1
00-0036867,Chris Rumph II,NO,EDGE,active,ACT,58,1998-10-19,74,235,Duke,4,2021,4,118,LAC,2
00-0038782,Eku Leota,NO,EDGE,practice_squad,DEV,55,1999-05-11,76,257,Auburn,2,2023,,,,
00-0040249,Fadil Diggs,NO,EDGE,active,ACT,40,2001-10-15,77,260,Syracuse; Texas A&M,0,2025,7,254,NO,
00-0038905,Blake Grupe,NO,K,active,ACT,19,1998-11-05,67,156,Notre Dame; Arkansas State,2,2023,,,,1
00-0039229,Charlie Smyth,NO,K,practice_squad,DEV,39,2001-06-26,76,210,,1,2024,,,,
00-0040155,Danny Stutsman,NO,LB,active,ACT,28,2003-03-10,75,236,Oklahoma,0,2025,4,112,NO,2
00-0029607,Demario Davis,NO,LB,active,ACT,56,1989-01-11,74,248,Arkansas State,13,2012,3,77,NYJ,1
00-0039622,Isaiah Stalbird,NO,LB,active,ACT,44,2000-07-18,73,215,South Dakota State,1,2024,,,,3
00-0039388,Jaylan Ford,NO,LB,active,ACT,53,2001-11-28,74,234,Texas,1,2024,5,175,NO,2
00-0037544,Nephi Sewell,NO,LB,practice_squad,DEV,45,1998-12-19,72,228,Utah,3,2022,,,,
00-0036927,Pete Werner,NO,LB,active,ACT,20,1999-06-05,75,242,Ohio State,4,2021,2,60,NO,1
00-0033063,Zach Wood,NO,LS,active,ACT,49,1993-01-10,75,255,SMU,9,2016,,,,1
00-0036408,Cesar Ruiz,NO,OG,active,ACT,51,1999-06-14,76,319,Michigan,5,2020,1,24,NO,1
00-0036619,Dillon Radunz,NO,OG,active,ACT,77,1998-03-28,78,299,North Dakota State,4,2021,2,53,TEN,2
00-0038566,Nick Saldiveri,NO,OG,ir,RES,64,2000-08-14,78,316,Old Dominion,2,2023,4,103,NO,4
00-0040541,Torricelli Simpkins III,NO,OG,active,ACT,68,2002-06-06,77,319,South Carolina; North Carolina Central,0,2025,,,,3
00-0037241,Trevor Penning,NO,OG,active,INA,70,1999-05-15,79,321,Northern Iowa,3,2022,1,19,NO,1
00-0038601,Asim Richards,NO,OT,active,ACT,72,2000-10-02,76,315,North Carolina,2,2023,5,169,DAL,2
00-0038304,Barry Wesley,NO,OT,ir,RES,69,1999-07-14,79,310,Colorado State,3,2022,,,,3
00-0040539,Easton Kilty,NO,OT,practice_squad,DEV,73,2002-05-01,78,307,Kansas State; North Dakota,0,2025,,,,
00-0040125,Kelvin Banks Jr.,NO,OT,active,ACT,71,2004-03-10,77,320,Texas,0,2025,1,9,NO,1
00-0036930,Landon Young,NO,OT,ir,RES,67,1997-08-21,79,305,Kentucky,4,2021,6,206,NO,4
00-0039339,Taliese Fuaga,NO,OT,active,ACT,75,2002-04-05,78,334,Oregon State,1,2024,1,14,NO,1
00-0040451,Xavier Truss,NO,OT,active,INA,74,2001-07-13,79,309,Georgia,0,2025,,,,2
00-0040654,Kai Kroeger,NO,P,active,ACT,32,2002-06-11,76,213,South Carolina,0,2025,,,,1
00-0040656,Hunter Dekkers,NO,QB,practice_squad,DEV,18,2001-07-04,74,215,Iowa Western CC; Iowa State,0,2025,,,,
00-0039376,Spencer Rattler,NO,QB,active,ACT,2,2000-09-28,72,218,South Carolina; Oklahoma,1,2024,5,150,NO,1
00-0033357,Taysom Hill,NO,QB,ir,RES,7,1990-08-23,74,221,BYU,8,2017,,,,3
00-0040743,Tyler Shough,NO,QB,active,ACT,6,1999-09-28,77,225,Louisville; Texas Tech; Oregon,0,2025,2,40,NO,2
00-0033906,Alvin Kamara,NO,RB,active,ACT,41,1995-07-25,70,215,Tennessee; Hutchinson CC; Alabama,8,2017,3,67,NO,1
00-0040202,Devin Neal,NO,RB,active,ACT,24,2003-08-12,71,215,Kansas,0,2025,6,184,NO,3
00-0038551,Kendre Miller,NO,RB,active,ACT,5,2002-06-11,72,220,TCU,2,2023,3,71,NO,2
00-0037745,Velus Jones Jr.,NO,RB,active,ACT,13,1997-05-11,72,200,Tennessee; USC,3,2022,3,71,CHI,4
00-0040537,Elliott Davison,NO,S,practice_squad,DEV,35,2001-12-19,72,190,Texas-San Antonio,0,2025,,,,
00-0040643,Jonas Sanker,NO,S,active,ACT,33,2001-11-23,73,210,Virginia,0,2025,3,93,NO,2
00-0038588,Jordan Howden,NO,S,active,INA,31,2000-05-14,72,210,Minnesota,2,2023,5,146,NO,2
00-0036253,Julian Blackmon,NO,S,active,ACT,23,1998-08-24,72,204,Utah,5,2020,3,85,IND,1
00-0034361,Justin Reid,NO,S,active,ACT,21,1997-02-15,73,204,Stanford,7,2018,3,68,HOU,1
00-0036421,Terrell Burgess,NO,S,practice_squad,DEV,24,1997-08-18,71,198,Utah,5,2020,3,104,LA,
00-0034981,Foster Moreau,NO,TE,ir,RES,87,1997-05-06,76,250,LSU,6,2019,4,137,LV,4
00-0036741,Jack Stoll,NO,TE,active,ACT,88,1998-01-28,76,260,Nebraska,4,2021,,,,
00-0036040,Juwan Johnson,NO,TE,active,ACT,83,1996-09-13,76,231,Oregon; Penn State,5,2020,,,,1
00-0039702,Mason Pline,NO,TE,ir,RES,85,2000-02-05,79,260,Furman; Ferris State,1,2024,,,,5
00-0040244,Moliki Matavao,NO,TE,active,ACT,80,2003-03-17,80,263,UCLA,0,2025,7,248,NO,2
00-0039518,Treyton Welch,NO,TE,practice_squad,DEV,82,2001-01-10,76,241,Wyoming,1,2024,,,,
00-0031236,Brandin Cooks,NO,WR,active,ACT,10,1993-09-25,70,183,Oregon State,11,2014,1,20,NO,1
00-0039386,Bub Means,NO,WR,ir,RES,16,2001-01-10,74,215,Pittsburgh; Louisiana Tech,1,2024,5,170,NO,3
00-0034418,Cedrick Wilson Jr.,NO,WR,practice_squad,DEV,11,1995-11-20,74,188,Boise State; Coffeyville CC,7,2018,6,208,DAL,
00-0037239,Chris Olave,NO,WR,active,ACT,12,2000-06-27,72,185,Ohio State,3,2022,1,11,NO,1
00-0039424,Devaughn Vele,NO,WR,active,ACT,14,1997-12-12,77,210,Utah,1,2024,7,235,DEN,2
00-0037231,Kevin Austin Jr.,NO,WR,practice_squad,DEV,81,2000-03-30,74,215,Notre Dame,3,2022,,,,
00-0039623,Mason Tipton,NO,WR,active,ACT,15,2000-09-27,71,187,Yale,1,2024,,,,2
00-0037545,Rashid Shaheed,NO,WR,active,ACT,22,1998-08-31,72,180,Weber State,3,2022,,,,1
00-0040220,Tommy Mellott,NO,WR,practice_squad,DEV,84,2001-10-16,72,208,Montana State,0,2025,6,213,LV,
00-0039052,Trey Palmer,NO,WR,active,INA,17,2001-04-02,73,190,Nebraska; LSU,2,2023,6,191,TB,2
00-0034112,Austin Schlottmann,NYG,C,active,ACT,65,1995-09-18,78,300,TCU,7,2018,,,,2
00-0039446,Bryan Hudson,NYG,C,practice_squad,DEV,60,2001-01-11,77,305,Louisville,1,2024,,,,
00-0039019,John Michael Schmitz,NYG,C,active,ACT,61,1999-04-19,76,320,Minnesota,2,2023,2,57,NYG,1
00-0039821,Andru Phillips,NYG,CB,active,ACT,22,2001-11-30,71,180,Kentucky,1,2024,3,70,NYG,1
00-0038788,Art Green,NYG,CB,active,ACT,23,2000-04-29,74,200,Houston,2,2023,,,,2
00-0037758,Cordale Flott,NYG,CB,active,ACT,28,2001-08-24,73,170,LSU,3,2022,3,81,NYG,2
00-0039306,Dee Williams,NYG,CB,practice_squad,DEV,33,1999-12-06,70,194,Tennessee,1,2024,,,,
00-0039000,Deonte Banks,NYG,CB,active,ACT,2,2001-04-03,74,205,Maryland,2,2023,1,24,NYG,1
00-0038986,Nic Jones,NYG,CB,active,ACT,31,2001-10-15,72,185,Ball State,2,2023,7,250,KC,2
00-0036937,Paulson Adebo,NYG,CB,active,ACT,21,1999-07-03,73,193,Stanford,4,2021,3,76,NO,1
00-0039620,Rico Payton,NYG,CB,ir,RES,35,1999-11-28,72,182,Pittsburg State (KS); Southern Illinois,1,2024,,,,3
00-0040620,TJ Moore,NYG,CB,ir,RES,30,2001-12-15,72,185,Mercer,0,2025,,,,3
00-0038403,Tre Hawkins III,NYG,CB,ir,RES,37,2000-08-01,75,195,Old Dominion,2,2023,6,209,NYG,3
00-0037260,DJ Davidson,NYG,DT,active,ACT,98,1999-09-19,77,325,Arizona State,3,2022,5,147,NYG,2
00-0040694,Darius Alexander,NYG,DT,active,ACT,91,2000-08-26,76,310,Toledo,0,2025,3,65,NYG,2
00-0035683,Dexter Lawrence,NYG,DT,active,ACT,97,1997-11-12,76,342,Clemson,6,2019,1,17,NYG,1
00-0039764,Elijah Chatman,NYG,DT,practice_squad,DEV,94,2000-12-05,72,278,SMU,1,2024,,,,
00-0037051,Elijah Garcia,NYG,DT,active,ACT,90,1998-03-11,77,302,Rice,3,2022,,,,
00-0038506,Jordon Riley,NYG,DT,practice_squad,DEV,99,1998-05-19,77,325,Oregon; Nebraska; Garden City CC; North Carolina,2,2023,7,243,NYG,
00-0031957,Rakeem Nunez-Roches,NYG,DT,active,ACT,93,1993-07-03,74,307,Southern Mississippi,10,2015,6,217,KC,1
00-0032667,Roy Robertson-Harris,NYG,DT,active,ACT,95,1993-07-23,79,294,Texas-El Paso,9,2016,,,,1
00-0040677,Abdul Carter,NYG,EDGE,active,ACT,51,2004-01-02,75,252,Penn State,0,2025,1,3,NYG,2
00-0035713,Brian Burns,NYG,EDGE,active,ACT,0,1998-04-23,77,250,Florida State,6,2019,1,16,CAR,1
00-0036982,Chauncey Golston,NYG,EDGE,active,ACT,57,1998-02-10,77,270,Iowa,4,2021,3,84,DAL,2
00-0037611,Kayvon Thibodeaux,NYG,EDGE,active,ACT,5,2000-12-15,77,250,Oregon,3,2022,1,5,NYG,1
00-0037447,Tomon Fox,NYG,EDGE,practice_squad,DEV,45,1998-03-16,74,260,North Carolina,3,2022,,,,
00-0036896,Victor Dimukeje,NYG,EDGE,ir,RES,52,1999-11-18,74,265,Duke,4,2021,6,210,ARI,3
00-0026858,Graham Gano,NYG,K,active,ACT,9,1987-04-09,74,202,Florida State,16,2009,,,,1
00-0039934,Jude McAtamney,NYG,K,practice_squad,DEV,99,2000-05-09,74,205,Rutgers,1,2024,,,,
00-0035687,Bobby Okereke,NYG,LB,active,ACT,58,1996-07-29,73,234,Stanford,6,2019,3,89,IND,1
00-0034787,Chris Board,NYG,LB,active,ACT,49,1995-07-23,74,230,North Dakota State,7,2018,,,,2
00-0039829,Darius Muasau,NYG,LB,active,ACT,53,2001-02-10,72,230,UCLA; Hawaii,1,2024,6,183,NYG,2
00-0035020,Demetrius Flannigan-Fowles,NYG,LB,active,ACT,33,1996-09-04,74,209,Arizona,6,2019,,,,3
00-0037259,Micah McFadden,NYG,LB,active,ACT,41,2000-01-03,74,232,Indiana,3,2022,5,146,NYG,1
00-0039313,Swayze Bozeman,NYG,LB,practice_squad,DEV,54,1998-11-02,73,225,Southern Mississippi; Copiah-Lincoln Junior College,1,2024,,,,
00-0038399,Zaire Barnes,NYG,LB,practice_squad,DEV,53,1999-09-03,73,227,Western Michigan,2,2023,6,184,NYJ,
00-0030957,Casey Kreiter,NYG,LS,active,ACT,59,1990-08-13,73,250,Iowa,11,2014,,,,1
00-0034668,Aaron Stinnie,NYG,OG,active,ACT,64,1994-02-18,75,312,James Madison,7,2018,,,,2
00-0037612,Evan Neal,NYG,OG,active,ACT,73,2000-09-19,79,360,Alabama,3,2022,1,7,NYG,2
00-0029685,Greg Van Roten,NYG,OG,active,ACT,74,1990-02-26,76,305,Penn,13,2012,,,,1
00-0039508,Jake Kubas,NYG,OG,practice_squad,DEV,63,2000-08-13,76,308,North Dakota State,1,2024,,,,
00-0036866,James Hudson,NYG,OG,active,ACT,55,1999-05-13,77,310,Cincinnati,4,2021,4,110,CLE,2
00-0036246,Jon Runyan,NYG,OG,active,ACT,76,1997-08-08,76,321,Michigan,5,2020,6,192,GB,1
00-0038914,McClendon Curtis,NYG,OG,practice_squad,DEV,66,1999-09-16,78,328,Tennessee-Chattanooga,2,2023,,,,
00-0036386,Andrew Thomas,NYG,OT,active,ACT,78,1999-01-22,77,326,Georgia,5,2020,1,4,NYG,1
00-0033290,Jermaine Eluemunor,NYG,OT,active,ACT,72,1994-12-13,76,335,Texas A&M; Lackawanna JC,8,2017,5,159,BAL,1
00-0037807,Joshua Ezeudu,NYG,OT,ir,RES,75,1999-09-19,76,325,North Carolina,3,2022,3,67,NYG,3
00-0040181,Marcus Mbow,NYG,OT,active,ACT,71,2003-04-02,77,300,Purdue,0,2025,5,154,NYG,2
00-0035042,Jamie Gillan,NYG,P,active,ACT,12,1997-07-04,73,207,University of Arkansas at Pine Bluff,6,2019,,,,1
00-0031503,Jameis Winston,NYG,QB,active,ACT,19,1994-01-06,76,231,Florida State,10,2015,1,1,TB,3
00-0040691,Jaxson Dart,NYG,QB,active,ACT,6,2003-05-13,74,225,Mississippi; USC,0,2025,1,25,NYG,2
00-0029263,Russell Wilson,NYG,QB,active,ACT,3,1988-11-29,71,215,Wisconsin; N.C. State,13,2012,3,75,SEA,1
00-0040715,Cam Skattebo,NYG,RB,active,ACT,44,2002-02-05,71,215,Arizona State; Sacramento State,0,2025,4,105,NYG,3
00-0039230,Dante Miller,NYG,RB,practice_squad,DEV,25,1999-05-14,70,200,South Carolina; Columbia,1,2024,,,,
00-0035250,Devin Singletary,NYG,RB,active,ACT,26,1997-09-03,67,203,Florida Atlantic,6,2019,3,74,BUF,2
00-0038396,Eric Gray,NYG,RB,ir,RES,20,1999-11-04,70,210,Oklahoma; Tennessee,2,2023,5,172,NYG,4
00-0039384,Tyrone Tracy Jr.,NYG,RB,active,ACT,29,1999-11-23,71,210,Purdue; Iowa,1,2024,5,166,NYG,1
00-0038411,Anthony Johnson Jr.,NYG,S,ir,RES,23,1999-12-02,72,207,Iowa State,2,2023,7,242,GB,2
00-0039241,Beau Brade,NYG,S,active,ACT,34,2002-01-29,72,200,Maryland,1,2024,,,,3
00-0038123,Dane Belton,NYG,S,active,ACT,24,2000-12-07,73,205,Iowa,3,2022,4,114,NYG,2
00-0036998,Jevon Holland,NYG,S,active,ACT,8,2000-03-03,73,196,Oregon,4,2021,2,36,MIA,1
00-0039881,Patrick McMorris,NYG,S,practice_squad,DEV,38,2001-10-18,72,210,California; San Diego State,1,2024,6,198,MIA,
00-0037468,Raheem Layne,NYG,S,practice_squad,DEV,43,1999-07-02,71,200,Indiana,3,2022,,,,
00-0039861,Tyler Nubin,NYG,S,active,ACT,27,2001-06-14,74,210,Minnesota,1,2024,2,47,NYG,1
00-0031484,Chris Manhertz,NYG,TE,active,ACT,85,1992-04-10,78,255,Canisius College,10,2015,,,,
00-0038115,Daniel Bellinger,NYG,TE,active,ACT,82,2000-09-22,78,255,San Diego State,3,2022,4,112,NYG,2
00-0039843,Qadir Ismail,NYG,TE,practice_squad,DEV,47,2000-02-17,78,215,Samford; Villanova,1,2024,,,,
00-0039847,Theo Johnson,NYG,TE,active,ACT,84,2001-02-26,78,260,Penn State,1,2024,4,107,NYG,1
00-0040225,Thomas Fidone II,NYG,TE,active,ACT,86,2002-09-20,78,255,Nebraska,0,2025,7,219,NYG,3
00-0040432,Beaux Collins,NYG,WR,active,ACT,81,2002-12-16,75,210,Notre Dame; Clemson,0,2025,,,,2
00-0038477,Bryce Ford-Wheaton,NYG,WR,ir,RES,88,2000-03-09,75,224,West Virginia,2,2023,,,,3
00-0040456,Da'Quan Felton,NYG,WR,ir,RES,9,2001-01-13,77,216,Virginia Tech; Norfolk State,0,2025,,,,3
00-0035535,Darius Slayton,NYG,WR,active,ACT,18,1997-01-12,73,190,Auburn,6,2019,5,171,NYG,1
00-0035645,Gunner Olszewski,NYG,WR,active,ACT,80,1996-11-26,72,190,Bemidji State University,6,2019,,,,2
00-0036635,Ihmir Smith-Marsette,NYG,WR,practice_squad,DEV,87,1999-08-29,73,179,Iowa,4,2021,5,157,MIN,
00-0038938,Jalin Hyatt,NYG,WR,active,ACT,13,2001-09-25,72,185,Tennessee,2,2023,3,73,NYG,2
00-0035406,Lil'Jordan Humphrey,NYG,WR,practice_squad,DEV,81,1998-04-19,76,225,Texas,6,2019,,,,
00-0039337,Malik Nabers,NYG,WR,active,ACT,1,2003-07-28,72,195,LSU,1,2024,1,6,NYG,1
00-0038117,Wan'Dale Robinson,NYG,WR,active,ACT,17,2001-01-05,68,185,Kentucky,3,2022,2,43,NYG,1
00-0040401,Gus Hartwig,NYJ,C,ir,RES,63,2002-01-21,77,315,Purdue,0,2025,,,,3
00-0039145,Joe Tippmann,NYJ,C,active,ACT,66,2001-03-24,78,317,Wisconsin,2,2023,2,43,NYJ,1
00-0036622,Josh Myers,NYJ,C,active,ACT,71,1998-07-16,77,312,Ohio State,4,2021,2,62,GB,2
00-0040133,Azareye'h Thomas,NYJ,CB,active,ACT,23,2004-07-06,73,198,Florida State,0,2025,3,73,NYJ,3
00-0036987,Brandon Stephens,NYJ,CB,active,ACT,21,1997-12-29,73,206,SMU; UCLA,4,2021,3,104,BAL,1
00-0040397,Jordan Clark,NYJ,CB,practice_squad,DEV,33,2001-04-22,69,185,Notre Dame; Arizona State,0,2025,,,,
00-0040243,Korie Black,NYJ,CB,practice_squad,DEV,25,2002-06-22,72,190,Oklahoma State,0,2025,7,246,NYG,
00-0035150,Kris Boyd,NYJ,CB,ir,RES,17,1996-11-12,71,201,Texas,6,2019,7,217,MIN,4
00-0036501,Michael Carter II,NYJ,CB,active,ACT,30,1999-03-08,70,190,Duke,4,2021,5,154,NYJ,1
00-0039789,Qwan'tez Stiggers,NYJ,CB,active,ACT,37,2002-01-08,72,197,,1,2024,5,176,NYJ,2
00-0037190,Sauce Gardner,NYJ,CB,active,ACT,1,2001-08-31,75,200,Cincinnati,3,2022,1,4,NYJ,1
00-0037155,Tony Adams,NYJ,CB,active,ACT,22,1999-01-24,71,205,Illinois,3,2022,,,,1
00-0035278,Byron Cowart,NYJ,DT,ir,RES,93,1996-05-20,75,300,Maryland; Auburn,6,2019,5,159,NE,3
00-0034782,Harrison Phillips,NYJ,DT,active,ACT,97,1996-01-25,75,307,Stanford,7,2018,3,96,BUF,1
00-0036881,Jay Tufele,NYJ,DT,active,ACT,78,1999-07-25,75,305,USC,4,2021,4,106,JAX,2
00-0039431,Jowon Briggs,NYJ,DT,active,ACT,91,2001-09-01,73,297,Cincinnati; Virginia,1,2024,7,243,CLE,2
00-0039289,Leonard Taylor III,NYJ,DT,active,INA,96,2002-05-29,75,305,Miami,1,2024,,,,3
00-0040404,Payton Page,NYJ,DT,practice_squad,DEV,69,2002-09-27,76,310,Clemson,0,2025,,,,
00-0035718,Quinnen Williams,NYJ,DT,active,ACT,95,1997-12-21,75,303,Alabama,6,2019,1,3,NYJ,1
00-0039284,Braiden McGregor,NYJ,EDGE,active,INA,55,2001-07-12,78,267,Michigan,1,2024,,,,2
00-0039291,Eric Watts,NYJ,EDGE,practice_squad,DEV,58,2000-10-01,77,277,Connecticut,1,2024,,,,
00-0037663,Jermaine Johnson II,NYJ,EDGE,active,ACT,11,1999-01-08,77,260,Florida State,3,2022,1,26,NYJ,3
00-0038107,Micheal Clemons,NYJ,EDGE,active,ACT,72,1997-08-21,77,270,Texas A&M,3,2022,4,117,NYJ,1
00-0040196,Tyler Baron,NYJ,EDGE,active,ACT,94,2001-10-22,76,260,Miami; Tennessee,0,2025,5,176,NYJ,2
00-0039142,Will McDonald IV,NYJ,EDGE,active,ACT,9,1999-06-04,76,236,Iowa State,2,2023,1,15,NYJ,1
00-0034959,Andrew Beck,NYJ,FB,active,ACT,47,1996-05-15,75,255,Texas,6,2019,,,,1
00-0039498,Harrison Mevis,NYJ,K,practice_squad,DEV,45,2002-03-27,72,243,Missouri,1,2024,,,,
00-0025565,Nick Folk,NYJ,K,active,ACT,6,1984-11-05,73,222,Arizona,18,2007,6,178,DAL,1
00-0038513,Cam Jones,NYJ,LB,active,ACT,43,1999-10-21,74,228,Indiana,2,2023,,,,2
00-0040186,Francisco Mauigoa,NYJ,LB,active,ACT,51,2003-03-17,74,230,Miami; Washington State,0,2025,5,162,NYJ,2
00-0040408,Ja'Markis Weston n,NYJ,LB,ir,RES,54,2000-08-10,74,235,Florida,0,2025,,,,3
00-0039288,Jackson Sirmon,NYJ,LB,practice_squad,DEV,49,2000-04-15,74,240,California; Washington,1,2024,,,,
00-0036500,Jamien Sherwood,NYJ,LB,active,ACT,44,2000-01-12,74,220,Auburn,4,2021,5,146,NYJ,1
00-0037526,Marcelino McCrary-Ball,NYJ,LB,active,ACT,41,1999-03-23,72,222,Indiana,3,2022,,,,1
00-0036300,Mykal Walker,NYJ,LB,practice_squad,DEV,53,1997-08-28,75,219,Fresno State,5,2020,4,119,ATL,
00-0035680,Quincy Williams,NYJ,LB,active,ACT,56,1996-08-28,71,226,Murray State,6,2019,3,98,JAX,1
00-0033260,Thomas Hennessy,NYJ,LS,active,ACT,42,1994-06-11,74,246,Duke,8,2017,,,,1
00-0036979,Alijah Vera-Tucker,NYJ,OG,ir,RES,75,1999-06-17,77,310,USC,4,2021,1,14,NYJ,1
00-0036369,John Simpson,NYJ,OG,active,ACT,76,1997-08-19,76,330,Clemson,5,2020,4,109,LV,1
00-0038194,Kohl Levao,NYJ,OG,practice_squad,DEV,60,1998-02-21,78,350,Hawaii; City College (SF),3,2022,,,,
00-0040767,Leander Wiegand,NYJ,OG,practice_squad,DEV,64,1999-08-24,77,318,UCF,0,2025,,,,
00-0037748,Marquis Hayes,NYJ,OG,practice_squad,DEV,77,1999-02-14,77,324,Oklahoma,3,2022,7,257,ARI,
00-0037601,Xavier Newman-Johnson,NYJ,OG,active,ACT,65,1999-08-04,74,310,Baylor,3,2022,,,,2
00-0040123,Armand Membou,NYJ,OT,active,ACT,70,2004-03-27,76,325,Missouri,0,2025,1,7,NYJ,1
00-0034768,Chukwuma Okorafor,NYJ,OT,active,ACT,79,1997-08-08,78,320,Western Michigan,7,2018,3,92,PIT,2
00-0040092,Esa Pole,NYJ,OT,active,INA,67,2001-07-04,79,319,Washington State; Chabot College,0,2025,,,,3
00-0038114,Max Mitchell,NYJ,OT,active,ACT,61,1999-10-12,78,299,Louisiana-Lafayette,3,2022,4,111,NYJ,2
00-0039790,Olumuyiwa Fashanu,NYJ,OT,active,ACT,74,2002-12-09,78,317,Penn State,1,2024,1,11,NYJ,1
00-0039634,Austin McNamara,NYJ,P,active,ACT,14,2001-02-24,76,210,Texas Tech,1,2024,,,,1
00-0040398,Brady Cook,NYJ,QB,practice_squad,DEV,4,2001-10-12,74,205,Missouri,0,2025,,,,
00-0036945,Justin Fields,NYJ,QB,active,ACT,7,1999-03-05,75,223,Ohio State,4,2021,1,11,CHI,1
00-0028118,Tyrod Taylor,NYJ,QB,active,ACT,2,1989-08-03,73,215,Virginia Tech,14,2011,6,180,BAL,2
00-0039794,Braelon Allen,NYJ,RB,active,ACT,0,2004-01-20,73,235,Wisconsin,1,2024,4,134,NYJ,2
00-0038120,Breece Hall,NYJ,RB,active,ACT,20,2001-05-31,71,220,Iowa State,3,2022,2,36,NYJ,1
00-0039798,Isaiah Davis,NYJ,RB,active,ACT,32,2002-02-21,73,220,South Dakota State,1,2024,5,173,NYJ,3
00-0036842,Kene Nwangwu,NYJ,RB,active,ACT,34,1998-02-09,73,205,Iowa State,4,2021,4,119,MIN,4
00-0040758,Lawrance Toafili,NYJ,RB,practice_squad,DEV,38,2001-11-30,72,196,Florida State,0,2025,,,,
00-0036941,Andre Cisco,NYJ,S,active,ACT,8,2000-03-23,72,203,Syracuse,4,2021,3,65,JAX,1
00-0040396,Dean Clark,NYJ,S,practice_squad,DEV,35,2001-06-01,72,206,Fresno State; Kent State,0,2025,,,,
00-0034357,Isaiah Oliver,NYJ,S,active,ACT,26,1996-09-30,72,210,Colorado,7,2018,2,58,ATL,2
00-0040165,Malachi Moore,NYJ,S,active,ACT,27,2001-09-13,71,201,Alabama,0,2025,4,130,NYJ,2
00-0037755,Jelani Woods,NYJ,TE,active,INA,86,1998-10-09,79,265,Virginia,3,2022,3,73,IND,4
00-0037805,Jeremy Ruckert,NYJ,TE,active,ACT,89,2000-08-11,77,250,Ohio State,3,2022,3,101,NYJ,2
00-0040736,Mason Taylor,NYJ,TE,active,ACT,85,2004-05-08,77,255,LSU,0,2025,2,42,NYJ,1
00-0037475,Stone Smartt,NYJ,TE,active,ACT,84,1998-10-04,76,232,Old Dominion,3,2022,,,,3
00-0034521,Allen Lazard,NYJ,WR,active,INA,10,1995-12-11,77,227,Iowa State,7,2018,,,,1
00-0040582,Arian Smith,NYJ,WR,active,ACT,82,2001-10-11,72,185,Georgia,0,2025,4,110,NYJ,2
00-0036775,Brandon Smith,NYJ,WR,practice_squad,DEV,87,1998-12-10,73,215,Iowa,4,2021,,,,
00-0037740,Garrett Wilson,NYJ,WR,active,ACT,5,2000-07-22,72,192,Ohio State,3,2022,1,10,NYJ,1
00-0037156,Irvin Charles,NYJ,WR,ir,RES,19,1997-04-13,76,219,"Indiana PA,  University of; Penn State",3,2022,,,,2
00-0040405,Jamaal Pritchett,NYJ,WR,practice_squad,DEV,81,2003-06-10,68,175,South Alabama; Tuskegee University,0,2025,,,,
00-0033943,Josh Reynolds,NYJ,WR,active,ACT,83,1995-02-16,75,196,Texas A&M; Tyler JC,8,2017,4,117,LA,1
00-0040406,Quentin Skinner,NYJ,WR,practice_squad,DEV,88,2001-12-24,75,195,Kansas,0,2025,,,,
00-0036427,Tyler Johnson,NYJ,WR,active,ACT,16,1998-08-25,73,205,Minnesota,5,2020,5,161,TB,
00-0038496,Xavier Gipson,NYJ,WR,active,ACT,3,2001-03-08,69,180,Stephen F. Austin State,2,2023,,,,2
00-0035743,Brett Toth,PHI,C,active,ACT,64,1996-09-01,78,291,Army,6,2019,,,,2
00-0038112,Cam Jurgens,PHI,C,active,ACT,51,1999-08-21,75,290,Nebraska,3,2022,2,51,PHI,1
00-0040587,Drew Kendall,PHI,C,active,INA,66,2001-11-27,76,299,Boston College,0,2025,5,168,PHI,3
00-0040631,Willie Lampkin,PHI,C,ir,RES,61,2002-01-22,71,290,North Carolina; Coastal Carolina,0,2025,,,,4
00-0033878,Adoree' Jackson,PHI,CB,active,ACT,8,1995-09-18,71,185,USC,8,2017,1,18,TEN,1
00-0037008,Ambry Thomas,PHI,CB,practice_squad,DEV,38,1999-09-09,72,182,Michigan,4,2021,3,102,SF,
00-0040027,Brandon Johnson,PHI,CB,practice_squad,DEV,35,2003-03-25,70,185,Oregon; Duke,0,2025,,,,
00-0039841,Cooper DeJean,PHI,CB,active,ACT,33,2003-02-09,72,207,Iowa,1,2024,2,40,PHI,1
00-0038487,Eli Ricks,PHI,CB,practice_squad,DEV,23,2001-09-26,74,195,Alabama; LSU,2,2023,,,,
00-0039072,Jakorian Bennett,PHI,CB,active,ACT,23,2000-08-23,70,195,Maryland,2,2023,4,104,LV,2
00-0039140,Kelee Ringo,PHI,CB,active,ACT,7,2002-06-27,74,205,Georgia,2,2023,4,105,PHI,2
00-0040071,Mac McWilliams,PHI,CB,active,ACT,22,2001-11-29,70,185,UCF; UAB,0,2025,5,145,PHI,2
00-0034274,Parry Nickerson,PHI,CB,practice_squad,DEV,34,1994-10-11,70,180,Tulane,7,2018,6,179,NYJ,
00-0039888,Quinyon Mitchell,PHI,CB,active,ACT,27,2001-07-18,72,196,Toledo,1,2024,1,22,PHI,1
00-0038978,Byron Young,PHI,DT,active,ACT,94,2000-11-10,75,292,Alabama,2,2023,3,70,LV,2
00-0039265,Gabe Hall,PHI,DT,active,ACT,96,2001-01-12,78,292,Baylor,1,2024,,,,2
00-0038386,Jalen Carter,PHI,DT,active,ACT,98,2001-04-04,75,310,Georgia,2,2023,1,9,PHI,1
00-0037073,Jordan Davis,PHI,DT,active,ACT,90,2000-01-12,78,340,Georgia,3,2022,1,13,PHI,
00-0038412,Moro Ojomo,PHI,DT,active,ACT,97,2001-08-15,75,284,Texas,2,2023,7,249,PHI,1
00-0040662,Ty Robinson,PHI,DT,active,INA,95,2001-05-03,77,310,Nebraska,0,2025,4,111,PHI,1
00-0036552,Azeez Ojulari,PHI,EDGE,active,INA,13,2000-06-16,75,250,Georgia,4,2021,2,50,NYG,2
00-0039740,Jalyx Hunt,PHI,EDGE,active,ACT,58,2001-03-13,75,248,Houston Christian University; Cornell,1,2024,3,94,PHI,1
00-0036159,Joshua Uche,PHI,EDGE,active,ACT,0,1998-09-18,75,250,Michigan,5,2020,2,60,NE,2
00-0039013,Nolan Smith,PHI,EDGE,active,ACT,3,2001-01-18,74,235,Georgia,2,2023,1,30,PHI,1
00-0034807,Ogbo Okoronkwo,PHI,EDGE,active,INA,45,1995-04-24,74,253,Oklahoma,7,2018,5,160,LA,3
00-0036922,Patrick Johnson,PHI,EDGE,active,ACT,48,1998-01-10,74,251,Tulane,4,2021,7,234,PHI,
00-0038489,Ben VanSumeren,PHI,FB,active,ACT,43,2000-05-05,74,235,Michigan State; Michigan,2,2023,,,,1
00-0033787,Jake Elliott,PHI,K,active,ACT,4,1995-01-21,69,167,Memphis,8,2017,5,153,CIN,1
00-0040018,Antwaun Powell-Ryland,PHI,LB,practice_squad,DEV,52,2002-02-23,75,252,Virginia Tech; Florida,0,2025,6,209,PHI,
00-0037312,Chance Campbell,PHI,LB,practice_squad,DEV,59,1999-10-08,74,235,Mississippi,3,2022,6,219,TEN,
00-0039826,Jeremiah Trotter Jr.,PHI,LB,active,ACT,54,2002-12-24,72,230,Clemson,1,2024,5,155,PHI,1
00-0040708,Jihaad Campbell,PHI,LB,active,ACT,30,2004-02-24,75,244,Alabama,0,2025,1,31,PHI,2
00-0037615,Nakobe Dean,PHI,LB,ir,RES,17,2000-12-13,71,225,Georgia,3,2022,3,83,PHI,4
00-0040013,Smael Mondon Jr.,PHI,LB,active,ACT,42,2003-02-13,74,225,Georgia,0,2025,5,161,PHI,2
00-0036418,Zack Baun,PHI,LB,active,ACT,53,1996-12-30,75,235,Wisconsin,5,2020,3,74,NO,1
00-0029008,Charley Hughlett,PHI,LS,active,ACT,47,1990-05-16,76,248,UCF,13,2012,,,,1
00-0037613,Kenyon Green,PHI,OG,active,INA,76,2001-03-15,76,325,Texas A&M,3,2022,1,15,HOU,2
00-0037002,Landon Dickerson,PHI,OG,active,ACT,69,1998-09-30,78,325,Alabama,4,2021,2,37,PHI,1
00-0034417,Matt Pryor,PHI,OG,active,ACT,79,1994-12-16,79,332,TCU,7,2018,6,206,PHI,2
00-0039001,Tyler Steen,PHI,OG,active,ACT,56,2000-06-24,78,315,Alabama; Vanderbilt,2,2023,3,65,PHI,1
00-0040687,Cameron Williams,PHI,OT,active,INA,73,2003-10-16,78,317,Texas,0,2025,6,207,PHI,2
00-0034951,Fred Johnson,PHI,OT,active,ACT,74,1997-06-05,79,326,Florida,6,2019,,,,2
00-0040031,Hollin Pierce,PHI,OT,practice_squad,DEV,63,2001-04-19,80,344,Rutgers,0,2025,,,,
00-0034429,Jordan Mailata,PHI,OT,active,ACT,68,1997-03-31,80,344,,7,2018,7,233,PHI,1
00-0030561,Lane Johnson,PHI,OT,active,ACT,65,1990-05-08,78,317,Oklahoma; Kilgore,12,2013,1,4,PHI,1
00-0040714,Luke Felix-Fualalo,PHI,OT,practice_squad,DEV,72,2000-02-02,80,310,Hawaii; Utah,0,2025,,,,
00-0040015,Myles Hinton,PHI,OT,ir,RES,78,2002-01-09,78,342,Michigan; Stanford,0,2025,6,191,PHI,3
00-0036313,Braden Mann,PHI,P,active,ACT,10,1997-11-24,71,190,Texas A&M,5,2020,6,191,NYJ,1
00-0036389,Jalen Hurts,PHI,QB,active,ACT,1,1998-08-07,73,218,Oklahoma; Alabama,5,2020,2,53,PHI,1
00-0040014,Kyle McCord,PHI,QB,practice_squad,DEV,19,2002-09-19,75,220,Syracuse; Ohio State,0,2025,6,181,PHI,
00-0037077,Sam Howell,PHI,QB,active,ACT,14,2000-09-16,73,225,North Carolina,3,2022,5,144,WAS,3
00-0038400,Tanner McKee,PHI,QB,active,INA,16,2000-04-27,78,230,Stanford,2,2023,6,188,PHI,2
00-0036265,AJ Dillon,PHI,RB,active,ACT,29,1998-05-02,72,250,Boston College,5,2020,2,62,GB,3
00-0039373,Audric Estimé,PHI,RB,practice_squad,DEV,37,2003-09-06,71,227,Notre Dame,1,2024,5,147,DEN,
00-0034844,Saquon Barkley,PHI,RB,active,ACT,26,1997-02-09,72,233,Penn State,7,2018,1,2,NYG,1
00-0039746,Will Shipley,PHI,RB,active,ACT,28,2002-08-29,71,210,Clemson,1,2024,4,127,PHI,2
00-0039267,Andre' Sam,PHI,S,practice_squad,DEV,31,1999-02-09,70,190,LSU; Marshall; McNeese State,1,2024,,,,
00-0040749,Andrew Mukuba,PHI,S,active,ACT,24,2002-12-07,71,195,Texas; Clemson,0,2025,2,64,PHI,2
00-0037245,Lewis Cine,PHI,S,ir,RES,38,1999-10-05,74,200,Georgia,3,2022,1,32,MIN,3
00-0034993,Marcus Epps,PHI,S,active,ACT,39,1996-01-27,72,191,Wyoming,6,2019,6,191,MIN,
00-0037130,Reed Blankenship,PHI,S,active,ACT,32,1999-03-02,73,200,Middle Tennessee State,3,2022,,,,1
00-0039002,Sydney Brown,PHI,S,active,ACT,21,2000-03-21,70,205,Illinois,2,2023,3,66,PHI,1
00-0038564,Cameron Latu,PHI,TE,practice_squad,DEV,49,2000-02-24,77,244,Alabama,2,2023,3,101,SF,
00-0034351,Dallas Goedert,PHI,TE,active,ACT,88,1995-01-03,77,256,South Dakota State,7,2018,2,49,PHI,1
00-0038498,E.J. Jenkins,PHI,TE,practice_squad,DEV,84,1998-11-03,78,243,Georgia Tech; South Carolina; St. Francis PA,2,2023,,,,
00-0037086,Grant Calcaterra,PHI,TE,active,ACT,81,1998-12-04,76,221,SMU; Oklahoma,3,2022,6,198,PHI,2
00-0036876,Kylen Granson,PHI,TE,active,ACT,83,1998-03-27,75,235,SMU,4,2021,4,127,IND,3
00-0035676,A.J. Brown,PHI,WR,active,ACT,11,1997-06-30,73,226,Mississippi,6,2019,2,51,TEN,1
00-0037132,Britain Covey,PHI,WR,practice_squad,DEV,85,1997-03-18,68,170,Utah,3,2022,,,,
00-0040024,Darius Cooper,PHI,WR,active,ACT,80,2001-11-22,71,190,Tarleton State,0,2025,,,,2
00-0036912,DeVonta Smith,PHI,WR,active,ACT,6,1998-11-14,72,165,Alabama,4,2021,1,10,PHI,1
00-0038667,Elijah Cooks,PHI,WR,practice_squad,DEV,86,1998-10-13,76,210,San Jose State; Nevada,2,2023,,,,
00-0037741,Jahan Dotson,PHI,WR,active,ACT,2,2000-03-22,71,182,Penn State,3,2022,1,16,WAS,1
00-0037614,John Metchie III,PHI,WR,active,ACT,18,2000-07-18,72,195,Alabama,3,2022,2,44,HOU,2
00-0039236,Johnny Wilson,PHI,WR,ir,RES,89,2001-04-03,78,237,Florida State; Arizona State,1,2024,6,185,PHI,2
00-0036955,Terrace Marshall Jr.,PHI,WR,practice_squad,DEV,46,2000-06-09,74,200,LSU,4,2021,2,59,CAR,
00-0036783,Ryan McCollum,PIT,C,active,ACT,62,1998-03-04,77,300,Texas A&M,4,2021,,,,2
00-0039896,Zach Frazier,PIT,C,active,ACT,54,2001-08-29,75,310,West Virginia,1,2024,2,51,PIT,1
00-0039454,Beanie Bishop Jr.,PIT,CB,practice_squad,DEV,31,1999-12-17,70,184,West Virginia; Minnesota; Western Kentucky,1,2024,,,,
00-0036504,Brandin Echols,PIT,CB,active,ACT,26,1997-10-16,70,178,Kentucky,4,2021,6,200,NYJ,2
00-0038946,Cameron McCutcheon,PIT,CB,ir,RES,38,2000-04-03,73,200,Western Carolina; Gardner-Webb,2,2023,,,,3
00-0038639,Cory Trice Jr.,PIT,CB,ir,RES,27,2000-05-30,75,215,Purdue,2,2023,7,241,PIT,2
00-0038877,D'Shawn Jamison,PIT,CB,practice_squad,DEV,38,1999-06-04,70,187,Texas,2,2023,,,,
00-0030062,Darius Slay,PIT,CB,active,ACT,23,1991-01-01,72,190,Mississippi State; Itawamba JC,12,2013,2,36,DET,1
00-0040365,Daryl Porter,PIT,CB,practice_squad,DEV,39,2002-02-03,70,185,Miami; West Virginia,0,2025,,,,
00-0040232,Donte Kent,PIT,CB,ir,RES,34,2001-09-28,70,195,Central Michigan,0,2025,7,229,PIT,2
00-0033055,Jalen Ramsey,PIT,CB,active,ACT,5,1994-10-24,73,208,Florida State,9,2016,1,5,JAX,1
00-0035795,James Pierre,PIT,CB,active,ACT,42,1996-09-16,74,185,Florida Atlantic,5,2020,,,,
00-0039167,Joey Porter Jr.,PIT,CB,active,ACT,24,2000-07-26,74,194,Penn State,2,2023,2,32,PIT,1
00-0027969,Cameron Heyward,PIT,DT,active,ACT,97,1989-05-06,77,295,Ohio State,14,2011,1,31,PIT,1
00-0034251,Daniel Ekuale,PIT,DT,active,ACT,96,1994-01-13,75,300,Washington State,7,2018,,,,2
00-0032412,Dean Lowry,PIT,DT,ir,RES,94,1994-06-09,78,296,Northwestern,9,2016,4,137,GB,3
00-0040678,Derrick Harmon,PIT,DT,active,INA,99,2003-08-03,76,310,Oregon; Michigan State,0,2025,1,21,PIT,1
00-0036148,Domenique Davis,PIT,DT,ir,RES,69,1996-02-28,74,315,UNC Pembroke,5,2020,,,,4
00-0037274,Esezi Otomewo,PIT,DT,active,INA,93,1999-03-09,77,285,Minnesota,3,2022,5,165,MIN,3
00-0036843,Isaiahh Loudermilk,PIT,DT,active,ACT,92,1997-10-10,79,293,Wisconsin,4,2021,5,156,PIT,2
00-0038708,Jacob Slade,PIT,DT,ir,RES,79,2000-02-23,75,305,Michigan State,2,2023,,,,4
00-0039110,Keeanu Benton,PIT,DT,active,ACT,95,2001-07-17,76,290,Wisconsin,2,2023,2,49,PIT,1
00-0039609,Kyler Baugh,PIT,DT,practice_squad,DEV,65,2001-11-28,74,295,Minnesota; Houston Christian University,1,2024,,,,
00-0039389,Logan Lee,PIT,DT,active,ACT,91,2000-06-12,77,291,Iowa,1,2024,6,178,PIT,2
00-0040188,Yahya Black,PIT,DT,active,ACT,94,2002-04-21,77,279,Iowa,0,2025,5,164,PIT,3
00-0036333,Alex Highsmith,PIT,EDGE,active,ACT,56,1997-08-07,76,242,Charlotte,5,2020,3,102,PIT,1
00-0037759,DeMarvin Leal,PIT,EDGE,practice_squad,DEV,98,2000-07-01,76,290,Texas A&M,3,2022,3,84,PIT,
00-0040160,Jack Sawyer,PIT,EDGE,active,ACT,33,2002-05-06,76,265,Ohio State,0,2025,4,123,PIT,2
00-0039931,Julius Welschof,PIT,EDGE,practice_squad,DEV,45,1997-03-12,78,266,Charlotte,1,2024,,,,
00-0038577,Nick Herbig,PIT,EDGE,active,INA,51,2001-11-21,74,227,Wisconsin,2,2023,4,132,PIT,2
00-0033886,T.J. Watt,PIT,EDGE,active,ACT,90,1994-10-11,76,252,Wisconsin,8,2017,1,30,PIT,1
00-0031136,Chris Boswell,PIT,K,active,ACT,9,1991-03-16,74,185,Rice,11,2014,,,,1
00-0040231,Carson Bruener,PIT,LB,active,ACT,44,2001-06-06,74,226,Washington,0,2025,7,226,PIT,3
00-0035286,Cole Holcomb,PIT,LB,active,ACT,55,1996-07-30,73,240,North Carolina,6,2019,5,173,WAS,2
00-0036802,Jon Rhattigan,PIT,LB,practice_squad,DEV,49,1999-02-02,72,245,Army,4,2021,,,,
00-0036280,Malik Harrison,PIT,LB,active,ACT,50,1998-03-05,75,245,Ohio State,5,2020,3,98,BAL,2
00-0036323,Patrick Queen,PIT,LB,active,ACT,6,1999-08-13,72,227,LSU,5,2020,1,28,BAL,1
00-0039741,Payton Wilson,PIT,LB,active,ACT,41,2000-04-21,76,235,N.C. State,1,2024,3,98,PIT,1
00-0034051,Christian Kuntz,PIT,LS,active,ACT,46,1994-04-13,73,228,Duquesne,8,2017,,,,1
00-0032954,Isaac Seumalo,PIT,OG,active,ACT,73,1993-10-29,76,303,Oregon State,9,2016,3,79,PHI,1
00-0039358,Mason McCormick,PIT,OG,active,ACT,66,2000-05-25,77,305,South Dakota State,1,2024,4,119,PIT,1
00-0035245,Max Scharping,PIT,OG,active,INA,64,1996-08-10,78,325,Northern Illinois,6,2019,2,55,HOU,2
00-0038645,Spencer Anderson,PIT,OG,active,ACT,74,2000-06-07,77,330,Maryland,2,2023,7,251,PIT,2
00-0039555,Steven Jones,PIT,OG,practice_squad,DEV,79,2000-09-06,77,340,Oregon,1,2024,,,,
00-0040533,Aiden Williams,PIT,OT,practice_squad,DEV,71,2000-08-31,78,295,Duluth/University of Minnesota,0,2025,,,,
00-0032203,Andrus Peat,PIT,OT,active,INA,71,1993-11-04,79,316,Stanford,10,2015,1,13,NO,2
00-0039109,Broderick Jones,PIT,OT,active,ACT,77,2001-05-16,77,310,Georgia,2,2023,1,14,PIT,1
00-0034957,Calvin Anderson,PIT,OT,active,ACT,67,1996-03-25,77,300,Texas; Rice,6,2019,,,,2
00-0037480,Dylan Cook,PIT,OT,practice_squad,DEV,60,1998-01-11,78,280,Montana; Northern Montana State University,3,2022,,,,
00-0040619,Gareth Warren,PIT,OT,ir,RES,78,2003-08-05,78,328,Lindenwood,0,2025,,,,3
00-0039871,Troy Fautanu,PIT,OT,active,ACT,76,2000-10-11,76,317,Washington,1,2024,1,20,PIT,1
00-0035821,Corliss Waitman,PIT,P,active,ACT,3,1995-07-21,74,210,South Alabama,5,2020,,,,1
00-0023459,Aaron Rodgers,PIT,QB,active,ACT,8,1983-12-02,74,225,California; Butte College,20,2005,1,24,GB,1
00-0034771,Mason Rudolph,PIT,QB,active,ACT,2,1995-07-17,77,235,Oklahoma State,7,2018,3,76,PIT,2
00-0037327,Skylar Thompson,PIT,QB,active,INA,17,1997-06-04,74,221,Kansas State,3,2022,7,247,MIA,3
00-0040203,Will Howard,PIT,QB,ir,RES,18,2001-09-24,76,235,Ohio State; Kansas State,0,2025,6,185,PIT,4
00-0037228,Jaylen Warren,PIT,RB,active,ACT,30,1998-11-01,68,225,Oklahoma State,3,2022,,,,1
00-0040142,Kaleb Johnson,PIT,RB,active,ACT,20,2003-08-14,72,212,Iowa,0,2025,3,83,PIT,2
00-0036919,Kenneth Gainwell,PIT,RB,active,ACT,14,1999-03-14,69,191,Memphis,4,2021,5,150,PHI,3
00-0038409,Lew Nichols III,PIT,RB,practice_squad,DEV,35,2001-08-16,70,222,Central Michigan,2,2023,7,235,GB,
00-0040618,Max Hurleman,PIT,RB,practice_squad,DEV,34,2001-10-19,71,202,Notre Dame; Colgate,0,2025,,,,
00-0036984,Trey Sermon,PIT,RB,practice_squad,DEV,37,1999-01-30,72,215,Ohio State; Oklahoma,4,2021,3,88,SF,
00-0033294,Chuck Clark,PIT,S,active,ACT,21,1995-04-19,72,205,Virginia Tech,8,2017,6,186,BAL,2
00-0034277,DeShon Elliott,PIT,S,active,ACT,25,1997-04-21,73,210,Texas,7,2018,6,190,BAL,1
00-0035625,Juan Thornhill,PIT,S,active,ACT,22,1995-10-19,72,205,Virginia,6,2019,2,63,KC,1
00-0032399,Miles Killebrew,PIT,S,active,ACT,28,1993-05-10,74,222,Southern Utah State,9,2016,4,111,DET,2
00-0040527,Sebastian Castro,PIT,S,practice_squad,DEV,29,2000-10-14,71,195,Iowa,0,2025,,,,
00-0037304,Connor Heyward,PIT,TE,active,ACT,83,1999-01-22,72,230,Michigan State,3,2022,6,208,PIT,1
00-0038558,Darnell Washington,PIT,TE,active,ACT,80,2001-08-17,79,265,Georgia,2,2023,3,93,PIT,3
00-0035329,Donald Parham,PIT,TE,ir,RES,89,1997-08-16,80,237,Stetson,6,2019,,,,5
00-0040528,JJ Galbreath,PIT,TE,practice_squad,DEV,87,2001-08-05,76,240,South Dakota,0,2025,,,,
00-0033858,Jonnu Smith,PIT,TE,active,ACT,81,1995-08-22,75,248,Florida International,8,2017,3,100,TEN,2
00-0036894,Pat Freiermuth,PIT,TE,active,ACT,88,1998-10-25,77,258,Penn State,4,2021,2,55,PIT,1
00-0036862,Ben Skowronek,PIT,WR,active,ACT,15,1997-06-27,75,220,Notre Dame; Northwestern,4,2021,7,249,LA,2
00-0037837,Calvin Austin III,PIT,WR,active,ACT,19,1999-03-24,69,162,Memphis,3,2022,4,138,PIT,1
00-0035640,DK Metcalf,PIT,WR,active,ACT,4,1997-12-14,76,230,Mississippi,6,2019,2,64,SEA,1
00-0040534,Ke'Shawn Williams,PIT,WR,practice_squad,DEV,85,2001-12-27,69,189,Indiana; Wake Forest,0,2025,,,,
00-0037055,Lance McCutcheon,PIT,WR,practice_squad,DEV,82,1999-02-28,75,200,Montana State,3,2022,,,,
00-0039739,Roman Wilson,PIT,WR,active,ACT,10,2001-06-19,70,192,Michigan,1,2024,3,84,PIT,1
00-0035298,Scott Miller,PIT,WR,active,ACT,13,1997-07-31,69,174,Bowling Green,6,2019,6,208,TB,2
00-0040764,Federico Maranges,SEA,C,practice_squad,DEV,62,2001-10-05,75,300,Florida Atlantic,0,2025,,,,
00-0039926,Jalen Sundell,SEA,C,active,ACT,61,1999-10-18,77,300,North Dakota State,1,2024,,,,1
00-0038593,Olu Oluwatimi,SEA,C,active,ACT,55,1999-08-05,75,307,Michigan; Virginia,2,2023,5,154,SEA,2
00-0037842,Derion Kendrick,SEA,CB,active,ACT,1,2000-08-24,72,190,Georgia; Clemson,3,2022,6,212,LA,2
00-0039169,Devon Witherspoon,SEA,CB,active,ACT,21,2000-12-11,72,180,Illinois,2,2023,1,5,SEA,1
00-0037137,Josh Jobe,SEA,CB,active,ACT,29,1998-04-09,71,189,Alabama,3,2022,,,,1
00-0039795,Nehemiah Pritchett,SEA,CB,active,ACT,28,2001-02-11,72,184,Auburn,1,2024,5,136,SEA,2
00-0037079,Riq Woolen,SEA,CB,active,ACT,27,1999-05-02,76,205,Texas-San Antonio,3,2022,5,153,SEA,1
00-0033926,Shaquill Griffin,SEA,CB,active,ACT,24,1995-07-20,72,198,UCF,8,2017,3,90,SEA,
00-0036645,Shemar Jean-Charles,SEA,CB,practice_squad,DEV,34,1998-06-20,70,190,Appalachian State,4,2021,5,178,GB,
00-0040689,Anthony Campbell,SEA,DT,practice_squad,DEV,93,2000-09-09,79,295,Miami; Louisiana-Monroe; Independence Comm. College,0,2025,,,,
00-0038694,Brandon Pili,SEA,DT,practice_squad,DEV,95,1999-04-02,75,345,USC,2,2023,,,,
00-0039309,Byron Murphy II,SEA,DT,active,ACT,91,2002-09-08,72,308,Texas,1,2024,1,16,SEA,1
00-0040063,J.R. Singleton,SEA,DT,practice_squad,DEV,70,2002-02-13,73,305,Iowa State,0,2025,,,,
00-0040055,Jalan Gaines,SEA,DT,practice_squad,DEV,56,,,245,,0,2025,,,,
00-0032387,Jarran Reed,SEA,DT,active,ACT,90,1992-12-16,75,306,Alabama; East Mississippi JC,9,2016,2,49,SEA,1
00-0030063,Johnathan Hankins,SEA,DT,ir,RES,97,1992-03-30,75,340,Ohio State,12,2013,2,49,NYG,2
00-0031933,Leonard Williams,SEA,DT,active,ACT,99,1994-06-20,77,302,USC,10,2015,1,6,NYJ,1
00-0038591,Mike Morris,SEA,DT,active,ACT,94,2001-04-22,78,292,Michigan,2,2023,5,151,SEA,2
00-0036649,Quinton Bohanna,SEA,DT,active,ACT,92,1999-03-16,76,355,Kentucky,4,2021,6,192,DAL,
00-0040647,Rylie Mills,SEA,DT,ir,RES,98,2001-08-20,77,295,Notre Dame,0,2025,5,142,SEA,3
00-0038133,Boye Mafe,SEA,EDGE,active,ACT,53,1998-11-30,76,265,Minnesota,3,2022,2,40,SEA,1
00-0040061,Connor O'Toole,SEA,EDGE,active,INA,57,2002-08-27,75,252,Utah,0,2025,,,,3
00-0031411,DeMarcus Lawrence,SEA,EDGE,active,ACT,0,1992-04-28,75,265,Boise State; Butler County JC,11,2014,2,34,DAL,1
00-0039047,Derick Hall,SEA,EDGE,active,ACT,58,2001-03-19,75,256,Auburn,2,2023,2,37,SEA,2
00-0039944,Jamie Sheriff,SEA,EDGE,practice_squad,DEV,50,2000-08-18,73,265,South Alabama; Mississippi Gulf Coast CC,1,2024,,,,
00-0040056,Jared Ivey,SEA,EDGE,active,INA,51,2001-12-05,78,265,Mississippi; Georgia Tech,0,2025,,,,3
00-0034350,Uchenna Nwosu,SEA,EDGE,active,INA,7,1996-12-28,74,251,USC,7,2018,2,48,LAC,2
00-0031492,Jason Myers,SEA,K,active,ACT,5,1991-05-12,70,190,Marist,10,2015,,,,1
00-0037003,Chazz Surratt,SEA,LB,active,ACT,44,1997-02-16,74,228,North Carolina,4,2021,3,78,MIN,2
00-0038922,Drake Thomas,SEA,LB,active,ACT,42,2000-02-25,71,236,N.C. State,2,2023,,,,2
00-0036994,Ernest Jones,SEA,LB,active,ACT,13,1999-11-22,74,230,South Carolina,4,2021,3,103,LA,1
00-0038764,Patrick O'Connell,SEA,LB,practice_squad,DEV,52,1998-12-31,73,230,Montana,2,2023,,,,
00-0040588,Pooh Paul Jr.,SEA,LB,practice_squad,DEV,49,2002-11-04,73,235,Mississippi,0,2025,5,172,LA,
00-0039815,Tyrice Knight,SEA,LB,active,ACT,48,1999-12-20,72,235,Texas-El Paso; Independence Comm. College,1,2024,4,118,SEA,1
00-0038769,Chris Stoll,SEA,LS,active,ACT,41,1998-08-03,74,255,Penn State,2,2023,,,,1
00-0039020,Anthony Bradford,SEA,OG,active,ACT,75,2001-04-28,76,345,LSU,2,2023,4,108,SEA,1
00-0040650,Bryce Cabeldue,SEA,OG,active,ACT,77,2001-09-04,76,315,Kansas,0,2025,6,192,SEA,2
00-0039839,Christian Haynes,SEA,OG,ir,RES,64,2000-04-13,75,313,Connecticut,1,2024,3,81,SEA,4
00-0040639,Grey Zabel,SEA,OG,active,ACT,76,2002-03-30,78,312,North Dakota State,0,2025,1,18,SEA,1
00-0040652,Mason Richman,SEA,OG,active,INA,78,2002-05-07,77,310,Iowa,0,2025,7,234,SEA,3
00-0037812,Abraham Lucas,SEA,OT,active,ACT,72,1998-10-15,78,319,Washington State,3,2022,3,72,SEA,1
00-0040059,Amari Kight,SEA,OT,practice_squad,DEV,79,2000-12-21,79,318,UCF; Alabama,0,2025,,,,
00-0037821,Charles Cross,SEA,OT,active,ACT,67,2000-11-25,77,310,Mississippi State,3,2022,1,9,SEA,1
00-0036363,Josh Jones,SEA,OT,active,ACT,74,1997-06-22,79,310,Houston,5,2020,3,72,ARI,2
00-0039799,Sataoa Laumea,SEA,OT,practice_squad,DEV,63,2001-01-13,76,311,Utah,1,2024,6,179,SEA,
00-0034160,Michael Dickson,SEA,P,active,ACT,4,1996-01-04,74,208,Texas,7,2018,5,149,SEA,1
00-0035704,Drew Lock,SEA,QB,active,ACT,2,1996-11-10,76,228,Missouri,6,2019,2,42,DEN,2
00-0040673,Jalen Milroe,SEA,QB,active,ACT,6,2002-12-13,74,225,Alabama,0,2025,3,92,SEA,3
00-0034869,Sam Darnold,SEA,QB,active,ACT,14,1997-06-05,75,225,USC,7,2018,1,3,NYJ,1
00-0040651,Damien Martinez,SEA,RB,practice_squad,DEV,22,2004-01-31,72,232,Miami; Oregon State,0,2025,7,223,SEA,
00-0039299,George Holani,SEA,RB,active,ACT,36,1999-12-16,70,210,Boise State,1,2024,,,,3
00-0040067,Jacardia Wright,SEA,RB,practice_squad,DEV,31,2000-09-26,72,220,Missouri State; Kansas State,0,2025,,,,
00-0038134,Kenneth Walker III,SEA,RB,active,ACT,9,2000-10-20,69,210,Michigan State; Wake Forest,3,2022,2,41,SEA,1
00-0038636,Kenny McIntosh,SEA,RB,ir,RES,25,2000-03-03,72,210,Georgia,2,2023,7,237,SEA,4
00-0040649,Robbie Ouzts,SEA,RB,active,ACT,40,2002-09-06,75,270,Alabama,0,2025,5,175,SEA,1
00-0039165,Zach Charbonnet,SEA,RB,active,ACT,26,2001-01-08,73,220,UCLA; Michigan,2,2023,2,52,SEA,2
00-0038866,AJ Finley,SEA,S,ir,RES,30,2001-09-14,74,205,Mississippi,2,2023,,,,3
00-0038136,Coby Bryant,SEA,S,active,ACT,8,1999-03-29,73,198,Cincinnati,3,2022,4,109,SEA,1
00-0037332,D'Anthony Bell,SEA,S,practice_squad,DEV,23,1996-10-17,73,200,University of West Florida,3,2022,,,,
00-0038613,Jerrick Reed II,SEA,S,practice_squad,DEV,32,2000-08-07,69,192,New Mexico; Northwest Mississippi CC,2,2023,6,198,SEA,
00-0034974,Julian Love,SEA,S,active,ACT,20,1998-03-19,71,193,Notre Dame,6,2019,4,108,NYG,1
00-0040733,Nick Emmanwori,SEA,S,active,ACT,3,2004-02-07,75,227,South Carolina,0,2025,2,35,SEA,2
00-0038765,Ty Okada,SEA,S,active,ACT,39,1999-06-04,71,200,Montana State,2,2023,,,,2
00-0039793,AJ Barner,SEA,TE,active,ACT,88,2002-05-03,78,251,Michigan; Indiana,1,2024,4,121,SEA,1
00-0038488,Brady Russell,SEA,TE,active,ACT,38,1998-08-31,75,250,Colorado,2,2023,,,,2
00-0040739,Elijah Arroyo,SEA,TE,active,ACT,18,2003-04-05,77,245,Miami,0,2025,2,50,SEA,2
00-0033576,Eric Saubert,SEA,TE,active,ACT,81,1994-05-09,77,253,Drake,8,2017,5,174,ATL,3
00-0040058,Nick Kallerup,SEA,TE,active,INA,89,2001-03-27,77,270,Minnesota,0,2025,,,,4
00-0035891,Cody White,SEA,WR,active,ACT,82,1998-11-28,75,210,Michigan State,5,2020,,,,2
00-0033908,Cooper Kupp,SEA,WR,active,ACT,10,1993-06-15,74,208,Eastern Washington,8,2017,3,69,LA,1
00-0040445,Courtney Jackson,SEA,WR,practice_squad,DEV,84,2001-03-13,71,189,Arkansas State,0,2025,,,,
00-0037093,Dareke Young,SEA,WR,active,INA,83,1999-06-04,74,210,Lenoir Rhyne,3,2022,7,233,SEA,2
00-0038752,Jake Bobo,SEA,WR,active,INA,19,1998-08-04,76,215,UCLA; Duke,2,2023,,,,2
00-0038543,Jaxon Smith-Njigba,SEA,WR,active,ACT,11,2002-02-14,72,198,Ohio State,2,2023,1,20,SEA,1
00-0040653,Ricky White III,SEA,WR,practice_squad,DEV,86,2002-02-06,73,184,UNLV; Michigan State,0,2025,7,238,SEA,
00-0040648,Tory Horton,SEA,WR,active,ACT,15,2002-11-29,74,190,Colorado State; Nevada,0,2025,5,166,SEA,1
00-0040053,Tyrone Broden,SEA,WR,practice_squad,DEV,85,2001-02-26,77,200,Arkansas; Bowling Green,0,2025,,,,
00-0039700,Drake Nugent,SF,C,practice_squad,DEV,66,2001-02-09,73,301,Michigan; Stanford,1,2024,,,,
00-0032701,Jake Brendel,SF,C,active,ACT,64,1992-09-10,76,299,UCLA,9,2016,,,,1
00-0036295,Matt Hennessy,SF,C,active,ACT,61,1997-11-17,75,290,Temple,5,2020,3,78,ATL,2
00-0037321,Chase Lucas,SF,CB,active,ACT,26,1997-03-04,71,176,Arizona State,3,2022,7,237,DET,2
00-0038594,Darrell Luter Jr.,SF,CB,active,ACT,28,2000-04-24,72,190,South Alabama,2,2023,5,155,SF,2
00-0036563,Deommodore Lenoir,SF,CB,active,ACT,2,1999-10-06,70,202,Oregon,4,2021,5,172,SF,1
00-0032379,Eli Apple,SF,CB,practice_squad,DEV,30,1995-08-09,73,203,Ohio State,9,2016,1,10,NYG,
00-0040559,Jakob Robinson,SF,CB,ir,RES,49,2000-10-04,70,170,BYU; Utah State,0,2025,,,,3
00-0039345,Renardo Green,SF,CB,active,ACT,0,2000-11-09,72,186,Florida State,1,2024,2,64,SF,1
00-0039134,Tre Tomlinson,SF,CB,ir,RES,35,2001-01-10,69,180,TCU,2,2023,6,182,LA,2
00-0040152,Upton Stout,SF,CB,active,ACT,20,2002-01-09,69,182,Western Kentucky; North Texas,0,2025,3,100,SF,1
00-0040721,Alfred Collins,SF,DT,active,ACT,95,2001-10-08,77,317,Texas,0,2025,2,43,SF,2
00-0040711,CJ West,SF,DT,active,ACT,99,2002-06-12,73,316,Indiana; Kent State,0,2025,4,113,SF,2
00-0039696,Evan Anderson,SF,DT,practice_squad,DEV,58,2002-02-14,75,326,Florida Atlantic,1,2024,,,,
00-0036266,Jordan Elliott,SF,DT,active,ACT,92,1997-11-23,76,315,Missouri; Texas,5,2020,3,88,CLE,1
00-0039743,Jordan Jefferson,SF,DT,active,INA,96,2001-09-24,74,317,LSU,1,2024,4,116,JAX,3
00-0037832,Kalia Davis,SF,DT,active,ACT,93,1998-10-02,74,310,UCF,3,2022,6,220,SF,1
00-0035026,Kevin Givens,SF,DT,ir,RES,90,1997-03-01,73,285,Penn State,6,2019,,,,3
00-0040560,Sebastian Valdez,SF,DT,practice_squad,DEV,55,2002-08-01,75,305,Washington; Montana State,0,2025,,,,
00-0036151,Bryce Huff,SF,EDGE,active,ACT,47,1998-04-17,75,255,Memphis,5,2020,,,,3
00-0040660,Mykel Williams,SF,EDGE,active,ACT,98,2004-06-29,77,265,Georgia,0,2025,1,11,SF,1
00-0035717,Nick Bosa,SF,EDGE,active,ACT,97,1997-10-23,76,266,Ohio State,6,2019,1,2,SF,1
00-0038603,Robert Beal Jr.,SF,EDGE,active,INA,51,1999-08-18,76,250,Georgia,2,2023,5,173,SF,3
00-0037602,Sam Okuayinonu,SF,EDGE,active,ACT,91,1998-05-01,73,285,Maryland,3,2022,,,,2
00-0036921,Tarron Jackson,SF,EDGE,ir,RES,56,1998-06-22,74,260,Coastal Carolina,4,2021,6,191,PHI,4
00-0036305,Trevis Gipson,SF,EDGE,practice_squad,DEV,56,1997-06-13,76,268,Tulsa,5,2020,5,155,CHI,
00-0036288,Yetur Gross-Matos,SF,EDGE,active,ACT,94,1998-02-26,77,264,Penn State,5,2020,2,38,CAR,2
00-0029892,Kyle Juszczyk,SF,FB,active,ACT,44,1991-04-23,74,240,Harvard,12,2013,4,130,BAL,1
00-0038562,Jake Moody,SF,K,active,ACT,4,1999-11-23,73,210,Michigan,2,2023,3,99,SF,1
00-0036728,Curtis Robinson,SF,LB,active,ACT,59,1998-06-02,75,240,Stanford,4,2021,,,,
00-0038625,Dee Winters,SF,LB,active,ACT,53,2000-10-17,71,230,TCU,2,2023,6,216,SF,1
00-0034815,Fred Warner,SF,LB,active,ACT,54,1996-11-19,75,236,BYU,7,2018,3,70,SF,1
00-0038648,Jalen Graham,SF,LB,practice_squad,DEV,41,2001-01-11,75,220,Purdue,2,2023,7,255,SF,
00-0035413,Luke Gifford,SF,LB,active,ACT,57,1995-08-28,75,245,Nebraska,6,2019,,,,1
00-0040135,Nick Martin,SF,LB,active,INA,45,2002-10-13,71,220,Oklahoma State,0,2025,3,75,SF,2
00-0039435,Tatum Bethune,SF,LB,active,ACT,48,2001-02-19,72,230,Florida State; UCF,1,2024,7,251,SF,2
00-0027224,Jon Weeks,SF,LS,active,ACT,46,1986-02-17,70,242,Baylor,15,2010,,,,1
00-0036272,Ben Bartch,SF,OG,active,ACT,78,1998-07-22,78,305,St. John's (MN),5,2020,4,116,JAX,1
00-0040245,Connor Colby,SF,OG,active,ACT,75,2003-01-16,77,310,Iowa,0,2025,7,249,SF,2
00-0039351,Dominick Puni,SF,OG,active,ACT,77,2000-02-24,77,320,Kansas; Central Missouri,1,2024,3,86,SF,1
00-0040557,Drew Moss,SF,OG,active,INA,65,2003-05-21,75,300,Colorado State; Lamar,0,2025,,,,2
00-0037831,Nick Zakelj,SF,OG,practice_squad,DEV,63,1999-06-22,78,325,Fordham,3,2022,6,187,SF,
00-0035829,Austen Pleasants,SF,OT,active,INA,62,1997-08-22,79,312,Ohio,5,2020,,,,2
00-0036256,Colton McKivitz,SF,OT,active,ACT,68,1996-08-09,78,324,West Virginia,5,2020,5,153,SF,1
00-0036448,Isaac Alarcon,SF,OT,ir,RES,67,1998-07-27,79,301,,5,2020,,,,3
00-0038729,Kilian Zierer,SF,OT,practice_squad,DEV,76,2000-02-24,79,312,Auburn,2,2023,,,,
00-0037829,Spencer Burford,SF,OT,active,ACT,74,2000-07-19,76,295,Texas-San Antonio,3,2022,4,134,SF,2
00-0027857,Trent Williams,SF,OT,active,ACT,71,1988-07-19,77,320,Oklahoma,15,2010,1,4,WAS,1
00-0027114,Thomas Morstead,SF,P,active,ACT,7,1986-03-08,76,235,SMU,16,2009,5,164,NO,1
00-0038658,Adrian Martinez,SF,QB,practice_squad,DEV,18,2000-01-07,74,225,Kansas State; Nebraska,2,2023,,,,
00-0037834,Brock Purdy,SF,QB,active,ACT,13,1999-12-27,73,212,Iowa State,3,2022,7,262,SF,1
00-0040589,Kurtis Rourke,SF,QB,ir,RES,4,2000-10-25,76,223,Indiana,0,2025,7,227,SF,3
00-0036972,Mac Jones,SF,QB,active,ACT,10,1998-09-05,75,214,Alabama,4,2021,1,15,NE,2
00-0037746,Brian Robinson,SF,RB,active,ACT,3,1999-03-22,73,228,Alabama,3,2022,3,98,WAS,2
00-0033280,Christian McCaffrey,SF,RB,active,ACT,23,1996-06-07,71,205,Stanford,8,2017,1,8,CAR,1
00-0039363,Isaac Guerendo,SF,RB,active,ACT,31,2000-06-28,72,225,Louisville; Wisconsin,1,2024,4,129,SF,3
00-0040177,Jordan James,SF,RB,active,INA,29,2004-03-29,69,210,Oregon,0,2025,5,147,SF,4
00-0035973,Patrick Taylor,SF,RB,ir,RES,32,1998-04-29,73,223,Memphis,5,2020,,,,5
00-0037509,Sincere McCormick,SF,RB,practice_squad,DEV,35,2000-09-10,69,205,Texas-San Antonio,3,2022,,,,
00-0040659,Derrick Canteen,SF,S,practice_squad,DEV,40,2001-04-02,70,190,Cincinnati; Virginia Tech,0,2025,,,,
00-0036502,Jason Pinnock,SF,S,active,ACT,25,1999-06-30,72,205,Pittsburgh,4,2021,5,175,NYJ,1
00-0038554,Ji'Ayir Brown,SF,S,active,ACT,27,2000-01-25,71,202,Penn State; Lackawanna JC,2,2023,3,87,SF,1
00-0039360,Malik Mustapha,SF,S,ir,RES,6,2002-06-25,70,197,Wake Forest,1,2024,4,124,SF,3
00-0040185,Marques Sigle,SF,S,active,ACT,36,2002-07-18,71,197,Kansas State; North Dakota State,0,2025,5,160,SF,2
00-0034391,Siran Neal,SF,S,active,ACT,33,1994-08-04,72,205,Jacksonville State,7,2018,5,154,BUF,2
00-0038643,Brayden Willis,SF,TE,practice_squad,DEV,82,1999-11-11,76,235,Oklahoma,2,2023,7,247,SF,
00-0033288,George Kittle,SF,TE,active,ACT,85,1993-10-09,76,250,Iowa,8,2017,5,146,SF,1
00-0037112,Jake Tonges,SF,TE,active,ACT,88,1999-07-08,76,240,California,3,2022,,,,3
00-0036887,Luke Farrell,SF,TE,active,ACT,89,1997-10-14,77,258,Ohio State,4,2021,5,145,JAX,2
00-0036261,Brandon Aiyuk,SF,WR,ir,RES,11,1998-03-17,72,206,Arizona State; Sierra JC,5,2020,1,25,SF,3
00-0032775,Demarcus Robinson,SF,WR,ir,RES,5,1994-09-21,73,203,Florida,9,2016,4,126,KC,2
00-0039365,Jacob Cowing,SF,WR,ir,RES,19,2001-02-04,69,170,Arizona; Texas-El Paso,1,2024,4,135,SF,3
00-0036259,Jauan Jennings,SF,WR,active,ACT,15,1997-07-10,75,214,Tennessee,5,2020,7,217,SF,1
00-0040172,Jordan Watkins,SF,WR,active,INA,17,2002-02-15,71,196,Mississippi; Louisville,0,2025,4,138,SF,2
00-0040247,Junior Bergen,SF,WR,practice_squad,DEV,86,2002-10-23,69,184,Montana,0,2025,7,252,SF,
00-0034867,Malik Turner,SF,WR,practice_squad,DEV,84,1996-01-30,74,200,Illinois,7,2018,,,,
00-0034272,Marquez Valdes-Scantling,SF,WR,active,ACT,83,1994-10-10,76,207,University of South Florida; N.C. State,7,2018,5,174,GB,1
00-0039916,Ricky Pearsall,SF,WR,active,ACT,1,2000-09-09,73,190,Florida; Arizona State,1,2024,1,31,SF,1
00-0032688,Robbie Chosen,SF,WR,practice_squad,DEV,7,1993-05-09,75,190,Temple,9,2016,,,,
00-0034411,Russell Gage,SF,WR,active,ACT,14,1996-01-22,72,184,LSU,7,2018,6,194,ATL,
00-0038090,Skyy Moore,SF,WR,active,ACT,9,2000-09-10,70,195,Western Michigan,3,2022,2,54,KC,2
00-0033292,Trent Taylor,SF,WR,ir,RES,81,1994-04-30,68,181,Louisiana Tech,8,2017,5,177,SF,3
00-0040427,Ben Scott,TB,C,practice_squad,DEV,66,2001-01-09,77,305,Nebraska; Arizona State,0,2025,,,,
00-0039905,Graham Barton,TB,C,active,ACT,62,2002-06-01,77,311,Duke,1,2024,1,26,TB,1
00-0040747,Benjamin Morrison,TB,CB,active,INA,21,2004-03-11,72,190,Notre Dame,0,2025,2,53,TB,2
00-0036241,Bryce Hall,TB,CB,practice_squad,DEV,34,1997-11-05,73,201,Virginia,5,2020,5,158,NYJ,
00-0040143,Jacob Parrish,TB,CB,active,ACT,25,2004-02-29,70,198,Kansas State,0,2025,3,84,TB,1
00-0035699,Jamel Dean,TB,CB,active,ACT,35,1996-10-15,73,206,Auburn; Ohio State,6,2019,3,94,TB,1
00-0039051,Josh Hayes,TB,CB,active,ACT,32,1999-04-24,72,189,Kansas State; Virginia; North Dakota State,2,2023,6,181,TB,2
00-0036307,Kindle Vildor,TB,CB,active,INA,22,1997-12-11,71,190,Georgia Southern,5,2020,5,163,CHI,2
00-0037268,Zyon McCollum,TB,CB,active,ACT,27,1999-05-03,74,200,Sam Houston State,3,2022,5,157,TB,1
00-0033064,Adam Gotsis,TB,DT,active,ACT,97,1992-09-23,76,287,Georgia Tech,9,2016,2,63,DEN,
00-0037662,C.J. Brewer,TB,DT,practice_squad,DEV,52,1997-11-22,74,280,Coastal Carolina,3,2022,,,,
00-0039063,Calijah Kancey,TB,DT,active,ACT,94,2001-03-01,72,275,Pittsburgh,2,2023,1,19,TB,1
00-0040183,Elijah Roberts,TB,DT,active,ACT,95,2001-12-24,76,295,SMU; Miami,0,2025,5,157,TB,2
00-0035667,Greg Gaines,TB,DT,active,ACT,96,1996-05-06,73,312,Washington,6,2019,4,134,LA,2
00-0040105,Jayson Jones,TB,DT,practice_squad,DEV,93,2001-10-29,78,340,Auburn; Oregon,0,2025,,,,
00-0038127,Logan Hall,TB,DT,active,ACT,90,2000-04-22,78,275,Houston,3,2022,2,33,TB,1
00-0040420,Nash Hutmacher,TB,DT,practice_squad,DEV,64,2001-05-15,76,310,Nebraska,0,2025,,,,
00-0034773,Vita Vea,TB,DT,active,ACT,50,1995-02-05,76,347,Washington,7,2018,1,12,TB,1
00-0035254,Anthony Nelson,TB,EDGE,active,ACT,98,1997-03-04,79,272,Iowa,6,2019,4,107,TB,2
00-0039902,Chris Braswell,TB,EDGE,active,ACT,43,2001-10-25,75,255,Alabama,1,2024,2,57,TB,2
00-0040158,David Walker,TB,EDGE,ir,RES,51,2000-06-03,72,263,Central Arkansas; Southern Arkansas,0,2025,4,121,TB,3
00-0033875,Haason Reddick,TB,EDGE,active,ACT,5,1994-09-22,73,235,Temple,8,2017,1,13,ARI,1
00-0038958,Markees Watts,TB,EDGE,active,ACT,58,1999-12-07,73,240,Charlotte,2,2023,,,,3
00-0039877,Mohamed Kamara,TB,EDGE,practice_squad,DEV,59,2000-06-09,73,250,Colorado State,1,2024,5,158,MIA,
00-0039068,Yaya Diaby,TB,EDGE,active,ACT,0,1999-05-30,75,270,Louisville,2,2023,3,82,TB,1
00-0035358,Chase McLaughlin,TB,K,active,ACT,4,1996-04-09,72,187,Illinois,6,2019,,,,1
00-0032388,Deion Jones,TB,LB,active,ACT,45,1994-11-04,73,227,LSU,9,2016,2,52,ATL,2
00-0040416,John Bullock,TB,LB,active,ACT,57,2001-04-22,72,230,Nebraska,0,2025,,,,2
00-0029562,Lavonte David,TB,LB,active,ACT,54,1990-01-23,73,233,Nebraska; Fort Scott CC,13,2012,2,58,TB,1
00-0040625,Nick Jackson,TB,LB,practice_squad,DEV,53,2001-01-05,72,237,Iowa; Virginia,0,2025,,,,
00-0039049,SirVocea Dennis,TB,LB,active,ACT,8,2000-03-09,72,230,Pittsburgh,2,2023,5,153,TB,1
00-0038817,Evan Deckers,TB,LS,active,ACT,86,1999-02-23,75,244,Duke,2,2023,,,,1
00-0036132,Ben Bredeson,TB,OG,active,ACT,68,1998-02-20,77,325,Michigan,5,2020,4,143,BAL,1
00-0039157,Cody Mauch,TB,OG,active,ACT,69,1999-01-15,78,301,North Dakota State,2,2023,2,48,TB,1
00-0039411,Elijah Klein,TB,OG,active,ACT,79,2000-04-08,76,319,Texas-El Paso,1,2024,6,220,TB,2
00-0035266,Mike Jordan,TB,OG,active,ACT,60,1998-01-25,78,315,Ohio State,6,2019,4,136,CIN,
00-0040417,Benjamin Chukwuma,TB,OT,active,ACT,70,2001-05-08,78,310,Georgia State,0,2025,,,,2
00-0036195,Charlie Heck,TB,OT,active,ACT,77,1996-11-20,80,315,North Carolina,5,2020,4,126,HOU,2
00-0038426,Lorenz Metz,TB,OT,practice_squad,DEV,71,1997-03-07,81,330,Cincinnati,2,2023,,,,
00-0037835,Luke Goedeke,TB,OT,active,ACT,67,1998-11-21,77,310,Central Michigan,3,2022,2,57,TB,1
00-0038818,Luke Haggard,TB,OT,practice_squad,DEV,72,2000-01-03,79,305,Indiana,2,2023,,,,
00-0036406,Tristan Wirfs,TB,OT,active,INA,78,1999-01-24,77,322,Iowa,5,2020,1,13,TB,1
00-0039669,Tyler McLellan,TB,OT,practice_squad,DEV,74,1999-07-21,80,355,Campbell University,1,2024,,,,
00-0032943,Riley Dixon,TB,P,active,ACT,9,1993-08-24,76,221,Syracuse,9,2016,7,228,DEN,1
00-0034855,Baker Mayfield,TB,QB,active,ACT,6,1995-04-14,73,215,Oklahoma; Texas Tech,7,2018,1,1,CLE,1
00-0040415,Connor Bazelak,TB,QB,practice_squad,DEV,16,2000-09-22,75,225,Bowling Green; Indiana; Missouri,0,2025,,,,
00-0031237,Teddy Bridgewater,TB,QB,active,ACT,10,1992-11-10,74,215,Louisville,11,2014,1,32,MIN,2
00-0039361,Bucky Irving,TB,RB,active,ACT,7,2002-08-19,70,195,Oregon; Minnesota,1,2024,4,125,TB,1
00-0040429,Josh Williams,TB,RB,active,INA,18,2000-06-09,68,210,LSU,0,2025,,,,4
00-0037256,Rachaad White,TB,RB,active,ACT,1,1999-01-12,72,210,Arizona State; Mt. San Antonio; Kearney State,3,2022,3,91,TB,2
00-0038951,Sean Tucker,TB,RB,active,ACT,44,2001-10-25,70,210,Syracuse,2,2023,,,,3
00-0036411,Antoine Winfield Jr.,TB,S,active,ACT,31,1998-08-16,69,205,Minnesota,5,2020,2,45,TB,1
00-0038820,Christian Izien,TB,S,active,INA,29,2000-06-08,70,200,Rutgers,2,2023,,,,2
00-0040425,JJ Roberts,TB,S,ir,RES,36,2001-09-22,72,184,Marshall,0,2025,,,,3
00-0040284,Jack Henderson,TB,S,practice_squad,DEV,30,2001-12-26,74,205,Minnesota; Southeastern Louisiana,0,2025,,,,
00-0038823,Kaevon Merriweather,TB,S,active,ACT,26,1999-12-20,72,212,Iowa,2,2023,,,,2
00-0039596,Rashad Wisdom,TB,S,active,ACT,38,2001-06-06,69,210,Texas-San Antonio,1,2024,,,,3
00-0039846,Tykee Smith,TB,S,active,ACT,23,2001-02-18,70,205,Georgia; West Virginia,1,2024,3,89,TB,1
00-0038129,Cade Otton,TB,TE,active,ACT,88,1999-04-15,77,250,Washington,3,2022,4,106,TB,1
00-0039754,Devin Culp,TB,TE,active,INA,82,2000-02-02,76,237,Washington,1,2024,7,246,TB,4
00-0037311,Ko Kieft,TB,TE,active,ACT,41,1998-01-20,77,265,Minnesota,3,2022,6,218,TB,3
00-0039050,Payne Durham,TB,TE,active,ACT,87,2000-06-15,77,255,Purdue,2,2023,5,171,TB,2
00-0038828,Tanner Taula,TB,TE,practice_squad,DEV,84,1998-12-06,78,255,Illinois State,2,2023,,,,
00-0033921,Chris Godwin Jr.,TB,WR,active,INA,14,1996-02-27,73,209,Penn State,8,2017,3,84,TB,1
00-0037570,Dennis Houston,TB,WR,practice_squad,DEV,89,1999-04-24,73,205,Western Illinois,3,2022,,,,
00-0040129,Emeka Egbuka,TB,WR,active,ACT,2,2002-10-14,73,205,Ohio State,0,2025,1,19,TB,1
00-0040419,Garrett Greene,TB,WR,practice_squad,DEV,85,2001-10-12,71,201,West Virginia,0,2025,,,,
00-0040769,Jaden Smith,TB,WR,ir,RES,80,2001-12-13,78,210,Nevada; Tarleton State; Montana State,0,2025,,,,3
00-0039855,Jalen McMillan,TB,WR,ir,RES,15,2001-12-07,73,186,Washington,1,2024,3,92,TB,3
00-0039589,Kameron Johnson,TB,WR,active,ACT,19,2002-03-17,70,170,Barton College,1,2024,,,,2
00-0031408,Mike Evans,TB,WR,active,ACT,13,1993-08-21,77,231,Texas A&M,11,2014,1,7,TB,1
00-0038824,Ryan Miller,TB,WR,active,ACT,81,2000-02-20,74,209,Furman,2,2023,,,,3
00-0032385,Sterling Shepard,TB,WR,active,ACT,17,1993-02-10,70,201,Oklahoma,9,2016,2,40,NYG,2
00-0040237,Tez Johnson,TB,WR,active,ACT,15,2002-05-18,70,165,Oregon; Troy,0,2025,7,235,TB,2
00-0033793,Corey Levin,TEN,C,active,ACT,62,1994-08-12,76,307,Tennessee-Chattanooga,8,2017,6,217,TEN,
00-0040190,Jackson Slater,TEN,C,active,INA,64,2003-05-30,75,316,Sacramento State,0,2025,5,167,TEN,2
00-0036391,Lloyd Cushenberry III,TEN,C,active,ACT,79,1997-11-22,76,315,LSU,5,2020,3,83,DEN,1
00-0037549,Darrell Baker Jr.,TEN,CB,active,ACT,39,1998-03-27,73,200,Georgia Southern,3,2022,,,,2
00-0038119,Jalyn Armour-Davis,TEN,CB,active,INA,18,1999-09-03,73,192,Alabama,3,2022,4,119,BAL,2
00-0039372,Jarvis Brownlee Jr.,TEN,CB,active,ACT,29,2001-07-13,70,190,Louisville; Florida,1,2024,5,146,TEN,1
00-0036374,L'Jarius Sneed,TEN,CB,active,ACT,38,1997-01-21,73,193,Louisiana Tech,5,2020,4,138,KC,1
00-0040201,Marcus Harris,TEN,CB,active,ACT,26,2001-03-06,71,191,California; Idaho; Oregon State,0,2025,6,183,TEN,3
00-0038125,Roger McCreary,TEN,CB,active,ACT,21,2000-02-10,71,188,Auburn,3,2022,2,35,TEN,1
00-0037516,Sam Webb,TEN,CB,practice_squad,DEV,41,1998-05-19,72,195,Missouri Western,3,2022,,,,
00-0037830,Samuel Womack,TEN,CB,active,INA,35,1999-07-07,70,187,Toledo,3,2022,5,172,SF,2
00-0039332,C.J. Ravenell,TEN,DT,active,INA,91,2000-07-07,77,287,Missouri Western,1,2024,,,,2
00-0040517,Cam Horsley,TEN,DT,practice_squad,DEV,68,2002-02-06,75,315,Boston College,0,2025,,,,
00-0033563,Carlos Watkins,TEN,DT,active,ACT,96,1993-12-05,75,297,Clemson,8,2017,4,142,HOU,
00-0040521,Isaiah Raikes,TEN,DT,practice_squad,DEV,76,2001-05-15,73,323,Auburn; Texas A&M,0,2025,,,,
00-0036337,James Lynch,TEN,DT,active,ACT,97,1999-01-20,76,295,Baylor,5,2020,4,130,MIN,2
00-0035643,Jeffery Simmons,TEN,DT,active,ACT,98,1997-07-28,76,300,Mississippi State,6,2019,1,19,TEN,1
00-0034810,Sebastian Joseph-Day,TEN,DT,active,ACT,69,1995-03-21,76,310,Rutgers,7,2018,6,195,LA,1
00-0035409,Shy Tuttle,TEN,DT,active,INA,90,1995-10-20,75,300,Tennessee,6,2019,,,,2
00-0039886,T'Vondre Sweat,TEN,DT,active,ACT,93,2001-07-11,76,346,Texas,1,2024,2,38,TEN,1
00-0037585,Timmy Horne,TEN,DT,practice_squad,DEV,94,1997-10-25,76,321,Kansas State,3,2022,,,,
00-0038724,Ali Gaye,TEN,EDGE,practice_squad,DEV,99,1997-11-29,78,262,LSU; Garden City CC; Arizona Western,2,2023,,,,
00-0034825,Arden Key,TEN,EDGE,active,ACT,49,1996-05-03,77,240,LSU,7,2018,3,87,LV,1
00-0035678,Dre'Mont Jones,TEN,EDGE,active,ACT,45,1997-01-05,75,281,Ohio State,6,2019,3,71,DEN,1
00-0039436,Jaylen Harrell,TEN,EDGE,active,ACT,92,2002-05-01,76,242,Michigan,1,2024,7,252,TEN,3
00-0033046,Jihad Ward,TEN,EDGE,active,ACT,53,1994-05-11,77,287,Illinois; Globe Institute,9,2016,2,44,LV,2
00-0040752,Oluwafemi Oladejo,TEN,EDGE,active,ACT,7,2003-09-29,75,250,UCLA; California,0,2025,2,52,TEN,2
00-0035192,Joey Slye,TEN,K,active,ACT,6,1996-04-10,71,213,Virginia Tech,6,2019,,,,1
00-0038908,Anfernee Orji,TEN,LB,ir,RES,59,2000-10-06,74,230,Vanderbilt,2,2023,,,,3
00-0039858,Cedric Gray,TEN,LB,active,ACT,33,2002-10-30,74,235,North Carolina,1,2024,4,106,TEN,1
00-0035672,Cody Barton,TEN,LB,active,ACT,50,1996-11-13,74,237,Utah,6,2019,3,88,SEA,1
00-0040503,Dorian Mausi,TEN,LB,active,ACT,54,2002-03-05,73,234,Auburn; Duke,0,2025,,,,2
00-0039430,James Williams,TEN,LB,active,ACT,52,2003-02-15,76,215,Miami,1,2024,7,242,TEN,2
00-0034375,Kyzir White,TEN,LB,practice_squad,DEV,7,1996-03-24,74,216,West Virginia; Lackawanna JC,7,2018,4,119,LAC,
00-0027557,Morgan Cox,TEN,LS,active,ACT,46,1986-04-26,76,233,Tennessee,15,2010,,,,1
00-0035355,Blake Hance,TEN,OG,active,ACT,73,1996-01-11,77,310,Northwestern,6,2019,,,,2
00-0040453,Clay Webb,TEN,OG,practice_squad,DEV,60,2000-03-28,75,312,Jacksonville State; Georgia,0,2025,,,,
00-0029592,Kevin Zeitler,TEN,OG,active,ACT,70,1990-03-08,76,315,Wisconsin,13,2012,1,27,CIN,1
00-0039034,Peter Skoronski,TEN,OG,active,ACT,77,2001-07-31,76,294,Northwestern,2,2023,1,11,TEN,1
00-0037605,Andrew Rupcich,TEN,OT,practice_squad,DEV,76,1999-04-01,78,323,Culver-Stockton College,3,2022,,,,
00-0040512,Brandon Crenshaw-Dickson,TEN,OT,active,INA,78,2001-02-22,79,322,Florida; San Diego State,0,2025,,,,2
00-0036869,Dan Moore Jr.,TEN,OT,active,ACT,75,1998-09-28,77,315,Texas A&M,4,2021,4,128,PIT,1
00-0039731,JC Latham,TEN,OT,active,ACT,55,2003-02-08,78,360,Alabama,1,2024,1,7,TEN,1
00-0038852,John Ojukwu,TEN,OT,practice_squad,DEV,61,1999-01-09,77,310,Boise State,2,2023,,,,
00-0034994,Olisaemeka Udoh,TEN,OT,active,ACT,72,1997-02-14,78,323,Elon,6,2019,6,193,MIN,2
00-0028872,Johnny Hekker,TEN,P,active,ACT,3,1990-02-08,77,241,Oregon State,13,2012,,,,1
00-0032434,Brandon Allen,TEN,QB,active,ACT,10,1992-09-05,74,209,Arkansas,9,2016,6,201,JAX,2
00-0040676,Cam Ward,TEN,QB,active,ACT,1,2002-05-25,74,219,Miami; Washington State; Incarnate Word,0,2025,1,1,TEN,1
00-0032156,Trevor Siemian,TEN,QB,practice_squad,DEV,15,1991-12-26,75,220,Northwestern,10,2015,7,250,DEN,
00-0039152,Will Levis,TEN,QB,ir,RES,8,1999-06-27,76,232,Kentucky; Penn State,2,2023,2,33,TEN,3
00-0038678,Jordan Mims,TEN,RB,practice_squad,DEV,24,1999-06-16,72,205,Fresno State,2,2023,,,,
00-0037594,Julius Chestnut,TEN,RB,active,ACT,36,2000-10-26,71,215,Sacred Heart University,3,2022,,,,2
00-0040205,Kalel Mullings,TEN,RB,active,ACT,31,2002-10-04,74,233,Michigan,0,2025,6,188,TEN,3
00-0035261,Tony Pollard,TEN,RB,active,ACT,20,1997-04-30,72,209,Memphis,6,2019,4,128,DAL,1
00-0039032,Tyjae Spears,TEN,RB,ir,RES,2,2001-06-15,71,195,Tulane,2,2023,3,81,TEN,4
00-0035632,Amani Hooker,TEN,S,active,ACT,37,1998-06-14,71,210,Iowa,6,2019,4,116,TEN,1
00-0040141,Kevin Winston Jr.,TEN,S,active,INA,23,2003-12-02,74,208,Penn State,0,2025,3,82,TEN,2
00-0037493,Mike Brown,TEN,S,active,ACT,44,1999-04-07,73,222,Miami (Ohio),3,2022,,,,3
00-0031608,Quandre Diggs,TEN,S,active,ACT,28,1993-01-22,69,197,Texas,10,2015,6,200,DET,2
00-0033579,Xavier Woods,TEN,S,active,ACT,25,1995-07-26,71,202,Louisiana Tech,8,2017,6,191,DAL,1
00-0037809,Chig Okonkwo,TEN,TE,active,ACT,85,1999-09-08,75,250,Maryland,3,2022,4,143,TEN,1
00-0039648,David Martin-Robinson,TEN,TE,active,ACT,88,1999-12-26,75,255,Temple,1,2024,,,,3
00-0040628,Drake Dabney,TEN,TE,practice_squad,DEV,86,2002-05-14,77,255,TCU; Baylor,0,2025,,,,
00-0040584,Gunnar Helm,TEN,TE,active,ACT,84,2002-09-06,77,250,Texas,0,2025,4,120,TEN,2
00-0038145,Thomas Odukoya,TEN,TE,practice_squad,DEV,89,1997-05-05,78,260,Eastern Michigan,3,2022,,,,
00-0039650,Bryce Oliver,TEN,WR,active,ACT,80,2000-05-19,73,215,Youngstown State; Kentucky,1,2024,,,,2
00-0034837,Calvin Ridley,TEN,WR,active,ACT,0,1994-12-20,73,190,Alabama,7,2018,1,26,ATL,1
00-0040705,Chimere Dike,TEN,WR,active,ACT,17,2001-12-14,73,199,Florida; Wisconsin,0,2025,4,103,TEN,2
00-0040170,Elic Ayomanor,TEN,WR,active,ACT,5,2003-06-03,74,210,Stanford,0,2025,4,136,TEN,1
00-0036133,James Proche,TEN,WR,practice_squad,DEV,13,1996-09-20,71,193,SMU,5,2020,6,201,BAL,
00-0036176,Mason Kinsey,TEN,WR,practice_squad,DEV,12,1998-08-29,71,195,Berry College,5,2020,,,,
00-0037742,Treylon Burks,TEN,WR,ir,RES,16,2000-03-23,74,225,Arkansas,3,2022,1,18,TEN,3
00-0032211,Tyler Lockett,TEN,WR,active,ACT,4,1992-09-28,70,182,Kansas State,10,2015,3,69,SEA,1
00-0036415,Van Jefferson,TEN,WR,active,ACT,11,1996-07-26,73,197,Florida; Mississippi,5,2020,2,57,LA,2
00-0040522,Xavier Restrepo,TEN,WR,practice_squad,DEV,87,2002-04-12,70,198,Miami,0,2025,,,,
00-0035686,Michael Deiter,WAS,C,active,ACT,60,1996-09-03,78,310,Wisconsin,6,2019,3,78,MIA,
00-0036376,Tyler Biadasz,WAS,C,active,ACT,63,1997-11-20,75,320,Wisconsin,5,2020,4,146,DAL,1
00-0032933,Antonio Hamilton,WAS,CB,practice_squad,DEV,34,1993-01-24,72,190,South Carolina State,9,2016,,,,
00-0040322,Car'lin Vigers,WAS,CB,practice_squad,DEV,25,2000-08-16,74,200,Louisiana-Monroe; Independence Comm. College,0,2025,,,,
00-0038388,Darius Rush,WAS,CB,practice_squad,DEV,29,2000-02-22,74,200,South Carolina,2,2023,5,138,IND,
00-0032580,Jonathan Jones,WAS,CB,active,ACT,31,1993-09-20,70,190,Auburn,9,2016,,,,2
00-0033874,Marshon Lattimore,WAS,CB,active,ACT,2,1996-05-20,72,192,Ohio State,8,2017,1,11,NO,1
00-0039898,Mike Sainristil,WAS,CB,active,ACT,0,2000-10-03,70,182,Michigan,1,2024,2,50,WAS,1
00-0036287,Noah Igbinoghene,WAS,CB,active,ACT,6,1999-11-27,71,196,Auburn,5,2020,1,30,MIA,2
00-0040731,Trey Amos,WAS,CB,active,ACT,23,2002-03-03,73,197,Mississippi; Alabama; Louisiana,0,2025,2,61,WAS,1
00-0034333,Daron Payne,WAS,DT,active,ACT,94,1997-05-27,75,320,Alabama,7,2018,1,13,WAS,1
00-0031551,Eddie Goldman,WAS,DT,active,ACT,97,1994-01-06,75,320,Florida State,10,2015,2,39,CHI,2
00-0036260,Javon Kinlaw,WAS,DT,active,ACT,99,1997-10-03,77,310,South Carolina; Jones County JC,5,2020,1,14,SF,1
00-0039906,Jer'Zhan Newton,WAS,DT,active,ACT,95,2002-08-31,74,295,Illinois,1,2024,2,36,WAS,2
00-0040314,Ricky Barber,WAS,DT,practice_squad,DEV,66,2001-01-31,75,295,UCF; Western Kentucky,0,2025,,,,
00-0033010,Sheldon Day,WAS,DT,practice_squad,DEV,98,1994-07-01,73,294,Notre Dame,9,2016,4,103,JAX,
00-0033947,Deatrich Wise,WAS,EDGE,active,ACT,91,1994-07-26,77,275,Arkansas,8,2017,4,131,NE,1
00-0034373,Dorance Armstrong,WAS,EDGE,active,ACT,92,1997-06-10,76,255,Kansas,7,2018,4,116,DAL,1
00-0034163,Jacob Martin,WAS,EDGE,active,ACT,55,1995-12-11,74,242,Temple,7,2018,6,186,SEA,2
00-0034264,Jalyn Holmes,WAS,EDGE,practice_squad,DEV,96,1996-01-25,77,283,Ohio State,7,2018,4,102,MIN,
00-0039412,Javontae Jean-Baptiste,WAS,EDGE,active,ACT,90,2000-05-16,76,255,Notre Dame; Ohio State,1,2024,7,222,WAS,2
00-0040004,T.J. Maguranyanga,WAS,EDGE,practice_squad,DEV,59,2002-12-22,76,234,,0,2025,,,,
00-0035269,Matt Gay,WAS,K,active,ACT,16,1994-03-15,72,232,Utah; Utah Valley,6,2019,5,145,TB,1
00-0040318,Ale Kaho,WAS,LB,active,ACT,51,2000-04-07,74,230,UCLA; Alabama,0,2025,,,,4
00-0029255,Bobby Wagner,WAS,LB,active,ACT,54,1990-06-27,72,242,Utah State,13,2012,2,47,SEA,1
00-0034302,Frankie Luvu,WAS,LB,active,ACT,4,1996-09-19,75,235,Washington State,7,2018,,,,1
00-0039368,Jordan Magee,WAS,LB,active,ACT,58,2001-03-24,75,225,Temple,1,2024,5,139,WAS,2
00-0040216,Kain Medrano,WAS,LB,active,ACT,56,2001-02-16,75,230,UCLA,0,2025,6,205,WAS,3
00-0028292,Nick Bellore,WAS,LB,active,ACT,57,1989-05-12,73,250,Central Michigan,14,2011,,,,2
00-0027940,Von Miller,WAS,LB,active,ACT,24,1989-03-26,75,250,Texas A&M,14,2011,1,2,DEN,1
00-0031156,Tyler Ott,WAS,LS,active,ACT,69,1992-02-28,75,253,Harvard,11,2014,,,,1
00-0033831,Andrew Wylie,WAS,OG,active,ACT,71,1994-08-19,77,309,Eastern Michigan,8,2017,,,,2
00-0039913,Brandon Coleman,WAS,OG,active,ACT,74,2000-10-12,78,325,TCU; Trinity Valley CC,1,2024,3,67,WAS,1
00-0037092,Chris Paul,WAS,OG,active,ACT,75,1998-11-19,76,324,Tulsa,3,2022,7,230,WAS,2
00-0039246,Darrian Dalcourt,WAS,OG,practice_squad,DEV,76,2000-09-17,75,305,Alabama,1,2024,,,,
00-0035149,Nick Allegretti,WAS,OG,active,ACT,67,1996-04-21,76,320,Illinois,6,2019,7,216,KC,1
00-0036618,Sam Cosmi,WAS,OG,ir,RES,76,1999-02-16,78,295,Texas,4,2021,2,51,WAS,3
00-0032466,George Fant,WAS,OT,active,ACT,77,1992-07-19,77,322,Western Kentucky,9,2016,,,,2
00-0040686,Josh Conerly Jr.,WAS,OT,active,ACT,72,2003-11-05,76,315,Oregon,0,2025,1,29,WAS,1
00-0032380,Laremy Tunsil,WAS,OT,active,ACT,78,1994-08-02,77,313,Mississippi,9,2016,1,13,MIA,1
00-0036367,Lucas Niang,WAS,OT,ir,RES,53,1998-08-19,78,328,TCU,5,2020,3,96,KC,3
00-0040320,Timothy McKay,WAS,OT,practice_squad,DEV,68,2002-01-15,76,311,North Carolina,0,2025,,,,
00-0034571,Trent Scott,WAS,OT,active,ACT,73,1994-01-25,77,320,Grambling State,7,2018,,,,2
00-0030140,Tress Way,WAS,P,active,ACT,10,1990-04-18,73,220,Oklahoma,12,2013,,,,1
00-0039910,Jayden Daniels,WAS,QB,active,ACT,5,2000-12-18,76,210,LSU; Arizona State,1,2024,1,2,WAS,1
00-0026300,Josh Johnson,WAS,QB,active,ACT,14,1986-05-15,75,219,San Diego,17,2008,5,160,TB,3
00-0032268,Marcus Mariota,WAS,QB,active,ACT,8,1993-10-30,76,222,Oregon,10,2015,1,2,TEN,2
00-0039677,Sam Hartman,WAS,QB,practice_squad,DEV,15,1999-07-29,73,210,Notre Dame; Wake Forest,1,2024,,,,
00-0033699,Austin Ekeler,WAS,RB,active,ACT,30,1995-05-17,70,200,Western State,8,2017,,,,1
00-0038611,Chris Rodriguez Jr.,WAS,RB,active,ACT,36,1999-09-26,71,224,Kentucky,2,2023,6,193,WAS,4
00-0039686,Colson Yankoff,WAS,RB,active,ACT,80,2000-03-01,76,225,UCLA; Washington,1,2024,,,,4
00-0040400,Donovan Edwards,WAS,RB,practice_squad,DEV,32,2003-02-25,73,212,Michigan,0,2025,,,,
00-0040242,Jacory Croskey-Merritt,WAS,RB,active,ACT,22,2001-04-12,71,208,Arizona; New Mexico; Alabama State,0,2025,7,245,WAS,2
00-0033955,Jeremy McNichols,WAS,RB,active,ACT,26,1995-12-26,69,205,Boise State,8,2017,5,162,TB,3
00-0034465,Jeremy Reaves,WAS,S,active,ACT,39,1996-08-29,71,205,South Alabama,7,2018,,,,2
00-0038100,Percy Butler,WAS,S,active,ACT,35,2000-05-05,72,191,Louisiana-Lafayette,3,2022,4,113,WAS,2
00-0039149,Quan Martin,WAS,S,active,ACT,20,2000-04-17,72,195,Illinois,2,2023,2,47,WAS,1
00-0040319,Robert McDaniel,WAS,S,practice_squad,DEV,47,2000-10-18,74,207,Jackson State University; Alcorn State,0,2025,,,,
00-0039681,Tyler Owens,WAS,S,active,ACT,18,2001-05-12,74,200,Texas Tech; Texas,1,2024,,,,3
00-0035655,Will Harris,WAS,S,active,ACT,3,1995-12-19,73,207,Boston College,6,2019,3,81,DET,1
00-0039912,Ben Sinnott,WAS,TE,active,ACT,82,2002-06-14,76,245,Kansas State,1,2024,2,53,WAS,3
00-0036628,John Bates,WAS,TE,active,ACT,87,1997-11-06,78,256,Boise State,4,2021,4,124,WAS,2
00-0036145,Lawrence Cager,WAS,TE,practice_squad,DEV,89,1997-08-20,77,220,Georgia; Miami,5,2020,,,,
00-0035356,Tyree Jackson,WAS,TE,ir,RES,80,1997-11-07,79,249,Buffalo,6,2019,,,,5
00-0030061,Zach Ertz,WAS,TE,active,ACT,86,1990-11-10,77,250,Stanford,12,2013,2,35,PHI,1
00-0032398,Chris Moore,WAS,WR,active,ACT,19,1993-06-16,73,200,Cincinnati,9,2016,4,107,BAL,
00-0035719,Deebo Samuel Sr.,WAS,WR,active,ACT,1,1996-01-15,72,214,South Carolina,6,2019,2,36,SF,1
00-0040315,Ja'Corey Brooks,WAS,WR,practice_squad,DEV,88,2001-10-31,75,195,Louisville,0,2025,,,,
00-0040317,Jacoby Jones,WAS,WR,practice_squad,DEV,84,2001-07-18,75,228,UCF; Ohio,0,2025,,,,
00-0040164,Jaylin Lane,WAS,WR,active,ACT,83,2002-05-01,70,192,Virginia Tech; Middle Tennessee State,0,2025,4,128,WAS,2
00-0039355,Luke McCaffrey,WAS,WR,active,ACT,11,2001-04-02,74,195,Rice; Nebraska,1,2024,3,100,WAS,2
00-0033591,Noah Brown,WAS,WR,active,ACT,85,1996-01-06,74,225,Ohio State,8,2017,7,239,DAL,1
00-0035659,Terry McLaurin,WAS,WR,active,ACT,17,1995-09-15,72,210,Ohio State,6,2019,3,76,WAS,1
