gsis_id,name,team,position,depth_rank,snaps,basis,pr,speed,acceleration,agility,strength,jumping,stamina,football_iq,composure,determination,leadership,consistency,big_games,durability,recovery,pain_tolerance,throw_power,short_accuracy,medium_accuracy,deep_accuracy,throw_on_run,pocket_presence,decision,ball_security,vision,elusiveness,break_tackle,catching,contested_catch,route_running,release,run_block,pass_block,lead_block,power_rush,finesse_rush,block_shedding,run_stop,tackling,pursuit,man_coverage,zone_coverage,press,ball_skills,kick_power,kick_accuracy,punt_power,punt_accuracy,returning
00-0037572,Alec Lindstrom,,C,,0,prior,10.5,4.21,6.88,7.57,12.92,9.36,11.8,9.42,11.0,9.52,5.29,11.95,14.32,12.99,11.05,11.39,3.99,3.41,3.44,4.61,1.0,2.5,3.18,4.3,4.08,2.46,4.03,1.74,3.3,3.37,3.7,10.77,10.42,2.19,4.38,3.71,3.34,2.95,3.38,2.47,4.01,4.72,1.6,2.94,3.76,1.46,2.58,2.82,3.35
00-0039502,Andrew Raym,,C,,0,prior,10.0,1.0,2.07,6.63,12.73,4.79,11.8,7.13,2.61,5.38,8.8,13.3,14.66,4.31,5.8,11.39,2.31,3.35,2.08,3.29,2.22,4.98,2.9,2.12,3.9,2.09,3.85,3.63,3.02,2.0,4.59,10.66,10.42,1.86,2.71,3.03,3.63,2.94,2.17,3.98,3.61,3.99,2.9,1.59,2.01,2.99,2.81,2.84,3.86
00-0039675,Bucky Williams,,C,,0,prior,10.3,4.45,5.92,7.2,12.56,8.6,11.8,9.15,5.85,8.24,6.36,14.04,10.54,10.4,11.05,11.39,5.35,2.67,5.28,1.2,1.34,2.89,3.28,3.52,2.36,2.87,4.25,3.56,4.49,3.38,3.47,10.66,10.42,2.49,3.09,2.48,3.3,1.77,3.18,2.4,4.0,3.08,2.59,4.02,4.25,4.15,3.53,3.93,3.53
00-0037531,Dohnovan West,,C,,0,prior,10.3,4.02,5.73,6.74,13.05,8.36,11.8,8.75,5.78,6.83,8.17,6.71,10.56,10.4,11.05,11.39,4.05,3.31,3.92,2.52,3.78,2.22,3.15,3.04,5.14,2.48,2.81,2.93,4.28,3.68,2.29,10.77,10.42,4.88,4.04,2.27,1.5,2.57,2.56,3.32,3.78,3.34,2.07,3.25,1.75,3.52,1.99,1.0,2.66
00-0037088,Doug Kramer,,C,3.0,72,prior,10.5,4.84,6.05,7.55,11.65,8.84,11.8,8.32,9.26,9.86,8.39,8.57,9.29,14.69,11.05,15.42,2.11,2.96,4.04,2.88,3.35,2.62,5.12,1.19,3.66,4.34,3.36,3.08,1.28,1.0,2.57,11.67,10.87,2.17,4.03,2.24,2.03,1.31,3.19,3.24,3.96,3.49,2.57,4.66,3.92,3.38,4.02,2.0,2.53
00-0040359,Jacob Bayer,,C,,0,prior,10.1,4.36,5.78,6.98,11.89,8.62,11.8,7.16,8.38,10.48,4.55,10.35,7.03,10.4,11.05,11.39,1.59,3.32,3.61,2.56,3.02,2.53,1.4,1.61,3.88,3.45,1.0,2.55,1.89,1.63,1.86,10.96,10.89,3.32,1.35,1.54,4.16,3.13,3.63,2.44,1.62,4.1,2.73,3.07,5.79,2.75,3.28,3.95,2.34
00-0036273,Jake Hanson,,C,,283,measured,12.1,1.0,4.12,6.69,16.62,8.25,11.8,12.25,9.4,4.85,10.45,11.66,8.9,4.86,7.5,5.91,3.51,4.12,3.01,2.52,2.14,2.97,2.61,1.0,4.95,4.92,2.87,3.62,2.55,2.2,3.36,12.82,10.72,3.03,3.65,2.98,4.44,2.38,3.5,3.31,4.6,4.19,2.8,1.81,3.42,4.59,3.83,4.64,2.58
00-0040422,Jake Majors,,C,2.0,0,prior,11.7,4.31,5.72,6.88,11.44,8.63,11.8,9.67,7.88,9.07,6.27,10.47,11.19,10.4,11.05,11.39,1.37,2.97,2.9,3.18,3.73,3.02,4.13,3.64,3.01,4.66,2.33,4.8,4.87,4.0,2.85,10.39,15.64,1.61,2.32,2.22,2.5,2.74,2.84,3.55,3.14,3.63,1.41,3.08,1.46,3.76,4.66,2.53,2.96
00-0040483,Jarrod Hufford,,C,,0,prior,10.2,3.8,5.45,6.31,11.68,8.4,11.8,8.45,7.93,8.73,6.52,6.71,9.93,10.4,11.05,11.39,2.48,3.26,2.24,2.05,2.6,1.91,3.09,3.0,2.64,1.0,2.49,3.93,2.67,3.61,3.21,10.96,10.89,2.37,3.69,3.78,3.72,3.77,4.11,3.17,2.87,2.87,3.79,3.71,2.44,3.1,2.78,2.98,3.64
00-0036859,Jimmy Morrissey,,C,,26,prior,11.1,2.35,4.78,9.49,13.39,9.86,11.8,9.8,6.72,8.55,7.95,6.31,10.92,8.08,7.05,11.39,3.06,2.78,3.19,3.31,2.76,4.63,2.51,4.43,1.43,3.18,2.01,4.05,4.21,1.92,1.0,11.45,10.75,3.12,3.14,2.34,3.62,2.64,1.0,2.9,2.64,1.37,3.2,2.33,2.32,1.54,2.84,3.48,1.0
00-0040717,Joey Lombard,,C,,0,prior,10.5,3.97,5.66,6.63,12.73,8.37,11.8,9.02,10.22,6.46,4.97,12.56,1.85,10.4,11.05,11.39,4.29,3.62,2.17,2.29,4.06,4.04,3.07,2.3,2.47,1.88,3.35,2.44,1.71,2.26,4.2,10.96,10.89,3.02,1.32,5.03,3.42,1.62,3.61,5.38,4.62,3.04,2.18,3.58,1.0,2.36,1.79,2.27,4.21
00-0039704,Matthew Cindric,,C,,0,prior,10.4,4.07,5.79,6.84,13.37,8.35,11.8,8.92,7.34,6.19,7.33,12.07,9.24,10.4,11.05,11.39,2.81,3.25,4.51,2.11,3.78,2.7,2.57,1.0,2.7,2.16,2.87,2.25,1.0,4.71,2.36,10.66,10.42,2.2,1.93,3.0,3.49,3.4,1.0,2.97,3.66,2.57,2.22,2.38,2.07,2.4,4.05,2.74,1.41
00-0038358,Mike Mcallister,,C,,0,prior,10.1,4.81,6.0,7.48,11.38,8.85,11.8,8.46,6.85,3.58,8.37,13.39,13.35,10.4,11.05,11.39,3.78,1.45,2.73,2.27,2.55,2.98,2.08,3.44,3.31,2.99,3.98,3.1,1.77,3.27,2.14,10.74,10.42,1.96,3.97,2.64,5.77,3.54,1.46,3.7,3.35,2.06,3.63,1.97,3.99,4.01,2.93,2.64,2.61
00-0036236,Nick Harris,,C,,288,measured,12.5,5.33,5.87,8.07,10.0,8.69,11.8,13.04,6.75,11.97,9.21,14.45,11.97,8.41,14.18,7.55,3.56,1.77,2.22,3.51,1.48,3.04,2.81,3.0,3.8,1.7,4.62,2.9,3.53,2.89,5.08,13.37,14.16,1.84,1.19,5.24,1.79,3.74,3.4,1.56,3.79,2.32,1.77,3.89,2.32,1.0,3.88,3.92,2.25
00-0035062,Sam Mustipher,,C,,656,measured,11.5,4.41,5.59,7.1,11.1,8.54,11.8,11.07,7.89,9.97,8.96,5.45,12.77,11.93,7.36,11.39,4.01,4.55,4.1,2.26,2.57,3.57,3.56,1.58,2.75,2.41,2.8,2.94,1.9,2.66,3.22,14.08,10.81,3.03,4.06,2.16,2.67,4.52,3.32,4.05,2.84,4.02,4.39,2.64,2.51,3.32,3.12,4.16,2.24
00-0039612,Sincere Haynesworth,,C,,0,prior,9.8,5.23,6.17,7.9,10.49,9.09,11.8,7.72,7.07,9.22,6.79,12.74,7.43,10.4,11.05,11.39,3.02,3.69,2.49,3.22,2.13,3.65,2.91,4.33,3.28,1.93,1.97,2.13,2.18,2.07,3.77,10.66,10.42,3.97,3.4,3.23,4.16,2.75,4.65,3.2,1.81,3.43,3.77,1.32,3.9,4.2,1.94,2.2,3.89
00-0036856,Trey Hill,,C,,2,prior,10.4,1.0,3.96,6.08,10.77,8.42,11.8,10.26,7.04,2.23,7.17,9.12,10.34,15.11,11.05,7.74,3.26,1.14,3.94,3.41,2.3,2.02,2.97,2.83,3.75,1.91,3.09,2.66,3.17,3.15,3.41,11.45,10.54,3.41,3.02,4.14,4.34,2.09,2.66,4.13,3.01,2.69,3.76,3.17,1.0,5.26,2.48,3.47,2.27
00-0037396,Wesley French,,C,,175,measured,11.0,3.65,5.32,6.3,12.41,8.15,11.8,10.5,7.47,8.46,7.75,10.25,8.88,12.41,11.05,11.39,2.07,2.22,1.8,3.49,2.61,1.0,3.77,3.27,3.62,2.85,2.97,3.77,3.66,3.52,2.01,11.61,11.34,3.42,1.61,4.25,3.09,3.84,3.42,2.89,5.02,4.1,1.0,3.48,4.61,2.35,3.39,3.4,4.13
00-0039685,A.J. Woods,,CB,,0,prior,8.3,15.04,15.64,13.92,7.08,15.04,11.8,9.14,8.99,9.06,4.69,10.62,14.06,10.4,11.05,11.39,2.9,2.41,2.87,3.86,2.62,2.86,3.68,2.51,2.6,4.04,3.74,2.66,2.75,2.95,1.0,4.5,2.41,1.61,3.23,2.33,3.19,8.56,12.38,17.4,3.91,3.91,10.29,3.91,3.8,3.27,1.55,3.05,7.26
00-0040770,Ajani Carter,,CB,,0,prior,8.9,14.97,15.87,14.33,6.63,15.23,11.8,9.12,11.98,6.85,6.96,12.74,9.47,10.4,11.05,11.39,2.41,2.78,2.86,3.26,3.78,2.16,3.56,4.62,3.18,1.22,4.47,2.33,1.73,2.5,3.54,4.77,2.42,4.36,4.59,2.6,4.05,7.23,12.31,15.22,5.24,5.24,10.15,4.53,3.67,3.01,3.1,4.1,14.19
00-0039506,Alex Johnson,,CB,,0,prior,8.3,15.05,15.74,13.94,6.75,15.03,11.8,8.59,10.28,7.8,7.91,9.49,8.41,10.4,11.05,11.39,3.98,3.62,2.25,2.83,1.75,4.2,1.49,4.25,4.31,4.52,2.88,4.39,2.55,2.4,2.45,3.42,2.09,2.47,2.39,1.07,2.07,8.56,12.38,17.41,3.91,3.91,10.19,3.91,1.57,2.79,2.61,3.4,7.26
00-0037415,Allan George,,CB,,15,prior,8.3,15.04,15.64,13.92,7.08,15.04,11.8,10.18,3.79,5.09,7.95,15.02,14.13,12.19,11.05,11.39,3.38,3.04,4.18,3.74,3.44,4.38,2.49,4.19,2.82,1.51,2.79,4.14,3.4,3.21,3.38,1.51,3.05,3.53,2.58,3.09,2.02,7.91,12.21,17.01,3.97,3.97,10.29,3.99,2.53,1.45,4.59,3.46,9.62
00-0035270,Amani Oruwariye,,CB,,466,measured,9.8,14.5,14.05,15.5,8.5,14.42,11.8,10.66,11.83,9.0,9.64,11.35,10.97,4.8,14.79,5.53,3.33,4.59,2.86,2.0,2.29,3.9,2.75,3.16,2.81,1.79,3.0,4.09,4.56,1.0,2.82,4.21,3.28,2.68,2.38,1.02,3.12,8.57,13.98,15.35,6.35,6.35,10.71,7.43,3.45,2.93,3.79,2.8,8.47
00-0038130,Andrew Booth,,CB,,243,measured,9.3,15.0,15.71,14.12,7.02,15.14,11.8,10.2,8.26,11.72,7.34,12.86,13.16,8.34,7.07,7.37,2.72,2.27,3.7,1.96,1.01,2.06,3.84,3.85,2.67,2.13,2.88,1.66,3.07,4.85,4.43,2.73,2.3,3.23,2.78,2.73,3.04,7.02,11.74,15.52,5.82,5.82,10.27,6.38,1.02,3.29,1.42,2.19,6.27
00-0033503,Arthur Maulet,,CB,,536,measured,9.0,10.55,11.55,12.38,9.0,12.49,11.8,10.26,3.35,8.63,10.17,11.16,10.21,4.37,5.08,7.03,2.97,3.53,3.43,2.28,4.95,2.66,2.92,2.31,1.79,2.34,2.15,3.72,2.75,3.66,2.45,3.2,1.0,3.59,1.39,2.81,2.3,11.58,14.53,9.6,6.99,6.99,10.86,7.22,4.13,3.86,2.5,3.06,11.87
00-0040343,Aydan White,,CB,,0,prior,8.9,15.05,15.75,13.92,6.73,15.02,11.8,8.25,8.89,8.91,7.71,11.2,9.49,10.4,11.05,11.39,2.76,4.91,2.04,2.06,4.46,2.59,2.68,4.48,3.64,3.99,2.76,2.98,4.01,2.15,2.95,4.14,3.67,3.69,2.89,3.6,4.23,7.23,12.31,15.25,5.24,5.24,10.18,4.53,2.1,4.65,3.49,5.34,14.19
00-0038916,Azizi Hearn,,CB,,0,prior,8.3,14.96,15.76,14.34,6.99,15.25,11.8,9.6,5.15,8.72,8.44,9.44,11.31,10.4,11.05,11.39,4.04,2.45,3.6,3.13,3.88,4.89,3.18,4.23,1.17,3.54,4.34,2.47,2.4,4.71,2.44,1.0,2.94,2.4,2.2,4.49,3.55,8.59,12.38,17.34,3.93,3.93,10.26,3.93,4.11,2.33,3.42,3.0,7.03
00-0040297,BJ Adams,,CB,,0,prior,8.9,15.05,15.74,13.94,6.75,15.03,11.8,5.98,7.73,7.87,4.85,11.77,11.76,10.4,11.05,11.39,2.28,2.06,2.54,5.26,2.16,1.31,2.56,3.77,2.91,1.0,1.0,2.12,2.63,2.08,3.63,2.8,3.25,2.5,2.8,2.9,3.95,7.23,12.31,15.25,5.24,5.24,10.19,4.53,2.36,4.93,3.52,3.46,14.19
00-0040029,BJ Mayes,,CB,,0,prior,8.9,15.05,15.74,13.94,6.75,15.03,11.8,8.82,12.02,10.41,5.92,9.49,8.64,10.4,11.05,11.39,1.97,3.22,3.5,2.82,4.66,4.4,4.09,1.17,2.61,2.43,1.69,1.32,1.0,3.18,4.35,3.62,3.18,3.02,2.91,2.61,3.73,7.23,12.31,15.25,5.24,5.24,10.19,4.53,2.37,1.77,2.91,1.89,14.19
00-0040565,Brandon Crossley,,CB,,0,prior,8.9,15.07,15.76,13.85,6.62,14.97,11.8,8.13,7.42,7.78,6.17,6.59,10.37,10.4,11.05,11.39,1.8,4.58,3.65,1.81,2.16,2.91,2.7,3.62,2.63,3.59,2.68,4.19,2.7,3.17,3.79,3.0,3.85,2.67,3.28,2.63,2.22,7.23,12.31,15.26,5.24,5.24,10.15,4.53,3.75,3.33,2.08,2.19,14.19
00-0036330,Cameron Dantzler,,CB,,207,measured,9.2,11.69,14.15,14.06,6.22,14.4,11.8,9.3,10.62,7.56,10.14,8.57,7.25,6.59,15.34,5.34,3.38,2.16,2.99,2.02,3.59,4.02,3.07,1.81,4.65,3.31,2.56,2.53,3.64,4.44,3.62,2.6,5.2,4.69,2.23,2.35,4.22,8.1,12.99,13.42,6.87,6.87,10.03,6.35,3.65,3.7,3.96,2.41,6.96
00-0037095,Christian Holmes,,CB,,65,prior,8.5,14.98,15.78,14.24,6.85,15.2,11.8,9.28,9.47,5.15,8.65,10.59,11.61,8.4,17.21,15.11,3.79,4.23,2.97,2.68,2.97,1.8,2.47,2.78,1.34,1.0,3.15,3.18,3.9,4.7,3.41,5.15,2.77,1.83,1.64,1.0,1.0,7.06,11.34,15.42,4.49,4.49,10.22,4.2,2.0,2.12,3.46,4.03,10.35
00-0040519,Clarence Lewis,,CB,,0,prior,8.9,15.0,15.7,14.14,7.05,15.15,11.8,6.83,7.4,5.99,6.07,12.62,12.98,10.4,11.05,11.39,4.21,2.85,2.12,5.13,1.23,3.79,3.23,2.98,3.51,4.02,2.55,1.93,1.6,1.86,3.51,4.5,5.31,3.73,4.32,4.16,2.33,7.23,12.31,15.23,5.24,5.24,10.28,4.53,2.32,2.24,1.33,3.93,14.19
00-0039322,D.J. Miller,,CB,,0,prior,8.3,15.05,15.74,13.94,6.75,15.03,11.8,8.2,8.73,7.58,4.15,10.98,10.71,10.4,11.05,11.39,2.42,4.03,2.41,1.64,2.05,4.94,1.97,2.92,3.76,2.94,2.87,3.42,2.2,1.05,2.96,3.75,4.17,1.6,2.9,1.47,4.9,8.56,12.38,17.41,3.91,3.91,10.19,3.91,2.71,2.94,2.59,2.6,7.26
00-0039883,Daequan Hardy,,CB,,0,prior,8.7,17.09,17.18,13.4,7.02,18.43,11.8,9.04,7.95,9.5,7.04,8.48,9.97,10.4,11.05,11.39,2.53,3.23,4.24,3.68,2.77,1.49,3.72,4.54,1.84,1.97,3.07,1.62,2.21,3.11,2.48,1.87,4.25,2.47,1.0,3.68,5.03,8.46,12.32,18.2,3.92,3.92,10.27,3.92,4.31,2.93,1.88,4.02,6.63
00-0037395,Dallis Flowers,,CB,,358,measured,8.3,14.95,15.73,13.97,6.56,15.0,11.8,9.92,6.28,7.07,8.12,14.71,10.28,15.68,11.05,14.83,4.04,4.2,3.23,2.2,3.39,3.32,2.66,2.58,3.02,1.36,3.13,2.77,2.35,2.93,3.0,3.22,4.63,3.47,3.92,3.95,1.77,6.66,8.85,13.5,4.33,4.33,10.13,4.74,1.7,4.46,3.25,2.58,12.63
00-0037984,Damarion Williams,,CB,,94,prior,8.8,15.13,14.16,13.55,8.5,13.37,11.8,8.74,7.23,7.01,7.7,13.0,15.43,13.75,11.05,6.21,3.04,2.09,3.93,3.11,3.42,3.11,4.92,2.48,3.1,2.82,3.91,1.7,2.9,3.94,3.33,1.8,1.0,3.96,2.29,2.63,3.66,6.63,11.56,16.0,5.14,5.14,10.71,4.67,3.16,2.09,1.73,3.39,7.8
00-0040523,Davion Ross,,CB,,0,prior,8.9,15.12,15.8,13.67,6.34,14.86,11.8,11.21,6.16,7.3,4.02,11.83,5.47,10.4,11.05,11.39,2.08,1.0,1.49,4.24,2.4,4.91,3.37,4.82,3.66,4.1,3.67,2.44,3.02,3.08,2.3,2.64,4.22,3.3,2.7,3.0,4.28,7.23,12.31,15.28,5.24,5.24,10.07,4.53,1.25,2.97,3.31,1.31,14.19
00-0039378,Deantre Prince,,CB,,95,prior,9.2,17.09,16.93,13.85,6.62,14.36,11.8,10.56,8.91,10.04,6.29,12.43,5.36,12.99,11.05,11.39,2.45,2.56,2.84,1.88,4.3,4.63,2.72,1.0,4.07,3.05,2.59,3.43,1.29,2.84,1.78,3.09,3.29,1.7,4.03,2.68,4.08,4.96,11.17,16.27,5.09,5.09,10.15,4.25,2.29,2.2,3.49,2.74,9.7
00-0040103,Desmond Igbinosun,,CB,,0,prior,8.9,14.95,15.66,14.38,7.38,15.29,11.8,7.87,9.63,8.52,5.4,10.48,10.6,10.4,11.05,11.39,2.65,3.55,3.76,5.02,1.99,2.99,1.84,3.22,2.73,4.05,3.35,1.33,3.6,4.09,3.37,4.17,2.22,3.89,3.09,3.52,3.18,7.23,12.31,15.21,5.24,5.24,10.38,4.53,3.74,1.0,1.91,1.5,14.19
00-0040341,Doneiko Slaughter,,CB,,0,prior,8.9,15.05,15.74,13.94,6.75,15.03,11.8,8.86,5.93,7.33,5.29,11.03,11.4,10.4,11.05,11.39,3.11,3.41,1.0,2.2,4.02,2.96,3.17,4.06,3.59,4.18,1.41,1.13,5.81,2.84,1.9,1.41,2.93,1.73,2.16,3.16,4.81,7.23,12.31,15.25,5.24,5.24,10.19,4.53,3.69,2.72,3.44,3.34,14.19
00-0035696,Duke Shelley,,CB,,233,measured,9.6,14.84,15.21,13.22,7.15,14.57,11.8,10.89,8.41,10.22,10.06,12.27,13.62,12.09,15.19,7.46,1.6,3.34,2.28,2.13,3.55,3.85,2.09,3.67,2.2,2.39,2.67,1.93,4.33,3.05,3.67,1.92,2.74,2.53,5.65,4.01,2.5,6.34,10.74,14.58,6.69,6.69,10.31,6.9,3.34,1.0,3.59,2.29,9.76
00-0038956,Ekow Boye-Doe,,CB,,10,prior,8.2,15.13,15.81,13.6,6.24,14.81,11.8,7.93,10.73,6.3,8.33,5.56,12.2,12.41,11.05,11.39,2.86,2.07,3.33,2.21,3.0,4.57,2.99,1.92,1.67,2.52,3.66,2.63,2.98,2.88,1.49,2.95,4.13,3.3,1.93,2.25,4.08,7.92,12.04,17.07,3.96,3.96,10.03,3.96,4.87,4.1,5.3,3.1,9.7
00-0035862,Essang Bassey,,CB,,318,measured,9.2,15.24,16.69,15.2,6.0,17.4,11.8,11.67,9.48,4.32,9.66,10.57,9.0,12.47,7.21,14.83,3.23,1.94,2.46,1.92,1.74,2.94,3.44,3.68,2.8,3.21,2.09,1.0,3.9,2.61,3.08,2.69,3.21,2.87,2.8,3.34,2.14,3.91,8.3,12.81,5.62,5.62,9.96,5.74,4.0,3.23,2.15,1.82,12.34
00-0040308,Ethan Robinson,,CB,,0,prior,8.9,15.05,15.74,13.94,6.75,15.03,11.8,9.03,9.27,6.13,6.69,8.73,7.91,10.4,11.05,11.39,4.45,2.66,3.17,1.18,5.03,3.36,1.81,2.27,1.0,2.53,1.89,3.45,4.49,2.52,5.07,4.03,4.18,2.27,1.6,3.18,3.47,7.23,12.31,15.25,5.24,5.24,10.19,4.53,3.89,2.84,1.57,3.36,14.19
00-0039646,Gabe Jeudy-Lally,,CB,,0,prior,8.3,15.03,15.82,14.04,6.56,15.07,11.8,8.8,10.03,9.13,7.84,13.49,11.55,12.99,11.05,11.39,4.89,1.7,4.36,3.53,1.72,2.92,3.97,4.68,2.91,1.53,3.81,1.26,4.4,1.77,2.98,3.28,2.32,4.04,2.37,2.37,1.67,8.56,12.38,17.4,3.91,3.91,10.13,3.91,3.72,1.84,3.34,2.42,7.26
00-0040516,Garnett Hollis Jr.,,CB,,0,prior,8.9,15.0,15.7,14.14,7.05,15.15,11.8,8.15,8.34,6.39,7.01,8.21,12.32,10.4,11.05,11.39,2.92,3.63,2.69,4.45,1.86,2.72,4.29,4.99,2.68,2.42,1.0,4.73,2.27,1.35,3.47,3.47,2.58,3.09,3.28,4.18,2.6,7.23,12.31,15.23,5.24,5.24,10.28,4.53,2.15,5.02,4.15,4.2,14.19
00-0040091,Glendon Miller,,CB,,0,prior,8.9,14.98,15.68,14.24,7.19,15.21,11.8,10.75,9.85,7.96,5.09,8.26,6.15,10.4,11.05,11.39,1.22,1.85,1.88,4.44,2.26,4.05,1.0,1.06,1.83,1.8,4.29,3.03,2.45,2.36,2.36,1.16,5.26,2.86,6.1,2.04,4.56,7.23,12.31,15.22,5.24,5.24,10.32,4.53,2.44,1.81,3.16,3.62,14.19
00-0037296,Gregory Junior,,CB,,67,prior,8.9,15.05,15.74,13.94,6.75,15.03,11.8,8.7,10.68,7.48,7.24,13.78,4.97,7.37,17.42,11.39,1.55,3.6,2.67,1.84,4.46,2.96,2.29,4.14,2.94,3.45,2.17,3.88,3.68,4.42,2.65,4.07,4.33,4.37,1.61,3.26,2.97,9.05,13.57,16.42,5.11,5.11,10.19,4.28,2.74,3.56,1.6,3.91,9.31
00-0036344,Harrison Hand,,CB,,47,prior,8.6,13.85,16.77,12.4,7.0,18.53,11.8,11.68,7.7,6.29,9.07,8.27,9.93,8.21,7.4,7.74,3.5,1.0,3.19,3.31,2.09,3.88,2.78,2.87,3.95,2.99,3.26,3.51,3.65,3.91,3.23,2.51,3.45,4.85,2.95,3.71,4.9,7.49,11.89,15.57,5.19,5.19,10.26,4.64,2.19,3.08,4.41,5.51,7.4
00-0040479,Hudson Clark,,CB,,0,prior,8.9,15.04,15.74,13.96,6.78,15.04,11.8,8.17,5.89,4.8,6.71,12.54,11.74,10.4,11.05,11.39,2.6,2.63,3.24,3.1,4.07,5.04,3.26,2.75,2.81,1.0,1.92,1.77,3.03,2.48,3.21,2.73,3.5,2.87,3.63,3.35,4.08,7.23,12.31,15.25,5.24,5.24,10.2,4.53,3.43,1.78,4.47,3.28,14.19
00-0040389,Ian Kennelly,,CB,,0,prior,8.9,14.98,15.69,14.22,7.16,15.2,11.8,9.47,8.19,9.6,6.89,9.28,13.51,10.4,11.05,11.39,2.18,2.86,4.08,3.61,1.21,2.3,2.62,1.56,3.2,4.36,3.78,4.56,1.0,3.7,2.28,1.98,3.74,1.85,3.54,3.29,3.89,7.23,12.31,15.22,5.24,5.24,10.31,4.53,2.76,2.49,2.99,2.83,14.19
00-0040282,Isaac Gifford,,CB,,0,prior,8.9,15.0,15.7,14.15,7.08,15.17,11.8,9.27,7.55,9.4,5.26,11.13,10.24,10.4,11.05,11.39,2.44,3.27,2.4,1.62,2.56,2.73,3.4,5.04,2.5,2.18,2.7,4.34,2.28,3.39,3.85,3.43,3.38,3.86,4.46,4.2,3.01,7.23,12.31,15.23,5.24,5.24,10.29,4.53,1.27,3.57,2.73,2.74,14.19
00-0038641,Isaiah Bolden,,CB,,132,measured,8.8,14.95,15.85,14.42,6.77,15.28,11.8,10.07,8.32,10.2,3.37,13.65,11.47,12.99,11.05,15.42,2.7,3.28,3.13,2.82,3.4,3.25,2.17,2.48,2.15,1.78,2.22,4.26,2.97,3.71,2.34,2.13,1.95,3.05,2.06,2.12,3.92,6.91,11.43,14.77,5.16,5.16,10.19,4.17,3.73,4.35,3.58,3.64,11.89
00-0040065,Isas Waxter,,CB,,0,prior,8.9,14.93,15.83,14.5,6.88,15.33,11.8,8.72,9.85,8.11,4.86,9.91,15.96,10.4,11.05,11.39,3.8,2.59,2.86,2.74,3.25,2.2,3.99,2.74,3.87,1.21,4.09,1.62,4.17,2.61,2.8,1.75,3.3,4.25,3.27,3.73,3.38,7.23,12.31,15.2,5.24,5.24,10.23,4.53,4.44,2.66,3.2,3.75,14.19
00-0040278,JaTravis Broughton,,CB,,0,prior,8.9,15.03,15.72,14.03,6.89,15.09,11.8,8.38,7.97,9.32,3.28,13.55,12.59,10.4,11.05,11.39,3.65,4.67,2.16,2.88,3.04,3.33,1.64,5.05,3.2,2.25,3.79,2.88,1.17,3.59,3.15,2.74,2.88,3.8,3.52,2.72,3.46,7.23,12.31,15.24,5.24,5.24,10.23,4.53,2.5,2.95,1.91,4.33,14.19
00-0040084,Jacobe Covington,,CB,,0,prior,8.9,15.0,15.71,14.12,7.02,15.14,11.8,8.93,9.4,6.85,4.89,10.11,10.23,10.4,11.05,11.39,3.48,3.19,2.72,2.71,1.67,1.93,3.98,2.27,3.04,3.13,2.73,4.26,4.18,1.56,3.83,2.54,1.5,4.27,2.87,2.85,1.61,7.23,12.31,15.23,5.24,5.24,10.27,4.53,1.93,3.65,4.67,3.69,14.19
00-0032803,Jalen Mills,,CB,,919,measured,9.3,11.01,12.65,16.1,8.0,14.65,11.8,10.36,8.46,7.64,9.34,13.4,9.09,12.47,5.24,8.42,2.38,2.03,3.08,1.52,3.14,2.08,2.49,3.34,2.84,3.65,1.89,3.02,2.33,3.75,4.09,2.34,4.37,3.72,3.14,4.45,1.03,11.01,12.18,11.26,6.76,6.76,10.56,8.51,4.36,3.37,2.98,4.28,10.74
00-0040777,JayVian Farr,,CB,,0,prior,8.9,15.04,15.73,13.97,6.81,15.05,11.8,9.7,7.72,4.97,7.84,10.48,7.37,10.4,11.05,11.39,3.77,3.82,4.22,2.66,2.9,1.0,2.47,4.4,5.07,3.76,2.61,3.46,3.72,4.09,3.85,3.25,2.29,2.86,4.38,3.0,2.83,7.23,12.31,15.24,5.24,5.24,10.2,4.53,3.14,3.35,1.79,3.23,14.19
00-0040474,Jaylen Jones,,CB,,0,prior,8.9,14.99,15.69,14.18,7.11,15.18,11.8,8.0,6.3,7.72,8.05,13.96,10.81,10.4,11.05,11.39,2.14,3.77,4.38,2.06,1.31,3.03,3.21,3.74,3.29,2.56,2.83,2.56,2.78,4.13,4.11,1.0,2.16,2.75,2.69,1.48,2.57,7.23,12.31,15.23,5.24,5.24,10.29,4.53,3.24,1.41,2.59,2.36,14.19
00-0040610,Jeremiah Walker,,CB,,0,prior,8.9,15.03,15.73,14.01,6.86,15.08,11.8,6.71,9.22,8.61,5.1,7.24,13.16,10.4,11.05,11.39,3.08,3.78,3.77,3.89,3.51,5.38,3.2,4.81,3.98,2.09,4.75,5.41,3.77,1.7,3.68,4.07,3.82,2.66,1.43,3.94,2.15,7.23,12.31,15.24,5.24,5.24,10.22,4.53,4.2,3.64,1.39,4.86,14.19
00-0040515,Jermari Harris,,CB,,0,prior,8.9,15.11,15.79,13.71,6.4,14.88,11.8,9.88,2.43,9.34,4.23,10.63,9.5,10.4,11.05,11.39,3.03,2.35,3.14,3.29,4.86,2.92,3.68,4.34,3.61,5.64,2.62,2.28,2.01,3.97,2.72,3.2,2.7,4.74,3.21,1.6,1.25,7.23,12.31,15.27,5.24,5.24,10.08,4.53,2.33,2.82,3.11,1.14,14.19
00-0040484,John Humphrey,,CB,,0,prior,8.9,15.02,15.72,14.05,6.92,15.1,11.8,9.32,6.29,11.32,6.9,5.42,3.82,10.4,11.05,11.39,3.92,2.57,3.6,3.27,2.97,2.54,6.26,3.11,1.11,2.79,3.15,2.96,3.72,2.92,4.16,3.74,2.44,4.21,2.7,1.0,3.4,7.23,12.31,15.24,5.24,5.24,10.24,4.53,1.66,4.88,1.96,1.41,14.19
00-0040575,Jordan Polk,,CB,,0,prior,8.9,15.03,15.72,14.03,6.89,15.09,11.8,8.62,9.13,7.9,3.74,16.05,12.34,10.4,11.05,11.39,2.5,3.42,4.52,2.59,2.46,1.0,3.03,5.85,2.39,2.02,4.43,2.61,4.25,2.27,3.33,3.69,2.42,3.54,1.02,1.56,3.75,7.23,12.31,15.24,5.24,5.24,10.23,4.53,3.92,3.07,1.91,3.66,14.19
00-0040448,Joshua Pickett,,CB,,0,prior,8.9,15.06,15.75,13.9,6.7,15.01,11.8,8.78,4.71,7.16,7.01,13.57,14.69,10.4,11.05,11.39,2.66,1.0,3.54,3.51,1.67,4.82,2.89,2.16,2.9,3.25,3.56,1.93,3.06,3.53,3.95,3.04,1.72,1.81,3.69,3.17,2.42,7.23,12.31,15.25,5.24,5.24,10.17,4.53,2.4,2.84,2.64,2.43,14.19
00-0038668,Kaleb Hayes,,CB,,0,prior,8.3,15.03,15.72,14.03,6.89,15.09,11.8,8.44,10.25,6.37,6.36,11.82,15.85,10.4,11.05,11.39,1.56,2.84,3.39,2.08,2.35,3.04,2.4,3.93,3.09,1.56,4.23,2.4,2.65,2.45,3.69,3.57,3.29,2.57,3.59,3.14,2.4,8.59,12.38,17.37,3.93,3.93,10.23,3.93,5.23,2.0,3.78,3.23,7.03
00-0040750,Kam Alexander,,CB,,0,prior,8.9,15.12,15.8,13.67,6.34,14.86,11.8,9.23,6.96,10.1,4.88,13.97,13.09,10.4,11.05,11.39,2.62,3.05,4.65,3.77,3.13,3.53,2.04,2.26,1.06,2.19,2.8,3.5,3.93,3.3,2.57,4.47,4.26,1.44,3.45,4.32,2.87,7.23,12.31,15.28,5.24,5.24,10.07,4.53,3.78,3.16,3.48,2.27,14.19
00-0040499,Keenan Garber,,CB,,0,prior,8.9,15.06,15.75,13.9,6.7,15.01,11.8,8.66,6.66,6.43,6.65,13.32,8.83,10.4,11.05,11.39,3.36,1.81,2.16,2.48,1.91,2.59,1.47,3.84,2.38,4.18,4.32,3.05,3.01,2.46,1.95,1.29,4.32,3.0,1.0,5.03,3.59,7.23,12.31,15.25,5.24,5.24,10.17,4.53,2.99,3.77,2.89,3.42,14.19
00-0038819,Keenan Isaac,,CB,,1,prior,8.3,15.0,15.98,14.26,6.16,15.16,11.8,9.26,8.65,7.69,7.47,9.26,7.19,14.69,11.05,11.39,4.17,2.41,4.27,2.67,2.68,4.58,2.88,3.79,3.18,3.92,2.77,1.67,3.86,1.2,4.11,4.98,2.65,2.84,3.76,1.73,4.61,8.55,12.33,17.34,3.94,3.94,10.01,3.94,3.74,3.3,4.62,3.06,7.4
00-0036561,Keith Taylor,,CB,,233,measured,8.6,13.48,15.5,14.88,6.0,14.2,11.8,9.2,9.93,7.39,8.75,8.79,7.64,15.11,11.05,11.39,4.24,4.9,4.45,4.49,2.61,4.26,3.72,3.36,5.03,2.04,3.59,1.94,1.0,3.5,2.53,2.28,4.01,5.18,4.5,3.83,3.5,4.05,9.77,14.0,5.04,5.04,9.96,5.67,1.85,1.75,3.51,2.45,9.71
00-0035542,Kemon Hall,,CB,,0,prior,8.3,14.98,15.57,13.75,6.95,14.91,11.8,10.2,9.07,6.27,11.09,12.94,4.58,4.38,17.55,11.39,2.06,2.4,3.88,1.31,2.83,3.07,2.14,5.1,2.88,2.58,2.71,2.86,1.63,3.97,3.93,3.92,3.06,3.37,3.65,3.59,4.32,8.88,12.32,17.32,3.95,3.95,10.25,3.95,2.69,1.62,2.9,1.0,6.41
00-0035255,Kendall Sheffield,,CB,,101,measured,9.3,14.58,15.07,13.78,7.74,14.84,11.8,8.87,9.32,9.26,10.1,11.77,10.07,7.54,5.39,7.19,3.64,4.16,2.1,3.77,3.31,3.53,1.59,4.34,2.86,3.01,4.25,2.39,2.47,2.91,2.29,4.33,1.37,1.38,2.09,2.26,3.14,9.17,12.4,13.98,5.96,5.96,10.49,5.95,3.29,2.93,3.44,2.32,6.8
00-0040674,Keydrain Calligan,,CB,,0,prior,8.9,14.99,15.79,14.22,6.83,15.19,11.8,8.19,6.84,9.94,7.16,10.99,11.93,10.4,11.05,11.39,3.77,2.57,4.07,2.71,3.93,5.53,2.34,3.83,3.97,4.4,3.46,3.42,2.56,4.72,2.52,1.0,2.81,1.36,3.02,4.18,2.59,7.23,12.31,15.22,5.24,5.24,10.21,4.53,3.33,2.04,3.09,2.63,14.19
00-0037484,Kyler McMichael,,CB,,0,prior,8.3,14.96,15.67,14.32,7.3,15.26,11.8,9.7,6.58,8.73,6.19,8.7,10.88,10.4,11.05,11.39,3.13,2.96,3.21,3.46,4.52,3.73,3.93,3.21,2.45,3.64,1.85,3.24,4.44,3.13,2.78,1.0,4.05,2.83,3.23,4.96,3.89,8.6,12.33,17.33,3.94,3.94,10.35,3.93,1.99,4.48,4.04,2.91,6.95
00-0040355,Ladarius Tennison,,CB,,0,prior,8.9,15.0,15.71,14.12,7.02,15.14,11.8,8.67,5.26,9.66,4.32,14.33,14.69,10.4,11.05,11.39,3.6,2.36,3.9,3.59,1.66,1.33,3.2,4.78,2.84,3.56,3.95,3.5,3.47,2.72,3.36,3.41,1.9,3.07,2.99,2.87,2.42,7.23,12.31,15.23,5.24,5.24,10.27,4.53,3.02,4.14,4.59,1.7,14.19
00-0039638,Lance Robinson,,CB,,0,prior,8.2,15.13,15.62,13.55,6.87,14.83,11.8,8.09,7.79,8.3,7.45,15.07,12.03,10.4,11.05,11.39,3.55,3.22,4.05,1.69,4.07,1.28,3.26,2.57,4.49,2.02,3.21,3.01,3.49,5.1,2.96,3.12,1.53,2.85,2.13,2.12,2.07,8.56,12.38,17.44,3.91,3.91,10.22,3.91,3.96,3.64,4.1,3.46,7.26
00-0036101,Luq Barcoo,,CB,,0,prior,8.3,15.1,15.88,13.78,6.15,14.9,11.8,11.07,8.52,7.7,8.75,14.18,11.45,10.4,11.05,11.39,4.81,3.22,3.82,3.87,1.0,4.79,2.12,2.27,2.68,3.35,3.43,3.58,2.11,3.16,3.0,1.15,2.85,2.78,2.67,4.09,5.2,8.79,12.32,17.38,3.94,3.94,10.01,3.94,3.65,2.58,3.82,3.39,6.57
00-0039418,MJ Devonshire,,CB,,0,prior,8.3,15.07,15.66,13.83,6.95,14.99,11.8,7.44,7.83,6.71,7.44,8.12,11.18,10.4,11.05,11.39,2.12,3.43,3.43,3.49,2.61,5.19,4.01,3.35,2.37,2.56,3.66,3.59,1.9,1.59,3.67,2.29,3.14,1.0,2.41,1.0,2.55,8.47,12.32,17.4,3.92,3.92,10.25,3.92,3.31,2.16,4.09,2.82,6.69
00-0040119,Major Williams,,CB,,0,prior,8.9,15.05,15.74,13.94,6.75,15.03,11.8,7.33,10.39,7.63,5.02,11.46,14.17,10.4,11.05,11.39,3.88,1.57,4.11,1.85,2.0,3.3,3.03,3.48,3.61,3.15,3.82,1.93,4.27,2.46,3.11,2.54,2.76,2.24,3.4,2.84,1.0,7.23,12.31,15.25,5.24,5.24,10.19,4.53,2.5,3.04,3.02,2.26,14.19
00-0040437,Makari Paige,,CB,,0,prior,8.9,14.97,15.68,14.28,7.24,15.23,11.8,10.41,8.12,8.69,6.17,12.64,10.56,10.4,11.05,11.39,2.66,3.0,1.0,3.81,2.47,2.96,2.5,2.87,1.46,1.1,2.04,4.23,3.84,2.93,2.57,3.58,2.78,2.71,2.25,3.2,3.77,7.23,12.31,15.22,5.24,5.24,10.33,4.53,3.05,2.68,2.4,3.43,14.19
00-0040612,Malik Dixon-Williams,,CB,,0,prior,8.9,15.0,15.71,14.12,7.02,15.14,11.8,8.5,7.54,7.81,7.67,16.14,9.31,10.4,11.05,11.39,3.69,4.9,2.67,2.8,1.97,1.0,4.15,1.87,5.44,2.61,3.18,2.14,2.97,2.18,1.99,1.98,1.87,2.82,2.86,1.56,2.76,7.23,12.31,15.23,5.24,5.24,10.27,4.53,1.45,2.95,2.53,2.64,14.19
00-0037136,Mario Goodrich,,CB,,46,prior,8.1,13.85,15.11,13.87,6.64,14.98,11.8,10.55,6.8,7.41,8.47,11.3,10.59,12.41,11.05,11.39,3.28,3.42,4.29,5.26,2.66,5.3,2.85,2.64,5.14,1.65,1.0,2.37,3.68,2.86,2.31,3.63,3.13,2.77,1.85,1.68,1.96,7.5,11.79,15.69,4.1,4.1,10.16,4.06,3.44,3.17,4.59,1.89,11.07
00-0040026,Maxen Hook,,CB,,0,prior,8.6,13.29,14.66,14.22,7.16,14.22,11.8,10.28,5.23,9.83,5.96,12.29,10.04,10.4,11.05,11.39,2.74,3.53,2.49,2.8,4.19,2.24,2.35,2.97,2.2,3.06,2.79,3.16,2.5,3.07,2.35,1.26,4.11,2.75,3.73,4.25,2.36,7.23,12.31,14.55,5.24,5.24,10.31,4.53,1.71,2.86,3.23,1.0,14.19
00-0038482,Mekhi Garner,,CB,,17,prior,8.0,13.29,15.65,14.66,7.09,16.75,11.8,9.19,9.94,5.54,6.32,12.07,13.0,12.41,11.05,11.39,3.28,2.42,1.23,2.99,2.61,3.78,3.4,3.24,3.1,3.24,4.6,2.7,4.65,3.49,2.49,2.41,3.04,3.19,4.52,2.85,3.54,7.89,11.58,16.1,3.97,3.97,10.29,3.97,3.72,3.63,1.85,2.43,10.34
00-0040481,Mello Dotson,,CB,,0,prior,8.9,15.05,15.74,13.94,6.75,15.03,11.8,7.75,5.78,10.92,7.4,12.87,14.76,10.4,11.05,11.39,2.0,1.69,4.78,2.99,3.67,4.78,1.86,4.24,3.18,1.86,3.0,2.35,3.65,2.15,2.64,2.47,4.01,2.59,2.69,2.96,2.29,7.23,12.31,15.25,5.24,5.24,10.19,4.53,4.81,2.17,2.73,4.9,14.19
00-0039403,Micah Abraham,,CB,,0,prior,8.3,15.09,15.68,13.74,6.81,14.93,11.8,10.03,5.4,4.91,8.53,17.88,8.67,10.4,11.05,11.39,4.21,2.74,2.26,2.55,1.31,2.34,3.26,2.01,3.28,3.04,2.35,3.52,1.0,5.46,3.22,2.94,3.65,2.65,2.73,1.87,2.27,8.11,12.21,17.4,3.92,3.92,10.21,3.93,2.52,3.09,3.04,1.0,6.57
00-0036390,Michael Ojemudia,,CB,,1,prior,8.4,15.47,15.33,15.13,6.83,14.81,11.8,10.95,8.12,10.62,10.0,8.24,12.15,12.49,11.05,11.39,3.09,4.65,4.35,3.83,2.0,1.8,3.61,2.77,1.35,2.57,2.25,4.11,3.9,1.42,5.53,2.33,4.47,3.18,2.77,3.98,1.9,7.5,11.33,17.5,3.96,3.96,10.21,3.98,3.3,4.47,2.03,3.13,5.1
00-0032521,Mike Hilton,,CB,,1559,measured,10.8,14.0,14.32,12.46,7.18,13.85,11.8,13.06,6.75,10.83,10.47,11.35,6.3,8.24,17.24,6.65,3.62,4.73,3.18,3.44,2.99,4.22,3.8,3.5,2.6,3.4,2.69,2.98,3.59,3.49,4.17,1.48,2.81,2.95,4.13,2.13,1.66,15.53,17.22,8.35,8.96,8.96,10.32,7.97,2.91,1.9,2.57,2.57,12.39
00-0040051,Mike Smith Jr.,,CB,,0,prior,8.9,14.95,15.66,14.38,7.38,15.29,11.8,9.87,10.34,10.28,6.46,7.86,10.72,10.4,11.05,11.39,3.02,3.52,3.53,2.36,3.1,2.0,3.95,3.14,3.37,4.8,2.91,5.02,1.55,3.45,2.35,3.54,2.08,2.44,3.26,4.14,3.92,7.23,12.31,15.21,5.24,5.24,10.38,4.53,2.34,2.43,1.83,2.46,14.19
00-0039694,Mikey Victor,,CB,,0,prior,8.3,14.96,15.67,14.3,7.27,15.25,11.8,8.14,4.66,8.88,7.07,9.98,8.91,10.4,11.05,11.39,1.63,3.76,2.88,2.26,2.69,2.21,3.24,3.92,2.28,2.22,3.0,5.38,2.11,4.06,1.92,3.57,4.3,3.6,2.64,2.05,2.19,8.56,12.38,17.37,3.91,3.91,10.34,3.91,1.04,5.13,2.06,2.34,7.26
00-0040505,Mishael Powell,,CB,,0,prior,8.9,14.96,15.67,14.32,7.3,15.26,11.8,8.21,5.14,5.59,6.52,12.9,11.06,10.4,11.05,11.39,3.9,3.21,1.6,1.97,1.79,1.91,2.24,5.65,1.15,3.07,3.61,3.68,3.35,3.99,2.86,2.06,3.68,4.17,2.64,2.8,2.24,7.23,12.31,15.21,5.24,5.24,10.35,4.53,3.73,4.96,3.28,3.31,14.19
00-0039453,Morice Norris Jr.,,CB,,0,prior,8.3,15.03,15.63,13.98,7.17,15.08,11.8,8.71,7.68,10.87,6.35,15.32,14.32,12.99,11.05,11.39,4.02,4.37,4.56,2.06,4.63,3.59,1.63,1.84,4.98,3.19,2.16,2.48,3.79,2.43,2.76,3.68,4.08,2.81,2.89,1.0,3.68,8.56,12.38,17.4,3.91,3.91,10.31,3.91,3.52,3.0,2.62,3.36,7.26
00-0035485,Nate Brooks,,CB,,0,prior,8.2,14.72,15.39,13.67,6.81,14.77,11.8,10.72,7.22,8.81,9.19,13.12,7.24,10.4,11.05,11.39,3.37,3.13,1.82,4.52,3.51,3.09,3.93,4.0,4.33,3.71,2.53,3.56,4.45,1.62,2.19,2.49,3.41,3.54,2.79,2.87,4.12,8.88,12.32,17.22,3.95,3.95,10.2,3.95,3.25,2.4,2.15,1.97,6.41
00-0039028,Nehemiah Shelton,,CB,,0,prior,8.3,15.04,15.92,14.06,6.22,15.06,11.8,8.59,7.25,5.13,6.64,7.06,9.49,10.4,11.05,11.39,2.29,2.09,2.18,2.0,4.05,4.73,2.45,2.8,3.07,3.79,4.13,3.06,4.9,3.25,3.52,2.85,4.31,3.34,2.65,3.09,3.62,8.59,12.38,17.37,3.93,3.93,10.03,3.93,1.49,3.24,2.99,2.06,7.03
00-0038841,Nick Whiteside,,CB,,9,prior,8.3,14.99,15.79,14.22,6.83,15.19,11.8,9.12,5.52,7.52,5.76,4.55,10.13,12.41,11.05,11.39,3.57,2.97,3.35,3.89,3.06,3.2,1.92,3.14,3.04,2.74,2.32,3.74,4.5,3.94,4.7,1.64,3.07,4.02,3.99,2.54,3.51,7.91,12.04,17.22,3.95,3.95,10.21,3.96,1.71,3.48,3.12,2.48,9.32
00-0035346,Nik Needham,,CB,,166,measured,9.0,14.75,15.52,13.85,6.64,14.87,11.8,12.26,7.51,8.11,8.91,12.91,13.76,8.63,7.23,8.34,3.26,2.45,1.85,2.28,4.02,2.23,2.09,3.6,3.0,3.26,2.81,2.05,5.1,2.33,3.53,2.49,4.25,3.27,3.04,3.8,1.43,8.09,11.55,14.25,5.54,5.54,10.15,5.44,2.14,3.01,2.74,3.35,11.29
00-0040435,O'Donnell Fortune,,CB,,0,prior,8.9,15.09,15.77,13.78,6.51,14.93,11.8,6.49,6.36,6.24,7.21,15.17,7.34,10.4,11.05,11.39,2.06,2.44,3.56,3.43,2.71,2.39,2.75,2.7,3.96,2.51,2.73,4.75,1.8,2.77,1.21,3.36,1.0,3.05,2.48,3.17,1.1,7.23,12.31,15.26,5.24,5.24,10.11,4.53,2.58,2.8,3.1,2.8,14.19
00-0039767,Quinton Newsome,,CB,,0,prior,8.3,15.08,15.86,13.87,6.28,14.96,11.8,8.07,6.91,9.29,7.88,9.24,11.23,10.4,11.05,11.39,3.44,2.73,3.53,1.44,2.35,2.91,2.93,2.62,2.87,1.98,2.03,3.27,2.86,4.82,3.0,3.8,2.69,1.64,3.34,2.76,2.23,8.56,12.38,17.42,3.91,3.91,10.05,3.91,2.84,3.05,3.92,3.52,7.26
00-0040681,R.J. Moten,,CB,,0,prior,9.0,14.87,15.6,14.7,7.81,15.47,11.8,7.42,5.75,5.92,5.17,8.85,10.26,10.4,11.05,11.39,4.05,2.54,3.03,3.37,2.11,4.41,3.11,3.51,4.65,4.37,3.58,2.36,2.79,1.88,3.67,3.8,4.43,3.99,2.99,2.06,3.27,7.23,12.31,15.18,5.24,5.24,10.51,4.53,1.22,3.52,3.36,3.15,14.19
00-0040423,Roman Parodie,,CB,,0,prior,8.9,14.99,15.69,14.2,7.13,15.19,11.8,7.14,7.41,5.12,5.82,15.62,6.83,10.4,11.05,11.39,4.24,5.14,1.89,4.05,2.39,3.34,3.87,1.09,2.8,2.28,3.38,3.93,3.76,3.36,2.39,5.43,2.57,1.42,3.42,2.24,2.22,7.23,12.31,15.22,5.24,5.24,10.3,4.53,2.96,2.52,3.49,3.93,14.19
00-0039245,Ryan Cooper Jr.,,CB,,0,prior,8.3,15.08,15.67,13.78,6.87,14.95,11.8,7.81,7.61,8.02,5.47,14.57,12.16,10.4,11.05,11.39,4.54,1.97,1.96,1.43,2.48,3.82,2.4,1.0,3.25,2.65,2.04,2.42,1.52,1.93,2.3,1.61,2.83,3.04,3.15,3.44,5.04,8.56,12.38,17.42,3.91,3.91,10.22,3.91,1.0,2.42,2.99,2.12,7.26
00-0040608,Shaquan Loyal,,CB,,0,prior,8.9,14.99,15.69,14.2,7.13,15.19,11.8,8.16,9.06,10.11,7.57,13.9,13.74,10.4,11.05,11.39,2.45,2.2,3.1,2.49,2.82,2.76,1.85,1.64,5.29,3.52,4.41,2.58,3.7,3.22,1.32,3.07,2.25,1.49,3.35,1.0,1.76,7.23,12.31,15.22,5.24,5.24,10.3,4.53,4.8,2.33,4.88,1.13,14.19
00-0037337,Shaun Jolly,,CB,,0,prior,8.3,15.13,15.53,13.49,7.15,14.82,11.8,8.53,6.3,6.8,7.59,12.76,11.59,13.75,11.05,11.39,1.0,1.73,3.41,3.0,2.39,2.55,2.71,2.61,2.94,4.25,1.2,2.78,4.64,3.99,1.82,2.96,3.18,3.01,3.03,3.8,2.2,8.6,12.33,17.4,3.94,3.94,10.31,3.93,2.82,4.19,1.0,2.68,6.95
00-0036559,Shaun Wade,,CB,,234,measured,9.4,15.01,15.8,14.13,6.69,15.13,11.8,10.07,10.13,9.37,8.05,10.8,11.21,7.36,6.88,16.66,2.37,2.21,2.13,2.6,2.56,4.05,2.68,3.28,3.16,3.08,3.51,4.42,3.07,3.31,2.12,3.29,3.19,2.73,2.73,2.95,1.39,8.07,11.16,15.11,6.27,6.27,10.17,5.54,4.13,1.87,4.33,3.47,9.68
00-0039292,Shemar Bartholomew,,CB,,16,prior,8.3,14.99,15.79,14.22,6.83,15.19,11.8,7.45,7.33,8.39,7.1,8.91,8.14,12.99,11.05,11.39,1.0,2.25,3.91,3.39,1.17,1.0,2.09,1.32,3.93,3.65,3.8,4.05,1.35,4.44,3.81,2.45,4.32,3.16,1.64,1.0,3.53,7.9,12.59,17.23,3.98,3.98,10.21,3.98,4.07,3.43,1.54,1.59,10.46
00-0040426,Shilo Sanders,,CB,,0,prior,8.9,15.03,15.72,14.03,6.89,15.09,11.8,7.22,8.13,8.15,6.45,8.59,13.01,10.4,11.05,11.39,4.62,2.54,2.85,2.07,2.37,3.37,3.75,2.35,3.92,2.76,1.0,4.69,5.14,3.33,3.39,3.08,3.3,3.22,1.58,3.46,2.4,7.23,12.31,15.24,5.24,5.24,10.23,4.53,3.03,2.13,3.97,2.36,14.19
00-0038655,Steven Gilmore,,CB,,1,prior,8.3,15.14,15.81,13.58,6.21,14.8,11.8,9.48,5.8,7.47,6.22,10.77,8.64,12.41,11.05,11.39,3.09,4.04,3.96,2.81,3.85,3.68,1.05,3.04,2.47,1.33,1.14,3.03,3.58,2.76,3.27,3.64,2.44,1.0,3.45,3.34,4.23,8.52,12.32,17.39,3.94,3.94,10.03,3.94,1.5,2.26,3.59,4.32,7.66
00-0037833,Tariq Castro-Fields,,CB,,16,prior,8.7,17.09,16.91,14.13,6.69,15.13,11.8,9.09,7.58,10.72,6.24,11.19,10.45,7.84,14.89,11.39,2.46,4.39,3.26,3.42,2.18,2.44,3.26,3.94,3.4,1.62,4.02,3.68,2.15,1.0,3.7,2.0,1.0,1.39,2.87,2.08,3.52,8.5,12.33,17.8,3.99,3.99,10.17,4.0,4.18,3.65,1.21,2.51,7.8
00-0039469,Te'Cory Couch,,CB,,0,prior,8.2,15.15,15.64,13.46,6.74,14.77,11.8,9.25,6.91,6.68,5.39,9.27,10.66,10.4,11.05,11.39,4.4,2.5,1.76,3.92,3.27,1.65,2.0,3.46,2.64,3.97,2.89,3.27,3.57,3.89,4.26,4.24,1.9,3.05,1.73,2.89,2.14,8.56,12.38,17.45,3.91,3.91,10.18,3.91,2.42,4.87,5.77,2.71,7.26
00-0034540,Tony Brown,,CB,,41,prior,9.7,17.09,16.81,16.12,7.0,12.47,11.8,11.92,9.29,7.18,8.43,8.06,17.73,7.01,14.65,8.25,3.49,4.62,2.58,2.55,3.41,2.42,4.28,3.8,2.7,2.83,2.69,1.0,2.05,2.27,2.58,1.75,1.0,3.65,1.14,3.36,3.2,8.79,12.75,16.77,5.57,5.57,10.26,4.97,3.6,2.7,3.79,2.59,8.63
00-0037593,Tre Avery,,CB,,353,measured,9.2,14.9,15.48,13.68,6.95,14.84,11.8,9.21,7.73,9.04,7.92,7.92,6.56,12.35,13.93,5.27,1.77,3.6,4.02,2.99,2.36,1.68,1.22,2.3,4.17,3.49,3.67,3.85,3.6,2.86,2.55,3.49,3.14,5.38,2.44,4.31,2.34,7.08,11.98,14.32,5.7,5.7,10.25,5.82,2.71,4.68,1.0,2.12,12.96
00-0036885,Tre Brown,,CB,,668,measured,9.9,16.16,15.95,12.72,6.5,16.04,11.8,10.95,10.65,7.3,8.25,11.13,8.18,7.24,15.25,6.43,2.62,2.96,3.2,1.0,2.57,3.54,2.13,3.66,3.07,4.17,2.38,3.05,2.31,2.37,3.1,3.87,1.55,3.18,3.29,3.07,3.84,6.75,10.11,12.83,6.93,6.93,10.11,6.76,3.07,1.38,2.19,2.02,10.31
00-0034516,Tre Herndon,,CB,,490,measured,11.1,14.6,15.16,13.29,6.81,14.51,11.8,10.33,8.37,11.37,10.15,10.42,5.85,12.5,14.09,8.22,1.81,3.23,2.38,3.82,2.17,1.68,2.69,2.05,2.82,3.74,4.05,2.91,3.95,1.98,3.39,3.61,2.7,3.16,1.89,2.81,3.72,8.61,12.51,14.11,9.9,9.9,10.21,6.69,4.59,2.63,3.33,1.44,12.12
00-0037608,Tre Swilling,,CB,,0,prior,8.3,15.01,15.8,14.15,6.72,15.14,11.8,9.93,7.27,2.91,8.41,9.8,12.48,14.69,11.05,11.39,4.16,3.25,1.6,4.72,2.97,2.37,3.6,3.78,3.42,3.87,1.6,4.35,3.79,3.07,4.45,4.21,2.23,2.86,4.22,4.12,2.4,8.6,12.33,17.35,3.94,3.94,10.18,3.93,4.24,3.95,2.26,2.58,6.95
00-0036299,Troy Pride,,CB,,54,prior,9.4,16.62,15.21,14.16,6.5,14.06,11.8,10.36,10.33,10.63,8.64,9.23,13.0,8.09,7.35,11.39,2.9,5.08,3.65,4.16,4.89,3.21,2.63,4.2,4.13,1.49,3.04,1.73,3.32,3.3,1.0,5.06,1.87,1.51,1.0,4.53,4.55,6.79,10.08,15.44,5.87,5.87,10.11,5.1,3.29,1.0,1.89,2.17,6.69
00-0035783,Tyler Hall,,CB,,198,measured,9.7,15.08,15.58,13.73,7.15,14.95,11.8,8.66,8.41,11.69,8.57,8.52,8.05,14.15,11.05,14.38,3.2,4.02,2.26,3.35,1.9,2.0,4.19,1.47,4.85,4.74,2.49,2.56,3.5,1.66,1.99,2.6,3.84,1.47,2.29,4.07,4.49,7.7,13.52,14.58,6.66,6.66,10.31,5.13,2.73,2.93,4.65,2.37,11.9
00-0039586,Tyrek Funderburk,,CB,3.0,144,measured,8.3,15.07,15.76,13.85,6.62,14.97,11.8,7.04,6.06,6.3,7.1,14.5,13.76,12.99,11.05,11.39,2.24,2.43,3.46,3.09,3.58,2.28,3.07,3.19,1.22,2.75,4.53,3.06,3.5,1.76,4.02,4.44,2.79,3.73,2.16,3.36,1.07,5.94,11.35,16.07,4.01,4.01,10.15,4.13,2.79,2.49,2.77,1.0,12.82
00-0040038,Tyron Herring,,CB,,0,prior,8.9,14.99,15.88,14.24,6.49,15.17,11.8,7.53,5.23,6.99,4.69,11.99,13.87,10.4,11.05,11.39,2.46,2.75,2.85,3.89,2.4,1.72,4.37,3.6,2.89,2.22,1.0,2.31,3.8,1.0,2.58,2.82,3.78,3.38,2.85,5.55,2.81,7.23,12.31,15.23,5.24,5.24,10.11,4.53,4.97,5.55,1.25,2.3,14.19
00-0040732,Tyson Russell,,CB,,0,prior,8.9,15.07,15.76,13.85,6.62,14.97,11.8,9.4,9.68,6.2,6.63,13.84,8.53,10.4,11.05,11.39,3.64,5.28,4.41,2.89,3.01,3.75,2.54,3.19,3.43,3.37,4.48,3.71,2.22,3.7,2.14,2.73,2.89,1.56,4.4,1.8,1.69,7.23,12.31,15.26,5.24,5.24,10.15,4.53,3.45,2.4,4.26,2.73,14.19
00-0040082,Will Brooks,,CB,,0,prior,8.9,14.98,15.68,14.24,7.19,15.21,11.8,9.1,8.85,6.62,5.0,12.27,15.9,10.4,11.05,11.39,2.14,4.99,3.64,1.84,1.0,2.92,4.99,1.0,3.04,2.87,3.61,3.07,2.67,1.33,2.7,2.69,2.19,1.71,1.32,2.23,5.35,7.23,12.31,15.22,5.24,5.24,10.32,4.53,3.37,3.0,3.32,3.54,14.19
00-0040052,Zy Alexander,,CB,,0,prior,8.9,15.03,15.73,14.01,6.86,15.08,11.8,9.24,7.05,5.23,4.07,14.08,14.35,10.4,11.05,11.39,3.63,4.34,3.24,3.71,1.0,1.4,4.65,3.23,3.05,3.04,2.99,3.91,1.0,2.47,1.84,4.81,2.99,1.2,2.13,2.33,2.88,7.23,12.31,15.24,5.24,5.24,10.22,4.53,4.15,1.0,2.91,2.04,14.19
00-0040477,Anthony Booker,,DT,,0,prior,8.8,2.37,3.44,2.5,13.77,6.22,11.8,8.55,10.07,3.94,6.72,12.4,12.21,10.4,11.05,11.39,3.51,1.47,3.69,3.5,2.71,3.33,3.37,2.82,1.99,4.12,2.38,3.06,2.67,3.28,2.86,1.71,3.26,2.25,8.95,6.02,8.39,8.91,8.59,7.91,2.2,3.03,2.47,3.35,3.66,3.61,2.93,2.24,3.61
00-0037356,Ben Stille,,DT,,233,measured,8.6,6.74,8.13,7.65,12.72,10.22,11.8,9.11,6.32,8.18,10.04,8.39,12.84,15.68,11.05,11.39,2.52,1.0,1.0,3.23,4.64,5.32,3.52,3.99,1.31,2.14,3.82,3.04,4.04,3.22,2.43,2.75,3.15,3.5,8.95,7.91,8.14,7.49,5.29,9.67,3.24,4.49,2.9,2.63,2.44,2.52,3.68,3.71,3.02
00-0034461,Bruce Hector,,DT,,126,measured,9.4,5.55,6.78,5.88,13.57,9.18,11.8,9.98,10.55,9.27,7.8,9.25,7.86,15.29,11.05,11.39,2.91,1.08,2.63,2.26,3.58,3.75,3.44,4.9,3.21,2.04,1.3,2.45,1.72,2.08,1.24,1.5,2.46,2.97,8.49,6.74,9.15,9.33,9.61,9.86,4.69,4.57,3.52,3.65,3.86,3.97,3.38,3.17,2.84
00-0031938,Carl Davis,,DT,,152,measured,9.3,3.81,4.14,4.72,12.63,9.13,11.8,12.99,9.14,10.38,10.65,13.88,10.39,7.27,7.59,8.16,3.27,1.3,3.75,2.86,2.15,3.53,3.07,2.56,3.16,1.0,1.0,3.99,2.02,2.76,3.3,3.73,3.73,3.45,9.84,7.81,9.51,9.11,7.82,8.63,2.98,1.5,2.18,2.74,3.34,3.28,3.61,3.28,5.16
00-0039510,Casey Rogers,,DT,,33,prior,6.7,5.79,7.18,6.95,12.45,9.29,11.8,6.71,6.54,3.41,4.78,14.72,15.96,12.99,11.05,11.39,3.21,3.13,1.82,4.46,3.15,2.45,2.31,1.86,1.94,2.78,4.09,2.31,4.83,2.85,4.24,4.26,2.85,3.8,5.26,3.98,6.16,6.13,4.56,12.22,2.25,3.67,3.41,1.87,3.39,2.53,2.13,2.32,3.61
00-0037375,Christopher Hinton,,DT,,81,prior,7.8,2.8,5.2,6.2,12.92,10.33,11.8,9.01,9.84,5.19,5.69,9.38,13.9,13.75,11.05,6.88,4.28,2.75,3.88,2.32,3.13,3.84,1.77,2.02,3.33,1.48,1.0,4.6,3.39,1.0,1.42,3.63,4.51,2.14,6.84,4.36,6.87,8.03,8.28,9.91,2.85,2.58,4.5,2.28,1.91,2.59,2.82,5.24,3.89
00-0040657,Da'Jon Terry,,DT,,0,prior,8.9,3.92,5.02,4.14,13.56,7.66,11.8,8.64,5.06,11.26,5.54,11.92,13.06,10.4,11.05,11.39,2.58,3.42,3.42,2.06,4.17,1.96,3.56,2.29,4.0,3.0,2.59,2.77,5.15,1.96,3.3,2.58,2.74,1.97,8.65,6.33,8.39,8.91,8.59,8.53,2.32,3.1,2.69,3.09,5.02,3.16,3.18,4.28,4.53
00-0040707,Decarius Hawthorne,,DT,,0,prior,9.1,7.0,8.34,7.58,13.1,10.53,11.8,8.42,6.96,8.71,7.38,11.55,12.68,10.4,11.05,11.39,3.15,1.44,3.35,3.68,2.55,1.85,3.26,3.1,1.5,1.53,3.61,2.6,2.86,1.08,3.68,3.49,5.38,2.88,8.03,6.95,8.39,8.91,8.59,9.76,3.15,2.47,2.56,3.04,4.47,1.96,3.38,3.55,4.69
00-0040513,Desmond Evans,,DT,,0,prior,9.2,9.52,11.4,10.43,12.71,13.1,11.8,8.73,7.36,7.72,7.02,9.74,12.91,10.4,11.05,11.39,2.22,2.8,3.58,2.46,2.82,2.89,4.92,2.22,3.67,3.43,3.83,4.12,2.6,2.06,4.08,2.13,4.17,4.62,7.52,7.46,8.39,8.91,8.59,10.77,2.8,3.53,2.27,2.69,2.69,1.8,3.22,1.76,1.94
00-0040428,Desmond Watson,,DT,,0,prior,8.7,1.0,1.0,1.0,13.71,1.0,11.8,8.65,8.94,9.43,7.14,10.02,11.65,10.4,11.05,11.39,1.78,4.07,3.53,2.76,2.43,2.18,2.59,2.96,1.92,1.0,3.3,2.11,1.66,3.31,2.45,2.85,4.04,3.05,9.18,5.79,8.39,8.91,8.59,7.36,2.2,3.08,2.71,3.17,3.51,2.66,2.39,2.92,3.73
00-0040345,Devonta Davis,,DT,,0,prior,9.0,6.54,7.84,7.07,13.16,10.01,11.8,8.18,4.03,3.15,5.92,11.35,11.8,10.4,11.05,11.39,3.36,2.1,1.93,3.95,2.52,1.33,4.15,3.49,2.82,3.05,1.44,2.66,4.59,3.45,4.55,3.66,1.54,2.31,8.12,6.86,8.39,8.91,8.59,9.58,2.41,4.1,3.19,3.27,3.23,1.82,3.41,2.64,1.95
00-0040520,Devonte O'Malley,,DT,,0,prior,9.0,6.77,8.09,7.33,13.13,10.27,11.8,7.93,8.05,9.71,6.13,3.95,10.54,10.4,11.05,11.39,2.36,2.95,4.58,2.16,1.93,4.02,5.07,1.73,2.7,4.38,2.71,4.63,1.23,2.38,3.54,4.31,2.32,2.71,8.07,6.91,8.39,8.91,8.59,9.67,4.1,3.7,3.64,2.27,3.83,1.81,3.47,3.86,4.34
00-0040626,Dvon J-Thomas,,DT,,0,prior,9.0,5.85,7.09,6.3,13.27,9.32,11.8,9.57,8.19,6.23,6.63,10.34,10.79,10.4,11.05,11.39,4.42,2.7,3.39,3.15,2.86,3.98,3.43,2.35,4.25,2.29,2.89,3.53,3.51,3.04,3.45,4.58,3.05,2.67,8.26,6.72,8.39,8.91,8.59,9.3,3.8,4.37,3.85,1.86,3.34,3.01,3.33,2.56,4.84
00-0035928,Eric Banks,,DT,,32,prior,7.5,8.47,10.29,9.96,12.05,12.19,11.8,10.74,6.56,8.69,9.66,14.06,13.35,14.15,11.05,11.39,3.61,3.01,3.4,2.09,2.99,2.46,2.09,5.36,2.12,1.47,3.11,3.13,4.02,1.93,2.72,3.15,2.47,3.58,5.16,4.96,6.39,7.24,7.26,13.19,3.34,2.03,3.1,2.29,3.16,3.77,1.29,1.32,1.57
00-0040403,Fatorma Mulbah,,DT,,0,prior,8.9,5.74,7.05,6.54,12.87,9.24,11.8,9.74,5.93,8.66,5.79,11.52,11.74,10.4,11.05,11.39,2.33,3.82,4.02,2.89,4.99,3.81,3.23,3.78,2.82,3.35,3.01,2.75,2.2,1.34,2.93,4.26,2.61,2.68,8.21,6.77,8.39,8.91,8.59,9.26,3.93,3.27,2.41,2.87,1.86,3.73,4.04,2.33,1.74
00-0039143,Isaiah Foskey,,DT,,108,measured,9.9,12.74,14.61,10.57,11.33,14.14,11.8,8.9,9.34,6.38,6.01,11.89,13.34,7.95,6.63,7.24,2.95,2.9,1.96,4.44,4.59,3.35,3.39,3.6,1.0,2.06,3.82,4.02,4.14,3.04,2.46,1.77,2.42,3.9,8.77,10.32,9.38,8.49,8.77,14.02,2.73,4.39,5.28,1.62,3.35,2.68,3.44,2.18,3.18
00-0038771,Jacob Sykes,,DT,,0,prior,6.3,7.99,9.52,8.69,12.94,11.71,11.8,7.0,4.87,6.7,8.23,7.38,12.28,10.4,11.05,11.39,3.13,3.21,3.18,2.59,3.54,3.4,4.57,2.1,2.35,2.45,2.57,2.52,2.25,2.66,1.84,3.48,1.67,1.97,4.39,3.72,4.8,5.17,3.81,13.35,3.24,3.21,2.84,2.68,4.37,1.0,5.56,2.71,2.46
00-0040572,Jahvaree Ritzie,,DT,,0,prior,9.2,7.0,9.0,7.58,13.39,13.36,11.8,7.73,5.64,7.86,6.87,18.1,3.79,10.4,11.05,11.39,4.42,2.59,4.37,2.8,2.19,3.95,1.74,4.14,3.26,3.11,1.84,4.27,3.82,1.12,2.43,2.28,2.31,4.63,8.08,6.9,8.39,8.91,8.59,9.76,2.61,1.02,2.52,1.98,2.08,3.27,2.0,3.29,2.68
00-0040325,James Carpenter,,DT,,0,prior,9.1,7.15,8.5,7.75,13.07,10.7,11.8,7.89,9.74,7.48,7.72,6.59,8.6,10.4,11.05,11.39,1.97,2.05,2.05,4.78,1.0,3.71,3.93,3.48,5.04,4.06,3.4,3.59,1.3,2.99,3.55,1.09,4.4,4.53,8.0,6.98,8.39,8.91,8.59,9.82,1.64,2.35,2.01,2.49,2.85,3.86,3.69,2.89,1.11
00-0040536,Jasheen Davis,,DT,,0,prior,9.1,8.53,10.18,9.29,12.86,12.21,11.8,7.13,6.09,6.04,6.36,11.37,10.37,10.4,11.05,11.39,4.12,3.09,1.81,3.62,2.8,3.37,2.96,3.69,2.42,2.81,2.15,2.57,2.98,4.21,2.82,3.78,3.45,2.95,7.72,7.26,8.39,8.91,8.59,10.37,3.43,2.55,1.95,2.59,2.7,2.25,1.92,3.08,4.33
00-0037603,Jayden Peevy,,DT,,86,prior,8.8,2.5,3.85,6.09,12.57,7.16,11.8,9.17,7.27,7.3,8.06,6.17,7.87,15.68,11.05,11.39,4.03,3.81,2.59,3.83,1.18,2.76,3.38,1.81,4.56,1.91,3.72,2.55,2.91,2.7,4.15,2.41,2.94,3.53,10.09,7.63,8.36,8.0,7.44,9.71,3.89,1.76,3.32,1.93,1.94,3.85,3.62,2.17,3.03
00-0040276,Jereme Robinson,,DT,,0,prior,9.2,9.68,11.58,10.61,12.69,13.23,11.8,8.76,9.07,7.44,4.47,15.45,8.07,10.4,11.05,11.39,4.3,3.76,4.18,2.46,3.29,2.4,2.47,2.49,3.38,3.57,3.96,2.23,5.25,3.62,3.38,4.65,3.47,1.0,7.49,7.49,8.39,8.91,8.59,10.83,4.42,2.79,3.58,2.22,3.41,1.72,1.54,3.3,3.36
00-0033582,Jeremiah Ledbetter,,DT,,640,measured,10.1,7.66,8.51,6.96,14.77,10.8,11.8,11.06,6.84,9.28,12.18,15.48,9.18,8.53,14.36,11.39,2.02,5.62,2.57,1.88,4.01,1.78,1.06,2.44,3.85,1.81,1.0,2.8,1.96,4.11,4.34,5.34,3.97,1.9,6.78,5.35,10.32,11.2,12.12,6.3,4.02,1.53,3.98,2.9,2.88,2.42,2.02,2.14,4.28
00-0038716,Jeremiah Martin,,DT,,0,prior,6.3,8.73,10.52,9.89,12.42,12.4,11.8,7.32,4.59,11.19,6.63,5.91,13.6,10.4,11.05,11.39,3.23,3.53,2.01,2.88,2.85,1.0,3.21,2.23,2.0,3.42,3.64,2.95,2.56,2.84,2.66,3.86,1.73,4.13,4.17,3.94,4.8,5.17,3.81,13.64,2.54,3.21,2.93,3.45,3.61,3.52,1.7,2.95,3.2
00-0037711,Jeremiah Pharms,,DT,2.0,471,measured,9.9,8.22,9.87,9.03,12.86,11.96,11.8,12.76,8.49,9.8,8.94,12.31,14.78,14.69,11.05,11.39,3.86,5.12,3.43,4.22,5.29,2.32,2.9,3.59,2.45,3.61,2.87,3.59,1.46,1.31,4.14,2.29,3.31,3.78,8.88,8.32,8.67,9.71,11.79,11.27,1.12,1.66,3.26,1.22,2.64,2.92,2.4,2.17,2.99
00-0040348,Joe Evans,,DT,,0,prior,8.9,3.49,4.58,3.72,13.62,7.33,11.8,7.96,7.63,10.46,5.64,10.76,12.66,10.4,11.05,11.39,2.5,3.55,4.01,3.26,1.79,3.37,1.0,3.38,2.37,1.93,2.68,4.93,2.47,4.32,3.83,4.71,2.66,3.5,8.73,6.25,8.39,8.91,8.59,8.36,2.67,2.75,3.75,2.67,2.99,2.79,1.34,3.44,3.64
00-0035903,Joe Gaziano,,DT,,116,measured,8.4,7.79,9.44,8.91,12.51,11.57,11.8,10.49,4.81,6.07,11.26,10.81,16.01,15.23,14.31,11.39,2.76,3.02,2.21,3.4,3.82,3.87,4.33,5.16,5.02,1.69,1.84,1.78,2.51,1.66,3.93,1.0,1.69,3.65,6.67,6.08,7.5,8.11,8.45,10.92,3.81,2.74,2.82,4.4,2.78,4.09,2.25,3.73,2.87
00-0033347,Josh Tupou,,DT,,358,measured,9.9,1.46,2.53,1.78,13.73,5.48,11.8,13.15,7.66,8.35,12.21,11.04,10.01,11.81,5.74,14.27,3.24,2.86,2.14,4.02,2.88,1.0,2.58,2.55,3.67,4.92,2.48,3.06,2.9,2.4,4.79,2.41,2.1,2.55,12.26,9.02,9.65,9.09,8.63,6.87,1.71,2.0,2.49,3.68,3.73,3.1,1.95,2.4,1.65
00-0036537,Josiah Bronson,,DT,,2,prior,6.4,6.17,7.45,6.68,13.21,9.61,11.8,7.11,4.12,3.12,7.84,10.52,7.24,12.49,11.05,11.39,4.48,1.87,5.13,2.62,2.17,3.91,3.3,3.33,2.17,3.62,2.61,4.56,2.51,3.33,1.47,3.45,4.26,3.22,4.77,3.36,5.45,5.43,3.82,12.6,2.79,2.48,3.78,4.58,2.76,1.42,1.71,3.81,1.95
00-0039432,Justin Rogers,,DT,,0,prior,5.5,2.54,3.67,2.97,10.67,5.29,11.8,7.52,5.46,4.98,5.36,11.41,10.33,10.4,11.05,11.39,3.99,2.86,2.8,3.18,4.27,1.36,3.06,2.2,2.39,2.68,2.01,1.85,3.7,2.52,2.5,2.92,2.2,4.48,4.95,3.17,4.81,5.16,3.78,11.21,4.15,4.14,3.61,2.32,3.08,4.08,2.63,2.48,4.03
00-0039463,Keith Randolph Jr.,,DT,,0,prior,6.2,6.23,7.51,6.74,13.21,9.66,11.8,6.21,5.29,2.81,7.1,15.41,12.18,10.4,11.05,11.39,3.26,1.12,3.31,3.0,3.7,3.23,1.86,1.29,5.05,1.9,1.0,2.02,2.4,3.24,3.58,2.9,1.63,2.82,4.73,3.35,4.79,5.15,3.79,12.67,2.4,3.74,2.72,4.59,4.5,4.12,3.89,2.83,2.71
00-0036350,Kenny Willekes,,DT,,0,prior,7.0,8.36,10.91,9.85,16.16,12.61,11.8,8.14,7.2,8.52,9.34,8.76,10.04,12.11,11.05,11.39,4.08,2.28,4.19,2.87,3.32,4.07,3.38,3.17,5.08,3.46,3.17,2.91,3.74,2.47,3.26,4.06,3.34,1.75,4.9,3.23,5.18,5.17,3.81,13.49,3.14,1.98,4.07,1.5,2.74,4.13,2.95,2.3,1.9
00-0038985,Keondre Coburn,,DT,,187,measured,8.2,3.7,4.65,2.54,12.46,7.51,11.8,8.75,3.51,7.94,7.09,11.56,15.33,12.32,6.26,11.39,2.47,2.81,3.24,1.32,3.61,3.83,2.63,1.0,3.15,3.98,3.56,2.71,2.63,3.28,1.76,3.48,2.8,2.62,7.42,5.41,7.48,8.2,10.22,8.99,3.31,2.25,2.47,3.39,2.17,2.51,4.22,1.66,2.88
00-0039946,Kyon Barrs,,DT,,0,prior,6.3,7.03,8.29,7.27,13.5,10.57,11.8,8.23,5.32,3.87,7.87,10.59,9.6,10.4,11.05,11.39,2.49,2.44,1.68,2.82,3.11,3.11,2.77,3.5,2.75,3.13,3.37,2.17,1.34,3.64,2.58,2.57,2.61,1.68,4.64,3.44,4.79,5.15,3.79,12.98,2.95,2.7,3.37,2.17,4.56,2.58,2.46,3.87,4.65
00-0039433,Marcus Harris,,DT,,0,prior,6.2,5.87,6.13,7.16,13.85,8.69,11.8,6.03,4.72,6.43,5.78,10.43,9.57,10.4,11.05,11.39,1.51,2.39,2.41,1.3,2.82,3.31,3.41,2.9,1.0,3.46,2.64,2.75,2.55,2.36,2.58,3.14,4.15,2.75,4.93,3.19,4.81,5.16,3.78,12.54,2.73,4.91,2.58,2.7,4.07,2.98,2.22,2.34,4.31
00-0036420,McTelvin Agim,,DT,,8,prior,7.5,6.93,7.86,6.74,13.85,9.66,11.8,9.18,3.04,6.75,7.59,12.37,13.58,12.99,11.05,7.74,3.85,3.57,3.79,3.95,2.0,2.56,2.98,2.8,4.32,4.9,3.3,2.32,1.98,2.34,4.41,2.02,3.28,2.95,6.66,5.29,6.43,6.12,4.84,12.88,1.82,1.54,2.56,2.28,3.76,3.27,3.17,3.02,1.0
00-0036507,Michael Dwumfour,,DT,,105,measured,8.5,7.67,8.93,7.63,13.82,11.32,11.8,8.87,4.3,8.47,9.18,11.71,5.31,15.11,11.05,11.39,4.64,4.0,1.97,4.21,1.9,4.27,2.31,5.18,3.25,2.49,3.5,2.9,3.35,3.31,2.73,2.27,2.93,1.63,6.94,5.85,7.67,8.05,7.13,11.39,2.37,4.54,2.16,1.06,4.42,3.57,3.49,3.69,3.07
00-0037627,Mike Greene,,DT,,164,measured,8.0,7.38,8.77,8.01,13.04,10.97,11.8,10.92,6.11,7.46,7.44,12.97,6.2,7.95,14.27,8.1,3.84,2.91,2.56,2.34,4.58,1.32,2.35,2.03,3.27,4.21,3.84,3.3,2.42,4.24,2.14,2.21,2.68,4.41,6.64,5.72,7.69,7.61,4.28,10.67,3.15,3.1,3.88,3.63,3.53,3.11,3.54,3.24,3.61
00-0038634,Nesta Jade Silvera,,DT,,81,prior,8.4,4.53,6.87,5.09,13.79,9.53,11.8,9.18,7.28,8.66,3.47,11.48,11.01,14.69,11.05,11.39,3.28,2.88,2.74,2.5,2.1,3.52,3.61,1.82,1.19,2.85,2.01,3.24,2.56,2.96,1.39,3.21,3.58,2.17,7.3,5.12,7.62,8.21,8.55,10.95,3.81,2.83,2.26,2.64,2.76,2.61,1.97,2.61,2.6
00-0039682,Norell Pollard,,DT,,0,prior,6.4,7.24,8.37,6.79,14.3,10.83,11.8,8.76,3.99,3.59,6.09,10.09,5.81,10.4,11.05,11.39,3.8,4.17,1.73,4.61,3.2,2.22,1.0,2.09,2.62,1.44,3.03,3.4,3.3,3.61,2.51,2.33,1.49,2.67,4.74,3.33,4.79,5.15,3.79,13.07,2.44,3.18,4.25,3.83,2.64,3.58,2.31,2.0,3.67
00-0040542,Omari Thomas,,DT,,0,prior,8.9,4.31,5.44,4.56,13.5,7.99,11.8,8.31,4.4,6.27,6.96,13.03,8.08,10.4,11.05,11.39,1.78,3.36,3.57,3.77,4.24,2.57,1.09,3.53,3.16,1.79,3.13,1.48,2.8,3.8,2.85,3.05,5.29,2.46,8.57,6.41,8.39,8.91,8.59,8.69,3.23,2.49,3.81,3.5,1.93,3.91,3.4,2.69,4.93
00-0040684,Patrick Jenkins,,DT,,0,prior,9.1,6.8,8.04,7.01,13.54,10.31,11.8,7.37,8.23,12.13,6.03,12.56,8.8,10.4,11.05,11.39,2.95,5.5,2.31,4.73,2.91,4.42,1.05,2.62,3.97,3.25,2.74,4.31,2.81,2.85,4.28,2.5,3.45,3.45,8.14,6.84,8.39,8.91,8.59,9.68,3.57,4.72,3.68,3.67,1.48,1.09,4.67,1.78,3.74
00-0040511,Philip Blidi,,DT,,0,prior,9.1,7.46,8.86,8.09,13.03,11.06,11.8,9.02,10.29,8.84,6.41,11.38,8.5,10.4,11.05,11.39,2.76,3.52,2.59,3.23,2.17,2.45,2.97,3.2,3.49,2.87,3.38,1.76,2.27,1.13,3.89,2.68,2.93,4.32,7.93,7.04,8.39,8.91,8.59,9.95,1.07,4.24,2.96,4.78,3.84,3.0,3.25,4.04,3.53
00-0037779,Ralph Holley,,DT,,0,prior,6.4,7.44,8.66,7.37,13.85,11.05,11.8,6.11,2.56,1.99,6.25,8.79,11.57,10.4,11.05,11.39,2.06,3.65,2.66,1.71,3.09,3.27,1.29,3.1,2.59,3.45,3.58,2.37,2.74,4.44,3.07,2.36,2.08,4.41,4.63,3.45,4.79,5.15,3.79,13.15,4.01,1.97,1.09,3.32,3.9,1.0,1.5,2.87,3.11
00-0038842,Shakel Brown,,DT,,0,prior,6.2,6.31,7.59,6.82,13.2,9.75,11.8,7.69,4.87,1.95,7.4,8.81,14.03,10.4,11.05,11.39,3.43,2.95,3.44,2.84,4.15,2.38,3.24,2.14,3.45,1.0,3.3,2.67,5.22,3.97,2.15,3.14,2.62,3.24,4.73,3.38,4.8,5.17,3.81,12.68,4.29,3.0,2.24,2.97,3.51,3.82,4.51,3.57,4.21
00-0035910,T.J. Smith,,DT,,84,prior,8.0,6.86,8.2,7.47,13.1,10.41,11.8,8.78,8.91,7.58,9.53,10.96,5.65,17.5,11.05,11.39,3.21,2.85,2.3,3.15,2.57,1.89,1.0,1.74,1.93,4.29,1.71,3.32,2.13,2.91,2.7,3.94,3.7,1.82,5.95,4.83,7.21,8.07,7.55,11.66,3.25,1.88,1.88,2.83,5.47,3.03,3.97,3.18,3.15
00-0034842,Taven Bryan,,DT,,806,measured,10.4,6.41,9.7,10.66,15.24,13.32,11.8,13.69,7.0,12.4,10.79,11.42,9.7,16.25,14.68,14.38,1.24,3.01,2.36,2.42,2.58,1.81,4.99,4.66,3.71,3.18,4.68,2.02,3.04,2.57,1.0,3.65,4.51,1.02,11.77,9.74,10.1,7.93,6.23,5.9,3.17,2.09,3.48,3.76,2.71,1.29,2.59,3.72,2.48
00-0040022,Tommy Akingbesote,,DT,,0,prior,9.1,5.47,5.93,5.67,12.99,7.99,11.8,8.3,8.68,9.38,5.41,8.62,14.52,10.4,11.05,11.39,3.05,4.64,3.38,4.09,2.46,1.34,2.73,1.0,2.13,2.79,4.59,3.46,4.4,2.65,2.23,2.25,3.2,3.54,8.75,7.17,8.8,8.92,8.58,9.18,3.28,3.47,3.81,2.21,2.43,4.59,3.72,5.53,2.9
00-0038405,Travis Bell,,DT,,21,prior,7.3,5.91,7.01,5.64,14.09,9.36,11.8,6.3,5.42,7.94,7.31,14.63,13.14,12.41,11.05,11.39,1.45,2.76,2.62,3.32,3.09,2.87,3.18,1.44,3.42,2.95,3.56,2.11,2.18,4.57,2.97,3.77,4.04,1.79,5.98,4.18,6.15,6.28,6.44,12.41,1.84,3.7,3.14,1.96,2.43,2.69,3.07,3.79,3.77
00-0040424,Warren Peeples,,DT,,0,prior,9.3,11.84,14.03,13.14,12.4,15.16,11.8,7.55,9.19,9.42,5.51,5.74,18.76,10.4,11.05,11.39,1.88,2.81,2.86,1.57,2.83,4.94,2.75,4.02,2.54,2.3,3.11,2.95,3.2,3.93,2.82,5.16,2.24,3.0,7.06,7.92,8.39,8.91,8.59,11.7,2.58,4.36,3.67,3.15,1.56,3.95,3.13,3.18,2.46
00-0040064,Wy'Kevious Thomas,,DT,,0,prior,9.1,6.03,7.22,6.14,13.65,9.47,11.8,9.02,7.08,7.27,5.58,7.38,16.95,10.4,11.05,11.39,3.12,4.29,3.34,2.31,2.49,2.14,2.93,4.79,3.51,1.99,3.36,4.61,3.44,2.84,3.32,3.82,3.95,2.62,8.29,6.68,8.39,8.91,8.59,9.38,3.48,3.27,4.13,3.38,2.82,1.0,3.91,3.62,3.23
00-0037804,Zachary Carter,,DT,,743,measured,7.7,6.8,8.0,7.9,9.5,8.59,11.8,8.17,6.52,6.04,8.63,12.96,11.47,15.68,11.05,11.39,4.48,4.29,4.17,1.55,2.6,1.0,1.96,4.17,2.71,1.0,2.53,2.43,2.05,2.24,3.59,2.71,4.13,1.73,7.64,7.75,7.27,6.83,6.88,7.16,4.28,3.3,2.69,1.84,4.3,2.72,2.9,3.44,2.06
00-0040761,Ahmed Hassanein,,EDGE,,0,prior,8.8,9.73,10.12,9.91,13.85,11.78,11.8,8.2,6.69,5.49,6.11,9.18,10.51,10.4,11.05,11.39,1.78,1.47,4.18,4.69,1.49,4.2,1.56,3.13,3.0,3.28,1.28,2.91,3.95,2.31,2.29,3.45,3.13,2.08,7.71,6.49,7.76,10.12,10.46,13.44,5.8,6.8,2.83,3.93,1.81,3.72,3.55,2.56,3.56
00-0038617,Amari Burney,,EDGE,,153,measured,9.2,13.1,14.13,12.95,10.17,14.34,11.8,9.14,8.28,6.02,7.27,6.11,15.96,14.69,11.05,11.39,1.36,3.09,2.83,4.36,3.45,3.84,2.56,3.14,1.97,2.86,2.58,3.45,1.0,3.22,3.69,2.88,3.58,2.57,6.42,7.66,7.25,8.51,12.58,15.67,5.8,6.8,3.58,2.54,2.94,2.0,4.0,2.5,3.18
00-0038865,Andrew Farmer,,EDGE,,35,prior,7.2,11.32,12.73,11.73,10.54,13.54,11.8,9.55,6.32,4.8,8.27,8.01,10.04,12.41,11.05,11.39,3.18,3.95,2.83,4.82,1.98,2.5,3.74,2.89,1.58,3.68,3.88,3.36,1.34,3.25,2.35,1.61,3.89,3.45,4.72,5.21,5.25,6.87,5.52,12.67,5.8,6.8,2.27,2.86,3.63,3.2,3.21,2.54,2.9
00-0037638,Benton Whitley,,EDGE,,10,prior,6.7,11.32,12.73,11.73,10.54,13.54,11.8,7.21,6.44,4.84,9.44,9.65,11.86,14.69,11.05,11.39,3.24,2.63,2.1,1.0,2.03,4.17,3.22,1.91,1.82,3.44,1.93,2.51,3.27,3.7,3.93,4.65,3.05,2.07,4.41,4.89,4.64,5.37,3.64,11.84,5.8,6.8,2.01,3.66,3.52,3.02,4.4,2.53,3.91
00-0035984,Blake Lynch,,EDGE,,25,prior,8.0,13.32,14.42,13.43,9.69,14.42,11.8,10.89,4.74,9.83,7.87,8.53,15.07,15.29,11.05,7.74,4.92,3.98,2.16,2.52,3.69,2.34,2.73,2.54,1.77,1.83,4.05,3.9,2.52,3.46,2.84,3.23,1.62,4.02,4.75,6.24,5.86,7.89,7.14,12.62,5.8,6.8,4.34,3.55,2.79,2.46,3.04,2.88,2.94
00-0036045,Cam Gill,,EDGE,,240,measured,8.3,12.04,13.29,12.24,10.41,13.87,11.8,10.25,7.87,8.03,9.6,10.89,12.82,15.29,11.05,17.02,2.88,4.19,2.67,2.73,3.27,3.95,2.77,2.71,1.03,2.32,4.34,3.16,3.87,1.83,2.71,3.76,4.16,3.93,6.17,6.95,5.91,7.47,9.09,14.75,5.8,6.8,1.3,3.37,2.49,2.99,3.34,4.08,2.4
00-0036403,Casey Toohill,,EDGE,,690,measured,8.5,11.64,14.11,13.14,8.5,16.61,11.8,8.29,7.36,4.7,8.29,14.07,18.62,16.25,14.43,4.69,4.33,2.64,3.7,2.7,3.02,2.38,3.93,2.41,4.0,3.36,2.61,3.16,4.53,2.24,2.53,3.62,2.53,5.85,6.11,7.42,7.18,8.25,8.51,12.48,5.8,6.8,4.15,2.21,2.38,4.76,4.62,2.44,2.32
00-0035692,Clelin Ferrell,,EDGE,,849,measured,12.9,10.0,11.48,10.67,12.92,12.83,11.8,12.16,5.81,11.21,7.29,7.67,12.19,7.64,4.47,15.08,3.44,2.3,3.17,1.61,3.7,2.63,2.83,3.29,2.04,3.82,4.3,3.05,2.58,3.53,3.21,4.79,3.08,2.58,15.01,14.2,14.71,11.83,6.21,12.21,5.8,6.8,1.0,2.27,2.92,3.96,2.28,2.8,3.6
00-0040351,Desmond Little,,EDGE,,0,prior,9.0,12.15,13.51,12.6,9.99,13.95,11.8,8.15,5.84,6.25,5.47,8.49,12.35,10.4,11.05,11.39,2.36,4.05,2.06,2.49,3.82,4.14,2.29,2.78,1.67,3.24,6.34,1.75,3.4,2.77,1.64,4.34,1.0,2.36,6.43,7.4,7.32,9.74,11.31,14.45,5.8,6.8,3.53,2.12,3.46,5.28,3.99,3.59,1.05
00-0039486,Grayson Murphy,,EDGE,,0,prior,6.4,10.33,11.56,10.41,11.92,12.96,11.8,7.48,7.4,3.84,7.62,15.8,8.91,10.4,11.05,11.39,1.75,4.27,2.57,4.71,2.0,3.86,2.52,4.2,2.69,3.16,3.12,2.47,1.91,4.81,2.13,3.33,2.66,4.72,4.79,4.45,4.62,4.62,3.62,10.53,5.8,6.8,3.73,3.86,4.03,3.9,2.03,3.11,4.54
00-0040486,Jah Joyner,,EDGE,,0,prior,8.7,10.1,11.59,10.62,11.35,12.91,11.8,6.68,8.73,5.5,3.38,14.32,9.5,10.4,11.05,11.39,2.86,4.7,2.82,1.31,2.04,3.41,3.54,3.43,3.38,2.91,2.43,3.07,3.01,2.13,3.67,3.25,3.17,1.94,7.02,6.8,7.32,9.74,11.31,13.63,5.8,6.8,1.33,3.17,2.43,3.57,3.24,1.18,1.0
00-0039564,Jaylon Allen,,EDGE,,0,prior,6.7,12.15,13.51,12.6,9.99,13.95,11.8,8.06,3.57,7.56,5.57,11.99,11.69,10.4,11.05,11.39,2.22,4.33,2.68,2.55,2.29,2.37,2.3,3.01,1.96,3.11,3.18,2.39,3.49,3.05,2.28,2.93,2.09,2.58,4.13,5.1,4.62,4.62,3.62,11.26,5.8,6.8,4.32,1.85,1.0,5.42,2.8,2.92,2.92
00-0036239,Jonathan Garvin,,EDGE,,79,prior,8.2,9.07,12.77,11.73,12.0,15.23,11.8,8.95,7.9,3.43,7.31,11.15,11.83,12.49,11.05,11.39,1.65,3.42,4.6,4.27,3.11,3.73,3.79,3.27,2.11,4.46,3.16,1.99,4.06,2.74,3.58,4.3,3.27,3.06,7.29,6.48,6.78,7.76,6.1,11.03,5.8,6.8,3.01,5.07,2.72,2.48,4.16,3.05,1.76
00-0039053,Jose Ramirez,,EDGE,,29,prior,6.9,10.31,11.65,13.76,10.67,13.37,11.8,8.67,5.33,4.88,10.13,18.38,11.24,12.99,11.05,11.39,4.43,1.88,4.39,2.38,3.21,3.43,4.26,3.13,4.27,3.35,4.23,3.66,1.66,2.33,2.1,3.62,2.88,2.82,5.0,5.08,5.48,6.87,4.06,11.97,5.8,6.8,1.0,1.41,3.9,2.97,2.84,3.12,3.25
00-0038581,KJ Henry,,EDGE,,229,measured,8.8,11.85,10.92,11.36,10.81,11.05,11.8,8.39,6.52,5.92,7.76,10.45,11.7,14.69,11.05,11.39,1.0,2.85,3.42,3.79,4.15,1.57,3.43,2.46,4.05,2.47,2.81,2.25,1.0,2.98,4.38,2.95,2.31,3.6,6.87,7.45,7.75,9.92,9.01,13.4,5.8,6.8,1.81,3.28,4.34,3.3,1.48,4.32,3.06
00-0037431,Kingsley Jonathan,,EDGE,,89,prior,8.3,10.51,11.97,10.99,11.08,13.12,11.8,9.62,5.9,5.76,9.76,7.2,15.31,15.68,11.05,11.39,4.78,3.75,2.35,4.06,3.93,3.01,3.18,1.55,2.81,2.37,2.41,2.9,2.02,2.72,2.91,2.74,5.36,4.46,6.96,6.97,6.84,8.14,7.16,12.28,5.8,6.8,1.72,3.03,3.75,2.33,4.5,3.94,4.02
00-0038790,Marcus Haynes,,EDGE,,0,prior,6.7,12.15,13.51,12.6,9.99,13.95,11.8,9.5,4.84,2.83,4.93,6.66,9.07,10.4,11.05,11.39,1.75,3.27,2.55,3.04,2.33,3.49,4.06,2.67,3.21,1.14,1.89,2.83,1.75,3.66,2.48,2.43,3.61,2.69,4.14,5.11,4.63,4.63,3.63,10.97,5.8,6.8,3.26,3.59,3.72,3.08,3.56,2.36,3.12
00-0040665,Michael Fletcher,,EDGE,,0,prior,8.6,9.39,10.87,9.91,11.9,12.5,11.8,7.34,8.52,6.7,6.91,10.54,6.83,10.4,11.05,11.39,2.24,2.03,2.44,1.03,3.55,1.51,3.83,2.41,4.01,2.55,1.58,1.41,3.29,1.0,3.5,3.28,3.81,3.57,7.25,6.58,7.32,9.74,11.31,13.35,5.8,6.8,3.54,3.5,1.83,4.77,3.6,2.27,2.61
00-0038682,Mitchell Agude,,EDGE,,37,prior,7.0,10.91,12.35,11.36,10.81,13.33,11.8,7.14,5.72,6.22,7.37,10.93,13.45,12.99,11.05,11.39,1.82,1.57,4.12,2.33,3.88,2.93,2.39,2.92,2.52,3.64,4.47,1.47,2.44,4.56,2.63,2.71,5.17,5.19,4.83,5.08,5.27,6.86,4.79,12.95,5.8,6.8,4.81,3.16,1.71,2.46,3.02,4.41,5.32
00-0039425,Myles Cole,,EDGE,,120,measured,7.7,11.23,12.61,10.12,11.34,13.87,11.8,7.97,5.13,7.32,8.23,10.5,10.76,12.99,11.05,11.39,3.53,4.18,2.41,2.81,1.11,3.02,4.3,3.52,3.36,3.03,3.73,2.16,2.46,2.09,1.83,4.1,2.38,1.18,5.31,5.49,6.02,7.88,7.69,14.12,5.8,6.8,3.73,2.23,3.31,4.34,1.0,2.44,2.22
00-0039447,Nate Lynn,,EDGE,,0,prior,6.5,10.82,12.15,11.07,11.23,13.25,11.8,8.64,7.46,5.97,7.6,11.92,11.93,10.4,11.05,11.39,4.33,4.58,3.9,3.27,3.6,3.06,3.01,1.0,1.86,3.68,3.0,3.15,1.87,2.49,4.3,1.41,1.99,4.09,4.58,4.65,4.62,4.62,3.62,10.73,5.8,6.8,2.91,2.49,2.59,3.88,2.76,2.67,3.38
00-0040774,Nate Matlack,,EDGE,,0,prior,8.9,11.32,12.73,11.73,10.54,13.54,11.8,5.75,7.43,8.15,6.53,8.89,6.69,10.4,11.05,11.39,3.14,5.06,4.1,2.97,1.53,3.3,3.55,2.55,3.41,3.54,2.94,2.97,2.69,2.52,2.76,3.86,3.26,3.77,6.67,7.16,7.32,9.74,11.31,14.12,5.8,6.8,3.13,2.46,3.92,3.09,2.7,1.44,1.0
00-0039294,Nelson Ceaser,,EDGE,,0,prior,6.5,11.32,12.73,11.73,10.54,13.54,11.8,7.22,5.24,6.94,7.6,13.31,12.99,10.4,11.05,11.39,2.81,2.53,2.58,4.93,1.0,3.57,5.02,1.88,2.15,1.03,4.66,2.99,3.15,2.77,2.92,3.25,2.83,3.42,4.37,4.86,4.62,4.62,3.62,10.92,5.8,6.8,3.99,5.1,1.65,1.56,3.86,2.21,2.36
00-0039135,Ochaun Mathis,,EDGE,,56,prior,7.6,10.15,11.58,11.33,10.67,12.94,11.8,5.9,7.83,5.45,8.22,13.73,8.13,14.69,11.05,11.39,3.59,3.28,2.49,2.7,2.32,3.29,2.73,3.3,3.51,2.55,2.33,2.5,2.99,2.6,3.89,2.21,3.19,3.36,5.95,5.99,5.85,7.73,6.38,12.65,5.8,6.8,4.26,1.49,1.42,3.21,1.24,5.7,3.57
00-0039509,Ovie Oghoufo,,EDGE,,0,prior,6.5,11.32,12.73,11.73,10.54,13.54,11.8,9.47,4.42,8.58,6.22,7.94,10.47,10.4,11.05,11.39,3.33,1.72,2.84,3.95,5.11,5.35,3.77,2.96,4.31,2.25,4.66,2.86,3.06,3.49,4.83,4.8,2.27,3.96,4.37,4.86,4.62,4.62,3.62,10.92,5.8,6.8,3.55,3.04,3.02,4.36,1.0,2.1,2.42
00-0037346,Owen Carney,,EDGE,,0,prior,6.5,11.07,12.37,11.29,11.06,13.37,11.8,7.46,3.78,5.26,7.29,9.75,9.1,10.4,11.05,11.39,3.03,4.12,2.37,2.22,2.33,3.09,1.52,3.01,2.03,1.4,2.04,2.87,1.94,3.9,3.92,3.0,2.15,3.71,4.52,4.74,4.63,4.63,3.63,10.12,5.8,6.8,2.42,2.82,3.48,2.14,3.64,2.33,3.13
00-0040115,Paris Shand,,EDGE,,0,prior,8.6,9.39,10.87,9.91,11.9,12.5,11.8,9.32,6.58,3.28,6.29,13.28,7.69,10.4,11.05,11.39,4.15,3.01,3.13,2.52,2.99,2.16,2.91,1.0,4.11,4.28,2.86,2.86,5.37,3.21,1.59,1.39,3.56,1.94,7.25,6.58,7.32,9.74,11.31,13.35,5.8,6.8,4.03,3.15,3.05,3.89,2.98,3.12,3.62
00-0036938,Rashad Weaver,,EDGE,,432,measured,9.6,8.27,9.63,13.92,10.0,11.7,11.8,8.76,8.08,7.18,9.17,13.18,10.26,16.25,14.53,11.39,1.78,3.25,2.3,3.48,3.43,3.66,3.21,1.0,2.38,2.07,3.22,3.29,2.35,3.1,2.84,3.3,1.99,4.35,8.6,8.21,11.36,13.76,8.16,10.61,5.8,6.8,3.86,2.53,5.09,4.6,2.4,2.49,1.98
00-0036611,Raymond Johnson III,,EDGE,,0,prior,6.3,9.66,11.02,9.98,12.03,12.63,11.8,9.26,6.76,7.66,7.12,15.33,12.31,12.11,11.05,11.39,4.4,3.81,3.84,4.91,3.2,2.25,3.62,1.85,1.18,2.69,5.29,3.67,4.48,2.21,3.84,3.5,2.13,1.48,4.94,4.33,4.63,4.63,3.63,9.41,5.8,6.8,1.66,2.91,3.71,2.23,2.9,3.2,1.88
00-0040054,Seth Coleman,,EDGE,,0,prior,8.9,11.41,12.94,12.08,10.12,13.62,11.8,7.5,4.1,6.76,7.13,8.59,9.66,10.4,11.05,11.39,2.93,3.4,2.99,4.03,2.57,2.87,1.0,3.32,3.14,2.85,5.22,2.48,3.38,3.11,4.0,2.66,1.74,1.0,6.58,7.25,7.32,9.74,11.31,14.15,5.8,6.8,3.85,3.6,4.86,3.62,1.63,3.03,2.74
00-0038404,Titus Leo,,EDGE,,9,prior,6.9,11.63,12.91,11.8,10.68,13.66,11.8,8.25,5.06,6.62,6.98,6.42,14.22,12.99,11.05,17.41,2.06,2.01,3.12,5.54,1.78,3.01,2.48,3.7,4.16,3.38,2.78,3.01,2.69,2.09,4.18,2.11,2.54,2.96,4.37,4.92,5.13,6.73,3.65,12.01,5.8,6.8,2.54,2.96,3.36,5.39,1.2,2.9,3.51
00-0036634,Tony Fields II,,EDGE,,275,measured,8.8,11.69,11.35,10.87,8.5,12.59,11.8,9.44,5.97,5.23,7.45,10.39,11.5,13.82,13.89,7.74,3.83,2.46,2.53,3.41,2.58,3.21,3.24,3.31,2.01,3.28,1.0,2.35,3.27,2.33,3.78,2.04,2.78,3.66,6.33,7.66,7.5,9.45,14.0,16.01,5.8,6.8,5.7,3.98,2.42,2.18,4.18,2.14,3.54
00-0040434,Trace Ford,,EDGE,,0,prior,8.9,10.98,12.17,10.99,11.48,13.29,11.8,9.14,6.53,4.89,5.75,12.17,15.53,10.4,11.05,11.39,2.83,4.86,3.61,1.32,4.42,2.51,3.7,2.92,2.79,3.39,4.03,2.41,2.24,2.03,1.04,2.68,3.39,4.82,6.89,6.93,7.32,9.74,11.31,13.98,5.8,6.8,1.38,2.17,2.63,3.72,3.63,3.35,3.22
00-0036664,Will Bradley-King,,EDGE,,9,prior,6.7,10.15,11.83,12.56,10.43,13.51,11.8,9.28,8.37,4.75,6.26,10.78,10.31,12.49,11.05,11.39,3.86,4.21,2.75,1.0,2.31,3.53,2.73,4.76,3.71,4.8,3.77,1.4,3.02,3.83,3.65,1.69,4.7,1.82,4.72,4.84,5.12,6.29,3.65,11.63,5.8,6.8,3.04,2.63,3.89,1.69,4.03,2.15,1.46
00-0040530,Ben Sauls,,K,,0,prior,16.2,10.35,11.27,10.24,9.64,12.42,13.92,11.96,15.18,12.91,7.85,14.15,9.49,10.4,11.05,11.39,2.97,2.43,2.38,2.04,4.8,2.84,2.51,3.83,2.56,1.33,4.28,1.43,3.07,2.71,3.91,3.59,5.65,3.65,4.47,3.38,2.76,3.45,2.74,2.69,2.07,3.86,3.26,4.43,17.72,14.71,3.49,2.06,5.65
00-0030098,Dustin Hopkins,,K,,57,measured,9.9,7.73,8.65,8.16,9.64,10.62,11.62,12.3,5.3,5.03,12.06,12.66,8.91,7.86,6.12,5.13,1.98,2.46,4.3,2.8,4.7,4.45,4.43,3.26,4.1,2.56,3.02,2.45,3.57,3.29,5.33,2.48,3.56,2.51,2.5,1.0,2.67,3.81,3.69,2.66,3.49,2.42,2.96,3.78,10.62,9.18,1.55,3.19,2.16
00-0037542,John Parker Romo,,K,,12,measured,10.8,10.33,11.26,10.23,9.64,12.41,10.98,9.16,6.25,10.1,5.79,14.37,11.39,12.99,11.05,11.39,1.89,2.52,2.55,1.84,2.58,3.63,2.12,3.18,4.19,4.75,3.46,2.31,2.51,1.73,1.15,2.73,2.73,2.97,1.89,1.83,1.83,4.64,3.52,1.99,2.67,1.0,2.81,3.17,9.9,11.69,2.32,2.21,3.46
00-0040356,Maddux Trujillo,,K,,0,prior,16.2,10.35,11.27,10.24,9.64,12.42,12.16,10.81,14.48,15.69,4.76,5.18,12.88,10.4,11.05,11.39,2.84,4.17,2.74,2.83,3.43,2.83,2.81,2.55,3.68,3.26,3.55,2.35,2.9,3.28,1.88,3.45,3.52,4.07,3.93,3.78,3.3,2.8,4.17,2.37,3.17,2.11,4.77,3.75,17.72,14.71,1.5,3.22,1.74
00-0035189,Matthew Wright,,K,,25,measured,12.4,9.84,10.76,9.8,9.64,12.01,12.24,11.7,8.53,8.72,8.77,9.58,11.13,6.23,15.38,11.39,4.48,1.0,3.03,3.42,2.93,1.96,1.48,3.77,2.28,2.24,2.75,3.19,4.49,2.1,3.21,4.35,3.37,3.25,1.86,1.0,2.04,2.3,2.11,4.57,4.41,2.86,4.06,4.3,12.23,12.65,2.89,2.04,3.08
00-0040407,Aaron Smith,,LB,,0,prior,11.8,12.12,13.07,12.39,10.01,13.5,11.8,9.43,7.32,7.31,4.87,9.48,10.37,10.4,11.05,11.39,3.26,2.0,2.85,2.7,2.84,3.45,5.5,4.13,3.28,4.71,2.99,2.83,2.8,1.6,3.54,4.49,3.37,3.99,6.86,7.03,13.17,12.69,13.24,15.52,8.96,10.46,3.31,9.27,2.49,2.26,1.36,3.47,1.7
00-0040776,Alphonzo Tuputala,,LB,,0,prior,11.6,11.93,12.91,12.78,10.64,13.6,11.8,7.48,9.29,8.57,4.38,14.49,5.99,10.4,11.05,11.39,4.59,4.83,4.24,4.33,2.59,2.12,1.7,3.72,2.56,2.72,2.6,3.21,1.16,1.0,2.7,3.93,2.98,3.02,7.0,6.89,13.17,12.69,13.24,15.44,8.96,10.46,1.45,9.27,1.71,2.3,2.74,4.02,1.16
00-0039539,Amari Gainer,,LB,,11,prior,8.9,12.18,13.33,13.13,9.92,13.76,11.8,8.49,7.25,6.03,3.98,6.4,10.69,12.99,11.05,11.39,3.52,2.01,2.27,2.94,2.1,2.28,3.03,2.86,4.32,3.51,3.03,3.1,1.32,1.31,1.36,3.05,2.21,1.0,11.85,12.08,5.77,7.24,9.7,13.04,4.16,5.66,1.41,2.1,2.35,2.3,1.53,2.87,3.35
00-0039587,Antonio Grier,,LB,3.0,1,prior,8.5,11.96,12.73,11.86,10.44,13.3,11.8,7.7,8.13,2.9,5.26,11.59,13.16,12.99,11.05,11.39,2.68,3.52,2.12,2.83,2.26,3.46,3.1,1.57,2.7,5.36,3.3,2.26,2.92,3.19,3.82,4.46,4.95,2.78,14.07,14.04,5.13,6.63,8.44,12.49,4.13,5.63,2.07,2.04,2.02,3.1,1.69,3.44,2.88
00-0040573,Cam Riley,,LB,,0,prior,11.9,12.47,14.0,14.32,9.38,14.19,11.8,9.31,6.77,6.85,6.17,10.41,5.37,10.4,11.05,11.39,1.73,5.38,3.75,4.84,3.38,2.58,3.46,3.04,3.76,3.03,2.12,3.16,3.05,2.51,2.67,2.73,1.52,2.35,6.69,7.21,13.17,12.69,13.24,15.66,8.96,10.46,2.21,9.27,1.76,3.41,2.34,3.43,2.25
00-0037813,Channing Tindall,,LB,,12,prior,9.4,15.01,16.73,12.39,10.01,18.59,11.8,9.47,4.97,8.2,9.24,14.23,14.93,15.68,11.05,11.39,3.22,4.31,3.82,3.96,3.0,3.81,2.3,2.41,3.21,3.45,2.49,3.23,1.0,3.02,3.84,2.9,2.95,3.56,12.72,13.9,5.16,7.23,9.79,13.7,4.16,5.66,3.54,2.1,4.04,3.97,2.91,3.32,3.06
00-0038719,Charlie Thomas,,LB,,0,prior,8.7,13.85,14.96,12.33,9.0,13.34,11.8,7.76,3.91,3.78,7.58,7.51,13.01,12.41,11.05,11.39,4.34,1.38,2.17,4.13,2.64,4.78,2.07,2.67,3.49,3.47,4.24,2.75,2.9,3.68,3.51,2.76,1.89,2.28,14.56,15.7,5.1,6.62,8.16,13.06,4.12,5.62,3.61,2.01,2.87,3.93,2.37,1.67,4.34
00-0039580,Craig Young,,LB,,0,prior,8.4,12.39,13.51,12.74,9.45,13.66,11.8,6.45,6.35,3.45,7.16,10.31,9.12,10.4,11.05,11.39,4.03,4.67,3.86,3.63,1.57,3.49,4.18,3.27,4.3,2.25,2.41,2.71,2.56,5.37,4.47,4.27,3.67,2.17,14.28,14.75,5.12,6.6,8.17,12.62,4.1,5.6,2.74,2.03,2.02,4.08,3.27,3.18,4.27
00-0039318,Curtis Jacobs,,LB,,21,prior,8.9,12.74,14.37,12.04,9.0,14.44,11.8,6.7,7.75,1.0,4.33,8.03,11.0,12.99,11.05,7.95,4.33,2.06,4.95,3.4,3.8,2.38,3.55,2.55,3.78,3.18,1.88,2.36,3.08,3.71,3.4,3.68,1.87,1.23,11.0,11.75,6.84,7.39,9.79,13.87,4.22,5.72,3.43,2.17,1.98,2.69,3.32,1.88,2.83
00-0040622,D'Eryk Jackson,,LB,,0,prior,11.7,11.84,12.84,12.97,10.96,13.65,11.8,8.45,10.73,9.1,6.42,11.46,9.68,10.4,11.05,11.39,4.52,2.65,1.76,3.81,3.81,1.0,2.69,2.27,4.25,3.69,2.26,2.12,2.33,3.36,2.73,3.04,3.27,1.88,7.07,6.82,13.17,12.69,13.24,15.41,8.96,10.46,2.72,9.27,4.84,3.52,3.8,2.8,2.28
00-0039444,DaRon Gilbert,,LB,,0,prior,8.5,12.11,12.86,11.61,9.95,13.22,11.8,7.6,4.34,6.59,6.66,11.07,12.54,10.4,11.05,11.39,4.05,5.1,5.04,3.6,2.29,2.35,2.03,1.71,2.24,3.93,3.38,1.65,2.7,3.54,3.81,2.37,2.44,3.65,14.41,14.61,5.12,6.6,8.17,12.51,4.1,5.6,3.23,2.03,4.45,2.86,3.03,2.37,2.25
00-0039707,Dallas Gant,,LB,,1,prior,8.7,12.12,13.07,12.39,10.01,13.5,11.8,7.98,3.06,5.06,7.65,8.83,13.89,12.99,11.05,11.39,3.32,2.47,1.76,4.23,2.66,2.83,4.11,3.69,2.99,2.99,3.88,3.59,4.45,4.27,3.34,3.54,1.94,3.15,13.97,14.14,5.12,6.62,8.94,13.19,4.13,5.63,1.96,2.04,2.47,3.35,1.04,5.33,4.68
00-0038669,Dequan Jackson,,LB,,0,prior,8.7,12.05,12.81,11.7,10.12,13.25,11.8,9.16,3.53,4.38,7.1,9.49,15.81,10.4,11.05,11.39,3.49,3.6,2.87,2.74,4.32,2.57,2.49,2.89,3.5,4.94,3.81,4.08,1.56,2.29,1.0,3.82,4.16,3.18,15.07,15.18,5.1,6.62,8.16,12.34,4.12,5.62,2.54,2.01,4.79,3.57,2.14,1.99,3.5
00-0033549,Duke Riley,,LB,,440,measured,10.4,11.72,12.81,14.05,9.0,13.07,11.8,10.71,10.88,6.24,11.31,11.5,12.7,11.93,6.9,11.39,2.19,2.61,2.92,2.97,4.44,2.72,3.96,2.26,2.86,3.32,3.74,3.56,1.08,2.35,3.25,2.64,4.16,3.61,10.22,10.61,9.72,10.72,9.84,12.87,7.23,8.73,1.78,6.13,1.0,2.9,2.16,4.74,3.19
00-0038479,Dyontae Johnson,,LB,,35,prior,10.7,12.12,13.07,12.39,10.01,13.5,11.8,9.06,6.37,4.64,7.16,9.19,7.74,12.99,11.05,4.19,2.95,2.74,2.25,4.07,4.61,1.78,3.47,1.14,1.97,3.67,2.55,1.0,2.57,3.89,3.78,2.66,2.46,3.1,11.12,11.3,8.06,10.31,13.9,15.35,4.3,5.8,3.23,2.3,2.56,4.23,2.49,3.38,4.66
00-0040299,Eugene Asante,,LB,,0,prior,11.9,12.11,12.86,11.61,9.95,13.22,11.8,9.83,8.36,8.68,6.34,12.82,12.5,10.4,11.05,11.39,3.33,2.66,1.93,5.02,3.4,3.1,1.31,3.27,5.45,2.79,4.23,3.81,1.03,3.94,1.25,2.49,3.34,3.47,6.85,7.04,13.17,12.69,13.24,15.52,8.96,10.46,3.11,9.27,2.85,3.12,2.49,3.42,1.71
00-0036356,Isaiah Simmons,,LB,,794,measured,11.3,16.86,18.21,13.3,9.13,17.56,11.8,10.7,7.75,11.84,10.34,9.07,15.92,17.5,11.05,13.99,2.9,3.9,4.05,3.65,3.49,2.56,2.46,1.0,3.58,3.21,3.58,1.9,2.28,3.86,2.71,2.76,2.91,4.11,9.27,11.42,6.04,6.76,7.74,19.19,13.62,15.12,3.41,13.29,2.95,3.93,2.44,2.59,2.32
00-0040755,J.J. Weaver,,LB,,0,prior,11.6,11.91,12.9,12.82,10.71,13.61,11.8,7.87,3.96,9.46,5.91,9.15,10.67,10.4,11.05,11.39,4.0,1.0,3.95,1.88,3.25,3.28,5.14,3.52,2.31,1.71,3.42,3.89,4.04,4.34,2.73,3.95,2.38,3.58,7.02,6.88,13.17,12.69,13.24,15.43,8.96,10.46,1.48,9.27,3.79,2.6,3.24,4.03,3.51
00-0039457,Jacoby Windmon,,LB,,112,measured,10.3,11.75,12.76,13.17,11.27,13.7,11.8,6.99,5.12,3.79,6.12,12.16,13.83,12.99,11.05,11.39,2.72,3.85,2.4,2.27,4.62,2.86,1.98,1.35,3.05,2.17,4.22,4.94,2.56,3.35,3.96,4.94,1.86,1.48,12.98,12.59,8.5,10.42,12.6,13.44,5.64,7.14,3.53,3.86,1.48,2.21,2.72,3.16,2.72
00-0040783,Jake Chaney,,LB,,0,prior,11.8,12.12,13.07,12.39,10.01,13.5,11.8,9.33,7.96,9.65,7.76,9.78,8.41,10.4,11.05,11.39,2.03,1.93,3.14,3.39,2.28,2.7,3.27,2.85,4.57,2.81,3.22,3.22,1.38,1.55,3.2,4.03,3.38,2.98,6.86,7.03,13.17,12.69,13.24,15.52,8.96,10.46,2.35,9.27,3.22,4.18,1.57,2.58,3.77
00-0036614,Jamin Davis,,LB,,936,measured,13.7,15.01,17.22,13.65,9.56,18.87,11.8,11.67,9.7,10.04,7.13,12.09,12.49,17.5,11.05,8.05,3.35,3.41,3.1,2.93,4.32,2.35,1.36,3.26,2.1,3.16,2.09,4.63,1.0,3.53,2.31,2.52,3.46,2.64,9.5,10.85,14.99,16.11,14.11,12.42,12.75,14.25,2.44,11.82,3.84,3.99,1.9,3.23,3.56
00-0033052,Jaylon Smith,,LB,,280,measured,10.1,10.45,11.76,12.31,10.96,13.02,11.8,11.76,4.69,5.42,12.31,15.25,9.46,14.15,11.05,11.39,2.21,1.3,4.12,3.07,4.13,2.25,2.5,2.37,3.86,3.71,2.21,4.41,3.47,2.04,2.9,3.11,2.73,3.59,12.15,11.41,7.99,8.91,10.19,12.08,7.61,9.11,3.78,4.5,1.56,3.7,2.7,3.85,3.04
00-0040781,Joseph Vaughn,,LB,,0,prior,11.8,11.96,12.94,12.7,10.52,13.58,11.8,9.42,10.19,7.0,6.46,10.84,14.27,10.4,11.05,11.39,3.04,3.43,3.62,3.48,2.83,4.54,2.72,3.86,4.71,3.49,2.45,2.06,3.23,2.39,1.93,3.11,5.21,4.0,6.98,6.92,13.17,12.69,13.24,15.45,8.96,10.46,3.2,9.27,3.29,3.58,1.81,2.8,1.24
00-0040596,Josh Pearcy,,LB,,0,prior,11.6,11.84,12.84,12.97,10.96,13.65,11.8,8.09,11.4,9.07,5.95,6.99,14.12,10.4,11.05,11.39,3.5,3.27,3.66,2.03,3.79,3.49,3.59,3.25,3.72,4.8,2.74,4.12,2.72,3.44,3.28,2.96,2.8,1.75,7.07,6.82,13.17,12.69,13.24,15.41,8.96,10.46,4.91,9.27,2.95,1.04,3.78,2.68,3.55
00-0037184,Josh Ross,,LB,,0,prior,8.5,11.92,12.49,11.24,10.49,13.04,11.8,7.16,6.01,7.72,8.36,16.68,6.1,15.68,11.05,11.39,1.99,2.68,4.0,2.27,4.79,3.29,1.62,2.65,4.61,4.09,1.14,3.51,4.51,1.65,3.02,2.86,3.82,3.02,15.77,15.71,5.1,6.62,8.15,12.23,4.12,5.62,2.88,2.0,3.66,1.35,5.14,2.72,2.78
00-0039705,K.J. Cloyd,,LB,,0,prior,8.5,12.16,13.11,12.31,9.91,13.49,11.8,7.96,3.61,7.39,6.01,12.07,13.68,10.4,11.05,11.39,2.13,2.83,2.91,3.36,4.16,1.13,1.32,3.15,3.96,2.93,2.44,2.35,2.52,3.97,2.54,2.33,3.91,1.72,14.4,14.62,5.12,6.6,8.17,12.53,4.1,5.6,5.25,2.03,3.75,1.0,1.47,1.0,2.61
00-0040313,Kam Arnold,,LB,,0,prior,11.6,11.99,12.76,11.8,10.31,13.28,11.8,7.86,6.63,10.25,3.79,13.97,8.21,10.4,11.05,11.39,5.88,3.8,4.03,4.07,1.83,4.11,1.61,2.4,4.1,4.66,2.87,5.49,2.65,3.95,1.84,4.5,1.98,2.47,6.93,6.96,13.17,12.69,13.24,15.47,8.96,10.46,3.6,9.27,2.72,3.46,2.52,2.76,4.48
00-0037383,Kana'i Mauga,,LB,,8,prior,8.9,11.84,12.84,12.97,10.96,13.65,11.8,7.74,7.04,4.08,6.01,10.07,9.83,7.9,15.98,5.25,3.11,2.34,1.54,1.33,3.69,3.74,2.79,3.32,3.54,4.15,1.0,3.68,3.62,2.35,3.43,1.71,4.77,5.66,13.44,13.18,5.77,7.24,9.82,12.63,4.16,5.66,3.2,2.06,3.41,1.42,3.11,2.92,3.36
00-0040463,Kylan Guidry,,LB,,0,prior,11.6,11.93,12.91,12.78,10.64,13.6,11.8,7.48,5.16,10.37,4.58,9.85,12.17,10.4,11.05,11.39,3.02,3.19,3.39,4.56,3.84,2.65,3.25,4.3,3.66,3.18,2.47,2.86,5.06,3.54,3.49,4.5,4.16,3.89,7.0,6.89,13.17,12.69,13.24,15.44,8.96,10.46,2.41,9.27,3.55,2.29,2.24,3.81,2.77
00-0040025,Lance Dixon,,LB,,0,prior,11.6,12.05,13.02,12.5,10.2,13.53,11.8,8.01,4.82,6.82,6.29,11.36,9.42,10.4,11.05,11.39,2.4,1.8,1.61,2.9,3.53,3.6,5.22,3.05,3.73,2.21,2.97,4.06,2.09,3.0,2.98,1.55,3.37,3.6,6.9,6.99,13.17,12.69,13.24,15.49,8.96,10.46,3.93,9.27,5.29,3.89,3.59,2.93,2.91
00-0039224,Marvin Moody,,LB,,0,prior,8.5,12.12,13.07,12.39,10.01,13.5,11.8,8.01,6.37,5.13,7.94,8.14,5.49,10.4,11.05,11.39,3.98,2.9,3.03,2.37,3.55,3.65,3.88,2.2,2.51,3.34,3.52,4.71,1.28,2.4,3.69,3.42,3.14,3.52,15.04,15.22,5.1,6.62,8.16,12.37,4.12,5.62,2.49,2.01,4.03,3.43,1.51,3.18,2.65
00-0040485,Matt Jones,,LB,,0,prior,11.7,11.82,12.82,13.01,11.02,13.66,11.8,8.36,8.86,11.05,4.63,12.74,12.6,10.4,11.05,11.39,2.39,1.72,4.32,3.22,3.52,2.28,3.46,4.69,2.63,3.64,3.98,4.55,3.15,2.46,5.39,1.0,4.52,3.64,7.09,6.81,13.17,12.69,13.24,15.4,8.96,10.46,3.05,9.27,2.42,3.31,3.89,2.25,1.84
00-0039429,Michael Barrett,,LB,,0,prior,8.3,11.67,12.27,11.71,11.43,13.18,11.8,7.01,4.71,3.8,7.37,7.77,6.46,10.4,11.05,11.39,3.43,3.48,2.61,1.99,1.75,2.21,2.68,1.54,3.08,2.76,2.56,1.08,3.53,3.42,4.6,2.72,3.01,3.42,14.9,14.42,5.1,6.6,7.87,12.19,4.09,5.59,3.49,2.02,4.0,4.27,4.08,3.95,2.93
00-0040549,Nick Kubitz,,LB,,0,prior,11.9,12.14,13.09,12.35,9.96,13.49,11.8,10.24,10.13,8.22,7.08,7.6,14.35,10.4,11.05,11.39,4.01,2.59,2.1,3.03,4.4,3.92,2.18,3.81,3.29,2.41,2.35,2.65,2.63,2.39,1.73,3.41,4.55,2.83,6.85,7.05,13.17,12.69,13.24,15.53,8.96,10.46,1.61,9.27,3.95,3.6,2.71,2.95,3.55
00-0040270,Power Echols,,LB,,0,prior,11.4,10.31,10.9,7.64,10.55,14.48,11.8,7.93,9.16,9.59,6.75,11.22,9.51,10.4,11.05,11.39,1.6,1.35,3.31,3.64,1.25,2.44,2.62,3.72,3.17,3.86,1.54,3.15,3.37,2.09,1.33,2.58,2.84,2.08,7.27,6.62,13.17,12.69,13.24,14.79,8.96,10.46,3.54,9.27,1.7,3.42,2.02,3.24,4.21
00-0040346,Solomon DeShields,,LB,,0,prior,11.8,12.01,12.99,12.58,10.33,13.55,11.8,9.61,6.98,8.82,5.23,13.78,10.09,10.4,11.05,11.39,5.31,2.36,4.03,3.22,2.74,1.0,5.03,2.11,1.84,2.49,2.82,3.86,3.04,2.1,1.47,3.91,4.62,3.57,6.93,6.96,13.17,12.69,13.24,15.48,8.96,10.46,4.78,9.27,1.86,3.31,3.76,2.6,4.79
00-0040630,Stone Blanton,,LB,,0,prior,11.8,12.12,13.07,12.39,10.01,13.5,11.8,8.88,10.36,10.02,6.43,16.27,10.86,10.4,11.05,11.39,2.01,3.98,2.46,3.11,2.0,2.31,5.07,2.52,2.99,1.82,3.12,3.42,3.5,1.99,1.6,1.81,2.9,3.49,6.86,7.03,13.17,12.69,13.24,15.52,8.96,10.46,2.72,9.27,1.88,3.08,3.53,1.96,3.71
00-0039670,Tre'Mon Morris-Brash,,LB,,0,prior,8.4,11.84,12.84,12.97,10.96,13.65,11.8,7.37,6.2,7.08,7.41,7.58,9.38,10.4,11.05,11.39,3.11,5.65,2.82,3.67,4.79,2.5,3.0,3.87,2.01,2.98,4.07,3.73,4.59,3.86,1.63,3.21,1.42,1.8,14.64,14.39,5.12,6.6,8.17,12.41,4.1,5.6,3.14,2.03,4.23,4.56,3.46,3.59,1.0
00-0040540,Tyreem Powell,,LB,,0,prior,11.8,11.93,12.91,12.78,10.64,13.6,11.8,9.45,6.97,8.48,6.96,17.22,15.79,10.4,11.05,11.39,3.48,2.34,3.06,3.77,1.77,1.15,3.05,3.48,2.21,4.82,4.16,2.97,3.26,4.77,3.09,3.64,3.71,5.16,7.0,6.89,13.17,12.69,13.24,15.44,8.96,10.46,2.77,9.27,2.85,3.34,3.07,2.15,3.01
00-0037153,Vi Jones,,LB,,50,prior,9.5,12.32,13.25,12.01,9.53,13.41,11.8,7.03,8.17,4.02,8.0,12.16,10.76,14.15,11.05,11.39,2.33,2.17,3.3,1.74,3.52,3.15,3.49,2.85,4.32,3.74,3.56,3.68,2.1,3.79,2.95,3.6,2.06,2.46,10.68,11.1,8.47,9.66,10.47,13.64,4.4,5.9,3.92,2.44,1.91,1.87,2.62,4.55,1.43
00-0040607,Wesley Steiner,,LB,,0,prior,11.7,11.89,12.88,12.86,10.77,13.62,11.8,8.62,8.91,12.42,4.81,11.05,4.44,10.4,11.05,11.39,2.13,1.0,1.92,2.97,3.37,3.53,3.12,2.84,2.77,3.23,4.02,2.79,2.78,3.85,2.25,3.35,2.42,1.72,7.03,6.86,13.17,12.69,13.24,15.43,8.96,10.46,2.53,9.27,1.82,2.9,3.44,2.48,1.96
00-0037639,William Kwenkeu,,LB,,4,prior,8.8,11.64,12.43,11.84,10.75,13.16,11.8,7.64,4.31,7.27,7.09,8.81,11.98,14.15,11.05,11.39,3.82,2.53,4.27,2.45,2.29,2.16,2.85,3.22,2.41,3.2,1.0,3.3,2.58,2.57,3.01,2.15,3.11,3.4,14.11,13.86,5.75,7.22,9.79,12.45,4.14,5.64,2.25,2.05,4.3,2.02,1.0,2.97,3.27
00-0040780,Xander Mueller,,LB,,0,prior,11.6,12.08,13.04,12.47,10.14,13.52,11.8,7.9,8.54,6.55,3.13,5.65,8.28,10.4,11.05,11.39,3.16,1.78,2.28,1.74,3.33,3.12,2.47,1.57,3.28,2.95,4.21,1.41,1.52,2.41,1.0,3.37,2.68,3.01,6.89,7.01,13.17,12.69,13.24,15.5,8.96,10.46,3.97,9.27,1.28,1.28,4.24,2.72,4.02
00-0036217,Blake Ferguson,,LS,,0,prior,10.9,5.6,7.74,8.81,9.53,10.59,12.4,11.77,10.95,10.27,7.87,6.47,12.57,6.23,14.5,4.19,4.62,2.66,3.57,2.24,1.72,2.77,2.16,2.15,3.62,2.48,3.92,3.66,4.64,2.88,2.23,3.08,3.22,2.21,1.47,2.54,2.89,3.85,2.63,3.01,1.94,3.26,3.62,4.89,3.02,1.23,1.98,2.72,3.2
00-0037412,Cal Adomitis,,LS,,0,prior,9.4,7.07,7.53,7.69,9.0,9.17,12.37,10.07,9.11,9.18,7.75,9.56,12.07,15.68,11.05,11.39,1.48,2.72,3.01,2.57,3.29,2.87,3.44,4.85,2.57,4.21,4.56,2.79,3.34,2.75,4.09,4.23,4.06,3.07,2.61,1.42,2.05,3.14,4.28,1.0,4.08,4.25,4.51,2.82,2.16,2.15,2.47,3.48,3.18
00-0040271,Luke Elkin,,LS,,0,prior,10.2,10.55,11.41,10.64,9.53,12.46,9.19,9.31,11.01,4.55,4.06,14.07,10.59,10.4,11.05,11.39,1.0,2.26,4.04,3.33,1.99,3.48,2.49,3.58,3.69,1.8,1.63,3.74,3.51,2.72,2.76,2.12,3.45,4.41,3.94,2.7,4.73,2.44,3.19,5.0,3.28,2.18,1.2,2.75,2.62,4.36,3.8,1.68,1.0
00-0033196,Zach Triner,,LS,,1,prior,9.6,8.25,9.1,8.66,9.53,10.51,12.42,11.39,8.51,6.89,11.03,11.42,14.5,17.5,11.05,14.83,3.07,1.7,2.02,2.35,4.51,2.63,3.67,4.51,3.73,1.41,1.41,1.0,2.95,2.62,2.68,1.99,2.97,3.83,2.68,2.74,2.3,5.27,2.96,3.61,3.85,4.08,2.56,2.38,2.99,4.4,3.61,2.31,3.51
00-0040312,Addison West,,OG,,0,prior,11.6,4.43,6.21,5.86,12.91,8.77,11.8,8.56,6.51,9.92,3.52,14.95,4.18,10.4,11.05,11.39,2.98,1.9,3.26,3.64,3.0,1.99,1.69,4.06,3.34,4.87,2.95,3.87,3.28,3.58,3.26,10.77,14.47,2.74,3.1,4.97,2.48,4.64,2.15,2.56,1.28,3.12,2.9,2.98,2.45,2.76,3.3,4.61,3.72
00-0036317,Arlington Hambright,,OG,,2,prior,12.5,4.02,5.83,5.58,12.89,8.42,11.8,10.94,9.38,10.21,7.96,7.99,11.42,14.69,11.05,11.39,2.84,2.59,3.81,2.25,3.33,5.11,2.88,3.15,3.51,3.23,3.65,3.58,4.24,3.77,1.0,16.06,11.08,4.4,2.53,4.54,3.03,2.94,2.24,4.04,2.09,2.53,1.24,1.97,3.19,2.94,1.25,4.43,3.76
00-0036093,Bill Murray,,OG,,32,prior,12.8,5.12,6.62,5.52,13.26,8.87,11.8,10.89,9.71,13.46,10.3,8.43,9.73,10.4,11.05,11.39,1.65,1.84,2.31,4.31,3.62,2.45,2.79,2.32,3.74,1.16,3.9,3.8,2.26,4.0,2.98,14.28,13.99,2.64,4.95,3.0,4.33,2.11,2.89,3.13,1.01,3.01,2.02,2.26,3.43,3.46,2.87,3.39,3.98
00-0037225,Chris Glaser,,OG,,53,prior,12.4,4.58,6.18,5.41,13.11,8.65,11.8,10.07,11.17,12.36,7.42,10.31,10.01,14.69,11.05,11.39,3.24,3.93,2.82,1.96,1.83,1.94,3.11,1.23,1.49,1.14,4.41,1.45,4.22,3.32,2.04,13.19,13.99,3.47,1.79,2.76,2.73,3.23,2.67,1.58,2.7,1.81,1.92,2.35,2.01,2.62,2.34,3.63,3.82
00-0039716,Doug Nester,,OG,,0,prior,12.0,4.01,5.93,5.94,12.73,8.66,11.8,9.19,12.23,10.13,6.05,12.55,12.94,10.4,11.05,11.39,3.17,3.73,3.16,3.7,3.83,3.11,2.4,4.14,4.0,3.64,2.8,4.18,3.85,2.78,4.39,15.91,9.81,3.35,2.59,4.34,2.43,3.17,1.92,2.63,4.46,2.32,4.66,2.16,1.46,3.36,2.65,4.01,4.15
00-0039468,Gunner Britton,,OG,,0,prior,12.0,4.23,5.96,5.58,12.93,8.59,11.8,9.04,8.27,13.23,7.02,13.53,13.34,10.4,11.05,11.39,2.79,2.47,3.38,2.78,2.41,2.86,3.0,2.05,1.99,3.61,2.66,3.49,1.99,3.33,4.52,15.91,9.81,1.77,3.39,1.2,1.95,4.36,3.41,2.9,1.93,2.92,2.79,4.66,3.51,3.11,4.08,3.56,2.77
00-0040040,J.J. Lippe,,OG,,0,prior,11.5,4.25,6.0,5.62,12.92,8.62,11.8,8.09,6.92,9.37,6.12,10.46,9.37,10.4,11.05,11.39,2.0,3.73,2.62,3.65,2.45,4.56,3.49,1.92,2.85,2.59,1.39,1.08,3.66,2.56,3.51,10.77,14.47,4.17,4.82,4.42,3.89,3.17,1.9,3.66,2.9,1.74,2.35,3.05,2.99,2.05,2.98,2.14,1.82
00-0037089,Ja'Tyre Carter,,OG,,131,measured,11.8,4.93,6.67,4.06,13.24,9.52,11.8,11.76,12.14,11.54,7.82,10.39,15.23,13.75,11.05,7.37,3.28,4.42,3.37,1.99,3.35,2.96,3.22,4.5,3.49,2.75,3.59,3.51,3.35,3.99,3.18,13.42,11.88,1.99,4.62,4.1,2.64,3.57,3.72,2.63,3.02,2.43,2.42,3.65,2.87,1.51,2.92,1.87,2.42
00-0040564,Jack Conley,,OG,,0,prior,11.6,3.81,5.91,6.34,12.53,8.76,11.8,9.11,7.15,8.49,5.04,9.85,14.73,10.4,11.05,11.39,4.59,2.28,3.77,3.62,3.14,3.48,2.44,3.62,3.24,2.83,2.8,3.62,1.87,4.24,2.7,10.77,14.47,2.31,2.95,3.91,4.02,2.6,2.37,4.29,3.61,3.93,5.02,3.25,4.07,2.05,2.98,2.07,2.65
00-0039512,Javion Cohen,,OG,,0,prior,12.0,4.44,5.62,5.21,13.12,7.29,11.8,9.96,10.27,11.9,7.24,12.73,12.74,12.99,11.05,11.39,3.27,1.66,4.58,3.15,1.0,1.41,2.61,1.15,3.37,3.76,4.48,4.09,2.95,1.0,2.87,15.91,9.81,2.84,1.6,4.47,2.27,1.98,2.69,5.21,4.7,1.99,5.32,3.32,3.62,2.62,2.94,3.81,3.75
00-0035997,Julian Good-Jones,,OG,,1,prior,12.5,4.16,5.93,5.58,12.92,8.54,11.8,11.5,10.73,12.6,8.73,11.67,13.99,12.41,11.05,11.39,1.0,3.65,2.54,1.78,1.0,2.7,4.18,4.17,2.99,2.08,4.43,5.09,1.23,4.31,2.73,16.06,11.08,2.92,2.85,1.2,2.23,2.27,3.96,1.96,1.64,2.81,1.78,3.52,3.38,3.39,2.17,3.48,3.89
00-0039624,Kyle Hergel,,OG,,42,prior,11.6,4.46,5.59,3.94,13.56,8.03,11.8,10.06,10.69,12.14,6.18,8.77,12.61,12.99,11.05,11.39,2.62,2.09,3.02,3.39,2.42,2.82,3.46,4.39,4.47,3.06,1.2,2.28,1.6,1.22,1.95,13.19,11.59,1.94,1.0,3.04,2.86,2.51,2.33,3.12,3.74,3.07,2.44,2.83,3.88,4.82,2.25,1.0,3.42
00-0039434,LaDarius Henderson,,OG,,0,prior,11.9,4.15,5.65,4.81,13.16,8.27,11.8,8.85,7.78,8.93,7.6,10.81,12.82,10.4,11.05,11.39,4.01,3.02,4.04,1.06,2.57,2.61,3.27,2.95,2.86,1.88,3.36,2.05,1.47,4.88,3.46,16.06,9.49,4.01,2.98,1.64,3.26,3.28,3.69,5.48,1.0,3.31,2.94,1.97,3.86,3.57,2.59,3.63,4.82
00-0037308,Lecitus Smith,,OG,,92,prior,12.1,4.27,4.53,4.55,12.0,7.45,11.8,10.66,13.21,8.7,10.41,11.47,10.48,14.15,11.05,11.39,4.18,2.14,2.89,2.21,3.67,2.82,2.47,3.7,2.92,4.64,4.46,4.14,1.82,2.8,2.73,13.21,14.02,3.86,3.3,3.18,2.88,1.74,5.49,1.07,1.62,1.0,4.99,3.4,3.96,3.22,3.92,3.7,1.83
00-0040286,Luke Kandra,,OG,,0,prior,11.5,3.89,5.57,5.14,12.96,8.31,11.8,8.3,9.3,7.86,8.36,12.64,12.29,10.4,11.05,11.39,2.02,3.07,3.93,3.53,4.02,3.27,1.05,4.15,2.49,5.2,3.18,3.7,2.71,1.68,3.09,10.77,14.47,2.21,2.81,2.41,4.75,3.06,1.88,2.56,1.75,2.91,3.92,3.16,2.68,1.18,4.75,2.78,3.15
00-0038832,Mason Brooks,,OG,,0,prior,12.1,4.13,6.07,6.1,12.72,8.76,11.8,10.16,7.33,10.45,8.47,9.08,9.61,10.4,11.05,11.39,4.88,1.52,2.8,2.61,3.43,3.22,4.56,1.41,1.04,1.46,2.44,2.89,3.39,3.17,1.19,16.06,9.98,2.61,4.06,1.95,2.88,3.82,1.7,2.54,2.44,5.59,3.56,2.58,2.07,3.86,2.46,2.68,3.59
00-0033995,Michael Dunn,,OG,,351,measured,13.0,3.31,5.08,4.87,12.91,7.82,11.8,11.44,10.07,12.69,8.81,9.01,17.02,8.61,15.07,16.16,2.83,4.31,3.61,3.62,3.26,2.46,2.7,1.74,4.34,4.38,4.98,2.05,3.46,2.62,4.76,13.34,16.03,1.29,3.66,2.66,2.84,1.79,3.58,1.58,2.86,2.52,2.84,1.55,4.18,2.45,3.59,3.43,1.55
00-0040664,Michael Gonzalez,,OG,,0,prior,11.6,4.43,6.21,5.86,12.91,8.77,11.8,8.69,6.83,6.88,5.87,10.62,13.26,10.4,11.05,11.39,3.55,4.85,2.92,4.52,3.64,2.46,2.26,4.36,3.06,2.98,2.42,3.42,1.12,1.68,3.0,10.77,14.47,1.56,1.57,2.37,3.94,1.8,1.74,1.0,4.17,3.53,3.05,1.96,4.42,3.53,1.0,3.56,4.68
00-0039472,Mike Edwards,,OG,,0,prior,11.8,2.85,4.39,3.88,13.07,7.5,11.8,9.33,10.87,9.28,6.68,8.95,9.25,10.4,11.05,11.39,3.45,2.41,2.89,2.91,3.07,3.58,3.96,2.37,1.98,2.39,3.78,2.32,2.42,3.18,2.39,15.91,9.81,3.87,3.05,3.43,2.0,4.41,5.48,4.81,3.42,2.73,2.97,3.46,2.26,2.44,2.37,3.42,3.13
00-0036170,Mike Panasiuk,,OG,,0,prior,12.4,4.59,5.97,4.77,13.33,8.41,11.8,11.0,11.67,8.21,9.0,12.32,9.46,10.4,11.05,11.39,2.43,1.44,3.79,1.91,4.31,1.13,2.06,1.82,1.98,2.23,1.0,1.97,3.06,3.52,4.38,16.15,10.49,1.68,4.02,1.9,3.41,2.43,4.45,4.69,2.79,1.61,1.58,3.49,3.05,4.01,2.72,4.79,3.05
00-0040475,Nash Jones,,OG,,0,prior,11.5,3.99,5.68,5.26,12.95,8.39,11.8,8.42,11.69,7.83,4.89,16.47,12.7,10.4,11.05,11.39,2.64,2.92,3.54,2.65,1.22,2.92,3.11,1.79,2.22,4.43,3.26,3.18,3.22,3.57,2.92,10.77,14.47,2.88,3.64,2.0,2.32,4.16,2.36,3.26,2.1,4.43,2.19,5.81,3.46,3.33,2.78,3.73,3.8
00-0036399,Netane Muti,,OG,,12,prior,13.8,4.39,5.72,4.49,19.4,8.23,11.8,11.47,8.58,16.68,7.81,9.36,12.14,14.15,11.05,11.39,4.33,5.99,3.33,4.5,3.29,2.48,3.92,4.66,2.26,2.87,1.62,1.51,3.64,3.56,3.86,15.82,12.12,2.68,1.95,4.02,3.12,4.17,2.92,5.0,1.47,4.27,2.68,2.42,2.79,2.86,2.26,3.63,4.01
00-0038633,Nick Broeker,,OG,,8,prior,12.2,2.95,5.26,5.87,13.12,8.53,11.8,12.5,8.35,6.93,7.96,10.04,11.11,14.69,11.05,15.42,2.39,1.28,3.48,3.1,2.74,2.92,2.44,2.39,1.9,3.07,2.27,1.71,3.83,2.6,3.66,14.8,11.08,1.89,4.31,4.37,2.91,4.92,2.15,3.73,2.64,1.94,3.74,1.22,3.14,4.52,3.59,2.73,2.82
00-0038826,Raiqwon O'Neal,,OG,2.0,1,prior,10.5,4.44,6.0,5.21,13.12,8.53,11.8,8.98,9.45,8.38,8.23,13.95,14.06,12.41,11.05,11.39,4.17,4.81,3.31,3.87,1.91,2.74,2.78,1.0,3.92,2.11,3.12,2.39,2.73,4.04,2.28,12.44,8.84,4.87,2.36,2.24,3.67,1.48,1.96,3.73,2.36,3.3,5.41,1.85,4.44,4.67,3.09,4.25,2.97
00-0036631,Royce Newman,,OG,,302,measured,11.7,4.78,5.78,4.56,12.0,8.09,11.8,10.74,8.7,10.27,7.76,16.77,13.22,17.5,11.05,11.39,1.97,3.18,3.16,2.98,3.79,5.4,2.17,2.55,3.92,3.09,4.04,2.64,2.75,2.85,2.41,13.39,12.36,2.56,3.29,3.26,4.89,2.74,1.9,2.8,2.8,2.26,1.0,2.78,4.32,3.83,2.83,1.53,3.0
00-0040367,Rush Reimer,,OG,,0,prior,11.6,4.57,6.39,6.06,12.89,8.9,11.8,8.82,10.9,8.63,5.66,12.23,8.93,10.4,11.05,11.39,2.76,2.36,2.42,3.01,3.31,4.61,2.43,3.65,4.49,5.17,2.66,4.46,4.32,3.15,1.79,10.77,14.47,2.48,4.32,3.15,2.13,2.84,4.92,3.69,3.63,4.3,2.46,2.78,2.47,2.78,3.82,1.97,3.29
00-0036334,Saahdiq Charles,,OG,,535,measured,12.1,6.0,6.99,5.62,13.09,8.78,11.8,9.31,6.89,12.26,8.98,3.75,9.25,5.15,7.02,7.88,3.64,3.1,1.47,5.18,2.06,3.17,1.93,3.7,2.43,2.15,3.09,2.95,2.64,3.79,3.38,14.98,10.88,3.52,3.09,3.61,2.77,2.99,1.8,1.0,3.66,3.92,3.36,4.14,2.6,1.9,1.82,3.99,3.13
00-0036397,Shane Lemieux,,OG,,385,measured,14.7,5.09,6.49,2.01,13.16,6.86,11.8,11.5,15.18,12.29,9.91,13.07,7.83,4.0,6.64,13.94,3.03,3.75,3.4,1.53,2.85,1.47,3.38,4.9,3.33,1.84,1.87,3.29,2.34,2.17,2.13,15.64,19.28,4.07,3.82,1.39,1.53,2.73,4.07,2.32,2.75,1.66,2.72,3.64,2.43,4.0,1.6,4.48,3.99
00-0040287,Steven Losoya,,OG,,0,prior,11.6,3.86,5.53,5.1,12.97,8.29,11.8,10.68,7.29,9.52,7.2,10.43,12.45,10.4,11.05,11.39,4.12,3.72,3.72,3.17,3.43,3.37,4.07,3.79,2.86,2.85,2.41,4.44,4.11,2.0,3.9,10.77,14.47,4.15,1.45,3.39,3.39,3.3,2.86,3.7,3.21,3.69,5.09,1.0,4.16,2.33,2.7,3.06,3.35
00-0035384,Sua Opeta,,OG,,387,measured,13.4,6.03,7.83,2.05,19.03,11.55,11.8,13.19,8.77,8.68,8.07,10.85,11.7,7.92,14.08,11.39,2.39,1.68,5.15,2.94,1.93,4.65,2.53,2.18,3.37,2.65,4.85,1.86,4.71,2.12,4.11,10.55,16.86,3.57,4.49,1.71,2.02,4.34,1.94,3.44,2.03,4.51,3.22,3.66,2.49,2.25,3.56,2.36,4.53
00-0036437,Tremayne Anchrum,,OG,,62,prior,12.0,3.85,5.33,3.52,13.39,5.89,11.8,11.96,7.17,10.77,6.33,13.36,7.71,13.75,11.05,11.39,2.22,3.1,2.61,3.08,2.64,2.9,2.15,1.4,2.26,3.09,3.31,2.55,3.28,5.14,2.1,13.23,12.79,4.12,2.38,2.44,4.13,2.15,3.1,3.83,3.18,2.23,1.27,2.76,3.61,4.6,3.49,3.2,4.11
00-0040036,Tyler Cooper,,OG,,0,prior,11.6,4.27,6.24,6.3,12.7,8.89,11.8,8.05,7.18,10.86,7.86,16.84,11.93,10.4,11.05,11.39,1.43,1.0,2.33,4.53,3.42,3.13,1.93,3.86,3.23,3.33,3.47,2.07,5.78,1.53,2.59,10.77,14.47,3.8,2.72,1.0,1.62,3.42,4.79,3.31,2.45,3.87,2.27,3.98,4.02,4.07,4.62,3.83,1.2
00-0037167,Tyrese Robinson,,OG,,53,prior,11.7,3.25,4.23,1.36,13.41,4.01,11.8,9.31,9.75,10.2,5.46,13.66,11.18,12.99,11.05,11.39,1.39,3.27,4.82,2.51,1.0,3.41,2.83,2.91,2.13,4.18,2.61,3.39,3.8,3.25,3.89,13.2,12.98,2.49,1.03,3.29,3.62,3.73,3.83,3.12,3.51,3.08,3.45,3.54,2.27,3.1,2.39,2.46,3.67
00-0036535,Will Sherman,,OG,,0,prior,12.1,4.13,6.27,5.32,12.0,7.42,11.8,11.14,8.99,5.84,9.67,11.29,12.44,12.11,11.05,11.39,2.12,3.96,3.82,1.85,3.22,2.33,4.33,3.61,3.31,3.29,1.9,2.34,1.94,3.53,1.0,16.15,10.16,4.26,2.11,3.98,2.07,1.95,4.46,2.2,2.24,5.17,3.26,3.25,4.79,4.18,4.04,3.89,3.5
00-0035468,Zack Bailey,,OG,,9,prior,12.8,3.96,4.86,5.55,12.46,7.44,11.8,12.24,11.35,8.96,8.84,11.33,10.37,4.83,7.2,11.39,1.76,2.89,2.53,1.61,1.54,3.52,3.41,2.9,3.49,4.01,2.46,1.83,2.88,3.69,4.12,15.66,12.78,3.83,3.43,1.77,3.59,2.61,3.6,2.45,4.25,3.42,1.0,2.45,2.76,2.67,3.69,5.8,2.29
00-0036015,Zack Johnson,,OG,,2,prior,12.5,3.91,5.85,5.91,12.72,8.58,11.8,11.3,9.17,10.6,8.33,12.89,15.64,12.19,11.05,11.39,2.6,3.06,1.71,3.83,3.02,1.82,2.84,4.12,3.08,3.01,3.02,1.68,3.49,2.83,1.13,15.91,11.08,4.61,2.05,4.82,3.09,3.46,2.17,3.4,2.91,3.78,1.98,2.4,2.03,3.89,2.25,3.3,5.04
00-0035233,Andre Dillard,,OT,,384,measured,14.0,6.53,9.43,9.1,12.46,9.86,11.8,10.16,11.21,11.73,8.41,9.58,11.35,7.56,7.15,14.14,3.43,3.33,3.54,1.52,2.66,3.09,3.7,2.85,1.38,1.0,5.59,2.12,1.65,3.7,2.38,14.67,16.65,1.13,2.69,4.72,3.36,2.71,3.34,2.54,1.73,3.01,2.27,1.21,3.97,4.45,2.96,2.76,2.03
00-0037620,Andrew Stueber,,OT,,5,prior,9.7,2.84,4.22,3.46,10.29,5.53,11.8,6.96,4.46,9.67,7.27,11.79,6.53,12.99,11.05,11.39,2.53,2.17,1.81,3.12,3.45,2.29,2.43,3.97,3.11,3.97,4.01,4.02,3.17,3.12,1.8,10.39,12.04,2.54,1.0,2.87,2.24,1.45,4.4,3.18,4.68,3.92,2.9,1.76,3.34,2.56,3.22,2.25,3.5
00-0039933,Bayron Matos,,OT,4.0,0,prior,10.0,4.6,6.83,6.37,12.61,9.29,11.8,7.97,5.51,4.14,8.14,10.05,10.58,10.4,11.05,11.39,2.56,3.63,4.07,3.91,3.53,2.73,3.22,3.24,1.0,3.75,3.34,4.41,1.0,2.04,2.16,9.5,11.19,2.95,3.25,3.18,5.22,2.78,2.04,2.85,2.74,2.32,3.34,3.03,2.18,1.6,3.51,2.1,3.38
00-0040614,Ben Dooley,,OT,,0,prior,10.5,3.87,5.65,4.71,11.66,8.18,11.8,8.54,5.39,8.53,7.2,10.42,8.19,10.4,11.05,11.39,3.79,3.2,2.85,1.54,2.9,3.33,1.41,3.75,2.37,2.51,3.59,3.86,3.57,2.84,1.41,12.57,11.2,3.74,4.39,3.19,3.57,3.03,1.78,3.65,3.26,4.68,1.77,4.13,1.81,3.18,2.19,3.08,3.74
00-0031622,Bobby Hart,,OT,,50,prior,13.0,1.0,3.5,4.41,12.41,7.9,11.8,13.22,8.19,11.69,13.2,12.64,14.46,7.45,14.99,7.74,4.16,2.56,2.19,4.89,2.83,3.26,2.14,2.46,4.04,1.52,2.45,2.96,3.08,1.23,3.39,13.83,16.33,1.43,2.25,3.67,3.27,3.65,4.93,3.47,1.44,2.97,2.6,2.92,2.57,3.59,2.48,3.92,3.48
00-0034763,Brandon Parker,,OT,,10,prior,11.2,1.0,5.09,5.02,10.91,8.89,11.8,9.71,7.38,8.29,7.31,13.17,10.75,12.99,11.05,11.39,4.76,3.72,3.2,4.13,2.37,5.18,2.95,4.01,1.68,2.71,4.05,3.38,4.04,4.57,2.96,11.73,13.71,4.62,2.52,2.41,1.47,1.09,2.11,1.0,4.99,2.97,2.99,1.51,1.78,2.36,4.32,1.86,6.07
00-0040370,Caleb Etienne,,OT,3.0,0,prior,10.1,2.82,4.73,4.11,10.35,7.26,11.8,7.09,9.1,8.18,5.81,11.93,11.54,10.4,11.05,11.39,3.3,3.24,4.44,3.0,3.91,1.9,4.98,3.04,3.57,2.44,2.14,2.45,3.81,2.54,3.54,12.57,11.2,1.74,4.07,3.34,4.25,4.85,3.6,2.12,3.23,1.39,2.57,3.49,1.56,4.54,3.71,2.73,2.91
00-0033300,Conor McDermott,,OT,,332,measured,12.7,2.56,4.03,6.53,11.73,7.0,11.8,13.06,7.49,8.45,8.45,9.24,15.76,14.15,11.05,4.91,1.11,2.86,3.99,2.34,4.39,2.62,1.68,2.73,4.26,2.24,3.55,3.76,2.98,3.11,3.76,16.68,13.01,1.82,2.6,2.08,1.23,2.07,3.67,3.55,1.38,2.96,2.15,3.03,2.62,2.91,3.5,2.54,3.9
00-0040465,Corey Stewart,,OT,,0,prior,10.5,3.95,5.75,4.83,11.77,8.27,11.8,7.77,8.21,6.37,4.42,11.1,15.41,10.4,11.05,11.39,3.43,4.34,2.43,4.77,2.89,3.76,1.0,3.84,2.05,2.85,4.06,2.31,2.75,2.76,2.66,12.57,11.2,3.58,2.57,3.75,3.49,2.6,3.57,3.64,2.37,1.69,2.01,2.63,3.74,3.96,1.61,2.21,2.7
00-0040266,Dartanyan Tinsley,,OT,,0,prior,10.6,3.87,5.65,4.71,11.66,8.18,11.8,9.47,6.53,5.95,5.61,10.36,14.14,10.4,11.05,11.39,4.18,2.4,1.12,2.62,1.3,1.68,2.07,2.55,2.1,2.64,5.28,2.38,2.81,2.13,2.22,12.57,11.2,2.83,3.97,2.54,2.49,2.67,3.03,3.08,3.06,2.51,3.3,3.75,3.44,3.31,3.73,3.66,3.85
00-0037414,Devin Cochran,,OT,,136,measured,10.9,3.77,5.74,5.03,11.61,8.27,11.8,9.98,9.3,10.07,6.67,8.52,10.3,12.99,11.05,11.39,2.56,3.53,2.47,3.23,1.09,2.83,2.95,3.43,2.83,2.21,4.09,3.16,3.26,4.68,1.65,13.46,11.24,3.56,4.8,3.09,3.67,4.11,3.06,1.23,3.57,2.14,4.6,2.81,3.44,4.0,3.46,3.75,1.2
00-0039262,Gottlieb Ayedze,,OT,,0,prior,9.8,6.53,8.27,4.74,12.03,8.25,11.8,8.0,7.16,2.46,6.21,18.69,7.34,10.4,11.05,11.39,3.06,1.31,3.29,2.88,2.23,1.85,2.43,1.97,4.12,6.14,3.22,3.41,2.52,4.5,2.27,9.5,11.19,3.6,4.77,3.02,4.91,2.05,2.45,3.54,1.53,3.57,2.89,2.33,3.27,1.84,2.5,1.49,3.0
00-0035295,Isaiah Prince,,OT,,26,prior,11.4,5.43,8.45,3.07,12.0,9.02,11.8,10.86,3.92,8.66,10.18,12.11,13.67,15.29,11.05,7.74,2.92,4.11,3.28,1.73,3.47,3.1,2.89,1.89,2.38,3.31,3.52,3.59,4.26,4.0,4.17,12.49,13.21,3.22,1.72,3.38,5.04,4.93,3.98,4.64,4.57,1.52,4.85,4.86,2.25,2.7,2.86,4.14,4.34
00-0035003,Jackson Barton,,OT,,143,measured,12.4,3.54,5.81,4.9,12.92,7.62,11.8,10.33,9.49,10.98,7.59,13.54,11.79,17.5,11.05,4.98,3.87,4.25,1.68,1.42,2.61,2.99,1.85,3.4,4.62,3.79,1.72,3.84,2.59,4.28,2.34,12.79,15.18,3.52,1.74,2.34,4.22,2.28,2.5,3.42,3.35,1.62,3.56,1.69,5.97,2.0,2.12,3.25,4.48
00-0036865,Jackson Carman,,OT,,70,prior,10.6,3.23,4.63,3.27,10.66,7.18,11.8,10.49,5.63,9.96,7.57,11.26,14.76,17.5,11.05,7.31,4.63,1.21,2.57,2.72,1.6,1.63,3.44,1.67,1.8,1.53,2.51,4.89,2.65,2.39,2.31,12.12,12.45,3.49,3.64,4.4,3.13,4.57,2.68,3.92,3.33,1.81,1.04,2.78,1.22,2.54,3.41,4.71,2.19
00-0038607,Jaelyn Duncan,,OT,,275,measured,11.4,5.33,7.92,4.71,11.66,11.2,11.8,9.28,10.67,8.79,5.01,12.37,10.18,5.54,18.73,4.28,1.78,2.25,3.18,1.0,3.53,2.82,1.0,1.38,2.47,3.96,3.28,3.31,1.69,4.05,4.03,14.96,11.25,2.9,3.39,3.7,3.97,2.39,3.98,2.41,3.63,3.29,2.79,3.14,2.6,3.46,2.28,3.06,2.89
00-0040439,Jaison Williams,,OT,,0,prior,10.5,3.87,5.65,4.71,11.66,8.18,11.8,9.34,5.5,5.72,7.16,4.99,5.52,10.4,11.05,11.39,5.84,2.39,2.01,3.31,2.73,1.01,1.69,2.77,1.76,1.54,1.0,2.5,4.26,1.89,3.83,12.57,11.2,1.91,3.54,1.27,3.63,3.34,2.44,2.68,2.26,2.68,2.9,1.0,1.98,3.38,4.59,1.4,3.21
00-0037600,Jalen McKenzie,,OT,,0,prior,10.1,4.36,6.09,5.03,12.22,8.59,11.8,7.83,7.64,5.84,8.1,9.35,10.58,10.4,11.05,11.39,3.9,3.26,2.56,2.68,2.62,2.97,2.73,2.87,2.91,2.88,1.72,2.89,3.36,3.42,4.27,9.62,11.98,2.57,1.0,3.94,1.69,2.76,3.43,2.67,2.81,3.93,2.26,4.11,3.62,1.0,3.07,4.85,3.46
00-0040256,Jason Ivey,,OT,,0,prior,10.7,4.58,6.6,5.87,12.53,9.08,11.8,7.35,5.25,5.82,6.45,9.67,12.32,10.4,11.05,11.39,4.49,4.52,3.34,4.45,2.5,3.49,4.03,2.39,1.85,2.76,4.3,1.39,1.55,4.2,2.8,12.57,11.2,3.54,4.03,3.53,3.52,2.02,2.88,2.99,2.04,1.16,2.32,2.26,3.18,3.14,2.45,1.8,5.01
00-0034937,John Leglue,,OT,,6,prior,11.2,3.45,5.45,4.85,11.83,8.03,11.8,9.49,7.3,9.93,8.59,11.74,10.34,12.99,11.05,11.39,1.36,3.0,1.42,3.25,4.77,2.66,2.28,2.47,2.91,4.46,2.95,4.46,3.87,3.68,4.21,11.3,13.68,2.66,3.45,2.18,3.39,2.31,1.15,1.21,1.82,2.55,4.36,2.94,5.64,3.31,1.0,4.53,1.96
00-0040760,Jonathan Mendoza,,OT,,0,prior,10.6,4.3,6.23,5.41,12.22,8.72,11.8,7.9,10.22,7.79,5.59,12.13,10.32,10.4,11.05,11.39,3.04,3.58,2.16,2.77,2.92,2.41,2.43,2.33,3.88,4.13,1.78,4.13,3.43,3.57,5.12,12.57,11.2,3.73,1.88,2.52,3.29,3.02,4.66,3.42,4.22,3.47,1.92,1.69,3.38,3.42,1.03,2.42,2.06
00-0040555,Jordan Williams,,OT,,0,prior,10.6,4.06,5.9,5.0,11.94,8.41,11.8,8.4,6.96,8.69,7.66,9.63,14.12,10.4,11.05,11.39,4.5,2.57,2.86,3.12,1.98,4.47,3.1,5.68,3.22,1.0,2.95,2.33,3.54,1.87,1.81,12.57,11.2,3.81,2.21,3.82,2.13,4.54,1.22,1.95,4.79,5.6,2.18,2.46,3.84,2.42,2.01,3.67,3.76
00-0035317,Joshua Miles,,OT,,0,prior,10.5,1.62,4.92,2.97,12.26,12.6,11.8,10.56,4.67,11.35,8.77,10.43,13.47,12.06,14.31,7.74,3.55,3.38,2.48,2.13,2.9,3.73,2.07,3.24,4.7,5.28,2.5,2.64,2.78,2.8,1.4,10.05,13.21,1.0,2.41,3.27,1.36,4.32,3.93,3.66,2.63,2.24,2.28,1.55,2.52,2.86,3.49,2.63,1.42
00-0039428,Josiah Ezirim,,OT,,0,prior,9.7,3.87,5.65,4.71,11.66,8.18,11.8,9.62,7.19,3.31,6.82,10.48,6.84,10.4,11.05,11.39,2.17,2.92,2.67,2.01,3.74,1.0,3.18,2.01,3.05,2.88,3.12,3.4,1.0,3.05,3.15,9.49,11.19,2.31,3.42,4.22,3.33,3.06,3.7,4.46,2.11,2.25,3.68,3.49,3.93,2.8,3.34,3.13,3.55
00-0039251,Julian Pearl,,OT,,0,prior,9.7,4.06,5.9,5.0,11.94,8.41,11.8,7.68,5.22,5.26,5.49,12.75,12.24,10.4,11.05,11.39,2.71,4.25,2.49,1.85,1.84,2.13,2.76,3.42,1.84,2.0,2.68,4.83,3.17,2.7,2.09,9.5,11.19,1.34,4.16,2.75,3.05,4.92,3.53,3.23,3.03,1.8,2.14,2.87,2.9,3.37,3.82,3.16,2.13
00-0038471,Kadeem Telfort,,OT,,18,prior,10.1,3.15,4.94,4.13,10.73,7.52,11.8,8.66,7.53,8.04,7.31,11.37,11.08,12.99,11.05,11.39,3.62,4.05,2.12,3.1,4.26,3.74,1.87,4.4,1.96,3.23,3.37,3.24,3.92,2.17,4.33,10.84,11.97,3.7,3.76,3.11,3.34,3.45,1.0,3.7,2.34,3.38,3.12,4.54,3.49,3.17,3.12,2.48,3.5
00-0039655,Karsen Barnhart,,OT,,0,prior,9.7,4.32,6.04,4.97,12.18,8.55,11.8,7.89,4.4,6.44,5.72,7.2,11.62,10.4,11.05,11.39,2.7,4.32,3.84,2.95,4.35,3.09,1.54,2.7,3.07,1.98,3.65,1.0,1.52,1.08,4.27,9.5,11.19,4.57,3.73,2.8,3.3,1.04,1.16,1.42,2.93,3.33,2.56,2.78,2.84,2.75,2.2,3.15,4.1
00-0031534,La'el Collins,,OT,,391,measured,14.3,3.9,5.43,5.37,10.67,6.89,11.8,14.49,9.01,12.8,12.55,16.71,9.02,12.49,11.05,8.07,4.48,3.38,2.46,4.31,2.45,4.16,1.83,3.08,2.13,3.3,1.68,3.95,6.02,1.29,2.07,15.5,18.16,2.97,3.33,2.64,3.72,3.25,2.37,2.49,3.78,2.29,2.25,2.75,4.62,2.79,4.29,2.54,3.47
00-0039932,Laekin Vakalahi,,OT,,0,prior,9.8,4.18,5.85,4.74,12.03,8.37,11.8,10.9,5.68,5.45,7.7,8.82,10.21,10.4,11.05,11.39,4.72,2.87,2.84,1.7,3.75,2.74,3.78,2.02,3.64,2.38,1.95,2.14,3.8,2.29,2.32,9.5,11.19,4.05,2.85,3.2,3.43,3.0,3.72,2.54,2.23,1.0,4.18,2.45,4.19,6.42,3.63,3.15,4.48
00-0037591,Leroy Watson IV,,OT,,215,measured,13.3,6.26,8.83,8.16,14.32,11.48,11.8,11.01,9.0,10.39,9.36,14.61,12.43,5.18,4.41,5.91,3.65,3.0,1.2,1.67,1.0,3.09,2.35,1.0,3.88,3.08,2.59,1.86,2.62,4.48,3.74,15.69,13.7,1.21,2.85,2.5,1.33,2.42,3.33,2.07,1.06,2.74,3.45,2.7,2.79,3.75,2.27,3.5,3.67
00-0038223,Liam Fornadel,,OT,,0,prior,10.3,4.83,6.52,5.35,12.67,9.0,11.8,10.05,7.35,6.65,7.22,9.94,11.28,10.4,11.05,11.39,1.87,3.24,3.04,4.21,2.91,1.61,1.48,2.53,3.98,2.35,4.57,4.56,2.55,4.01,3.63,9.62,11.98,4.2,3.88,1.39,3.42,3.53,3.79,2.54,1.94,3.83,1.87,3.38,3.26,4.6,4.42,4.5,3.32
00-0039517,Lorenzo Thompson,,OT,,0,prior,10.1,4.75,6.84,6.16,12.72,9.3,11.8,9.79,5.43,6.07,4.78,17.28,10.32,10.4,11.05,11.39,2.75,4.04,1.95,3.19,2.86,3.61,3.48,2.41,3.02,1.28,2.4,3.07,4.41,3.73,2.56,9.5,11.19,3.45,3.19,3.01,1.0,1.71,4.19,2.58,5.14,3.49,3.4,2.88,3.94,2.23,1.77,3.39,4.76
00-0040442,Marques Cox,,OT,,0,prior,10.6,4.5,6.28,5.26,12.37,8.77,11.8,7.65,8.99,7.82,6.42,9.77,12.14,10.4,11.05,11.39,3.35,1.29,3.31,3.34,4.45,1.0,2.83,3.01,4.36,3.58,2.95,3.97,3.61,1.0,3.57,12.57,11.2,4.57,2.89,2.87,3.34,4.39,3.2,4.3,2.09,3.15,2.11,1.62,3.09,2.77,3.01,3.4,1.99
00-0040349,Marshall Foerner,,OT,,0,prior,10.9,4.62,6.65,5.93,12.57,9.12,11.8,9.64,9.08,8.5,4.82,9.86,9.68,10.4,11.05,11.39,2.89,3.27,3.26,3.74,4.11,2.71,3.28,3.37,3.76,3.78,3.89,3.89,2.56,3.96,4.82,12.57,11.2,2.8,3.89,2.67,1.71,3.01,3.76,2.03,2.86,3.29,2.75,3.02,3.92,3.78,2.39,2.68,2.52
00-0040491,Parker Clements,,OT,,0,prior,10.7,4.51,6.51,5.76,12.45,8.99,11.8,8.56,5.81,4.75,5.43,11.89,15.11,10.4,11.05,11.39,4.1,1.0,4.41,4.56,1.18,4.4,4.82,2.24,3.2,3.16,2.03,3.08,4.0,3.57,3.37,12.57,11.2,1.5,3.22,3.61,1.0,3.03,3.44,4.16,3.16,2.4,4.15,3.69,3.02,3.48,4.57,3.19,3.49
00-0038676,Richard Gouraige,,OT,,1,prior,10.2,4.46,6.23,5.21,12.33,8.73,11.8,9.91,2.32,8.35,7.18,9.08,10.41,12.99,11.05,11.39,1.44,4.99,2.93,3.78,1.66,4.47,3.92,2.52,2.05,2.79,1.07,2.99,1.43,2.33,1.56,9.99,11.69,3.04,4.32,2.83,3.78,1.98,3.66,2.58,3.24,1.64,3.52,3.19,2.09,1.36,3.52,2.7,2.51
00-0037040,Roy Mbaeteka,,OT,,0,prior,10.4,3.64,5.77,5.29,11.51,8.3,11.8,10.63,5.17,5.06,9.39,5.49,8.17,10.4,11.05,11.39,3.69,2.91,3.46,4.11,3.75,3.05,1.42,1.71,4.87,3.53,3.43,3.24,3.82,1.04,3.99,9.99,12.45,2.69,3.57,3.94,2.05,3.77,3.7,4.39,2.02,3.59,3.75,3.42,3.72,2.16,2.66,1.91,4.58
00-0038199,Ryan Nelson,,OT,,0,prior,10.0,4.06,5.9,5.0,11.94,8.41,11.8,7.93,4.9,7.7,6.95,3.48,14.78,10.4,11.05,11.39,4.44,4.3,4.67,3.16,5.05,1.14,1.71,4.54,3.03,3.16,2.95,2.11,2.96,3.8,3.64,9.62,11.98,3.7,4.34,4.35,2.55,4.38,2.41,3.02,2.65,3.39,3.64,1.83,2.78,2.37,4.22,2.86,2.61
00-0038670,Samuel Jackson,,OT,,0,prior,9.6,3.29,4.91,3.87,10.83,7.5,11.8,9.52,6.02,7.97,5.51,9.45,14.27,10.4,11.05,11.39,2.82,2.23,3.43,2.99,2.89,2.37,3.91,2.29,2.82,3.14,4.62,3.65,2.72,2.28,3.64,9.51,11.66,2.29,3.62,1.0,2.51,1.46,2.36,3.52,1.13,1.75,4.42,4.27,3.62,3.53,2.25,3.36,3.5
00-0037381,Sebastian Gutierrez,,OT,,3,prior,10.6,5.05,7.04,6.19,12.98,9.48,11.8,9.76,8.31,7.13,8.3,12.35,13.99,14.15,11.05,11.39,1.83,4.99,3.48,2.35,1.89,3.48,2.46,2.02,4.12,3.09,4.33,2.4,2.26,3.36,2.84,10.05,12.09,2.57,3.56,2.29,2.42,1.89,2.37,2.37,3.27,2.34,4.89,3.62,2.79,5.39,1.71,4.89,1.17
00-0040602,Trey Wedig,,OT,,0,prior,10.4,3.58,5.49,4.74,11.34,8.04,11.8,8.35,11.46,8.56,4.52,12.31,13.0,10.4,11.05,11.39,2.61,4.57,2.81,2.24,3.64,3.56,2.38,3.74,4.24,5.43,2.61,3.09,4.96,3.68,3.82,12.57,11.2,3.2,3.55,2.56,1.0,2.18,5.09,4.32,2.31,4.4,1.65,1.29,3.13,3.0,1.04,3.53,2.32
00-0036214,Tyre Phillips,,OT,,564,measured,10.4,1.24,1.66,1.04,11.33,4.71,11.8,10.01,8.27,8.43,7.37,12.38,12.88,7.93,14.81,7.85,3.8,1.83,3.43,2.89,5.15,2.05,4.66,4.38,2.56,3.3,4.22,2.35,2.93,4.37,3.29,12.72,12.24,3.34,3.15,5.3,1.0,1.87,2.28,3.62,3.12,3.12,2.5,3.33,2.69,2.06,1.8,2.24,1.19
00-0037618,Zach Thomas,,OT,,116,measured,11.2,7.2,7.6,8.28,10.67,4.85,11.8,8.85,8.43,5.24,8.6,8.35,10.59,15.68,11.05,11.39,3.72,3.74,2.28,3.79,3.49,3.92,4.2,3.9,2.02,2.65,2.51,3.13,1.0,3.37,2.46,12.76,11.97,4.61,1.09,2.1,2.14,2.36,4.0,2.62,1.84,2.15,3.55,3.79,3.71,1.84,2.82,2.49,3.31
00-0033729,Cameron Johnston,,P,,59,measured,15.2,5.8,7.78,8.02,9.83,10.41,13.24,13.87,14.37,13.72,8.73,11.07,3.49,17.5,11.05,7.74,1.76,2.63,4.69,1.63,2.53,3.26,4.43,2.86,2.54,2.61,4.02,4.54,3.74,3.1,4.79,1.76,4.11,3.54,2.34,3.4,4.1,3.17,3.4,4.86,2.3,3.15,2.93,3.18,2.39,2.5,10.34,20.0,4.54
00-0040114,James Burnip,,P,,0,prior,19.9,6.88,9.29,9.67,9.83,12.07,11.06,11.45,19.44,16.16,6.8,12.07,9.17,10.4,11.05,11.39,2.59,2.17,5.18,3.24,1.64,5.13,2.65,3.88,5.01,2.48,2.53,4.25,2.03,1.94,2.72,2.51,2.5,1.0,4.12,3.77,3.38,3.17,1.42,3.51,4.21,2.44,1.93,2.31,3.48,1.78,19.72,20.0,4.12
00-0040768,Oscar Chapman,,P,,0,prior,19.9,8.26,9.98,9.67,9.83,12.07,15.13,13.4,15.49,15.43,5.87,6.03,9.85,10.4,11.05,11.39,3.53,3.21,3.31,4.04,2.19,1.79,2.17,3.73,4.22,1.8,4.94,2.6,3.75,4.32,1.58,2.19,1.94,4.97,2.68,3.78,3.72,4.7,4.1,3.95,2.93,4.93,3.16,4.0,2.29,2.93,19.72,20.0,2.61
00-0039464,Austin Reed,,QB,,0,prior,5.9,9.07,9.58,12.39,9.76,10.93,11.8,4.73,5.33,4.71,7.3,11.56,9.87,10.4,11.05,11.39,4.71,4.69,5.58,4.7,4.7,13.23,5.03,3.71,3.61,1.0,4.02,1.95,2.92,3.04,1.35,2.5,2.13,1.97,4.43,4.78,2.54,3.41,3.1,2.69,2.03,1.0,3.25,4.98,3.56,3.31,3.82,3.4,3.25
00-0036384,Ben DiNucci,,QB,,0,prior,6.4,9.65,10.07,11.4,9.76,10.64,11.8,7.13,5.54,4.53,8.61,8.54,13.3,10.4,11.05,11.39,4.69,4.72,7.0,4.72,4.72,14.64,4.88,3.69,3.72,1.0,1.9,1.03,3.06,4.11,4.76,1.18,3.18,3.46,2.47,2.0,4.21,2.57,2.2,4.41,3.35,2.8,3.57,3.82,2.08,3.1,2.16,2.97,2.31
00-0040569,Ben Wooldridge,,QB,,0,prior,7.3,9.6,10.0,12.03,9.76,10.9,11.8,6.43,7.01,3.44,9.94,6.57,7.9,10.4,11.05,11.39,8.83,6.24,8.21,6.84,6.07,7.34,7.11,7.56,2.15,2.6,2.32,2.73,4.41,2.8,4.85,3.25,3.12,2.51,3.71,3.5,2.56,2.32,2.59,3.04,5.14,1.47,4.59,2.88,3.4,3.85,4.23,2.7,3.23
00-0035939,Bryce Perkins,,QB,,39,prior,6.4,9.45,9.92,11.52,9.76,10.65,11.8,6.15,5.57,5.69,11.44,8.18,11.96,12.19,11.05,11.39,4.77,4.99,8.93,4.96,4.79,10.2,5.5,4.8,2.84,1.0,2.59,3.88,3.87,3.4,2.73,2.79,4.54,2.65,2.91,3.72,3.07,2.79,3.3,2.71,3.36,3.64,3.24,2.01,2.96,3.75,3.44,2.23,3.63
00-0039534,Carter Bradley,,QB,4.0,0,prior,6.0,9.65,10.13,11.75,9.76,10.87,11.8,5.81,5.34,7.78,6.83,9.87,8.54,10.4,11.05,11.39,4.71,4.69,5.58,4.7,4.7,13.23,5.03,3.71,2.25,1.0,2.17,2.86,3.7,2.97,1.35,2.4,3.7,2.8,3.67,2.82,3.02,3.58,3.19,4.98,2.69,4.71,3.74,3.05,5.1,3.45,3.72,5.2,2.8
00-0038122,Desmond Ridder,,QB,,795,measured,8.5,13.85,15.7,12.24,9.76,15.51,11.8,5.89,8.54,6.9,9.08,12.4,14.97,15.68,11.05,11.39,13.72,7.89,8.39,8.11,7.76,7.53,7.81,5.87,2.98,3.55,3.68,3.82,3.95,2.18,4.02,3.42,4.9,3.56,3.88,4.52,2.52,2.35,3.42,3.06,4.3,3.03,3.29,2.08,2.38,2.61,2.42,2.69,3.98
00-0039801,Devin Leary,,QB,,0,prior,5.9,9.73,10.01,12.23,9.76,10.93,11.8,4.65,5.35,2.77,11.14,11.62,9.5,10.4,11.05,11.39,4.72,4.71,5.56,4.69,4.68,13.22,5.04,3.72,1.45,1.0,2.77,3.05,4.09,2.44,1.59,2.0,2.22,4.44,4.05,2.58,3.7,3.15,3.97,4.72,3.88,2.88,3.97,3.76,1.21,2.31,1.84,3.35,1.79
00-0038583,Dorian Thompson-Robinson,,QB,,321,measured,6.4,13.11,13.83,10.35,9.76,12.92,11.8,6.38,6.41,4.86,8.28,13.76,10.88,7.5,14.94,11.39,6.58,4.88,7.9,5.5,5.55,8.23,4.78,6.92,4.45,1.93,2.5,3.23,3.79,3.46,1.0,2.29,2.23,2.78,2.76,5.24,2.16,4.3,3.4,2.83,2.75,4.08,1.07,4.17,2.29,2.61,3.99,1.57,1.98
00-0038385,Dresser Winn,,QB,,0,prior,6.1,9.69,10.17,11.73,9.76,10.87,11.8,5.16,5.42,6.36,8.9,4.05,12.87,10.4,11.05,11.39,4.69,4.71,6.34,4.71,4.71,13.53,4.93,3.69,1.94,1.0,2.95,3.12,1.0,4.19,3.71,2.82,3.18,5.38,2.12,2.35,3.33,3.74,4.32,2.67,3.9,4.72,4.37,4.03,3.54,1.69,3.36,2.93,1.43
00-0039501,Jack Plummer,,QB,,0,prior,6.0,9.8,10.43,11.18,9.76,10.8,11.8,5.5,5.34,8.32,11.46,9.16,14.17,10.4,11.05,11.39,4.71,4.69,5.58,4.7,4.7,13.23,5.03,3.71,3.42,1.0,3.74,2.95,3.53,1.94,3.84,3.11,3.07,2.0,4.34,3.82,3.39,2.62,4.2,4.58,3.86,1.35,1.12,3.75,2.19,4.36,4.52,2.57,3.11
00-0038998,Jake Haener,,QB,3.0,73,prior,6.0,10.6,10.8,12.99,9.76,13.03,11.8,5.69,5.55,1.64,8.6,14.91,6.79,12.99,11.05,11.39,5.11,4.75,7.57,4.88,4.82,7.4,5.65,6.83,2.78,1.0,3.25,3.4,2.39,3.4,2.06,1.79,2.51,2.93,1.65,2.32,2.86,3.64,2.76,3.33,3.08,3.9,3.26,3.33,3.62,2.82,4.31,1.0,4.25
00-0039575,Jason Bean,,QB,,0,prior,5.9,10.12,10.4,11.82,9.76,10.91,11.8,5.17,5.35,5.94,6.11,17.0,13.68,10.4,11.05,11.39,4.71,4.69,5.58,4.7,4.7,13.23,5.03,3.71,1.5,1.0,2.93,3.34,3.39,2.62,2.35,2.2,2.18,1.24,2.07,5.4,1.9,1.53,3.51,3.65,3.46,2.63,2.48,4.26,4.03,3.36,3.46,1.76,3.01
00-0034899,John Wolford,,QB,,53,prior,7.0,9.67,9.8,11.45,9.76,10.38,11.8,6.1,5.92,7.11,11.52,16.2,14.12,6.83,5.35,7.26,4.85,6.07,9.42,6.04,4.93,13.28,5.0,3.92,2.55,1.0,1.9,1.0,2.49,2.84,2.95,2.77,3.23,2.39,3.62,2.84,5.06,3.15,4.52,2.57,2.13,1.53,2.04,4.06,3.02,3.82,2.77,4.89,4.27
00-0036928,Kyle Trask,,QB,,20,prior,6.2,5.33,7.92,10.65,9.76,11.2,11.8,7.22,5.41,3.73,9.94,6.34,14.22,15.68,11.05,11.39,4.75,5.44,6.56,4.75,4.75,11.57,5.52,4.16,4.01,1.0,2.03,3.14,2.85,2.09,3.17,2.89,3.15,1.39,4.38,3.84,2.2,2.53,4.85,2.33,2.27,2.82,3.14,3.04,3.11,3.57,3.28,3.51,1.23
00-0034401,Mike White,,QB,,171,measured,7.6,4.61,3.66,9.18,9.76,5.94,11.8,7.4,6.3,8.53,11.17,10.97,11.37,8.23,6.79,7.37,5.31,5.59,9.09,7.7,5.41,15.99,5.97,6.01,1.49,1.0,3.53,4.33,3.25,4.33,3.75,2.04,1.66,1.66,2.16,1.78,2.79,2.99,1.4,2.33,4.48,3.18,1.85,3.65,2.95,2.24,1.97,3.23,3.62
00-0040378,Payton Thorne,,QB,,0,prior,7.4,10.23,10.48,11.79,9.76,10.91,11.8,8.23,7.02,8.67,8.99,12.26,10.93,10.4,11.05,11.39,8.83,6.24,8.21,6.84,6.07,7.34,7.11,7.56,2.68,2.6,2.25,3.56,5.02,3.05,3.8,3.27,3.22,3.7,4.52,3.01,3.42,2.41,3.23,1.82,1.88,4.32,4.21,1.46,2.63,3.44,4.57,2.08,3.06
00-0038391,Sean Clifford,,QB,,7,prior,6.1,9.78,10.14,11.95,9.76,10.9,11.8,6.23,5.38,3.79,6.87,10.31,10.49,12.41,11.05,11.39,4.74,4.78,6.54,4.73,4.73,11.17,5.51,3.73,2.66,1.0,2.94,3.92,2.37,3.72,3.37,2.87,3.42,3.73,1.0,3.18,1.4,2.23,3.06,2.26,2.33,1.35,2.62,2.93,3.58,3.02,4.02,1.63,3.24
00-0039699,Tanner Mordecai,,QB,5.0,0,prior,5.9,9.5,9.93,12.06,9.76,10.9,11.8,5.15,5.34,2.49,7.43,8.1,9.34,10.4,11.05,11.39,4.71,4.69,5.58,4.7,4.7,13.23,5.03,3.71,3.07,1.0,4.33,3.25,3.12,3.13,3.41,1.21,2.3,2.07,3.18,2.83,1.19,1.34,2.39,1.0,1.61,2.73,4.09,2.79,2.02,3.25,1.58,3.74,3.38
00-0040591,Taylor Elgersma,,QB,,0,prior,7.3,9.78,10.14,11.95,9.76,10.9,11.8,6.04,7.01,5.25,8.57,7.42,11.12,10.4,11.05,11.39,8.83,6.24,8.21,6.84,6.07,7.34,7.11,7.56,2.16,2.6,1.0,4.17,2.14,3.98,4.7,4.19,2.88,2.9,2.54,2.61,2.39,3.32,3.4,4.19,2.42,4.19,1.01,2.06,3.87,3.63,5.03,5.28,2.53
00-0031800,Taylor Heinicke,,QB,,460,measured,9.7,8.26,8.52,10.85,9.76,9.59,11.8,8.94,8.27,9.17,11.78,7.73,10.34,17.5,11.05,5.05,13.81,7.54,13.41,9.5,6.87,13.5,5.23,6.98,1.99,2.51,2.62,2.74,2.42,2.95,1.64,4.17,2.51,3.91,3.49,2.13,3.49,2.72,3.12,2.54,3.71,2.98,4.2,2.99,1.88,3.74,2.07,2.76,4.03
00-0037609,Aaron Shampklin,,RB,,26,prior,8.8,14.58,14.58,12.84,7.88,13.73,11.8,9.88,4.62,5.67,5.9,3.78,10.48,12.99,11.05,11.39,3.81,1.82,4.7,3.98,2.89,4.91,1.84,12.8,5.52,5.09,4.99,7.47,1.7,4.02,3.14,2.4,6.7,3.4,2.53,3.25,3.78,4.06,4.89,2.53,2.46,1.33,3.73,3.55,3.03,3.56,2.23,3.26,13.32
00-0040394,Anthony Tyus III,,RB,,0,prior,9.9,13.05,13.85,11.62,9.64,13.77,11.8,6.97,8.83,9.14,6.53,13.39,12.05,10.4,11.05,11.39,1.0,3.52,3.48,1.96,2.3,1.66,3.0,11.02,8.47,6.92,7.45,13.43,2.94,6.68,6.12,2.07,4.84,3.07,3.58,5.89,2.37,3.43,4.41,2.61,3.39,2.34,4.11,2.63,2.29,4.33,1.71,4.79,9.07
00-0036950,Avery Williams,,RB,,58,prior,9.9,15.93,15.33,16.96,9.5,13.36,11.8,8.3,7.83,9.71,8.74,8.77,14.38,14.04,15.02,11.39,4.18,4.95,3.39,1.33,2.02,2.77,2.2,14.11,6.16,6.59,5.22,7.85,2.35,7.19,7.44,3.26,7.93,4.26,1.75,1.74,1.0,2.53,4.08,5.0,4.82,3.74,3.08,2.65,3.58,3.44,3.27,4.42,14.01
00-0039573,Blake Watson,,RB,,10,prior,8.7,14.45,14.39,13.17,7.95,13.68,11.8,8.58,7.3,5.97,7.72,14.27,12.2,12.99,11.05,11.39,3.2,3.67,1.32,2.36,2.57,2.46,3.15,13.61,4.85,4.79,4.81,6.76,3.4,5.97,5.76,1.79,7.42,2.79,1.83,2.14,3.99,2.62,2.42,2.67,3.63,2.89,2.53,3.66,2.54,4.27,3.09,3.71,12.94
00-0036414,Cam Akers,,RB,,528,measured,10.3,15.01,15.08,11.76,10.0,14.48,11.8,12.64,11.38,8.89,9.76,13.97,10.04,8.46,14.0,7.19,2.79,3.6,1.95,2.64,2.48,2.41,2.81,13.78,6.35,8.53,7.7,12.09,3.42,4.39,3.71,3.35,5.43,4.35,2.56,4.54,3.6,3.16,2.99,2.14,2.55,3.72,1.95,5.49,4.71,3.59,3.26,3.87,14.28
00-0040556,Corey Kiner,,RB,,0,prior,9.9,12.92,13.46,13.04,9.5,13.63,11.8,9.47,10.25,5.3,4.95,8.77,10.64,10.4,11.05,11.39,3.04,3.61,4.28,1.3,2.72,2.69,2.08,11.02,8.47,6.92,7.45,13.43,5.02,6.68,6.12,2.07,4.84,3.07,5.13,2.53,2.14,3.81,4.15,2.25,2.84,2.53,3.82,4.93,1.42,3.04,3.14,3.73,9.02
00-0036297,Darrynton Evans,,RB,,82,prior,10.1,16.39,16.56,12.79,10.0,15.89,11.8,11.6,10.95,7.99,8.53,11.65,11.6,4.28,4.78,11.39,3.34,1.24,3.64,2.86,3.49,3.09,3.67,15.58,6.06,8.01,5.44,6.28,2.38,9.09,8.81,4.66,7.41,5.66,2.15,2.53,2.59,3.29,3.65,1.7,4.67,2.2,3.32,3.1,3.1,4.06,2.93,3.66,15.54
00-0036654,Demetric Felton,,RB,,31,prior,8.8,13.29,13.86,13.25,7.39,13.72,11.8,9.68,7.45,7.36,8.34,7.39,12.0,12.49,11.05,11.39,4.23,3.5,3.81,1.0,4.51,4.75,1.0,13.73,5.54,5.54,5.01,6.76,4.74,6.41,5.83,2.62,7.19,3.62,2.39,2.95,4.6,3.48,2.95,3.06,5.78,2.37,1.83,3.47,1.22,2.01,3.6,2.97,13.43
00-0036493,Deon Jackson,,RB,,141,measured,8.9,16.39,16.07,11.64,9.0,14.95,11.8,9.61,8.91,8.24,10.04,6.45,3.42,6.19,16.22,11.39,3.86,4.73,2.16,3.66,4.68,2.24,1.54,8.18,5.39,5.01,5.96,10.99,2.78,10.57,10.27,1.81,4.76,2.81,4.43,3.87,3.69,1.34,2.34,3.9,1.0,3.11,3.24,3.88,3.09,1.98,2.73,2.45,13.43
00-0038622,Deuce Vaughn,,RB,,81,prior,9.6,15.33,13.78,14.69,6.93,13.64,11.8,8.75,10.43,8.94,5.9,8.05,14.02,14.69,11.05,11.39,3.12,2.81,4.64,3.28,1.2,3.05,1.92,14.26,6.11,5.69,5.69,10.96,3.26,9.75,10.04,2.04,5.65,3.04,3.04,4.58,3.26,3.4,3.76,2.6,3.51,1.37,5.26,3.7,2.56,4.53,4.16,1.0,12.46
00-0038862,Elijah Dotson,,RB,,7,prior,8.7,14.15,14.19,13.12,8.23,13.66,11.8,9.22,9.36,5.54,8.82,14.86,10.59,12.41,11.05,11.39,1.0,3.14,5.0,2.51,4.66,2.7,2.26,13.88,4.78,4.77,4.77,6.65,3.87,6.88,6.69,2.06,8.27,3.06,3.47,3.17,4.57,1.66,2.95,1.72,4.17,4.12,4.49,2.61,1.0,3.8,2.79,2.96,13.42
00-0040095,Elijah Young,,RB,,0,prior,10.2,14.41,14.57,12.48,8.1,13.77,11.8,8.66,6.37,8.15,4.46,13.15,10.33,10.4,11.05,11.39,3.54,4.33,3.57,3.08,1.0,4.4,4.89,11.02,8.47,6.92,7.45,13.43,3.22,6.68,6.12,2.07,4.84,3.07,2.25,3.4,1.88,2.42,1.0,3.12,1.69,3.39,2.88,4.54,3.73,3.14,3.04,3.38,9.61
00-0039311,Emani Bailey,,RB,,0,prior,8.2,12.18,12.1,13.74,8.63,12.66,11.8,7.1,7.61,5.2,5.84,8.32,9.65,10.4,11.05,11.39,4.32,3.22,2.21,2.66,2.25,4.11,1.0,14.97,4.72,4.69,4.72,5.0,3.84,5.28,4.86,1.55,8.98,2.55,2.81,4.17,1.07,2.04,3.34,1.75,3.84,3.98,2.82,2.04,3.76,3.57,1.99,1.98,13.57
00-0038397,Evan Hull,,RB,,4,prior,8.9,15.01,15.33,13.56,8.77,15.61,11.8,8.99,6.21,7.75,9.35,12.6,12.36,14.69,11.05,11.39,2.6,2.87,3.0,4.92,1.16,2.33,3.65,15.04,4.75,4.77,4.75,5.5,3.09,6.15,5.75,2.18,8.33,3.18,1.26,2.51,1.79,1.4,5.39,2.85,2.63,4.89,5.13,2.41,3.29,3.33,3.76,3.91,14.69
00-0039466,Ian Wheeler,,RB,,0,prior,8.6,13.98,14.29,12.42,8.49,13.74,11.8,7.88,7.26,11.36,6.68,11.92,10.63,10.4,11.05,11.39,3.17,1.9,2.13,2.28,1.0,3.46,2.36,14.97,4.72,4.69,4.72,5.0,1.95,5.28,4.86,1.55,8.98,2.55,2.45,3.59,4.18,2.87,2.32,3.35,3.89,3.61,3.9,3.22,1.44,1.8,3.88,2.2,14.29
00-0036755,Jaret Patterson,,RB,,13,prior,8.3,12.56,12.54,12.74,9.5,10.75,11.8,9.51,6.94,9.63,9.55,10.72,9.85,15.11,11.05,11.39,5.37,4.73,3.07,3.91,2.84,3.95,2.86,13.74,4.79,4.8,4.83,6.42,2.49,5.52,4.98,2.48,8.28,3.48,3.4,2.86,1.86,1.49,3.25,2.1,3.08,3.4,3.0,1.0,4.53,3.05,2.32,2.7,13.46
00-0039271,Jarveon Howard,,RB,,0,prior,8.6,14.16,14.41,12.44,8.32,13.76,11.8,7.48,8.1,6.54,8.94,9.61,10.4,10.4,11.05,11.39,4.09,2.53,5.22,1.56,3.49,3.78,1.46,14.97,4.72,4.69,4.72,5.0,3.65,5.28,4.86,1.55,8.98,2.55,2.06,2.75,3.62,3.59,3.08,4.65,4.5,2.74,1.0,2.4,2.96,3.11,2.04,2.7,14.36
00-0039393,Jase McClellan,,RB,,19,prior,8.6,13.62,14.04,12.35,10.0,13.72,11.8,7.03,8.64,7.06,5.88,15.44,11.47,4.43,6.26,5.91,3.03,3.09,3.55,2.08,3.4,2.46,2.75,14.54,5.1,4.94,4.91,6.81,2.98,5.29,4.78,2.05,6.55,3.05,2.79,2.8,2.61,3.59,3.88,3.72,3.15,4.55,2.2,2.76,3.12,3.14,3.99,4.61,12.87
00-0037410,Jashaun Corbin,,RB,,9,prior,8.4,13.18,13.73,12.28,9.38,13.69,11.8,9.5,8.9,9.19,8.36,11.46,11.42,12.41,11.05,8.1,3.83,1.62,2.99,3.3,4.59,1.07,2.52,13.73,4.81,4.81,4.8,6.64,3.12,6.13,5.83,2.22,8.33,3.22,3.57,2.54,2.74,2.83,3.29,3.56,1.98,2.68,2.44,3.06,3.62,4.49,2.75,2.78,13.49
00-0036670,Jermar Jefferson,,RB,,12,prior,8.2,12.92,12.25,10.18,6.5,11.15,11.8,10.7,6.8,8.46,8.4,10.1,4.7,8.49,14.18,14.14,3.29,2.81,3.36,3.09,2.91,1.0,2.47,14.1,4.86,4.92,4.82,6.42,3.22,6.41,5.75,2.48,8.27,3.48,3.16,3.01,3.23,2.43,3.83,2.93,1.12,2.18,3.04,1.86,2.34,3.98,4.41,3.21,13.61
00-0035924,Jonathan Ward,,RB,,14,prior,8.7,14.23,14.56,12.13,8.31,13.8,11.8,11.68,7.67,7.15,9.22,7.41,7.96,15.05,5.94,11.39,2.33,4.47,1.15,2.21,2.99,2.95,2.56,13.88,4.89,4.95,4.84,6.41,2.18,6.66,6.47,3.0,8.35,4.0,1.22,2.76,4.52,4.34,4.71,4.66,2.73,4.28,3.11,2.77,3.32,2.58,2.74,1.0,14.51
00-0040601,Jordan Waters,,RB,,0,prior,9.9,13.28,13.8,12.29,9.26,13.69,11.8,9.97,10.07,9.67,7.97,8.31,11.52,10.4,11.05,11.39,2.33,3.95,2.05,2.64,4.54,3.29,5.06,11.02,8.47,6.92,7.45,13.43,4.3,6.68,6.12,2.07,4.84,3.07,3.3,2.87,2.03,2.82,2.6,1.49,3.7,3.2,2.14,3.23,1.71,3.19,2.91,2.36,9.16
00-0040288,Kayron Lynch-Adams,,RB,,0,prior,10.0,13.47,13.93,12.33,9.04,13.71,11.8,7.64,12.65,9.25,8.03,5.62,8.78,10.4,11.05,11.39,3.29,2.49,2.06,3.76,4.03,4.09,3.86,11.02,8.47,6.92,7.45,13.43,4.86,6.68,6.12,2.07,4.84,3.07,3.54,3.39,1.0,3.41,3.36,3.78,4.86,1.0,2.4,3.13,2.64,2.14,3.57,3.29,9.24
00-0038830,Kazmeir Allen,,RB,,0,prior,9.0,15.59,15.05,13.67,6.85,13.7,11.8,7.68,6.69,6.41,5.25,9.07,10.07,10.4,11.05,11.39,3.75,2.87,3.14,1.93,2.11,2.76,5.34,15.02,4.7,4.71,4.7,4.94,2.65,5.27,4.83,1.65,9.48,2.65,5.11,3.81,3.98,2.98,3.95,1.8,3.44,2.78,3.85,3.0,3.7,2.47,2.11,3.99,15.23
00-0036450,Ke'Shawn Vaughn,,RB,,54,prior,8.9,13.97,13.24,12.56,9.05,12.05,11.8,10.81,6.61,7.07,7.34,16.81,10.8,17.5,11.05,11.39,4.05,4.11,3.06,3.08,2.51,2.73,3.92,15.99,5.32,6.49,5.14,4.97,1.62,7.44,8.53,3.23,6.53,4.23,3.22,1.0,2.64,3.82,3.3,3.52,2.59,2.21,3.83,4.46,2.67,1.65,3.12,3.21,15.19
00-0039385,Keilan Robinson,,RB,,1,prior,9.2,16.16,16.44,13.56,7.57,13.7,11.8,8.23,7.68,8.73,5.03,9.86,8.54,12.99,11.05,4.19,3.28,2.35,4.33,2.49,3.52,2.02,2.68,15.59,4.73,4.74,4.73,4.99,3.39,5.74,5.39,1.78,8.49,2.78,2.92,1.36,3.65,2.87,3.59,2.32,2.97,3.4,3.09,3.3,3.87,3.61,5.41,3.91,14.9
00-0037286,Kevin Harris,,RB,,43,prior,9.1,13.18,15.09,12.62,10.67,16.68,11.8,9.75,7.25,4.19,9.17,13.39,8.28,13.75,11.05,11.39,5.43,1.76,2.1,4.71,2.75,2.42,3.9,14.47,5.59,6.95,5.11,7.48,2.99,6.7,4.8,2.5,5.9,3.5,2.17,1.69,2.35,5.64,3.66,1.99,3.86,3.37,3.72,5.82,3.45,4.22,2.88,3.88,12.95
00-0040544,Marcus Yarns,,RB,,0,prior,10.2,14.71,14.77,12.53,7.82,13.79,11.8,11.05,7.94,8.97,5.84,9.23,7.4,10.4,11.05,11.39,2.5,2.68,3.04,2.51,3.55,2.46,1.19,11.02,8.47,6.92,7.45,13.43,1.82,6.68,6.12,2.07,4.84,3.07,1.05,2.69,1.88,3.85,2.85,4.35,3.84,2.32,1.87,2.88,3.55,1.91,3.71,3.83,9.73
00-0040510,Micah Bernard,,RB,,0,prior,10.1,13.92,14.25,12.41,8.54,13.74,11.8,7.83,4.0,7.39,5.67,12.15,13.27,10.4,11.05,11.39,3.34,2.81,2.44,2.06,4.81,2.83,3.09,11.02,8.47,6.92,7.45,13.43,3.25,6.68,6.12,2.07,4.84,3.07,2.57,3.24,1.84,3.31,1.16,2.55,1.94,1.0,3.19,3.41,4.1,3.72,2.09,3.26,9.42
00-0039684,Michael Wiley,,RB,,0,prior,8.5,14.08,13.85,11.64,9.05,13.08,11.8,8.99,6.28,6.48,4.84,10.89,6.11,10.4,11.05,11.39,1.69,3.49,2.82,2.66,2.84,3.0,2.75,14.97,4.72,4.69,4.72,5.0,2.82,5.28,4.86,1.55,8.98,2.55,1.87,2.87,2.28,4.31,2.83,2.44,1.43,2.54,3.29,2.56,1.86,1.7,3.41,4.12,14.33
00-0034208,Mike Boone,,RB,,157,measured,9.4,13.24,13.41,12.12,8.5,13.11,11.8,9.18,9.1,5.47,10.39,8.23,12.08,17.5,11.05,7.55,1.4,1.0,3.99,2.36,3.5,3.8,3.24,9.28,7.98,7.27,6.96,6.66,3.0,4.91,4.33,3.82,12.63,4.82,2.89,3.31,3.11,3.7,3.0,3.71,2.41,2.99,3.59,1.84,2.24,3.56,2.53,2.92,13.37
00-0040028,Montrell Johnson Jr.,,RB,,0,prior,10.5,16.39,16.07,12.51,9.21,14.62,11.8,8.3,11.15,6.76,5.33,11.17,7.22,10.4,11.05,11.39,4.92,2.38,4.06,3.0,4.6,3.17,4.82,11.02,8.47,6.92,7.45,13.43,3.44,6.68,6.12,2.07,4.84,3.07,2.92,3.66,2.77,3.5,2.95,3.87,1.0,2.76,3.89,3.6,3.41,2.38,1.57,5.5,10.4
00-0035311,Myles Gaskin,,RB,,19,prior,8.4,12.56,12.7,11.99,12.46,13.77,11.8,11.62,7.36,7.85,10.62,12.49,15.01,17.5,11.05,6.36,4.37,2.22,3.51,3.87,4.47,3.13,3.16,14.16,4.87,5.35,4.87,6.35,2.84,7.48,7.66,3.22,8.28,4.22,2.12,4.42,3.69,2.08,4.11,1.0,1.53,3.98,3.27,2.71,1.0,4.42,3.9,2.52,13.72
00-0040306,Nate Noel,,RB,,0,prior,10.3,14.89,14.89,12.55,7.65,13.8,11.8,9.26,10.11,8.76,5.73,9.76,17.06,10.4,11.05,11.39,2.73,2.89,3.24,3.22,1.62,2.4,4.47,11.02,8.47,6.92,7.45,13.43,3.96,6.68,6.12,2.07,4.84,3.07,2.2,2.93,2.01,3.67,2.23,2.21,3.86,2.59,3.33,4.7,2.33,3.63,3.08,3.96,9.8
00-0040773,Nay'Quan Wright,,RB,,0,prior,10.1,14.04,14.33,12.43,8.43,13.75,11.8,9.64,6.93,7.17,7.22,15.65,8.96,10.4,11.05,11.39,2.51,2.14,4.16,2.78,1.21,1.77,3.1,11.02,8.47,6.92,7.45,13.43,2.36,6.68,6.12,2.07,4.84,3.07,2.8,3.66,4.36,2.83,4.2,2.31,2.15,2.9,4.76,2.36,2.67,2.14,2.79,2.21,9.46
00-0038458,Owen Wright,,RB,,0,prior,8.4,12.88,13.31,12.91,9.62,13.57,11.8,6.67,5.8,8.2,6.5,11.96,15.83,12.41,11.05,11.39,1.0,1.49,3.46,3.77,2.24,1.7,2.87,15.02,4.7,4.71,4.7,4.94,2.58,5.27,4.83,1.65,9.48,2.65,3.86,2.93,3.65,3.51,3.9,4.35,2.63,2.78,3.38,1.9,4.7,1.91,3.83,1.32,14.15
00-0038098,Pierre Strong,,RB,,305,measured,11.2,17.32,16.81,12.42,8.49,15.09,11.8,10.5,6.48,9.61,8.8,12.57,10.77,12.26,13.7,17.96,2.32,4.97,3.1,3.0,3.44,3.33,2.69,12.72,8.93,8.6,8.49,12.16,2.74,6.03,5.71,4.15,3.71,5.15,3.26,2.27,4.25,2.29,2.04,3.06,2.24,2.01,2.84,2.5,2.93,5.04,3.69,2.62,13.12
00-0040368,Quali Conley,,RB,,0,prior,10.1,14.04,14.33,12.43,8.43,13.75,11.8,7.0,11.97,8.31,7.09,11.37,11.02,10.4,11.05,11.39,3.98,3.0,1.09,2.03,2.2,1.75,3.07,11.02,8.47,6.92,7.45,13.43,2.59,6.68,6.12,2.07,4.84,3.07,1.76,3.06,2.45,1.06,3.65,4.24,1.0,2.51,1.0,2.12,1.05,3.17,3.08,3.76,9.46
00-0037429,Raheem Blackshear,,RB,,121,measured,10.1,14.51,14.43,13.17,7.89,13.69,11.8,9.62,12.44,6.41,8.43,9.01,12.35,15.68,11.05,7.95,2.18,3.49,3.29,1.39,1.92,1.83,4.36,13.62,7.7,7.03,6.28,12.65,3.52,6.39,4.85,2.41,4.81,3.41,3.41,3.25,3.89,2.7,3.64,2.81,2.73,3.49,2.74,1.82,4.28,3.88,4.66,4.55,13.74
00-0034838,Royce Freeman,,RB,,174,measured,10.2,12.99,12.76,14.88,8.5,12.73,11.8,12.47,6.86,7.33,8.69,9.84,10.7,14.15,11.05,7.74,5.14,3.51,2.72,1.74,4.05,4.08,3.0,14.96,8.52,8.47,7.09,6.63,3.05,2.79,1.56,3.52,7.76,4.52,2.26,3.38,1.82,2.33,3.26,3.59,2.42,2.92,3.62,3.29,1.68,3.61,3.7,2.57,15.45
00-0040775,Shane Watts,,RB,,0,prior,10.2,14.59,14.69,12.51,7.93,13.78,11.8,9.12,11.83,10.54,6.61,4.43,5.88,10.4,11.05,11.39,3.5,2.07,5.02,3.16,1.18,2.99,3.84,11.02,8.47,6.92,7.45,13.43,2.68,6.68,6.12,2.07,4.84,3.07,1.91,3.61,3.89,1.97,5.43,1.52,3.39,3.1,2.55,3.93,3.73,1.0,3.12,4.15,9.68
00-0040032,ShunDerrick Powell,,RB,,0,prior,10.4,15.49,15.3,12.64,7.1,13.83,11.8,9.11,7.46,7.0,5.67,15.84,4.79,10.4,11.05,11.39,2.42,4.17,1.44,2.1,2.16,3.44,2.46,11.02,8.47,6.92,7.45,13.43,4.69,6.68,6.12,2.07,4.84,3.07,3.8,3.15,3.67,3.29,2.06,2.95,5.3,2.12,2.2,2.48,3.61,3.82,3.41,3.24,10.04
00-0040526,Tre Stewart,,RB,,0,prior,10.2,14.77,14.81,12.53,7.76,13.79,11.8,8.62,7.51,7.99,4.81,7.88,10.76,10.4,11.05,11.39,3.32,2.21,2.71,2.61,3.15,2.49,3.84,11.02,8.47,6.92,7.45,13.43,4.08,6.68,6.12,2.07,4.84,3.07,3.91,1.9,3.24,4.91,1.95,3.82,3.47,2.72,1.0,3.5,1.53,3.06,2.39,3.04,9.75
00-0037827,Tyrion Davis-Price,,RB,,37,prior,8.9,14.77,13.73,11.63,9.47,10.75,11.8,9.06,5.31,7.6,7.59,10.95,11.24,8.34,5.6,11.39,3.24,1.34,4.43,2.08,4.11,1.55,3.09,15.6,4.91,5.88,5.03,6.38,2.32,5.88,4.87,2.33,6.62,3.33,3.33,2.88,2.62,4.88,1.24,2.95,5.25,2.22,2.56,3.13,4.17,4.46,2.37,1.69,14.48
00-0038475,Alex Cook,,S,,94,prior,9.9,13.74,15.03,14.23,7.61,14.49,11.8,9.28,8.42,8.9,6.24,10.28,11.04,12.41,11.05,11.39,3.44,2.27,1.79,3.3,3.51,2.12,4.4,3.48,3.99,3.17,3.48,2.51,2.13,1.75,4.11,2.88,2.0,4.45,3.44,2.06,2.28,9.9,7.11,8.74,9.72,10.72,9.14,8.8,1.99,2.18,3.7,3.27,16.52
00-0036011,Bobby Price,,S,,15,prior,8.7,13.91,15.79,14.16,8.3,15.4,11.8,9.83,5.91,6.25,10.24,7.65,6.17,5.7,13.98,14.83,2.46,2.71,1.69,3.02,2.89,4.42,2.88,1.96,2.71,3.48,3.57,3.13,2.97,2.18,2.5,2.42,3.19,2.86,3.14,1.63,2.44,8.02,6.5,8.32,7.1,8.1,9.35,6.83,3.58,2.1,2.22,4.05,17.67
00-0036638,Darrick Forrest,,S,,635,measured,11.5,16.16,17.84,14.64,10.67,17.56,11.8,10.16,8.97,13.71,7.82,10.82,10.43,17.5,11.05,11.39,2.8,4.87,2.42,3.71,2.24,2.29,3.99,2.58,2.83,3.28,3.2,3.65,2.43,3.0,3.61,3.56,2.77,2.89,3.46,2.6,3.71,6.38,9.65,14.49,11.31,12.31,10.06,8.92,2.38,2.67,3.2,3.2,13.02
00-0032891,Daryl Worley,,S,,541,measured,9.2,10.81,12.7,14.02,7.0,13.91,11.8,12.04,8.04,9.77,10.88,7.74,13.86,7.62,17.95,15.04,2.18,2.4,3.18,2.71,3.74,3.48,2.42,3.57,2.19,1.76,1.82,3.16,4.15,2.49,2.19,2.95,3.1,2.15,2.93,2.2,5.67,6.69,11.67,9.0,7.23,8.23,8.96,6.75,2.25,3.72,2.98,3.59,11.95
00-0035962,Henry Black,,S,,0,prior,8.3,13.23,14.12,14.19,7.94,14.35,11.8,10.37,6.99,6.38,7.27,11.77,9.51,12.11,11.05,11.39,2.08,1.81,4.09,2.07,3.94,4.15,2.74,2.59,2.34,3.13,2.47,3.24,3.36,2.89,4.43,2.17,2.76,3.6,2.67,3.58,3.29,7.51,4.91,8.01,7.12,8.12,9.24,6.83,2.41,2.25,3.19,3.3,17.93
00-0036661,Israel Mukuamu,,S,,291,measured,11.1,14.1,16.23,14.09,17.09,15.74,11.8,11.61,9.46,12.1,6.53,12.06,6.95,17.5,11.05,7.74,2.15,2.71,2.54,4.0,2.73,2.64,4.03,2.97,2.96,2.53,2.05,3.9,4.59,3.72,2.1,1.24,3.81,2.06,4.18,3.03,2.24,8.11,8.13,10.09,11.36,12.36,11.99,10.17,1.0,3.41,3.79,2.82,14.73
00-0033883,Jabrill Peppers,,S,,1115,measured,11.6,14.62,16.02,14.03,9.5,14.79,11.8,13.18,12.19,10.98,12.5,11.21,15.74,4.13,17.88,7.25,3.66,1.79,3.55,2.03,3.51,4.52,2.85,1.28,3.18,2.21,2.96,2.31,1.83,3.71,3.21,2.68,4.53,3.33,3.03,3.12,5.35,16.4,14.23,8.85,8.57,9.57,9.71,8.02,4.45,3.95,3.35,3.62,11.52
00-0039285,Jarius Monroe,,S,,16,prior,10.4,13.74,15.3,14.24,8.2,15.13,11.8,10.16,11.78,7.71,9.0,11.17,6.3,12.99,11.05,11.39,4.45,3.71,3.2,2.3,2.56,1.38,3.63,3.36,2.93,4.83,2.14,1.94,1.5,4.36,2.84,2.24,2.59,4.97,2.45,2.09,2.41,9.33,6.71,8.27,10.72,11.72,9.32,10.13,3.03,2.02,2.77,1.0,17.78
00-0039802,Jaylen Key,,S,,0,prior,9.9,12.37,15.49,14.29,8.47,16.17,11.8,9.36,9.25,11.79,7.55,14.05,15.59,10.4,11.05,11.39,2.47,1.47,2.42,4.83,5.09,3.22,1.31,4.03,3.84,2.34,2.8,2.64,3.7,2.02,3.35,3.38,1.0,2.63,1.71,3.39,3.21,8.91,4.93,7.67,11.27,12.27,9.4,10.16,2.15,4.19,3.04,4.31,17.95
00-0039697,Jaylen Mahoney,,S,,0,prior,9.7,13.51,14.17,14.35,7.14,13.85,11.8,7.31,8.62,9.04,4.17,12.42,14.75,12.99,11.05,11.39,2.85,5.47,2.58,3.37,1.51,3.42,4.65,1.42,2.22,1.92,3.28,3.13,3.42,5.02,3.54,1.14,4.19,2.5,2.53,4.37,2.89,8.44,4.92,8.13,10.73,11.73,9.0,10.09,3.58,3.61,2.38,1.65,17.98
00-0037070,Josh Thompson,,S,,0,prior,9.3,16.62,16.24,14.26,7.24,14.11,11.8,8.16,8.75,7.81,8.21,11.46,11.59,7.08,7.56,11.39,3.93,3.54,4.01,1.91,2.12,2.03,3.31,4.31,2.25,1.02,1.46,3.06,2.34,2.79,2.13,2.95,2.24,3.83,2.47,3.7,2.79,8.02,4.91,9.37,8.38,9.38,9.03,7.98,1.0,3.11,3.19,2.17,17.94
00-0036872,Joshuah Bledsoe,,S,,10,prior,9.1,13.39,14.01,14.43,7.52,14.02,11.8,9.75,9.12,9.65,7.87,9.76,10.79,7.7,14.36,6.28,3.94,3.26,3.32,1.56,3.41,2.34,3.38,2.29,2.2,4.79,2.45,4.1,3.09,3.71,3.25,2.96,4.97,1.3,2.69,3.61,2.6,9.02,6.49,8.1,8.3,9.3,9.11,7.81,1.09,1.14,2.47,2.93,17.66
00-0039532,Julius Wood,,S,,4,prior,10.2,13.77,15.08,14.21,7.5,14.44,11.8,10.58,7.53,7.12,6.47,14.08,14.54,12.99,11.05,11.39,2.04,3.02,1.4,3.14,1.82,4.38,4.18,2.56,2.65,3.96,4.9,3.83,3.89,2.77,2.7,2.71,1.0,2.47,2.37,2.46,3.58,8.73,5.51,8.24,10.73,11.73,9.11,10.13,2.67,3.27,3.13,3.41,17.91
00-0038703,Kendell Brooks,,S,,0,prior,9.4,13.26,14.09,14.52,8.54,14.99,11.8,9.85,6.49,8.09,5.98,6.71,4.8,12.99,11.05,11.39,4.44,4.48,4.31,1.51,2.61,1.25,2.83,3.48,2.07,2.77,4.84,4.04,3.28,5.02,1.81,2.68,1.57,2.0,4.04,2.43,3.17,8.12,4.92,8.03,9.73,10.73,9.42,8.76,3.19,4.34,2.07,2.81,17.95
00-0039488,Mark Perry,,S,,0,prior,9.8,13.26,14.09,14.52,8.54,14.99,11.8,8.89,7.75,11.49,7.28,8.26,11.1,10.4,11.05,11.39,2.73,3.92,2.88,2.73,2.5,4.93,4.39,2.82,3.37,2.16,4.51,2.59,3.58,1.21,3.76,3.53,2.37,2.35,2.56,2.35,2.93,8.44,4.92,8.03,10.73,11.73,9.42,10.09,3.09,2.85,2.38,2.57,17.98
00-0039610,Millard Bradford,,S,,0,prior,10.0,13.37,13.71,14.45,6.98,13.57,11.8,10.32,8.4,9.28,7.92,15.38,6.45,12.99,11.05,11.39,4.09,2.45,1.28,5.42,1.93,2.52,4.3,1.62,4.87,4.04,2.83,2.52,2.4,2.21,1.8,2.65,4.09,1.0,3.04,3.94,1.87,8.44,4.92,8.07,10.73,11.73,8.95,10.09,2.46,4.23,2.11,2.39,17.98
00-0039566,Omar Brown,,S,3.0,8,prior,10.3,13.67,14.93,14.27,7.83,14.65,11.8,9.91,7.15,14.15,5.84,9.04,7.1,12.99,11.05,11.39,5.54,1.64,2.11,3.9,3.25,3.28,2.55,1.69,1.93,2.4,2.32,5.0,2.52,4.2,4.98,1.21,2.78,2.25,1.11,3.13,2.32,8.91,6.49,8.21,10.72,11.72,9.21,10.13,2.72,4.98,3.15,4.08,17.9
00-0038368,Quindell Johnson,,S,,22,prior,10.0,13.59,14.82,14.32,8.1,14.85,11.8,10.03,9.09,6.48,9.27,10.52,15.73,12.41,11.05,11.39,1.91,1.92,1.75,2.46,1.79,4.96,2.87,3.7,2.52,3.63,2.99,3.86,2.53,3.72,2.33,2.36,3.92,3.26,2.73,4.17,1.82,8.36,6.51,8.22,10.15,11.15,9.29,10.16,1.53,3.55,2.35,2.89,17.71
00-0036961,Richie Grant,,S,,1237,measured,11.6,13.89,15.78,14.75,6.0,14.3,11.8,10.68,10.78,12.45,7.47,11.72,11.25,17.5,11.05,7.74,3.49,2.01,1.76,1.57,2.98,3.18,1.74,4.1,2.69,3.84,2.16,3.79,2.03,2.75,3.2,1.7,2.21,4.63,4.75,3.96,2.39,13.12,13.35,12.49,9.64,10.64,8.66,9.99,1.83,1.95,4.78,2.79,11.77
00-0038717,Tanner McCalister,,S,,13,prior,9.9,13.44,14.08,14.4,7.35,13.95,11.8,11.67,6.29,8.64,5.93,9.51,16.15,14.69,11.05,11.39,4.03,2.41,1.75,2.87,2.72,3.41,4.02,2.62,3.58,1.66,2.02,2.54,2.76,2.71,2.06,3.43,2.57,3.19,1.82,1.68,1.89,8.72,6.51,8.14,9.71,10.71,9.07,8.82,4.48,3.66,2.02,4.02,17.79
00-0039413,Trey Taylor,,S,,0,prior,10.0,13.35,14.21,14.46,8.27,14.78,11.8,7.89,9.4,10.82,6.88,15.99,10.88,6.77,15.98,15.42,2.5,2.41,3.97,2.82,3.76,4.31,2.14,3.17,2.69,4.56,2.38,3.26,3.48,2.21,3.27,4.13,3.21,4.07,2.56,2.83,3.21,9.02,4.94,8.05,11.4,12.4,9.34,10.19,3.26,1.97,2.93,4.46,17.94
00-0040273,Tysheem Johnson,,S,3.0,0,prior,11.6,13.21,13.48,14.56,7.52,13.83,11.8,9.48,9.49,10.51,5.79,9.39,11.82,10.4,11.05,11.39,1.27,5.36,3.29,4.86,2.99,3.69,2.61,1.01,3.12,2.33,2.93,3.02,2.52,2.21,2.48,2.29,4.46,2.13,4.15,3.35,3.0,9.47,9.39,12.01,11.91,12.91,9.12,12.99,3.21,3.12,3.4,3.31,15.36
00-0039316,Baylor Cupp,,TE,,4,prior,7.9,10.31,11.56,12.09,9.79,12.82,11.8,7.64,7.66,4.23,6.31,16.77,7.93,12.99,11.05,11.39,1.0,3.56,2.97,2.41,2.12,5.34,3.0,17.67,1.52,2.08,5.87,6.35,6.85,5.37,5.36,9.74,10.65,6.46,2.82,3.27,3.12,1.74,1.96,1.84,4.07,1.25,1.0,3.01,4.55,2.7,2.67,3.41,2.83
00-0040392,Caden Prieskorn,,TE,,0,prior,10.4,10.52,11.74,12.05,9.53,12.91,11.8,9.45,8.62,3.44,7.5,11.39,11.45,10.4,11.05,11.39,3.13,2.28,3.3,2.81,2.53,1.62,1.99,13.6,1.0,12.23,16.02,9.46,9.06,9.21,9.72,10.97,10.38,7.69,2.37,3.72,4.55,4.34,1.0,1.26,4.31,1.96,3.6,1.46,1.71,2.61,3.68,2.19,1.0
00-0035345,Chris Myarick,,TE,,122,measured,9.3,9.85,11.07,11.48,9.53,12.37,11.8,10.06,7.1,5.87,9.43,12.94,3.92,12.49,11.05,14.14,1.22,2.65,2.28,5.57,3.52,2.14,2.63,13.66,2.57,5.15,8.93,8.79,7.96,6.65,7.6,11.63,11.05,8.35,1.0,4.54,3.56,2.5,2.03,5.25,2.19,3.09,2.44,3.64,2.73,2.65,2.23,4.08,4.43
00-0037506,Cole Fotheringham,,TE,,12,prior,8.0,10.99,12.08,11.94,8.95,13.05,11.8,8.64,2.92,4.71,7.65,14.17,10.2,12.41,11.05,11.39,3.96,2.35,3.07,1.4,2.73,1.76,2.58,17.23,4.27,2.11,5.89,6.38,6.88,5.39,5.41,9.92,10.86,6.63,3.2,4.14,3.75,4.82,3.07,3.39,2.76,3.36,1.66,3.56,2.88,1.94,3.08,2.71,3.02
00-0037078,Cole Turner,,TE,,193,measured,9.4,9.87,11.93,12.07,8.5,9.8,11.8,9.7,5.45,5.42,6.82,3.79,15.83,8.25,14.43,7.37,4.49,3.18,3.93,1.26,3.11,2.57,3.99,15.91,3.53,5.73,9.51,9.79,7.8,7.45,5.61,11.67,10.89,8.39,2.29,1.0,3.01,3.72,1.27,1.2,2.96,4.46,4.71,2.45,3.0,3.61,2.6,2.79,3.11
00-0036456,Dominique Dafney,,TE,,0,prior,7.8,11.26,12.29,11.8,8.53,13.14,11.8,11.15,2.45,5.39,5.85,11.73,14.1,7.88,15.04,8.28,1.56,1.87,2.26,3.8,3.48,3.71,2.86,18.35,3.01,2.01,5.79,6.34,6.84,5.29,5.29,9.36,11.09,6.07,2.6,2.84,3.93,2.31,2.67,4.01,3.33,2.67,3.51,2.09,2.41,1.0,4.15,3.75,1.68
00-0040571,Gee Scott Jr.,,TE,,0,prior,10.4,11.03,12.14,11.95,8.92,13.1,11.8,8.37,9.71,6.98,5.77,12.45,12.01,10.4,11.05,11.39,4.08,2.9,1.78,2.64,2.88,2.44,1.0,13.6,3.75,12.23,16.02,9.46,9.06,9.21,9.72,10.97,10.38,7.69,3.57,4.47,3.11,3.17,3.9,3.49,5.2,2.55,1.95,2.49,4.07,3.65,1.98,2.04,4.49
00-0039941,Geor'Quarius Spivey,,TE,,0,prior,7.8,11.07,12.09,11.89,8.83,13.01,11.8,5.16,5.04,3.45,7.63,14.48,10.8,10.4,11.05,11.39,2.1,2.72,1.91,3.38,4.7,2.37,5.04,18.41,2.19,2.04,5.83,6.3,6.8,5.32,5.33,9.37,10.68,6.08,4.3,2.24,1.0,3.12,2.64,2.42,4.77,2.48,2.11,3.86,1.98,2.92,3.15,3.62,4.5
00-0035956,Giovanni Ricci,,TE,,76,prior,8.9,10.83,11.9,11.65,8.78,12.88,11.8,9.2,4.04,5.54,6.43,11.4,6.92,6.18,17.0,7.37,3.77,2.86,3.92,1.28,3.68,2.62,2.89,14.63,2.75,4.25,8.03,8.24,7.37,7.41,6.0,10.58,11.08,7.29,3.39,3.23,2.89,1.99,1.54,1.0,4.0,3.84,4.09,2.1,1.23,2.87,2.78,3.15,2.4
00-0039159,Gunnar Oakes,,TE,,0,prior,7.9,10.49,11.71,12.06,9.58,12.9,11.8,8.05,6.99,5.81,7.59,6.94,10.28,10.4,11.05,11.39,2.42,3.75,4.96,1.79,2.45,2.58,4.27,18.39,4.98,2.02,5.81,6.32,6.82,5.3,5.3,9.36,10.86,6.08,1.55,2.73,1.36,3.15,3.27,1.0,2.62,2.38,2.53,2.76,2.02,2.5,2.52,2.7,2.15
00-0039420,Jaheim Bell,,TE,,74,prior,9.0,12.18,14.07,11.92,8.71,14.44,11.8,7.96,6.8,7.35,7.46,8.71,12.2,12.99,11.05,11.39,4.43,3.69,2.68,2.46,4.28,2.4,3.85,16.5,3.63,4.9,8.68,7.54,7.16,6.92,7.53,11.18,10.45,7.9,1.42,4.07,3.4,3.8,2.29,2.93,3.66,1.96,2.56,2.13,3.49,2.59,1.62,2.07,3.89
00-0040457,Jermaine Terry,,TE,,0,prior,10.4,10.89,11.97,11.94,9.07,12.98,11.8,7.26,5.89,5.51,6.23,13.09,10.92,10.4,11.05,11.39,5.67,3.8,1.0,1.79,1.7,1.96,3.32,13.6,1.0,12.23,16.02,9.46,9.06,9.21,9.72,10.97,10.38,7.69,2.77,2.57,2.86,2.28,2.98,3.88,4.17,3.25,3.49,3.16,4.11,1.58,3.62,2.53,1.41
00-0039023,Joel Wilson,,TE,,0,prior,7.8,10.74,11.91,12.01,9.28,13.0,11.8,6.24,7.78,4.42,10.16,8.9,14.66,10.4,11.05,11.39,2.84,2.78,3.14,3.4,3.72,3.97,3.38,18.39,2.65,2.02,5.81,6.32,6.82,5.3,5.3,9.36,10.86,6.08,2.84,3.44,3.58,4.13,2.83,3.58,4.2,2.88,3.64,4.97,1.65,4.51,1.23,5.07,1.73
00-0040327,John Copenhaver,,TE,,0,prior,10.4,11.07,12.09,11.89,8.83,13.01,11.8,7.43,7.31,11.12,8.13,10.32,11.16,10.4,11.05,11.39,2.93,1.97,3.02,4.05,3.03,3.07,4.78,13.6,1.86,12.23,16.02,9.46,9.06,9.21,9.72,10.97,10.38,7.69,2.27,3.69,3.72,3.45,1.84,2.19,3.61,2.44,2.28,3.36,2.33,1.6,3.57,3.09,4.03
00-0038913,Johnny Lumpkin,,TE,,0,prior,7.9,10.01,11.37,12.2,10.22,12.76,11.8,8.12,3.44,5.74,6.76,7.88,17.13,10.4,11.05,11.39,3.82,4.4,4.53,2.74,1.07,3.21,2.7,18.39,3.18,2.02,5.81,6.32,6.82,5.3,5.3,9.36,10.86,6.08,3.16,2.42,1.0,2.62,3.5,2.92,5.08,1.36,2.45,3.08,1.65,4.75,4.17,3.32,2.26
00-0039599,Kevin Foelsch,,TE,,0,prior,7.8,10.74,11.91,12.01,9.28,13.0,11.8,6.21,2.91,3.3,6.1,16.42,15.78,10.4,11.05,11.39,2.55,4.32,2.98,3.89,3.27,3.04,3.74,18.41,4.77,2.04,5.83,6.3,6.8,5.32,5.33,9.37,10.68,6.08,3.61,4.99,2.17,1.0,3.83,2.48,2.58,1.54,2.28,4.12,4.1,1.0,3.71,1.24,4.61
00-0040060,Marshall Lang,,TE,,0,prior,10.4,10.88,12.01,11.97,9.09,13.03,11.8,9.49,7.51,7.39,4.83,14.74,14.62,10.4,11.05,11.39,3.11,2.71,4.3,2.19,1.25,2.88,2.55,13.6,2.29,12.23,16.02,9.46,9.06,9.21,9.72,10.97,10.38,7.69,3.31,2.82,2.5,4.61,3.03,1.85,2.39,3.57,2.61,3.05,3.95,2.97,2.77,2.19,3.18
00-0035436,Matt Sokol,,TE,,19,prior,8.2,9.7,10.98,11.56,9.77,12.36,11.8,8.53,6.05,4.07,10.49,9.98,12.09,13.75,11.05,11.39,3.86,3.17,3.13,2.38,2.89,2.46,1.0,15.93,2.84,2.1,5.88,7.36,6.92,5.4,5.39,10.12,11.09,6.83,1.14,2.88,4.42,2.34,3.23,3.44,2.66,4.18,2.5,4.44,1.96,3.8,1.78,2.12,1.67
00-0039263,McCallan Castles,,TE,,0,prior,7.8,10.63,11.81,12.02,9.39,12.93,11.8,7.6,6.23,7.04,5.94,9.98,3.73,10.4,11.05,11.39,1.81,1.54,3.53,3.85,3.21,3.72,1.17,18.41,3.89,2.04,5.83,6.3,6.8,5.32,5.33,9.37,10.68,6.08,3.11,2.66,3.43,4.37,2.77,2.25,1.97,1.41,3.88,2.48,3.33,4.17,3.94,2.66,4.3
00-0039275,Messiah Swinson,,TE,,0,prior,7.8,10.27,11.5,12.08,9.81,12.76,11.8,6.31,6.87,2.29,5.66,7.58,10.92,10.4,11.05,11.39,2.6,3.21,1.13,4.1,2.1,2.02,2.78,18.41,3.88,2.04,5.83,6.3,6.8,5.32,5.33,9.37,10.68,6.08,3.1,2.07,2.59,3.35,3.73,3.79,3.03,2.94,3.17,1.99,4.08,2.15,4.38,4.02,3.63
00-0037022,Michael Jacobson,,TE,,0,prior,7.8,10.86,11.82,11.73,8.88,12.79,11.8,7.3,3.23,1.35,7.53,9.78,12.29,10.4,11.05,11.39,1.64,4.36,4.38,3.83,3.64,2.82,1.95,18.36,1.71,2.01,5.79,6.33,6.84,5.29,5.29,9.36,11.07,6.07,2.71,2.13,3.08,2.31,1.0,1.0,3.9,5.11,2.47,5.05,3.25,2.1,2.67,3.24,2.62
00-0040702,Mitch Van Vooren,,TE,,0,prior,10.4,10.89,11.97,11.94,9.07,12.98,11.8,7.89,6.72,9.35,5.25,11.59,4.85,10.4,11.05,11.39,2.27,1.59,1.51,4.21,2.49,2.27,4.89,13.6,3.25,12.23,16.02,9.46,9.06,9.21,9.72,10.97,10.38,7.69,3.5,4.12,2.94,3.09,4.23,1.52,3.72,2.44,2.85,2.43,3.8,3.73,4.17,2.64,3.76
00-0039782,Neal Johnson,,TE,,0,prior,7.8,10.74,11.91,12.01,9.28,13.0,11.8,6.39,3.15,6.75,7.8,10.27,7.62,10.4,11.05,11.39,2.98,2.33,1.61,1.4,2.77,3.43,3.42,18.41,3.0,2.04,5.83,6.3,6.8,5.32,5.33,9.37,10.68,6.08,2.93,3.95,1.0,2.81,3.59,3.44,4.54,3.24,2.81,4.27,4.58,3.22,2.41,2.92,3.18
00-0037317,Nick Muse,,TE,,17,prior,8.1,10.71,11.85,12.0,9.3,12.94,11.8,8.24,2.21,5.24,7.68,6.13,9.57,15.68,11.05,15.42,1.96,3.79,2.16,3.44,2.66,1.72,3.1,17.25,2.82,2.68,6.46,6.42,6.89,5.45,5.38,10.11,10.86,6.83,2.79,3.56,2.27,2.35,4.56,2.85,3.53,2.01,3.17,2.26,3.62,3.44,3.28,2.94,4.09
00-0040381,Oscar Cardenas,,TE,,0,prior,10.4,10.16,11.5,12.17,10.0,12.84,11.8,9.07,8.47,11.52,6.67,8.97,13.46,10.4,11.05,11.39,3.6,3.23,3.59,3.04,3.23,1.0,2.15,13.6,2.6,12.23,16.02,9.46,9.06,9.21,9.72,10.97,10.38,7.69,2.02,2.25,1.0,1.57,1.24,2.99,3.57,5.15,4.09,2.93,2.76,1.65,4.19,2.19,1.74
00-0033439,Pharaoh Brown,,TE,,640,measured,11.3,9.25,10.5,11.08,12.46,12.19,11.8,11.91,8.12,5.88,10.91,13.3,11.37,6.41,14.34,17.3,2.47,1.0,4.94,3.82,2.86,4.01,3.18,6.38,3.5,11.5,15.28,10.8,13.07,10.8,9.54,9.22,13.42,5.93,2.56,2.29,3.1,2.6,4.35,1.18,3.33,2.87,5.47,3.12,3.33,1.0,2.82,4.05,2.67
00-0035769,Scotty Washington,,TE,,8,prior,7.9,11.23,12.05,11.39,8.14,12.81,11.8,9.17,5.4,4.55,7.3,9.76,11.88,12.19,11.05,11.39,2.66,3.71,2.64,3.15,3.47,4.27,2.75,17.23,4.44,2.08,5.86,6.37,6.87,5.36,5.36,9.82,11.07,6.54,2.8,4.63,3.49,3.66,2.4,2.53,2.7,3.64,3.98,2.5,4.42,2.87,4.36,3.85,3.67
00-0037455,Seth Green,,TE,,0,prior,7.8,11.29,12.26,11.85,8.58,13.11,11.8,9.25,4.83,7.01,5.56,14.74,12.24,10.4,11.05,11.39,2.51,4.04,1.11,2.27,2.13,2.73,4.26,18.37,2.64,2.01,5.8,6.33,6.83,5.29,5.29,9.36,10.99,6.08,3.9,2.17,3.17,2.99,2.59,5.3,3.58,2.44,4.96,2.56,2.86,4.42,1.8,3.79,3.72
00-0039550,Shawn Bowman,,TE,,0,prior,7.9,10.19,11.56,12.19,9.97,12.89,11.8,8.16,6.51,4.14,6.25,14.32,11.17,10.4,11.05,11.39,2.94,3.39,3.75,3.08,2.58,4.54,1.65,18.41,3.38,2.04,5.83,6.3,6.8,5.32,5.33,9.37,10.68,6.08,2.63,2.55,3.68,2.79,3.21,4.65,1.0,2.87,2.95,3.13,1.88,2.88,3.11,2.58,2.82
00-0039654,Steven Stilianos,,TE,,0,prior,7.9,10.19,11.52,12.16,9.95,12.84,11.8,7.24,3.42,5.7,6.89,10.17,6.66,10.4,11.05,11.39,2.72,1.98,3.27,3.74,2.94,2.83,3.54,18.41,3.14,2.04,5.83,6.3,6.8,5.32,5.33,9.37,10.68,6.08,4.5,1.9,1.87,1.0,3.19,2.74,3.17,3.78,2.36,2.82,1.63,3.16,2.54,4.43,2.31
00-0040469,Stevo Klotz,,TE,,0,prior,10.4,10.34,11.62,12.11,9.77,12.87,11.8,9.48,5.78,8.23,5.59,9.73,13.92,10.4,11.05,11.39,3.5,3.19,3.67,2.04,1.89,1.99,2.09,13.6,1.67,12.23,16.02,9.46,9.06,9.21,9.72,10.97,10.38,7.69,3.61,3.02,2.77,2.32,3.68,3.16,4.35,2.78,1.93,2.76,2.99,3.88,1.16,3.02,3.09
00-0039399,Tanner McLachlan,,TE,7.0,3,prior,8.0,12.18,12.35,11.94,9.07,13.45,11.8,6.48,4.07,4.32,7.2,9.45,8.92,12.99,11.05,11.39,5.07,2.76,2.59,3.55,3.63,2.21,2.82,18.37,2.7,2.07,5.86,6.36,6.85,5.35,5.35,9.74,10.64,6.46,4.1,4.69,3.35,1.95,3.0,3.96,5.13,3.09,4.19,3.53,3.41,1.0,2.18,4.17,3.44
00-0040697,Thomas Gordon,,TE,,0,prior,10.4,10.71,11.85,12.0,9.3,12.94,11.8,8.47,6.45,9.46,5.97,14.05,15.86,10.4,11.05,11.39,2.3,2.62,1.78,3.4,2.01,1.67,2.87,13.6,3.98,12.23,16.02,9.46,9.06,9.21,9.72,10.97,10.38,7.69,3.64,1.42,1.81,3.37,2.43,2.82,4.35,2.88,1.91,3.69,3.06,3.37,4.02,3.78,3.0
00-0036059,Tyler Mabry,,TE,,4,prior,7.9,10.57,11.74,11.77,9.16,12.85,11.8,7.73,5.44,4.85,9.11,9.56,10.2,15.11,11.05,11.39,3.76,2.01,4.4,3.3,1.94,4.24,3.26,17.29,2.18,2.07,5.85,6.36,6.86,5.35,5.35,9.74,11.07,6.46,2.62,2.18,2.94,3.06,2.56,4.65,1.69,3.29,2.89,2.11,3.46,3.33,4.87,1.16,2.29
00-0040050,Tyler Neville,,TE,,0,prior,10.4,10.78,11.9,11.97,9.21,12.96,11.8,8.32,3.4,9.59,6.2,9.34,5.73,10.4,11.05,11.39,2.95,1.86,1.05,3.61,3.31,2.18,2.52,13.6,4.7,12.23,16.02,9.46,9.06,9.21,9.72,10.97,10.38,7.69,3.25,4.6,1.99,3.43,3.53,3.7,1.92,3.09,4.5,1.58,3.48,1.43,3.09,3.91,1.36
00-0036640,Zach Davidson,,TE,,35,prior,8.5,12.74,12.64,14.67,8.5,14.98,11.8,10.12,4.99,4.08,9.25,8.31,13.88,12.99,11.05,11.39,1.86,3.44,3.63,2.13,4.92,2.47,2.56,17.24,3.01,2.71,6.49,7.52,7.05,5.51,5.53,10.47,11.06,7.19,3.07,2.44,2.8,4.56,2.19,1.96,1.85,4.6,3.54,4.59,2.69,3.11,3.83,1.95,3.93
00-0038406,Zack Kuntz,,TE,,1,prior,8.4,13.29,15.65,15.94,12.0,17.62,11.8,7.6,4.48,4.4,7.6,14.76,9.65,14.69,11.05,11.39,3.63,4.11,4.46,3.49,2.02,1.86,2.92,18.38,2.55,2.06,5.85,6.35,6.85,5.35,5.35,9.65,10.83,6.37,2.07,3.0,2.97,3.05,3.0,2.48,4.41,4.22,1.93,3.72,4.34,3.71,3.18,1.76,2.82
00-0039957,Ajou Ajou,,WR,,0,prior,7.7,13.99,14.73,13.18,7.59,15.04,11.8,7.45,7.65,6.72,6.25,9.68,13.49,10.4,11.05,11.39,3.2,3.29,1.56,3.41,2.45,2.76,2.54,14.87,4.3,13.42,12.12,5.31,3.82,3.82,3.83,2.75,1.56,2.97,3.12,3.71,4.39,5.02,2.25,2.99,2.13,3.5,2.45,1.91,2.56,2.91,3.12,2.13,16.61
00-0040298,Andrew Armstrong,,WR,,0,prior,9.8,14.12,15.16,14.16,6.16,14.68,11.8,9.51,9.22,7.99,2.28,10.5,6.07,10.4,11.05,11.39,3.61,3.0,2.32,3.11,2.14,4.1,3.82,7.11,7.71,12.37,11.07,6.32,6.75,8.0,8.16,1.35,1.0,3.76,3.03,3.97,2.74,1.55,4.45,3.49,4.74,3.07,5.04,2.94,5.55,2.82,4.67,2.56,9.02
00-0040438,Antwane Wells Jr.,,WR,,0,prior,9.4,12.74,14.37,13.61,6.98,14.0,11.8,7.52,10.76,8.78,5.11,9.73,8.19,10.4,11.05,11.39,1.0,3.5,4.12,4.08,4.31,3.04,3.29,7.11,7.71,12.37,11.07,6.32,6.75,8.0,8.16,2.49,3.1,1.99,1.67,4.0,1.61,2.44,1.0,2.65,2.88,2.03,1.41,1.87,4.44,2.33,4.55,2.12,8.46
00-0040354,Blayne Taylor,,WR,,0,prior,9.6,13.81,14.6,12.93,7.93,15.14,11.8,8.9,10.18,9.4,6.47,12.11,16.45,10.4,11.05,11.39,2.05,3.66,2.48,2.26,2.34,1.7,3.58,7.11,7.71,12.37,11.07,6.32,6.75,8.0,8.16,2.49,2.05,3.12,2.94,2.55,3.78,3.34,2.38,4.49,2.81,3.65,2.37,2.69,4.44,3.4,1.41,2.05,8.89
00-0037382,Brandon Johnson,,WR,,326,measured,9.9,14.84,15.43,14.54,5.66,14.5,11.8,11.35,8.55,9.46,8.68,13.85,9.66,15.68,11.05,6.88,3.02,3.02,2.4,2.88,1.97,3.89,3.85,7.44,8.66,12.69,11.38,7.88,7.18,6.85,7.06,3.7,2.13,2.16,3.23,2.9,3.56,3.37,3.48,1.11,2.45,3.09,4.57,2.71,1.0,4.17,5.21,4.21,9.71
00-0037355,Braylon Sanders,,WR,,14,prior,8.4,14.77,14.71,14.39,5.89,13.8,11.8,8.84,8.86,9.44,8.06,10.89,14.47,12.19,11.05,11.39,3.4,4.33,4.35,2.99,2.16,2.14,4.14,9.71,5.26,12.26,10.95,6.98,3.9,4.38,4.53,1.0,1.0,2.27,2.57,2.71,2.92,5.25,3.44,3.32,3.78,1.8,1.0,2.4,3.39,1.67,2.41,3.16,13.86
00-0039415,Brenden Rice,,WR,,3,prior,7.8,14.31,13.97,13.57,6.5,14.72,11.8,9.26,6.49,10.12,5.32,7.75,6.6,4.59,15.38,11.39,3.03,3.39,4.03,3.08,1.78,5.15,2.42,12.42,5.12,13.02,11.71,5.44,3.85,3.85,3.85,3.01,2.22,2.36,3.35,2.9,3.28,5.78,2.71,2.72,3.97,2.05,4.66,2.05,3.49,4.82,1.61,1.23,15.65
00-0040383,Bryson Green,,WR,,0,prior,9.6,13.72,14.76,13.33,7.34,15.0,11.8,10.12,7.94,8.39,5.3,11.17,11.01,10.4,11.05,11.39,1.82,1.86,2.73,3.5,2.14,2.8,2.76,7.11,7.71,12.37,11.07,6.32,6.75,8.0,8.16,1.35,2.45,3.84,2.6,2.79,4.25,4.43,2.82,2.53,1.81,1.91,3.27,3.51,4.45,4.99,2.82,2.7,8.86
00-0040324,Cam Camper,,WR,,0,prior,9.8,14.56,15.12,13.91,6.57,14.75,11.8,9.24,7.11,11.37,7.3,12.36,16.21,10.4,11.05,11.39,3.33,2.91,2.69,3.41,4.01,3.07,2.56,7.11,7.71,12.37,11.07,6.32,6.75,8.0,8.16,3.97,5.42,2.82,2.46,1.42,1.94,3.75,2.9,4.89,2.05,2.89,3.82,2.13,4.25,3.52,3.82,2.55,9.19
00-0038651,Chase Cota,,WR,,0,prior,7.9,13.86,14.98,13.82,6.63,14.82,11.8,9.79,4.83,8.24,5.92,7.79,10.11,10.4,11.05,11.39,3.87,2.57,4.17,4.35,4.47,5.24,5.25,14.78,4.13,13.28,11.97,5.67,3.83,3.83,3.81,2.46,2.62,3.07,2.91,1.42,2.53,3.69,3.63,3.01,2.55,4.08,2.25,2.86,4.02,2.83,3.85,1.51,16.73
00-0039626,Cole Burgess,,WR,,0,prior,7.9,14.37,14.99,13.66,6.91,14.84,11.8,8.75,4.56,6.17,6.46,16.12,10.31,10.4,11.05,11.39,3.35,1.31,2.45,3.51,2.69,4.25,2.9,14.87,4.3,13.42,12.12,5.31,3.82,3.82,3.83,1.4,3.44,4.36,1.73,4.23,2.94,3.48,3.18,2.24,3.5,3.63,1.79,5.17,3.58,3.86,3.14,2.33,16.76
00-0036254,Collin Johnson,,WR,,55,prior,9.1,13.58,15.0,13.93,8.5,14.8,11.8,10.14,6.85,5.31,8.64,11.32,14.4,7.84,7.09,8.28,2.56,3.92,2.96,2.03,3.89,3.98,3.38,9.45,5.6,11.61,10.3,8.05,4.28,5.96,6.66,3.05,2.41,3.37,3.87,3.23,2.68,6.3,1.87,1.75,1.16,3.07,2.34,2.64,5.43,4.36,3.74,3.11,10.03
00-0039437,Cornelius Johnson,,WR,,0,prior,8.2,15.7,16.69,13.67,6.86,16.39,11.8,7.51,9.63,5.88,6.13,9.25,11.23,10.4,11.05,11.39,3.04,2.41,2.94,4.81,3.45,2.1,3.34,14.98,4.3,13.42,12.11,5.3,3.81,3.83,3.84,2.84,1.73,2.6,2.15,2.47,1.0,2.57,2.36,3.42,4.75,1.75,1.53,4.77,3.17,2.89,2.39,3.39,17.29
00-0036647,Cornell Powell,,WR,,1,prior,8.1,13.66,15.85,13.85,8.0,15.98,11.8,9.33,7.71,5.36,9.62,11.15,7.49,12.19,11.05,11.39,3.45,3.6,2.63,2.76,2.26,4.36,3.76,13.57,4.29,12.57,11.26,6.83,3.84,3.84,3.84,3.19,3.18,3.51,3.66,3.1,2.41,2.02,3.11,1.88,2.46,2.99,3.62,2.71,4.04,2.33,2.69,4.21,16.32
00-0040431,Dalen Cambre,,WR,,0,prior,9.8,14.73,15.13,13.85,6.66,14.75,11.8,8.52,10.97,5.56,6.24,10.59,12.6,10.4,11.05,11.39,3.16,3.46,2.7,1.33,2.37,3.92,2.67,7.11,7.71,12.37,11.07,6.32,6.75,8.0,8.16,4.27,4.03,1.0,4.46,1.25,2.59,1.0,5.31,3.96,4.46,3.45,3.58,1.22,3.2,3.75,3.24,3.15,9.26
00-0040412,Daniel Jackson,,WR,,0,prior,9.8,14.56,15.12,13.91,6.57,14.75,11.8,9.25,8.13,11.29,8.3,11.62,12.5,10.4,11.05,11.39,2.2,4.43,4.03,2.47,2.02,1.88,2.77,7.11,7.71,12.37,11.07,6.32,6.75,8.0,8.16,4.61,1.65,4.96,3.26,1.44,3.09,2.75,1.86,2.52,2.34,2.82,3.45,2.3,3.48,3.38,4.52,3.88,9.19
00-0034860,Dante Pettis,,WR,,353,measured,11.1,13.89,14.55,13.54,6.27,14.15,11.8,11.65,11.06,11.22,11.66,11.02,9.32,8.2,14.18,7.19,2.89,2.36,2.53,4.72,4.07,1.91,3.01,8.19,5.55,7.73,6.42,8.53,7.01,10.78,13.65,3.05,4.57,3.35,1.65,2.06,2.6,2.03,3.38,3.68,2.31,2.96,4.42,2.23,2.59,4.85,1.48,3.76,9.64
00-0040334,Darius Lassiter,,WR,,0,prior,9.7,14.18,14.86,13.42,7.25,14.94,11.8,7.39,7.32,9.25,6.42,9.61,14.45,10.4,11.05,11.39,3.92,3.5,2.12,3.33,5.08,3.64,4.56,7.11,7.71,12.37,11.07,6.32,6.75,8.0,8.16,2.33,1.38,1.36,3.06,3.81,3.74,4.12,1.96,2.42,3.54,3.89,3.71,2.79,2.16,2.35,2.35,1.78,9.04
00-0034406,Deon Cain,,WR,,0,prior,8.5,15.58,13.48,14.84,5.5,12.21,11.8,9.48,4.44,5.85,8.1,13.57,9.41,10.4,11.05,11.39,3.07,5.19,1.56,1.0,3.67,2.4,3.16,14.98,3.34,12.18,10.87,7.92,3.84,3.84,3.84,2.47,3.15,3.8,1.86,2.59,1.6,2.76,2.62,1.55,3.57,2.35,3.98,2.49,4.45,3.17,2.68,3.72,17.6
00-0035216,Diontae Johnson,,WR,,1196,measured,11.9,13.29,14.21,11.2,7.5,13.31,11.8,13.51,10.26,9.33,7.51,10.52,13.09,6.13,18.15,18.66,2.79,3.43,2.24,3.1,2.47,3.93,3.76,7.06,8.42,7.43,6.12,8.81,10.08,13.0,15.91,1.43,3.29,1.0,2.41,3.35,2.49,3.5,4.02,2.21,3.33,3.3,3.63,3.15,2.26,3.59,2.5,1.95,8.14
00-0040340,Dorian Singer,,WR,,0,prior,10.0,15.08,15.49,14.59,5.62,14.47,11.8,9.18,5.45,7.31,7.8,8.63,13.7,10.4,11.05,11.39,2.53,2.61,3.09,2.25,2.16,2.34,3.55,7.11,7.71,12.37,11.07,6.32,6.75,8.0,8.16,1.0,3.59,2.72,3.51,3.07,2.97,1.52,3.36,2.12,2.64,2.14,3.49,4.18,3.52,2.03,1.44,3.17,9.4
00-0039773,Drake Stoops,,WR,,0,prior,8.0,14.95,15.06,13.6,7.05,14.83,11.8,8.44,6.63,8.1,6.25,17.49,18.32,10.4,11.05,11.39,4.59,3.43,2.38,1.08,3.22,2.55,3.11,14.87,4.3,13.42,12.12,5.31,3.82,3.82,3.83,2.64,2.06,3.55,3.03,3.55,2.92,2.24,4.46,4.65,2.57,1.7,3.24,2.52,2.08,3.17,4.43,4.52,17.0
00-0040402,Dymere Miller,,WR,,0,prior,10.0,15.12,15.51,14.64,5.55,14.45,11.8,11.0,7.39,8.07,6.03,13.75,11.8,10.4,11.05,11.39,3.11,3.42,2.85,2.08,1.99,3.58,3.95,7.11,7.71,12.37,11.07,6.32,6.75,8.0,8.16,2.95,2.2,4.14,1.28,2.47,3.45,1.06,3.7,3.99,2.1,3.04,2.97,2.62,1.0,4.12,4.1,4.08,9.42
00-0040337,Eli Pancol,,WR,,0,prior,9.7,14.06,15.01,13.82,6.66,14.81,11.8,7.94,10.65,7.9,6.42,14.32,11.54,10.4,11.05,11.39,2.69,2.84,2.3,4.42,3.96,1.2,2.82,7.11,7.71,12.37,11.07,6.32,6.75,8.0,8.16,3.75,2.51,3.2,3.84,2.73,2.36,3.46,4.78,2.1,2.67,2.85,5.55,4.05,3.0,2.77,2.86,2.15,8.99
00-0040080,Elijhah Badger,,WR,,0,prior,9.8,14.67,15.2,14.05,6.37,14.69,11.8,7.76,7.18,8.52,3.92,9.57,10.92,10.4,11.05,11.39,3.77,3.94,3.93,1.75,2.41,3.06,2.01,7.11,7.71,12.37,11.07,6.32,6.75,8.0,8.16,3.22,2.93,2.83,2.28,3.12,2.84,4.1,1.96,3.79,2.98,3.93,1.91,3.64,3.86,4.1,1.63,1.91,9.24
00-0038507,Grant DuBose,,WR,,44,prior,8.4,12.92,14.71,14.08,6.61,14.58,11.8,9.67,7.61,4.24,7.1,11.69,16.67,4.59,15.38,15.42,2.83,6.06,2.1,2.5,1.85,5.24,2.85,9.59,5.12,11.43,10.12,6.83,4.1,5.14,5.8,3.98,4.16,2.77,1.99,2.53,1.0,2.3,3.28,3.47,2.07,1.83,2.53,2.51,3.83,3.22,3.45,2.39,9.7
00-0040366,Hal Presley,,WR,,0,prior,9.7,13.88,14.88,13.57,7.0,14.9,11.8,8.89,11.1,8.92,5.49,11.51,12.31,10.4,11.05,11.39,4.51,2.26,2.23,2.74,2.42,3.45,2.08,7.11,7.71,12.37,11.07,6.32,6.75,8.0,8.16,3.07,3.22,1.86,3.1,3.82,5.97,2.58,3.8,4.18,2.67,3.22,3.41,3.94,2.71,4.05,2.58,2.37,8.92
00-0040703,Ife Adeyi,,WR,,0,prior,10.1,15.5,15.78,15.12,4.87,14.3,11.8,8.01,13.73,12.12,7.57,7.37,13.04,10.4,11.05,11.39,2.71,2.12,3.9,5.21,2.82,2.69,3.74,7.11,7.71,12.37,11.07,6.32,6.75,8.0,8.16,3.52,3.53,2.64,2.87,2.62,1.79,2.77,3.66,4.1,4.26,1.97,2.68,2.82,1.77,5.94,1.91,2.56,9.57
00-0036165,Isaiah Hodgins,,WR,,569,measured,10.1,12.18,14.07,14.82,4.5,15.42,11.8,12.62,9.84,6.8,8.42,18.53,14.64,17.5,11.05,11.39,1.76,1.0,3.04,4.02,4.02,1.19,2.94,5.71,6.26,9.13,7.82,11.05,9.26,6.99,7.03,4.2,4.19,2.51,3.03,2.39,2.79,2.99,4.1,2.74,2.07,2.18,4.76,2.88,2.4,2.64,3.07,4.64,8.57
00-0036918,Jacob Harris,,WR,,11,prior,9.2,16.73,18.24,16.76,7.5,18.2,11.8,11.16,9.06,9.7,8.31,7.61,8.73,14.15,11.05,14.14,3.05,2.68,2.98,2.45,2.32,1.66,4.32,10.56,5.25,12.1,10.79,7.16,3.89,4.37,4.46,5.06,4.42,2.43,2.66,3.47,3.28,2.67,3.6,2.57,4.48,4.69,1.0,4.73,1.85,4.52,5.0,1.14,14.84
00-0040281,Jacolby George,,WR,,0,prior,10.0,15.27,15.62,14.83,5.28,14.38,11.8,9.64,11.98,11.34,7.74,12.36,4.67,10.4,11.05,11.39,5.42,2.4,2.94,4.68,1.9,3.83,1.0,7.11,7.71,12.37,11.07,6.32,6.75,8.0,8.16,4.79,1.8,3.13,2.38,4.98,3.12,2.57,2.96,3.63,2.05,3.22,3.41,4.26,2.49,3.14,3.09,2.23,9.48
00-0040096,Jahmal Banks,,WR,,0,prior,9.7,14.18,14.86,13.42,7.25,14.94,11.8,10.48,9.55,11.05,6.03,12.15,10.37,10.4,11.05,11.39,2.52,2.44,4.37,2.75,1.55,2.58,3.73,7.11,7.71,12.37,11.07,6.32,6.75,8.0,8.16,3.0,4.29,4.96,2.0,4.63,5.05,2.92,1.62,2.53,3.62,2.62,2.9,2.44,4.11,2.0,3.04,1.88,9.04
00-0040388,Jakobie Keeney-James,,WR,,0,prior,9.8,14.56,15.12,13.91,6.57,14.75,11.8,9.39,12.45,6.51,6.38,6.97,7.0,10.4,11.05,11.39,2.09,2.24,4.14,2.56,3.27,1.96,1.64,7.11,7.71,12.37,11.07,6.32,6.75,8.0,8.16,3.19,4.12,1.27,2.57,4.52,1.0,1.5,2.55,2.48,2.76,2.87,3.48,2.66,1.0,4.55,3.25,1.38,9.19
00-0037387,Jalen Virgil,,WR,,59,prior,8.9,13.99,14.73,13.18,7.59,15.04,11.8,10.09,11.45,12.37,8.23,10.73,8.87,14.15,11.05,11.39,3.28,1.27,2.72,3.56,1.83,3.18,4.46,9.11,7.74,13.43,12.12,7.17,4.24,5.89,6.0,2.05,3.03,3.02,3.61,4.79,1.24,2.82,4.49,4.01,2.65,3.63,3.21,3.57,3.72,2.17,3.06,2.86,9.94
00-0040373,Jamoi Mayes,,WR,,0,prior,9.7,14.37,14.99,13.66,6.91,14.84,11.8,9.62,9.8,11.68,8.06,11.04,8.89,10.4,11.05,11.39,2.07,1.71,4.4,3.19,2.78,3.72,2.94,7.11,7.71,12.37,11.07,6.32,6.75,8.0,8.16,2.95,3.09,3.81,2.27,2.26,3.66,3.98,4.47,2.39,4.23,2.38,3.57,3.33,3.72,3.58,3.51,4.53,9.11
00-0039853,Javon Baker,,WR,,78,prior,8.6,13.48,14.02,13.27,7.45,15.33,11.8,8.4,6.26,8.06,7.21,13.37,10.91,7.13,15.46,5.91,3.27,2.49,2.4,3.86,3.86,3.72,3.65,9.38,5.62,12.02,10.71,6.17,4.22,5.98,6.88,3.38,3.76,4.79,5.05,4.05,4.1,2.8,3.37,3.28,2.19,2.92,2.04,1.8,2.72,3.95,3.54,4.79,9.46
00-0039664,Jaylen Johnson,,WR,,0,prior,7.9,14.54,15.22,14.15,6.21,14.66,11.8,8.13,8.42,9.52,5.81,15.24,9.52,12.99,11.05,11.39,1.19,1.67,3.18,3.03,1.65,2.79,4.42,14.87,4.3,13.42,12.12,5.31,3.82,3.82,3.83,2.28,4.18,2.41,2.57,1.99,4.0,1.0,2.72,2.22,3.21,1.13,2.69,4.3,2.85,2.31,2.23,2.03,16.83
00-0040447,Jerjuan Newton,,WR,,0,prior,9.8,14.67,15.2,14.05,6.37,14.69,11.8,9.42,8.8,7.96,6.19,14.88,15.07,10.4,11.05,11.39,5.0,2.17,1.15,4.6,1.88,2.52,2.08,7.11,7.71,12.37,11.07,6.32,6.75,8.0,8.16,3.61,3.31,2.98,3.45,4.2,4.68,2.65,2.27,4.5,2.33,1.75,6.08,3.74,1.57,3.33,4.19,4.67,9.24
00-0038726,Jesse Matthews,,WR,,0,prior,8.0,14.8,15.18,13.95,6.53,14.71,11.8,7.58,7.45,6.62,6.63,13.15,10.84,10.4,11.05,11.39,2.62,3.48,1.0,4.2,3.29,3.62,3.5,14.78,4.13,13.28,11.97,5.67,3.83,3.83,3.81,2.54,3.59,3.2,3.1,2.25,1.93,1.87,3.73,3.6,3.7,1.28,2.55,2.04,1.98,3.79,2.68,2.88,17.1
00-0039392,Jha'Quan Jackson,,WR,,41,prior,9.2,16.16,14.71,13.6,6.0,12.28,11.8,9.96,7.91,9.57,6.28,9.9,16.55,12.99,11.05,11.39,3.08,3.38,1.51,3.82,2.36,4.31,3.31,9.71,5.94,12.36,11.05,6.18,4.05,6.35,7.0,3.73,3.58,2.12,5.02,3.74,1.54,2.33,2.2,4.21,3.75,2.83,3.9,2.9,1.62,2.78,2.75,3.33,10.67
00-0040443,Joaquin Davis,,WR,,0,prior,9.9,14.42,15.37,14.55,5.61,14.52,11.8,9.79,11.36,7.78,6.66,11.17,12.32,10.4,11.05,11.39,3.16,3.68,2.85,4.83,4.53,2.77,2.19,7.11,7.71,12.37,11.07,6.32,6.75,8.0,8.16,1.37,3.25,1.22,1.99,3.09,3.44,4.07,2.73,3.08,4.24,2.11,5.56,3.85,3.98,2.85,3.17,2.44,9.14
00-0039456,John Rhys Plumlee,,WR,3.0,0,prior,7.8,14.43,14.92,13.46,7.21,14.91,11.8,8.33,4.14,6.3,3.96,13.34,11.32,10.4,11.05,11.39,3.53,3.66,1.68,2.4,2.03,3.02,3.84,14.87,4.3,13.42,12.12,5.31,3.82,3.82,3.83,4.33,3.22,2.83,2.25,4.0,2.68,2.12,3.1,1.85,1.07,3.33,3.59,2.09,3.06,3.72,1.3,3.23,16.79
00-0040430,Jordan Bly,,WR,,0,prior,10.2,15.76,15.96,15.46,4.4,14.22,11.8,10.04,11.45,8.93,4.87,14.24,12.91,10.4,11.05,11.39,2.01,3.94,2.67,2.12,3.01,2.88,1.86,7.11,7.71,12.37,11.07,6.32,6.75,8.0,8.16,3.71,2.15,3.3,2.98,2.73,2.36,2.96,4.23,2.7,2.08,3.1,2.81,3.78,1.99,2.47,1.43,4.67,9.67
00-0039329,Julian Hicks,,WR,,0,prior,7.9,14.27,15.04,13.81,6.68,14.79,11.8,8.19,5.45,8.22,7.1,10.28,5.17,10.4,11.05,11.39,2.87,2.5,2.38,2.68,3.95,3.81,2.86,14.87,4.3,13.42,12.12,5.31,3.82,3.82,3.83,3.23,3.22,2.16,2.01,2.6,3.28,3.13,2.81,3.26,3.32,1.41,4.82,3.7,3.07,2.71,3.56,2.95,16.73
00-0035593,Juwann Winfree,,WR,,25,prior,8.7,13.49,14.26,12.63,7.93,14.86,11.8,11.06,7.07,8.78,10.27,6.89,4.47,7.92,14.24,11.39,4.55,2.32,1.38,2.69,2.44,2.69,4.48,10.06,5.26,11.82,10.51,8.01,4.02,4.73,7.0,3.36,4.36,3.87,3.22,4.66,4.17,3.65,1.0,4.67,1.8,2.51,3.31,3.16,1.55,1.49,1.79,2.0,12.75
00-0036345,K.J. Osborn,,WR,,1126,measured,10.5,14.7,15.13,12.91,9.0,15.76,11.8,10.18,9.07,11.35,9.23,16.51,9.77,11.93,7.4,4.06,4.4,2.48,2.22,2.16,2.89,3.98,2.6,6.73,6.31,10.43,9.12,7.12,12.28,8.37,8.52,4.61,2.64,4.33,2.79,4.08,2.84,3.05,2.9,1.9,3.63,2.96,5.5,1.75,2.38,2.57,4.19,2.48,8.95
00-0036412,KJ Hamler,,WR,,96,prior,9.5,15.5,15.32,14.04,7.5,14.64,11.8,11.25,8.67,11.24,10.35,14.85,10.02,5.77,6.19,14.26,2.15,2.26,6.03,1.44,3.32,1.79,3.77,9.5,5.64,9.1,7.79,8.05,4.58,6.47,7.37,4.66,2.49,1.57,3.79,1.0,4.29,1.65,3.67,3.96,4.11,3.7,2.97,1.2,2.68,1.43,2.93,4.87,10.3
00-0040239,Kaden Prather,,WR,,0,prior,9.7,13.99,14.73,13.18,7.59,15.04,11.8,8.76,6.69,8.39,5.86,10.26,10.99,10.4,11.05,11.39,3.0,3.53,3.09,1.18,1.0,1.83,2.79,7.17,7.74,12.36,11.05,6.26,6.68,8.18,8.3,3.32,5.49,1.9,6.13,3.66,3.24,1.79,2.51,1.31,1.55,2.82,3.22,2.54,2.41,4.16,2.45,2.67,8.89
00-0036939,Kawaan Baker,,WR,,0,prior,8.2,15.7,17.1,9.73,10.67,17.5,11.8,9.87,4.82,6.5,7.58,9.95,7.92,12.11,11.05,11.39,1.09,2.8,3.16,2.76,3.71,1.89,1.77,14.79,4.0,12.78,11.47,6.76,3.84,3.84,3.83,3.76,3.95,3.6,3.77,4.33,4.0,2.86,4.06,3.29,2.03,2.53,1.89,3.41,2.94,3.4,2.76,2.8,17.64
00-0037422,Kendric Pryor,,WR,,16,prior,8.5,14.9,15.13,13.8,6.76,14.76,11.8,9.37,9.55,7.8,8.93,11.93,15.76,12.99,11.05,11.39,4.14,1.0,3.45,4.16,3.89,3.22,3.29,10.39,5.29,12.26,10.95,6.99,3.92,4.37,5.2,2.17,3.93,2.03,3.87,4.79,3.95,3.74,4.54,2.2,4.13,1.26,2.99,2.71,2.43,2.04,1.66,2.61,11.3
00-0033307,Kendrick Bourne,,WR,,842,measured,11.6,10.35,13.04,15.62,4.5,13.55,11.8,12.92,10.46,7.08,11.98,10.18,8.35,17.5,11.05,16.46,1.0,2.87,2.08,2.35,2.89,4.07,4.68,5.26,9.32,11.85,10.54,13.01,14.65,9.47,8.11,2.58,3.28,2.19,2.66,1.49,3.33,2.15,1.1,2.89,2.12,2.27,2.67,3.3,4.4,1.39,3.7,4.6,7.89
00-0040605,Ketron Jackson Jr.,,WR,,0,prior,9.7,14.18,14.86,13.42,7.25,14.94,11.8,8.4,10.71,11.13,5.29,11.78,7.78,10.4,11.05,11.39,2.8,4.16,4.16,2.47,3.79,1.76,2.73,7.11,7.71,12.37,11.07,6.32,6.75,8.0,8.16,2.99,4.44,3.42,4.79,2.52,4.61,4.49,4.06,3.93,3.24,2.85,2.71,2.91,2.77,1.68,3.23,2.21,9.04
00-0040606,Key'Shawn Smith,,WR,,0,prior,9.9,14.89,15.36,14.34,5.96,14.57,11.8,9.44,11.21,6.57,6.82,8.49,9.73,10.4,11.05,11.39,2.13,2.94,3.56,2.33,4.3,3.07,2.27,7.11,7.71,12.37,11.07,6.32,6.75,8.0,8.16,1.46,3.75,1.23,1.0,4.88,2.72,2.54,2.98,2.37,1.9,3.12,2.34,3.25,2.7,1.05,3.19,3.8,9.33
00-0040616,Kisean Johnson,,WR,,0,prior,9.6,13.78,14.58,12.88,8.0,15.16,11.8,9.79,7.2,10.35,5.89,12.85,9.16,10.4,11.05,11.39,3.46,2.95,1.53,5.13,2.33,5.1,3.04,7.11,7.71,12.37,11.07,6.32,6.75,8.0,8.16,2.86,2.92,3.83,3.26,3.49,4.11,3.49,1.63,3.62,3.23,2.9,4.16,3.29,3.09,2.56,4.78,3.81,8.88
00-0040285,Kobe Hudson,,WR,,0,prior,9.7,14.37,14.99,13.66,6.91,14.84,11.8,10.23,9.86,4.95,6.61,11.21,10.14,10.4,11.05,11.39,2.95,1.0,2.97,3.78,2.37,2.62,3.58,7.11,7.71,12.37,11.07,6.32,6.75,8.0,8.16,4.71,1.41,1.51,4.13,2.85,1.55,4.7,2.45,2.68,1.64,3.34,4.14,3.88,3.56,4.54,3.4,3.66,9.11
00-0040633,Kyrese Rowan,,WR,,0,prior,9.9,15.11,15.16,13.8,6.78,14.75,11.8,7.52,7.48,6.45,5.74,11.07,15.01,10.4,11.05,11.39,3.75,2.97,2.1,4.44,4.84,3.48,2.52,7.11,7.71,12.37,11.07,6.32,6.75,8.0,8.16,3.2,1.37,3.07,2.2,3.73,4.04,4.17,1.82,1.78,2.76,3.98,3.64,2.87,3.31,2.54,4.06,1.95,9.41
00-0040353,Landon Parker,,WR,,0,prior,9.6,13.81,14.6,12.93,7.93,15.14,11.8,9.58,5.66,7.07,4.2,12.78,12.21,10.4,11.05,11.39,3.63,2.77,3.44,3.04,3.02,3.39,2.12,7.11,7.71,12.37,11.07,6.32,6.75,8.0,8.16,3.71,2.62,2.2,3.33,3.75,3.18,4.08,3.37,3.89,4.81,3.37,2.29,3.26,1.71,1.9,5.27,2.84,8.89
00-0036268,Laviska Shenault Jr.,,WR,,200,measured,11.7,12.74,14.0,12.69,8.5,15.23,11.8,11.29,10.8,11.13,9.39,13.92,10.06,6.14,4.91,16.13,3.28,3.45,2.41,1.29,1.4,3.95,3.9,9.44,11.75,13.85,12.55,8.76,5.94,13.91,12.57,1.35,1.94,3.31,2.31,2.03,3.52,2.35,1.08,4.65,2.49,1.3,3.06,3.02,3.54,2.72,2.52,3.66,9.43
00-0040086,Mac Dalena,,WR,,0,prior,10.0,15.12,15.51,14.64,5.55,14.45,11.8,9.65,8.83,10.67,4.66,12.82,14.25,10.4,11.05,11.39,3.99,1.94,2.23,3.59,3.49,2.51,2.62,7.11,7.71,12.37,11.07,6.32,6.75,8.0,8.16,3.41,3.45,3.41,4.13,2.2,1.93,1.51,1.67,3.14,2.17,4.48,3.55,3.38,2.12,2.24,3.85,3.23,9.42
00-0038911,Malik Cunningham,,WR,,7,prior,8.0,13.66,14.68,14.15,6.23,14.65,11.8,8.17,8.35,8.02,6.42,12.97,13.34,12.41,11.05,11.39,1.0,2.64,3.0,3.68,4.02,4.62,2.69,10.56,5.21,12.78,11.47,6.25,3.87,3.96,4.15,1.97,3.15,5.31,1.21,2.32,4.3,5.21,3.89,3.2,3.19,3.25,2.25,2.96,3.53,3.32,5.34,2.8,14.33
00-0038806,Malik Knowles,,WR,,0,prior,7.9,14.31,15.06,13.86,6.61,14.78,11.8,9.07,8.56,9.14,7.34,10.59,11.29,10.4,11.05,11.39,2.49,3.39,3.69,2.59,3.02,4.1,3.51,14.78,4.13,13.28,11.97,5.67,3.83,3.83,3.81,3.7,2.78,2.56,2.91,3.59,1.0,2.53,4.5,3.66,3.13,2.68,3.08,2.07,2.71,3.34,2.17,2.37,16.91
00-0035480,Malik Taylor,,WR,,33,prior,8.3,13.23,13.99,12.37,8.0,14.68,11.8,10.89,7.57,10.63,9.33,10.31,13.45,8.59,13.71,7.09,3.31,1.84,2.78,2.98,4.01,1.0,4.54,9.61,4.98,11.2,9.89,8.37,4.16,4.56,4.48,4.62,2.6,2.53,2.3,2.15,1.0,3.84,2.38,3.42,2.4,1.0,3.08,2.28,3.82,6.05,3.37,2.62,12.2
00-0036219,Marquez Callaway,,WR,,191,measured,9.2,13.29,15.16,13.67,6.89,16.46,11.8,11.14,9.26,10.47,9.17,16.35,10.82,11.93,15.04,11.39,3.77,2.76,2.53,3.75,3.78,3.34,3.08,7.78,5.4,9.82,8.51,8.04,5.97,6.15,6.75,2.49,1.0,1.03,2.91,2.8,3.36,2.84,3.78,1.57,2.58,4.17,3.68,3.6,3.49,2.4,3.84,2.66,9.27
00-0038762,Matt Landers,,WR,,0,prior,8.0,14.31,15.29,14.4,5.82,14.58,11.8,7.88,3.96,7.32,4.82,10.34,11.29,10.4,11.05,11.39,1.68,4.39,2.23,2.28,1.86,3.31,3.29,14.78,4.13,13.28,11.97,5.67,3.83,3.83,3.81,4.34,2.51,2.31,1.97,1.34,2.07,1.07,2.41,2.83,4.58,1.66,2.92,3.5,3.46,2.46,4.65,3.72,16.91
00-0034764,Michael Gallup,,WR,,714,measured,9.9,13.59,14.07,12.79,5.0,14.39,11.8,12.92,8.51,7.15,9.8,10.3,10.59,7.49,6.61,7.51,2.87,3.34,4.64,2.38,3.45,3.75,3.63,7.53,5.01,6.5,5.19,8.65,9.47,7.81,8.26,4.12,2.28,3.07,1.7,3.07,2.15,3.77,1.85,2.79,2.77,3.57,2.61,3.38,2.55,4.0,1.55,3.06,8.98
00-0037272,Montrell Washington,,WR,,34,prior,9.2,15.67,15.55,14.53,5.76,14.46,11.8,9.09,8.75,8.06,7.51,9.23,14.69,15.68,11.05,11.39,4.24,1.05,2.09,3.26,3.28,2.48,3.14,9.87,4.67,10.33,9.02,7.08,4.06,5.94,6.73,3.56,2.11,2.07,3.48,3.06,2.9,2.43,2.25,1.76,3.68,1.46,2.1,1.98,3.66,3.95,2.25,4.88,10.21
00-0040538,Moochie Dixon,,WR,,0,prior,9.9,14.86,15.33,14.29,6.03,14.59,11.8,10.02,10.21,9.74,7.4,10.98,9.8,10.4,11.05,11.39,3.1,3.54,3.0,2.83,3.73,4.39,1.86,7.11,7.71,12.37,11.07,6.32,6.75,8.0,8.16,2.14,3.51,4.02,4.24,3.84,2.05,1.28,4.49,2.19,3.74,2.17,3.12,3.74,2.56,1.73,4.43,4.36,9.31
00-0040671,Nate McCollum,,WR,,0,prior,9.9,14.93,15.38,14.39,5.89,14.55,11.8,10.6,8.47,9.83,6.19,16.3,9.58,10.4,11.05,11.39,2.33,3.24,4.55,2.89,1.79,4.43,2.15,7.11,7.71,12.37,11.07,6.32,6.75,8.0,8.16,3.71,4.81,2.05,4.0,3.22,3.91,2.48,2.67,3.5,3.75,2.96,3.34,3.22,1.27,3.04,3.67,3.25,9.34
00-0040779,Phil Lutz,,WR,,0,prior,9.7,14.37,14.99,13.66,6.91,14.84,11.8,10.7,8.61,9.41,6.28,7.37,11.67,10.4,11.05,11.39,2.94,2.39,2.68,4.92,1.78,2.44,1.28,7.11,7.71,12.37,11.07,6.32,6.75,8.0,8.16,2.37,2.91,1.57,4.86,3.12,2.18,2.03,4.14,2.57,2.9,3.98,3.72,2.77,1.76,2.56,3.14,2.47,9.11
00-0038873,Pokey Wilson,,WR,,0,prior,8.2,15.31,15.65,14.88,5.21,14.36,11.8,9.67,7.03,5.95,6.77,12.56,15.84,10.4,11.05,11.39,3.3,3.09,5.07,1.0,4.32,1.53,2.22,14.78,4.13,13.28,11.97,5.67,3.83,3.83,3.81,3.26,1.8,2.98,2.36,4.4,4.21,4.73,2.77,3.42,2.17,3.43,3.48,1.85,3.34,3.72,3.41,3.13,17.31
00-0040553,Quincy Skinner Jr.,,WR,,0,prior,9.7,14.18,14.86,13.42,7.25,14.94,11.8,9.94,8.41,11.16,5.73,14.19,7.93,10.4,11.05,11.39,3.53,4.12,2.74,3.36,3.5,2.96,1.23,7.11,7.71,12.37,11.07,6.32,6.75,8.0,8.16,2.41,2.87,2.62,1.58,3.23,2.13,3.37,2.52,1.27,2.86,3.41,1.7,1.0,4.05,2.93,3.28,1.03,9.04
00-0036277,Quintez Cephus,,WR,,21,prior,7.8,10.31,13.14,11.63,12.0,16.4,11.8,9.8,6.46,4.74,10.33,7.81,9.49,7.02,15.03,11.39,1.46,2.08,2.85,3.46,3.31,1.92,1.59,10.39,5.26,11.82,10.51,7.75,3.99,4.71,5.73,4.52,1.49,4.0,3.31,2.61,4.4,2.2,3.28,3.51,4.06,2.32,2.46,2.56,1.39,2.7,2.21,2.32,11.47
00-0038821,Rakim Jarrett,,WR,,266,measured,9.7,15.7,15.7,13.95,6.5,14.62,11.8,9.65,5.4,9.78,9.53,8.93,14.06,5.66,14.67,8.39,2.86,3.68,4.7,1.57,2.79,2.22,2.45,7.6,6.83,10.07,8.76,7.65,6.45,7.74,4.56,3.82,3.22,3.17,3.5,4.98,2.93,1.66,4.15,3.83,3.53,3.55,2.99,2.3,1.75,4.46,2.03,2.73,10.12
00-0040376,Rashod Owens,,WR,,0,prior,9.4,13.36,14.27,12.2,8.95,15.43,11.8,8.62,9.17,6.46,3.58,9.85,12.65,10.4,11.05,11.39,2.7,1.0,1.0,2.59,4.08,3.1,2.17,7.11,7.71,12.37,11.07,6.32,6.75,8.0,8.16,2.16,1.17,3.63,4.47,3.22,5.03,2.37,3.6,2.38,4.7,3.59,3.66,1.96,2.71,2.39,3.34,2.71,8.71
00-0034054,River Cracraft,,WR,,291,measured,10.5,13.5,13.93,12.61,7.21,14.11,11.8,11.27,9.43,13.47,10.4,12.56,15.04,12.61,5.34,5.29,3.8,2.22,1.56,3.0,4.86,2.21,3.24,7.39,7.39,11.22,9.91,12.61,7.79,7.32,7.43,4.09,4.46,3.22,1.0,3.68,2.67,2.36,4.2,4.23,3.73,2.45,2.07,4.26,2.63,4.07,2.48,3.78,9.37
00-0040502,Robert Lewis,,WR,,0,prior,9.9,14.82,15.3,14.25,6.1,14.61,11.8,10.54,11.62,8.7,9.35,14.65,8.52,10.4,11.05,11.39,4.44,4.42,4.53,2.42,4.3,3.93,2.72,7.11,7.71,12.37,11.07,6.32,6.75,8.0,8.16,4.68,2.77,1.0,1.5,3.33,2.9,3.1,4.11,3.78,3.67,4.57,3.14,4.39,1.76,1.29,3.01,1.7,9.3
00-0030431,Robert Woods,,WR,,1111,measured,10.6,12.33,11.48,9.31,7.0,11.23,11.8,14.56,8.3,13.77,11.35,7.94,14.65,7.94,7.57,16.36,5.55,3.93,1.32,4.05,1.84,3.04,3.24,4.14,4.2,5.05,3.75,11.56,14.83,9.15,8.78,3.73,1.84,3.69,4.3,3.98,2.8,1.91,2.99,3.13,4.22,2.25,3.17,3.65,3.43,3.16,4.38,4.37,8.6
00-0040778,Roderick Daniels Jr.,,WR,,0,prior,9.9,14.89,15.36,14.34,5.96,14.57,11.8,8.45,8.51,8.31,6.53,11.34,11.95,10.4,11.05,11.39,3.75,3.58,3.61,4.02,4.03,1.97,2.9,7.11,7.71,12.37,11.07,6.32,6.75,8.0,8.16,3.74,3.7,2.73,1.26,2.87,2.8,3.11,3.93,4.6,2.45,4.06,2.99,1.78,3.39,4.26,2.95,3.08,9.33
00-0037098,Samori Toure,,WR,,135,measured,9.8,14.74,15.25,14.15,6.23,14.65,11.8,10.07,8.83,5.96,7.19,9.14,12.04,13.75,11.05,11.39,1.41,1.98,3.83,3.97,2.81,2.61,1.66,7.51,5.32,8.93,7.62,7.08,4.89,8.49,8.72,2.0,1.99,3.63,3.0,2.46,3.88,2.23,3.82,4.36,4.63,3.42,2.24,3.99,1.97,3.71,4.15,1.89,9.85
00-0034928,Steven Sims,,WR,,134,measured,10.1,15.31,15.25,14.11,6.17,14.46,11.8,11.34,9.84,7.25,7.98,13.99,9.85,7.88,15.26,4.77,1.79,3.93,3.36,3.06,4.51,4.02,1.0,8.33,5.53,9.84,8.53,9.18,5.4,7.51,7.71,3.02,2.71,4.36,3.05,5.64,3.68,2.49,3.42,1.0,2.38,2.77,2.37,3.57,1.83,2.98,3.89,2.76,11.57
00-0038502,T.J. Luther,,WR,,0,prior,8.1,15.24,15.37,14.24,6.15,14.59,11.8,8.98,6.26,9.21,10.59,11.29,13.69,10.4,11.05,11.39,3.53,3.22,2.14,2.81,3.24,5.02,2.55,14.78,4.13,13.28,11.97,5.67,3.83,3.83,3.81,3.06,4.57,4.28,2.17,2.42,2.75,2.68,5.01,3.38,3.21,3.42,3.64,2.34,3.59,2.26,1.0,4.57,17.28
00-0040627,T.J. Sheffield,,WR,,0,prior,9.9,14.74,15.25,14.15,6.23,14.65,11.8,10.78,5.97,8.58,6.37,13.03,9.8,10.4,11.05,11.39,1.72,3.11,2.13,2.5,2.21,2.94,4.27,7.11,7.71,12.37,11.07,6.32,6.75,8.0,8.16,3.6,2.74,3.03,4.32,2.94,2.79,3.51,1.78,2.59,3.61,4.41,2.4,1.37,4.51,2.84,3.02,2.25,9.27
00-0037524,Tay Martin,,WR,,7,prior,9.0,14.78,15.5,14.74,5.37,14.44,11.8,9.85,8.5,7.63,7.63,11.48,12.37,15.68,11.05,11.39,2.19,3.19,2.31,1.0,3.14,3.16,3.13,10.57,6.98,12.72,11.41,6.83,3.87,5.57,6.19,5.41,3.48,1.89,3.52,3.6,3.18,2.87,1.86,2.66,1.27,1.47,3.79,2.77,2.22,2.89,1.6,1.58,15.35
00-0040030,Taylor Morin,,WR,,0,prior,9.9,14.93,15.38,14.39,5.89,14.55,11.8,8.64,6.67,6.49,6.21,12.39,5.5,10.4,11.05,11.39,2.12,2.66,3.36,1.78,4.21,4.3,3.68,7.11,7.71,12.37,11.07,6.32,6.75,8.0,8.16,2.53,1.0,1.53,5.07,2.69,4.63,5.2,3.38,5.1,4.3,4.63,1.7,1.95,2.8,1.64,2.54,2.86,9.34
00-0039701,Terique Owens,,WR,,0,prior,7.9,14.25,15.14,14.06,6.32,14.71,11.8,9.28,5.55,9.64,5.96,7.39,10.56,10.4,11.05,11.39,2.45,1.02,1.6,2.62,2.89,3.15,2.65,14.87,4.3,13.42,12.12,5.31,3.82,3.82,3.83,2.13,4.34,4.15,2.84,3.31,3.44,4.34,2.44,4.29,3.72,3.64,2.89,1.5,2.55,2.72,4.54,2.14,16.72
00-0035341,Trenton Irwin,,WR,,515,measured,9.6,13.48,14.28,13.0,7.09,14.42,11.8,12.47,11.76,7.18,8.98,10.12,12.18,17.5,11.05,11.39,3.4,3.5,4.59,3.61,3.86,4.91,2.27,6.19,7.24,12.22,10.91,10.44,8.35,5.5,5.12,1.58,3.23,3.52,3.42,4.21,3.98,3.65,3.61,3.74,3.08,2.51,2.68,4.07,3.97,3.28,1.84,3.3,8.98
00-0040350,Tyler Kahmann,,WR,,0,prior,9.7,14.14,14.83,13.37,7.32,14.96,11.8,8.29,7.42,6.66,6.82,11.75,10.49,10.4,11.05,11.39,2.92,3.22,1.94,2.52,4.64,2.3,2.91,7.11,7.71,12.37,11.07,6.32,6.75,8.0,8.16,2.96,3.67,2.31,4.93,3.25,4.91,1.0,3.26,4.54,2.52,3.77,2.86,2.95,4.01,2.55,2.36,2.79,9.02
00-0040099,Xavier Guillory,,WR,,0,prior,9.7,14.37,14.99,13.66,6.91,14.84,11.8,7.78,10.62,9.24,4.17,11.91,8.4,10.4,11.05,11.39,3.3,2.67,1.31,3.26,1.96,3.74,2.85,7.11,7.71,12.37,11.07,6.32,6.75,8.0,8.16,4.13,4.03,4.91,3.98,3.6,2.97,2.22,4.27,3.46,3.61,4.49,3.8,2.03,2.78,4.11,2.06,3.22,9.11
00-0039473,Xavier Johnson,,WR,,0,prior,7.7,13.99,14.73,13.18,7.59,15.04,11.8,8.37,4.71,4.82,7.35,7.78,9.67,10.4,11.05,11.39,2.07,5.41,3.22,2.75,1.17,3.43,3.23,14.87,4.3,13.42,12.12,5.31,3.82,3.82,3.83,3.71,3.8,4.63,5.65,3.12,4.08,2.83,2.85,1.89,3.83,2.65,1.06,3.43,3.84,3.15,2.84,5.05,16.61
00-0035258,Hjalte Froholdt,ARI,C,1.0,1952,measured,14.1,3.64,5.24,7.99,15.7,7.68,11.8,12.67,15.0,9.66,9.22,13.95,13.15,17.5,11.05,15.42,4.33,1.77,3.39,2.37,1.0,3.52,2.04,3.89,5.25,3.31,3.8,2.7,2.72,4.5,3.24,17.32,12.97,2.1,3.63,2.44,1.0,1.65,4.48,1.5,2.49,2.28,3.11,3.9,3.9,2.7,3.97,4.69,3.65
00-0038571,Jon Gaines II,ARI,C,2.0,18,prior,12.1,4.02,5.73,6.74,13.05,8.36,11.8,10.49,6.11,10.6,6.31,13.35,16.46,12.99,11.05,11.39,3.07,2.75,1.97,3.65,2.98,3.92,2.36,1.79,2.91,1.34,2.03,1.98,2.75,3.04,3.64,10.74,15.52,2.21,1.89,2.58,4.29,3.87,2.57,3.38,2.98,3.21,3.64,3.33,3.42,2.98,5.1,3.74,3.67
00-0039676,Chigozie Anusiem,ARI,CB,,7,prior,8.3,14.99,15.79,14.22,6.83,15.19,11.8,8.51,9.78,8.78,4.07,11.04,11.4,12.99,11.05,11.39,2.66,3.02,3.83,5.56,2.02,1.41,5.1,2.69,4.53,3.13,3.2,1.13,3.86,2.78,2.28,2.73,3.48,4.37,3.17,2.08,3.89,8.06,12.21,17.24,3.95,3.95,10.21,3.95,2.71,1.71,1.37,3.66,9.7
00-0040195,Denzel Burke,ARI,CB,2.0,0,prior,9.8,14.77,15.5,13.89,7.03,15.02,11.8,8.92,8.3,10.59,7.73,12.9,14.13,10.4,11.05,11.39,1.87,3.3,2.37,4.71,1.6,3.55,3.57,2.42,4.56,3.95,2.37,3.25,4.19,4.61,4.66,3.97,3.13,2.37,1.94,3.71,2.91,6.89,11.33,14.51,7.12,7.12,10.27,6.15,2.55,3.61,3.34,3.97,12.35
00-0039823,Elijah Jones,ARI,CB,2.0,0,prior,8.4,15.7,17.43,13.94,6.39,18.99,11.8,9.09,6.67,7.19,7.94,16.31,11.74,4.21,4.18,11.39,3.0,1.95,2.3,2.45,1.31,2.9,3.35,2.4,3.57,3.36,2.27,2.3,3.29,2.11,3.17,3.12,3.41,4.84,3.9,2.15,4.05,7.25,11.03,17.62,3.98,3.98,10.08,3.96,2.5,4.28,2.54,1.78,5.48
00-0039007,Garrett Williams,ARI,CB,1.0,960,measured,11.7,15.09,15.58,13.71,7.12,14.93,11.8,10.31,9.72,10.04,8.4,9.24,11.35,7.42,18.76,17.22,2.79,2.44,1.54,3.34,4.29,4.11,2.79,5.79,2.55,3.24,2.62,2.39,3.91,3.21,3.38,3.49,2.81,3.49,2.33,3.71,3.7,5.61,10.71,12.36,9.96,9.96,10.3,12.15,4.16,2.7,2.92,4.21,12.28
00-0038984,Kei'Trel Clark,ARI,CB,2.0,393,measured,10.3,16.16,15.7,14.0,6.79,13.94,11.8,9.25,10.94,10.05,7.29,8.97,13.99,14.69,11.05,6.88,2.73,3.56,2.08,3.86,4.17,2.01,2.74,4.54,4.81,3.92,2.39,3.46,3.24,3.55,2.97,2.71,2.32,2.69,3.79,1.95,3.65,8.49,13.38,15.24,7.32,7.32,10.2,6.86,1.34,2.03,3.29,3.51,11.92
00-0039807,Max Melton,ARI,CB,1.0,529,measured,12.6,16.86,18.54,13.83,6.95,18.4,11.8,9.07,8.47,14.97,9.03,10.39,6.74,12.99,11.05,15.42,2.03,2.75,3.44,3.53,2.75,5.21,3.33,3.1,2.85,3.49,2.9,3.53,2.68,3.0,3.33,4.12,4.13,2.15,4.16,4.42,2.77,5.99,9.12,16.21,11.66,11.66,10.25,9.01,5.11,4.05,2.41,2.79,9.59
00-0035239,Sean Murphy-Bunting,ARI,CB,3.0,1407,measured,11.0,16.09,16.61,13.96,7.0,17.94,11.8,11.79,9.59,7.68,9.77,8.57,8.36,8.0,7.62,16.32,4.57,3.86,1.0,2.46,1.86,3.84,1.4,1.83,2.41,3.21,3.5,2.21,5.0,3.35,3.19,3.81,1.56,3.56,4.84,3.35,2.93,7.32,6.62,12.51,8.12,8.12,10.26,12.9,2.53,3.27,1.39,2.96,6.32
00-0038663,Starling Thomas V,ARI,CB,3.0,1075,measured,9.1,15.06,15.56,13.81,7.28,15.0,11.8,10.02,2.37,6.6,6.31,8.22,9.56,8.58,15.3,11.39,1.2,1.69,2.03,2.58,3.02,2.33,4.76,1.12,2.42,2.4,2.4,2.3,4.73,2.57,1.33,1.83,2.26,3.04,1.43,3.71,3.64,2.91,6.44,10.96,6.18,6.18,10.35,5.28,5.3,4.29,4.13,2.32,14.56
00-0040751,Will Johnson,ARI,CB,1.0,0,prior,11.8,14.96,15.86,14.37,6.68,15.25,11.8,10.55,8.62,9.57,7.27,9.72,14.08,10.4,11.05,11.39,3.48,3.19,2.88,3.43,2.52,2.76,2.13,1.59,1.0,1.0,1.72,2.24,2.13,2.52,2.79,2.49,2.61,4.08,4.37,2.94,3.5,8.59,10.08,14.1,10.69,10.69,10.17,9.36,2.62,1.72,2.57,3.1,10.22
00-0026190,Calais Campbell,ARI,DT,1.0,1257,measured,15.0,2.28,4.01,4.43,8.0,6.34,11.8,15.47,13.61,15.28,13.89,15.57,13.15,7.99,14.83,6.67,2.59,3.64,1.87,1.66,2.45,3.22,2.11,3.16,3.52,2.33,4.03,3.25,2.92,4.06,3.19,3.19,3.34,3.01,16.52,15.67,18.44,19.13,17.04,7.12,3.25,2.18,1.99,2.9,3.76,1.81,3.59,2.5,2.25
00-0033546,Dalvin Tomlinson,ARI,DT,1.0,1198,measured,13.4,2.89,5.43,5.91,13.42,7.3,11.8,12.84,11.69,9.56,11.39,8.55,13.59,14.06,5.75,4.91,2.95,2.64,2.48,2.69,2.5,3.38,2.57,3.83,1.44,1.86,5.0,2.4,2.69,3.21,3.45,4.48,4.98,3.03,14.88,12.26,16.2,15.39,7.21,4.14,3.1,2.9,3.86,3.9,3.24,3.13,3.32,3.37,2.38
00-0039935,Denzel Daxon,ARI,DT,,0,prior,6.2,4.73,5.81,4.66,13.85,8.34,11.8,7.42,5.4,6.19,6.09,10.26,10.21,10.4,11.05,11.39,3.21,6.04,2.29,2.04,4.5,1.52,2.8,3.4,2.81,4.83,3.5,1.93,2.43,3.83,2.57,2.12,3.01,4.77,5.11,2.97,4.79,5.15,3.79,12.07,3.09,4.38,1.53,3.54,2.84,2.73,2.92,2.37,4.19
00-0040384,Elijah Simmons,ARI,DT,,0,prior,9.0,3.13,4.06,2.58,14.49,7.0,11.8,7.37,9.31,8.33,5.99,11.11,9.8,10.4,11.05,11.39,1.82,2.09,3.99,3.18,2.9,3.39,3.82,1.62,3.27,3.05,4.16,1.13,2.04,3.06,2.4,2.97,2.56,3.0,8.95,6.03,8.39,8.91,8.59,8.21,3.31,3.88,2.96,4.24,1.0,2.57,3.81,3.24,4.52
00-0034677,Justin Jones,ARI,DT,4.0,894,measured,12.1,5.11,5.78,4.87,12.46,8.27,11.8,14.42,10.91,8.89,11.6,13.21,7.49,6.8,4.97,14.14,3.13,1.02,2.42,3.92,3.48,2.78,3.76,1.95,2.2,1.38,1.9,2.86,1.3,2.94,3.0,1.97,2.95,1.49,11.85,10.34,14.1,13.81,11.51,6.35,2.05,2.79,3.43,2.61,3.39,2.54,3.39,3.5,2.38
00-0035636,L.J. Collier,ARI,DT,2.0,628,measured,10.9,7.17,9.74,4.98,12.92,10.31,11.8,10.58,8.31,8.11,10.69,13.27,11.24,5.1,14.38,11.39,3.33,3.2,1.86,3.46,1.39,2.9,1.78,3.5,3.24,3.66,3.31,2.42,2.25,2.32,3.2,3.58,2.47,1.0,13.02,12.06,11.82,9.05,4.45,8.63,1.47,3.26,3.86,3.08,1.72,2.91,2.01,2.79,4.98
00-0038795,PJ Mustipher,ARI,DT,2.0,27,prior,5.7,1.0,2.29,2.37,9.5,6.9,11.8,7.19,3.78,4.23,6.63,14.41,8.82,12.41,11.05,11.39,3.04,4.07,2.4,3.44,1.79,2.73,2.99,1.44,2.87,3.94,1.82,2.48,3.58,2.61,5.04,1.68,3.5,2.57,5.28,3.37,5.45,5.92,5.33,10.51,2.13,3.87,2.33,4.0,2.97,2.69,3.99,3.07,2.83
00-0040706,Walter Nolen,ARI,DT,3.0,0,prior,11.1,5.82,7.14,6.63,12.86,9.3,11.8,10.84,9.05,8.26,4.74,11.74,9.21,10.4,11.05,11.39,3.42,3.4,3.3,3.91,3.5,1.0,3.82,2.68,2.39,3.08,4.39,2.75,3.13,2.96,4.18,2.03,1.59,2.62,13.33,11.92,11.85,9.33,8.2,9.62,2.56,1.85,2.91,1.38,2.46,3.11,3.27,3.63,2.51
00-0039783,Anthony Goodlow,ARI,EDGE,,0,prior,6.1,8.7,10.28,9.41,12.06,12.12,11.8,7.59,5.59,1.53,9.91,14.27,9.21,10.4,11.05,11.39,3.19,2.61,3.27,1.84,5.38,1.89,1.9,4.04,4.58,4.37,5.55,1.0,4.06,3.7,3.52,2.58,3.33,3.97,5.1,4.13,4.62,4.62,3.62,9.87,5.8,6.8,5.37,2.81,2.08,2.8,2.9,4.09,2.82
00-0034387,Bilal Nichols,ARI,EDGE,3.0,893,measured,8.5,6.99,8.02,6.69,14.77,10.31,11.8,10.69,7.18,9.77,9.54,8.93,12.76,11.93,5.9,7.13,3.11,4.1,1.72,3.31,2.17,4.34,4.55,3.17,4.13,3.05,4.37,4.25,4.94,3.7,3.28,2.11,1.65,1.99,6.45,3.94,10.11,14.66,10.89,7.64,5.8,6.8,2.08,3.26,1.21,3.94,3.92,1.39,3.84
00-0038623,Dante Stills,ARI,EDGE,2.0,846,measured,8.1,8.67,9.58,8.65,10.0,9.45,11.8,8.37,5.85,4.66,7.79,14.27,9.94,12.58,15.13,17.41,2.66,3.6,4.39,3.58,4.78,1.82,2.0,3.09,3.74,2.43,3.01,3.86,3.61,2.91,3.64,3.38,3.13,2.52,7.52,7.27,4.93,7.63,14.57,10.48,5.8,6.8,1.0,3.44,3.19,1.64,3.6,2.83,4.74
00-0039854,Darius Robinson,ARI,EDGE,1.0,172,measured,9.2,7.33,8.47,8.7,10.67,12.64,11.8,9.72,8.06,6.1,7.06,12.38,12.76,5.24,4.05,7.95,2.11,4.17,4.62,2.33,3.34,2.97,2.29,3.27,3.05,2.79,3.77,2.4,3.41,4.6,2.69,2.15,3.02,2.98,9.99,9.04,10.17,9.29,6.91,8.6,5.8,6.8,3.67,2.92,2.47,2.92,3.5,2.76,3.0
00-0040137,Jordan Burch,ARI,EDGE,2.0,0,prior,9.1,11.23,11.06,8.5,12.69,11.64,11.8,9.16,6.26,10.37,5.18,10.38,6.25,10.4,11.05,11.39,2.83,2.51,2.93,1.66,2.84,1.9,4.94,3.07,2.54,5.04,3.17,2.74,3.47,1.35,3.04,2.57,3.57,5.3,8.54,8.24,7.24,7.82,8.9,12.38,5.8,6.8,3.16,3.21,2.27,2.46,3.14,4.71,3.54
00-0034381,Josh Sweat,ARI,EDGE,1.0,1364,measured,13.6,13.52,14.71,12.26,10.28,16.72,11.8,13.37,13.47,11.03,9.32,13.31,12.78,8.6,14.91,14.14,4.36,2.61,3.07,2.78,1.69,2.78,2.9,4.11,4.31,1.79,4.14,3.74,1.81,4.71,3.35,3.53,2.82,2.2,14.55,15.89,11.88,10.8,13.38,10.13,5.8,6.8,3.37,3.11,1.88,2.95,3.27,2.38,4.19
00-0039367,Xavier Thomas,ARI,EDGE,3.0,195,measured,8.6,12.0,12.99,11.51,13.39,12.78,11.8,8.63,7.97,8.09,7.54,8.85,12.08,12.99,11.05,15.42,1.54,4.15,2.8,1.06,3.79,1.0,2.7,1.97,3.28,3.49,1.3,4.36,3.62,4.18,2.52,3.99,1.0,4.92,6.76,6.48,6.94,7.83,6.99,14.41,5.8,6.8,1.83,4.31,3.77,3.95,4.62,3.71,4.67
00-0038567,Chad Ryland,ARI,K,1.0,52,measured,8.1,10.35,11.27,10.24,9.64,12.42,8.26,6.12,6.42,2.75,9.42,9.41,11.9,14.69,11.05,11.39,4.55,3.58,1.0,1.77,3.63,2.36,3.33,2.16,2.55,2.95,3.1,2.66,3.66,4.42,1.7,2.1,1.0,3.1,1.76,3.18,2.99,3.79,2.89,1.0,2.25,1.46,3.46,2.78,8.21,8.03,2.63,1.65,2.76
00-0036298,Akeem Davis-Gaither,ARI,LB,1.0,651,measured,13.4,12.43,13.33,11.82,10.67,13.36,11.8,12.75,11.33,10.61,11.27,17.5,10.37,12.56,13.76,14.05,4.03,2.09,3.23,1.65,1.51,3.0,1.56,4.7,1.95,1.0,1.74,3.56,2.77,1.15,3.86,2.56,3.13,2.82,8.95,9.0,14.08,15.54,15.97,15.49,8.8,10.3,1.65,5.79,3.62,2.67,3.6,1.64,2.51
00-0039155,BJ Ojulari,ARI,LB,3.0,271,measured,9.6,11.75,14.35,13.17,11.27,13.62,11.8,8.32,6.4,5.68,5.03,5.34,15.17,12.41,11.05,11.39,2.58,2.43,3.63,2.06,4.53,3.75,1.0,2.49,2.93,3.21,3.78,1.97,1.54,3.61,4.44,3.14,4.23,3.0,15.36,14.96,8.33,7.29,7.57,13.91,7.99,9.49,2.48,5.13,2.47,3.89,2.14,3.58,2.94
00-0036995,Baron Browning,ARI,LB,2.0,862,measured,11.0,12.74,15.68,15.68,12.0,17.81,11.8,10.03,7.47,6.77,8.25,12.79,12.93,6.47,17.96,16.7,3.67,1.74,1.26,3.08,3.09,1.99,3.63,3.89,2.57,1.0,6.14,3.05,3.93,2.65,1.0,3.4,3.14,3.68,17.19,17.09,11.69,10.46,6.73,10.29,12.69,14.19,3.26,8.36,4.29,5.22,1.63,3.05,4.05
00-0040645,Cody Simon,ARI,LB,2.0,0,prior,10.5,12.01,12.99,12.58,10.33,13.55,11.8,8.76,5.45,9.74,4.73,10.59,14.53,10.4,11.05,11.39,4.9,3.0,2.18,3.85,2.01,3.05,2.84,2.73,2.25,2.34,3.34,3.64,2.03,2.38,1.87,1.2,3.72,2.01,7.14,7.16,10.02,11.26,11.07,13.07,8.77,10.27,5.28,5.82,3.12,5.67,4.06,1.98,4.77
00-0039956,Elliott Brown,ARI,LB,,0,prior,8.6,13.13,14.55,13.07,7.86,13.88,11.8,7.33,6.81,4.49,5.48,11.99,11.83,10.4,11.05,11.39,3.53,5.32,1.38,4.51,3.94,3.17,3.71,3.71,2.57,2.95,3.45,4.9,3.09,3.9,2.69,2.35,3.11,2.86,13.87,15.15,5.12,6.6,8.17,12.92,4.1,5.6,1.85,2.03,5.05,2.32,3.19,4.3,3.25
00-0037491,J.J. Russell,ARI,LB,3.0,295,measured,10.4,12.05,12.81,11.7,10.12,13.25,11.8,9.32,6.08,8.23,10.49,4.8,10.77,8.34,14.68,7.95,2.32,4.58,3.26,3.03,1.65,2.6,2.61,2.83,2.38,1.4,2.58,3.04,3.37,1.59,2.98,2.66,1.18,4.6,9.92,10.03,10.75,10.76,9.71,15.48,6.12,7.62,1.05,5.75,2.85,3.43,4.3,1.57,1.66
00-0040395,Jared Bartlett,ARI,LB,,0,prior,11.7,11.98,12.95,12.66,10.45,13.57,11.8,8.53,8.2,8.41,4.52,8.69,9.26,10.4,11.05,11.39,3.97,2.2,4.01,4.83,3.31,2.46,2.84,2.96,4.43,2.49,3.11,1.43,2.97,2.98,2.82,5.93,3.48,4.44,6.96,6.93,13.17,12.69,13.24,15.46,8.96,10.46,2.57,9.27,2.18,5.11,3.5,1.06,3.86
00-0035144,Mack Wilson,ARI,LB,1.0,1004,measured,13.0,11.79,12.14,12.23,11.07,12.14,11.8,12.01,9.99,10.13,12.15,11.9,11.54,8.39,14.71,14.19,2.81,2.11,2.66,3.49,1.57,4.99,2.26,1.62,3.04,4.98,2.88,5.23,1.5,2.95,1.56,4.44,1.0,3.69,15.45,15.14,12.54,13.74,11.13,14.3,13.26,14.76,1.88,8.74,3.86,2.44,2.16,4.15,3.06
00-0038600,Owen Pappoe,ARI,LB,2.0,201,measured,10.5,16.86,17.06,11.31,14.77,15.04,11.8,9.78,8.56,8.73,7.8,8.83,9.59,13.68,15.76,14.83,3.91,3.91,2.58,2.94,5.29,3.38,2.16,3.33,2.25,2.13,2.84,1.58,1.78,2.56,3.93,2.64,1.63,3.56,7.24,7.4,8.27,9.65,10.5,14.89,6.95,8.45,3.31,3.99,4.6,2.38,2.5,3.13,2.53
00-0036933,Zaven Collins,ARI,LB,1.0,1406,measured,10.3,11.23,13.1,13.84,9.5,14.15,11.8,7.96,9.98,8.53,9.25,8.56,14.11,16.25,14.8,14.38,1.89,2.89,2.78,3.13,2.91,3.35,2.57,3.21,3.43,4.56,3.23,3.24,2.47,1.8,2.89,6.47,3.38,3.86,13.73,13.78,9.16,11.38,9.64,10.44,9.06,10.56,1.77,8.49,3.65,1.66,2.22,2.73,2.73
00-0028946,Aaron Brewer,ARI,LS,1.0,4,prior,10.1,8.05,8.9,8.49,9.53,10.34,12.31,14.22,7.88,9.7,14.87,12.8,11.48,17.5,11.05,11.39,2.83,3.39,3.54,3.51,3.58,2.96,4.11,3.15,2.51,2.11,4.53,1.7,1.48,3.99,1.0,1.84,2.41,4.3,3.85,2.45,2.47,1.25,2.29,2.6,2.33,3.08,3.25,3.63,3.37,2.95,2.87,2.1,2.36
00-0034495,Evan Brown,ARI,OG,1.0,1905,measured,12.0,4.2,5.56,4.4,13.33,8.07,11.8,12.22,7.34,5.44,12.44,10.84,13.92,14.35,5.6,17.7,3.55,2.4,2.88,2.24,4.72,2.62,4.81,3.14,3.04,3.59,3.73,3.67,1.28,1.53,1.98,11.23,15.06,4.04,3.87,2.08,3.62,3.64,1.89,4.54,3.17,3.32,4.12,4.6,2.72,4.85,2.01,2.64,2.96
00-0040219,Hayden Conner,ARI,OG,3.0,0,prior,11.4,3.98,5.89,3.82,12.74,8.64,11.8,9.49,8.58,8.57,5.89,11.12,12.05,10.4,11.05,11.39,2.85,2.05,3.59,1.0,2.43,2.01,2.3,1.94,3.65,4.43,3.1,4.62,3.13,4.03,1.61,11.13,13.83,3.57,2.71,3.73,3.51,3.53,2.96,2.68,1.11,2.88,3.24,2.45,1.0,4.11,3.78,3.31,2.67
00-0039808,Isaiah Adams,ARI,OG,1.0,415,measured,12.3,3.7,4.85,5.55,13.16,5.65,11.8,10.26,8.34,11.07,7.5,12.44,4.99,8.68,14.85,15.42,2.1,3.6,2.63,1.97,3.27,4.43,3.63,3.01,3.93,4.08,4.78,1.76,3.39,3.45,2.16,17.06,9.44,3.46,2.79,3.73,2.99,2.88,3.43,1.0,3.02,4.13,4.2,3.49,1.95,2.18,3.51,1.01,3.65
00-0036105,Nick Leverett,ARI,OG,,428,measured,12.6,4.29,5.83,5.01,13.14,8.4,11.8,9.83,10.95,10.75,9.73,10.01,10.6,17.5,11.05,7.95,3.33,2.84,4.19,4.28,3.32,3.75,1.48,1.87,1.0,3.83,3.5,2.93,2.76,3.06,2.72,14.03,14.05,2.45,2.11,1.32,2.02,2.94,3.48,4.34,3.06,4.78,3.53,3.19,3.77,2.7,3.02,4.9,3.6
00-0034346,Will Hernandez,ARI,OG,2.0,1328,measured,15.0,3.96,5.03,6.22,18.29,4.94,11.8,13.5,10.45,13.87,10.13,14.2,16.37,17.5,11.05,17.02,3.19,2.76,2.77,4.1,2.64,1.95,4.95,2.65,4.05,2.74,4.01,2.17,1.0,3.48,1.02,15.4,16.48,3.65,3.08,3.71,4.33,3.79,3.02,5.22,2.57,4.66,1.51,2.58,1.96,3.05,3.12,2.89,2.82
00-0039382,Christian Jones,ARI,OT,3.0,65,prior,10.4,6.13,6.44,3.13,11.32,7.79,11.8,8.98,6.11,4.74,6.09,10.37,9.01,12.99,11.05,4.19,4.09,2.99,4.1,2.69,2.01,3.13,3.26,3.34,2.35,3.73,2.79,3.46,1.0,3.19,2.89,11.64,12.01,1.63,3.39,2.78,3.56,2.63,3.27,1.88,2.11,2.84,3.19,2.38,2.91,2.15,2.38,2.99,4.73
00-0038792,Demontrey Jacobs,ARI,OT,,785,measured,9.9,4.06,5.9,5.0,11.94,8.41,11.8,7.74,5.5,7.02,8.72,9.76,15.12,12.99,11.05,11.39,4.06,3.6,2.56,3.99,3.39,2.95,1.56,3.31,3.45,2.57,3.49,2.81,1.19,4.79,3.25,10.33,11.16,1.54,2.36,1.6,3.03,5.9,1.86,3.73,3.82,5.43,2.36,3.39,2.32,2.39,1.97,4.68,1.38
00-0036795,Jake Curhan,ARI,OT,,438,measured,10.8,3.48,5.16,4.15,11.11,7.74,11.8,8.38,4.93,8.32,8.75,17.09,12.59,17.5,11.05,14.83,3.13,2.98,3.83,2.94,1.95,3.79,2.05,3.21,3.66,1.53,3.02,1.48,2.29,3.26,4.32,16.86,9.35,2.99,4.12,5.8,1.08,3.35,2.96,3.09,1.52,2.33,4.11,1.32,3.96,2.16,4.16,2.29,2.5
00-0040380,Jeremiah Byers,ARI,OT,,0,prior,10.4,4.1,5.53,4.13,11.81,8.06,11.8,8.11,8.13,6.44,5.02,14.0,16.75,10.4,11.05,11.39,4.27,2.33,3.79,2.38,4.37,3.46,1.83,2.37,5.49,3.53,1.85,2.44,2.24,3.14,3.52,12.57,11.2,2.76,4.39,1.71,1.68,3.07,3.64,3.67,1.0,2.2,3.59,3.35,1.0,2.11,2.34,2.11,3.52
00-0035629,Jonah Williams,ARI,OT,1.0,1475,measured,13.1,5.07,5.13,3.63,12.0,7.63,11.8,13.51,12.89,9.26,11.34,5.12,10.99,5.14,15.67,14.2,2.06,3.03,3.37,5.36,3.07,3.29,3.16,3.22,2.34,2.98,2.08,3.98,3.37,4.64,4.38,13.64,16.71,4.02,2.93,2.99,2.52,1.3,4.08,2.08,3.21,4.17,3.83,2.29,4.04,2.73,2.45,2.95,2.17
00-0040382,Josh Fryar,ARI,OT,2.0,0,prior,10.2,4.18,5.85,4.74,12.03,8.37,11.8,7.8,6.26,5.2,5.39,12.4,8.9,10.4,11.05,11.39,2.17,1.65,3.2,4.21,3.05,4.07,2.49,2.82,1.97,2.77,4.32,4.08,1.7,2.77,3.28,11.64,11.08,3.32,3.28,3.67,1.5,5.0,1.52,1.35,3.43,2.77,2.58,3.86,2.09,4.9,4.7,3.77,3.28
00-0029316,Kelvin Beachum,ARI,OT,2.0,1313,measured,12.4,1.0,1.0,2.49,9.5,5.51,11.8,12.24,7.65,6.75,10.56,14.75,10.54,7.35,14.27,6.42,4.77,4.33,3.7,3.05,4.34,2.9,2.1,2.91,4.48,3.13,2.6,2.92,3.06,2.09,2.82,17.89,13.79,3.1,5.13,1.44,3.46,1.0,2.12,3.5,2.8,2.79,2.98,2.36,2.31,1.04,3.68,3.68,3.33
00-0038540,Paris Johnson Jr.,ARI,OT,1.0,1522,measured,13.1,4.06,6.63,5.0,11.94,8.85,11.8,10.63,7.17,10.68,9.52,8.23,9.12,12.02,15.98,14.83,3.15,2.97,1.0,3.04,1.37,3.83,2.74,1.83,4.41,1.0,2.72,1.47,3.05,2.03,1.36,18.39,13.11,4.96,3.95,2.41,5.79,2.09,3.2,3.29,1.93,3.08,4.26,1.46,1.0,3.07,4.77,1.0,1.35
00-0040765,Valentin Senn,ARI,OT,3.0,0,prior,10.6,4.11,6.17,5.55,12.08,8.67,11.8,7.63,8.45,6.52,4.73,12.77,11.22,10.4,11.05,11.39,2.94,3.31,2.84,2.54,6.35,2.08,4.4,3.96,2.35,4.7,3.62,1.41,3.08,1.65,4.27,12.57,11.2,4.3,2.81,3.78,2.88,4.47,2.63,4.49,4.31,1.36,4.19,4.97,3.56,3.98,2.32,3.81,4.31
00-0035859,Blake Gillikin,ARI,P,1.0,77,measured,14.8,9.04,10.37,9.67,9.83,12.07,13.03,11.77,7.36,8.48,9.15,14.2,14.0,12.15,16.94,14.83,1.93,3.86,2.91,2.57,2.95,1.77,2.58,2.72,4.28,2.44,3.19,2.15,2.86,3.99,2.0,1.65,4.69,2.2,1.43,2.13,3.52,4.01,5.09,2.78,2.54,1.55,2.81,3.12,3.28,4.03,16.1,13.45,2.6
00-0033119,Jacoby Brissett,ARI,QB,2.0,683,measured,11.3,5.81,7.33,8.99,9.76,9.43,11.8,11.29,10.24,12.36,14.01,14.74,7.62,17.5,11.05,6.62,15.6,9.86,10.83,11.09,9.52,15.1,10.44,7.48,3.19,4.37,1.75,2.82,2.65,1.64,2.65,2.62,2.42,2.51,4.17,2.18,5.2,3.94,2.4,5.8,5.22,3.34,3.49,2.53,3.53,2.73,2.77,2.62,3.66
00-0039577,Kedon Slovis,ARI,QB,,0,prior,6.0,13.29,13.18,12.01,9.76,10.9,11.8,5.18,5.4,3.92,7.49,12.24,10.34,10.4,11.05,11.39,4.71,4.69,5.58,4.7,4.7,13.23,5.03,3.71,3.85,1.0,2.2,3.73,3.05,4.28,1.0,3.3,3.0,2.85,2.33,1.99,1.0,3.2,2.71,2.85,3.05,2.97,3.48,3.63,2.89,4.27,3.31,3.64,3.88
00-0035228,Kyler Murray,ARI,QB,1.0,1621,measured,13.0,9.78,9.79,13.02,9.76,11.03,11.8,15.01,13.31,9.11,12.7,8.83,9.5,8.02,6.82,4.56,8.43,16.59,9.77,10.1,13.94,14.08,16.67,12.08,2.77,11.78,1.62,3.75,3.04,3.37,1.18,1.0,2.53,3.09,2.94,2.42,3.99,2.05,4.4,3.22,3.83,1.0,2.5,4.03,2.22,2.96,5.04,3.64,2.53
00-0037157,Bam Knight,ARI,RB,4.0,90,prior,8.7,12.74,11.9,12.37,8.76,11.0,11.8,8.64,7.01,9.05,5.45,9.87,13.97,5.52,14.89,14.38,2.59,4.36,2.17,3.49,3.19,3.63,3.53,8.96,6.92,6.53,5.55,10.7,2.48,7.2,6.71,2.47,5.61,3.47,2.23,3.0,1.56,2.74,4.39,2.41,3.56,5.68,3.13,2.11,3.68,1.5,2.91,1.68,11.55
00-0038705,Emari Demercado,ARI,RB,3.0,343,measured,11.4,13.61,13.82,13.04,8.78,13.63,11.8,10.03,10.74,8.1,11.29,12.48,9.03,7.54,6.36,17.02,4.31,2.94,2.09,2.56,2.01,4.51,3.24,14.49,10.39,7.98,9.66,13.39,4.42,7.14,8.5,5.1,7.89,6.1,2.6,6.17,4.77,1.28,5.68,2.8,3.24,3.72,1.89,2.06,4.56,2.62,3.77,1.0,9.41
00-0033553,James Conner,ARI,RB,1.0,1191,measured,13.3,10.72,10.2,10.88,10.0,8.98,11.8,14.68,11.36,11.25,10.71,12.81,7.46,8.04,13.86,14.3,3.51,1.9,1.87,2.41,2.9,2.43,2.76,9.06,16.48,17.89,14.76,11.13,2.28,10.48,9.1,11.63,11.36,12.63,2.97,2.8,2.49,3.53,3.36,3.63,3.97,5.15,3.4,4.48,3.96,2.45,2.43,3.2,10.23
00-0036924,Michael Carter,ARI,RB,,470,measured,10.7,14.31,13.97,17.68,8.0,13.3,11.8,11.52,7.6,8.59,6.78,12.46,16.2,14.35,15.52,11.39,2.48,1.25,3.5,3.88,4.18,3.73,3.97,15.37,7.1,6.05,8.91,12.61,3.89,7.53,9.22,3.13,5.31,4.13,2.5,1.47,3.14,4.73,3.45,3.96,3.78,4.55,2.19,4.06,3.36,1.7,2.02,3.38,13.11
00-0039921,Trey Benson,ARI,RB,2.0,129,measured,10.5,16.86,16.07,12.01,9.03,13.5,11.8,10.36,11.37,7.84,7.15,10.79,14.77,7.76,16.67,7.95,2.6,3.09,2.57,2.48,2.62,4.24,5.08,12.11,6.56,9.06,6.92,10.92,3.48,5.62,3.5,2.35,6.85,3.35,1.25,1.33,3.89,2.25,2.86,3.97,3.71,2.52,2.46,5.08,2.35,4.31,4.01,2.53,14.66
00-0033890,Budda Baker,ARI,S,1.0,1899,measured,12.5,14.93,13.03,16.72,7.5,11.59,11.8,11.76,11.91,10.21,11.86,11.62,12.68,11.93,13.95,14.24,2.37,2.49,2.46,1.91,1.0,2.09,3.87,2.28,3.82,4.75,2.26,4.36,3.8,1.51,4.54,4.51,2.36,4.99,2.79,3.9,2.24,17.33,19.12,15.91,7.72,8.72,9.11,7.89,3.47,1.36,2.12,3.19,4.6
00-0039864,Dadrion Taylor-Demerson,ARI,S,2.0,243,measured,14.3,16.39,16.07,14.5,7.25,16.04,11.8,11.69,14.73,12.76,5.85,10.89,7.78,12.99,11.05,11.39,1.85,2.17,1.77,5.39,3.05,2.01,1.95,3.76,2.23,2.67,4.4,2.32,3.88,2.83,3.43,1.9,4.15,2.95,1.77,3.41,4.07,14.13,15.16,11.21,14.13,15.13,9.04,14.2,1.0,2.07,2.33,2.37,15.26
00-0036956,Darren Hall,ARI,S,,276,measured,9.3,15.01,17.22,12.96,8.0,17.34,11.8,10.32,8.24,7.0,8.72,11.42,13.28,15.11,11.05,14.38,3.86,3.39,2.69,3.99,2.28,1.75,3.03,4.01,3.85,2.62,2.54,3.4,3.36,4.38,3.15,3.78,3.72,2.98,3.61,3.27,1.0,8.03,6.76,9.67,7.49,8.49,9.26,8.26,2.35,2.4,2.76,2.64,13.06
00-0035705,Jalen Thompson,ARI,S,1.0,1958,measured,10.3,13.53,14.2,14.34,7.08,13.83,11.8,11.99,7.97,8.91,10.59,11.98,9.23,7.53,6.86,15.16,5.21,2.03,3.88,4.72,5.47,3.28,3.82,1.27,2.18,2.37,2.93,2.18,4.24,3.08,2.69,1.55,1.92,3.33,3.41,3.2,1.41,4.88,12.08,15.6,6.66,7.66,8.98,11.24,3.57,3.69,1.55,3.61,8.26
00-0037141,Joey Blount,ARI,S,2.0,33,prior,9.7,13.59,14.82,14.32,8.1,14.85,11.8,11.61,6.22,9.71,8.08,10.62,13.9,7.09,15.5,15.89,2.96,2.17,4.03,4.61,2.88,2.52,1.93,2.73,2.68,3.23,4.02,3.81,1.0,1.46,3.18,2.03,2.57,2.82,3.78,1.0,4.36,8.05,6.72,8.25,8.38,9.38,9.29,10.72,2.21,5.08,3.89,2.76,17.82
00-0040230,Kitan Crawford,ARI,S,3.0,0,prior,12.4,16.39,17.3,17.28,9.0,18.28,11.8,10.21,11.31,13.12,5.38,13.99,11.13,10.4,11.05,11.39,1.67,2.55,1.5,3.74,2.34,1.32,3.31,2.53,3.3,3.59,2.47,2.88,3.78,4.27,4.4,4.29,2.88,1.42,2.27,2.9,3.75,9.99,9.62,12.75,12.13,13.13,9.56,13.34,2.33,3.6,3.16,2.4,14.76
00-0039041,Elijah Higgins,ARI,TE,2.0,499,measured,14.7,13.48,15.26,12.48,8.51,14.72,11.8,10.64,10.46,14.09,6.43,9.19,9.25,14.69,11.05,6.88,1.31,3.16,2.62,1.27,1.99,3.8,3.75,10.4,2.3,11.56,15.34,15.03,13.27,14.19,14.38,19.25,14.57,16.54,1.53,4.43,3.15,2.87,3.5,1.83,3.02,3.76,3.45,3.24,2.32,4.23,2.77,3.56,2.74
00-0036332,Josiah Deguara,ARI,TE,,299,measured,11.3,10.27,10.79,11.62,12.92,13.34,11.8,9.42,6.32,7.0,10.03,13.11,13.23,8.07,17.13,6.41,2.38,2.45,1.8,1.39,2.22,1.53,2.43,16.57,3.46,4.46,8.24,14.59,9.88,8.9,8.81,15.42,7.53,12.14,4.08,2.62,1.01,1.77,1.77,3.94,3.34,3.36,4.19,2.56,3.45,4.64,3.73,2.75,4.54
00-0039737,Tip Reiman,ARI,TE,3.0,411,measured,9.5,11.69,13.08,13.52,14.31,13.36,11.8,9.92,4.39,5.17,6.56,8.12,15.11,12.99,11.05,15.42,2.89,3.88,3.18,4.07,2.6,2.73,3.64,17.17,3.22,6.9,10.68,11.39,9.29,6.78,7.01,8.89,6.87,5.61,2.64,3.2,2.97,3.88,3.65,3.12,3.29,4.43,1.26,2.85,2.73,3.94,2.25,2.86,2.54
00-0038456,Travis Vokolek,ARI,TE,4.0,39,prior,8.4,10.31,10.9,12.09,10.0,12.45,11.8,7.34,5.63,4.01,7.83,9.44,10.17,14.69,11.05,11.39,4.37,3.12,2.37,3.37,2.23,3.81,1.61,15.93,3.77,4.17,7.95,7.42,7.07,5.49,5.69,10.27,10.69,6.99,2.22,1.98,1.53,2.39,2.54,2.1,6.92,1.0,3.46,1.8,2.48,5.62,3.15,2.27,5.02
00-0037744,Trey McBride,ARI,TE,1.0,1599,measured,15.7,10.92,11.71,11.96,9.0,12.58,11.8,12.35,13.44,11.76,10.56,2.57,9.43,14.27,15.46,17.02,3.11,2.92,4.35,3.02,3.53,3.62,2.52,13.86,1.86,9.89,13.67,17.57,15.65,20.0,19.87,15.93,15.98,12.65,4.86,2.17,1.61,4.78,2.38,4.2,4.1,3.53,3.65,4.26,1.38,1.86,2.59,2.24,3.16
00-0035876,Andre Baccellia,ARI,WR,,78,prior,9.2,15.27,15.2,14.09,6.1,14.37,11.8,11.05,7.55,9.65,8.46,13.53,7.25,13.75,11.05,11.39,2.12,2.29,2.74,2.44,1.0,3.72,4.94,8.81,5.19,10.33,9.02,8.18,4.53,5.58,6.0,2.52,2.57,3.07,3.15,1.15,1.81,3.12,3.42,1.79,4.34,1.8,1.95,2.82,2.91,2.34,4.05,4.26,10.7
00-0035500,Greg Dortch,ARI,WR,2.0,876,measured,12.4,15.73,15.25,13.78,6.86,14.72,11.8,11.87,11.23,8.57,7.59,9.4,12.5,17.5,11.05,15.01,1.0,1.68,3.25,3.25,2.05,1.82,1.92,6.27,12.03,16.56,15.25,8.49,9.4,12.34,13.09,2.46,3.45,2.14,2.56,3.7,2.35,3.19,3.25,4.19,3.26,1.4,2.31,3.08,3.42,2.99,1.52,1.66,15.69
00-0039849,Marvin Harrison Jr.,ARI,WR,1.0,802,measured,10.8,14.06,15.01,13.82,6.66,14.81,11.8,9.58,8.33,10.07,8.2,11.68,6.14,12.99,11.05,11.39,3.31,2.05,3.6,3.51,2.23,3.68,2.23,15.25,9.02,6.97,5.66,9.22,6.95,9.98,10.44,3.64,3.87,4.2,3.93,2.61,3.47,5.07,3.99,3.17,4.15,1.87,2.18,2.52,4.01,3.15,1.86,4.48,11.32
00-0038559,Michael Wilson,ARI,WR,1.0,1220,measured,11.0,12.74,14.61,13.55,12.0,16.11,11.8,11.95,14.18,13.02,8.2,6.63,11.46,12.08,6.32,5.55,1.78,1.13,2.36,3.41,2.53,1.87,1.47,12.37,7.02,8.75,7.44,12.72,12.18,8.05,7.63,1.89,3.94,4.0,2.88,3.15,4.45,3.41,2.66,4.44,1.92,1.05,2.72,4.47,3.16,4.44,2.55,1.08,12.05
00-0036646,Simi Fehoko,ARI,WR,,255,measured,8.9,15.7,14.96,15.44,8.0,13.65,11.8,10.52,6.84,5.42,8.85,12.12,6.01,17.5,11.05,15.42,5.39,3.7,3.21,3.22,4.33,4.8,3.07,7.75,5.97,10.03,8.73,7.64,6.12,4.53,4.1,4.82,1.0,4.86,4.64,1.94,3.99,2.24,2.04,2.65,2.62,1.78,6.09,4.32,2.54,2.15,3.06,1.59,10.14
00-0039397,Tejhaun Palmer,ARI,WR,,0,prior,7.8,13.93,14.8,13.37,7.29,14.97,11.8,7.99,7.59,5.07,7.94,6.67,11.52,10.4,11.05,11.39,1.75,2.5,3.89,2.28,2.27,1.36,1.0,15.42,4.3,13.4,12.09,5.3,3.81,3.84,3.84,4.27,1.51,1.0,2.66,5.12,3.79,3.65,2.83,3.94,2.38,2.95,2.49,1.0,4.73,1.61,1.6,3.94,16.52
00-0035934,Trishton Jackson,ARI,WR,2.0,60,prior,8.5,14.31,13.48,14.1,6.3,14.11,11.8,10.24,5.5,8.31,8.35,12.31,12.46,14.69,11.05,11.39,2.41,3.17,3.25,2.45,4.8,1.6,3.86,10.22,4.91,11.62,10.31,6.75,4.13,4.58,6.43,2.04,2.35,3.64,3.1,2.81,2.07,3.39,2.65,2.59,2.56,3.23,3.34,2.03,4.66,3.26,4.57,3.54,16.22
00-0039521,Xavier Weaver,ARI,WR,2.0,49,prior,8.5,15.12,15.51,14.64,5.55,14.45,11.8,8.26,8.31,6.39,4.38,14.17,10.73,4.43,16.9,5.91,3.78,3.18,3.41,3.83,3.03,3.67,3.24,10.41,5.28,12.7,11.39,4.58,3.97,4.39,7.37,2.35,4.31,2.47,2.96,1.33,2.82,1.6,2.77,2.99,3.91,1.38,3.98,2.03,2.7,3.89,3.49,3.27,16.22
00-0033891,Zay Jones,ARI,WR,1.0,934,measured,12.7,14.68,16.79,16.87,7.5,15.77,11.8,14.19,9.65,13.13,12.26,15.21,11.85,6.34,6.1,15.97,2.63,2.93,4.65,2.19,2.51,4.8,2.01,16.29,4.59,5.3,4.0,13.75,12.48,10.39,10.11,1.0,1.77,3.32,1.66,2.77,3.17,4.04,2.72,2.69,4.73,3.82,1.84,3.25,2.47,1.15,2.19,2.88,14.99
00-0038629,Jovaughn Gwyn,ATL,C,2.0,0,prior,10.0,5.07,6.93,4.3,12.07,8.47,11.8,9.35,5.91,3.46,6.8,12.54,9.03,14.69,11.05,11.39,1.87,3.35,5.93,2.66,1.8,3.41,3.61,3.12,4.0,3.73,2.73,2.33,2.04,3.33,2.55,10.25,10.88,3.4,3.61,3.85,1.93,1.58,4.04,3.0,3.09,2.89,3.12,3.22,4.13,4.73,2.16,3.22,1.33
00-0036833,Ryan Neuzil,ATL,C,1.0,656,measured,11.7,4.52,6.02,7.38,13.2,8.55,11.8,11.06,5.86,9.31,9.22,10.85,5.76,15.68,11.05,15.42,1.51,2.55,3.96,3.76,4.76,5.21,4.25,3.74,1.21,1.88,3.21,4.69,4.0,4.14,1.6,10.44,14.05,1.58,4.0,2.58,4.08,1.96,2.56,2.88,2.35,3.58,2.69,5.05,2.98,3.85,1.0,3.7,4.24
00-0036285,A.J. Terrell,ATL,CB,1.0,2027,measured,10.7,16.16,17.34,14.04,7.5,14.87,11.8,11.6,11.11,12.05,9.89,11.49,6.64,14.24,6.08,16.2,2.37,3.33,3.23,1.8,1.32,1.0,4.3,1.36,3.8,2.35,3.46,2.92,2.51,3.26,3.08,1.53,2.73,4.11,4.05,3.54,3.52,3.98,2.86,8.96,7.62,7.62,10.41,13.45,2.36,3.57,2.16,3.16,6.48
00-0040156,Billy Bowman Jr.,ATL,CB,1.0,0,prior,11.6,16.16,15.95,13.76,8.5,14.62,11.8,9.12,11.92,8.48,9.25,9.03,7.63,10.4,11.05,11.39,1.02,2.73,2.47,3.0,2.06,1.63,2.65,2.48,3.92,2.85,2.94,4.35,3.45,2.82,2.9,2.01,4.14,3.59,2.99,2.5,3.3,9.14,11.45,14.81,9.92,9.92,10.71,8.19,4.39,1.95,3.9,3.84,13.44
00-0036281,C.J. Henderson,ATL,CB,,582,measured,11.8,16.86,17.3,14.06,10.0,16.39,11.8,12.67,9.89,10.16,8.42,6.2,7.73,4.35,5.92,6.68,1.56,1.57,2.5,3.91,1.88,3.81,2.41,4.51,5.92,3.14,3.1,2.49,1.0,3.27,2.37,2.97,3.23,5.91,1.8,1.36,2.87,4.57,11.4,14.4,9.29,9.29,11.16,10.32,1.38,4.45,4.03,2.47,3.45
00-0038568,Clark Phillips III,ATL,CB,2.0,652,measured,9.3,14.08,14.97,12.93,9.0,13.49,11.8,9.56,9.8,10.46,8.62,11.28,11.76,14.69,11.05,11.39,3.01,3.43,3.39,4.06,2.67,3.54,2.91,2.99,1.99,5.0,2.92,1.79,2.68,2.61,2.04,2.22,4.06,3.81,3.88,3.34,2.54,9.76,10.04,12.84,6.01,6.01,10.86,8.11,3.95,4.61,3.05,2.32,10.61
00-0040546,Cobee Bryant,ATL,CB,,0,prior,8.6,13.66,15.02,13.67,6.34,14.86,11.8,7.93,3.09,7.31,7.55,7.16,8.16,10.4,11.05,11.39,2.74,2.87,3.6,3.23,2.81,3.9,2.56,2.33,3.84,1.87,3.48,3.02,3.44,2.52,2.71,2.52,1.97,1.0,1.66,1.0,1.21,7.23,12.31,14.69,5.24,5.24,10.07,4.53,3.61,3.79,3.62,4.82,14.19
00-0037034,Dee Alford,ATL,CB,2.0,1141,measured,13.2,15.16,15.73,13.47,6.41,14.76,11.8,14.3,10.07,13.67,8.08,9.45,9.58,12.62,18.56,14.38,3.38,3.3,1.0,3.63,2.55,2.55,1.42,1.93,3.75,4.03,1.2,2.85,2.13,4.5,1.93,2.76,1.0,5.0,1.56,2.54,1.91,4.93,13.44,14.13,13.96,13.96,10.08,8.22,2.48,2.1,2.74,3.8,12.92
00-0035995,Grayland Arnold,ATL,CB,4.0,97,prior,8.4,12.56,13.28,13.28,6.0,13.0,11.8,10.73,4.59,10.84,9.28,15.95,12.49,5.92,17.37,7.19,3.47,3.13,2.5,3.48,2.98,1.65,3.45,3.69,1.09,3.74,2.4,3.27,4.49,3.47,2.04,1.93,4.47,4.37,3.4,3.0,2.46,9.23,13.39,13.78,5.45,5.45,9.96,4.61,4.29,2.75,4.18,4.53,11.08
00-0034639,Mike Ford,ATL,CB,3.0,188,measured,9.1,14.35,15.0,13.42,6.92,14.51,11.8,11.41,9.43,8.67,10.02,10.02,16.41,8.0,17.35,11.39,2.42,3.49,2.61,3.78,2.35,3.32,3.51,3.29,2.38,4.07,3.53,3.1,2.5,3.87,2.24,3.03,3.1,4.53,3.51,3.11,1.98,9.74,14.08,15.15,5.39,5.39,10.24,6.28,2.77,3.49,1.91,4.46,11.04
00-0034843,Mike Hughes,ATL,CB,1.0,1122,measured,11.8,13.48,15.41,17.03,10.0,15.03,11.8,11.04,9.39,12.11,10.43,14.72,12.41,6.46,17.44,15.15,4.07,4.84,2.91,3.25,3.73,3.02,2.73,2.76,2.01,3.48,2.71,1.62,1.96,3.29,2.23,2.62,2.37,1.28,2.57,2.88,1.58,9.02,12.45,10.73,10.18,10.18,11.16,11.31,2.25,3.66,2.84,3.94,6.73
00-0038966,Natrone Brooks,ATL,CB,3.0,40,prior,8.3,15.13,15.71,13.58,6.57,14.83,11.8,10.59,6.47,8.49,7.37,7.31,6.23,12.99,11.05,11.39,3.57,1.52,3.56,4.17,3.71,1.07,5.05,4.34,3.44,2.67,2.27,4.72,1.87,3.71,3.83,3.28,4.3,5.01,2.87,1.0,1.0,7.49,11.28,16.17,4.12,4.12,10.13,4.02,4.48,2.55,1.76,4.18,11.28
00-0039859,Brandon Dorlus,ATL,DT,2.0,17,prior,7.0,8.67,9.13,6.82,13.1,10.23,11.8,7.68,5.87,6.8,7.76,11.46,13.21,12.99,11.05,5.91,3.24,3.07,2.75,3.89,2.76,2.5,2.34,1.15,3.46,4.22,2.0,3.8,3.19,2.66,1.91,1.76,2.76,3.27,5.33,4.84,5.71,5.92,5.42,13.59,3.47,3.76,3.85,1.73,5.81,3.32,2.84,2.86,3.06
00-0033051,David Onyemata,ATL,DT,1.0,1193,measured,12.6,4.52,5.87,5.61,12.8,8.19,11.8,14.37,12.7,14.15,14.82,12.57,12.25,13.82,15.3,6.7,2.85,4.06,3.32,2.52,2.99,3.48,2.75,1.91,1.89,2.86,2.53,2.75,1.74,2.51,4.26,3.78,3.27,3.18,13.96,12.12,12.6,13.38,14.67,6.76,3.67,1.63,4.63,4.11,4.11,4.27,3.01,3.63,2.68
00-0034320,Kentavius Street,ATL,DT,,643,measured,10.4,7.94,8.65,7.12,14.31,10.43,11.8,9.19,10.7,10.1,9.19,10.4,10.36,7.71,15.43,14.38,2.62,4.97,3.44,2.45,2.85,3.69,2.82,1.62,5.83,2.64,1.95,4.06,1.59,1.3,3.85,3.43,4.1,3.68,9.11,7.94,10.73,10.77,9.11,6.28,4.87,4.29,3.28,2.43,1.36,2.69,2.83,3.01,2.68
00-0036341,Khalid Kareem,ATL,DT,,74,prior,8.7,8.88,10.7,10.06,12.4,12.54,11.8,9.07,9.14,5.18,9.39,11.94,7.5,5.48,15.26,7.74,3.22,3.01,3.45,2.52,3.47,2.09,2.92,3.17,3.78,3.76,3.72,3.71,2.46,2.54,1.5,3.05,1.21,3.25,7.46,7.29,7.94,8.06,7.62,12.6,2.93,4.36,2.44,3.85,3.16,2.27,3.87,3.55,2.35
00-0036204,LaCale London,ATL,DT,2.0,132,measured,7.9,7.73,9.21,8.41,12.98,11.41,11.8,9.34,5.51,8.94,11.71,8.79,12.74,6.77,15.13,14.83,2.62,4.72,3.6,3.95,2.51,3.1,3.37,3.35,4.08,2.18,2.21,3.38,4.61,1.2,2.72,2.39,3.81,3.52,5.75,4.97,6.46,8.22,8.27,12.09,1.01,1.0,1.9,1.96,3.66,3.56,2.71,3.84,2.64
00-0039733,Ruke Orhorhoro,ATL,DT,1.0,131,measured,12.0,8.13,10.07,7.48,14.77,12.0,11.8,10.65,11.68,12.53,9.61,8.26,12.32,6.02,16.67,5.91,3.03,1.66,2.8,3.19,4.02,4.32,4.68,2.83,2.79,3.61,1.92,4.77,5.3,3.79,2.95,4.44,2.47,1.0,12.33,11.07,12.03,11.5,9.74,13.09,2.45,3.98,2.24,4.46,3.32,3.42,5.08,1.43,4.33
00-0037298,Sam Roberts,ATL,DT,,100,prior,8.2,6.78,8.26,8.05,12.3,10.26,11.8,9.48,6.45,8.19,6.48,13.48,9.98,15.68,11.05,11.39,3.86,1.0,2.14,2.8,3.07,2.06,2.82,1.78,2.97,3.98,2.95,2.92,5.03,2.75,1.62,4.7,2.35,2.56,6.9,6.02,7.64,8.04,7.43,11.07,3.75,3.88,3.6,2.03,2.47,4.48,2.07,4.66,2.46
00-0040545,Simeon Barrow Jr.,ATL,DT,,0,prior,9.1,7.0,8.34,7.58,13.1,10.53,11.8,8.61,6.28,9.64,4.35,12.01,13.35,10.4,11.05,11.39,3.53,3.58,2.71,2.36,3.19,2.48,2.85,4.11,4.03,2.6,2.44,4.82,2.71,1.38,3.12,2.3,3.48,1.0,8.03,6.95,8.39,8.91,8.59,9.76,4.52,3.36,2.61,3.54,2.13,3.44,3.44,1.0,3.19
00-0036948,Ta'Quon Graham,ATL,DT,3.0,613,measured,9.9,8.13,9.32,8.64,16.16,11.78,11.8,10.73,5.02,7.08,6.63,11.07,14.63,7.82,16.39,11.39,1.25,3.18,2.22,4.0,3.22,1.74,1.0,3.06,3.45,2.65,3.24,4.9,1.0,3.7,1.4,3.28,2.75,1.87,7.6,5.85,8.77,10.52,9.4,7.07,2.92,3.58,2.16,2.07,3.63,1.93,3.25,1.72,2.12
00-0038980,Zach Harrison,ATL,DT,1.0,470,measured,13.1,8.31,10.1,9.78,12.92,12.05,11.8,11.77,11.19,11.26,7.17,15.45,14.78,14.69,11.05,6.88,3.28,1.02,3.95,1.81,5.1,2.35,2.11,2.35,2.42,3.33,3.47,1.02,2.92,3.9,3.61,3.41,2.99,3.51,12.42,11.87,14.0,14.46,14.08,11.07,2.06,4.03,1.0,1.99,3.12,2.78,1.88,3.87,1.49
00-0038116,Arnold Ebiketie,ATL,EDGE,1.0,968,measured,11.7,10.65,14.3,10.7,10.67,16.75,11.8,9.24,10.49,11.16,8.81,7.75,13.71,15.68,11.05,8.2,4.0,3.58,2.67,2.8,1.38,2.33,3.88,2.78,3.43,2.45,2.44,2.85,1.38,4.34,4.79,3.88,2.69,2.44,12.55,12.75,11.28,8.38,10.41,13.36,5.8,6.8,3.57,2.33,4.26,3.67,2.8,3.07,1.63
00-0039837,Bralen Trice,ATL,EDGE,3.0,0,prior,6.4,10.46,11.44,9.98,11.85,12.54,11.8,7.07,4.55,3.39,6.35,11.55,10.09,10.4,11.05,11.39,3.61,3.52,2.43,1.78,3.39,4.38,1.61,1.55,4.8,2.27,3.07,2.09,1.31,1.82,2.96,2.99,3.69,2.76,4.77,4.5,4.63,4.63,3.61,9.47,5.8,6.8,2.89,3.31,3.04,3.6,2.27,3.46,3.55
00-0040577,Jalon Walker,ATL,EDGE,2.0,0,prior,9.8,11.54,12.7,11.51,11.1,13.58,11.8,5.48,6.99,7.45,5.54,6.96,15.89,10.4,11.05,11.39,2.9,2.19,2.75,3.42,3.99,3.38,2.43,2.29,2.12,2.35,2.46,3.03,3.4,4.27,3.12,3.1,3.46,1.36,9.25,9.62,9.03,8.14,7.4,11.51,5.8,6.8,2.57,3.59,3.82,1.0,1.59,2.04,5.22
00-0040578,James Pearce Jr.,ATL,EDGE,2.0,0,prior,10.1,15.01,15.33,12.69,9.8,12.33,11.8,9.71,5.64,8.92,5.38,15.48,8.72,10.4,11.05,11.39,3.32,4.14,3.55,3.68,5.01,1.08,2.62,2.33,3.92,2.97,1.93,3.38,3.24,4.4,3.51,2.72,2.35,3.81,8.18,10.21,8.41,7.99,7.83,13.25,5.8,6.8,2.87,2.68,2.52,2.59,5.11,3.68,3.73
00-0033072,Leonard Floyd,ATL,EDGE,1.0,1334,measured,11.9,10.65,13.19,10.74,10.41,15.86,11.8,11.31,11.52,6.38,13.09,13.33,8.55,17.5,11.05,14.02,2.49,2.01,3.75,5.69,1.93,4.26,1.18,3.34,2.56,3.61,2.35,2.55,3.16,4.28,2.63,3.47,2.64,4.69,14.53,14.83,8.31,6.53,10.67,9.59,5.8,6.8,1.68,3.41,3.01,4.85,2.78,4.32,4.08
00-0036978,Ronnie Perkins,ATL,EDGE,,99,prior,8.8,10.62,11.06,9.45,12.92,11.85,11.8,10.61,9.06,6.28,8.58,6.85,11.23,7.4,14.31,4.86,1.45,2.31,2.96,2.44,4.87,2.76,4.06,4.27,3.24,3.04,1.77,1.96,2.57,3.0,3.18,4.04,2.4,5.81,7.51,6.91,7.72,9.4,7.72,12.24,5.8,6.8,3.06,2.59,1.58,1.9,3.21,3.55,4.31
00-0040003,Lenny Krieg,ATL,K,,0,prior,16.2,10.35,11.27,10.24,9.64,12.42,12.82,11.35,10.26,12.7,5.93,12.87,13.46,10.4,11.05,11.39,1.23,2.95,3.36,2.9,4.28,4.0,4.6,2.88,3.87,2.66,3.02,2.53,4.83,2.24,3.06,3.99,2.97,1.0,1.22,3.62,2.29,2.79,3.05,1.56,1.0,3.83,4.1,2.05,17.72,14.71,3.24,2.61,2.87
00-0033702,Younghoe Koo,ATL,K,1.0,77,measured,14.1,9.26,10.19,9.31,9.64,11.52,14.86,11.76,13.37,8.18,10.66,11.36,14.19,11.93,14.35,14.83,4.06,2.57,3.05,2.86,3.72,2.87,2.51,4.26,4.17,2.88,3.02,3.19,4.35,2.14,2.17,2.28,2.34,3.63,1.96,3.71,2.05,2.04,3.06,1.81,1.0,3.02,2.24,3.99,14.06,14.06,3.74,1.46,2.89
00-0037808,DeAngelo Malone,ATL,LB,2.0,179,measured,10.1,12.08,13.25,13.33,12.0,13.81,11.8,9.14,10.24,8.72,7.13,13.42,13.73,15.68,11.05,11.39,1.69,2.65,1.0,3.35,3.43,1.49,3.38,2.61,2.77,2.96,2.06,1.52,3.9,4.31,1.93,5.42,2.29,2.34,14.45,13.92,9.3,10.4,8.95,12.44,6.83,8.33,2.44,3.17,1.88,3.74,2.88,4.52,2.74
00-0036990,Divine Deablo,ATL,LB,1.0,1328,measured,11.6,16.16,16.69,11.66,9.5,14.28,11.8,10.46,8.75,6.59,10.1,13.41,8.84,12.05,6.13,7.63,4.0,2.27,2.5,3.8,1.68,2.77,1.0,3.09,4.89,2.36,4.28,1.0,2.85,1.66,2.83,2.09,3.32,3.31,6.69,8.46,8.41,10.05,10.63,17.99,10.41,11.91,3.44,6.75,2.62,2.2,1.18,2.06,4.73
00-0039370,JD Bertrand,ATL,LB,2.0,147,measured,10.2,11.91,12.69,11.96,10.0,13.33,11.8,9.23,5.6,5.45,6.62,13.36,9.07,7.43,4.34,5.91,1.14,2.88,4.61,2.65,1.0,2.81,2.95,3.55,4.55,3.5,2.85,2.26,4.67,1.0,2.69,3.18,1.78,2.85,11.16,11.27,8.88,9.98,10.48,13.94,6.16,7.66,1.97,2.97,2.98,2.76,3.54,3.67,3.13
00-0034801,Josh Woods,ATL,LB,3.0,372,measured,10.5,11.44,12.24,11.72,10.82,13.03,11.8,10.59,8.33,6.18,8.4,12.07,13.96,8.43,5.41,16.43,3.63,2.0,1.82,5.89,3.03,1.19,2.96,3.49,2.77,1.5,3.83,3.81,3.07,4.31,2.12,4.57,4.48,3.38,9.89,9.54,11.48,11.31,9.98,12.11,7.58,9.08,3.76,5.96,3.72,2.14,2.06,1.43,3.71
00-0035316,Kaden Elliss,ATL,LB,1.0,1975,measured,13.6,11.14,12.14,12.11,10.64,12.97,11.8,10.69,8.32,11.79,11.12,10.22,14.42,15.05,7.4,7.74,3.82,4.67,3.19,2.33,4.07,2.0,3.69,1.13,1.63,3.24,4.0,3.5,3.48,2.49,1.52,3.85,3.32,2.51,15.12,14.73,15.22,15.8,13.7,15.28,11.32,12.82,5.76,9.64,2.77,3.62,3.06,4.25,3.72
00-0040554,Malik Verdon,ATL,LB,3.0,0,prior,11.8,12.66,13.94,12.57,8.89,13.82,11.8,8.83,9.11,11.72,6.07,6.68,9.99,10.4,11.05,11.39,1.6,3.84,4.55,3.17,2.55,2.09,3.48,3.32,3.08,1.7,3.17,1.72,3.8,3.39,3.29,4.69,1.0,2.64,6.57,7.32,13.17,12.69,13.24,15.73,8.96,10.46,3.46,9.27,5.04,3.84,2.68,4.01,3.83
00-0037810,Troy Andersen,ATL,LB,3.0,556,measured,12.5,16.16,17.18,13.49,9.37,15.65,11.8,9.63,9.61,12.09,7.12,9.37,6.45,4.24,6.55,5.91,2.21,3.26,2.16,3.03,3.24,2.46,2.61,4.08,3.11,2.68,2.36,3.59,2.03,1.88,1.76,1.97,3.3,1.74,8.19,10.0,13.96,11.74,10.91,17.2,11.83,13.33,2.32,10.27,2.41,3.53,2.13,1.15,3.13
00-0036082,Liam McCullough,ATL,LS,1.0,0,prior,11.2,10.47,11.32,10.57,9.53,12.39,10.71,12.42,11.14,6.45,10.31,10.48,9.84,15.68,11.05,11.39,2.21,3.94,3.3,2.5,2.91,1.62,2.79,3.49,2.91,2.37,2.19,3.35,4.46,3.7,2.22,1.77,3.14,2.16,2.73,2.81,3.01,2.76,3.37,2.83,3.28,2.67,3.0,5.08,1.32,3.87,2.42,2.19,1.93
00-0035630,Chris Lindstrom,ATL,OG,1.0,2141,measured,15.2,7.69,10.0,7.55,12.92,10.95,11.8,12.41,13.92,14.44,9.92,10.58,9.14,17.5,11.05,8.39,3.08,3.3,2.19,2.53,1.51,3.73,1.71,3.14,1.22,3.56,2.31,3.52,3.27,3.3,1.0,19.38,14.75,2.93,2.53,2.95,1.39,3.08,4.41,1.22,3.01,4.07,3.01,2.76,4.62,3.38,1.63,3.61,3.72
00-0033676,Elijah Wilkinson,ATL,OG,2.0,565,measured,11.8,2.79,4.66,4.77,12.77,7.64,11.8,13.24,10.03,8.23,11.65,9.92,4.82,5.98,15.82,16.29,3.18,4.79,3.67,3.15,3.33,1.57,2.2,3.65,3.85,2.59,2.54,4.08,1.61,3.26,1.16,15.53,9.4,2.39,2.6,2.35,2.85,2.71,2.34,1.11,3.26,1.97,2.94,1.84,3.09,3.85,3.55,2.38,3.39
00-0040548,Joshua Gray,ATL,OG,,0,prior,11.6,6.13,6.47,5.66,12.92,9.74,11.8,9.67,5.74,9.61,6.42,5.46,14.64,10.4,11.05,11.39,3.34,3.71,2.66,2.95,4.05,3.57,3.8,4.0,3.65,4.63,2.46,3.17,1.7,2.15,2.88,10.77,14.47,3.01,2.49,2.63,1.93,4.06,3.16,3.07,3.01,3.75,1.95,1.89,2.15,2.39,4.37,2.88,1.93
00-0036354,Kyle Hinton,ATL,OG,2.0,131,measured,10.1,4.31,5.41,3.74,13.58,7.91,11.8,10.63,9.02,9.11,6.21,8.56,11.52,15.68,11.05,11.39,2.04,5.37,2.8,2.96,3.23,3.06,2.86,3.21,4.21,3.76,3.71,2.11,2.72,3.66,2.59,8.84,11.6,2.23,3.53,3.76,1.24,4.41,1.7,4.61,2.1,1.32,3.35,4.02,1.0,1.86,2.61,2.53,2.42
00-0039048,Matthew Bergeron,ATL,OG,1.0,1749,measured,13.8,3.93,5.16,5.18,12.96,9.27,11.8,11.42,10.29,12.77,8.06,11.19,9.51,14.69,11.05,11.39,3.7,3.54,3.68,2.27,2.89,2.98,1.44,2.01,4.72,1.03,3.77,2.92,4.89,2.01,4.22,12.68,19.4,4.01,1.52,2.68,3.11,2.79,2.34,3.79,3.8,2.21,3.61,2.76,1.9,2.3,2.72,3.26,4.55
00-0039004,Carter Warren,ATL,OT,,390,measured,11.1,4.01,5.62,4.45,11.76,8.15,11.8,9.6,10.5,9.66,7.81,10.32,10.34,7.5,15.08,5.05,3.64,2.22,2.23,3.38,2.71,2.71,2.7,2.14,3.94,2.38,2.7,2.7,3.52,2.0,2.12,14.39,11.34,3.88,3.75,4.18,2.84,3.04,5.0,3.12,1.75,4.55,2.72,2.2,2.36,2.89,2.84,1.96,3.77
00-0040224,Jack Nelson,ATL,OT,2.0,0,prior,10.2,3.7,5.64,4.91,11.5,8.18,11.8,9.37,6.02,7.38,4.78,9.82,13.91,10.4,11.05,11.39,3.03,2.58,2.66,3.5,2.18,3.46,1.55,3.79,2.22,3.01,2.14,4.8,2.21,3.44,3.04,11.64,11.07,3.76,2.76,4.66,1.23,4.66,3.21,3.72,1.97,3.8,3.52,2.49,1.55,4.4,6.76,4.19,2.24
00-0031279,Jake Matthews,ATL,OT,1.0,2154,measured,14.2,3.79,4.52,8.12,12.46,7.84,11.8,14.04,12.06,14.54,17.3,7.16,12.14,17.5,11.05,13.99,2.37,4.14,3.15,3.12,3.44,2.81,2.76,4.23,4.06,1.73,3.46,2.43,3.34,3.27,3.37,18.23,15.04,2.78,1.97,3.64,4.41,4.62,3.42,3.11,3.63,3.2,2.57,3.28,4.25,2.22,4.63,4.76,4.11
00-0035235,Kaleb McGary,ATL,OT,3.0,1952,measured,13.1,5.11,6.91,6.4,12.0,11.22,11.8,11.43,9.37,11.31,10.46,8.54,10.75,12.5,14.02,6.26,2.86,2.43,2.43,4.29,3.52,1.0,2.3,4.16,3.67,3.43,2.85,3.74,4.27,2.75,4.34,18.77,12.36,3.74,3.47,3.82,4.15,1.93,1.6,2.72,3.18,3.41,3.27,4.16,3.44,1.58,3.38,2.54,2.53
00-0039842,Michael Jerrell,ATL,OT,1.0,225,measured,11.6,5.09,7.08,6.25,13.02,9.53,11.8,10.95,7.81,6.74,8.36,10.77,12.79,12.99,11.05,11.39,4.1,2.69,2.27,3.88,2.24,2.69,2.16,2.82,4.16,3.18,3.01,3.67,1.12,4.19,3.6,13.07,12.28,3.29,3.42,3.71,3.0,1.94,3.82,2.83,3.51,2.15,2.15,2.33,4.0,2.51,3.69,3.46,1.0
00-0039042,Ryan Hayes,ATL,OT,,0,prior,10.2,4.27,5.33,7.8,12.34,8.92,11.8,9.29,4.45,10.59,6.72,9.04,10.54,12.99,11.05,11.39,3.9,4.67,3.08,3.24,3.83,1.87,3.12,2.98,3.76,1.6,2.9,3.2,3.38,1.0,3.25,9.51,11.63,1.9,2.23,2.54,3.19,4.51,2.61,4.17,2.33,4.85,1.29,4.18,2.45,1.67,1.37,3.09,2.54
00-0033752,Storm Norton,ATL,OT,2.0,332,measured,11.0,2.5,4.43,3.86,11.45,7.14,11.8,10.05,8.04,7.81,11.76,16.51,8.2,11.93,14.18,7.19,1.37,3.68,2.88,4.1,3.55,3.92,2.87,1.79,2.85,2.95,2.87,2.93,3.82,2.58,3.72,10.02,14.64,3.2,3.13,5.18,2.39,1.98,3.54,3.5,3.04,1.54,3.94,2.95,2.93,1.49,2.03,3.12,1.0
00-0036966,Tyrone Wheatley Jr.,ATL,OT,3.0,0,prior,11.0,5.59,8.14,7.68,13.87,10.72,11.8,9.35,7.64,7.15,6.22,9.43,14.33,5.09,15.13,11.39,2.24,3.08,4.11,3.45,2.48,3.1,4.18,3.13,2.06,2.54,3.79,3.66,2.18,3.98,2.8,9.99,12.45,2.28,2.19,1.53,1.67,2.76,3.23,1.98,3.48,3.07,4.23,4.16,2.65,3.04,3.79,4.02,3.74
00-0032065,Bradley Pinion,ATL,P,1.0,86,measured,11.3,3.13,6.84,8.7,9.83,11.09,10.83,10.77,8.34,5.63,12.24,17.61,13.55,17.5,11.05,14.83,4.72,4.95,1.64,3.29,2.54,2.66,2.66,1.05,2.46,2.35,4.39,2.13,4.39,2.11,3.75,1.88,4.36,1.7,3.53,2.04,2.28,3.68,2.46,4.57,1.62,2.36,1.8,1.52,4.04,1.67,10.63,11.94,1.09
00-0035282,Easton Stick,ATL,QB,,211,measured,8.0,11.3,11.8,17.8,9.76,12.38,11.8,9.4,7.25,6.1,9.94,9.84,10.05,12.41,11.05,11.39,12.05,5.79,9.96,7.12,5.71,6.55,7.66,3.84,2.27,1.22,2.87,3.55,1.74,4.02,2.47,2.2,2.38,2.42,2.76,3.53,4.85,4.84,3.46,1.46,3.77,3.73,2.44,5.18,1.92,2.75,3.85,4.15,2.12
00-0039331,Emory Jones,ATL,QB,3.0,0,prior,5.9,9.87,10.22,11.92,9.76,10.9,11.8,4.7,5.34,5.79,6.35,10.73,10.42,10.4,11.05,11.39,4.71,4.69,5.58,4.7,4.7,13.23,5.03,3.71,3.71,1.0,3.97,2.36,2.48,2.35,3.53,1.86,2.77,3.99,3.26,3.25,3.58,3.14,1.02,1.17,3.3,1.13,2.3,2.79,2.53,4.05,3.17,4.05,5.11
00-0029604,Kirk Cousins,ATL,QB,2.0,1623,measured,11.5,5.63,5.63,8.82,9.76,6.23,11.8,11.23,10.18,10.08,15.69,8.4,8.43,17.5,11.05,11.39,7.89,13.39,11.76,13.72,10.85,14.75,9.88,9.13,4.19,5.71,4.32,2.37,2.0,3.52,1.49,1.0,2.79,2.59,2.98,4.41,2.16,2.78,3.65,4.15,3.11,3.1,3.13,2.13,2.9,2.98,2.12,1.0,3.42
00-0039917,Michael Penix Jr.,ATL,QB,1.0,217,measured,10.5,9.79,10.24,11.69,9.76,10.87,11.8,11.48,11.13,9.21,8.88,8.37,10.13,12.99,11.05,11.39,6.76,9.96,9.04,8.63,8.46,14.56,14.01,7.72,1.18,3.01,2.63,1.58,2.84,2.03,3.18,4.32,2.99,3.08,4.14,2.44,1.74,2.07,1.43,1.57,3.04,2.74,3.09,3.07,3.71,2.73,3.01,3.14,3.05
00-0038542,Bijan Robinson,ATL,RB,1.0,1296,measured,14.9,15.24,15.7,12.33,8.99,15.75,11.8,11.11,15.03,15.02,7.94,11.19,9.91,14.69,11.05,11.39,3.18,3.08,3.0,3.69,3.75,3.64,3.07,16.46,17.36,16.81,15.98,6.91,5.03,11.2,10.17,9.26,8.63,10.26,2.79,4.02,3.7,2.75,2.66,3.69,2.96,2.18,3.02,3.73,3.25,4.15,3.31,3.29,12.87
00-0038930,Carlos Washington,ATL,RB,,0,prior,8.5,13.23,13.76,12.28,9.32,13.69,11.8,9.31,6.45,4.85,5.01,7.91,13.17,12.99,11.05,11.39,2.46,2.96,2.54,2.95,1.59,2.38,1.06,15.02,4.7,4.71,4.7,4.94,3.8,5.27,4.83,1.65,9.48,2.65,4.17,2.91,2.66,4.42,2.13,3.3,2.85,3.37,2.28,5.04,2.98,3.98,3.0,2.25,14.29
00-0040547,Nate Carter,ATL,RB,3.0,0,prior,10.1,14.1,14.26,12.77,8.33,13.71,11.8,6.71,10.34,8.22,6.14,11.07,5.22,10.4,11.05,11.39,4.59,2.79,1.93,1.0,1.69,3.08,3.34,11.02,8.47,6.92,7.45,13.43,2.63,6.68,6.12,2.07,4.84,3.07,4.0,1.25,3.75,1.92,3.01,2.89,2.86,2.75,2.69,2.95,1.0,3.28,3.4,3.87,9.49
00-0037263,Tyler Allgeier,ATL,RB,2.0,712,measured,13.5,12.37,13.18,12.28,9.32,13.0,11.8,9.6,9.56,9.51,7.53,11.66,11.56,15.68,11.05,11.39,3.13,1.48,2.69,4.32,1.54,4.08,1.87,18.09,14.56,10.71,14.29,15.41,2.34,4.98,2.75,1.95,9.06,2.95,2.16,3.01,2.99,3.3,3.73,3.18,3.23,3.38,3.74,2.31,2.05,2.97,3.68,2.95,11.33
00-0038628,DeMarcco Hellams,ATL,S,2.0,243,measured,10.9,12.92,13.73,14.35,8.26,12.05,11.8,10.73,8.99,10.02,8.46,9.12,15.82,8.72,17.21,11.39,1.73,2.26,1.19,2.62,1.0,1.51,2.98,1.55,2.86,3.45,3.55,4.57,3.52,4.16,2.98,4.62,2.99,1.31,2.65,2.05,4.13,12.12,10.1,9.88,9.92,10.92,9.34,10.1,2.7,3.59,2.75,2.67,16.0
00-0034675,Jessie Bates,ATL,S,1.0,2173,measured,14.8,14.14,13.3,15.28,7.83,13.63,11.8,15.05,13.4,15.03,12.17,18.73,8.59,15.36,14.1,11.39,3.42,3.38,4.69,4.41,1.89,3.55,4.01,6.34,2.21,1.55,4.69,3.98,1.48,2.87,4.86,2.76,3.33,2.02,3.08,1.68,3.26,14.83,13.46,14.33,14.32,15.32,9.21,17.05,2.19,3.55,2.35,3.49,5.41
00-0036431,Jordan Fuller,ATL,S,2.0,1242,measured,10.4,11.23,13.1,14.31,8.2,14.48,11.8,10.94,7.9,7.86,9.24,13.86,8.59,5.47,7.34,13.92,3.03,4.26,3.01,2.94,3.5,3.3,1.79,3.49,4.47,3.53,4.89,1.64,3.58,4.41,2.05,5.51,4.19,2.41,1.67,3.27,2.16,5.13,10.61,11.81,10.8,11.8,9.32,8.2,3.23,4.1,2.35,4.01,13.65
00-0034779,Ronnie Harrison,ATL,S,,268,measured,9.3,13.62,13.79,14.14,8.79,13.33,11.8,11.93,6.77,6.46,12.04,9.14,11.48,6.92,15.5,7.09,4.24,2.87,3.61,2.42,4.76,2.62,3.69,5.58,4.44,2.43,2.27,2.71,3.9,4.2,4.43,3.93,2.99,3.66,4.86,3.63,3.62,9.31,8.02,8.62,7.11,8.11,9.5,7.55,1.85,3.36,3.81,3.25,12.6
00-0040148,Xavier Watts,ATL,S,1.0,0,prior,14.5,13.46,14.38,14.38,7.89,14.5,11.8,12.15,12.72,12.1,5.36,13.98,8.73,10.4,11.05,11.39,5.13,1.61,4.91,2.69,2.42,2.0,3.07,2.3,4.41,2.18,2.63,1.76,2.88,3.34,3.29,3.2,1.73,1.87,4.69,2.96,2.17,11.87,12.67,12.39,16.13,17.13,9.23,17.62,1.72,2.41,2.81,2.73,11.11
00-0036429,Charlie Woerner,ATL,TE,2.0,697,measured,12.3,9.6,11.8,10.82,10.67,13.65,11.8,11.14,8.4,10.02,7.19,9.3,8.31,15.17,15.46,11.39,4.68,4.34,4.65,3.43,3.42,2.69,3.84,7.89,4.41,9.41,13.19,12.17,15.38,7.86,9.62,16.83,12.8,13.7,3.68,3.31,2.04,2.94,4.2,3.99,2.3,1.82,3.27,2.0,4.29,3.85,4.04,2.58,1.95
00-0036825,Feleipe Franks,ATL,TE,4.0,57,prior,8.8,12.18,12.35,12.74,9.09,12.36,11.8,7.7,4.7,8.5,6.61,5.06,8.24,8.55,15.33,14.38,2.52,2.65,3.63,2.23,2.48,1.0,1.89,15.28,3.91,2.98,6.76,7.45,7.2,6.89,7.86,10.64,10.84,7.36,4.21,2.58,2.77,2.64,2.89,2.99,4.22,2.77,2.53,3.27,1.96,3.6,5.53,5.84,5.15
00-0040552,Joshua Simon,ATL,TE,,0,prior,10.4,11.1,12.15,11.9,8.81,13.07,11.8,8.61,4.94,8.25,7.31,14.79,15.24,10.4,11.05,11.39,1.63,2.33,2.68,3.05,3.02,1.95,1.47,13.6,1.18,12.23,16.02,9.46,9.06,9.21,9.72,10.97,10.38,7.69,3.29,3.43,4.15,3.05,2.43,3.1,1.63,1.83,1.66,2.95,3.14,2.59,2.8,3.72,2.0
00-0036970,Kyle Pitts,ATL,TE,1.0,1297,measured,12.3,15.7,17.1,12.4,11.33,14.44,11.8,10.29,12.46,7.9,9.48,11.68,13.13,12.47,14.68,14.99,4.13,2.16,3.99,1.0,3.77,3.52,3.04,18.83,2.8,6.47,10.25,14.18,10.25,14.55,12.0,7.99,14.87,4.71,4.01,4.87,3.53,3.52,3.63,2.54,3.35,2.65,3.33,2.16,4.04,3.5,2.97,1.81,4.86
00-0037277,Teagan Quitoriano,ATL,TE,3.0,332,measured,9.5,10.34,11.58,12.08,11.33,12.82,11.8,7.49,3.86,5.31,7.89,16.99,11.29,12.1,14.11,11.39,2.63,1.42,3.23,1.42,5.57,2.07,4.75,14.86,3.69,9.24,13.03,10.14,9.12,7.36,8.22,6.57,12.49,3.29,3.27,1.78,4.87,1.47,2.15,1.69,3.39,1.5,3.33,2.65,2.35,4.48,1.95,3.77,3.17
00-0039394,Casey Washington,ATL,WR,2.0,9,prior,8.1,14.43,14.92,13.46,7.21,14.91,11.8,8.86,6.04,4.4,3.95,11.44,11.92,6.02,4.34,11.39,3.16,2.99,3.07,3.58,2.52,2.87,1.39,12.92,6.2,13.43,12.12,3.99,3.86,5.13,5.99,4.08,1.28,4.24,2.62,4.18,3.8,2.7,4.11,4.14,2.68,5.51,3.14,2.69,3.47,2.61,4.0,3.22,17.13
00-0036463,Chris Blair,ATL,WR,,30,prior,9.1,14.31,15.06,13.86,6.61,14.78,11.8,11.01,7.92,8.84,7.37,14.75,8.76,14.69,11.05,11.39,2.44,1.85,4.78,1.87,2.39,2.62,1.76,9.71,5.43,11.44,10.13,7.93,4.08,5.91,6.46,2.79,2.16,2.89,2.69,3.64,2.68,2.37,2.87,1.91,2.42,2.71,3.44,1.83,3.21,1.84,3.72,2.46,12.56
00-0036309,Darnell Mooney,ATL,WR,1.0,1673,measured,14.0,17.09,16.69,14.63,4.5,15.75,11.8,13.67,11.61,11.16,10.83,14.76,10.8,14.31,6.39,7.48,3.74,2.98,2.59,4.16,5.29,4.21,1.55,14.18,10.0,10.78,9.47,13.82,14.11,12.25,12.88,2.38,4.55,3.96,3.15,4.44,2.31,3.02,3.66,4.13,4.24,2.68,4.63,3.1,5.08,2.11,4.54,2.51,14.53
00-0035359,David Sills,ATL,WR,2.0,124,measured,8.8,12.19,11.96,13.08,7.0,14.34,11.8,10.44,8.31,9.82,7.26,16.97,8.05,14.15,11.05,11.39,1.96,2.15,3.76,1.24,2.27,2.21,3.32,9.6,5.61,11.02,9.71,7.16,4.56,7.09,8.08,5.66,3.35,1.55,2.11,2.8,1.96,3.4,3.31,3.14,3.32,3.66,2.61,4.54,2.76,3.17,3.39,3.5,14.87
00-0037238,Drake London,ATL,WR,1.0,1865,measured,13.7,13.82,14.95,13.77,6.7,14.84,11.8,12.26,10.6,12.39,7.65,11.24,13.73,15.03,14.97,16.67,2.82,2.73,3.51,4.53,4.04,2.75,4.2,14.56,11.45,7.66,6.35,13.27,13.94,14.28,14.25,2.33,2.86,2.84,3.84,3.17,1.81,2.61,2.36,2.5,2.61,1.63,3.22,2.09,2.09,2.62,3.72,3.14,10.24
00-0038953,Dylan Drummond,ATL,WR,,1,prior,8.1,14.95,15.28,14.14,6.26,14.64,11.8,6.64,8.55,7.6,6.78,8.19,16.64,12.41,11.05,11.39,2.52,3.69,4.3,2.09,4.24,2.47,2.06,12.93,4.66,13.02,11.71,5.97,3.84,3.84,3.84,2.87,3.59,5.52,3.85,3.74,1.64,3.59,1.29,1.69,2.49,3.53,3.07,4.72,3.9,3.58,1.8,4.67,16.44
00-0033572,Jamal Agnew,ATL,WR,3.0,192,measured,11.3,14.13,14.19,12.83,7.12,14.17,11.8,13.44,10.62,11.78,9.67,10.99,9.85,4.92,15.64,7.59,3.66,5.04,2.47,2.0,1.09,2.67,3.15,7.3,8.09,9.68,8.37,11.86,6.87,10.89,9.06,6.27,2.65,3.12,2.82,2.34,3.89,3.97,1.67,2.81,2.76,3.66,3.83,1.41,3.87,1.46,2.73,2.12,15.57
00-0034854,KhaDarel Hodge,ATL,WR,2.0,537,measured,10.8,12.93,13.67,12.52,6.95,13.84,11.8,12.0,9.79,10.26,9.29,8.47,12.35,11.93,7.4,14.64,3.33,4.95,2.88,2.25,3.36,2.47,2.56,8.22,12.54,16.78,15.47,7.73,7.68,10.86,10.5,3.11,2.59,2.96,2.84,1.42,3.83,1.72,4.94,3.96,3.07,3.08,3.65,3.05,4.02,2.07,2.69,1.56,12.95
00-0040551,Nick Nash,ATL,WR,,0,prior,9.5,12.92,14.22,14.3,5.98,13.86,11.8,10.89,8.56,6.72,6.31,10.76,12.35,10.4,11.05,11.39,3.76,1.67,4.86,3.5,4.26,2.94,2.12,7.11,7.71,12.37,11.07,6.32,6.75,8.0,8.16,2.37,2.9,3.7,1.0,1.76,1.31,2.71,4.75,3.47,4.83,4.04,5.35,3.9,2.11,3.19,1.0,3.27,8.54
00-0034407,Ray-Ray McCloud,ATL,WR,1.0,1158,measured,12.1,13.38,11.84,13.09,6.5,12.42,11.8,13.88,8.37,11.38,12.04,11.28,11.01,12.27,14.66,8.1,3.92,3.26,4.25,1.61,4.48,1.25,4.78,9.33,10.67,13.31,12.0,14.04,13.01,10.15,9.19,4.68,2.93,4.83,2.65,3.58,2.13,2.81,2.73,2.64,3.14,3.26,2.76,5.49,5.06,2.7,1.68,2.77,15.41
00-0039242,Corey Bullock,BAL,C,2.0,0,prior,9.8,4.16,5.5,6.53,9.98,8.66,11.8,9.24,9.84,7.49,7.24,10.91,15.4,10.4,11.05,11.39,1.86,1.99,1.71,3.29,2.95,3.46,3.24,3.18,3.57,5.42,3.27,1.03,4.05,2.52,2.04,10.1,10.75,3.14,3.71,2.08,2.66,2.5,3.43,3.85,3.12,3.87,3.21,3.85,1.9,3.4,4.25,3.03,2.86
00-0039237,Nick Samac,BAL,C,,0,prior,10.1,3.97,5.66,6.63,12.73,8.37,11.8,7.83,6.73,5.15,5.28,10.33,13.98,10.4,11.05,11.39,4.92,2.77,3.0,1.99,3.08,3.19,1.6,3.78,2.4,2.27,3.49,3.77,3.53,2.82,2.36,10.74,10.42,5.29,2.06,3.12,1.0,3.62,2.74,3.34,2.73,4.0,2.06,1.83,2.16,1.0,4.4,1.74,4.0
00-0037825,Tyler Linderbaum,BAL,C,1.0,2043,measured,13.5,4.99,6.25,7.87,12.71,8.81,11.8,9.62,9.97,13.18,8.13,7.42,12.43,14.01,7.12,18.03,2.93,3.18,3.72,2.56,3.19,1.54,3.24,3.78,3.61,4.12,1.17,2.5,2.5,2.23,4.19,19.4,11.71,1.21,1.61,4.0,4.5,2.27,2.75,4.79,1.63,3.6,5.2,2.06,4.0,3.72,3.74,2.95,3.18
00-0040073,Bilhal Kone,BAL,CB,3.0,0,prior,9.3,15.93,16.07,14.04,6.56,12.8,11.8,8.07,11.54,10.36,5.64,10.24,8.81,10.4,11.05,11.39,2.88,5.64,1.22,2.31,1.9,3.16,1.95,4.75,2.76,2.67,3.51,3.02,3.46,3.91,4.07,3.82,2.34,2.51,4.11,2.19,2.54,6.91,11.75,15.41,5.58,5.58,10.13,4.91,4.4,3.87,2.8,3.4,12.35
00-0033548,Chidobe Awuzie,BAL,CB,2.0,1023,measured,11.9,15.19,16.93,15.55,8.0,14.51,11.8,12.44,9.68,8.98,9.59,12.34,12.53,4.61,17.92,8.36,3.89,2.5,2.36,3.98,4.08,1.77,1.94,3.36,3.8,1.0,3.62,3.35,1.0,1.76,3.56,2.72,3.33,4.17,2.06,2.87,2.74,1.0,7.69,10.76,10.4,10.4,10.56,10.97,2.66,2.56,3.69,4.97,6.6
00-0034728,Jaire Alexander,BAL,CB,1.0,997,measured,15.3,16.9,17.23,18.31,7.0,14.7,11.8,15.76,13.19,15.09,12.7,9.51,16.05,4.09,4.37,4.07,2.93,3.56,4.61,5.3,3.31,5.13,4.48,3.79,1.9,2.56,3.37,2.45,2.35,3.85,3.71,4.3,2.38,1.77,1.87,3.24,3.87,6.96,5.08,11.14,15.74,15.74,10.26,17.6,2.71,1.0,3.23,2.63,6.23
00-0040636,Keyon Martin,BAL,CB,3.0,0,prior,8.9,15.21,15.59,13.19,6.69,14.63,11.8,7.32,7.14,5.53,4.65,8.07,12.42,10.4,11.05,11.39,4.0,3.81,2.18,1.94,2.89,1.96,3.2,2.82,3.58,4.27,2.48,3.78,2.38,5.08,2.94,3.42,4.49,4.8,3.25,2.55,1.79,7.23,12.31,15.31,5.24,5.24,10.17,4.53,3.54,3.06,1.68,3.61,14.19
00-0033281,Marlon Humphrey,BAL,CB,1.0,1618,measured,15.3,16.02,16.16,15.56,5.0,14.85,11.8,15.58,16.16,13.94,14.69,10.49,9.57,8.21,13.92,17.75,3.67,2.64,2.26,3.5,1.0,2.85,1.87,2.73,1.0,1.48,3.56,3.06,2.61,4.19,2.93,3.08,1.0,3.82,3.69,4.79,1.95,12.77,7.56,10.73,16.47,16.47,9.66,17.8,3.73,2.2,2.42,3.98,6.15
00-0040112,Marquise Robinson,BAL,CB,,0,prior,8.9,15.02,15.81,14.08,6.61,15.09,11.8,9.65,9.69,8.39,4.88,8.24,7.85,10.4,11.05,11.39,2.92,3.38,2.05,2.96,2.55,3.2,4.82,2.14,4.36,3.97,2.82,2.82,3.16,3.43,3.01,3.71,2.38,4.55,2.84,2.09,2.7,7.23,12.31,15.24,5.24,5.24,10.15,4.53,3.81,2.88,3.62,2.35,14.19
00-0039232,Nate Wiggins,BAL,CB,1.0,622,measured,15.0,19.4,18.66,13.95,6.42,15.51,11.8,12.23,15.51,11.24,9.42,6.45,10.66,8.68,15.71,7.95,3.84,2.93,2.12,3.46,2.75,2.11,2.52,3.72,3.58,1.93,3.91,3.48,3.71,4.72,3.68,4.5,1.8,3.07,1.81,2.83,4.19,7.13,4.98,15.08,15.68,15.68,10.09,13.29,4.53,1.67,4.41,2.82,7.78
00-0040077,Robert Longerbeam,BAL,CB,2.0,0,prior,10.3,16.86,18.54,13.62,6.62,16.54,11.8,7.57,8.79,8.38,2.34,12.61,9.78,10.4,11.05,11.39,3.25,3.61,2.87,2.68,3.25,4.28,3.64,1.69,2.76,1.95,4.01,2.93,3.85,1.49,4.88,3.39,3.77,5.75,3.6,1.0,3.17,6.91,11.45,15.36,7.04,7.04,10.15,5.96,2.24,2.68,4.1,3.02,12.97
00-0039234,T.J. Tampa,BAL,CB,2.0,17,prior,9.1,14.99,15.79,14.22,6.83,15.19,11.8,10.84,5.34,9.83,8.7,10.47,11.84,5.61,16.67,4.46,3.22,3.93,2.91,4.18,2.61,3.81,2.42,2.05,2.52,1.93,3.53,1.53,1.57,4.03,3.61,2.91,2.42,2.61,1.97,1.1,3.38,7.9,11.5,16.58,5.79,5.79,10.21,4.15,2.31,1.95,3.43,3.12,7.25
00-0036908,Thomas Graham Jr.,BAL,CB,,16,prior,8.2,14.54,14.59,13.45,6.5,13.8,11.8,10.78,7.94,9.12,10.44,8.57,14.2,15.11,11.05,11.39,2.75,3.04,3.04,1.32,1.0,4.46,2.42,4.47,2.77,3.37,2.27,2.27,1.67,3.85,3.0,2.63,4.53,2.23,2.66,2.97,3.82,7.91,12.38,16.51,4.07,4.07,10.11,4.01,1.21,1.66,3.98,2.61,7.68
00-0040076,Aeneas Peebles,BAL,DT,2.0,0,prior,8.6,7.47,8.13,6.67,14.32,11.27,11.8,7.35,7.28,8.38,8.49,11.25,10.79,10.4,11.05,11.39,1.42,1.39,1.81,5.02,3.3,4.36,1.33,4.13,3.49,2.85,2.71,2.24,2.7,3.11,5.1,1.58,3.17,2.53,7.98,6.65,6.86,7.6,8.08,11.3,3.1,2.06,2.94,2.93,4.22,2.78,2.78,2.92,2.18
00-0039176,Basil Okoye,BAL,DT,,0,prior,5.9,4.99,6.4,6.42,12.16,8.6,11.8,8.79,6.24,6.33,7.55,16.69,10.7,10.4,11.05,11.39,5.18,4.69,1.48,1.86,2.75,3.58,2.76,3.11,2.06,2.51,3.26,2.57,1.97,1.0,2.82,2.06,3.48,1.46,4.78,3.33,4.8,5.17,3.81,12.15,2.36,1.0,2.37,2.82,4.88,1.68,3.21,3.37,4.21
00-0031177,Brent Urban,BAL,DT,,497,measured,10.3,4.72,5.88,6.1,11.39,7.68,11.8,11.67,7.02,9.39,13.31,11.09,9.6,12.15,5.8,7.74,2.37,4.02,2.86,3.23,1.97,1.89,3.01,1.31,1.82,4.1,3.85,2.84,4.3,1.0,3.86,3.21,3.64,2.45,8.95,7.67,10.49,12.05,13.62,6.37,3.73,2.42,4.24,1.0,2.93,5.36,3.79,3.57,2.0
00-0036081,Broderick Washington,BAL,DT,1.0,878,measured,11.5,5.61,6.79,5.74,12.0,9.11,11.8,10.88,8.65,8.91,8.78,11.18,14.21,7.97,7.02,6.36,1.85,4.77,2.93,2.68,1.88,3.27,3.68,2.88,3.59,4.67,3.43,1.55,4.65,2.51,1.16,2.6,2.64,3.84,10.42,9.24,12.74,14.57,10.02,5.12,3.09,3.8,3.77,2.83,4.5,4.47,4.53,2.95,3.09
00-0030070,John Jenkins,BAL,DT,2.0,1048,measured,10.0,1.0,2.26,1.94,15.24,5.42,11.8,12.26,8.37,5.54,14.09,14.27,11.61,11.93,7.44,15.42,4.84,4.09,2.76,3.95,2.33,3.68,3.24,3.0,4.0,2.42,2.78,3.57,4.09,3.92,1.27,1.22,2.67,2.47,9.05,5.12,9.56,11.43,12.96,2.85,3.12,5.53,2.98,3.35,2.85,1.4,1.42,2.92,4.9
00-0040658,Kaimon Rucker,BAL,DT,,0,prior,9.3,8.94,10.59,9.4,13.85,12.56,11.8,8.56,8.59,10.13,5.72,10.8,11.39,10.4,11.05,11.39,3.01,2.28,4.74,4.34,3.2,3.2,2.7,2.44,4.92,1.57,4.05,1.42,2.65,3.85,1.97,5.45,3.77,3.79,7.82,7.16,8.39,8.91,8.59,10.54,4.43,1.45,3.25,4.22,1.0,1.28,3.16,1.0,4.26
00-0036130,Nnamdi Madubuike,BAL,DT,1.0,1503,measured,16.0,8.93,8.86,8.31,15.7,9.66,11.8,15.34,12.96,16.35,11.76,7.93,17.87,11.93,7.36,6.36,2.31,4.34,2.42,2.15,2.28,2.18,2.61,2.88,3.45,3.41,2.73,1.46,3.6,1.22,4.1,1.77,3.09,1.5,17.5,16.45,18.16,16.66,13.24,10.22,3.15,3.66,1.31,4.0,2.68,2.95,3.09,4.08,1.38
00-0037756,Travis Jones,BAL,DT,1.0,981,measured,13.2,7.73,8.47,9.14,13.22,9.06,11.8,9.78,10.73,10.16,8.72,9.49,12.65,14.29,14.63,18.18,2.84,3.61,2.0,1.69,1.65,3.69,3.3,2.41,4.04,4.41,3.73,1.84,4.16,2.4,3.78,4.65,2.86,4.22,12.34,11.48,13.55,15.69,15.32,9.87,1.91,1.4,1.05,2.85,2.74,3.62,3.45,2.75,3.13
00-0039791,Adisa Isaac,BAL,EDGE,3.0,30,prior,7.4,10.15,12.82,11.81,10.48,14.08,11.8,7.54,9.8,5.76,5.7,8.71,13.38,4.74,6.5,5.91,3.47,1.88,4.56,1.94,3.38,4.1,2.31,5.82,1.98,2.9,3.7,3.24,2.82,2.36,2.32,2.88,1.77,2.39,5.31,5.41,6.05,7.74,4.77,11.75,5.8,6.8,3.27,1.86,4.39,2.64,2.07,3.66,4.17
00-0038142,David Ojabo,BAL,EDGE,3.0,319,measured,9.9,13.29,14.17,11.05,10.54,14.15,11.8,10.92,8.91,9.72,7.0,8.02,9.74,6.81,15.3,15.42,3.11,2.94,3.47,2.19,3.6,2.5,3.61,3.69,3.34,3.38,3.66,4.17,3.34,2.36,3.61,4.25,1.0,3.88,8.16,9.34,9.32,9.02,6.44,12.22,5.8,6.8,2.34,5.01,5.53,4.3,1.69,3.29,2.41
00-0031360,Kyle Van Noy,BAL,EDGE,1.0,1203,measured,11.8,8.36,8.05,10.62,10.67,9.7,11.8,13.68,7.48,16.83,12.73,10.85,12.94,13.71,15.16,16.23,3.08,3.58,3.72,4.03,1.9,2.65,2.54,3.47,1.35,1.33,3.44,2.48,5.6,3.67,2.31,4.82,3.68,3.11,14.3,13.71,13.08,10.95,9.75,10.31,5.8,6.8,2.42,3.83,2.92,3.79,2.67,1.55,3.68
00-0038448,Malik Hamm,BAL,EDGE,,0,prior,6.6,11.55,12.83,11.73,10.74,13.62,11.8,7.23,4.75,3.91,7.29,10.78,14.2,10.4,11.05,4.4,4.56,1.0,4.93,2.75,2.85,3.44,1.34,3.22,2.65,3.32,2.99,2.67,1.0,1.94,5.49,2.03,2.92,3.83,4.38,4.88,4.63,4.63,3.63,10.73,5.8,6.8,3.18,1.45,5.45,2.39,3.81,4.75,2.23
00-0040722,Mike Green,BAL,EDGE,2.0,0,prior,9.5,11.39,12.68,11.58,14.31,13.54,11.8,7.1,8.76,8.43,4.93,7.45,15.21,10.4,11.05,11.39,2.6,1.95,3.4,4.57,2.25,3.3,3.54,2.93,3.35,3.42,3.13,3.07,2.59,1.19,1.87,2.88,1.0,3.44,9.03,8.22,7.52,7.87,8.43,12.26,5.8,6.8,2.36,3.74,2.36,3.05,3.63,3.97,2.84
00-0036940,Odafe Oweh,BAL,EDGE,1.0,1132,measured,14.7,17.55,18.91,15.45,10.67,17.96,11.8,12.59,10.38,11.76,8.93,14.19,10.53,12.3,4.42,17.8,1.0,2.23,3.66,1.8,3.41,2.78,3.73,3.05,2.55,2.93,3.3,2.94,4.89,2.03,2.34,3.88,2.48,2.29,13.46,16.09,12.89,13.59,13.29,14.18,5.8,6.8,2.49,4.64,3.58,4.23,4.23,2.49,2.35
00-0038505,Tavius Robinson,BAL,EDGE,2.0,667,measured,9.2,11.38,12.68,9.73,12.0,13.22,11.8,8.69,10.58,7.36,7.75,11.61,11.11,14.69,11.05,11.39,2.02,1.9,3.06,2.7,3.58,4.33,4.53,3.03,2.59,2.84,4.56,2.85,1.96,1.1,1.84,3.68,2.45,3.03,8.36,8.36,7.68,7.79,7.97,13.57,5.8,6.8,2.84,2.91,3.46,2.95,3.23,4.19,3.18
00-0040637,Lucas Scott,BAL,FB,,0,prior,9.3,10.34,11.26,10.26,9.64,12.41,11.8,6.5,2.09,6.52,3.05,13.62,12.39,10.4,11.05,11.39,2.48,1.0,1.73,3.2,2.69,2.31,2.7,5.0,3.38,4.76,11.34,6.68,2.36,2.6,3.15,9.64,4.21,10.64,5.22,2.97,2.07,4.13,5.02,2.12,1.77,2.49,2.91,3.58,2.76,1.29,2.54,2.38,2.91
00-0033376,Patrick Ricard,BAL,FB,1.0,977,measured,16.3,9.2,10.12,9.28,9.64,11.46,11.8,11.67,15.11,15.43,13.94,12.48,11.21,17.5,11.05,7.52,1.89,2.1,1.66,4.05,2.93,1.72,2.75,9.02,3.39,11.45,17.47,10.12,3.53,3.63,1.64,18.1,16.4,19.47,3.95,2.63,2.77,2.87,1.72,3.57,2.67,2.82,1.77,2.56,3.39,4.81,3.37,3.92,3.18
00-0040074,Tyler Loop,BAL,K,1.0,0,prior,11.4,10.35,11.27,10.24,9.64,12.42,12.97,10.78,4.89,5.0,8.46,9.6,17.86,10.4,11.05,11.39,2.83,3.56,2.05,4.82,2.91,5.13,3.86,4.31,2.97,4.02,4.15,2.14,4.38,3.1,3.63,1.34,3.8,2.15,2.53,4.0,4.21,2.74,3.94,1.57,3.2,4.17,4.9,3.4,12.34,10.56,2.53,3.87,3.73
00-0040108,Chandler Martin,BAL,LB,,0,prior,11.7,11.82,12.4,11.43,10.87,13.09,11.8,8.59,10.82,9.21,5.53,15.17,8.64,10.4,11.05,11.39,2.91,5.2,3.78,3.76,2.0,1.0,3.76,3.22,3.9,1.92,3.25,3.43,1.81,3.26,4.64,2.94,1.02,2.78,7.06,6.83,13.17,12.69,13.24,15.4,8.96,10.46,3.9,9.27,3.91,3.2,3.3,3.08,3.06
00-0037633,Jacob Hummel,BAL,LB,2.0,99,prior,10.2,11.96,12.73,11.86,10.44,13.3,11.8,11.09,6.42,10.64,7.57,7.38,10.95,8.54,14.59,11.39,2.78,3.3,2.13,4.03,3.84,3.26,3.41,3.65,3.57,2.41,3.14,5.11,2.28,3.84,1.48,3.14,2.17,4.17,9.88,9.84,8.35,9.95,11.08,14.42,4.74,6.24,3.13,2.46,3.42,2.39,4.09,2.6,3.19
00-0040100,Jay Higgins,BAL,LB,2.0,0,prior,10.7,9.07,9.13,12.9,10.17,11.63,11.8,7.94,6.93,8.68,5.81,12.59,18.09,10.4,11.05,11.39,2.51,3.47,3.67,3.0,1.84,2.24,2.79,3.2,3.03,1.73,1.96,4.3,3.78,2.94,3.39,4.22,3.38,2.86,7.41,6.46,11.5,12.15,12.48,12.82,9.0,10.5,2.73,6.11,3.11,3.8,3.74,3.04,4.04
00-0034874,Roquan Smith,BAL,LB,1.0,2043,measured,15.6,13.95,13.72,11.74,10.44,13.19,11.8,13.28,15.85,15.23,9.73,9.76,9.47,17.5,11.05,8.06,2.26,2.85,2.31,2.04,3.39,3.35,1.0,3.05,2.96,3.96,2.34,3.73,1.0,3.36,3.55,3.4,1.72,2.04,6.07,6.73,16.08,17.93,19.4,16.57,14.05,15.55,2.71,11.46,4.59,3.74,2.4,4.02,3.76
00-0040069,Teddye Buchanan,BAL,LB,3.0,0,prior,11.0,12.37,14.42,12.58,13.39,17.2,11.8,7.85,9.2,9.69,5.92,10.73,7.22,10.4,11.05,11.39,2.58,2.35,1.67,3.38,1.74,2.37,4.33,2.38,1.35,4.04,3.84,1.8,3.58,4.47,2.18,1.0,2.51,2.85,7.63,6.71,11.64,11.71,11.43,15.13,8.73,10.23,2.61,9.0,3.28,2.12,4.72,2.16,2.35
00-0038504,Trenton Simpson,BAL,LB,1.0,631,measured,12.4,15.93,15.11,12.39,12.92,13.5,11.8,8.68,9.38,10.82,9.54,8.37,13.49,12.58,6.39,11.39,2.36,2.35,2.4,2.49,2.19,1.97,3.23,3.91,3.4,2.68,3.41,3.56,3.2,2.71,2.55,2.18,3.73,4.12,12.57,13.06,15.96,15.89,11.21,13.8,7.65,9.15,1.87,5.22,4.72,3.61,2.6,2.43,4.32
00-0035408,Nick Moore,BAL,LS,1.0,0,prior,9.2,8.9,9.75,9.22,9.53,11.07,12.09,11.72,7.64,9.69,11.44,6.28,14.54,15.11,11.05,11.39,4.77,3.69,2.47,3.29,2.9,2.25,2.21,1.41,2.26,3.65,3.86,2.97,3.93,4.67,3.0,2.2,2.26,3.01,3.12,2.57,1.67,3.63,2.81,3.48,2.17,3.84,1.22,1.97,4.36,4.7,3.18,1.65,4.11
00-0038383,Andrew Vorhees,BAL,OG,1.0,247,measured,14.2,3.82,5.51,5.7,12.75,8.69,11.8,11.26,12.78,10.99,9.11,12.68,13.84,8.68,16.67,5.91,2.4,1.25,3.37,3.08,3.14,4.21,2.68,2.19,2.59,3.19,2.66,2.74,4.62,3.92,4.03,16.26,16.67,2.62,3.03,3.6,2.18,2.97,6.08,2.12,3.82,1.0,3.56,4.42,1.87,2.3,2.58,3.42,2.38
00-0036977,Ben Cleveland,BAL,OG,2.0,189,measured,10.7,6.0,6.0,4.33,15.24,7.87,11.8,10.11,8.24,9.64,10.19,6.36,9.52,12.24,7.52,8.05,1.84,1.17,1.61,3.05,3.91,3.64,4.29,2.34,2.44,3.45,3.21,1.96,2.14,4.31,1.96,10.57,10.48,2.5,3.23,2.98,3.93,3.27,2.86,2.1,3.08,3.56,4.41,2.95,2.84,1.79,2.33,3.84,4.74
00-0038118,Daniel Faalele,BAL,OG,1.0,1197,measured,12.0,2.0,4.08,4.78,12.46,7.6,11.8,9.91,9.63,11.57,9.51,8.6,6.17,15.68,11.05,15.42,2.74,2.18,2.05,1.0,3.06,3.35,3.17,3.88,2.06,2.26,4.42,2.68,2.43,3.06,3.73,16.8,9.6,3.09,1.6,4.61,2.88,2.47,1.6,2.62,4.62,3.16,4.01,3.09,3.42,1.26,4.9,1.65,3.42
00-0040068,Emery Jones Jr.,BAL,OG,2.0,0,prior,9.9,4.14,5.86,5.46,12.94,8.52,11.8,7.96,7.87,6.18,5.46,12.02,9.26,10.4,11.05,11.39,1.59,3.74,3.8,2.66,3.36,3.32,2.56,3.06,3.65,3.09,4.32,2.22,3.7,2.62,3.43,9.96,10.17,1.67,3.07,1.49,2.83,2.51,3.23,4.07,4.83,3.8,2.98,2.8,2.79,3.91,2.21,2.07,1.68
00-0040110,Jared Penning,BAL,OG,,0,prior,11.5,3.4,5.02,4.53,13.01,7.93,11.8,8.77,6.59,9.6,5.28,14.84,14.06,10.4,11.05,11.39,1.89,2.18,3.35,2.87,1.49,1.87,2.2,3.68,2.73,2.46,2.23,4.37,3.59,4.44,4.96,10.77,14.47,3.12,3.53,2.91,4.0,3.13,3.41,4.13,2.84,3.57,2.33,1.07,3.44,3.45,2.85,3.36,2.67
00-0040070,Carson Vinson,BAL,OT,2.0,0,prior,10.4,5.07,7.33,6.72,11.61,9.18,11.8,7.7,5.77,3.32,5.3,9.44,7.59,10.4,11.05,11.39,3.08,1.65,4.6,4.65,3.02,3.26,4.35,3.11,3.7,2.13,2.82,2.11,4.11,3.31,3.54,11.63,11.07,3.68,3.97,3.64,1.88,1.42,3.27,4.08,3.12,2.97,2.21,3.42,2.94,3.5,2.93,1.58,4.75
00-0040098,Gerad Lichtenhan,BAL,OT,,0,prior,10.4,3.4,5.47,4.95,11.18,8.04,11.8,7.35,7.03,8.57,5.45,14.05,11.17,10.4,11.05,11.39,2.94,3.64,4.14,1.46,3.0,2.15,4.53,2.23,3.06,3.84,2.9,3.11,4.74,3.47,4.13,12.57,11.2,3.81,2.54,2.96,4.68,1.28,2.5,2.8,2.29,3.43,2.12,3.22,2.58,2.12,3.94,2.29,3.42
00-0034803,Joe Noteboom,BAL,OT,2.0,726,measured,10.8,6.43,5.83,7.47,13.85,4.64,11.8,11.47,6.88,5.81,9.11,9.45,10.61,5.19,17.32,7.64,3.08,2.18,2.82,1.83,2.23,1.0,3.85,3.5,3.44,2.09,3.36,2.28,2.62,4.48,2.13,10.96,11.29,4.99,3.06,4.1,2.97,3.44,3.27,2.47,2.55,1.58,3.19,2.4,4.44,2.73,2.39,4.15,1.76
00-0039233,Roger Rosengarten,BAL,OT,1.0,849,measured,11.3,7.73,9.12,6.5,12.79,10.15,11.8,8.01,7.96,6.68,8.26,10.63,12.18,12.99,11.05,11.39,2.72,3.85,2.66,3.72,1.33,1.65,3.98,2.76,2.68,3.25,2.08,2.58,3.44,3.7,3.82,17.72,8.35,3.71,2.46,3.57,5.29,3.12,2.24,3.04,4.78,3.34,3.32,2.51,5.61,3.49,3.4,2.82,2.01
00-0032965,Ronnie Stanley,BAL,OT,1.0,1710,measured,15.2,2.79,4.65,1.78,11.94,7.58,11.8,13.61,12.18,14.15,12.07,12.37,11.28,5.38,4.96,7.27,1.0,2.57,2.16,4.2,3.12,3.17,1.74,3.03,3.61,2.78,3.86,2.95,4.16,4.34,3.01,19.4,18.62,1.19,3.54,2.48,3.41,4.15,2.87,2.93,1.33,2.94,1.0,1.78,3.4,4.09,4.18,1.01,4.2
00-0038094,Jordan Stout,BAL,P,1.0,74,measured,13.0,11.54,11.62,9.67,9.83,12.07,12.79,10.81,9.12,10.37,8.54,8.25,10.7,15.68,11.05,14.38,2.42,3.66,2.54,2.27,3.17,3.28,3.97,4.15,2.88,3.65,1.2,3.35,3.32,3.54,3.2,2.58,3.88,2.9,5.63,3.19,2.55,1.67,3.42,2.49,2.34,3.13,3.76,1.0,2.15,3.92,16.75,9.23,2.97
00-0033662,Cooper Rush,BAL,QB,2.0,700,measured,9.5,6.27,6.07,9.32,9.76,6.62,11.8,10.29,8.98,5.99,13.08,13.98,9.98,17.5,11.05,11.39,7.35,5.21,11.52,10.88,8.63,15.82,8.44,11.58,4.9,4.01,2.17,3.06,4.33,1.4,2.42,2.29,1.45,1.85,2.64,5.31,3.19,3.05,2.43,2.78,2.81,5.34,3.85,3.33,3.92,2.37,5.8,2.93,3.79
00-0034796,Lamar Jackson,BAL,QB,1.0,1951,measured,15.8,9.55,9.91,11.76,9.76,10.7,11.8,15.64,15.0,15.63,14.2,12.56,8.79,12.04,4.93,5.5,15.13,13.89,18.45,14.97,16.45,15.35,18.37,10.57,3.28,10.41,3.17,4.07,3.18,2.7,2.27,2.12,3.5,2.73,2.73,3.99,2.1,1.69,3.5,3.34,2.4,4.16,2.99,1.43,4.81,2.85,2.63,4.16,3.15
00-0035993,Tyler Huntley,BAL,QB,,450,measured,8.6,10.06,10.27,12.1,9.76,10.94,11.8,7.61,7.83,5.52,8.73,14.53,12.44,17.5,11.05,7.51,7.73,8.08,12.45,8.02,6.74,8.83,7.72,4.99,4.65,2.37,3.22,1.8,3.64,5.25,3.72,2.25,2.96,2.7,3.36,3.55,2.68,2.57,3.07,4.25,2.68,3.0,2.47,2.5,2.47,3.2,3.98,4.34,3.28
00-0035628,D'Ernest Johnson,BAL,RB,,314,measured,10.4,13.27,13.5,12.26,8.66,13.26,11.8,11.15,11.46,10.81,7.43,15.6,9.31,17.5,11.05,17.02,2.37,2.58,3.2,3.58,3.17,4.33,4.77,14.36,8.23,8.42,8.17,7.75,2.97,4.71,3.21,3.9,11.69,4.9,2.02,3.67,2.54,2.3,4.31,3.37,3.93,2.31,3.02,2.82,3.63,3.8,4.55,4.17,12.54
00-0032764,Derrick Henry,BAL,RB,1.0,1227,measured,15.4,12.29,14.81,10.16,11.33,15.47,11.8,18.02,13.42,14.78,11.09,9.62,10.84,16.25,14.59,7.19,4.26,3.29,4.65,3.23,2.48,2.78,4.42,13.28,18.9,18.94,19.9,8.21,1.46,9.66,5.25,14.22,9.81,15.22,2.48,3.02,2.69,3.43,2.27,3.76,3.0,3.93,3.67,2.51,3.93,3.49,3.28,2.98,12.91
00-0034975,Justice Hill,BAL,RB,2.0,750,measured,13.4,16.62,17.76,12.79,10.67,17.81,11.8,14.02,12.28,9.76,8.04,11.85,11.67,7.33,7.37,14.28,3.76,3.13,1.55,2.35,4.56,3.47,3.23,12.01,11.72,13.18,11.72,14.37,2.48,9.0,6.22,5.59,11.17,6.59,2.46,2.96,2.91,3.6,3.58,3.06,2.33,4.76,3.92,1.84,1.94,4.54,1.04,1.7,16.35
00-0038454,Keaton Mitchell,BAL,RB,3.0,120,measured,10.1,17.32,17.3,13.59,7.35,16.46,11.8,10.71,3.84,12.62,9.97,14.0,13.66,5.54,15.98,7.3,2.46,2.87,2.85,3.88,2.3,2.76,2.52,13.89,4.96,6.24,5.62,12.87,2.14,9.17,6.78,3.85,5.92,4.85,2.45,3.95,3.7,2.4,3.22,1.9,2.45,4.8,3.33,2.07,3.93,3.56,4.32,3.26,13.36
00-0039796,Rasheen Ali,BAL,RB,4.0,25,prior,8.7,13.76,14.14,12.38,8.71,13.73,11.8,8.51,7.53,7.0,7.44,11.71,16.9,5.24,5.57,5.58,2.59,3.35,3.89,4.03,2.82,3.05,2.52,14.54,5.5,5.11,4.97,6.27,2.63,6.14,5.88,2.19,6.14,3.19,2.73,2.22,2.51,3.49,2.64,2.73,4.08,3.58,5.08,1.8,3.41,3.2,1.0,3.88,12.91
00-0036587,Ar'Darius Washington,BAL,S,3.0,740,measured,11.8,12.18,14.81,14.62,8.5,16.39,11.8,11.45,12.66,11.58,7.63,10.72,10.36,12.09,14.56,8.39,4.18,3.25,3.1,2.24,2.13,3.69,3.94,2.81,3.93,1.15,2.45,4.46,1.97,1.0,4.06,2.87,3.84,3.68,3.59,1.12,3.43,11.75,9.44,10.06,13.35,14.35,9.41,9.27,2.07,3.32,3.65,2.23,13.77
00-0034116,J.T. Gray,BAL,S,,51,prior,8.3,12.95,13.84,13.89,7.83,14.0,11.8,11.37,8.53,4.65,10.87,11.15,12.31,12.3,6.04,18.11,2.01,3.43,1.21,2.97,2.73,1.21,1.78,1.48,1.83,3.96,1.65,4.62,2.51,2.95,3.96,3.33,2.97,1.58,2.39,3.77,3.43,7.41,6.99,8.07,6.07,7.07,9.21,6.22,3.45,3.73,4.04,4.39,16.15
00-0040104,Keondre Jackson,BAL,S,,0,prior,11.8,13.57,15.06,14.34,8.74,15.54,11.8,11.09,9.23,13.07,4.11,9.71,9.34,10.4,11.05,11.39,3.27,2.57,2.84,2.49,3.37,1.14,3.72,2.83,2.72,3.26,3.34,3.75,4.34,2.08,3.51,4.97,2.4,1.65,3.82,2.07,3.39,9.47,9.39,12.16,11.91,12.91,9.48,12.99,2.29,1.63,2.26,3.31,15.36
00-0038038,Kyle Hamilton,BAL,S,1.0,1800,measured,15.4,12.56,15.75,14.0,9.21,17.03,11.8,11.39,17.51,12.95,9.09,9.42,10.66,15.68,11.05,7.5,2.69,1.98,2.64,2.79,1.78,1.0,1.54,4.59,3.24,3.0,4.17,2.17,3.91,4.16,1.68,3.46,3.34,3.86,2.21,3.62,4.16,16.65,16.17,8.5,18.09,19.09,9.62,16.66,2.33,2.09,2.71,3.53,3.99
00-0040688,Malaki Starks,BAL,S,1.0,0,prior,15.1,14.31,15.2,10.41,8.1,13.56,11.8,13.47,12.59,14.16,8.52,13.02,13.74,10.4,11.05,11.39,3.62,3.66,2.32,3.14,4.34,1.89,4.24,2.55,1.51,3.02,3.16,4.21,3.42,3.35,2.27,1.0,3.55,3.89,3.18,2.55,1.65,13.83,13.78,11.15,16.44,17.44,9.29,17.62,2.35,1.59,2.76,4.2,7.09
00-0040106,Reuben Lowery,BAL,S,2.0,0,prior,12.0,13.18,13.18,14.58,6.99,13.36,11.8,11.22,12.65,15.52,6.86,14.26,12.63,10.4,11.05,11.39,3.62,3.56,1.0,1.0,3.34,2.97,1.62,2.79,4.22,3.45,1.36,1.81,4.15,3.92,2.62,4.65,1.39,1.78,3.85,2.13,3.54,9.5,11.14,12.48,11.4,12.4,8.96,13.85,3.03,4.4,1.0,3.27,16.24
00-0039235,Sanoussi Kane,BAL,S,2.0,21,prior,11.0,13.11,13.61,14.63,8.44,14.72,11.8,12.76,10.6,10.64,7.07,15.28,5.14,8.68,16.67,5.91,3.96,4.19,2.32,3.04,4.45,4.19,2.72,3.64,3.16,5.18,4.55,3.08,1.1,3.03,2.55,1.5,4.25,3.46,4.36,4.79,3.64,10.01,8.01,8.03,10.3,11.3,9.39,13.12,3.62,4.31,2.89,3.59,17.88
00-0038046,Charlie Kolar,BAL,TE,3.0,390,measured,10.7,10.49,11.68,12.04,9.56,12.85,11.8,9.67,6.14,5.19,8.03,14.3,12.88,11.85,16.9,17.02,1.07,1.79,2.95,3.8,4.28,2.88,2.6,15.66,3.61,11.2,14.98,10.98,10.0,12.22,5.89,11.14,8.78,7.86,3.87,2.29,1.0,5.83,3.57,2.42,3.83,2.68,2.3,4.17,2.98,3.4,3.64,2.81,3.82
00-0037838,Isaiah Likely,BAL,TE,2.0,1069,measured,15.5,11.1,12.15,10.66,8.81,14.3,11.8,11.86,10.53,11.88,9.79,9.76,12.64,14.27,16.33,8.2,1.39,4.72,4.11,2.66,1.8,2.22,1.48,8.54,1.79,15.69,19.47,15.52,16.84,17.24,18.73,17.42,13.51,14.39,2.57,2.6,1.81,3.64,1.75,1.36,3.09,2.68,4.88,3.51,4.55,2.95,2.19,1.71,2.92
00-0034753,Mark Andrews,BAL,TE,1.0,1260,measured,15.4,10.53,10.17,9.82,8.5,10.25,11.8,14.25,13.38,14.59,12.39,9.13,10.34,8.26,17.11,5.46,3.13,4.37,3.84,3.46,4.49,2.33,1.89,9.12,2.74,9.58,13.36,18.59,18.69,17.41,19.09,16.55,13.79,13.36,3.02,2.83,1.0,2.47,3.38,4.63,4.25,3.4,1.55,1.51,2.87,3.25,3.64,1.07,2.01
00-0037340,Zaire Mitchell-Paden,BAL,TE,,0,prior,7.9,10.08,11.45,12.2,10.12,12.82,11.8,9.9,2.12,5.26,9.43,11.41,9.24,10.4,11.05,11.39,3.27,3.07,3.55,3.14,3.63,2.11,3.01,18.37,2.34,2.01,5.8,6.33,6.83,5.29,5.29,9.36,10.99,6.08,3.2,2.2,4.09,1.18,3.08,2.48,1.0,2.22,4.46,3.48,3.67,2.78,3.41,2.61,3.69
00-0034353,Anthony Miller,BAL,WR,,9,prior,8.7,13.58,13.87,12.44,11.33,14.14,11.8,10.73,8.98,9.63,7.91,11.52,2.34,13.9,11.05,11.39,4.09,2.76,1.4,2.16,3.0,1.29,4.36,11.18,5.25,10.01,8.7,8.37,3.89,5.65,6.48,4.79,2.32,5.07,3.89,3.77,2.49,1.65,3.29,4.43,3.82,1.01,3.74,3.61,3.56,1.24,3.97,2.32,14.69
00-0039259,Dayton Wade,BAL,WR,3.0,0,prior,8.1,15.54,15.35,14.08,6.4,14.62,11.8,9.43,7.45,6.86,5.16,12.77,11.42,10.4,11.05,11.39,3.85,2.9,4.07,3.07,3.5,3.31,1.86,14.87,4.3,13.42,12.12,5.31,3.82,3.82,3.83,5.35,3.26,1.22,2.17,3.89,2.99,1.62,2.98,2.77,4.49,2.65,4.22,3.11,2.88,4.12,4.27,3.02,17.23
00-0030564,DeAndre Hopkins,BAL,WR,1.0,1204,measured,12.8,11.16,10.41,10.03,7.5,12.35,11.8,13.44,8.61,13.01,13.04,10.76,8.11,8.28,16.43,14.55,1.0,3.15,2.46,3.53,3.27,3.97,3.18,14.06,8.03,4.47,3.16,16.96,14.03,13.51,12.61,2.71,1.27,2.73,3.16,3.63,4.34,2.74,2.8,2.38,3.67,2.17,3.73,2.21,2.75,2.97,3.31,2.73,13.53
00-0039792,Devontez Walker,BAL,WR,2.0,47,prior,9.5,17.55,18.91,13.66,6.91,18.4,11.8,9.96,9.02,8.14,5.48,9.37,12.47,12.99,11.05,11.39,2.86,2.31,1.89,2.1,4.3,3.49,3.7,10.56,6.42,12.47,11.16,4.57,3.94,6.57,7.3,2.02,3.79,2.97,3.65,4.13,5.43,3.28,2.56,2.4,3.49,2.76,2.45,2.8,2.79,3.94,3.93,3.22,17.18
00-0034317,Keith Kirkwood,BAL,WR,,217,measured,9.3,13.0,13.95,12.77,7.0,14.15,11.8,9.24,9.03,10.18,9.5,13.06,9.54,14.15,11.05,7.37,4.35,3.4,3.14,3.71,2.7,1.93,3.58,7.45,4.28,8.17,6.87,9.73,6.79,5.93,7.45,3.13,4.84,2.73,4.84,2.62,1.82,2.39,4.04,2.62,3.19,2.88,2.47,3.04,3.54,4.6,1.0,3.65,9.28
00-0040075,LaJohntay Wester,BAL,WR,2.0,0,prior,9.6,15.24,14.96,14.67,5.59,12.7,11.8,7.83,11.6,7.95,7.91,17.53,13.5,10.4,11.05,11.39,3.54,3.6,3.1,3.95,1.45,1.57,3.18,8.35,7.26,12.36,11.05,4.59,5.42,8.41,8.82,3.5,1.11,2.44,2.99,2.96,2.63,3.79,2.44,3.06,2.24,3.26,4.44,1.45,3.59,4.87,3.7,2.72,11.46
00-0036550,Rashod Bateman,BAL,WR,1.0,1182,measured,12.9,16.86,16.32,13.18,7.59,14.95,11.8,12.11,11.84,11.4,11.16,11.2,11.26,8.29,16.51,17.72,3.75,4.42,2.36,3.31,3.32,2.03,2.55,14.44,11.6,13.1,11.79,9.97,11.44,12.79,12.07,3.92,3.42,3.8,3.06,3.85,3.77,1.59,2.56,3.79,4.9,4.68,2.45,3.23,3.22,2.71,1.51,3.84,13.95
00-0036630,Tylan Wallace,BAL,WR,2.0,312,measured,9.7,14.77,12.49,14.0,5.5,11.87,11.8,11.3,7.21,5.43,9.82,10.88,13.52,12.24,14.68,8.1,4.92,3.94,3.01,2.36,2.57,5.36,1.91,9.18,10.71,14.66,13.35,6.63,5.82,7.76,8.29,3.06,3.63,2.76,3.31,3.0,1.38,3.06,2.52,3.08,3.47,1.41,2.76,3.57,3.65,1.94,2.46,3.15,14.03
00-0039064,Zay Flowers,BAL,WR,1.0,1349,measured,14.7,16.16,16.93,14.23,6.2,15.18,11.8,14.88,13.78,16.14,10.37,12.34,12.75,13.87,15.54,18.72,2.23,2.62,3.08,3.83,1.27,2.8,2.32,18.11,13.38,14.54,13.23,10.76,10.37,17.11,17.88,4.18,3.47,3.38,3.41,2.3,3.42,5.61,2.59,3.3,3.85,2.32,1.58,2.66,2.55,2.99,4.2,2.76,11.95
00-0035679,Connor McGovern,BUF,C,1.0,2001,measured,13.8,2.95,6.48,7.22,14.31,8.68,11.8,12.24,11.93,10.47,10.41,13.33,14.79,15.23,7.32,15.11,3.33,3.02,3.16,3.08,5.06,1.76,2.74,2.77,2.4,2.46,5.17,3.65,3.68,3.33,3.52,19.4,11.05,2.33,2.84,2.37,4.2,3.98,3.44,3.79,3.14,3.97,2.77,3.84,3.47,2.97,3.67,3.54,2.6
00-0033910,Dan Feeney,BUF,C,,105,measured,12.1,2.26,3.36,6.4,13.39,6.77,11.8,12.56,8.24,8.45,9.5,9.64,10.93,17.5,11.05,8.39,3.48,1.94,2.84,3.77,2.15,4.46,3.07,5.02,4.36,2.26,3.77,2.59,3.1,3.91,4.31,13.99,11.28,2.74,2.36,2.95,2.53,4.01,2.77,4.07,2.35,2.67,1.72,1.57,1.1,3.17,3.75,3.48,3.58
00-0036983,Kendrick Green,BUF,C,,303,measured,11.1,8.13,10.82,5.82,12.92,14.06,11.8,9.14,9.57,6.53,6.08,8.92,8.24,15.29,11.05,7.74,1.76,3.51,3.73,5.11,3.17,3.25,2.11,2.52,1.63,2.76,3.67,3.78,3.9,2.86,3.7,13.94,9.95,3.28,2.51,3.72,2.5,2.99,2.32,3.6,3.24,1.87,4.0,3.45,1.79,2.41,4.66,4.0,2.4
00-0039876,Sedrick Van Pran-Granger,BUF,C,2.0,102,measured,12.0,4.0,5.63,6.82,12.41,8.38,11.8,8.75,10.06,8.72,7.2,9.68,10.76,12.99,11.05,11.39,4.19,3.13,1.84,3.5,1.81,3.55,3.59,3.75,2.1,3.69,3.58,3.88,3.38,3.6,3.73,10.76,16.38,4.36,3.29,3.21,3.73,3.35,2.89,2.46,2.36,3.2,3.45,5.29,4.15,3.34,3.47,1.9,3.16
00-0039333,Brandon Codrington,BUF,CB,3.0,62,prior,8.4,15.12,15.52,13.53,7.21,14.85,11.8,10.22,9.51,6.46,6.86,9.36,4.71,12.99,11.05,11.39,2.69,3.9,3.9,2.52,3.0,2.51,3.64,3.05,4.18,2.2,3.41,1.22,1.49,3.65,3.37,1.68,3.19,2.65,1.61,3.36,2.46,6.88,13.24,17.04,4.09,4.09,10.32,4.04,2.86,4.23,3.36,2.49,12.84
00-0037288,Christian Benford,BUF,CB,1.0,1547,measured,12.6,14.97,15.77,14.32,6.96,15.24,11.8,10.64,11.26,11.81,10.04,12.36,13.58,8.3,13.91,4.69,3.22,2.9,1.66,2.91,2.52,5.24,3.68,2.03,1.8,3.12,3.52,3.38,1.11,3.33,2.32,4.26,3.29,2.84,4.16,3.44,2.5,8.18,7.99,13.13,12.3,12.3,10.25,11.08,3.32,4.44,3.83,3.23,15.9
00-0036166,Dane Jackson,BUF,CB,,901,measured,8.4,12.68,13.71,12.81,6.81,13.94,11.8,11.14,7.84,8.41,7.45,12.29,10.86,6.91,18.26,6.6,2.18,1.94,3.82,3.55,2.65,3.17,2.89,1.95,3.13,3.39,4.06,3.61,4.01,3.32,1.0,2.68,3.27,1.66,2.59,1.67,4.59,9.51,12.02,13.89,4.89,4.89,10.21,6.94,4.12,3.11,2.43,2.32,12.5
00-0040197,Dorian Strong,BUF,CB,2.0,0,prior,9.6,14.31,13.23,13.85,7.5,13.97,11.8,8.32,9.49,11.1,4.03,7.82,11.23,10.4,11.05,11.39,1.98,4.51,3.49,2.92,2.23,3.34,3.93,4.0,1.0,4.07,3.58,1.17,3.28,2.5,3.84,2.35,2.53,2.66,2.89,3.81,2.11,6.89,11.33,14.33,7.12,7.12,10.41,6.13,2.63,2.16,2.12,1.77,12.43
00-0037661,Ja'Marcus Ingram,BUF,CB,2.0,215,measured,10.4,15.04,15.92,14.06,6.22,15.06,11.8,10.54,10.8,8.4,6.33,6.12,6.66,15.68,11.05,11.39,3.04,2.54,1.63,2.46,3.52,2.48,3.28,1.88,3.42,2.85,3.38,1.7,3.19,2.74,2.86,3.2,4.16,4.85,1.93,5.94,1.69,11.05,13.51,13.74,7.86,7.86,10.03,7.4,1.28,2.33,3.25,2.76,12.72
00-0040518,Jalen Kimber,BUF,CB,,0,prior,8.9,15.07,15.76,13.85,6.62,14.97,11.8,8.93,7.38,7.16,5.23,13.4,10.92,10.4,11.05,11.39,2.88,3.22,3.35,2.61,3.8,2.47,1.52,1.73,2.15,2.83,4.33,2.87,2.01,2.06,3.02,4.61,3.02,4.36,4.46,1.45,1.88,7.23,12.31,15.26,5.24,5.24,10.15,4.53,3.39,3.69,3.08,2.06,14.19
00-0040192,Jordan Hancock,BUF,CB,2.0,0,prior,9.9,15.01,15.8,14.13,6.69,15.13,11.8,9.65,8.26,8.64,4.87,8.11,9.65,10.4,11.05,11.39,3.48,2.43,2.47,3.52,2.0,3.92,2.53,2.86,2.97,2.53,3.36,4.93,5.72,3.18,2.53,4.43,3.83,2.58,1.07,3.09,2.63,6.89,11.33,14.61,7.12,7.12,10.17,6.15,4.31,2.69,2.92,2.71,12.35
00-0040709,Maxwell Hairston,BUF,CB,3.0,0,prior,10.4,19.4,19.07,13.76,6.84,17.5,11.8,9.27,8.96,8.55,4.57,11.48,13.48,10.4,11.05,11.39,3.2,1.74,4.27,3.52,1.72,3.94,2.76,2.1,2.31,3.06,2.96,4.07,1.0,2.31,1.0,2.02,2.69,4.24,3.25,1.85,2.91,5.23,9.72,16.3,6.32,6.32,10.21,6.42,2.03,2.62,4.45,3.06,6.28
00-0034376,Taron Johnson,BUF,CB,1.0,1610,measured,10.6,13.95,13.34,12.95,8.5,12.41,11.8,12.6,10.62,11.14,11.71,11.48,17.2,7.16,4.69,4.96,3.23,1.84,1.8,3.31,4.48,3.08,4.07,2.07,3.16,2.93,2.57,3.12,2.31,2.35,1.8,2.11,2.84,2.22,2.43,4.5,4.04,13.88,15.97,9.35,7.73,7.73,10.71,12.04,3.63,2.67,4.08,2.88,12.77
00-0033884,Tre'Davious White,BUF,CB,1.0,618,measured,13.5,14.15,13.43,13.21,8.0,11.66,11.8,13.4,12.57,15.8,8.11,7.67,9.17,7.22,15.51,8.13,2.7,1.26,3.91,1.0,4.61,4.01,1.3,3.44,3.66,2.3,2.84,3.03,2.18,2.08,3.83,4.25,1.96,3.26,2.7,3.02,3.79,3.81,5.61,11.11,14.57,14.57,10.56,15.12,2.39,3.17,3.04,3.59,6.39
00-0031054,DaQuan Jones,BUF,DT,1.0,894,measured,13.4,1.0,1.68,3.75,12.92,5.81,11.8,14.62,11.01,8.15,12.68,8.0,11.79,17.5,11.05,7.43,3.51,3.3,1.0,3.46,1.73,2.57,5.07,2.57,1.68,3.58,1.0,3.36,3.46,3.03,1.0,1.16,3.98,2.27,16.06,12.96,16.41,15.28,8.51,3.89,2.59,2.52,1.37,4.2,2.48,3.82,3.18,3.27,1.69
00-0039873,DeWayne Carter,BUF,DT,3.0,282,measured,10.0,6.8,7.8,4.33,13.68,11.04,11.8,10.08,9.23,8.87,7.79,11.56,11.36,7.13,14.82,7.95,2.0,1.18,1.54,2.82,3.54,3.8,3.25,2.87,4.34,2.3,2.87,3.31,1.85,2.82,4.0,2.92,3.32,2.38,8.75,7.4,10.78,10.57,7.83,10.27,2.32,4.04,1.63,2.82,4.08,3.45,3.76,1.73,1.0
00-0040710,Deone Walker,BUF,DT,3.0,0,prior,9.5,3.7,5.25,5.35,11.91,6.24,11.8,9.51,5.68,8.61,5.19,10.0,10.8,10.4,11.05,11.39,4.26,3.05,4.39,2.64,2.85,5.21,4.88,2.78,3.41,2.79,3.21,4.71,2.75,2.94,2.47,3.59,2.86,3.22,10.45,8.64,9.66,9.08,8.46,8.59,3.01,3.51,3.26,2.53,2.7,1.0,2.23,2.12,2.37
00-0035230,Ed Oliver,BUF,DT,1.0,1241,measured,16.5,7.29,10.64,7.2,16.16,14.53,11.8,14.62,12.47,14.5,9.27,11.77,12.8,8.38,7.31,15.96,3.56,2.77,3.32,2.48,4.06,4.43,1.68,3.97,2.38,2.82,3.63,2.59,3.17,2.38,1.68,4.44,4.14,2.96,16.74,14.83,19.4,18.63,12.56,7.29,2.61,2.21,3.25,2.26,2.65,3.8,3.8,1.0,2.03
00-0031557,Jordan Phillips,BUF,DT,2.0,526,measured,9.6,2.67,4.07,3.73,14.31,7.67,11.8,15.04,10.61,8.91,13.48,8.74,7.58,4.87,4.71,14.57,1.14,1.5,2.25,4.22,1.4,4.54,3.48,2.64,2.56,2.95,2.17,5.71,2.37,1.41,3.58,3.16,2.85,4.19,13.71,10.69,8.46,6.56,5.8,7.81,2.11,4.65,2.46,3.11,3.86,3.76,4.33,2.12,4.36
00-0033905,Larry Ogunjobi,BUF,DT,2.0,1217,measured,10.7,5.93,8.39,5.76,13.39,11.02,11.8,14.05,9.23,10.11,10.0,12.37,8.12,7.85,17.61,14.2,3.39,3.77,2.54,1.56,1.81,2.43,3.91,2.8,3.2,2.65,2.89,4.94,2.22,4.35,2.78,1.92,2.97,3.77,9.95,8.4,10.21,11.1,11.89,5.04,3.56,4.12,2.91,3.2,3.82,2.86,3.96,1.51,1.07
00-0040724,T.J. Sanders,BUF,DT,2.0,0,prior,9.6,6.97,8.48,6.36,12.69,11.05,11.8,7.85,10.54,7.48,7.48,8.0,10.58,10.4,11.05,11.39,3.42,3.21,2.28,2.28,1.94,4.6,2.28,3.26,3.34,1.0,2.04,1.54,1.25,3.14,4.14,2.6,2.59,2.26,10.92,9.98,8.69,7.97,7.61,11.38,2.06,4.99,2.96,3.32,1.67,4.09,3.32,4.09,3.52
00-0036192,A.J. Epenesa,BUF,EDGE,2.0,974,measured,8.6,6.13,9.32,9.86,8.5,12.36,11.8,8.7,7.52,10.0,7.66,7.03,7.95,13.71,15.74,7.95,2.49,3.2,2.89,2.2,2.5,3.04,3.99,2.35,2.28,2.5,3.93,1.64,2.87,2.44,3.13,4.62,3.84,3.43,9.38,8.77,8.22,8.65,8.22,8.29,5.8,6.8,3.02,3.03,3.06,4.46,2.34,1.58,1.0
00-0038635,Andre Jones Jr.,BUF,EDGE,,126,measured,7.6,10.76,11.38,11.43,10.56,10.13,11.8,7.35,7.7,4.6,6.55,7.87,8.86,14.69,11.05,11.39,3.99,3.59,4.53,2.33,4.97,1.49,3.36,2.2,1.82,2.3,2.08,4.45,1.78,2.29,1.94,2.52,2.71,3.73,5.92,6.21,5.98,7.54,6.12,12.93,5.8,6.8,3.26,4.32,3.29,3.15,2.68,2.36,1.13
00-0036914,Greg Rousseau,BUF,EDGE,1.0,1253,measured,16.1,11.08,11.29,12.17,10.67,10.45,11.8,12.86,16.19,15.39,11.5,12.71,7.12,13.61,7.5,11.39,2.79,3.54,1.08,1.88,3.86,3.08,4.3,3.6,2.09,2.95,3.44,1.53,4.71,1.42,2.38,3.89,2.43,2.07,17.14,17.69,19.4,19.4,17.26,10.76,5.8,6.8,1.7,3.12,4.02,2.73,3.87,4.01,1.46
00-0039879,Javon Solomon,BUF,EDGE,3.0,119,measured,8.8,10.46,11.98,10.92,12.0,15.04,11.8,8.62,8.06,3.87,6.67,9.17,6.99,8.13,6.92,11.39,3.99,1.73,4.22,2.21,2.61,4.12,4.12,2.49,5.32,2.88,5.41,1.99,2.71,2.65,2.97,2.95,4.23,1.94,7.35,7.03,7.07,9.05,9.65,12.32,5.8,6.8,2.98,2.47,2.73,3.1,3.01,4.23,3.49
00-0033156,Joey Bosa,BUF,EDGE,1.0,698,measured,14.2,7.78,10.51,14.32,12.46,11.95,11.8,15.29,10.31,14.67,12.33,16.36,12.82,5.95,7.59,17.53,4.13,3.36,3.0,3.78,2.92,2.87,2.61,4.93,2.1,3.23,3.98,1.61,3.75,4.28,2.03,2.98,3.07,1.0,17.72,16.6,15.73,14.47,8.86,6.04,5.8,6.8,3.25,2.97,2.81,2.47,2.01,1.96,1.72
00-0040132,Landon Jackson,BUF,EDGE,2.0,0,prior,9.5,11.08,14.67,10.12,11.34,17.93,11.8,9.28,8.5,7.48,6.79,8.67,16.75,10.4,11.05,11.39,2.75,1.01,5.22,2.7,1.65,3.85,2.77,2.53,2.84,3.98,3.89,3.11,1.67,2.53,2.63,2.09,1.67,2.98,8.56,8.69,7.26,7.82,8.64,12.27,5.8,6.8,2.21,1.34,2.76,3.42,2.76,2.32,3.46
00-0035933,Michael Hoecht,BUF,EDGE,4.0,1369,measured,9.2,6.94,8.38,7.47,13.25,10.82,11.8,10.75,8.95,8.28,10.37,12.38,12.87,17.5,11.05,16.55,1.64,3.57,4.22,3.05,1.0,2.64,2.76,3.88,3.92,4.36,1.91,2.78,3.61,2.61,2.34,3.76,2.05,3.68,8.66,6.66,8.98,11.96,13.89,13.77,5.8,6.8,4.52,2.28,3.28,1.0,2.19,1.45,4.68
00-0039400,Zion Logue,BUF,EDGE,,33,prior,6.0,4.8,6.8,6.03,12.68,9.17,11.8,8.56,4.38,3.36,4.73,9.02,14.36,12.99,11.05,11.39,3.22,3.19,3.49,2.12,4.03,3.48,2.92,4.02,3.74,2.83,2.95,2.82,4.01,5.14,4.83,3.02,1.73,3.39,6.26,3.72,5.31,6.88,4.8,10.05,5.8,6.8,3.75,2.89,2.37,1.8,3.06,3.25,2.87
00-0036187,Reggie Gilliam,BUF,FB,1.0,229,measured,13.7,10.33,11.25,10.25,9.64,12.4,11.8,12.03,7.79,9.04,12.01,14.57,9.94,7.68,16.21,7.07,3.99,3.59,3.37,3.02,3.51,2.75,2.34,11.11,3.86,10.34,7.94,16.6,2.9,3.77,3.78,15.06,11.41,16.06,1.92,3.49,2.91,2.74,2.98,1.66,4.04,3.21,3.98,3.44,2.29,3.3,3.4,1.92,3.14
00-0023853,Matt Prater,BUF,K,,40,measured,14.4,5.77,6.69,6.32,9.64,8.52,10.28,14.44,13.48,11.32,14.16,14.19,10.15,5.32,4.57,4.35,2.81,3.01,2.32,4.11,3.62,1.85,2.46,4.57,2.67,2.76,3.47,4.39,3.22,3.07,3.35,2.99,2.96,1.49,3.55,2.79,5.13,3.29,3.38,1.0,2.3,3.44,3.05,1.66,14.35,14.35,3.51,2.12,2.18
00-0036162,Tyler Bass,BUF,K,1.0,63,measured,11.3,10.15,11.07,10.07,9.64,12.26,10.89,11.81,8.29,6.32,10.63,11.65,12.08,17.5,11.05,11.39,2.9,2.24,2.05,2.65,3.56,2.42,4.21,1.45,3.99,3.14,2.59,3.53,2.99,4.66,1.99,3.21,1.91,3.35,4.11,2.73,5.1,3.51,4.27,3.51,3.12,3.38,3.24,4.18,11.94,10.74,4.11,3.82,5.27
00-0038557,Dorian Williams,BUF,LB,1.0,731,measured,13.6,14.54,14.34,11.86,10.44,13.22,11.8,10.28,12.13,9.17,6.59,9.57,12.69,14.69,11.05,15.42,3.94,4.55,2.56,2.12,2.93,3.27,3.13,1.95,2.51,3.55,2.04,3.7,3.26,2.42,3.98,5.68,3.68,2.57,5.85,6.72,11.99,16.33,19.4,17.77,6.31,7.81,1.9,5.01,3.78,4.1,4.46,2.84,1.81
00-0039277,Jimmy Ciarlo,BUF,LB,,0,prior,8.3,12.22,13.16,12.2,9.77,13.46,11.8,6.42,5.14,1.67,6.67,12.94,15.9,10.4,11.05,11.39,4.1,3.67,2.94,3.12,4.92,3.89,2.16,3.99,2.17,3.79,2.83,2.55,1.54,3.05,3.25,1.44,2.38,3.34,14.37,14.66,5.12,6.6,8.17,12.56,4.1,5.6,2.03,2.03,1.89,3.96,3.23,3.4,3.95
00-0039763,Joe Andreessen,BUF,LB,2.0,103,measured,10.3,11.79,12.37,11.49,10.99,13.11,11.8,9.52,6.31,9.36,7.48,10.03,10.88,12.99,11.05,11.39,1.61,2.08,3.75,2.73,4.67,3.28,5.19,3.15,2.57,2.31,3.35,2.62,3.59,1.48,3.17,3.81,4.53,4.12,9.64,9.36,8.32,9.96,12.33,15.36,4.67,6.17,3.05,2.61,2.9,3.61,2.84,4.48,2.94
00-0040362,Keonta Jenkins,BUF,LB,,0,prior,12.0,12.34,13.26,11.97,9.49,13.4,11.8,10.58,10.45,8.62,3.42,12.52,9.25,10.4,11.05,11.39,2.5,2.52,4.82,2.71,3.05,2.92,3.31,1.62,5.25,4.25,2.92,3.99,1.15,3.17,5.79,2.39,2.11,4.11,6.73,7.17,13.17,12.69,13.24,15.61,8.96,10.46,4.43,9.27,1.04,2.27,3.02,3.08,2.8
00-0033571,Matt Milano,BUF,LB,2.0,704,measured,13.4,10.14,13.02,10.28,12.46,13.84,11.8,12.44,7.35,9.04,13.25,10.21,16.17,4.79,15.59,4.61,3.84,2.95,3.25,3.07,2.37,3.09,2.52,3.85,3.02,3.91,3.21,4.08,4.09,4.09,2.54,2.81,2.38,3.29,12.68,11.3,16.2,16.06,11.27,11.61,15.37,16.87,2.09,10.61,1.13,2.93,1.22,2.15,1.91
00-0031550,Shaq Thompson,BUF,LB,1.0,720,measured,11.8,10.51,10.92,14.37,10.87,11.84,11.8,11.69,9.55,8.11,15.67,14.04,9.15,4.62,14.22,8.28,4.02,1.83,2.6,2.79,3.45,2.89,2.85,3.05,3.0,1.0,3.96,1.5,2.82,2.48,3.25,3.34,2.39,3.53,9.03,8.34,12.44,14.4,14.4,11.56,7.41,8.91,4.02,4.24,4.62,3.06,2.85,3.45,1.92
00-0037254,Terrel Bernard,BUF,LB,1.0,1382,measured,14.3,12.11,13.79,13.52,11.33,14.62,11.8,11.08,11.79,12.53,8.81,10.55,11.81,11.85,16.15,17.02,1.35,3.15,3.49,2.11,2.46,2.18,2.84,3.13,1.98,2.53,3.7,2.78,2.94,3.2,3.32,2.2,2.43,2.57,12.87,12.59,14.49,16.56,17.18,16.21,10.26,11.76,2.42,13.18,2.28,2.94,3.78,3.29,1.34
00-0032497,Reid Ferguson,BUF,LS,1.0,0,prior,10.5,9.35,10.2,9.6,9.53,11.46,11.16,12.49,9.76,7.52,12.15,13.39,11.93,17.5,11.05,11.39,3.88,1.0,2.94,4.6,2.31,4.62,3.89,3.32,1.66,2.89,3.17,2.56,3.01,3.67,4.65,1.64,1.81,2.23,5.43,1.0,2.47,2.02,3.97,3.88,2.47,3.28,3.18,2.17,3.49,2.65,3.6,2.85,2.71
00-0037428,Alec Anderson,BUF,OG,2.0,250,measured,11.4,4.43,6.21,5.86,12.91,8.77,11.8,9.81,9.81,9.6,7.58,8.09,12.94,10.4,11.05,11.39,1.92,3.66,4.26,2.87,4.2,2.21,3.21,1.94,2.67,4.36,3.46,2.34,4.54,2.44,3.25,11.41,13.0,4.01,4.09,2.78,3.33,3.09,2.51,4.35,2.35,3.37,2.4,2.6,3.76,2.92,3.03,3.5,2.91
00-0035668,David Edwards,BUF,OG,1.0,1078,measured,13.8,2.64,3.64,5.62,12.7,5.85,11.8,11.59,10.16,14.47,10.8,8.98,10.5,8.23,13.96,11.39,5.57,2.52,2.46,4.32,2.92,2.55,3.13,3.27,2.81,5.02,2.87,3.29,4.75,2.77,3.31,15.86,16.1,3.28,4.46,3.28,2.68,2.81,4.36,3.48,1.61,2.29,3.94,5.04,2.28,1.87,1.81,1.77,3.35
00-0038548,O'Cyrus Torrence,BUF,OG,1.0,1669,measured,14.8,2.35,3.98,4.27,13.04,4.83,11.8,13.73,8.85,11.9,9.18,15.28,10.39,14.69,11.05,11.39,2.84,3.82,2.9,2.09,3.35,1.23,2.0,4.3,2.59,2.38,1.75,1.0,1.0,3.73,2.75,18.42,16.23,2.56,2.63,3.96,2.61,2.72,4.13,1.89,3.72,3.41,2.55,3.92,3.05,3.09,3.02,3.58,2.24
00-0040217,Chase Lundt,BUF,OT,3.0,0,prior,10.6,4.11,6.17,5.55,12.08,8.67,11.8,7.66,7.45,8.04,6.34,3.18,15.5,10.4,11.05,11.39,4.32,2.68,2.53,3.11,2.19,2.77,2.59,1.91,3.96,2.65,3.37,2.8,3.27,1.74,3.85,12.49,11.19,2.86,2.67,5.3,1.47,1.7,2.87,2.77,4.44,2.8,2.3,1.36,3.34,4.63,2.24,2.86,4.04
00-0033904,Dion Dawkins,BUF,OT,1.0,2006,measured,15.0,4.02,5.22,7.03,13.39,6.17,11.8,13.53,11.28,11.0,10.93,14.27,10.5,15.23,14.73,14.38,2.08,1.32,2.82,3.67,2.59,3.56,3.35,2.92,3.6,2.73,3.85,1.33,3.54,3.48,5.02,18.94,16.39,1.42,3.58,2.59,3.83,2.01,3.89,2.12,4.1,1.89,3.09,4.09,3.64,1.81,3.81,3.33,1.97
00-0037404,Ryan Van Demark,BUF,OT,2.0,197,measured,11.2,4.58,6.6,5.87,12.53,9.08,11.8,8.14,5.59,9.37,9.25,11.43,12.44,14.69,11.05,11.39,3.62,3.43,4.08,3.44,4.4,3.86,2.82,5.13,2.84,2.8,1.53,2.83,2.28,1.56,4.78,11.63,12.96,4.01,4.01,3.82,2.44,3.49,3.19,4.04,2.9,1.99,3.19,3.56,3.11,3.43,3.94,3.69,2.46
00-0036976,Spencer Brown,BUF,OT,1.0,1942,measured,15.5,3.17,5.18,4.62,10.85,7.77,11.8,11.01,13.75,15.01,9.59,11.97,6.37,13.57,13.91,4.91,3.56,3.28,2.23,2.38,3.28,4.17,2.47,2.25,1.03,4.14,1.44,3.74,1.75,2.62,2.06,19.4,19.4,1.39,2.77,4.69,2.76,4.31,2.96,3.77,2.27,2.39,4.35,2.72,2.63,1.92,3.11,3.01,2.9
00-0039930,Travis Clayton,BUF,OT,,0,prior,9.8,4.25,6.36,5.79,12.23,8.85,11.8,7.0,6.8,5.37,6.69,14.03,12.63,10.4,11.05,11.39,3.98,2.65,2.87,1.65,4.92,3.13,3.35,3.62,1.27,2.07,1.66,4.19,2.58,2.79,3.91,9.49,11.19,4.66,4.03,3.2,2.33,3.86,1.47,1.92,3.01,1.58,3.44,3.97,3.23,2.19,3.69,1.55,4.32
00-0039882,Tylan Grable,BUF,OT,2.0,67,prior,10.8,7.33,9.92,6.47,13.17,14.44,11.8,8.37,7.34,8.3,6.08,9.02,10.57,4.74,17.7,4.46,3.72,3.39,1.72,4.83,3.25,1.48,1.77,2.91,2.8,2.73,3.92,1.54,3.35,2.2,3.89,10.93,11.7,2.05,4.49,4.65,2.76,2.69,1.0,3.35,2.35,1.47,1.94,4.4,3.19,4.0,2.86,3.0,4.74
00-0038626,Brad Robbins,BUF,P,1.0,38,measured,6.5,8.51,10.11,9.67,9.83,12.07,10.55,6.87,3.92,4.77,8.82,9.18,12.7,12.41,11.05,11.39,3.49,4.38,3.78,2.75,2.61,3.57,3.09,4.58,3.12,2.96,2.38,4.03,3.07,3.11,3.19,2.66,3.2,2.14,2.38,2.02,1.05,5.98,2.87,4.3,3.32,2.09,2.37,3.47,2.56,2.9,6.51,6.51,2.9
00-0034857,Josh Allen,BUF,QB,1.0,2056,measured,15.7,9.55,11.3,13.03,9.76,12.71,11.8,14.2,15.38,12.3,14.09,10.01,11.14,17.5,11.05,13.8,18.1,15.42,14.87,14.7,18.25,19.57,14.58,14.29,3.22,14.89,1.0,2.04,3.41,1.59,2.99,3.49,4.98,2.4,1.23,3.64,3.96,1.97,3.28,3.63,2.09,2.62,3.22,1.0,2.16,3.95,3.21,1.41,4.21
00-0033869,Mitchell Trubisky,BUF,QB,2.0,366,measured,10.2,10.17,10.55,13.89,9.76,8.52,11.8,9.65,9.95,4.41,12.58,10.03,10.84,7.27,13.87,7.74,18.56,11.91,6.23,6.71,8.55,13.25,7.98,12.82,2.83,2.84,2.7,3.78,3.64,2.31,3.97,2.54,3.77,3.02,2.36,3.59,3.09,4.15,2.74,1.37,1.02,1.57,2.56,3.36,2.67,2.48,3.58,3.47,2.12
00-0036679,Shane Buechele,BUF,QB,,0,prior,6.3,10.0,10.13,12.4,9.76,10.97,11.8,6.39,5.5,5.53,10.46,13.08,7.46,10.4,11.05,11.39,4.69,4.72,6.55,4.72,4.72,14.46,4.93,3.69,4.32,1.0,4.4,3.79,2.67,5.01,3.82,1.7,2.28,5.66,2.12,4.55,2.84,2.2,1.23,2.72,3.4,3.24,2.48,5.09,1.92,2.11,1.73,3.48,1.95
00-0039471,Frank Gore Jr.,BUF,RB,,0,prior,8.6,14.08,14.04,13.46,8.24,13.61,11.8,9.13,6.59,5.43,5.83,14.96,10.24,10.4,11.05,11.39,3.43,1.16,3.56,4.79,2.47,4.44,3.39,14.97,4.72,4.69,4.72,5.0,2.1,5.28,4.86,1.55,8.98,2.55,3.47,4.29,1.63,4.27,2.76,4.69,2.46,3.63,2.92,3.3,2.75,3.91,2.97,4.87,14.33
00-0037248,James Cook,BUF,RB,1.0,982,measured,15.2,16.16,16.19,12.55,7.65,13.56,11.8,13.02,11.95,11.57,8.83,11.69,12.65,15.68,11.05,5.91,3.58,2.87,3.31,3.11,2.42,3.38,2.63,10.58,18.33,16.48,17.1,8.78,2.04,12.18,10.7,7.81,13.11,8.81,3.38,4.1,3.57,1.0,4.11,4.1,1.97,4.02,2.99,3.22,2.57,1.67,3.29,3.96,10.37
00-0039875,Ray Davis,BUF,RB,2.0,230,measured,12.3,13.26,13.47,13.33,9.13,13.56,11.8,10.47,12.19,11.5,6.26,7.35,13.7,12.99,11.05,15.42,3.87,1.82,2.77,3.41,2.44,2.12,4.16,16.15,14.31,10.81,8.35,14.47,1.67,10.97,8.59,2.24,4.56,3.24,3.01,4.39,4.32,3.66,2.09,2.13,3.96,2.74,3.31,3.98,4.51,2.24,2.32,3.96,9.8
00-0035537,Ty Johnson,BUF,RB,3.0,407,measured,11.5,13.66,13.96,12.7,8.77,13.68,11.8,10.06,10.73,10.55,10.05,9.98,10.4,17.5,11.05,6.88,2.36,2.18,3.08,2.85,4.69,2.57,4.31,12.49,11.59,9.92,8.69,11.61,3.47,9.54,5.43,7.71,10.41,8.71,5.7,2.83,1.0,2.98,2.3,2.9,1.35,1.9,1.0,3.34,3.11,2.32,3.4,2.41,12.92
00-0035357,Cam Lewis,BUF,S,2.0,687,measured,10.6,13.17,13.21,14.38,6.61,13.08,11.8,12.97,10.47,11.91,9.42,8.78,12.73,17.5,11.05,14.64,2.44,2.56,4.29,2.63,1.7,3.96,3.93,4.13,2.17,1.32,4.13,4.18,3.24,3.58,2.08,2.85,2.29,3.92,3.12,5.0,2.13,12.34,15.2,12.96,6.13,7.13,8.84,7.37,1.53,3.66,2.43,2.09,15.08
00-0039872,Cole Bishop,BUF,S,1.0,323,measured,14.4,15.47,15.82,14.26,8.31,16.62,11.8,12.14,10.65,12.49,8.65,8.57,10.1,12.99,11.05,11.39,1.54,2.95,2.89,4.24,3.54,2.87,4.43,2.22,2.75,2.99,3.12,3.09,2.05,1.56,2.08,2.41,3.27,4.94,5.21,3.36,4.86,12.19,12.25,13.18,15.11,16.11,9.35,16.48,2.86,2.21,4.31,3.53,10.61
00-0036888,Damar Hamlin,BUF,S,2.0,1169,measured,10.9,12.37,12.69,13.18,9.0,13.59,11.8,12.01,9.33,10.0,8.91,13.88,8.0,17.5,11.05,4.06,2.29,4.5,3.7,2.8,3.5,2.56,2.46,1.1,4.33,3.39,1.71,1.99,2.5,4.82,3.81,3.05,2.93,2.7,4.35,1.89,2.38,13.93,13.95,14.67,7.0,8.0,9.56,8.71,2.27,4.83,4.47,5.7,14.0
00-0030114,Jordan Poyer,BUF,S,,1834,measured,9.9,11.37,11.07,13.49,4.0,9.34,11.8,12.39,6.56,9.61,12.52,7.06,10.64,12.07,17.09,14.6,3.71,3.34,3.05,2.41,3.14,2.74,1.89,4.34,2.96,2.38,4.64,4.55,4.28,3.56,4.24,2.62,1.88,4.79,3.82,1.59,4.33,13.74,12.77,13.05,6.52,7.52,8.06,4.68,3.43,1.78,4.5,3.81,12.17
00-0036037,Sam Franklin Jr.,BUF,S,3.0,225,measured,9.2,13.3,15.12,13.73,8.57,15.16,11.8,9.7,9.89,6.15,8.5,10.71,6.01,7.82,17.48,16.34,3.04,3.37,2.46,3.25,4.92,1.0,3.27,3.2,3.61,3.37,1.52,1.11,2.44,1.93,4.69,3.14,5.23,1.94,2.42,3.78,2.52,6.66,8.61,9.31,8.12,9.12,9.43,7.53,4.57,3.6,2.05,5.31,15.33
00-0035663,Taylor Rapp,BUF,S,1.0,1401,measured,13.5,13.38,12.49,17.52,8.5,13.17,11.8,14.39,9.92,13.65,12.33,12.14,8.59,7.47,17.87,5.35,2.95,3.26,1.12,1.98,3.11,2.03,3.9,2.26,4.18,1.89,3.85,3.42,2.18,1.67,1.0,3.39,1.35,3.5,3.23,4.07,2.27,8.52,13.25,14.21,13.85,14.85,9.41,13.04,3.48,3.69,2.15,1.0,6.12
00-0040364,Wande Owens,BUF,S,4.0,0,prior,11.7,13.19,13.72,14.57,8.16,14.51,11.8,10.21,10.88,13.26,6.66,7.29,5.74,10.4,11.05,11.39,1.64,3.32,3.43,2.97,3.23,3.85,3.4,3.3,3.39,2.08,2.67,4.9,3.76,3.64,4.71,2.84,2.83,2.56,4.99,1.0,1.0,9.47,9.39,12.01,11.91,12.91,9.31,12.99,4.45,1.0,1.76,3.64,15.36
00-0038933,Dalton Kincaid,BUF,TE,1.0,884,measured,14.3,11.14,12.21,11.92,8.78,13.12,11.8,9.85,11.1,11.33,8.41,12.6,11.48,8.36,18.18,6.53,1.96,3.2,3.06,1.63,4.58,3.66,1.97,14.56,2.89,7.69,11.47,14.75,10.88,18.08,18.43,16.41,14.31,13.2,1.88,2.81,4.21,1.35,3.08,2.24,3.85,2.64,2.8,3.83,2.4,2.54,3.83,1.06,1.0
00-0035689,Dawson Knox,BUF,TE,2.0,1228,measured,13.2,10.31,11.54,12.4,8.0,13.16,11.8,10.9,14.38,10.63,9.7,9.74,11.66,7.16,14.84,16.85,1.78,2.51,1.23,3.01,2.23,1.9,2.26,12.16,2.09,7.0,10.78,17.06,17.7,11.12,11.43,15.01,13.92,11.73,3.38,1.33,3.83,1.98,3.46,1.53,2.0,1.0,2.56,1.86,3.61,2.12,4.52,3.83,1.4
00-0040194,Jackson Hawes,BUF,TE,3.0,0,prior,10.2,9.07,11.78,11.57,8.0,13.8,11.8,7.78,6.98,5.92,7.37,8.51,9.19,10.4,11.05,11.39,2.95,3.91,1.83,1.59,1.72,2.38,2.57,15.45,3.74,11.15,14.93,10.16,8.96,9.79,9.73,11.24,10.08,7.96,2.67,2.49,2.6,1.99,2.92,1.0,3.83,2.28,2.18,3.64,4.47,3.87,1.53,2.07,1.54
00-0040363,Keleki Latu,BUF,TE,,0,prior,10.4,10.89,11.94,11.91,9.05,12.93,11.8,7.26,7.69,5.95,6.64,16.61,12.02,10.4,11.05,11.39,2.74,1.32,2.68,3.3,2.7,2.4,2.93,13.6,3.67,12.23,16.02,9.46,9.06,9.21,9.72,10.97,10.38,7.69,1.0,2.83,3.28,2.8,3.07,3.96,3.44,3.85,4.01,3.87,3.35,2.59,2.86,5.13,3.04
00-0033282,Curtis Samuel,BUF,WR,2.0,1087,measured,13.4,18.36,15.95,12.09,9.0,14.75,11.8,14.21,13.16,12.71,9.7,6.93,9.33,7.7,16.17,7.59,3.21,4.71,1.62,1.97,3.13,2.91,1.0,9.66,5.36,5.95,4.64,11.91,11.75,13.12,13.99,2.07,2.54,3.3,2.86,2.51,3.54,1.84,2.12,3.0,1.55,1.16,4.48,3.01,1.67,4.25,2.56,4.99,12.24
00-0036980,Elijah Moore,BUF,WR,2.0,1726,measured,11.7,17.78,16.32,18.36,8.5,14.67,11.8,12.52,10.03,11.85,8.38,8.58,8.64,13.78,14.58,13.99,1.59,2.88,1.44,1.0,1.37,3.44,3.24,9.02,2.38,3.52,2.21,7.44,8.72,10.28,11.77,2.76,2.52,4.22,2.46,3.67,4.19,3.55,1.26,2.53,2.52,1.19,2.06,3.5,3.46,3.83,3.42,3.93,11.03
00-0036196,Gabe Davis,BUF,WR,,1413,measured,10.8,13.48,14.76,10.71,7.0,14.44,11.8,12.53,11.71,10.67,8.07,4.39,10.26,17.5,11.05,16.32,4.86,3.4,4.99,1.11,4.37,3.79,1.8,4.65,7.53,9.75,8.44,10.09,13.28,8.89,7.95,4.04,1.62,2.78,3.02,4.2,2.11,2.45,1.67,4.12,1.0,3.84,2.9,1.0,3.39,4.09,4.28,2.89,7.94
00-0036988,Josh Palmer,BUF,WR,1.0,1286,measured,12.2,13.99,14.73,13.18,7.59,15.04,11.8,12.29,9.65,8.42,10.1,10.6,14.32,7.67,18.99,14.46,1.39,3.46,2.17,2.22,3.92,1.83,2.81,12.65,8.15,7.95,6.64,13.43,12.54,10.71,10.2,3.92,2.32,2.26,2.26,2.49,4.97,4.08,3.19,2.59,3.5,1.72,3.13,2.3,2.76,4.0,2.79,2.99,13.15
00-0039901,Keon Coleman,BUF,WR,1.0,543,measured,9.9,12.18,14.81,13.53,7.04,16.61,11.8,8.83,9.64,7.6,8.15,16.6,10.03,7.76,5.18,4.46,1.37,1.6,2.16,1.58,2.56,3.02,2.11,16.87,14.08,17.73,16.43,7.35,6.65,8.27,7.69,3.74,2.88,3.14,3.35,3.04,3.44,2.03,1.48,2.08,4.92,5.53,3.02,2.16,2.04,3.39,2.14,2.59,12.89
00-0037261,Khalil Shakir,BUF,WR,1.0,1024,measured,15.4,15.93,16.07,12.11,6.53,14.22,11.8,11.25,14.35,17.62,9.13,12.96,9.47,13.59,16.67,15.42,3.31,2.97,1.9,2.86,2.96,3.26,5.22,13.07,15.85,18.02,16.71,15.17,10.99,16.49,17.52,3.13,4.07,3.95,1.0,2.81,2.53,3.01,4.04,2.15,3.08,4.6,2.85,1.0,4.17,1.28,3.51,1.11,10.6
00-0036183,Kristian Wilkerson,BUF,WR,,71,prior,8.7,13.63,14.4,12.79,7.86,14.93,11.8,9.41,9.5,9.33,9.18,10.77,12.28,15.29,11.05,11.39,4.19,3.37,1.77,2.48,2.21,3.09,3.74,8.86,5.67,12.26,10.95,8.12,4.39,4.63,6.73,1.9,1.1,2.08,3.78,4.02,3.19,2.88,2.7,3.5,3.5,2.21,2.08,2.62,1.51,1.98,1.04,1.42,9.98
00-0040361,Stephen Gosnell,BUF,WR,,0,prior,9.8,14.44,15.04,13.76,6.77,14.8,11.8,7.82,9.32,6.96,7.95,11.06,11.82,10.4,11.05,11.39,4.27,1.83,3.75,3.79,1.0,3.58,3.62,7.11,7.71,12.37,11.07,6.32,6.75,8.0,8.16,3.3,2.27,3.78,3.24,3.23,3.25,4.01,1.05,1.69,1.24,3.33,1.51,3.14,3.88,2.76,4.4,2.82,9.15
00-0038679,Tyrell Shavers,BUF,WR,2.0,29,prior,8.5,13.82,14.95,13.77,6.7,14.84,11.8,10.42,10.2,6.94,4.57,6.42,7.63,12.99,11.05,11.39,3.31,1.53,2.71,3.17,2.81,1.8,4.34,10.56,10.82,16.19,14.88,5.02,3.91,6.14,5.05,4.84,3.83,3.06,3.5,4.66,4.26,2.71,4.09,2.37,3.34,3.79,1.0,4.01,2.97,3.88,1.45,4.66,16.39
00-0034261,Austin Corbett,CAR,C,1.0,856,measured,13.7,3.97,5.43,5.81,9.5,7.75,11.8,11.83,10.16,11.39,12.83,13.58,12.39,4.26,7.19,11.39,3.59,2.25,1.89,2.86,4.25,4.47,2.56,4.43,3.17,3.23,3.36,3.13,2.38,2.18,2.94,15.23,17.71,2.06,2.85,1.95,4.16,2.57,1.79,3.4,4.33,2.9,4.47,4.17,1.89,4.32,2.94,2.55,1.06
00-0037297,Cade Mays,CAR,C,2.0,764,measured,12.2,3.4,4.7,6.88,12.75,6.7,11.8,9.82,6.35,11.13,7.44,13.0,7.41,15.03,15.01,14.38,2.35,2.43,1.2,2.99,3.64,1.44,3.02,3.17,2.78,2.96,2.74,5.26,2.35,3.27,2.32,11.53,15.58,2.61,1.32,1.77,3.12,2.33,3.0,4.72,2.69,3.49,4.12,2.92,4.2,4.28,1.51,1.4,3.81
00-0038101,Akayleb Evans,CAR,CB,2.0,667,measured,11.3,15.24,16.85,14.2,6.44,15.75,11.8,11.45,7.26,9.06,6.68,12.12,16.25,5.76,16.13,4.58,4.02,4.09,2.86,3.51,1.84,2.81,1.12,4.28,4.05,3.22,3.69,2.77,3.95,4.36,4.15,2.25,3.67,5.86,3.41,1.1,3.81,8.43,11.77,13.0,9.7,9.7,10.09,7.7,2.6,4.29,2.57,2.4,10.25
00-0039380,Chau Smith-Wade,CAR,CB,1.0,271,measured,10.4,13.48,15.01,12.8,9.0,14.36,11.8,8.91,12.83,7.2,9.6,14.35,14.44,8.13,14.5,11.39,1.8,2.43,3.16,3.32,3.72,3.1,3.1,4.56,6.03,3.68,3.63,2.35,4.72,2.58,1.0,3.94,2.94,1.0,1.59,4.21,3.19,10.2,14.26,15.08,8.33,8.33,10.86,7.8,1.62,3.42,2.53,3.98,13.99
00-0040296,Corey Thornton,CAR,CB,2.0,0,prior,9.8,15.01,15.8,14.13,6.69,15.13,11.8,9.44,12.35,10.24,6.62,11.08,14.49,10.4,11.05,11.39,5.79,2.84,3.64,3.91,1.92,2.96,2.95,2.63,3.68,4.03,2.11,3.94,2.27,5.74,3.7,4.46,4.3,2.65,3.19,1.06,3.39,7.15,11.56,14.71,7.01,7.01,10.17,5.86,1.86,4.23,2.12,3.17,14.42
00-0038105,Damarri Mathis,CAR,CB,3.0,676,measured,9.1,16.86,16.61,13.92,7.08,15.04,11.8,9.48,7.25,4.65,7.7,12.83,12.9,15.68,11.05,8.43,2.19,1.0,2.27,4.6,2.05,2.94,4.05,2.94,3.43,3.58,4.05,2.53,3.91,2.66,1.22,5.3,4.26,2.07,2.28,4.2,1.97,3.41,9.44,13.29,4.7,4.7,10.29,6.09,3.83,2.43,3.47,3.77,9.8
00-0036944,Jaycee Horn,CAR,CB,1.0,1464,measured,14.9,16.86,18.37,14.22,9.5,18.74,11.8,14.01,15.35,11.82,9.81,12.38,12.27,6.38,6.03,14.55,1.77,4.74,2.48,3.31,2.92,2.82,3.93,4.02,3.46,4.89,5.09,2.32,4.26,2.4,3.48,5.21,3.26,2.76,2.98,6.31,1.38,5.37,8.99,10.23,14.94,14.94,11.01,16.29,3.2,2.73,1.48,4.7,5.57
00-0039239,Kalen King,CAR,CB,,0,prior,7.7,12.18,13.58,14.56,6.95,15.47,11.8,8.49,8.04,6.49,6.74,9.75,1.12,10.4,11.05,11.39,2.1,3.28,3.64,1.86,5.25,4.04,1.99,1.98,2.87,2.31,3.51,3.36,2.53,3.1,1.82,3.34,1.94,3.18,2.99,2.96,3.24,8.51,12.32,16.25,3.92,3.92,10.25,3.92,1.88,2.01,3.07,2.29,6.97
00-0040293,Michael Reid,CAR,CB,,0,prior,8.9,14.97,15.87,14.33,6.63,15.23,11.8,8.14,8.29,8.07,3.91,5.89,15.2,10.4,11.05,11.39,5.28,2.47,4.37,2.67,2.34,1.7,3.48,3.17,2.57,2.44,3.2,1.87,2.1,3.45,2.04,2.1,3.72,4.63,2.97,4.62,3.28,7.23,12.31,15.22,5.24,5.24,10.15,4.53,2.58,3.02,3.43,2.71,14.19
00-0035277,Mike Jackson,CAR,CB,1.0,1871,measured,11.3,15.26,16.91,13.75,6.5,17.84,11.8,13.68,13.75,11.11,12.44,9.7,9.47,17.5,11.05,11.39,2.46,3.19,2.65,2.93,2.64,1.73,3.6,4.11,3.66,3.85,2.43,4.01,1.18,4.06,2.7,3.01,4.0,4.44,2.13,2.47,2.69,1.0,6.52,11.84,8.78,8.78,10.11,14.31,3.48,3.01,3.24,1.28,14.27
00-0032889,A'Shawn Robinson,CAR,DT,1.0,1197,measured,11.3,3.14,4.94,4.56,11.33,6.44,11.8,12.94,11.18,10.14,10.91,11.18,8.5,7.37,14.34,18.94,2.83,3.19,4.01,3.82,3.4,3.2,3.68,2.82,4.72,1.0,1.87,3.19,3.42,3.08,3.56,2.65,3.3,3.24,10.21,8.41,11.11,13.59,18.81,8.94,1.79,2.48,2.12,2.05,2.35,2.56,3.78,2.64,3.5
00-0036903,Bobby Brown III,CAR,DT,1.0,721,measured,10.8,4.28,5.48,4.88,13.09,7.98,11.8,11.77,8.57,7.74,9.87,16.85,9.26,17.5,11.05,15.42,2.82,4.05,4.94,1.89,3.13,2.88,3.11,4.0,4.49,4.89,1.78,3.79,3.03,3.7,3.11,1.88,4.12,3.06,8.59,6.56,11.22,13.16,14.27,8.18,1.0,2.1,3.45,3.03,2.53,4.39,5.03,1.46,3.14
00-0040174,Cam Jackson,CAR,DT,2.0,0,prior,8.3,4.4,3.34,4.07,12.47,4.54,11.8,8.36,5.95,3.78,4.47,17.29,13.03,10.4,11.05,11.39,3.28,5.14,4.69,2.32,2.36,3.67,2.98,2.75,3.04,2.9,3.08,2.19,3.2,2.1,2.77,2.6,2.8,2.65,8.97,7.2,7.59,7.63,7.81,10.08,2.68,1.28,1.51,3.71,4.66,1.45,3.51,3.11,3.31
00-0036220,Derrick Brown,CAR,DT,1.0,1026,measured,14.0,4.53,6.47,2.27,14.31,8.12,11.8,11.17,11.64,13.28,12.12,8.51,12.41,17.5,11.05,15.42,2.91,4.99,3.87,4.16,3.23,4.29,3.4,4.04,2.73,3.48,2.23,3.16,3.38,2.44,2.49,3.78,3.99,2.71,14.08,11.72,14.17,16.46,17.4,9.42,2.72,3.73,2.02,2.03,3.17,2.97,3.47,1.91,3.13
00-0039402,Jaden Crumedy,CAR,DT,,110,measured,8.5,7.07,7.13,6.19,12.98,8.93,11.8,8.53,6.66,5.38,5.34,10.37,13.7,4.98,18.55,5.91,2.62,2.87,1.01,3.86,5.38,3.69,3.77,4.95,3.06,3.72,3.04,2.5,2.39,3.59,2.2,2.71,4.68,3.46,8.11,7.1,7.6,7.41,8.46,11.94,2.95,4.73,3.72,2.5,4.27,1.97,3.77,5.49,1.36
00-0040283,Jared Harrison-Hunte,CAR,DT,,0,prior,9.0,8.53,9.07,7.56,12.73,11.28,11.8,8.17,6.85,7.42,6.84,12.41,11.18,10.4,11.05,11.39,2.97,4.03,3.01,2.67,4.57,3.52,3.99,2.31,3.6,1.88,3.86,2.23,4.15,1.8,4.0,3.96,3.64,3.57,7.69,7.28,8.39,8.91,8.59,10.38,3.52,3.28,4.13,2.44,4.59,3.73,2.05,4.02,3.9
00-0037203,LaBryan Ray,CAR,DT,2.0,790,measured,6.5,6.81,8.21,7.73,12.71,10.31,11.8,9.42,7.13,7.5,5.12,10.75,12.92,14.69,11.05,17.41,2.52,2.28,4.93,1.96,2.06,4.01,2.35,2.81,3.44,3.45,3.67,3.65,1.2,3.63,3.03,3.14,5.15,3.78,4.7,3.69,5.58,5.3,4.71,9.42,2.57,2.45,3.09,1.0,1.45,2.97,2.55,2.07,1.84
00-0040763,Mapalo Mwansa,CAR,DT,,0,prior,9.4,11.87,13.97,12.73,12.81,15.2,11.8,8.8,9.52,8.16,4.43,7.4,6.92,10.4,11.05,11.39,2.93,2.77,4.01,6.28,2.95,2.32,3.0,3.76,2.44,2.91,3.11,1.0,1.86,3.6,4.57,3.3,2.81,2.26,7.12,7.85,8.39,8.91,8.59,11.71,4.36,1.23,4.33,3.49,3.65,3.05,2.29,3.78,3.58
00-0039490,Popo Aumavae,CAR,DT,3.0,0,prior,6.1,5.08,6.27,5.43,13.39,8.66,11.8,7.35,3.7,3.01,6.29,2.79,7.34,10.4,11.05,11.39,4.98,2.22,4.48,1.73,2.68,1.57,1.99,2.88,2.57,2.92,3.46,2.3,2.65,3.21,4.63,4.13,2.04,1.92,4.96,3.12,4.79,5.15,3.79,12.21,1.93,4.02,1.02,2.31,3.99,2.33,3.42,2.84,3.48
00-0035890,Tershawn Wharton,CAR,DT,2.0,938,measured,10.0,7.82,9.12,7.8,13.8,11.5,11.8,11.13,8.32,7.67,7.63,8.4,12.31,8.43,14.63,15.42,4.01,3.82,3.29,3.42,2.94,4.16,3.04,1.96,2.69,2.62,1.8,3.08,3.31,2.3,4.53,3.87,3.18,3.69,13.17,12.14,8.51,6.96,4.99,10.58,4.49,4.68,3.94,2.68,2.1,2.94,2.77,4.03,3.08
00-0036553,Carlos Basham,CAR,EDGE,,369,measured,9.8,11.69,13.33,12.72,10.0,13.72,11.8,10.82,7.78,9.52,7.8,8.62,13.04,15.23,14.8,11.39,3.28,2.37,2.99,3.54,3.74,1.9,4.21,2.6,4.13,2.71,4.02,3.57,1.96,1.39,2.27,2.24,1.31,3.31,7.17,7.97,9.69,13.69,8.13,12.94,5.8,6.8,3.1,4.1,2.57,2.66,3.93,2.28,3.5
00-0036335,D.J. Wonnum,CAR,EDGE,1.0,1202,measured,11.3,10.31,12.89,10.53,10.0,14.08,11.8,10.48,11.22,12.78,9.13,11.14,15.22,5.8,17.65,16.17,4.1,4.24,2.3,3.81,2.69,4.24,3.62,1.31,2.64,1.66,3.24,2.98,2.16,2.49,1.44,3.02,1.61,3.16,13.42,13.75,7.81,6.09,11.94,14.75,5.8,6.8,3.15,2.86,3.94,2.34,3.44,2.47,2.56
00-0038535,DJ Johnson,CAR,EDGE,3.0,497,measured,8.7,14.54,11.97,10.26,14.31,11.16,11.8,9.68,7.96,6.46,7.83,8.6,18.69,14.69,11.05,4.28,2.34,2.8,1.12,1.5,5.52,1.06,5.99,4.01,2.07,3.2,3.91,3.83,2.49,2.66,2.44,2.95,3.24,3.66,4.72,5.01,7.4,10.69,12.6,15.53,5.8,6.8,2.84,1.58,4.87,3.79,2.68,3.99,4.43
00-0040746,Nic Scourton,CAR,EDGE,2.0,0,prior,8.9,8.53,9.75,8.63,12.89,11.92,11.8,8.54,4.73,6.18,6.42,8.7,12.08,10.4,11.05,11.39,3.34,1.78,4.45,1.0,4.23,2.76,1.0,2.33,4.83,3.06,2.61,3.87,1.83,1.07,1.36,2.88,3.7,3.59,9.45,8.15,7.66,7.88,8.39,11.08,5.8,6.8,2.42,1.63,2.84,2.41,3.26,3.09,2.97
00-0037007,Patrick Jones II,CAR,EDGE,1.0,976,measured,11.3,8.67,8.33,10.99,11.33,10.45,11.8,9.84,6.54,9.16,10.72,10.86,10.39,12.05,17.19,7.14,2.14,3.95,3.07,5.9,4.17,3.46,3.73,2.51,5.01,3.78,1.67,2.74,2.04,2.62,2.45,2.71,2.73,3.27,9.71,8.99,15.04,17.45,14.31,11.2,5.8,6.8,3.44,2.88,3.08,3.03,4.38,3.02,3.54
00-0040136,Princely Umanmielen,CAR,EDGE,2.0,0,prior,9.2,10.46,13.71,9.92,10.21,16.46,11.8,7.5,9.01,8.87,5.51,9.86,7.79,10.4,11.05,11.39,1.84,1.5,3.62,3.28,4.98,1.82,2.16,3.44,4.51,3.23,2.52,2.8,2.54,4.32,4.11,3.95,3.0,3.81,8.24,8.54,7.26,7.82,8.9,12.03,5.8,6.8,3.48,3.23,3.96,3.23,4.17,2.17,1.93
00-0038791,Thomas Incoom,CAR,EDGE,3.0,48,prior,7.5,11.38,12.19,10.05,12.0,11.25,11.8,9.45,6.59,4.63,6.32,13.74,14.81,14.69,11.05,11.39,3.18,1.37,1.13,3.51,3.07,1.0,2.12,1.83,4.3,3.14,5.09,3.6,2.65,2.56,1.0,1.67,2.93,4.06,5.03,5.03,5.74,7.89,7.69,13.23,5.8,6.8,4.06,4.33,2.04,1.04,1.96,3.5,2.55
00-0040279,Ryan Fitzgerald,CAR,K,1.0,0,prior,15.3,10.35,11.27,10.24,9.64,12.42,10.71,11.61,15.28,16.03,8.54,12.95,18.18,10.4,11.05,11.39,4.87,4.4,2.43,3.54,1.61,3.18,3.04,5.04,2.93,2.22,2.75,3.27,3.0,3.31,3.66,2.85,5.49,2.04,3.59,2.53,2.52,3.22,1.83,3.21,2.52,2.96,4.21,1.73,15.81,14.76,2.49,3.61,5.14
00-0040289,Bam Martin-Scott,CAR,LB,3.0,0,prior,11.8,12.18,13.12,12.27,9.87,13.48,11.8,9.38,9.95,11.79,4.69,7.48,14.01,10.4,11.05,11.39,2.43,1.6,2.44,2.8,2.8,3.87,3.99,1.93,3.28,2.81,3.12,4.88,1.98,2.23,4.48,2.7,4.27,3.33,6.82,7.07,13.17,12.69,13.24,15.54,8.96,10.46,1.72,9.27,3.82,1.95,3.39,4.09,3.62
00-0035942,Christian Rozeboom,CAR,LB,1.0,1118,measured,12.7,11.92,12.87,12.21,10.01,13.34,11.8,11.16,7.57,9.21,9.67,10.96,13.3,17.5,11.05,15.42,1.86,2.78,2.37,2.77,4.11,3.88,3.24,4.02,1.46,1.75,1.4,4.08,3.74,3.12,3.0,1.9,1.88,3.21,3.59,3.59,14.58,16.49,17.66,15.69,5.44,6.94,4.35,7.81,3.13,1.47,4.49,2.94,3.04
00-0038493,Claudin Cherelus,CAR,LB,2.0,143,measured,10.0,12.12,13.07,12.39,10.01,13.5,11.8,7.68,5.94,6.09,8.74,8.69,13.97,5.69,17.79,8.39,3.98,4.82,3.84,4.68,2.83,2.44,3.8,5.58,2.7,1.96,4.87,3.02,1.0,4.02,3.9,2.84,3.84,3.56,9.05,9.22,8.11,10.32,11.57,14.04,5.68,7.18,2.31,2.92,2.07,3.64,2.87,3.86,2.37
00-0035961,Krys Barnes,CAR,LB,,520,measured,13.4,12.01,12.99,12.58,10.33,13.55,11.8,12.38,7.32,10.76,7.09,13.91,11.58,8.29,16.5,15.16,1.96,1.87,3.01,3.27,2.76,1.0,4.06,1.76,3.64,2.28,3.44,3.63,4.17,2.49,3.94,3.96,4.75,2.72,11.74,11.76,12.29,14.47,15.65,17.17,8.75,10.25,4.7,10.65,3.37,3.52,3.49,4.64,2.26
00-0039347,Trevin Wallace,CAR,LB,1.0,528,measured,9.5,14.08,15.82,12.27,11.13,16.39,11.8,7.77,6.87,4.77,6.66,10.68,8.57,7.76,15.38,11.39,3.15,4.98,2.78,3.45,3.84,1.81,2.98,3.03,2.85,3.67,3.06,2.9,4.95,2.64,3.33,2.49,3.66,1.52,6.89,7.36,8.53,9.58,9.08,14.39,6.21,7.71,3.63,4.43,2.4,1.81,2.95,1.66,3.3
00-0026027,J.J. Jansen,CAR,LS,1.0,4,prior,11.2,6.49,7.34,7.15,9.53,9.01,10.4,12.89,10.93,8.5,14.11,10.67,12.27,17.5,11.05,11.39,2.32,2.41,3.21,1.65,1.93,3.36,1.87,2.15,4.08,2.58,5.17,2.03,2.94,1.9,2.55,3.7,3.86,3.35,2.48,3.76,3.77,2.03,1.7,2.92,3.39,3.23,2.94,3.27,4.87,4.27,4.1,3.55,2.94
00-0036123,Brandon Walton,CAR,OG,,97,prior,13.0,4.57,6.39,6.06,12.89,8.9,11.8,12.26,11.45,12.44,9.78,12.09,13.57,15.68,11.05,11.39,2.34,2.54,4.77,3.08,1.0,2.14,1.3,4.41,2.11,2.47,4.17,3.79,3.21,4.02,2.67,13.18,15.76,3.69,1.69,2.58,2.78,3.55,2.26,2.4,3.69,5.06,3.04,3.14,2.85,3.89,3.44,3.84,3.84
00-0038536,Chandler Zavala,CAR,OG,2.0,431,measured,12.1,4.33,5.65,4.41,13.35,8.18,11.8,11.36,8.98,9.77,6.51,10.78,7.82,7.95,15.05,11.39,4.14,3.77,4.17,4.25,3.01,4.18,3.16,3.39,1.94,4.06,2.43,1.83,3.58,3.36,2.32,13.26,12.9,3.75,4.5,4.29,1.51,3.19,2.01,1.53,2.61,3.65,2.0,2.6,3.02,2.58,4.31,2.45,2.7
00-0036417,Damien Lewis,CAR,OG,1.0,1894,measured,13.4,3.24,5.74,2.66,13.85,9.38,11.8,10.36,12.37,8.87,10.02,13.87,9.88,12.54,16.97,16.14,3.57,3.7,2.71,1.0,4.22,4.71,2.78,3.91,2.97,3.84,3.73,2.74,4.01,3.93,3.38,13.64,17.24,2.21,4.03,4.28,1.87,4.1,2.97,2.17,2.31,2.45,1.0,5.24,2.86,1.0,3.24,2.82,2.13
00-0036325,Robert Hunt,CAR,OG,1.0,1692,measured,14.0,3.56,5.46,5.51,12.74,8.28,11.8,11.83,11.06,13.37,11.71,11.19,10.12,12.09,5.46,17.76,2.32,3.11,2.57,2.06,4.29,2.69,4.48,5.79,2.06,4.41,3.3,2.59,2.16,3.8,4.12,19.05,12.68,4.21,4.13,1.0,4.13,3.41,2.67,3.92,3.24,3.66,5.11,3.4,3.07,3.62,3.15,2.16,2.53
00-0036968,Brady Christensen,CAR,OT,2.0,826,measured,14.1,4.36,10.01,5.77,15.24,13.74,11.8,10.7,6.57,10.79,9.37,12.54,9.19,17.5,11.05,11.39,5.33,1.97,3.49,1.95,1.89,2.87,3.78,3.65,3.26,3.41,2.54,3.55,3.77,4.18,2.82,17.28,14.77,3.34,4.05,1.95,3.19,6.82,4.65,3.4,3.05,2.97,4.75,3.15,4.95,2.33,5.05,1.67,1.93
00-0037229,Ikem Ekwonu,CAR,OT,1.0,2030,measured,13.6,7.6,8.0,5.25,12.29,9.05,11.8,11.24,14.36,10.53,11.39,9.91,11.37,13.59,6.71,17.02,3.56,3.54,4.4,2.63,1.37,3.84,1.96,3.27,4.0,3.76,4.34,3.97,3.29,2.7,2.88,14.02,17.15,3.6,3.23,2.84,3.02,3.13,2.81,3.36,3.12,5.35,2.92,3.28,1.0,1.48,2.85,1.51,2.11
00-0039832,Jarrett Kingston,CAR,OT,,1,prior,10.3,6.4,8.0,8.65,12.98,10.93,11.8,7.81,10.01,4.97,6.93,10.58,10.35,12.99,11.05,11.39,4.04,4.61,2.93,2.41,3.91,3.07,3.48,3.31,4.29,5.4,2.17,3.08,4.63,2.58,3.93,9.52,11.19,1.0,2.16,3.16,1.0,3.99,3.78,2.36,2.89,2.47,2.19,3.91,4.56,3.53,5.01,3.8,3.2
00-0040294,Michael Tarquin,CAR,OT,,0,prior,10.7,4.13,5.99,5.12,12.03,8.5,11.8,10.1,8.41,8.08,5.19,10.22,8.66,10.4,11.05,11.39,3.66,2.93,4.26,3.53,5.55,1.65,4.33,3.21,2.98,4.64,2.88,3.46,3.81,3.72,2.21,12.57,11.2,2.95,3.95,2.76,2.1,3.12,2.62,3.39,4.08,4.57,3.35,2.67,3.78,2.67,3.33,1.62,1.84
00-0033284,Taylor Moton,CAR,OT,1.0,1968,measured,14.9,3.2,5.46,5.82,12.0,9.07,11.8,12.65,12.12,10.74,12.04,8.39,10.72,12.52,7.64,18.6,2.51,2.53,3.92,2.68,2.69,5.12,4.62,4.96,3.06,2.6,3.63,1.46,4.77,2.88,2.13,17.51,18.05,3.83,3.53,3.7,2.91,2.83,4.0,1.0,2.01,3.24,1.72,2.87,2.49,3.68,2.92,2.87,4.6
00-0035084,Yosh Nijman,CAR,OT,2.0,641,measured,12.4,3.19,6.8,4.57,13.85,8.76,11.8,12.28,10.45,7.74,9.16,13.11,9.51,11.93,14.1,16.45,2.89,4.16,4.03,2.14,1.49,1.56,3.45,4.9,3.07,2.76,1.44,3.45,3.15,2.72,2.01,13.87,13.9,4.19,2.95,2.4,4.13,2.22,2.62,2.77,2.96,3.79,4.56,2.99,1.91,3.31,2.56,3.31,3.53
00-0030092,Sam Martin,CAR,P,1.0,66,measured,9.9,5.55,7.31,7.42,9.83,9.82,10.49,12.67,6.75,6.34,11.84,11.97,13.1,17.5,11.05,7.19,3.15,3.08,3.41,4.76,4.17,2.65,2.38,3.63,4.65,3.17,3.85,2.26,2.1,3.13,1.0,4.15,3.47,2.53,2.65,2.37,1.0,4.18,1.21,4.39,2.59,1.39,4.02,2.59,2.0,1.37,9.68,10.03,2.51
00-0027973,Andy Dalton,CAR,QB,2.0,655,measured,10.1,5.49,4.82,11.2,9.76,6.09,11.8,11.32,9.37,8.27,13.67,12.84,12.12,4.64,18.6,7.74,7.09,8.99,9.47,10.74,9.62,16.83,9.64,11.44,3.28,3.66,4.71,2.01,2.39,3.34,4.13,3.54,3.51,2.59,2.46,1.15,3.9,1.82,2.56,3.2,3.07,3.22,3.56,1.72,4.04,3.46,3.72,3.45,4.89
00-0039150,Bryce Young,CAR,QB,1.0,1379,measured,11.0,10.47,10.29,12.79,9.76,11.05,11.8,11.14,12.2,11.81,10.0,15.44,12.13,13.87,15.3,11.39,10.22,14.38,8.58,8.93,10.33,10.61,12.72,8.19,1.58,9.3,2.21,1.99,4.63,2.41,1.8,3.8,2.16,2.79,1.65,2.56,3.47,2.29,4.9,3.05,3.54,3.71,2.11,2.26,2.25,2.59,3.0,4.1,3.78
00-0038550,Hendon Hooker,CAR,QB,,27,prior,6.0,9.55,10.06,11.78,9.76,10.86,11.8,7.18,5.34,6.49,8.64,8.92,2.33,5.66,4.95,11.39,4.79,5.43,6.53,4.77,4.77,8.26,5.62,4.68,2.48,1.0,3.27,4.23,2.63,2.44,1.97,2.84,2.29,3.03,4.26,1.3,3.52,2.81,3.95,2.44,3.78,1.97,3.08,3.94,1.79,2.38,1.47,3.0,2.56
00-0036555,Chuba Hubbard,CAR,RB,1.0,1226,measured,14.4,14.77,14.47,11.94,10.0,14.53,11.8,12.01,16.36,14.03,9.78,12.76,11.9,15.23,7.32,7.12,2.43,3.07,3.55,1.36,3.74,1.76,4.28,9.39,17.87,12.46,16.5,16.32,3.03,4.12,3.93,10.67,9.99,11.67,2.81,4.03,2.21,1.06,2.63,2.67,3.25,4.44,3.41,3.36,1.0,3.08,2.17,2.91,9.5
00-0036425,DeeJay Dallas,CAR,RB,,190,measured,9.9,12.74,13.13,11.82,9.0,13.08,11.8,11.5,8.72,6.67,10.2,9.64,13.39,11.93,7.44,16.12,3.43,3.68,2.34,2.28,2.09,4.24,2.22,14.93,6.87,6.87,7.02,11.84,4.36,5.05,4.22,4.57,8.47,5.57,2.63,2.36,3.93,1.65,4.54,2.3,3.46,4.57,2.46,3.46,1.26,3.49,3.92,4.57,13.8
00-0039344,Jonathon Brooks,CAR,RB,4.0,22,prior,9.0,13.93,14.36,12.08,8.59,13.79,11.8,9.74,6.03,7.46,5.33,12.07,12.36,4.59,6.26,5.58,3.29,1.83,4.24,1.58,1.54,3.49,4.11,17.34,4.84,6.28,4.88,6.27,5.17,8.87,8.53,2.46,5.6,3.46,3.16,2.81,4.36,3.1,1.78,2.39,2.51,1.58,3.4,3.7,2.47,1.0,3.08,2.14,14.4
00-0036139,Rico Dowdle,CAR,RB,2.0,741,measured,14.2,13.48,15.5,12.01,9.03,16.61,11.8,14.37,9.81,16.72,5.62,15.62,9.82,7.87,17.23,17.59,2.52,3.73,4.72,1.93,3.12,2.99,1.4,12.89,15.82,10.55,17.88,13.98,2.9,8.34,8.09,2.94,12.72,3.94,3.63,1.93,3.05,1.0,2.98,4.03,1.29,2.73,3.53,1.0,1.31,2.59,1.0,2.79,10.78
00-0040644,Trevor Etienne,CAR,RB,3.0,0,prior,10.6,16.16,16.19,13.42,7.5,14.44,11.8,8.91,9.4,11.19,6.56,12.18,6.67,10.4,11.05,11.39,1.53,2.58,2.06,2.29,2.11,3.6,2.07,13.62,7.92,7.4,7.05,11.29,2.88,6.9,6.69,2.33,4.82,3.33,2.66,3.84,2.09,3.18,3.9,2.57,3.38,4.53,1.4,1.0,2.37,4.52,3.49,4.69,11.2
00-0039601,Demani Richardson,CAR,S,2.0,371,measured,11.4,13.42,14.58,14.43,8.64,15.26,11.8,11.4,9.94,11.08,7.07,8.81,12.8,12.99,11.05,11.39,3.12,2.7,4.13,3.51,3.11,2.92,4.5,1.69,3.09,3.28,3.79,3.42,2.96,2.19,3.03,2.03,2.53,1.74,2.54,4.05,1.93,8.0,14.08,13.74,8.36,9.36,9.45,13.49,4.79,1.85,2.6,2.69,16.63
00-0040159,Lathan Ransom,CAR,S,2.0,0,prior,12.5,13.35,14.21,14.46,8.27,14.78,11.8,10.04,11.4,11.22,5.6,12.73,4.63,10.4,11.05,11.39,1.44,3.08,2.72,2.18,3.9,4.38,3.27,1.06,1.48,2.59,2.21,2.54,3.63,1.25,3.15,3.41,3.43,1.09,3.52,6.03,2.99,11.5,12.23,11.42,12.36,13.36,9.34,14.65,2.39,3.12,4.22,3.38,14.76
00-0035669,Nick Scott,CAR,S,1.0,1077,measured,9.9,12.61,13.17,13.76,7.62,13.45,11.8,11.21,10.65,6.43,10.16,12.4,5.07,7.64,17.34,4.63,3.36,3.26,3.01,4.38,2.44,4.67,3.84,4.06,3.03,2.58,3.09,2.11,3.89,4.54,5.02,3.07,1.86,3.33,3.14,2.94,5.16,11.33,10.25,13.18,6.78,7.78,9.15,8.63,3.66,3.64,1.72,3.3,11.07
00-0036962,Tre'von Moehrig,CAR,S,1.0,2098,measured,13.4,14.31,15.65,14.99,8.04,13.81,11.8,11.85,9.42,10.44,9.45,14.02,10.0,15.23,14.59,7.37,2.98,3.21,2.69,2.74,3.29,4.35,3.14,1.12,2.76,4.11,3.6,3.63,3.77,3.46,4.38,3.65,4.54,2.7,2.87,1.7,1.71,10.94,11.53,10.83,14.53,15.53,9.27,14.43,4.11,1.98,4.38,2.42,5.57
00-0040295,Trevian Thomas,CAR,S,,0,prior,11.8,13.43,14.06,14.41,7.41,13.97,11.8,10.65,9.95,11.82,8.36,9.75,8.73,10.4,11.05,11.39,3.74,1.08,4.66,3.44,1.96,2.75,3.55,3.61,4.21,2.56,4.33,1.48,3.45,2.6,1.96,1.56,1.94,4.27,1.93,1.8,2.76,9.47,9.39,12.1,11.91,12.91,9.08,12.99,3.36,2.84,3.39,4.5,15.36
00-0040292,Bryce Pierre,CAR,TE,,0,prior,10.4,10.52,11.74,12.05,9.53,12.91,11.8,6.99,7.59,7.34,5.67,8.88,7.73,10.4,11.05,11.39,3.38,1.7,1.69,3.91,2.38,1.77,3.98,13.6,4.46,12.23,16.02,9.46,9.06,9.21,9.72,10.97,10.38,7.69,3.77,2.57,3.17,3.96,1.25,2.77,2.49,3.83,3.91,3.86,1.88,3.32,4.22,1.45,5.23
00-0039356,Ja'Tavion Sanders,CAR,TE,1.0,488,measured,11.8,10.92,12.04,12.35,8.95,13.05,11.8,8.2,9.0,7.35,7.04,19.31,11.24,12.22,15.71,15.42,2.45,2.5,2.69,2.26,5.44,3.51,2.23,10.48,2.61,11.84,15.62,9.38,10.75,15.59,14.6,14.72,5.4,11.44,3.66,3.18,3.01,3.13,3.09,2.47,1.0,2.63,2.07,4.97,5.3,1.02,3.36,3.78,3.09
00-0037282,James Mitchell,CAR,TE,4.0,195,measured,10.0,10.56,11.8,12.07,9.51,12.96,11.8,8.12,7.85,5.34,6.45,9.53,9.48,14.01,6.99,14.83,2.37,3.77,2.62,3.54,2.48,3.28,4.13,15.53,3.59,6.86,10.64,10.48,8.26,7.97,6.15,11.32,12.52,8.03,3.19,2.52,3.01,1.78,3.23,3.48,2.5,2.94,1.47,3.42,2.03,3.04,1.71,5.28,1.77
00-0040187,Mitchell Evans,CAR,TE,3.0,0,prior,10.5,10.15,10.83,10.82,9.35,11.15,11.8,9.07,8.13,7.46,5.42,15.47,9.87,10.4,11.05,11.39,2.61,3.64,3.51,4.7,3.11,3.59,2.47,15.52,4.33,10.91,14.7,10.19,8.96,9.79,9.73,11.25,10.08,7.96,2.59,4.1,2.07,2.76,3.36,2.19,4.26,4.0,4.2,2.51,2.7,1.43,3.36,1.0,2.11
00-0037005,Tommy Tremble,CAR,TE,2.0,1069,measured,13.3,12.37,13.68,11.99,10.0,15.14,11.8,10.72,8.76,9.17,6.87,9.04,5.59,8.28,18.63,7.3,4.41,2.6,2.89,3.42,3.22,3.64,4.41,9.38,1.87,10.54,14.32,16.91,16.62,8.82,9.18,14.81,14.69,11.53,3.29,4.48,3.7,3.02,1.44,2.08,1.82,2.55,2.8,3.93,4.37,2.67,4.76,3.61,3.31
00-0039747,Ainias Smith,CAR,WR,,87,prior,9.0,14.97,14.96,13.35,10.67,14.92,11.8,7.44,8.93,5.89,6.4,16.29,9.25,12.99,11.05,11.39,3.01,3.74,2.98,4.17,4.09,1.9,3.86,9.2,5.63,10.5,9.2,6.16,4.32,7.17,6.1,2.29,5.43,3.22,1.97,3.62,1.9,3.39,2.93,1.95,3.06,3.81,2.2,1.93,2.86,3.18,2.54,4.24,9.85
00-0038840,Brycen Tremayne,CAR,WR,2.0,19,prior,8.0,13.76,14.91,13.67,6.84,14.88,11.8,8.91,7.65,8.94,6.49,9.25,12.19,12.99,11.05,11.39,3.2,1.51,1.33,5.1,1.27,3.62,2.42,11.01,4.53,12.04,10.73,4.81,3.88,4.36,6.19,3.12,3.65,2.97,3.68,4.35,3.98,5.18,2.75,3.9,2.88,4.69,3.67,2.42,4.8,2.19,3.27,3.95,16.68
00-0040629,Dalevon Campbell,CAR,WR,3.0,0,prior,9.7,14.01,15.08,14.01,6.36,14.74,11.8,8.16,9.73,8.67,5.31,11.63,11.49,10.4,11.05,11.39,3.35,1.48,1.75,4.08,3.04,2.13,4.43,7.11,7.71,12.37,11.07,6.32,6.75,8.0,8.16,3.57,2.61,2.79,3.23,2.79,1.0,2.62,3.03,2.4,2.48,1.98,3.84,3.55,3.31,3.68,2.32,3.31,8.97
00-0033589,David Moore,CAR,WR,1.0,603,measured,11.0,13.01,13.61,11.94,8.23,14.46,11.8,10.93,10.76,6.76,13.2,10.34,8.56,8.41,7.24,16.48,2.6,2.7,2.28,3.97,1.61,4.63,3.54,14.11,8.27,11.35,10.04,13.99,10.0,7.7,7.5,2.77,3.61,1.37,1.0,2.8,3.5,4.35,1.21,3.32,2.13,4.08,3.38,1.67,1.87,3.26,1.06,2.55,15.16
00-0034983,Hunter Renfrow,CAR,WR,2.0,397,measured,9.7,12.0,11.7,15.35,3.25,12.83,11.8,11.27,9.26,7.93,11.06,6.01,13.14,7.02,5.15,14.38,3.85,3.07,3.05,1.75,2.2,2.15,3.54,6.02,7.61,12.19,10.88,7.7,6.82,8.81,8.01,3.08,3.0,4.46,3.9,3.43,3.09,2.8,1.73,2.44,3.34,3.11,3.67,3.86,2.55,3.99,3.78,5.1,9.74
00-0040265,Ja'Seem Reed,CAR,WR,,0,prior,9.8,14.5,15.19,14.1,6.27,14.68,11.8,9.48,13.28,12.58,5.77,5.4,11.57,10.4,11.05,11.39,3.61,2.86,3.04,3.05,2.92,4.28,1.89,7.11,7.71,12.37,11.07,6.32,6.75,8.0,8.16,2.13,1.62,3.11,3.3,2.71,4.69,2.8,2.42,2.01,2.85,3.12,2.56,1.78,3.74,2.94,2.56,2.54,9.17
00-0039491,Jalen Coker,CAR,WR,3.0,403,measured,10.3,13.78,14.81,13.43,7.2,14.96,11.8,10.59,9.63,7.99,6.0,7.2,9.95,7.13,7.09,14.22,3.59,2.03,1.93,2.51,3.28,1.52,3.95,7.57,11.64,14.47,13.16,8.02,7.2,8.67,8.57,3.57,2.88,3.51,3.58,3.82,4.95,1.47,2.91,3.08,3.99,3.02,3.09,3.39,2.98,3.17,4.09,3.08,9.01
00-0040218,Jimmy Horn Jr.,CAR,WR,2.0,0,prior,9.6,15.24,16.69,12.98,6.36,16.75,11.8,10.35,7.41,6.53,7.06,12.8,9.2,10.4,11.05,11.39,3.6,3.52,3.57,2.39,2.46,1.0,1.89,8.35,7.26,12.36,11.05,4.59,5.42,8.41,8.82,2.24,2.85,4.4,1.98,2.97,3.62,4.52,2.33,4.22,1.44,2.97,2.83,5.06,2.84,3.81,2.14,2.9,11.46
00-0040124,Tetairoa McMillan,CAR,WR,1.0,0,prior,11.6,13.72,14.99,13.87,6.54,14.81,11.8,13.01,12.52,12.05,6.48,9.85,8.26,10.4,11.05,11.39,2.82,1.05,1.87,2.76,3.83,2.53,3.35,19.4,11.81,13.02,11.71,8.29,5.89,12.87,12.57,1.4,4.52,4.36,2.22,1.8,2.64,1.74,4.57,3.29,2.02,3.46,3.41,5.6,3.82,2.07,3.15,2.41,13.27
00-0039342,Xavier Legette,CAR,WR,1.0,640,measured,10.9,16.86,17.06,12.74,8.15,17.34,11.8,10.38,10.56,9.12,8.52,9.8,8.82,12.22,15.76,18.26,2.54,2.55,4.29,2.4,1.46,3.5,2.5,17.28,6.08,6.93,5.62,7.95,7.57,9.58,10.01,3.76,2.08,3.72,2.38,3.59,2.06,2.22,1.66,3.22,2.02,3.47,2.28,2.21,3.98,3.38,3.33,3.71,13.11
00-0036957,Drew Dalman,CHI,C,1.0,1561,measured,15.0,5.2,7.0,9.52,16.62,11.51,11.8,13.09,10.38,13.75,8.65,11.04,9.69,13.82,15.3,4.04,2.71,3.44,2.47,2.48,4.04,3.82,2.4,1.88,2.8,3.05,2.16,4.06,3.54,3.57,2.88,17.62,14.37,5.59,2.27,2.55,3.02,2.46,3.16,2.55,2.18,2.04,2.21,2.28,3.48,2.38,2.97,3.51,2.49
00-0039008,Ricky Stromberg,CHI,C,,17,prior,10.4,3.1,6.35,6.42,12.1,11.51,11.8,7.15,6.55,7.51,4.97,11.85,11.03,5.67,15.13,11.39,2.93,2.26,2.83,3.27,2.46,4.78,2.94,3.79,2.62,2.21,1.0,4.34,4.05,3.82,3.01,11.59,11.21,3.15,3.96,2.02,3.61,3.97,1.0,2.5,5.26,4.91,2.89,4.5,1.84,2.41,2.05,2.84,3.02
00-0035382,Ryan Bates,CHI,C,2.0,508,measured,11.7,5.27,5.54,8.57,14.31,7.23,11.8,9.71,8.78,6.03,9.12,9.58,6.56,5.29,4.15,7.95,1.45,2.49,4.68,4.3,4.31,4.77,2.88,3.75,2.78,3.28,2.68,2.8,4.4,2.68,3.66,10.91,13.24,3.23,3.68,1.0,3.46,3.42,3.44,3.65,2.05,3.25,3.77,2.56,3.68,3.77,4.6,4.14,3.78
00-0040550,Dontae Manning,CHI,CB,,0,prior,8.9,15.08,15.58,13.73,7.15,14.95,11.8,7.31,4.93,6.48,5.69,9.3,9.13,10.4,11.05,11.39,3.65,2.74,3.31,1.13,3.22,3.92,2.63,1.76,4.36,3.23,1.35,3.65,3.59,2.29,1.2,2.74,2.38,2.45,1.88,5.77,2.56,7.23,12.31,15.26,5.24,5.24,10.31,4.53,2.24,2.88,5.02,2.91,14.19
00-0036292,Jaylon Johnson,CHI,CB,1.0,1769,measured,12.8,14.31,15.21,14.72,7.5,15.42,11.8,11.07,6.98,8.63,9.66,5.64,15.24,7.2,7.16,8.17,1.52,2.98,2.19,1.96,2.91,3.06,2.49,2.47,1.85,3.38,3.57,2.12,2.38,3.64,3.67,2.95,2.51,2.51,2.72,3.1,3.26,6.25,4.04,8.86,12.85,12.85,10.41,13.79,1.43,2.49,3.86,2.59,10.14
00-0037106,Jaylon Jones,CHI,CB,,358,measured,8.7,15.1,15.69,13.71,6.76,14.91,11.8,7.37,7.65,7.22,7.34,9.57,5.12,15.2,14.43,11.39,3.52,3.24,3.93,1.01,4.8,3.07,5.77,3.83,1.92,1.53,1.83,1.76,3.69,1.34,3.97,2.27,4.89,3.0,2.85,4.5,4.47,8.26,14.1,16.57,4.43,4.43,10.19,4.87,1.0,1.0,3.39,1.17,12.99
00-0037129,Josh Blackwell,CHI,CB,3.0,169,measured,9.1,15.13,15.72,13.56,6.54,14.82,11.8,7.66,7.27,7.84,8.36,6.06,16.43,8.37,17.42,14.83,2.88,2.86,2.12,1.97,2.8,4.58,3.69,4.66,2.83,1.72,3.38,2.04,6.85,3.14,2.15,2.56,4.01,2.83,3.44,4.38,1.17,6.56,11.42,15.09,5.77,5.77,10.12,5.06,3.84,4.36,3.1,4.57,13.11
00-0038111,Kyler Gordon,CHI,CB,1.0,1458,measured,13.2,13.85,15.01,13.92,7.08,15.04,11.8,11.8,14.87,14.31,8.44,6.7,15.04,12.17,14.48,6.51,3.34,3.71,1.65,4.18,1.31,4.22,3.8,1.68,4.09,4.12,2.33,3.0,4.76,2.42,3.14,1.75,2.43,1.64,1.4,1.59,4.43,10.25,15.27,10.54,13.24,13.24,10.29,12.48,2.03,1.86,5.16,4.08,9.38
00-0036986,Nahshon Wright,CHI,CB,2.0,90,prior,10.0,15.24,16.19,9.74,2.5,12.75,11.8,10.58,6.28,8.88,10.77,15.46,7.36,17.5,11.05,7.74,3.69,3.53,2.53,1.57,2.79,1.51,3.38,3.23,3.16,3.81,4.19,1.06,1.98,5.49,3.83,1.43,3.31,1.97,3.01,3.4,3.82,7.26,11.99,15.49,8.01,8.01,8.91,7.09,1.78,3.32,2.33,2.6,7.02
00-0036589,Nick McCloud,CHI,CB,2.0,638,measured,10.2,15.03,15.82,14.04,6.56,15.07,11.8,10.65,8.41,10.98,10.89,12.8,10.67,12.34,5.04,14.38,3.09,2.28,2.62,3.72,2.37,2.62,3.27,3.09,1.91,2.71,2.2,1.9,3.14,3.14,3.13,3.13,3.83,3.8,3.12,2.8,3.14,6.6,11.26,14.68,7.52,7.52,10.13,7.11,4.47,4.13,3.54,3.04,13.13
00-0038395,Terell Smith,CHI,CB,2.0,430,measured,10.9,16.39,15.33,13.2,7.0,13.44,11.8,11.95,8.62,9.79,8.14,10.06,7.65,7.47,4.02,11.39,1.74,3.24,2.55,2.67,3.17,3.49,4.2,3.95,1.08,2.49,1.15,3.15,3.34,4.69,1.9,3.26,2.25,3.86,1.0,3.98,4.08,10.7,15.41,16.54,8.06,8.06,10.26,7.88,2.57,2.95,1.6,4.22,11.66
00-0034756,Tre Flowers,CHI,CB,,209,measured,9.7,14.74,14.55,13.81,9.0,13.3,11.8,11.15,8.19,8.55,9.78,13.49,8.49,11.93,14.24,7.06,4.95,2.81,2.97,4.51,2.49,1.42,3.26,2.52,2.3,2.3,4.26,3.49,1.41,2.96,3.52,4.66,2.62,4.69,4.11,2.45,1.0,9.12,13.54,16.54,6.39,6.39,10.86,7.08,2.89,3.61,2.76,4.86,7.65
00-0039071,Tyrique Stevenson,CHI,CB,1.0,1311,measured,14.9,15.47,16.07,11.83,7.4,16.54,11.8,13.2,14.52,14.66,8.49,8.48,11.91,13.68,17.02,6.88,2.25,1.78,2.97,1.0,2.6,1.84,2.91,3.79,3.44,2.65,1.88,1.43,2.71,2.6,1.88,2.83,2.78,3.42,2.33,3.39,1.0,9.58,13.29,14.06,15.96,15.96,10.38,15.99,1.72,2.95,4.56,2.7,11.61
00-0040191,Zah Frazier,CHI,CB,4.0,0,prior,9.6,17.55,17.43,13.68,6.03,15.7,11.8,9.16,9.89,9.52,4.89,14.67,10.38,10.4,11.05,11.39,3.65,1.89,3.07,3.06,2.28,3.11,3.55,3.0,3.09,2.55,4.65,3.1,3.45,3.93,2.41,4.1,4.09,3.12,1.0,2.46,2.79,6.9,11.68,15.9,5.66,5.66,9.97,4.93,3.8,4.01,3.15,2.62,12.24
00-0033066,Andrew Billings,CHI,DT,2.0,814,measured,11.6,5.21,7.46,2.48,15.7,8.31,11.8,13.87,10.32,10.65,9.65,10.63,7.81,14.35,15.1,13.87,3.06,1.09,3.15,3.73,4.12,2.43,3.6,2.71,3.53,2.22,3.68,2.76,4.23,2.88,1.65,1.0,3.74,2.99,11.57,8.96,11.98,12.28,7.98,7.11,4.06,4.72,3.67,1.62,2.98,3.63,1.35,4.11,2.76
00-0035857,Chris Williams,CHI,DT,3.0,366,measured,9.9,5.88,7.05,5.97,13.68,9.34,11.8,10.39,10.16,8.73,8.1,14.49,8.49,15.11,11.05,11.39,2.07,2.1,2.78,2.61,2.6,3.5,3.66,4.11,1.82,1.19,3.22,3.5,2.88,4.94,3.57,3.0,3.46,3.23,12.93,11.26,8.01,6.7,9.03,9.48,2.52,1.16,2.08,3.21,4.48,3.27,3.8,4.47,3.01
00-0039070,Gervon Dexter Sr.,CHI,DT,1.0,853,measured,13.1,8.27,8.73,7.63,11.33,10.46,11.8,9.99,11.69,13.43,7.78,11.59,15.05,12.32,15.98,7.95,3.01,3.05,2.75,1.5,3.06,1.1,4.64,3.67,2.63,3.25,3.95,2.14,4.07,2.3,2.99,2.4,3.3,4.16,15.96,15.95,14.5,11.55,12.0,10.39,3.27,1.95,1.7,4.66,3.08,3.42,2.61,3.33,3.63
00-0031583,Grady Jarrett,CHI,DT,1.0,1249,measured,14.1,4.34,6.41,7.71,15.24,9.39,11.8,17.21,10.87,17.07,13.31,8.74,12.98,17.5,11.05,7.74,2.2,4.85,3.5,2.72,3.02,3.61,3.26,4.17,3.02,3.09,3.47,1.0,3.1,2.16,3.09,4.21,2.51,2.8,14.86,12.11,14.97,15.8,14.17,5.97,4.22,3.85,2.55,3.86,2.5,2.88,3.9,3.96,3.71
00-0037094,Jonathan Ford,CHI,DT,,73,prior,8.1,5.79,5.89,6.95,12.45,8.33,11.8,9.05,8.56,6.75,8.63,8.09,10.22,12.99,11.05,5.91,3.36,2.55,2.46,3.61,5.26,1.74,2.29,1.69,3.32,2.45,1.95,2.71,3.04,2.47,2.25,1.77,3.12,2.4,6.63,5.35,7.83,8.14,8.4,11.48,3.13,3.68,3.11,2.77,4.26,3.49,2.72,2.82,1.31
00-0040741,Shemar Turner,CHI,DT,2.0,0,prior,9.4,7.0,8.34,7.58,13.1,10.53,11.8,8.95,10.26,9.13,5.14,9.54,8.53,10.4,11.05,11.39,2.7,3.05,3.34,3.27,3.52,2.82,3.82,2.03,3.08,3.15,3.35,2.85,2.18,4.08,1.0,1.87,3.94,1.17,10.3,9.22,8.2,7.84,7.62,11.39,3.18,4.76,3.01,4.63,1.99,4.11,1.7,2.58,2.29
00-0039840,Austin Booker,CHI,EDGE,3.0,264,measured,8.3,9.47,11.73,12.88,9.57,12.78,11.8,6.13,8.43,9.11,6.36,4.94,13.96,12.99,11.05,11.39,2.94,1.83,3.37,1.36,4.13,2.6,2.63,3.5,3.25,3.71,2.67,3.98,3.89,2.05,2.7,3.74,2.2,1.0,6.99,7.17,7.1,8.17,9.16,12.47,5.8,6.8,2.48,5.17,1.0,2.37,2.66,2.59,3.82
00-0037843,Daniel Hardy,CHI,EDGE,2.0,48,prior,7.8,11.95,13.08,11.88,10.82,13.79,11.8,8.09,8.47,6.62,9.47,11.58,14.72,14.15,11.05,11.39,3.43,3.46,1.94,3.01,3.07,1.31,3.42,2.57,3.45,1.43,4.71,3.03,4.03,3.22,3.98,1.84,2.35,3.6,6.62,7.23,5.11,5.33,4.75,10.71,5.8,6.8,3.69,2.97,2.73,4.27,3.62,2.65,2.98
00-0036480,Dayo Odeyingbo,CHI,EDGE,1.0,1317,measured,9.8,9.12,10.71,9.84,11.76,12.37,11.8,10.14,7.09,10.23,10.19,8.78,9.56,17.5,11.05,15.42,2.92,5.62,2.92,4.08,3.35,2.29,4.2,4.83,2.3,2.63,3.89,1.38,4.41,2.48,1.31,1.16,2.43,2.06,11.18,10.47,8.84,7.32,6.85,8.0,5.8,6.8,2.5,3.93,1.08,3.67,5.34,4.7,3.21
00-0037082,Dominique Robinson,CHI,EDGE,2.0,460,measured,7.9,10.46,12.47,11.58,12.92,17.07,11.8,8.01,6.88,8.35,8.43,10.36,7.13,15.68,11.05,14.38,3.02,4.6,3.64,4.72,1.59,4.2,3.92,2.37,3.05,1.98,1.6,1.28,3.92,2.19,1.95,2.27,3.72,1.07,7.0,6.35,4.72,5.82,8.41,12.28,5.8,6.8,4.29,3.57,3.88,3.3,3.6,1.54,3.49
00-0039461,Jamree Kromah,CHI,EDGE,,0,prior,6.3,9.31,10.66,9.62,12.22,12.42,11.8,7.51,2.99,3.49,10.13,9.66,9.59,10.4,11.05,11.39,3.92,4.9,3.08,2.99,2.67,1.69,3.75,1.92,3.06,4.69,1.3,2.75,2.93,1.73,2.87,4.35,3.81,5.28,5.02,4.21,4.62,4.62,3.62,10.12,5.8,6.8,4.2,3.31,3.48,2.47,2.5,2.36,3.12
00-0035647,Montez Sweat,CHI,EDGE,1.0,1390,measured,16.0,16.07,16.22,13.14,10.67,14.95,11.8,12.92,14.97,17.08,12.0,8.44,10.61,13.82,14.86,13.85,2.43,2.13,2.11,3.29,3.35,3.3,3.67,3.16,2.42,3.54,2.93,2.44,1.49,2.81,4.24,3.39,3.28,2.54,15.14,17.24,17.98,18.19,13.0,12.58,5.8,6.8,1.52,3.15,2.39,1.23,2.45,2.61,1.0
00-0033902,Tanoh Kpassagnon,CHI,EDGE,,479,measured,9.9,7.8,12.33,7.14,12.0,11.43,11.8,12.88,8.39,5.35,11.36,9.68,14.08,12.61,6.35,4.3,3.16,3.05,4.14,3.16,2.51,3.52,2.41,2.37,3.11,1.74,1.4,4.28,3.44,3.65,1.8,4.02,3.97,1.89,8.81,7.56,11.41,13.72,7.35,10.77,5.8,6.8,3.66,1.71,3.34,3.12,3.38,2.97,3.94
00-0031203,Cairo Santos,CHI,K,1.0,62,measured,15.7,7.83,8.99,8.49,9.64,10.7,12.98,14.81,11.97,10.45,16.35,12.93,8.75,17.5,11.05,7.37,2.05,3.25,2.12,2.76,2.76,1.0,2.18,3.74,1.42,3.33,2.64,2.03,4.3,2.06,3.25,4.31,3.66,4.57,2.62,1.0,2.79,2.17,4.43,2.96,3.08,4.46,1.76,4.94,15.65,15.74,1.77,3.68,3.55
00-0036716,Amen Ogbongbemiga,CHI,LB,2.0,24,prior,9.0,11.38,10.69,11.3,12.46,11.4,11.8,7.67,5.62,8.24,9.85,11.04,8.89,17.5,11.05,13.84,2.7,2.19,3.39,2.03,5.34,2.23,3.93,3.78,3.31,3.01,1.89,3.11,4.16,3.06,2.99,1.73,3.98,2.22,14.86,13.92,6.17,7.41,10.51,12.01,4.26,5.76,2.48,2.12,5.14,2.79,4.69,5.01,2.0
00-0039460,Carl Jones,CHI,LB,,0,prior,8.3,11.82,12.4,11.43,10.87,13.09,11.8,6.9,6.78,3.62,7.63,8.7,6.52,12.99,11.05,11.39,1.45,4.51,2.9,4.79,4.33,2.47,2.12,4.61,2.49,2.97,3.69,3.34,2.95,3.03,3.01,2.89,2.49,2.88,14.63,14.4,5.12,6.6,8.17,12.4,4.1,5.6,5.35,2.03,3.62,1.0,3.47,2.23,3.86
00-0037271,D'Marco Jackson,CHI,LB,2.0,63,prior,9.3,13.29,14.91,11.86,10.44,13.7,11.8,8.48,6.08,7.15,8.26,10.59,12.3,7.31,14.39,5.91,2.17,3.97,2.14,3.34,5.51,3.92,2.67,1.7,2.96,2.79,4.82,4.31,1.61,1.0,3.91,3.39,5.19,2.85,10.23,10.67,6.86,8.86,9.96,12.78,4.48,5.98,3.91,2.32,3.86,1.73,3.98,3.59,4.48
00-0038390,Noah Sewell,CHI,LB,2.0,20,prior,8.6,11.69,11.6,12.74,13.85,12.3,11.8,6.95,8.11,4.48,7.33,9.84,11.2,12.08,5.76,5.91,2.11,3.42,3.47,3.59,4.24,2.75,2.52,3.71,3.14,3.33,3.83,1.92,3.14,2.02,2.65,2.8,2.31,1.9,12.67,11.36,5.76,7.34,9.96,11.57,4.2,5.7,1.56,2.11,2.4,1.0,1.97,2.58,1.77
00-0040167,Ruben Hyppolite II,CHI,LB,1.0,0,prior,12.1,11.65,12.26,11.74,11.5,13.19,11.8,10.19,8.66,10.29,7.35,8.13,10.21,10.4,11.05,11.39,3.12,2.99,2.34,2.16,3.3,3.78,3.39,3.46,2.39,4.67,1.64,4.36,2.87,1.0,1.02,2.85,1.85,3.83,9.76,9.25,11.74,13.8,14.6,15.01,7.21,8.71,3.83,4.39,3.84,3.13,1.6,4.62,3.74
00-0035386,T.J. Edwards,CHI,LB,1.0,2112,measured,14.5,11.28,11.89,11.43,8.0,12.89,11.8,13.64,12.9,8.69,12.39,7.4,12.18,11.93,14.24,11.39,1.33,2.5,3.15,2.19,1.44,3.49,2.99,2.38,4.29,2.14,3.47,3.67,2.05,3.27,2.38,5.15,1.98,2.37,12.12,12.7,14.29,15.02,15.26,16.38,13.9,15.4,2.96,14.11,2.91,2.42,2.97,1.81,4.51
00-0034673,Tremaine Edmunds,CHI,LB,1.0,1881,measured,12.4,13.48,13.04,14.27,9.5,13.45,11.8,12.8,5.3,7.9,9.58,14.1,8.88,7.46,7.14,8.07,2.4,1.94,1.97,3.23,1.92,2.45,2.77,3.59,4.39,1.0,1.96,2.48,2.21,2.16,2.22,4.26,3.39,1.9,6.26,7.09,8.63,9.38,9.39,15.7,19.44,20.0,2.61,15.23,3.39,2.8,3.63,3.92,2.41
00-0040269,Xavier Carlton,CHI,LB,,0,prior,11.8,11.88,13.7,16.36,11.14,14.98,11.8,9.76,11.51,8.39,6.22,7.46,7.89,10.4,11.05,11.39,2.64,4.65,1.0,2.36,3.79,2.82,3.45,3.56,3.25,2.53,5.0,4.35,3.21,1.42,4.27,3.84,3.91,3.72,7.1,6.8,13.17,12.69,13.24,15.42,8.96,10.46,5.02,9.27,3.94,4.3,1.28,3.94,4.07
00-0034067,Scott Daly,CHI,LS,1.0,2,prior,8.9,9.3,10.16,9.57,9.53,11.42,12.76,10.68,7.58,9.19,10.34,12.02,13.44,17.5,11.05,11.39,3.6,2.91,3.14,3.04,1.87,3.62,4.81,4.65,3.24,2.22,1.31,3.66,2.08,3.17,1.01,2.11,2.48,3.97,2.73,2.47,2.21,3.33,3.54,4.84,4.38,2.59,1.1,4.52,2.74,1.15,3.41,3.93,3.89
00-0032391,Joe Thuney,CHI,OG,1.0,2133,measured,15.0,5.66,6.59,7.11,14.31,7.62,11.8,14.78,13.61,10.99,11.61,12.71,8.75,17.5,11.05,7.28,2.3,3.12,3.03,4.22,3.16,2.99,2.25,4.7,3.53,3.32,2.4,2.93,3.28,3.55,2.94,15.99,17.42,3.4,1.94,3.85,3.33,3.33,3.21,2.92,1.94,3.94,3.76,3.8,2.21,4.63,2.54,3.26,3.36
00-0036258,Jonah Jackson,CHI,OG,1.0,1128,measured,12.8,3.35,3.77,3.35,14.31,6.05,11.8,12.68,9.99,10.5,12.04,8.94,13.16,8.5,4.77,16.76,1.0,3.96,3.78,2.84,2.04,2.46,4.33,2.3,2.41,3.2,3.46,3.93,2.7,1.6,2.54,12.5,15.82,1.9,2.18,2.77,4.08,2.99,1.83,1.0,1.83,4.35,5.18,4.13,1.95,3.69,2.36,1.61,2.23
00-0038595,Jordan McFadden,CHI,OG,,110,measured,11.5,6.8,6.65,5.44,13.58,8.25,11.8,9.51,10.13,8.68,5.58,13.27,10.14,14.69,11.05,11.39,3.83,2.61,2.38,1.88,5.39,1.82,2.14,2.78,2.62,1.88,3.57,1.11,4.14,1.69,2.67,11.43,12.97,3.01,5.34,3.31,2.47,2.76,1.97,3.4,1.0,1.35,2.31,3.02,4.26,3.3,2.47,3.0,2.95
00-0039822,Kiran Amegadjie,CHI,OG,2.0,110,measured,9.8,3.8,5.46,5.02,12.97,8.24,11.8,6.18,8.66,8.21,8.47,6.05,8.77,5.24,4.82,5.91,3.54,2.43,3.19,3.81,3.06,1.28,3.43,2.8,1.0,3.0,2.93,2.55,3.11,3.07,2.54,11.15,8.85,3.62,2.02,1.0,2.36,3.71,4.4,3.57,2.45,2.34,2.69,3.13,3.78,4.05,2.51,2.46,2.28
00-0040210,Luke Newman,CHI,OG,2.0,0,prior,10.0,4.29,5.83,5.01,13.14,8.4,11.8,10.19,7.84,9.02,9.05,10.55,8.56,10.4,11.05,11.39,3.74,1.88,3.65,2.34,3.22,1.1,3.25,1.9,3.46,4.3,1.92,1.38,3.89,3.25,3.54,9.48,10.55,3.44,3.88,3.55,1.0,3.36,2.2,3.19,3.57,3.01,4.3,3.26,3.67,2.58,4.08,4.36,1.64
00-0037081,Braxton Jones,CHI,OT,1.0,1566,measured,14.1,7.07,7.73,4.63,12.41,7.07,11.8,10.9,12.45,13.16,7.38,11.92,12.83,8.3,6.26,17.02,4.74,2.38,3.07,1.0,5.04,2.2,2.78,2.35,2.19,3.6,2.86,4.32,1.32,2.54,3.44,13.19,19.4,3.65,3.42,3.39,1.0,2.3,2.64,2.47,3.5,4.18,3.11,2.57,2.23,2.61,3.77,2.98,1.88
00-0038932,Darnell Wright,CHI,OT,1.0,1678,measured,11.2,6.53,8.77,3.89,11.21,9.83,11.8,10.18,8.88,4.6,8.49,10.24,14.46,13.68,15.98,14.83,3.01,1.61,1.23,2.6,2.01,1.0,3.97,2.08,1.41,5.84,2.51,2.23,2.24,1.68,1.84,15.92,10.22,1.77,3.24,4.86,3.53,3.54,5.21,1.32,3.78,2.7,3.38,3.97,2.65,3.47,3.47,3.8,2.55
00-0040740,Ozzy Trapilo,CHI,OT,2.0,0,prior,10.0,3.85,5.73,6.11,11.13,8.03,11.8,7.03,7.56,9.35,7.67,10.57,12.3,10.4,11.05,11.39,2.89,2.38,2.19,3.67,1.86,3.1,3.87,5.3,1.45,1.7,1.67,3.64,3.87,1.0,4.5,11.3,10.9,4.33,3.14,3.78,3.52,1.68,1.81,2.99,2.95,3.92,4.18,3.09,3.17,1.39,3.08,4.12,4.35
00-0039459,Theo Benedet,CHI,OT,2.0,0,prior,9.5,4.11,6.17,5.55,12.08,8.67,11.8,6.24,7.24,5.42,6.78,10.53,10.45,10.4,11.05,11.39,3.36,1.56,3.61,1.64,6.04,1.94,3.51,4.4,2.9,3.32,4.95,2.26,3.28,2.84,1.36,8.95,11.07,2.36,3.18,1.0,2.95,1.68,4.15,3.17,3.13,3.68,3.0,2.56,3.57,3.06,3.59,3.09,3.39
00-0039745,Tory Taylor,CHI,P,1.0,52,measured,12.1,7.08,9.37,9.63,9.83,12.02,9.22,10.03,8.67,6.17,8.0,11.93,8.37,12.99,11.05,11.39,2.09,2.72,4.99,3.28,3.44,3.37,1.46,3.53,2.52,3.7,3.42,2.26,2.35,2.25,3.3,2.63,1.63,2.38,2.41,4.14,3.81,3.46,4.59,2.38,1.89,2.53,2.07,2.7,4.58,3.55,15.86,8.36,4.04
00-0039918,Caleb Williams,CHI,QB,1.0,1032,measured,11.8,9.59,9.91,12.29,9.76,10.93,11.8,12.81,12.46,7.41,11.5,12.21,9.16,12.99,11.05,11.39,14.78,16.83,7.71,8.75,10.58,5.53,15.65,11.27,1.66,7.44,3.17,2.41,3.08,2.47,3.49,2.01,3.07,3.31,1.48,3.74,2.53,2.83,2.49,3.3,2.63,5.12,2.49,1.29,2.79,2.85,1.45,2.78,2.67
00-0028986,Case Keenum,CHI,QB,3.0,76,prior,7.5,7.12,5.09,9.43,9.76,7.69,11.8,7.7,6.47,4.24,13.53,11.66,10.94,7.92,14.04,5.91,4.89,5.87,12.55,7.67,5.22,11.18,4.9,5.2,3.51,1.0,4.22,4.32,4.78,4.39,1.88,4.18,4.08,3.02,3.06,3.1,4.22,3.04,3.17,5.07,3.18,1.11,3.89,3.91,2.86,3.18,4.6,2.86,2.69
00-0038416,Tyson Bagent,CHI,QB,2.0,207,measured,8.9,9.92,10.35,11.64,9.76,10.87,11.8,9.0,8.36,8.26,9.55,10.4,16.97,14.69,11.05,11.39,7.22,8.35,7.86,8.33,7.26,14.44,8.73,7.58,3.39,2.15,3.92,3.17,4.12,3.94,2.02,3.1,4.02,3.78,4.19,2.77,2.47,3.18,3.2,1.0,2.55,3.99,3.18,2.84,2.49,2.89,3.05,2.95,2.5
00-0037329,Brittain Brown,CHI,RB,,0,prior,8.6,14.12,14.59,11.78,8.47,13.84,11.8,9.3,7.42,7.57,8.87,15.15,11.11,12.19,11.05,11.39,2.54,4.11,2.55,5.09,4.97,3.42,3.05,15.44,4.68,4.73,4.68,4.19,3.91,5.28,4.83,2.06,9.56,3.06,2.2,1.38,1.0,3.49,2.02,3.8,1.18,3.2,3.74,1.69,2.88,1.79,2.5,2.86,15.95
00-0036275,D'Andre Swift,CHI,RB,1.0,1274,measured,11.2,14.77,14.71,13.37,8.85,14.34,11.8,10.75,10.34,5.17,11.03,16.29,13.68,7.81,5.66,16.71,2.73,3.56,3.96,2.45,3.89,2.94,3.78,11.18,8.36,12.05,10.54,9.85,4.08,10.29,9.45,1.0,4.38,1.0,2.55,4.11,3.66,2.93,2.89,1.7,4.51,1.58,2.23,4.64,3.08,2.86,2.86,4.25,11.68
00-0040272,Deion Hankins,CHI,RB,5.0,0,prior,9.8,12.8,13.46,12.21,9.82,13.66,11.8,10.26,9.06,8.94,6.44,13.91,10.27,10.4,11.05,11.39,3.59,3.35,4.11,2.69,1.85,2.74,3.11,11.02,8.47,6.92,7.45,13.43,3.54,6.68,6.12,2.07,4.84,3.07,2.01,3.23,3.51,5.84,4.57,2.87,2.49,1.6,4.81,3.15,3.28,2.52,3.65,1.78,8.97
00-0040236,Kyle Monangai,CHI,RB,3.0,0,prior,9.7,12.37,12.44,13.38,8.74,13.23,11.8,9.85,7.34,7.38,6.22,16.14,12.56,10.4,11.05,11.39,4.39,3.26,3.58,3.07,3.74,2.67,3.75,11.72,8.21,7.05,7.37,12.88,3.03,6.88,6.46,2.17,4.83,3.17,3.24,2.06,1.8,4.27,2.86,3.02,2.67,3.16,2.72,1.0,3.31,3.49,4.42,1.63,9.07
00-0039021,Roschon Johnson,CHI,RB,2.0,510,measured,11.9,12.74,13.87,11.94,9.42,12.52,11.8,10.61,10.17,8.52,7.47,13.12,10.65,8.18,5.16,11.39,2.92,3.23,3.76,5.28,1.55,2.52,3.99,14.3,11.86,7.73,12.8,15.05,3.44,4.77,4.07,4.9,6.77,5.9,3.89,6.21,2.85,4.05,3.49,5.45,2.87,1.65,1.77,3.72,2.56,1.46,1.88,3.19,9.86
00-0035594,Travis Homer,CHI,RB,4.0,133,measured,9.8,14.77,16.77,12.72,8.5,17.59,11.8,11.65,8.86,6.83,10.62,13.25,11.39,5.01,7.65,8.07,4.01,3.98,3.9,3.4,2.02,3.41,3.06,10.99,7.91,7.12,6.81,7.81,3.35,4.44,3.12,4.53,4.79,5.53,3.58,2.41,3.73,3.29,1.82,2.78,3.18,2.06,2.81,3.69,3.18,2.21,3.96,2.86,14.29
00-0037096,Elijah Hicks,CHI,S,2.0,721,measured,8.4,13.36,13.96,14.45,7.62,14.1,11.8,10.29,4.09,5.15,8.98,12.79,13.72,8.3,5.88,5.91,2.52,3.6,2.82,3.65,1.63,3.77,3.27,3.45,2.97,3.84,3.32,2.6,2.96,2.31,3.41,2.55,2.96,4.96,1.0,1.74,3.55,8.66,6.92,12.05,4.86,5.86,9.15,8.12,3.47,2.73,4.81,4.44,15.5
00-0038413,Gervarrius Owens,CHI,S,,0,prior,9.4,13.51,15.03,14.35,7.5,16.11,11.8,8.59,6.01,9.78,7.36,7.67,14.93,6.3,15.19,11.39,2.28,1.78,2.72,3.7,3.93,2.63,2.09,2.83,2.53,3.27,2.37,3.44,2.53,2.05,3.03,3.41,2.72,1.65,3.19,1.94,3.93,8.62,4.93,8.12,9.91,10.91,9.11,8.94,3.9,2.61,4.87,4.17,17.94
00-0038135,Jaquan Brisker,CHI,S,1.0,1253,measured,15.1,14.54,15.33,14.29,11.33,14.22,11.8,10.83,13.35,16.42,7.59,9.01,8.69,5.16,5.33,15.03,3.46,3.65,4.08,4.04,1.88,2.93,3.51,3.65,1.15,4.09,2.59,1.0,5.14,2.47,1.53,1.38,1.0,3.35,4.96,3.82,4.18,10.71,17.89,13.77,16.32,17.32,10.26,14.95,1.01,1.62,3.31,2.42,6.23
00-0034485,Jonathan Owens,CHI,S,2.0,1303,measured,8.8,12.51,12.99,13.94,8.16,13.91,11.8,9.29,8.33,6.14,11.0,13.18,11.62,17.5,11.05,11.39,4.12,2.62,2.07,3.37,4.5,1.71,3.18,5.56,2.49,1.27,1.62,1.98,3.33,3.46,3.56,3.95,5.02,2.53,2.59,1.02,2.98,5.95,14.32,15.39,3.85,4.85,9.31,6.6,1.54,3.08,3.2,3.02,14.12
00-0033132,Kevin Byard,CHI,S,1.0,2183,measured,10.4,11.84,12.28,13.38,8.27,13.45,11.8,13.07,9.86,10.78,11.14,13.32,10.85,17.5,11.05,15.42,3.43,3.46,1.66,4.4,1.65,3.32,1.68,3.58,2.87,2.15,4.24,1.79,2.18,3.02,3.37,3.58,2.55,2.66,1.91,2.62,2.07,7.32,15.64,16.08,5.89,6.89,9.34,8.5,3.03,2.2,3.28,4.34,5.24
00-0036290,Cole Kmet,CHI,TE,2.0,1890,measured,14.5,10.77,13.12,9.61,9.7,15.61,11.8,12.31,12.81,13.11,8.78,14.56,15.13,17.5,11.05,14.55,1.6,3.4,4.51,2.55,2.11,3.8,1.25,13.2,2.56,6.26,10.04,19.4,19.4,14.87,15.6,14.46,13.28,11.18,1.92,1.04,1.22,1.86,2.72,1.0,2.35,2.59,2.86,2.27,1.38,3.56,2.48,4.27,1.34
00-0040126,Colston Loveland,CHI,TE,1.0,0,prior,11.7,10.85,11.91,11.93,9.09,12.92,11.8,8.4,6.33,9.43,8.17,9.0,10.37,10.4,11.05,11.39,2.98,3.46,2.71,1.54,2.82,2.65,2.91,18.36,5.24,5.29,9.07,11.25,8.0,14.97,12.82,14.94,9.97,11.66,1.23,2.66,2.82,3.56,2.64,1.63,3.2,2.98,2.05,3.43,2.72,1.5,3.19,1.15,1.0
00-0034798,Durham Smythe,CHI,TE,3.0,1073,measured,11.7,8.47,8.47,11.98,9.0,9.84,11.8,11.81,11.56,9.66,8.52,10.65,12.55,11.93,14.18,13.89,2.58,3.11,3.1,3.37,4.28,3.59,2.56,14.23,2.32,5.52,9.3,14.48,13.4,8.14,8.4,12.76,17.37,9.48,2.41,2.05,5.24,2.4,5.49,1.62,3.89,2.98,1.36,2.5,1.22,4.04,1.59,2.32,1.81
00-0037031,Nikola Kalinic,CHI,TE,,19,prior,8.1,10.7,11.81,11.77,9.04,12.86,11.8,7.93,4.55,1.36,8.35,9.41,15.85,14.15,11.05,11.39,3.76,2.31,3.89,5.25,2.41,3.57,2.88,16.61,4.2,2.72,6.5,6.41,6.91,5.43,5.44,10.48,10.87,7.2,3.61,3.63,1.0,4.64,3.29,3.17,2.04,2.69,2.27,3.39,3.48,3.74,3.32,1.64,2.33
00-0035039,Stephen Carlson,CHI,TE,,0,prior,7.9,10.85,11.89,11.68,8.81,12.86,11.8,9.63,2.02,2.98,8.38,11.89,12.54,4.47,7.6,11.39,2.79,3.27,3.02,6.0,1.97,5.48,3.26,18.35,3.64,2.0,5.79,6.34,6.84,5.28,5.28,9.36,11.7,6.07,4.68,3.41,2.36,2.32,3.15,3.53,2.88,3.88,2.1,3.34,3.4,2.61,1.0,4.1,4.39
00-0034827,DJ Moore,CHI,WR,1.0,2083,measured,15.2,16.04,17.7,15.68,7.5,17.67,11.8,14.26,14.68,14.36,11.46,10.97,10.33,11.93,14.04,18.13,3.52,2.86,3.46,3.47,2.92,1.92,2.13,13.16,12.44,13.49,12.18,15.29,16.64,14.04,13.84,2.94,3.31,3.39,3.51,2.91,4.11,2.36,3.97,2.67,2.27,1.45,4.86,2.57,5.01,2.96,2.67,3.57,13.09
00-0036331,Devin Duvernay,CHI,WR,2.0,528,measured,10.9,16.86,16.32,13.14,8.18,14.62,11.8,10.94,10.17,9.94,9.57,5.14,14.87,16.35,14.31,17.94,2.15,4.71,3.83,3.64,3.66,2.96,3.12,9.26,5.3,9.44,8.14,7.56,7.31,9.07,10.69,1.0,2.4,3.42,4.61,1.09,2.69,4.48,3.45,3.41,3.17,1.0,3.02,3.84,4.19,3.93,4.74,3.49,10.77
00-0040275,JP Richardson,CHI,WR,,0,prior,9.8,14.67,14.97,13.51,7.16,14.88,11.8,8.4,6.63,8.12,5.58,10.92,10.37,10.4,11.05,11.39,2.52,2.81,2.03,3.28,2.8,3.43,3.48,7.11,7.71,12.37,11.07,6.32,6.75,8.0,8.16,2.33,1.6,4.38,2.46,3.53,2.84,1.0,2.45,3.89,3.38,3.1,3.86,1.84,1.16,3.25,4.02,2.94,9.24
00-0040277,Jahdae Walker,CHI,WR,2.0,0,prior,9.3,14.06,15.01,13.82,6.66,14.81,11.8,7.53,7.98,7.82,7.22,12.22,12.66,10.4,11.05,11.39,1.91,2.17,2.78,2.25,3.11,5.27,3.9,8.28,7.22,12.49,11.19,4.63,5.43,8.09,8.58,2.99,1.54,3.05,1.93,2.53,3.14,2.58,2.97,1.71,2.6,3.41,2.8,2.52,4.4,4.0,3.1,3.26,11.07
00-0040735,Luther Burden III,CHI,WR,1.0,0,prior,11.7,16.39,15.94,13.22,7.55,15.01,11.8,9.47,12.96,9.12,4.98,10.73,7.94,10.4,11.05,11.39,3.18,3.08,1.8,2.81,1.76,3.48,3.46,16.83,11.65,13.43,12.12,8.54,6.14,11.48,11.53,3.34,3.71,3.77,2.46,2.23,4.44,2.8,4.32,2.72,3.09,2.86,1.56,2.64,2.47,3.74,3.06,2.81,14.88
00-0037708,Maurice Alexander,CHI,WR,,2,prior,8.4,15.08,15.07,13.84,6.44,14.47,11.8,10.32,6.42,11.09,7.89,4.28,10.1,14.15,11.05,11.39,3.26,2.34,2.72,3.16,3.5,2.15,2.39,12.31,4.49,12.36,11.05,7.33,3.86,3.85,3.85,3.95,3.65,2.85,3.6,2.91,2.21,2.81,2.35,3.56,1.4,1.51,1.79,2.58,2.48,1.35,2.21,2.43,16.48
00-0035703,Miles Boykin,CHI,WR,,135,measured,10.3,15.87,17.86,16.97,6.0,19.24,11.8,9.44,9.26,8.93,8.51,6.54,12.87,11.83,5.13,5.53,2.37,3.96,2.51,3.15,2.65,3.64,3.3,8.67,5.19,8.6,7.29,8.62,5.31,6.84,7.59,3.63,3.91,3.84,3.45,2.85,2.47,4.05,1.66,2.98,1.43,1.76,3.63,1.0,3.11,2.43,3.22,1.86,10.44
00-0035208,Olamide Zaccheaus,CHI,WR,2.0,1074,measured,12.0,14.88,14.76,12.97,7.92,15.01,11.8,12.02,12.44,10.8,7.0,13.96,7.03,17.5,11.05,11.39,1.0,1.96,2.2,2.81,2.01,3.57,3.69,7.69,10.89,14.87,13.56,7.24,10.26,12.4,13.41,3.05,3.19,3.21,2.55,1.0,1.53,2.18,4.16,3.16,2.63,5.22,3.67,1.33,3.24,1.0,2.33,3.86,9.58
00-0039919,Rome Odunze,CHI,WR,1.0,878,measured,11.6,15.47,15.82,16.72,7.34,16.62,11.8,8.68,12.45,14.26,7.24,14.71,7.62,12.99,11.05,15.42,2.11,4.02,3.06,3.05,2.68,3.38,2.48,11.47,10.52,13.05,11.74,9.68,8.31,9.72,9.11,1.33,2.87,3.37,1.0,4.81,3.62,1.38,2.08,1.47,2.01,3.81,4.08,2.21,4.75,2.34,3.5,3.57,12.2
00-0039426,Matt Lee,CIN,C,2.0,26,prior,11.3,6.27,7.93,6.84,13.37,10.58,11.8,9.76,3.86,8.09,6.37,7.7,12.99,12.99,11.05,11.39,1.14,2.58,3.66,4.42,2.97,4.37,2.42,2.44,4.43,2.06,2.63,3.42,1.89,2.14,4.7,10.54,13.3,3.25,1.33,3.47,3.31,4.2,1.98,2.35,4.01,3.75,2.23,2.46,2.83,2.32,2.93,2.97,3.46
00-0040374,Seth McLaughlin,CIN,C,,0,prior,10.5,3.97,5.66,6.63,12.73,8.37,11.8,9.37,6.89,5.5,7.61,14.53,8.69,10.4,11.05,11.39,2.09,2.63,3.08,4.28,2.07,1.85,3.71,1.76,3.23,1.92,2.52,3.99,1.63,3.52,2.54,10.96,10.89,4.61,3.06,2.05,3.09,2.71,2.47,2.08,3.83,1.93,2.47,3.73,4.26,1.24,2.0,1.68,1.91
00-0032445,Ted Karras,CIN,C,1.0,2209,measured,13.0,2.4,4.09,5.29,12.73,7.03,11.8,14.41,12.46,10.97,12.79,9.36,9.19,17.5,11.05,7.19,2.12,2.92,1.96,4.44,3.14,2.83,3.12,1.17,4.68,4.41,3.69,1.24,2.94,1.28,3.77,13.1,14.79,4.31,1.59,2.36,3.53,1.48,2.86,1.83,3.71,3.19,2.27,2.04,3.37,1.98,1.39,3.27,2.46
00-0040372,Bralyn Lux,CIN,CB,,0,prior,8.9,15.13,15.62,13.53,6.85,14.82,11.8,9.15,5.32,9.66,5.79,7.14,10.25,10.4,11.05,11.39,3.01,3.56,1.4,2.17,1.68,3.71,4.73,2.23,3.01,3.32,3.47,4.12,3.02,2.31,3.93,3.2,3.28,3.27,3.21,2.78,1.64,7.23,12.31,15.28,5.24,5.24,10.22,4.53,1.0,2.82,5.29,2.99,14.19
00-0037753,Cam Taylor-Britt,CIN,CB,1.0,1639,measured,13.9,17.09,16.72,14.12,7.36,15.16,11.8,13.06,11.66,10.87,6.96,10.2,7.85,12.12,7.25,17.65,1.95,3.53,1.64,2.31,2.73,4.56,2.47,2.14,2.97,2.5,1.5,2.72,2.42,2.52,2.87,4.02,2.84,2.51,3.77,2.74,2.2,5.5,9.29,15.31,13.33,13.33,10.37,15.35,2.76,2.67,1.49,3.57,11.72
00-0038642,D.J. Ivey,CIN,CB,2.0,64,prior,9.7,15.01,15.8,14.13,6.69,15.13,11.8,10.54,9.46,8.56,5.21,8.66,6.11,7.58,15.98,15.42,2.74,3.47,3.23,3.12,3.12,2.22,3.13,2.17,3.67,3.81,2.57,3.32,1.0,1.81,2.94,2.51,3.82,2.73,2.02,3.34,2.92,9.08,11.67,15.5,7.01,7.01,10.17,4.92,3.09,3.64,1.17,3.87,11.05
00-0038549,DJ Turner II,CIN,CB,1.0,1009,measured,11.7,19.4,19.4,13.67,6.7,17.25,11.8,9.14,12.69,13.82,9.36,13.12,5.57,14.69,11.05,11.39,3.42,2.51,3.03,6.27,2.96,3.06,2.32,3.16,1.6,2.23,2.15,3.56,3.47,1.85,3.17,4.29,3.64,3.25,1.82,3.35,2.47,6.84,5.47,15.33,8.66,8.66,10.17,10.51,4.22,1.49,2.48,3.46,11.55
00-0037743,Daxton Hill,CIN,CB,1.0,1014,measured,12.5,17.09,15.95,18.94,6.81,13.36,11.8,12.84,10.69,14.1,8.16,10.21,12.46,14.29,14.41,14.38,2.63,3.43,3.48,4.12,1.97,5.81,1.39,2.91,1.02,3.54,4.76,3.69,3.15,3.43,4.7,3.54,1.72,2.0,2.71,4.17,4.35,10.38,14.76,16.47,9.62,9.62,10.2,12.58,2.17,1.78,3.22,3.03,7.71
00-0034446,Jalen Davis,CIN,CB,,99,prior,8.8,14.59,15.05,13.16,7.01,14.44,11.8,13.4,11.18,7.19,13.22,9.56,10.67,13.62,13.79,7.54,4.11,1.41,4.14,3.67,3.15,2.68,1.0,4.08,2.16,2.66,2.67,4.16,2.1,4.17,3.49,3.96,3.0,3.29,2.8,3.65,1.18,8.51,11.06,14.18,5.35,5.35,10.27,5.47,1.92,1.0,3.63,2.46,10.22
00-0039375,Josh Newton,CIN,CB,2.0,466,measured,9.8,14.08,15.08,14.65,7.5,14.0,11.8,8.92,6.19,8.36,4.84,7.99,10.0,12.99,11.05,11.39,3.94,3.48,3.04,4.98,3.2,3.69,3.16,2.82,1.61,3.78,1.63,2.55,2.1,2.88,3.33,2.51,1.48,3.24,3.87,4.65,2.53,8.54,7.91,11.78,7.27,7.27,10.41,7.38,2.27,2.39,2.11,3.16,11.81
00-0036884,Marco Wilson,CIN,CB,2.0,1001,measured,11.4,17.32,18.78,16.4,13.39,19.49,11.8,12.62,10.41,9.14,10.79,11.07,9.39,13.78,13.78,14.54,3.22,2.85,2.58,4.69,3.08,2.43,4.31,3.85,3.12,4.2,5.42,2.31,2.76,3.51,3.28,3.15,3.8,2.3,2.35,4.41,3.02,2.79,6.74,15.32,8.6,8.6,12.18,8.16,5.56,1.83,2.21,4.1,10.83
00-0034800,B.J. Hill,CIN,DT,1.0,1508,measured,14.0,5.97,5.37,9.04,17.55,6.22,11.8,13.41,12.47,14.53,15.38,13.27,17.16,13.94,6.5,17.41,2.53,2.27,2.98,3.19,3.64,3.98,1.65,1.46,2.83,4.01,4.88,1.68,2.75,2.21,4.35,3.54,2.23,1.59,15.55,12.56,13.28,14.23,15.44,8.2,2.69,4.41,3.24,1.28,3.57,3.75,3.31,4.6,3.56
00-0040369,Howard Cross III,CIN,DT,3.0,0,prior,9.1,7.21,7.0,7.12,13.89,8.57,11.8,8.62,6.69,10.91,6.65,13.84,9.81,10.4,11.05,11.39,4.26,2.06,2.58,3.59,2.92,3.6,3.78,3.87,4.13,4.81,1.0,4.48,4.13,2.45,2.7,1.44,3.0,2.5,8.13,6.85,8.39,8.91,8.59,9.85,2.72,4.07,2.88,3.92,3.77,2.4,2.84,4.05,3.38
00-0039908,Kris Jenkins,CIN,DT,2.0,461,measured,9.3,7.87,9.68,5.78,14.77,10.45,11.8,8.23,8.92,6.2,8.07,14.16,11.2,8.68,5.2,15.42,2.47,3.57,1.75,3.08,3.94,4.31,1.0,2.21,5.48,4.26,3.71,3.48,3.33,4.49,3.01,1.11,3.62,4.52,11.21,9.85,6.98,6.21,6.83,12.03,3.4,2.52,3.14,3.75,3.46,4.21,4.12,3.1,2.64
00-0039354,McKinnley Jackson,CIN,DT,2.0,238,measured,8.7,3.1,5.35,4.24,13.91,5.08,11.8,9.78,4.83,6.24,5.73,13.75,11.92,12.99,11.05,15.42,2.11,2.66,3.67,3.11,3.46,3.35,1.64,4.63,3.26,3.3,3.63,2.73,3.27,1.94,3.84,3.51,2.24,4.16,8.87,6.15,7.84,8.13,7.39,10.8,2.81,2.27,4.0,2.11,3.26,2.89,4.12,3.3,2.73
00-0030757,Mike Pennel,CIN,DT,,478,measured,11.1,1.5,2.67,2.38,13.17,5.61,11.8,13.43,10.83,10.9,13.03,8.34,11.59,17.5,11.05,11.39,1.82,4.39,4.06,3.18,4.01,3.5,1.0,1.98,2.97,3.19,2.6,1.79,1.86,2.97,2.47,2.27,3.42,1.97,11.5,8.47,11.76,12.8,12.4,3.44,3.8,3.14,2.38,3.09,2.62,3.4,4.14,4.81,4.66
00-0036642,Tedarrell Slaton,CIN,DT,1.0,924,measured,11.9,5.47,7.13,4.18,13.85,9.17,11.8,10.99,11.61,10.64,10.8,10.99,10.07,17.5,11.05,16.55,3.62,2.81,2.04,1.94,3.1,4.54,3.57,3.31,2.14,1.84,4.66,2.39,2.57,2.19,2.17,2.88,2.0,2.13,10.54,8.66,11.49,14.41,14.57,5.39,3.07,3.78,1.88,3.56,4.02,3.68,2.68,1.91,3.94
00-0036850,Cameron Sample,CIN,EDGE,3.0,420,measured,9.6,10.46,11.23,9.43,12.0,14.62,11.8,10.12,8.49,7.39,8.0,11.05,12.86,12.6,7.4,7.74,3.06,3.9,1.0,3.78,4.16,3.0,2.89,2.51,3.47,3.55,4.01,4.71,2.99,4.26,4.24,1.47,3.22,2.94,8.21,7.89,8.48,11.59,11.8,13.1,5.8,6.8,1.8,2.64,2.26,1.33,2.76,3.34,3.86
00-0039752,Cedric Johnson,CIN,EDGE,3.0,76,prior,8.8,11.85,13.4,10.33,12.92,15.9,11.8,9.87,7.84,8.9,6.57,10.73,9.82,12.99,11.05,11.39,2.31,2.79,3.91,3.08,2.85,4.45,3.2,3.06,2.77,2.78,3.69,2.6,2.35,2.77,2.3,2.19,2.2,3.64,7.11,6.94,6.59,7.89,7.94,13.37,5.8,6.8,3.52,3.35,2.94,2.63,3.53,3.44,1.64
00-0037314,Isaiah Thomas,CIN,EDGE,,107,measured,7.8,10.77,11.63,10.41,11.32,11.8,11.8,9.11,7.04,9.57,7.44,11.75,12.28,8.52,15.03,11.39,4.07,1.33,3.18,3.69,2.11,3.15,2.49,2.42,2.25,1.0,3.13,1.49,3.87,3.0,5.34,2.14,2.91,4.22,6.13,6.15,6.14,7.74,6.75,12.42,5.8,6.8,4.96,3.24,4.0,3.16,3.67,1.05,1.6
00-0036902,Joseph Ossai,CIN,EDGE,1.0,777,measured,11.6,11.85,15.38,11.51,9.5,18.56,11.8,13.93,10.92,10.29,10.31,12.73,12.76,12.63,15.3,8.39,3.99,1.53,2.03,2.2,4.2,3.13,3.44,2.05,3.8,2.63,3.92,2.97,3.74,2.97,3.01,1.62,2.85,2.41,11.0,12.04,10.23,10.46,12.66,13.92,5.8,6.8,3.85,1.83,4.42,2.29,3.82,1.13,1.8
00-0038546,Myles Murphy,CIN,EDGE,2.0,530,measured,9.5,9.47,11.07,10.19,12.92,12.58,11.8,8.61,7.96,8.74,4.27,10.63,7.42,14.69,11.05,15.42,3.14,2.18,1.31,4.97,3.43,3.93,4.05,2.95,1.83,3.5,3.34,3.68,2.49,1.52,3.58,3.57,2.34,1.16,9.91,8.91,7.94,8.2,8.37,11.13,5.8,6.8,2.73,2.76,2.58,3.15,1.0,4.06,3.87
00-0040756,Shemar Stewart,CIN,EDGE,2.0,0,prior,10.3,12.56,15.75,9.48,12.02,17.9,11.8,8.5,9.94,9.05,4.45,7.55,10.2,10.4,11.05,11.39,3.29,1.36,1.18,4.1,3.7,2.98,3.26,2.82,4.71,3.41,3.07,1.82,3.26,2.65,4.62,2.96,1.96,1.15,9.19,9.59,8.76,8.1,7.62,11.93,5.8,6.8,2.26,1.0,4.36,4.22,4.03,3.85,2.84
00-0033935,Trey Hendrickson,CIN,EDGE,1.0,1521,measured,15.6,10.58,12.3,13.11,11.63,12.73,11.8,13.68,16.59,10.84,10.91,12.83,6.55,8.46,6.84,14.64,1.32,4.97,1.62,4.15,2.94,4.59,1.33,3.87,2.53,3.28,1.0,2.11,3.25,1.14,1.89,2.6,1.92,1.99,19.4,19.96,16.9,12.6,8.73,7.3,5.8,6.8,4.15,1.0,1.0,2.45,1.98,3.41,4.79
00-0036854,Evan McPherson,CIN,K,1.0,57,measured,8.7,10.35,11.27,10.24,9.64,12.42,8.97,7.91,5.55,5.1,9.42,12.79,14.72,17.5,11.05,7.74,2.03,2.85,2.35,2.49,2.14,2.75,4.54,3.92,3.14,3.02,3.47,2.66,4.05,3.11,2.17,3.64,3.85,2.79,1.8,2.63,3.55,2.94,2.62,2.2,2.75,3.35,3.51,1.79,8.79,8.69,3.48,1.83,2.83
00-0040157,Barrett Carter,CIN,LB,2.0,0,prior,10.5,11.82,11.91,10.95,10.87,13.09,11.8,8.77,7.62,10.61,2.8,11.57,13.52,10.4,11.05,11.39,2.91,4.03,2.14,1.51,3.04,3.6,2.36,1.73,2.26,3.03,3.93,3.0,3.23,3.69,2.57,3.86,3.21,2.18,7.26,7.03,10.02,11.26,11.08,13.0,8.77,10.27,3.67,5.86,1.88,2.86,4.13,3.48,3.16
00-0040738,Demetrius Knight Jr.,CIN,LB,1.0,0,prior,11.5,12.74,12.89,12.8,11.33,11.95,11.8,9.72,12.31,5.94,6.52,15.25,14.28,10.4,11.05,11.39,2.28,1.58,2.34,4.21,3.21,2.39,4.75,3.59,4.25,1.27,1.17,3.52,3.2,2.68,2.53,2.9,3.22,3.05,10.27,10.2,10.14,12.06,13.9,14.36,7.21,8.71,4.09,4.29,3.98,4.32,4.05,4.44,2.86
00-0035363,Joe Giles-Harris,CIN,LB,,16,prior,9.2,9.85,9.65,12.42,8.5,9.52,11.8,10.46,4.73,4.73,9.1,5.27,11.5,15.11,11.05,11.39,2.85,2.56,3.4,1.8,2.15,2.44,3.82,3.17,1.74,3.16,2.07,2.17,2.8,2.12,1.58,2.7,1.45,1.0,14.44,14.35,6.81,7.48,10.37,11.65,4.19,5.69,3.37,2.12,2.38,3.41,2.87,3.86,3.18
00-0036294,Logan Wilson,CIN,LB,1.0,1792,measured,12.3,11.44,12.76,12.69,10.67,12.38,11.8,11.67,10.22,11.32,11.75,11.13,10.58,7.93,6.09,7.12,2.99,2.89,4.62,3.29,2.57,3.26,3.07,2.15,4.06,2.3,3.43,1.44,2.8,3.27,1.81,3.32,2.22,3.39,7.38,7.09,8.19,10.18,12.71,17.69,13.72,15.22,3.05,13.02,4.78,1.47,4.46,1.0,4.89
00-0039637,Maema Njongmeta,CIN,LB,,30,prior,9.0,7.87,10.37,9.54,11.5,13.19,11.8,7.66,7.13,6.29,8.54,11.5,11.83,12.99,11.05,11.39,2.66,2.91,2.44,3.15,2.49,1.0,1.0,4.22,3.87,2.7,4.27,2.24,1.46,2.48,3.48,1.67,2.37,3.24,11.73,9.89,7.94,8.87,10.94,12.37,4.27,5.77,5.51,2.24,3.37,5.12,2.72,2.57,2.76
00-0034754,Oren Burks,CIN,LB,1.0,420,measured,12.6,11.74,14.9,15.32,9.0,16.99,11.8,12.1,11.54,6.89,9.51,15.2,11.73,8.22,4.86,7.74,1.49,4.43,2.44,1.76,2.53,3.13,3.73,2.47,2.55,2.28,2.46,2.21,3.34,2.75,2.82,2.29,2.95,2.8,11.0,11.39,9.33,12.98,16.62,12.58,9.45,10.95,2.97,4.08,2.89,2.7,3.99,2.46,5.85
00-0038890,Shaka Heyward,CIN,LB,2.0,12,prior,9.7,13.66,12.89,10.4,11.33,11.3,11.8,8.75,7.81,6.42,4.28,14.19,9.69,12.99,11.05,11.39,3.13,1.0,1.15,3.87,4.39,3.65,1.89,2.14,2.31,1.4,2.64,4.37,2.14,3.38,2.24,1.0,3.56,3.49,12.11,12.36,6.8,8.77,11.18,13.04,4.17,5.67,2.17,2.07,2.48,3.71,4.19,3.24,3.46
00-0040379,William Wagner,CIN,LS,1.0,0,prior,9.6,10.55,11.41,10.64,9.53,12.46,12.2,9.77,9.48,10.31,7.0,14.76,13.61,10.4,11.05,11.39,2.06,2.96,1.99,2.07,3.16,2.52,3.5,3.54,1.0,4.21,4.21,1.54,4.55,1.88,3.11,2.87,2.94,3.67,2.77,4.28,2.59,4.38,2.82,5.77,3.28,2.63,3.26,3.22,4.09,2.01,2.67,2.13,2.3
00-0035238,Cody Ford,CIN,OG,2.0,824,measured,8.7,3.61,5.09,1.57,9.5,8.13,11.8,9.69,8.23,6.75,8.74,10.8,11.15,7.73,14.69,5.0,1.67,2.01,2.07,2.64,2.32,2.84,3.69,2.74,5.06,2.47,3.11,5.21,2.08,3.63,2.62,8.03,11.24,3.28,5.15,4.2,3.45,3.41,1.73,2.88,3.57,4.56,2.35,4.19,2.7,2.99,2.61,2.95,2.68
00-0038095,Cordell Volson,CIN,OG,3.0,2081,measured,12.3,2.95,4.88,1.42,12.92,6.24,11.8,10.78,11.87,9.54,8.71,14.5,15.61,15.68,11.05,11.39,3.0,2.93,3.21,1.63,2.27,3.54,3.73,3.91,4.41,2.39,1.99,2.28,1.87,1.97,3.78,12.02,16.34,2.78,2.94,2.68,2.82,4.45,1.54,2.49,2.84,1.62,3.7,3.99,2.38,4.12,1.67,3.8,1.58
00-0035702,Dalton Risner,CIN,OG,2.0,1372,measured,11.8,1.75,5.1,6.72,12.0,8.42,11.8,10.79,9.06,10.58,8.27,12.72,15.55,17.5,11.05,7.64,4.75,2.82,3.69,2.47,3.53,2.06,3.76,3.01,3.14,1.8,2.58,2.0,2.57,2.43,4.04,7.68,18.81,2.9,4.32,1.04,4.76,3.18,2.3,2.92,3.39,2.14,4.05,3.12,2.82,3.34,4.42,3.94,1.1
00-0040140,Dylan Fairchild,CIN,OG,1.0,0,prior,12.5,4.14,6.87,5.46,12.94,8.71,11.8,9.77,12.17,11.05,4.51,10.37,8.41,10.4,11.05,11.39,1.72,2.78,1.0,1.99,1.72,1.3,4.54,2.87,2.29,3.15,3.41,3.09,2.71,2.13,1.0,15.91,11.18,2.35,3.16,3.44,3.04,2.38,3.75,4.1,2.43,1.93,3.24,1.89,2.83,3.13,2.87,2.96,1.26
00-0038892,Jaxson Kirkland,CIN,OG,,2,prior,12.1,3.32,5.36,5.74,12.58,8.37,11.8,11.8,7.82,8.55,7.02,12.38,9.72,12.99,11.05,11.39,4.39,2.66,1.81,4.9,3.86,3.16,2.83,2.9,3.95,3.04,1.52,1.0,2.62,1.95,2.57,15.66,10.48,2.73,1.86,4.45,4.75,1.53,2.33,3.24,4.62,3.73,1.2,4.69,5.6,2.31,3.23,2.7,3.37
00-0033082,Lucas Patrick,CIN,OG,1.0,1260,measured,12.6,2.78,4.08,3.02,13.37,6.85,11.8,12.81,11.46,8.74,11.74,9.12,11.3,8.16,16.18,14.25,3.8,3.25,4.15,2.39,4.92,3.61,5.96,2.26,3.97,3.02,4.02,4.1,4.03,2.51,3.17,16.21,11.51,4.67,3.84,1.97,2.76,2.9,1.0,1.0,4.89,4.15,2.03,4.46,4.49,1.98,3.82,3.79,2.74
00-0039925,Amarius Mims,CIN,OT,1.0,769,measured,9.2,5.73,7.67,3.56,9.85,7.43,11.8,8.2,5.43,4.11,9.4,11.63,8.75,8.68,6.54,17.41,3.64,3.23,1.74,1.62,2.11,3.27,3.83,3.25,4.82,2.05,2.24,2.9,4.22,2.32,4.76,11.48,9.15,1.17,2.92,3.65,2.28,5.07,3.48,4.18,2.62,2.12,2.97,3.18,1.64,1.56,2.74,3.01,1.49
00-0039535,Andrew Coker,CIN,OT,,0,prior,9.2,1.6,2.16,3.22,11.56,5.36,11.8,6.99,4.67,6.78,4.28,11.26,13.27,10.4,11.05,11.39,2.75,4.23,3.81,2.74,3.78,1.24,5.83,2.55,2.44,3.5,1.94,2.05,3.13,2.01,3.32,9.5,11.19,2.25,4.64,1.88,1.37,3.35,2.2,1.85,2.02,3.52,2.67,2.27,2.82,3.81,2.84,3.92,1.96
00-0040180,Jalen Rivers,CIN,OT,2.0,0,prior,10.1,2.65,5.53,4.45,11.76,8.5,11.8,7.55,7.95,5.27,8.34,12.1,12.53,10.4,11.05,11.39,1.0,3.16,5.02,3.69,1.24,4.42,2.79,2.07,4.14,3.58,3.07,5.07,3.83,1.34,3.51,11.63,11.07,2.77,2.74,3.91,1.76,3.37,2.45,3.29,2.63,2.88,4.69,2.2,2.75,2.49,2.72,2.78,4.22
00-0039742,Javon Foster,CIN,OT,,0,prior,9.4,2.5,5.05,4.8,12.06,10.91,11.8,7.35,7.32,3.93,7.41,10.22,15.5,12.99,11.05,11.39,2.06,2.53,2.02,2.26,2.71,2.96,3.0,1.53,1.7,2.82,4.16,2.82,2.93,3.11,3.69,8.95,11.12,1.66,3.38,1.0,2.21,2.81,3.64,2.73,3.07,4.47,2.04,1.9,3.26,2.88,1.35,2.21,2.65
00-0034752,Orlando Brown,CIN,OT,1.0,1761,measured,13.9,1.0,1.0,2.88,7.0,1.0,11.8,11.19,7.31,10.65,10.85,9.27,13.2,8.16,15.22,4.63,3.76,3.06,3.65,2.66,3.5,2.85,1.0,2.88,3.95,4.14,3.86,2.86,3.36,2.11,2.67,17.1,19.16,1.63,2.03,3.62,3.0,1.0,1.86,3.86,3.13,1.99,1.76,2.94,5.15,3.78,1.0,3.24,4.14
00-0039323,Ryan Rehkow,CIN,P,1.0,36,measured,9.4,7.01,9.36,9.67,9.83,12.07,8.9,7.32,5.33,6.12,9.62,8.93,11.1,12.99,11.05,11.39,2.99,3.41,3.76,3.72,3.5,3.76,4.14,3.53,2.91,2.32,3.44,3.14,2.32,4.36,3.74,4.86,4.22,1.44,3.08,2.28,3.33,3.22,3.6,1.21,4.08,2.32,1.91,3.04,2.68,3.48,10.88,7.86,2.03
00-0034955,Brett Rypien,CIN,QB,,126,measured,7.5,7.46,9.53,12.29,9.76,12.11,11.8,9.1,6.47,4.82,10.2,7.76,10.93,14.15,11.05,11.39,5.51,5.68,9.41,6.81,5.28,13.76,5.57,4.23,2.91,1.0,1.92,4.89,4.23,2.44,2.92,3.32,3.82,3.44,1.81,4.11,1.0,3.08,2.16,2.5,3.04,4.73,3.52,3.01,2.42,1.2,3.7,2.9,2.98
00-0035100,Jake Browning,CIN,QB,2.0,312,measured,9.1,9.66,9.59,10.47,9.76,9.11,11.8,9.37,9.11,6.98,12.14,10.15,10.45,14.69,11.05,11.39,7.5,8.6,11.38,9.9,8.5,6.98,9.57,8.0,5.38,2.94,2.54,1.87,2.28,3.02,3.18,3.2,4.94,2.89,2.27,4.05,1.92,3.69,3.41,3.52,3.47,2.07,3.86,1.0,3.86,1.8,2.43,3.56,3.12
00-0036442,Joe Burrow,CIN,QB,1.0,1890,measured,14.9,9.44,10.01,11.25,9.76,10.61,11.8,15.53,17.3,14.49,11.5,6.47,13.71,8.63,15.41,13.99,8.68,19.64,12.75,12.97,16.81,11.76,19.64,10.97,5.13,11.08,3.46,2.87,3.04,3.22,3.74,3.22,4.27,1.0,1.93,3.92,3.91,4.77,3.04,3.75,3.38,4.27,1.96,1.84,1.73,1.45,3.31,3.07,1.74
00-0038597,Chase Brown,CIN,RB,1.0,691,measured,12.9,15.93,16.81,12.75,8.5,17.48,11.8,9.78,11.97,10.57,8.77,16.31,11.87,8.58,15.19,13.94,1.18,3.14,2.27,2.76,3.16,3.47,3.29,9.54,11.18,13.46,11.21,15.26,3.21,12.01,11.17,9.86,10.16,10.86,4.14,4.84,3.09,5.12,3.74,1.89,1.88,2.86,2.16,3.78,1.99,2.64,1.87,1.46,9.51
00-0036569,Gary Brightwell,CIN,RB,,64,prior,9.0,12.0,12.49,8.71,8.5,13.37,11.8,11.1,9.21,9.02,6.01,12.35,11.77,7.47,16.14,8.16,3.57,3.67,1.48,1.52,4.76,3.11,2.44,14.17,7.96,8.33,5.5,6.77,1.44,9.76,9.91,3.07,5.37,4.07,2.63,2.91,5.1,2.2,3.49,3.58,1.0,1.32,2.37,2.19,2.47,2.89,1.94,2.14,12.28
00-0039266,Kendall Milton,CIN,RB,,4,prior,8.3,12.0,13.97,11.56,9.0,14.76,11.8,9.15,5.94,7.63,6.46,11.27,8.92,12.99,11.05,11.39,1.0,3.01,3.14,1.23,4.16,4.48,2.64,13.97,4.76,4.76,4.76,6.41,2.64,5.21,4.64,1.66,8.28,2.66,3.36,1.97,2.06,4.66,3.21,3.0,3.01,3.23,3.06,3.04,3.64,3.18,1.84,2.21,12.48
00-0033526,Samaje Perine,CIN,RB,2.0,662,measured,12.3,10.85,11.08,10.39,15.24,11.88,11.8,12.38,13.97,10.93,10.66,13.7,8.18,17.5,11.05,14.83,2.22,1.55,3.42,3.29,2.8,3.4,2.74,12.61,13.03,14.16,14.46,14.74,4.56,12.43,10.54,5.81,1.68,6.81,2.99,3.17,5.04,3.6,2.9,3.53,3.16,3.5,3.37,4.16,3.02,2.86,2.39,1.47,14.21
00-0040208,Tahj Brooks,CIN,RB,3.0,0,prior,10.3,13.85,13.97,16.3,8.0,13.87,11.8,9.13,1.73,10.98,6.25,11.32,11.05,10.4,11.05,11.39,2.74,3.64,3.72,2.96,2.63,2.65,2.48,12.12,7.99,7.1,7.23,12.64,3.31,6.88,6.47,2.18,4.83,3.18,4.21,2.78,4.35,2.71,3.82,2.87,1.54,3.15,4.23,3.82,3.86,3.39,5.01,2.8,9.7
00-0039414,Daijahn Anthony,CIN,S,3.0,8,prior,10.6,13.29,12.69,14.41,8.0,14.62,11.8,9.59,11.11,9.98,6.92,13.58,12.49,12.99,11.05,15.42,3.23,2.54,1.23,2.36,2.8,1.79,3.33,3.59,3.2,1.21,3.62,1.56,3.15,3.85,1.63,2.74,3.4,3.82,3.77,3.49,3.01,9.32,6.49,8.06,11.73,12.73,9.26,11.13,2.25,3.28,4.31,2.95,17.8
00-0036199,Geno Stone,CIN,S,1.0,1830,measured,12.0,12.0,12.0,14.57,6.0,12.66,11.8,12.57,13.94,11.1,10.34,14.27,3.46,17.5,11.05,17.82,1.61,3.98,4.27,2.69,3.32,4.7,2.95,3.41,1.78,4.56,1.69,1.0,2.23,3.84,2.44,4.83,3.34,3.96,1.82,3.21,3.07,3.74,5.22,11.94,14.82,15.82,8.66,15.61,3.07,3.49,2.9,3.08,10.78
00-0038560,Jordan Battle,CIN,S,1.0,776,measured,13.0,13.29,14.64,14.33,8.5,14.89,11.8,11.4,10.18,15.38,10.34,5.98,11.33,14.69,11.05,11.39,1.67,3.16,2.96,1.65,4.73,2.26,3.0,5.53,3.32,2.49,4.47,1.84,4.91,3.4,3.3,2.29,4.42,2.89,5.92,1.92,3.08,12.61,16.65,13.23,10.48,11.48,9.41,16.1,2.35,2.67,2.25,2.71,10.02
00-0039632,PJ Jules,CIN,S,2.0,0,prior,10.0,13.36,14.23,14.45,8.21,14.74,11.8,10.24,11.88,8.0,6.13,8.92,10.28,10.4,11.05,11.39,3.96,2.54,1.99,2.16,4.2,4.18,4.05,2.77,2.3,3.63,1.04,2.84,2.22,2.58,3.99,4.25,3.2,3.22,3.43,4.19,4.47,8.72,5.51,8.07,9.93,10.93,9.32,12.12,3.18,2.87,2.84,2.71,18.0
00-0037844,Russ Yeast,CIN,S,,578,measured,9.1,13.29,13.59,14.5,7.25,13.69,11.8,8.66,9.9,9.75,7.6,14.07,17.35,15.68,11.05,14.83,1.64,1.77,1.0,3.02,3.76,1.43,3.66,2.05,1.96,1.29,2.86,3.08,2.52,2.93,2.49,3.27,1.62,4.78,2.85,4.24,2.55,7.22,7.04,11.06,7.96,8.96,9.04,7.79,2.51,2.6,2.17,2.28,14.23
00-0037752,Tycen Anderson,CIN,S,2.0,1,prior,10.3,17.55,16.69,16.4,7.93,14.62,11.8,9.94,6.39,7.73,8.19,6.92,8.17,14.69,11.05,11.39,1.75,2.36,2.85,3.22,3.4,1.67,4.53,3.82,1.91,4.27,2.71,5.47,1.68,4.04,2.62,4.6,4.54,3.09,3.02,5.96,3.97,9.32,6.5,9.75,8.68,9.68,9.24,10.13,2.81,1.79,2.9,3.93,17.92
00-0039631,Cam Grandy,CIN,TE,5.0,67,prior,9.4,10.34,11.62,12.11,9.77,12.87,11.8,7.38,5.16,7.65,6.61,12.38,11.5,12.99,11.05,11.39,1.92,2.55,1.98,2.94,3.18,2.0,2.88,15.56,3.27,5.28,9.07,7.68,7.23,8.0,8.58,11.65,10.65,8.36,2.61,2.03,3.54,3.08,1.89,3.4,1.0,2.67,2.81,2.8,2.91,2.36,2.56,4.26,3.5
00-0035631,Drew Sample,CIN,TE,3.0,944,measured,10.3,10.13,10.57,11.66,9.72,12.13,11.8,9.76,5.45,7.07,9.37,13.9,10.3,6.5,5.14,17.02,3.31,1.53,2.51,4.63,2.21,2.76,1.09,15.19,3.14,5.01,8.79,17.41,13.57,7.59,7.31,9.57,6.95,6.29,2.7,2.63,1.77,3.29,2.82,3.61,4.19,3.89,3.01,3.34,3.87,4.02,3.08,3.14,3.52
00-0039814,Erick All,CIN,TE,6.0,224,measured,11.4,10.52,11.74,12.05,9.53,12.91,11.8,8.54,9.61,9.84,7.38,12.73,7.58,12.99,11.05,11.39,2.93,2.25,4.43,3.3,4.61,3.39,1.98,16.99,2.8,5.35,9.13,11.02,8.49,13.87,9.85,12.3,14.07,9.01,4.45,2.75,3.14,3.93,3.77,4.19,2.75,1.45,2.25,3.18,3.21,3.53,1.49,2.77,3.99
00-0034829,Mike Gesicki,CIN,TE,1.0,1039,measured,12.5,12.86,15.25,16.44,11.33,17.83,11.8,11.61,10.99,7.53,12.43,12.66,3.14,17.5,11.05,7.19,3.62,2.91,3.97,2.02,3.5,3.44,2.94,12.93,2.89,5.22,9.0,15.8,14.69,12.6,13.77,14.62,6.1,11.34,2.43,3.44,4.14,4.63,1.18,2.63,3.07,4.21,4.3,3.44,1.0,1.53,3.97,3.89,4.31
00-0035644,Noah Fant,CIN,TE,2.0,1153,measured,14.4,14.31,15.95,15.52,10.0,17.26,11.8,10.69,11.55,8.83,9.23,8.24,8.84,12.52,17.7,5.49,3.06,2.15,1.74,2.51,2.6,1.83,2.95,16.8,3.22,10.31,14.1,18.91,18.19,15.35,15.08,15.34,7.62,12.06,3.29,2.8,3.74,1.97,2.66,1.0,3.2,3.41,3.53,3.16,1.0,2.3,2.16,1.89,3.13
00-0034613,Tanner Hudson,CIN,TE,4.0,383,measured,11.7,10.12,11.13,11.03,8.79,12.23,11.8,10.45,9.63,5.91,11.87,13.57,6.75,5.4,5.27,7.12,4.57,4.07,2.51,2.37,2.56,3.37,2.91,9.26,3.16,6.64,10.43,12.7,11.48,15.95,13.58,12.13,8.08,8.84,2.2,3.62,4.1,3.73,3.07,2.68,2.89,4.65,3.7,3.93,4.37,3.08,2.01,3.84,4.52
00-0038619,Andrei Iosivas,CIN,WR,1.0,994,measured,10.4,15.93,17.06,16.1,9.5,17.18,11.8,8.45,9.51,8.79,7.75,17.2,9.32,13.87,15.13,11.39,2.16,2.15,3.55,4.04,1.66,1.61,1.6,13.69,4.43,6.71,5.4,8.08,9.74,7.14,7.34,4.36,2.84,2.74,2.33,2.85,2.06,2.52,4.61,3.79,3.16,3.39,2.48,2.63,5.2,4.4,3.33,1.73,14.18
00-0038576,Charlie Jones,CIN,WR,2.0,55,prior,9.3,15.93,16.07,14.05,6.5,15.42,11.8,10.4,7.73,6.09,7.13,12.88,15.27,5.12,13.8,4.02,2.31,3.4,2.78,2.76,2.29,1.0,3.62,10.55,5.63,10.51,9.2,5.32,4.0,7.78,7.01,4.43,2.88,1.6,4.29,5.2,2.1,3.93,2.44,3.85,2.69,2.8,3.8,2.07,1.29,2.83,3.65,3.01,17.75
00-0039451,Isaiah Williams,CIN,WR,,20,prior,8.4,11.85,13.65,15.6,8.5,16.04,11.8,7.52,4.18,8.5,6.46,18.24,9.06,6.02,16.48,5.91,3.12,3.49,2.84,2.89,3.94,4.17,2.61,10.24,5.26,12.2,10.89,6.15,3.92,5.95,6.46,1.7,3.55,3.85,2.77,4.96,1.94,4.26,2.07,3.25,1.0,2.41,3.43,3.65,3.41,3.73,2.39,3.21,14.67
00-0036900,Ja'Marr Chase,CIN,WR,1.0,1905,measured,15.7,18.01,18.82,16.4,7.21,18.43,11.8,14.97,15.66,17.35,7.57,9.03,13.43,12.53,14.66,17.23,3.66,2.3,3.28,6.47,3.09,3.33,3.4,15.35,15.32,16.34,15.03,13.63,14.95,15.5,14.55,4.33,4.16,2.71,2.62,3.39,3.05,4.45,3.15,1.66,2.1,4.37,4.93,1.93,3.75,2.43,2.04,2.92,11.98
00-0039810,Jermaine Burton,CIN,WR,2.0,120,measured,8.2,15.47,17.63,13.46,7.21,17.43,11.8,8.5,6.58,6.45,8.02,5.54,10.28,8.13,14.47,11.39,3.61,2.64,1.0,3.65,2.54,1.47,4.04,10.23,6.97,11.88,10.57,4.61,4.18,4.29,4.05,3.67,3.42,4.9,3.05,3.1,2.42,4.38,2.56,2.47,3.64,2.9,2.02,1.88,4.43,2.6,2.16,3.93,14.33
00-0040375,Jordan Moore,CIN,WR,,0,prior,9.8,14.61,15.05,13.71,6.87,14.81,11.8,7.24,10.03,8.35,5.78,10.63,9.4,10.4,11.05,11.39,4.73,2.75,3.33,2.63,3.03,2.07,2.85,7.11,7.71,12.37,11.07,6.32,6.75,8.0,8.16,2.44,4.61,1.0,2.19,1.0,4.68,4.29,3.72,2.99,3.14,2.3,1.54,5.28,3.67,3.02,3.29,1.64,9.21
00-0038839,Mitchell Tinsley,CIN,WR,2.0,2,prior,7.2,12.37,13.18,14.03,7.0,14.2,11.8,9.31,5.46,9.28,7.41,8.98,9.33,12.41,11.05,11.39,2.16,3.26,4.24,4.61,1.92,4.04,5.14,14.88,4.3,13.07,11.76,4.09,3.84,3.85,3.85,2.69,3.48,3.71,2.74,2.05,2.87,3.4,4.4,1.78,2.27,3.76,1.9,3.26,3.02,2.77,2.64,3.42,16.34
00-0036410,Tee Higgins,CIN,WR,1.0,1288,measured,12.9,13.82,14.95,13.77,6.7,14.84,11.8,13.41,12.73,10.76,10.52,15.35,14.14,7.15,5.1,15.17,1.43,3.23,3.62,2.89,3.06,2.24,3.09,13.75,13.23,13.97,12.67,11.67,14.74,11.83,11.48,3.66,3.76,3.07,3.32,3.62,2.57,3.99,4.3,3.5,4.66,2.68,1.4,2.61,1.9,3.82,3.38,3.53,12.93
00-0033901,Ethan Pocic,CLE,C,1.0,1975,measured,14.4,3.94,5.6,3.67,13.39,7.37,11.8,14.41,12.96,10.83,12.76,6.86,13.37,6.48,14.39,14.64,4.07,3.98,2.02,2.27,5.03,2.09,1.85,3.71,2.01,1.0,3.37,3.08,2.08,5.08,2.55,16.1,16.77,3.73,3.56,2.82,2.9,3.81,2.96,3.5,1.0,4.28,1.55,2.66,4.68,5.12,2.64,2.13,1.52
00-0040264,Justin Osborne,CLE,C,3.0,0,prior,10.3,3.47,5.44,6.17,13.22,8.13,11.8,7.43,8.3,7.99,5.54,5.44,9.72,10.4,11.05,11.39,3.03,3.04,3.02,4.09,3.69,3.27,3.56,2.21,4.22,4.21,2.33,2.52,4.5,3.97,3.4,10.96,10.89,1.74,2.73,2.74,3.54,1.58,5.14,2.99,2.55,5.67,3.24,1.58,2.39,2.69,3.79,2.97,3.55
00-0038609,Luke Wypler,CLE,C,2.0,39,prior,11.7,4.8,6.2,7.59,12.56,9.63,11.8,10.9,12.21,8.12,7.98,12.69,13.19,12.41,11.05,11.39,1.84,4.59,3.59,2.48,4.5,3.56,2.4,1.85,4.61,3.3,3.43,5.12,3.88,2.77,1.7,10.65,13.97,2.54,1.96,3.84,3.15,3.83,3.69,2.81,1.0,3.59,3.48,3.85,3.22,2.8,3.23,1.99,2.85
00-0038848,Anthony Kendall,CLE,CB,3.0,2,prior,8.3,15.13,15.62,13.55,6.87,14.83,11.8,9.42,7.15,9.39,9.0,16.05,12.46,12.14,15.13,16.55,2.05,3.07,3.36,4.1,2.78,2.41,3.06,5.07,3.12,2.87,3.53,4.08,5.06,1.57,2.24,3.0,5.01,2.87,4.74,4.61,3.01,8.51,12.32,17.38,3.94,3.94,10.22,3.95,3.46,4.19,4.86,3.42,7.74
00-0038585,Cameron Mitchell,CLE,CB,1.0,524,measured,11.0,15.01,15.62,13.92,7.5,14.46,11.8,10.51,10.23,6.07,9.05,5.68,12.83,14.69,11.05,17.02,3.84,3.07,2.48,3.04,2.53,3.62,5.74,2.68,4.89,4.67,2.67,2.09,2.68,2.99,3.88,3.38,1.52,5.32,1.67,2.85,3.17,9.1,9.07,11.22,9.56,9.56,10.41,7.77,2.34,1.33,1.85,2.37,13.84
00-0034856,Denzel Ward,CLE,CB,1.0,1413,measured,17.3,18.36,19.28,13.74,8.0,17.65,11.8,16.55,15.62,17.36,13.32,14.68,11.25,6.98,5.54,8.14,3.93,4.95,1.85,2.31,4.03,3.78,3.18,3.24,2.8,2.9,2.76,2.43,1.09,2.89,2.32,3.48,2.93,3.13,2.93,3.32,3.37,3.75,6.2,12.51,19.48,19.48,10.56,19.48,5.45,3.78,2.69,2.34,3.69
00-0040258,Dom Jones,CLE,CB,,0,prior,8.9,14.99,15.88,14.24,6.49,15.17,11.8,8.53,6.78,5.83,8.35,12.02,11.99,10.4,11.05,11.39,3.58,2.04,3.49,1.92,2.85,1.33,3.32,2.09,3.07,2.1,4.27,2.07,2.92,3.06,5.58,3.39,2.67,4.45,1.4,3.69,3.06,7.23,12.31,15.23,5.24,5.24,10.11,4.53,2.71,3.4,2.93,3.09,14.19
00-0036996,Greg Newsome II,CLE,CB,1.0,1403,measured,13.5,16.86,16.32,14.48,9.0,16.92,11.8,13.33,15.1,10.84,8.13,12.19,13.52,12.0,14.84,17.65,3.73,2.62,4.66,3.54,1.93,2.52,3.29,3.17,3.3,2.66,3.15,3.97,1.67,1.88,1.36,3.6,2.46,2.76,3.49,2.86,3.4,1.39,4.49,10.13,13.11,13.11,10.86,14.52,3.07,1.0,4.31,1.14,7.36
00-0038401,Jarrick Bernard-Converse,CLE,CB,2.0,6,prior,8.6,14.97,15.77,14.32,6.96,15.24,11.8,10.22,8.19,10.12,5.5,7.59,10.8,14.69,11.05,6.88,3.46,1.49,2.05,2.01,3.15,2.14,2.44,3.04,3.48,3.24,1.77,3.44,3.94,4.0,2.67,2.89,3.56,4.35,2.68,2.45,3.64,8.62,11.8,17.0,4.61,4.61,10.25,4.0,2.62,3.85,2.91,3.65,7.45
00-0040257,LaMareon James,CLE,CB,,0,prior,8.9,15.08,15.58,13.73,7.15,14.95,11.8,8.74,8.42,5.31,4.87,11.87,13.03,10.4,11.05,11.39,2.24,4.11,3.52,2.4,3.92,2.18,4.47,1.81,3.6,2.25,3.68,4.89,2.87,3.51,1.66,3.6,3.66,2.55,3.56,1.0,2.55,7.23,12.31,15.26,5.24,5.24,10.31,4.53,3.84,2.8,1.0,1.99,14.19
00-0037250,Martin Emerson,CLE,CB,2.0,1636,measured,12.7,13.66,15.17,14.33,6.63,15.23,11.8,11.68,11.96,13.07,5.52,10.35,11.09,15.68,11.05,15.42,2.04,2.66,2.18,4.81,2.88,2.73,3.01,4.13,4.9,2.97,1.31,1.59,1.0,3.01,4.12,2.88,2.16,2.64,3.46,1.53,3.42,7.63,11.84,14.38,12.98,12.98,10.15,10.69,2.54,4.19,1.0,1.6,8.19
00-0039417,Myles Harden,CLE,CB,2.0,49,prior,9.1,14.31,13.73,17.12,6.5,13.92,11.8,8.59,6.7,6.7,8.66,10.31,8.91,4.74,7.6,7.95,2.64,3.56,2.91,2.59,2.51,4.37,3.12,3.64,2.79,2.79,3.41,1.0,2.1,4.09,1.64,4.58,3.07,3.91,3.13,5.14,3.47,7.91,11.47,16.21,5.95,5.95,10.11,4.21,3.2,3.2,1.08,4.98,10.79
00-0040255,Adin Huntington,CLE,DT,3.0,0,prior,9.2,7.74,9.03,7.71,13.81,11.41,11.8,8.54,6.43,7.24,5.25,7.74,12.29,10.4,11.05,11.39,3.22,1.74,3.08,3.3,2.24,2.61,3.3,2.85,3.22,1.21,1.1,5.14,2.58,2.2,2.27,2.1,3.78,3.5,8.02,6.96,8.39,8.91,8.59,10.06,3.84,3.08,2.29,3.52,5.15,3.09,3.89,2.73,3.59
00-0033131,Maliek Collins,CLE,DT,1.0,1364,measured,12.1,5.42,6.69,7.6,12.92,8.68,11.8,13.33,9.11,8.71,12.11,12.7,12.18,8.46,15.09,14.01,2.41,4.46,3.78,3.51,1.0,1.25,3.17,3.38,2.76,5.1,5.1,4.3,3.89,2.1,3.85,2.47,3.64,3.82,15.19,13.62,13.93,10.15,7.9,3.69,4.41,2.5,2.49,2.17,3.08,3.77,3.98,4.61,3.66
00-0040685,Mason Graham,CLE,DT,1.0,0,prior,13.2,4.67,5.9,5.32,12.46,8.31,11.8,10.07,9.52,9.24,8.97,10.19,12.85,10.4,11.05,11.39,3.94,1.0,2.95,2.74,1.53,3.51,1.51,5.13,1.58,1.47,2.91,2.79,3.56,2.79,2.83,2.92,1.62,3.6,15.79,14.12,15.08,13.07,10.2,10.0,2.42,1.0,2.95,1.0,2.55,1.94,2.69,3.53,2.86
00-0039895,Mike Hall Jr.,CLE,DT,2.0,215,measured,10.3,7.76,9.24,8.43,12.98,11.43,11.8,7.28,7.98,9.55,5.08,8.84,16.39,6.02,15.98,15.42,2.84,2.62,2.64,2.77,4.09,2.93,3.25,2.49,1.76,3.35,1.47,2.33,2.85,1.89,3.89,4.52,3.56,2.67,11.06,10.29,9.62,9.21,8.26,12.6,1.0,4.34,4.76,1.51,3.23,1.34,3.82,1.3,3.15
00-0031270,Shelby Harris,CLE,DT,2.0,1008,measured,12.6,4.9,6.17,5.45,13.5,8.75,11.8,12.6,11.36,8.85,11.53,9.17,11.54,12.17,15.34,16.75,3.77,2.86,2.19,3.22,2.05,3.13,1.0,1.39,1.77,3.21,2.57,1.29,2.65,2.62,2.6,2.95,3.22,3.7,13.0,11.04,13.44,13.71,13.49,5.83,1.93,3.89,1.89,5.62,1.76,4.2,3.09,2.6,2.3
00-0037251,Alex Wright,CLE,EDGE,1.0,560,measured,10.6,9.82,11.43,10.55,7.5,12.79,11.8,10.1,10.49,10.03,8.35,12.86,9.36,5.41,17.97,11.39,3.43,3.24,3.56,4.43,4.43,3.26,1.59,1.0,2.89,3.5,5.1,1.29,2.78,3.53,2.59,2.95,3.02,3.51,9.61,10.63,11.53,12.87,10.98,12.31,5.8,6.8,2.62,2.8,4.07,3.55,1.79,4.53,2.1
00-0037815,Cameron Thomas,CLE,EDGE,3.0,395,measured,10.8,9.74,11.22,10.26,12.46,12.71,11.8,9.93,7.15,10.37,5.59,8.4,11.28,15.68,11.05,11.39,1.76,2.36,2.34,4.01,3.51,1.0,1.27,2.77,3.35,4.48,2.02,3.87,3.62,4.94,3.01,4.1,2.9,2.38,8.98,8.24,12.23,14.98,13.44,11.26,5.8,6.8,3.5,1.87,2.44,4.51,1.63,2.34,2.68
00-0038574,Isaiah McGuire,CLE,EDGE,2.0,497,measured,10.2,9.87,12.43,9.77,11.41,15.14,11.8,10.81,8.12,6.34,6.93,9.61,11.52,14.69,11.05,11.39,2.43,3.27,3.89,2.97,3.87,4.64,2.86,3.37,4.71,3.36,2.69,2.67,3.21,3.26,3.38,1.47,5.97,2.63,8.74,8.41,9.9,12.71,12.04,11.62,5.8,6.8,3.58,3.43,3.65,2.26,2.41,4.16,1.72
00-0036967,Joe Tryon-Shoyinka,CLE,EDGE,2.0,1224,measured,9.1,10.92,11.46,11.53,11.33,13.31,11.8,9.57,4.13,6.66,8.99,9.98,13.54,13.94,16.67,8.42,2.97,3.2,1.16,3.1,2.79,3.98,2.63,4.18,3.08,2.13,2.07,2.48,2.38,1.54,1.37,2.58,2.08,3.27,7.87,7.94,9.38,9.53,6.69,12.7,5.8,6.8,1.0,3.43,1.89,2.36,2.15,1.0,4.56
00-0033868,Myles Garrett,CLE,EDGE,1.0,1624,measured,16.5,11.1,14.23,9.62,16.62,17.58,11.8,13.55,16.9,18.41,12.99,13.77,14.89,15.33,14.89,13.97,1.83,3.34,2.99,2.05,2.62,1.5,4.1,4.37,2.76,2.87,1.77,1.02,1.82,4.51,2.07,2.44,2.72,2.14,18.93,17.73,18.28,15.99,12.27,6.63,5.8,6.8,2.89,4.35,1.85,2.96,2.34,2.65,3.18
00-0036705,Sam Kamara,CLE,EDGE,,303,measured,8.3,9.08,10.06,8.77,13.09,12.18,11.8,8.38,7.27,6.97,7.16,9.5,8.56,8.16,5.36,14.14,2.44,4.45,3.15,2.59,3.92,5.53,3.33,2.32,2.53,1.0,3.32,3.27,3.05,3.84,4.94,4.68,2.56,2.83,7.89,6.71,6.87,7.85,8.94,12.14,5.8,6.8,2.96,2.84,2.28,1.51,5.75,3.07,3.26
00-0038428,Andre Szmyt,CLE,K,1.0,0,prior,6.8,10.35,11.27,10.24,9.64,12.42,10.51,6.09,6.95,4.57,8.46,7.18,14.99,10.4,11.05,11.39,1.82,1.0,3.44,4.4,2.29,4.17,2.81,1.0,2.98,2.94,1.67,3.01,2.53,1.76,1.72,2.6,3.5,2.39,1.98,3.02,2.09,3.19,4.5,4.23,2.24,1.6,3.47,3.02,6.12,7.42,1.76,2.13,2.34
00-0040579,Carson Schwesinger,CLE,LB,1.0,0,prior,10.9,12.39,13.51,12.74,10.0,16.46,11.8,7.86,6.54,8.79,8.17,11.1,13.64,10.4,11.05,11.39,2.84,3.78,1.79,2.26,4.34,2.09,2.87,4.33,2.43,3.86,1.68,4.28,3.28,2.61,3.69,2.25,3.38,1.0,10.16,10.44,9.77,11.71,12.59,14.02,7.21,8.71,4.68,4.18,3.68,2.46,1.65,2.93,4.46
00-0035525,Devin Bush,CLE,LB,1.0,892,measured,13.0,15.93,16.07,14.48,10.67,17.28,11.8,10.96,7.04,11.66,10.8,8.67,12.16,17.5,11.05,4.46,2.35,2.52,2.18,3.83,2.66,4.38,1.98,4.35,4.29,4.7,3.24,2.86,3.17,3.37,2.85,2.15,3.41,4.15,7.29,8.57,14.8,14.67,14.55,16.6,7.78,9.28,2.6,5.48,2.54,4.78,2.32,1.64,2.12
00-0040261,Easton Mascarenas-Arnold,CLE,LB,3.0,0,prior,11.7,11.66,12.06,11.03,11.36,12.9,11.8,8.45,6.2,9.58,4.37,13.49,13.62,10.4,11.05,11.39,1.91,2.74,2.19,2.55,3.77,1.68,4.17,3.56,3.64,2.74,3.45,3.36,2.74,1.97,3.03,4.7,3.31,3.79,7.18,6.72,13.17,12.69,13.24,15.34,8.96,10.46,4.29,9.27,2.8,2.32,3.88,3.37,1.11
00-0039878,Edefuan Ulofoshio,CLE,LB,,57,prior,9.0,13.11,15.55,12.07,10.82,17.4,11.8,8.07,3.92,8.87,8.14,9.95,10.7,12.99,11.05,11.39,2.14,3.84,2.98,2.67,2.48,1.24,3.11,4.01,3.49,1.63,3.58,4.8,1.72,3.19,2.83,4.5,2.57,4.31,10.15,10.39,8.1,7.49,9.02,14.04,4.44,5.94,4.25,2.49,4.0,3.38,2.89,2.76,2.14
00-0036915,Jeremiah Owusu-Koramoah,CLE,LB,4.0,1131,measured,16.5,12.43,14.2,16.22,9.3,15.42,11.8,14.13,11.55,13.61,9.52,6.78,11.01,6.31,17.29,8.05,3.67,3.95,2.69,3.31,3.28,1.58,1.87,3.07,2.99,1.9,3.02,2.74,3.67,3.48,3.14,1.69,2.44,3.64,12.01,12.54,19.4,19.4,18.34,12.79,17.62,19.12,4.19,15.91,2.43,1.74,1.93,3.28,2.8
00-0034797,Jerome Baker,CLE,LB,2.0,1412,measured,10.2,13.44,15.12,11.99,11.33,15.51,11.8,9.97,6.47,6.57,8.93,11.68,4.69,7.82,16.33,4.95,2.83,2.89,1.72,2.39,3.93,2.63,4.3,2.19,4.27,1.97,4.38,3.07,1.86,5.46,2.0,2.58,1.99,2.94,6.11,6.29,7.47,7.73,8.63,12.62,13.51,15.01,2.94,12.36,1.0,2.44,2.35,2.78,1.32
00-0036249,Julian Okwara,CLE,LB,,437,measured,10.0,12.22,13.58,13.92,13.85,14.02,11.8,9.12,6.53,3.36,9.77,14.59,13.13,12.06,13.96,7.85,2.38,3.54,2.73,3.53,1.81,2.77,4.3,2.05,3.22,2.01,3.78,2.91,3.68,3.04,4.55,1.87,2.49,1.48,14.53,13.4,12.37,10.51,7.32,11.16,7.26,8.76,2.0,6.82,3.67,2.21,3.25,2.67,3.01
00-0038711,Mohamoud Diabate,CLE,LB,1.0,554,measured,11.7,12.51,13.82,13.37,9.22,13.88,11.8,9.7,11.53,6.16,8.23,7.34,9.45,14.69,11.05,15.42,2.48,2.48,3.42,2.18,1.8,3.32,1.63,2.11,4.26,3.76,4.1,4.01,4.04,3.01,1.97,4.21,4.3,3.57,4.7,5.29,14.38,15.98,13.87,12.1,6.89,8.39,2.71,5.09,3.26,5.63,4.32,3.94,1.7
00-0039406,Nathaniel Watson,CLE,LB,2.0,49,prior,9.2,11.85,10.72,11.9,11.81,10.58,11.8,7.43,4.08,7.23,7.2,7.85,13.74,12.99,11.05,11.39,3.44,4.17,3.55,3.34,3.13,3.88,3.91,2.29,2.12,1.91,2.44,4.08,2.64,3.85,3.16,2.14,3.41,3.88,10.54,9.99,7.04,9.89,10.48,12.44,4.38,5.88,4.49,2.29,2.8,3.4,3.89,3.45,1.27
00-0039515,Winston Reid,CLE,LB,2.0,128,measured,10.8,11.82,12.4,11.43,10.87,13.09,11.8,10.49,6.81,5.65,5.29,12.59,7.35,12.99,11.05,11.39,1.0,1.0,2.8,3.41,2.89,2.09,3.93,4.69,2.54,2.91,4.68,3.24,3.22,3.48,1.33,2.08,1.24,3.54,11.19,10.96,11.21,11.78,11.18,12.75,6.45,7.95,4.88,3.12,4.56,3.79,1.26,3.96,2.33
00-0036443,Rex Sunahara,CLE,LS,1.0,0,prior,9.0,10.24,11.1,10.37,9.53,12.21,10.03,9.35,8.67,7.62,12.17,7.26,9.32,12.99,11.05,11.39,2.65,3.78,3.72,3.13,2.17,3.03,3.8,2.8,5.57,2.71,2.26,2.27,1.13,3.58,1.92,1.0,4.9,4.41,2.45,2.55,2.78,2.8,1.0,1.07,2.31,3.91,2.97,3.76,1.35,2.94,3.11,2.64,3.99
00-0038103,Cole Strange,CLE,OG,,885,measured,15.9,6.27,10.13,8.99,15.7,10.27,11.8,13.28,14.98,13.64,9.14,10.03,10.45,4.4,17.74,7.1,3.52,1.32,1.86,1.41,2.33,3.98,1.2,3.04,2.16,3.34,4.49,3.98,2.28,4.74,2.19,17.0,17.77,3.76,3.45,1.83,4.01,2.7,1.39,3.0,3.26,2.54,1.8,1.28,3.16,3.89,2.7,4.36,2.5
00-0040079,Garrett Dellinger,CLE,OG,,0,prior,11.5,3.93,5.61,5.18,12.96,8.34,11.8,9.04,5.41,6.8,6.73,4.39,9.22,10.4,11.05,11.39,3.13,1.52,2.82,4.92,4.49,2.88,2.69,2.93,4.8,2.99,1.89,2.8,4.07,4.07,3.33,10.96,14.03,2.72,1.61,2.93,4.11,2.47,3.69,3.44,3.58,3.66,3.2,5.23,4.42,1.16,1.48,2.85,3.51
00-0031426,Joel Bitonio,CLE,OG,1.0,2250,measured,13.8,5.67,7.3,8.04,11.33,9.93,11.8,16.24,10.66,12.65,13.15,9.13,13.47,14.31,15.13,14.64,2.39,3.38,1.46,2.2,3.72,2.53,1.9,2.13,3.04,1.86,1.01,3.78,2.18,3.73,3.19,14.88,15.94,3.19,2.04,2.88,2.62,2.42,2.62,3.01,3.84,3.26,4.13,1.94,5.32,2.72,1.82,3.58,5.42
00-0039755,KT Leveston,CLE,OG,3.0,0,prior,11.9,3.68,5.1,4.22,13.21,7.89,11.8,9.35,9.56,10.19,5.85,12.52,9.75,4.21,4.66,11.39,2.3,2.59,2.93,4.49,1.97,3.1,4.69,2.65,2.28,2.98,4.12,2.77,2.78,4.12,2.14,16.06,9.5,1.54,3.83,2.37,3.67,2.09,2.1,4.04,2.24,3.65,2.93,2.45,3.61,1.85,2.47,3.71,3.18
00-0036953,Teven Jenkins,CLE,OG,2.0,1402,measured,14.7,6.53,7.07,6.3,17.92,10.91,11.8,12.49,10.18,11.64,9.1,7.94,7.35,7.42,18.89,15.98,4.37,4.15,1.28,3.2,4.2,2.8,3.26,3.21,3.6,1.86,2.42,1.9,4.09,3.27,3.23,16.69,13.91,2.98,3.32,3.24,1.0,3.55,3.16,5.7,2.66,2.91,1.0,2.25,2.4,2.11,3.21,2.06,2.72
00-0034399,Wyatt Teller,CLE,OG,1.0,1970,measured,13.1,2.42,6.22,5.92,15.24,9.0,11.8,13.72,11.34,11.55,12.61,11.78,5.25,8.46,5.91,14.03,3.73,3.48,2.69,3.4,3.21,4.83,3.83,1.87,1.14,3.17,3.5,2.56,3.11,1.9,1.48,10.06,17.97,3.64,2.66,3.93,1.88,3.2,2.39,4.26,2.81,1.87,2.99,4.59,4.01,2.36,3.2,2.35,4.96
00-0039350,Zak Zinter,CLE,OG,2.0,217,measured,10.0,4.13,6.07,6.1,12.72,8.76,11.8,8.71,7.19,8.46,5.3,10.65,12.23,12.99,11.05,11.39,3.69,2.46,2.53,3.4,2.05,3.18,1.8,3.23,4.53,2.11,3.38,4.35,3.22,2.13,4.09,10.76,9.19,2.91,4.4,3.14,1.79,2.8,2.0,2.55,1.66,2.28,3.39,3.79,5.02,3.27,2.65,1.87,2.28
00-0030725,Cornelius Lucas,CLE,OT,2.0,856,measured,15.1,1.0,2.56,2.39,10.46,5.53,11.8,14.57,13.81,14.92,11.13,9.38,9.5,7.52,15.07,13.89,1.23,1.39,2.42,2.76,3.01,4.52,1.69,2.86,1.0,2.6,3.41,4.93,2.98,3.19,2.37,18.65,19.4,5.24,3.97,3.36,1.04,4.1,2.66,1.9,2.7,1.5,3.83,2.96,3.48,2.23,4.57,2.91,2.84
00-0039014,Dawand Jones,CLE,OT,1.0,929,measured,10.0,1.75,3.33,2.41,9.07,5.58,11.8,9.66,5.97,6.43,7.71,10.87,17.32,8.27,15.13,14.05,1.0,4.32,3.4,3.78,2.75,1.66,2.09,3.73,2.84,2.13,3.01,3.77,2.92,3.07,4.48,12.26,11.74,3.13,2.73,2.94,4.41,3.19,2.65,3.02,1.86,2.75,2.43,3.74,2.92,1.98,1.9,3.13,1.74
00-0033057,Jack Conklin,CLE,OT,1.0,1157,measured,13.0,5.6,5.47,6.48,12.92,8.01,11.8,11.88,9.08,11.32,11.43,7.5,14.18,7.18,17.98,4.03,3.28,3.04,4.14,3.42,2.88,4.06,2.82,1.44,3.04,2.87,2.67,1.46,3.41,5.18,2.98,12.02,16.9,2.98,1.03,2.22,1.18,3.79,2.56,2.96,3.67,2.52,3.59,1.87,2.24,3.23,2.63,2.24,1.65
00-0040495,Logan Brown,CLE,OT,,0,prior,10.8,4.27,6.93,7.07,11.94,11.28,11.8,8.28,6.81,8.72,6.81,14.28,13.46,10.4,11.05,11.39,3.03,2.98,3.93,1.84,2.4,1.52,3.87,3.98,3.09,1.57,1.0,3.76,3.06,3.96,1.97,12.57,11.2,3.11,4.12,1.0,2.6,1.0,2.99,4.77,3.71,2.92,2.3,3.72,3.19,3.65,2.19,2.1,2.55
00-0034721,Corey Bojorquez,CLE,P,1.0,117,measured,18.5,7.97,9.67,9.38,9.83,11.78,12.65,14.88,17.06,14.89,10.21,4.08,9.53,15.33,15.24,14.83,1.77,2.72,3.58,2.53,3.26,2.15,2.84,2.81,1.45,1.93,5.41,3.15,2.72,2.51,3.18,2.46,2.69,4.77,2.28,3.7,2.46,3.0,2.49,3.91,2.39,2.05,3.4,2.12,4.74,2.88,19.08,17.84,3.96
00-0038108,Bailey Zappe,CLE,QB,,409,measured,7.6,8.27,8.53,11.18,9.76,9.64,11.8,7.86,6.42,5.18,7.11,13.65,9.46,15.68,11.05,11.39,10.53,7.13,8.24,7.6,6.54,8.17,5.79,8.06,3.26,2.24,3.05,3.52,4.18,3.71,2.82,3.45,1.98,1.33,2.31,2.22,1.58,3.31,2.86,4.31,4.59,1.93,4.17,2.07,4.19,3.65,2.33,2.41,1.82
00-0033537,Deshaun Watson,CLE,QB,4.0,787,measured,9.0,10.69,11.75,13.09,9.76,12.09,11.8,9.38,8.36,8.02,12.0,8.09,7.65,6.06,4.43,7.43,13.62,8.28,8.86,7.77,7.41,9.98,7.25,8.35,2.15,3.36,2.65,2.9,2.78,3.8,2.68,1.93,4.65,3.57,2.99,2.22,2.03,2.84,4.62,1.24,4.96,1.0,2.85,3.05,2.67,2.9,3.9,2.78,5.03
00-0040704,Dillon Gabriel,CLE,QB,2.0,0,prior,8.7,10.96,10.74,12.34,9.76,11.02,11.8,9.39,8.64,6.4,7.77,14.19,14.67,10.4,11.05,11.39,10.49,8.37,6.54,7.66,7.93,9.9,9.11,9.49,4.08,3.42,3.81,3.96,3.19,2.59,3.1,3.9,2.43,1.23,3.0,2.23,2.04,3.02,2.95,3.06,3.47,2.57,3.4,3.4,2.89,3.35,3.4,2.19,3.13
00-0026158,Joe Flacco,CLE,QB,1.0,789,measured,12.6,4.38,4.58,11.25,9.76,5.27,11.8,11.38,12.23,12.39,15.73,11.5,11.4,11.93,7.31,11.39,14.9,10.53,15.66,15.65,12.41,15.6,9.17,7.08,3.38,5.46,1.2,5.16,1.89,3.38,3.11,2.99,3.66,2.16,3.18,3.27,4.44,4.18,4.26,3.39,2.63,2.41,1.12,3.98,2.1,2.03,2.59,2.59,2.13
00-0040668,Shedeur Sanders,CLE,QB,3.0,0,prior,7.1,9.64,10.04,12.01,9.76,10.9,11.8,6.44,6.99,5.04,6.29,13.96,12.28,10.4,11.05,11.39,9.17,6.28,7.58,6.14,6.03,7.03,7.13,7.6,2.96,2.58,2.13,4.08,1.72,4.74,2.89,3.73,1.68,1.41,2.95,4.41,2.39,2.75,3.57,2.38,2.64,1.53,2.68,3.3,2.57,1.89,3.27,2.84,4.28
00-0040260,Ahmani Marshall,CLE,RB,,0,prior,9.9,13.1,13.88,11.62,9.58,13.77,11.8,10.28,7.15,3.93,4.16,9.78,10.99,10.4,11.05,11.39,2.66,2.22,1.78,2.77,3.29,4.04,3.37,11.02,8.47,6.92,7.45,13.43,2.71,6.68,6.12,2.07,4.84,3.07,2.04,2.71,2.26,2.09,2.73,5.42,3.59,4.13,3.03,3.36,3.66,4.4,2.86,3.16,9.09
00-0040162,Dylan Sampson,CLE,RB,3.0,0,prior,10.3,14.02,15.05,13.45,6.5,14.44,11.8,9.36,7.96,9.03,8.03,14.02,15.15,10.4,11.05,11.39,5.15,3.47,2.39,2.25,2.91,1.88,1.97,13.54,7.93,7.39,7.12,11.83,1.62,6.9,6.68,2.22,4.82,3.22,4.21,2.99,2.49,2.99,2.85,3.12,3.51,2.8,2.1,3.28,3.42,4.06,3.83,2.71,10.33
00-0037267,Jerome Ford,CLE,RB,1.0,895,measured,12.6,15.24,14.22,12.62,9.33,11.6,11.8,12.01,9.73,8.94,10.31,6.27,6.84,12.26,13.93,14.83,2.32,2.28,3.71,3.67,3.72,2.24,1.88,16.27,12.42,14.05,8.58,11.46,2.64,6.51,5.58,8.77,6.04,9.77,2.3,3.53,2.4,4.63,4.11,3.89,3.83,2.36,3.02,2.86,3.42,3.06,3.39,3.6,9.48
00-0040466,Raheim Sanders,CLE,RB,4.0,0,prior,10.2,15.24,14.77,11.83,10.71,14.89,11.8,9.56,8.71,7.16,4.17,11.56,10.58,10.4,11.05,11.39,3.02,2.57,2.58,3.83,2.71,1.92,4.22,11.02,8.47,6.92,7.45,13.43,1.52,6.68,6.12,2.07,4.84,3.07,2.74,3.32,4.21,1.75,2.64,2.27,1.83,2.33,3.07,1.82,4.19,3.43,2.82,3.39,9.94
00-0035291,Trayveon Williams,CLE,RB,,111,measured,9.3,14.08,14.34,9.39,9.5,13.14,11.8,8.23,6.81,9.01,8.26,12.34,11.5,11.93,14.56,7.74,3.42,4.73,3.65,4.29,4.16,3.2,3.96,13.94,6.95,7.08,6.04,7.52,4.18,3.39,2.36,3.87,5.35,4.87,4.18,1.68,2.52,1.97,2.95,3.93,2.35,1.96,2.12,2.08,2.25,4.28,2.24,2.1,14.03
00-0039513,Chris Edmonds,CLE,S,,3,prior,10.0,13.57,15.06,14.34,8.74,15.54,11.8,9.13,6.01,11.17,6.01,12.56,13.01,12.99,11.05,11.39,2.17,3.56,2.0,2.54,2.61,3.9,2.65,3.85,2.98,2.68,3.02,1.47,2.99,1.65,2.47,2.29,2.04,3.2,3.16,3.66,2.35,8.62,5.51,8.16,10.73,11.73,9.48,10.13,3.36,3.05,4.25,2.45,17.91
00-0033512,Damontae Kazee,CLE,S,2.0,871,measured,8.9,12.1,13.3,13.06,5.5,12.8,11.8,11.13,3.35,7.66,10.5,11.35,10.21,13.94,16.67,6.59,1.55,3.87,2.04,2.32,2.62,2.82,2.71,3.38,4.15,4.0,4.62,1.0,3.01,4.49,1.97,1.92,3.93,2.29,2.84,2.02,2.11,8.96,8.07,14.62,5.64,6.64,8.51,7.3,4.25,1.86,2.63,2.06,13.12
00-0040263,Donovan McMillon,CLE,S,3.0,0,prior,11.9,13.74,15.3,14.24,8.2,15.13,11.8,11.05,8.9,9.3,3.74,12.29,11.54,10.4,11.05,11.39,1.0,3.01,3.92,1.6,2.64,1.53,1.57,2.82,4.37,2.37,2.72,1.45,4.19,3.33,3.6,3.26,1.15,3.01,2.21,2.33,3.55,9.47,9.39,12.23,11.91,12.91,9.32,12.99,3.33,3.04,1.71,2.48,15.36
00-0036282,Grant Delpit,CLE,S,1.0,1824,measured,14.0,13.95,15.85,14.14,8.19,15.32,11.8,13.14,11.1,14.34,11.31,12.48,9.66,15.17,15.46,7.74,3.63,2.35,4.3,3.32,3.49,2.78,3.93,1.96,1.7,3.24,2.73,1.62,3.22,3.61,1.37,3.44,2.73,1.64,2.12,3.82,2.24,16.16,17.63,9.47,13.19,14.19,9.32,12.22,2.29,2.4,1.0,1.55,5.73
00-0033941,Rayshawn Jenkins,CLE,S,2.0,1699,measured,11.1,12.91,14.82,13.39,9.5,15.29,11.8,12.86,8.01,7.56,10.32,3.68,5.31,11.93,14.31,13.81,1.46,4.15,4.99,2.43,2.95,2.3,3.12,1.63,2.91,2.43,4.05,3.41,3.06,3.45,3.19,3.46,3.3,2.55,3.11,3.27,2.86,12.05,13.84,10.05,9.15,10.15,9.71,6.96,3.0,3.71,5.11,2.33,12.29
00-0038715,Ronnie Hickman Jr.,CLE,S,1.0,630,measured,13.5,13.59,14.82,14.32,8.1,14.85,11.8,12.3,9.27,11.98,9.73,9.82,11.24,12.02,4.66,11.39,3.28,2.79,2.68,2.15,2.76,1.65,2.48,2.69,2.81,2.87,3.28,2.3,3.19,3.09,2.18,3.2,3.15,2.32,2.75,1.0,3.81,14.17,9.35,14.25,14.66,15.66,9.29,13.83,2.11,2.96,6.46,3.48,11.46
00-0038710,Blake Whiteheart,CLE,TE,3.0,182,measured,9.0,10.77,11.13,11.94,10.0,13.5,11.8,7.07,3.07,5.42,7.11,14.47,10.64,14.69,11.05,15.42,3.71,4.67,2.92,1.57,4.5,3.83,4.09,14.34,1.76,6.38,10.16,9.34,7.7,8.33,8.97,7.73,9.37,4.45,3.34,2.77,2.01,1.34,2.61,4.0,2.67,3.25,2.47,1.69,4.78,3.06,4.84,2.5,3.81
00-0039458,Brenden Bates,CLE,TE,,39,prior,8.3,10.67,11.83,12.01,9.35,12.94,11.8,5.85,5.19,4.28,6.89,18.34,10.57,12.99,11.05,11.39,4.46,3.35,3.55,1.91,3.64,3.22,2.35,16.49,2.68,4.24,8.02,7.33,6.97,5.53,5.55,9.82,10.62,6.54,2.88,1.89,3.3,2.73,3.65,1.34,2.52,2.27,3.38,2.45,1.76,1.49,2.34,4.01,3.42
00-0033885,David Njoku,CLE,TE,1.0,1520,measured,14.2,11.29,15.23,12.95,10.67,16.67,11.8,13.66,13.03,13.91,14.09,11.41,16.75,6.32,5.96,16.84,2.5,1.43,3.27,3.32,4.13,3.41,3.11,12.55,2.18,11.3,15.09,9.11,16.0,16.48,17.51,15.52,17.03,12.24,2.36,3.88,3.74,3.4,3.34,2.19,1.08,2.26,1.78,4.39,1.58,2.52,2.19,2.39,3.6
00-0040663,Harold Fannin Jr.,CLE,TE,2.0,0,prior,11.2,10.62,11.81,12.93,11.33,13.16,11.8,8.37,7.5,9.81,8.1,11.83,7.24,10.4,11.05,11.39,2.24,3.09,3.54,3.04,1.46,2.73,2.55,15.12,3.59,8.69,12.47,12.23,10.93,10.39,9.95,11.82,10.46,8.54,3.82,1.41,3.71,4.39,2.66,1.56,3.58,3.13,3.58,3.63,2.96,1.67,2.71,4.33,1.52
00-0037015,Sal Cannella,CLE,TE,,0,prior,7.8,11.24,12.11,11.53,8.28,12.89,11.8,7.53,6.69,3.52,9.07,9.07,10.55,10.4,11.05,11.39,2.73,3.79,3.99,4.14,2.12,3.2,2.1,18.36,1.21,2.01,5.79,6.33,6.84,5.29,5.29,9.36,11.07,6.07,1.8,3.03,2.24,2.0,3.1,2.41,2.27,3.22,3.24,2.59,3.68,1.54,3.38,2.69,3.77
00-0040615,Cade McDonald,CLE,WR,3.0,0,prior,9.7,14.54,14.77,13.07,7.8,15.05,11.8,9.3,8.05,9.38,6.8,12.69,13.52,10.4,11.05,11.39,3.24,2.85,1.69,3.06,5.41,2.93,2.84,7.11,7.71,12.37,11.07,6.32,6.75,8.0,8.16,2.96,4.17,2.5,1.0,3.38,3.06,3.26,2.11,2.07,5.59,4.0,3.83,2.75,2.66,2.37,2.29,2.49,9.18
00-0038979,Cedric Tillman,CLE,WR,1.0,801,measured,10.1,13.48,15.75,13.33,7.34,16.31,11.8,9.77,8.71,11.92,9.75,13.3,15.27,7.04,5.71,5.91,2.81,2.46,4.61,3.72,4.08,1.58,2.41,12.71,8.33,12.52,11.21,8.56,7.99,7.58,7.88,2.95,2.77,2.37,4.05,1.89,2.59,2.48,3.2,1.95,2.83,3.43,4.76,3.83,1.47,1.0,4.75,3.61,13.3
00-0037257,David Bell,CLE,WR,3.0,368,measured,10.0,11.54,12.27,10.36,7.25,12.72,11.8,10.15,11.13,6.76,8.57,6.64,9.33,14.01,6.82,7.37,4.0,2.71,3.68,1.0,2.75,1.57,4.34,8.0,6.9,11.04,9.74,7.68,7.23,10.5,11.06,2.04,1.0,5.17,2.01,4.32,4.17,1.63,2.12,4.51,3.38,4.13,2.46,3.1,2.75,3.72,2.43,3.6,8.01
00-0031763,DeAndre Carter,CLE,WR,2.0,477,measured,10.6,13.61,13.36,11.83,7.72,13.75,11.8,13.41,12.32,9.21,9.61,13.65,13.81,17.5,11.05,17.65,3.57,3.18,3.57,2.77,4.72,1.0,2.68,7.8,6.54,10.1,8.79,11.0,8.21,8.97,8.74,2.26,2.52,2.06,2.95,2.68,2.65,2.12,4.06,2.38,2.63,1.82,3.61,5.33,3.22,4.04,2.27,4.66,15.58
00-0040259,Gage Larvadain,CLE,WR,2.0,0,prior,9.4,15.03,14.88,13.16,7.72,14.98,11.8,8.25,6.02,12.13,6.89,9.48,13.6,10.4,11.05,11.39,5.74,4.61,3.52,2.85,1.33,4.55,4.31,8.28,7.22,12.49,11.19,4.63,5.43,8.09,8.58,3.67,2.5,2.48,2.3,2.02,3.29,2.58,2.53,1.68,4.39,1.0,3.2,1.6,2.94,1.06,1.96,3.16,11.45
00-0040782,Isaiah Bond,CLE,WR,2.0,0,prior,9.9,16.86,16.23,14.24,6.15,14.59,11.8,7.81,8.96,8.36,6.12,10.54,11.1,10.4,11.05,11.39,2.65,3.02,3.06,4.05,2.83,2.71,1.95,8.28,7.22,12.49,11.19,4.63,5.43,8.09,8.58,1.0,3.47,1.5,3.1,3.14,2.22,4.06,2.99,2.25,2.63,2.34,3.53,2.91,5.76,2.25,4.41,2.63,12.18
00-0039379,Jamari Thrash,CLE,WR,1.0,131,measured,9.7,15.24,14.71,12.41,6.19,13.44,11.8,7.66,6.99,8.8,9.47,4.56,8.68,12.99,11.05,5.91,1.99,2.67,2.32,3.46,3.74,3.95,4.25,19.36,8.74,13.87,12.56,8.92,4.46,6.46,7.72,1.36,2.31,3.68,2.16,4.16,1.82,3.91,4.1,3.89,2.19,3.04,1.72,3.9,3.07,3.62,2.23,2.33,16.57
00-0036407,Jerry Jeudy,CLE,WR,1.0,1707,measured,13.3,15.47,14.84,12.16,6.37,13.87,11.8,13.6,13.92,12.1,10.76,15.47,13.19,15.23,7.32,7.6,2.73,3.99,3.67,3.75,3.79,1.54,3.32,15.56,12.99,14.74,13.43,12.36,11.87,13.2,12.51,1.0,4.09,5.06,3.03,4.45,3.38,2.24,3.54,3.47,3.44,3.37,4.66,2.6,2.94,2.55,1.92,4.05,12.26
00-0037380,Kaden Davis,CLE,WR,,13,prior,8.4,14.74,15.25,14.15,6.23,14.65,11.8,9.06,8.15,9.21,4.63,9.13,11.14,12.99,11.05,11.39,2.58,2.66,2.55,3.26,3.4,1.93,3.58,10.41,5.25,12.5,11.19,6.98,3.9,3.97,4.32,3.8,3.1,3.88,3.12,4.24,4.07,3.21,3.7,2.96,2.99,3.22,2.27,4.0,2.1,2.43,3.3,4.26,16.06
00-0039920,Malachi Corley,CLE,WR,,77,prior,8.7,14.11,14.58,12.78,8.18,15.17,11.8,8.14,9.16,7.82,7.68,11.54,9.46,12.99,11.05,11.39,3.37,1.62,3.11,4.06,4.02,1.54,3.52,7.99,5.25,10.22,8.91,6.25,4.2,6.48,6.93,2.8,4.1,3.47,2.22,3.68,2.83,3.05,1.0,3.67,1.78,3.07,3.72,2.13,2.61,2.85,3.03,3.34,9.61
00-0037336,Brock Hoffman,DAL,C,2.0,608,measured,13.1,3.84,5.49,6.37,11.96,8.39,11.8,10.46,9.0,11.66,4.72,11.02,13.8,15.68,11.05,11.39,2.99,2.11,1.26,4.98,1.0,4.99,2.23,2.71,3.49,2.38,2.62,5.06,1.73,3.27,2.86,11.72,18.53,1.58,2.77,3.14,4.28,3.58,5.6,3.4,5.36,1.73,4.52,4.08,1.22,2.27,2.52,2.96,2.64
00-0039348,Cooper Beebe,DAL,C,1.0,971,measured,10.1,6.27,7.53,8.29,10.31,8.47,11.8,8.09,8.76,6.0,9.43,14.02,9.42,12.22,15.46,11.39,2.17,2.85,1.71,3.7,2.82,4.39,3.79,2.82,3.97,5.07,4.18,4.3,4.08,3.84,3.28,10.18,11.47,2.69,3.11,3.62,3.47,2.18,1.4,1.73,2.16,3.48,3.83,3.99,2.9,1.0,4.12,2.17,3.24
00-0040045,Alijah Clark,DAL,CB,,0,prior,8.7,14.31,14.71,13.99,6.47,13.28,11.8,8.72,9.23,9.25,5.3,11.42,12.24,10.4,11.05,11.39,2.5,3.32,3.54,4.95,3.62,3.13,1.0,3.33,2.45,3.67,3.13,3.79,3.9,2.18,3.33,2.24,3.99,1.97,1.21,4.01,3.2,7.23,12.31,14.95,5.24,5.24,10.1,4.53,2.41,2.8,4.19,5.16,14.19
00-0031357,C.J. Goodwin,DAL,CB,2.0,14,prior,9.1,12.54,13.36,11.98,6.16,13.03,11.8,11.3,7.55,6.47,10.59,8.74,13.18,7.39,15.22,14.49,2.47,3.33,3.26,3.88,3.44,1.0,3.86,2.42,3.41,1.55,4.26,2.47,4.26,3.85,3.28,1.7,3.44,3.44,2.54,2.23,3.59,8.52,11.38,14.46,6.96,6.96,10.01,5.87,2.84,3.68,2.9,3.22,7.03
00-0039387,Caelen Carson,DAL,CB,4.0,230,measured,9.1,15.03,15.72,14.03,6.89,15.09,11.8,9.43,5.36,9.02,5.74,10.9,15.75,5.24,17.6,4.19,4.64,2.47,3.85,4.87,3.92,2.14,2.84,2.65,1.17,1.62,2.07,3.4,2.04,2.19,2.39,3.67,4.51,3.56,1.82,2.74,3.36,5.96,13.56,16.77,5.49,5.49,10.23,5.01,4.78,3.19,3.48,1.0,11.44
00-0037747,Christian Matthew,DAL,CB,4.0,100,prior,8.9,14.69,15.57,14.07,6.63,14.99,11.8,7.73,8.45,11.48,9.94,16.42,10.04,12.18,7.21,14.38,2.92,2.54,3.46,4.13,3.99,2.52,2.7,4.12,4.63,3.75,2.31,4.29,2.12,4.15,3.63,3.47,3.96,3.34,5.25,1.96,3.64,7.16,11.44,15.46,5.43,5.43,10.15,4.44,2.65,3.08,2.85,3.91,11.06
00-0037275,DaRon Bland,DAL,CB,1.0,1268,measured,15.4,14.98,15.68,14.24,7.19,15.21,11.8,11.53,12.02,14.48,9.29,8.66,16.03,6.67,4.29,5.91,1.16,1.9,3.36,1.0,3.05,3.89,3.08,3.05,3.86,2.47,5.81,2.8,3.99,1.87,1.16,2.63,2.02,3.11,3.04,2.88,2.99,9.45,11.21,13.95,16.97,16.97,10.32,16.89,1.55,1.64,3.28,3.38,15.02
00-0038348,Josh Butler,DAL,CB,3.0,151,measured,9.6,14.83,15.5,13.56,6.53,14.72,11.8,9.52,9.97,8.76,8.54,10.22,6.84,12.99,11.05,11.39,3.58,2.29,3.56,2.12,4.38,4.55,2.68,4.16,4.75,3.23,3.41,3.53,1.77,2.94,4.72,1.5,3.99,3.84,3.62,3.34,2.02,6.17,14.01,16.65,6.64,6.64,10.12,4.8,3.36,3.26,3.29,2.25,12.61
00-0037242,Kaiir Elam,DAL,CB,1.0,576,measured,11.5,16.86,16.79,14.15,6.72,15.14,11.8,11.08,9.36,12.8,9.28,9.54,14.02,13.64,14.73,4.31,4.34,3.89,2.61,3.3,3.62,3.09,3.47,2.45,2.52,3.58,2.48,1.0,2.35,2.94,5.0,3.51,3.59,1.55,2.57,2.25,3.2,9.32,11.05,14.51,8.71,8.71,10.18,11.95,3.53,2.78,2.66,2.87,6.78
00-0039465,Reddy Steward,DAL,CB,2.0,18,prior,8.8,15.12,15.7,13.62,6.62,14.85,11.8,8.14,6.27,10.53,6.42,8.25,12.02,12.99,11.05,11.39,3.81,3.09,1.68,2.72,3.09,2.74,3.84,2.91,1.72,4.74,4.43,4.18,2.34,3.42,2.76,3.68,1.92,3.09,4.17,2.96,3.96,7.39,11.51,17.05,5.2,5.2,10.15,4.01,2.15,3.71,2.39,3.17,11.06
00-0036904,Robert Rochell,DAL,CB,,13,prior,8.8,16.39,18.13,16.58,4.5,19.4,11.8,9.46,9.81,11.5,8.14,12.04,6.26,17.5,11.05,15.07,2.39,3.42,1.28,2.32,5.58,1.74,2.32,4.68,2.61,2.24,2.56,4.86,4.11,4.05,3.87,2.13,2.68,2.15,4.34,3.94,1.82,7.25,11.34,17.17,4.12,4.12,9.51,4.07,2.1,4.36,2.3,3.24,6.54
00-0040008,Shavon Revel Jr.,DAL,CB,3.0,0,prior,9.3,15.0,15.89,14.2,6.44,15.15,11.8,7.76,9.15,10.24,4.56,10.94,9.85,10.4,11.05,11.39,2.93,3.62,1.03,4.22,3.0,2.07,2.09,2.01,3.28,3.17,2.9,3.88,2.74,4.69,4.24,1.51,2.01,2.5,4.05,3.99,2.73,6.33,11.17,14.7,5.94,5.94,10.09,5.96,5.14,3.4,1.07,1.17,8.12
00-0036361,Trevon Diggs,DAL,CB,1.0,1155,measured,13.8,14.96,15.76,14.36,7.02,15.27,11.8,12.95,11.09,15.21,9.14,10.35,10.9,4.91,17.74,8.35,2.24,4.77,1.44,2.08,2.42,1.0,3.66,1.33,3.02,3.18,3.82,3.04,1.82,2.59,4.75,1.08,1.01,3.49,1.15,2.63,3.49,1.7,5.22,10.52,14.16,14.16,10.27,16.7,1.69,4.39,2.83,2.64,9.52
00-0040251,Trikweze Bridges,DAL,CB,2.0,0,prior,9.8,14.97,15.87,14.33,6.63,15.23,11.8,9.82,10.21,8.92,4.85,7.25,10.17,10.4,11.05,11.39,2.51,2.43,2.7,4.0,4.2,5.0,3.02,1.37,1.95,4.72,4.49,2.22,3.42,1.13,3.79,3.73,1.69,2.17,3.8,3.59,4.54,7.05,11.51,14.67,7.01,7.01,10.15,5.95,5.21,3.24,2.74,1.01,13.6
00-0040044,Zion Childress,DAL,CB,,0,prior,8.9,15.04,15.64,13.92,7.08,15.04,11.8,7.54,5.35,8.39,5.42,9.15,11.0,10.4,11.05,11.39,2.52,4.08,2.59,2.77,3.0,2.1,2.61,3.69,1.0,3.08,2.94,3.12,2.4,2.08,3.3,5.03,3.12,3.03,2.38,1.21,2.43,7.23,12.31,15.25,5.24,5.24,10.29,4.53,4.19,4.25,3.59,3.68,14.19
00-0040019,Jay Toia,DAL,DT,3.0,0,prior,9.3,2.92,3.93,2.73,14.11,6.79,11.8,10.07,6.15,4.06,6.98,15.53,14.33,10.4,11.05,11.39,4.35,3.53,2.19,4.51,1.14,1.25,3.35,3.87,2.61,2.49,2.29,2.32,4.12,4.19,2.21,3.15,3.71,3.04,9.71,6.86,9.0,8.92,8.54,8.22,3.06,5.46,1.92,2.98,2.76,3.56,3.34,3.86,3.36
00-0033120,Kenny Clark,DAL,DT,1.0,1495,measured,13.4,5.19,5.26,5.77,14.77,7.52,11.8,13.59,10.52,11.73,13.07,10.97,14.01,11.93,14.06,8.13,1.66,3.91,4.58,3.53,4.43,2.9,2.59,3.42,2.69,1.92,4.02,3.16,3.77,2.81,3.26,3.3,1.12,3.65,16.15,13.88,14.69,12.99,9.52,4.58,2.85,3.73,3.72,2.55,1.19,2.95,3.51,2.13,3.13
00-0038545,Mazi Smith,DAL,DT,2.0,674,measured,9.2,3.32,4.41,3.54,17.09,7.17,11.8,8.05,5.44,5.41,7.93,14.3,13.1,14.69,11.05,15.42,4.95,3.29,3.43,3.08,3.51,3.5,3.46,4.51,4.6,3.22,1.0,3.77,3.8,1.98,3.81,1.99,3.82,2.44,11.93,8.17,6.81,5.8,7.59,8.59,1.51,4.65,3.93,3.52,2.39,2.64,1.5,2.99,2.8
00-0036942,Osa Odighizuwa,DAL,DT,1.0,1455,measured,13.4,7.79,9.18,8.11,13.39,11.47,11.8,11.04,13.81,8.88,10.25,12.5,8.6,17.5,11.05,14.38,4.11,4.14,2.9,2.25,3.47,3.54,2.58,2.96,1.77,3.3,1.38,5.23,2.32,3.6,2.8,1.86,3.06,3.22,15.33,14.43,14.59,12.6,11.35,9.16,2.25,1.64,2.19,2.46,2.91,1.7,2.42,2.29,3.39
00-0038126,Perrion Winfrey,DAL,DT,3.0,146,measured,9.0,8.13,8.96,7.9,12.69,10.48,11.8,9.08,9.27,9.31,9.07,13.51,11.06,12.06,14.43,11.39,1.87,1.84,3.64,4.1,2.49,3.38,2.93,1.0,3.77,3.51,3.63,3.14,2.48,3.48,3.54,3.08,1.63,2.71,7.91,7.37,8.37,8.89,8.41,11.35,4.97,1.0,2.07,4.09,2.69,3.83,2.75,2.06,3.61
00-0033870,Solomon Thomas,DAL,DT,2.0,882,measured,12.5,10.21,13.24,13.31,15.24,14.15,11.8,12.05,9.3,7.74,7.43,10.35,13.26,17.5,11.05,7.95,3.01,1.0,2.79,1.86,2.34,4.34,3.58,2.13,2.87,2.61,3.6,1.83,2.66,4.02,2.71,3.23,3.24,2.54,15.12,14.42,12.83,8.28,7.77,11.4,2.96,2.26,2.91,3.63,3.83,2.46,3.08,5.38,2.99
00-0038144,Adedayo Odeleye,DAL,EDGE,,0,prior,6.3,9.68,11.28,10.41,11.32,12.7,11.8,8.72,4.84,6.38,7.73,16.12,14.6,10.4,11.05,11.39,3.51,3.58,1.09,2.28,2.9,2.48,4.01,2.07,4.48,2.62,4.93,2.5,4.91,4.6,3.36,2.78,2.33,3.11,4.81,4.45,4.63,4.63,3.63,9.57,5.8,6.8,3.02,1.41,2.25,3.48,4.09,2.47,3.86
00-0032052,Dante Fowler Jr.,DAL,EDGE,1.0,834,measured,15.0,11.32,10.12,9.57,9.5,10.71,11.8,13.99,13.23,15.37,12.27,9.36,15.1,8.46,15.0,7.61,3.06,3.46,3.58,2.7,3.06,3.62,2.63,1.99,2.93,2.94,2.94,3.56,2.49,4.5,2.63,3.59,2.92,2.99,17.34,18.43,17.78,15.54,10.79,9.61,5.8,6.8,1.0,1.86,3.44,3.7,2.13,3.06,3.11
00-0040725,Donovan Ezeiruaku,DAL,EDGE,2.0,0,prior,9.4,11.38,12.43,14.75,11.33,14.06,11.8,7.91,8.44,6.03,4.24,11.51,16.84,10.4,11.05,11.39,2.79,1.64,3.37,4.09,5.21,1.0,3.26,3.6,3.92,3.14,2.36,3.31,3.95,2.92,2.01,3.17,1.12,2.88,8.72,8.95,7.76,7.89,8.18,12.12,5.8,6.8,2.78,3.78,2.62,2.9,3.32,4.32,2.22
00-0036855,Earnest Brown IV,DAL,EDGE,,111,measured,8.2,9.82,11.43,10.55,11.21,12.79,11.8,9.32,2.56,1.85,7.21,5.39,11.7,5.31,15.21,15.42,3.06,4.4,3.07,2.09,3.93,3.43,2.04,3.87,2.92,2.98,3.57,1.42,1.57,1.72,2.92,5.17,2.28,2.66,7.08,6.81,6.96,8.28,7.15,11.93,5.8,6.8,3.48,2.65,3.17,2.37,4.94,2.14,2.25
00-0038737,Isaiah Land,DAL,EDGE,,93,prior,8.5,13.61,14.83,13.96,9.38,14.64,11.8,10.06,9.3,10.05,8.05,12.89,10.39,14.69,11.05,11.39,3.45,2.97,1.92,1.6,2.01,2.47,3.84,2.64,3.77,1.12,1.68,2.06,2.87,3.53,1.66,4.3,3.45,2.71,5.61,7.31,6.82,7.87,7.04,13.96,5.8,6.8,2.05,1.14,4.51,3.64,3.67,3.03,3.52
00-0037310,James Houston,DAL,EDGE,3.0,206,measured,9.7,13.29,14.17,12.86,10.42,14.42,11.8,9.29,5.68,6.47,9.52,11.45,9.38,6.42,7.12,11.39,2.03,2.59,2.16,2.67,2.5,3.93,3.53,2.49,3.03,2.04,3.16,2.01,1.19,1.83,1.64,3.95,2.49,3.72,7.72,8.93,8.51,8.91,8.1,14.98,5.8,6.8,1.63,3.6,4.61,3.14,1.88,3.75,4.12
00-0039900,Marshawn Kneeland,DAL,EDGE,2.0,234,measured,8.6,10.0,11.75,14.2,10.67,14.06,11.8,7.95,7.82,9.59,7.04,10.36,12.16,7.13,15.98,15.42,2.8,6.37,2.64,4.14,3.36,2.92,1.28,3.17,2.33,1.0,4.42,3.25,3.64,2.25,2.17,2.79,2.47,3.52,8.03,8.01,7.02,7.57,6.49,10.68,5.8,6.8,2.42,3.76,1.0,3.7,1.97,2.77,3.4
00-0036926,Payton Turner,DAL,EDGE,4.0,393,measured,9.6,9.89,11.63,13.29,12.0,14.02,11.8,11.36,7.82,7.3,6.72,8.89,12.66,4.52,7.17,14.24,3.6,5.3,3.58,1.65,3.07,2.94,2.36,2.74,4.72,2.9,3.09,2.9,2.26,1.8,1.95,4.07,3.2,2.02,9.08,8.56,9.52,9.2,7.75,11.17,5.8,6.8,3.14,2.65,2.49,2.67,4.35,2.72,1.6
00-0037665,Sam Williams,DAL,EDGE,1.0,308,measured,13.6,15.24,15.45,10.62,11.35,13.2,11.8,10.34,12.97,11.42,12.27,9.72,14.56,12.35,14.43,13.83,3.88,2.65,2.64,3.11,3.79,2.99,2.15,3.5,1.64,2.86,3.79,2.78,3.39,3.19,5.4,4.59,3.51,3.91,11.65,13.23,14.6,15.24,12.81,11.78,5.8,6.8,4.4,2.91,2.7,1.82,2.54,3.04,3.76
00-0038738,Hunter Luepke,DAL,FB,1.0,375,measured,12.7,10.34,11.26,10.26,9.64,12.41,11.8,9.24,9.79,8.99,8.33,8.68,10.21,13.68,17.02,11.39,1.81,2.3,2.9,2.18,3.13,3.1,1.45,7.32,2.51,9.9,10.81,13.0,3.13,3.66,2.4,14.32,6.96,15.32,2.2,2.59,3.02,3.17,1.8,4.32,2.21,1.0,2.96,2.09,2.06,4.03,3.36,1.24,3.67
00-0037692,Brandon Aubrey,DAL,K,1.0,74,measured,18.6,9.48,10.4,9.49,9.64,11.7,11.8,14.98,19.7,19.73,9.14,11.21,13.53,14.69,11.05,11.39,1.58,2.24,4.19,1.68,3.54,4.46,2.96,1.0,3.69,1.13,2.13,1.49,2.64,3.59,3.35,3.05,2.91,2.42,4.03,2.4,4.4,2.42,4.23,1.76,4.15,4.48,3.57,4.24,18.87,18.3,2.7,3.3,3.6
00-0036870,Buddy Johnson,DAL,LB,,4,prior,8.8,11.93,12.91,12.78,10.64,13.6,11.8,9.16,4.35,6.08,9.08,11.74,4.98,11.82,6.94,14.49,2.0,1.26,4.9,1.98,3.28,2.11,2.08,1.75,3.81,2.39,4.75,3.31,3.18,4.34,2.37,3.62,2.89,2.71,14.45,14.34,5.13,6.63,8.94,12.48,4.14,5.64,4.38,2.05,1.53,2.53,4.87,2.49,3.74
00-0037281,Damone Clark,DAL,LB,1.0,821,measured,12.6,12.92,15.21,12.34,10.58,15.84,11.8,11.46,12.04,9.47,10.02,4.74,16.01,15.68,11.05,14.83,4.68,3.62,1.28,2.97,4.08,2.32,2.23,3.84,1.92,3.37,4.57,2.23,2.71,3.19,3.15,1.0,4.1,1.1,9.78,10.04,12.86,13.61,14.3,15.93,8.29,9.79,5.06,6.08,3.32,1.0,2.82,1.6,3.9
00-0038556,DeMarvion Overshown,DAL,LB,3.0,650,measured,11.6,13.11,14.57,12.44,7.5,13.94,11.8,8.87,10.71,7.96,7.24,8.63,14.38,7.76,15.98,11.39,4.51,2.13,2.58,2.2,3.85,2.25,5.09,1.0,3.75,2.73,2.49,3.7,4.34,2.72,3.1,3.63,3.59,2.81,12.58,13.98,8.78,10.35,12.51,13.49,11.1,12.6,2.34,12.21,2.81,3.12,1.42,4.85,1.31
00-0037109,Jack Sanborn,DAL,LB,1.0,617,measured,13.9,10.31,10.65,12.47,10.0,12.81,11.8,10.51,12.18,8.3,7.92,13.13,8.21,15.68,11.05,14.83,4.47,2.85,1.87,3.26,2.98,2.84,2.64,3.36,2.17,4.39,2.35,2.66,2.05,3.63,2.57,2.48,1.58,3.04,14.09,13.63,16.44,16.91,17.09,14.32,9.16,10.66,1.68,6.18,1.72,2.24,2.53,2.5,4.33
00-0040043,Justin Barron,DAL,LB,,0,prior,11.7,12.43,13.75,13.53,9.41,13.92,11.8,8.26,7.08,6.13,7.21,15.68,9.17,10.4,11.05,11.39,3.3,2.02,2.49,3.53,3.96,2.03,2.06,2.71,1.0,2.26,2.6,3.2,2.66,1.55,1.31,1.6,3.48,3.58,6.7,7.19,13.17,12.69,13.24,15.64,8.96,10.46,2.06,9.27,2.63,3.62,4.53,1.88,3.74
00-0036441,"Kenneth Murray, Jr.",DAL,LB,1.0,1671,measured,11.7,13.85,16.11,12.54,10.67,16.84,11.8,10.19,7.43,10.16,10.16,10.87,12.54,14.31,6.32,8.23,2.28,3.19,2.83,2.39,3.27,1.37,2.36,3.39,3.54,1.6,2.37,4.1,1.22,2.76,3.37,1.55,3.08,2.3,11.88,12.43,7.21,8.62,11.01,14.2,14.37,15.87,3.81,10.52,2.81,2.83,2.58,2.79,3.68
00-0039352,Marist Liufau,DAL,LB,2.0,471,measured,10.3,11.69,12.8,12.74,10.58,13.59,11.8,9.06,5.58,12.36,7.95,12.26,14.44,12.99,11.05,15.42,3.11,1.0,3.77,1.78,2.89,3.47,2.46,1.88,3.29,3.11,2.95,3.42,1.12,3.59,3.11,3.65,2.82,2.57,13.65,13.48,8.9,9.7,8.25,11.26,10.64,12.14,3.34,6.33,3.59,3.93,2.38,3.27,3.82
00-0040011,Shemar James,DAL,LB,2.0,0,prior,10.4,10.92,11.71,12.88,10.38,12.14,11.8,7.68,9.04,8.27,6.43,13.01,4.91,10.4,11.05,11.39,1.55,5.05,2.58,4.89,2.47,3.35,1.83,4.52,3.49,3.08,4.5,1.87,3.76,3.97,3.82,3.74,1.55,4.24,7.29,6.92,10.14,11.44,11.3,12.97,8.77,10.27,2.63,5.98,1.85,3.78,2.58,2.54,4.65
00-0034198,Trent Sieg,DAL,LS,1.0,2,prior,9.1,9.75,10.61,9.95,9.53,11.8,13.99,11.86,7.27,7.12,12.86,8.18,10.04,17.5,11.05,11.39,4.63,1.0,2.83,2.44,4.61,2.37,3.7,3.57,1.92,1.68,4.05,2.88,3.17,2.78,4.41,3.53,4.14,2.68,4.48,3.96,1.9,4.45,1.78,3.84,4.18,1.6,1.9,2.7,1.97,3.58,1.82,1.21,3.79
00-0036596,Robert Jones,DAL,OG,3.0,1426,measured,10.9,1.6,4.07,4.22,13.21,7.89,11.8,11.33,10.35,9.74,6.23,9.27,8.91,8.02,13.76,6.31,1.42,2.46,2.62,2.6,2.48,3.73,5.61,4.01,3.56,2.2,2.34,3.46,2.17,1.68,2.05,8.72,14.55,4.13,2.31,5.55,1.28,3.24,2.58,3.01,2.71,2.18,4.05,3.06,4.62,2.93,1.76,4.1,3.31
00-0038731,TJ Bass,DAL,OG,2.0,506,measured,12.6,3.83,5.5,5.06,12.97,8.26,11.8,10.38,9.88,11.63,6.82,16.97,14.63,12.32,14.99,5.91,3.52,2.64,2.28,2.78,5.24,3.86,3.8,2.61,2.85,3.44,2.12,2.6,2.64,4.11,3.93,12.19,16.06,2.79,2.21,3.82,2.92,5.43,3.33,1.49,1.87,2.35,2.91,3.95,4.0,4.38,2.23,3.66,2.47
00-0039310,Trevor Keegan,DAL,OG,2.0,33,prior,10.0,3.4,5.7,5.26,12.95,9.75,11.8,8.12,9.36,7.0,6.34,7.98,12.66,12.99,11.05,11.39,5.12,2.4,2.97,6.4,1.76,4.23,2.64,4.46,3.08,3.22,2.0,1.19,2.07,2.72,1.28,10.75,9.49,3.25,2.61,1.44,2.04,3.76,3.98,2.22,3.18,3.47,2.54,3.82,3.23,4.42,4.0,3.46,2.25
00-0040007,Tyler Booker,DAL,OG,1.0,0,prior,12.0,1.3,2.01,3.69,13.19,6.41,11.8,10.15,7.71,9.78,7.92,6.85,8.4,10.4,11.05,11.39,5.02,4.05,2.65,2.92,3.14,2.27,2.41,2.14,2.64,2.56,2.53,4.24,2.99,3.18,3.73,16.39,9.98,4.02,2.49,3.15,3.11,2.45,5.02,2.08,2.64,2.46,4.04,3.36,3.58,2.34,3.45,2.77,2.48
00-0037243,Tyler Smith,DAL,OG,1.0,2046,measured,12.6,6.4,6.8,6.0,12.99,7.99,11.8,9.06,11.05,10.8,10.03,15.05,6.93,12.63,6.99,4.69,4.02,3.55,1.64,2.7,2.32,5.23,3.81,3.88,3.05,4.55,3.17,2.46,2.18,2.88,3.44,17.49,9.73,2.93,3.31,2.5,2.57,1.22,2.66,2.2,2.04,1.97,1.75,3.35,1.18,3.54,2.92,3.49,2.31
00-0040017,Ajani Cornelius,DAL,OT,3.0,0,prior,10.6,4.9,6.62,5.47,12.75,9.09,11.8,6.02,5.9,6.41,7.42,6.28,12.05,10.4,11.05,11.39,1.22,1.75,1.86,3.04,1.0,2.73,3.61,2.03,4.34,2.35,4.7,5.33,2.37,1.47,3.5,12.49,11.19,3.94,2.87,2.84,3.59,1.28,1.05,2.4,1.3,2.28,3.99,1.68,3.56,3.55,2.95,1.0,3.93
00-0034817,Geron Christian,DAL,OT,,418,measured,13.5,1.71,4.59,4.74,9.5,8.3,11.8,12.74,13.82,12.5,11.76,7.87,14.55,11.93,7.36,7.74,2.47,4.22,3.47,1.51,2.68,3.83,4.12,1.99,2.75,1.68,3.44,2.96,2.75,4.55,3.99,14.43,17.95,4.21,3.85,3.0,1.0,2.86,2.86,3.56,1.85,3.25,4.54,2.06,2.03,3.18,4.01,3.09,4.25
00-0036310,Hakeem Adeniji,DAL,OT,2.0,92,prior,12.0,4.4,7.95,5.93,13.39,12.73,11.8,13.64,8.37,7.83,7.51,15.02,10.26,14.15,11.05,14.14,2.36,3.2,1.68,3.07,2.31,2.58,2.47,2.87,2.9,2.07,2.58,3.7,1.53,4.27,3.3,12.68,12.94,3.37,3.55,3.71,3.37,2.59,3.45,4.44,4.58,2.37,1.06,3.03,3.89,3.91,4.65,4.34,3.75
00-0039422,Nathan Thomas,DAL,OT,2.0,0,prior,9.2,4.13,6.07,3.44,11.26,6.6,11.8,7.29,6.4,6.35,6.43,14.67,13.57,10.4,11.05,11.39,3.16,3.71,2.45,2.32,3.85,3.9,1.96,3.5,2.21,2.23,1.39,2.28,3.74,4.92,1.09,8.95,11.07,4.02,3.61,1.97,1.21,4.44,2.28,1.82,3.4,4.02,4.73,3.25,3.0,4.9,3.96,1.87,1.22
00-0036036,Terence Steele,DAL,OT,1.0,2163,measured,14.4,6.18,6.85,3.7,13.85,8.04,11.8,12.94,12.13,10.89,9.94,9.95,12.75,17.5,11.05,14.38,2.39,2.25,4.23,1.68,3.71,2.33,2.49,2.59,3.47,1.14,1.14,4.22,2.74,2.26,4.96,18.04,16.12,1.99,2.62,2.72,3.34,3.38,3.63,2.24,1.66,1.9,3.81,2.88,3.99,2.37,2.92,4.58,3.09
00-0039341,Tyler Guyton,DAL,OT,1.0,610,measured,12.0,4.13,6.07,7.3,10.84,11.97,11.8,9.27,8.76,4.73,8.41,12.53,13.65,12.99,11.05,7.95,4.54,1.93,3.45,3.79,3.32,2.7,5.36,3.38,1.74,3.65,3.07,2.76,2.58,4.29,3.49,13.37,13.97,4.18,3.48,2.74,2.15,4.55,3.48,2.75,1.77,3.25,2.68,4.07,2.42,1.78,3.87,2.0,2.09
00-0029692,Bryan Anger,DAL,P,1.0,90,measured,12.7,5.41,7.0,7.0,9.83,9.4,12.96,13.38,8.3,8.89,14.69,7.05,13.06,17.5,11.05,7.88,2.3,4.09,3.21,1.36,2.32,1.0,3.08,2.13,3.96,1.75,3.52,2.52,4.19,4.72,1.0,3.9,3.97,1.95,3.19,2.87,2.63,2.98,3.0,4.73,2.98,3.98,2.38,3.68,3.39,4.32,14.97,10.35,2.06
00-0033077,Dak Prescott,DAL,QB,1.0,1522,measured,13.9,8.03,9.3,11.09,9.76,11.0,11.8,13.44,13.75,13.97,17.85,10.95,10.22,6.44,4.7,6.61,13.29,12.23,17.17,19.81,15.02,9.16,12.42,13.84,3.13,6.92,2.88,1.72,3.12,4.64,2.64,4.31,2.82,3.79,3.13,2.94,3.26,2.35,1.95,4.29,3.67,3.98,3.73,3.45,2.82,1.34,3.46,2.9,2.71
00-0039398,Joe Milton III,DAL,QB,2.0,53,prior,8.1,8.87,11.68,11.54,9.76,14.01,11.8,8.81,7.9,7.33,9.38,5.77,9.54,12.99,11.05,11.39,5.24,8.21,6.99,5.39,5.34,14.64,9.7,7.18,4.02,1.0,3.21,3.92,2.67,3.89,1.73,2.98,4.02,4.08,2.63,1.69,3.95,2.72,1.0,2.74,2.93,4.1,1.66,2.77,3.81,2.43,2.25,2.88,4.17
00-0035251,Will Grier,DAL,QB,,0,prior,6.3,7.95,8.55,12.07,9.76,11.61,11.8,7.05,5.47,3.95,9.92,11.68,12.63,10.4,11.05,7.74,4.7,4.72,6.55,4.72,4.72,14.93,4.68,3.68,3.47,1.0,1.81,1.65,2.41,2.49,3.18,2.0,4.18,4.46,2.73,1.86,2.56,3.83,3.84,2.44,1.67,2.93,2.18,3.47,2.75,4.22,2.73,2.06,2.25
00-0036997,Javonte Williams,DAL,RB,1.0,911,measured,10.3,13.29,14.42,15.44,11.33,14.95,11.8,11.54,5.04,8.52,11.58,5.48,9.87,17.5,11.05,8.02,3.9,2.87,3.38,4.53,3.65,3.6,5.8,11.82,7.55,9.73,8.0,7.4,3.72,13.19,13.57,1.4,7.3,2.4,4.62,4.64,4.08,2.57,3.19,2.29,3.45,3.88,1.0,2.82,4.54,2.96,3.11,2.81,10.22
00-0040586,Jaydon Blue,DAL,RB,3.0,0,prior,10.6,17.09,15.76,13.12,8.23,13.66,11.8,10.34,4.51,11.58,7.87,11.82,9.24,10.4,11.05,11.39,2.67,3.95,3.04,2.03,2.41,2.28,4.2,12.69,7.95,7.33,7.17,12.05,4.45,6.89,6.48,2.19,4.82,3.19,3.94,1.0,2.89,3.9,3.05,1.87,2.08,2.49,1.69,3.47,2.88,2.62,1.42,2.23,11.31
00-0037563,Malik Davis,DAL,RB,,32,prior,9.0,13.81,14.06,12.73,8.61,13.69,11.8,9.7,8.11,6.89,7.54,7.89,10.21,13.75,11.05,11.39,3.13,4.42,3.0,3.87,5.13,2.52,2.05,13.6,5.8,5.86,5.06,7.84,2.91,7.38,6.76,2.4,6.55,3.4,2.61,2.88,1.03,2.15,1.92,3.31,2.01,3.49,1.71,1.6,2.61,3.1,3.59,2.66,12.94
00-0035243,Miles Sanders,DAL,RB,2.0,760,measured,12.2,14.43,15.21,15.04,10.0,14.99,11.8,12.52,9.06,8.51,11.13,10.23,13.4,6.1,17.53,17.02,3.43,2.83,1.77,3.87,2.34,2.88,4.39,10.85,13.3,8.89,13.25,10.5,4.26,6.79,7.53,1.13,5.21,2.13,3.26,2.99,4.93,3.66,1.0,2.58,3.36,1.99,3.59,2.85,2.04,1.0,3.54,4.73,14.54
00-0040021,Phil Mafah,DAL,RB,4.0,0,prior,9.8,12.86,13.71,11.6,9.86,13.75,11.8,8.17,3.14,6.63,4.4,8.02,8.75,10.4,11.05,11.39,3.04,2.1,3.97,2.66,3.41,4.11,4.0,11.64,8.26,7.05,7.37,12.88,4.28,6.88,6.46,2.17,4.83,3.17,2.91,2.61,2.64,3.59,3.1,2.13,1.46,4.07,2.61,3.41,2.06,2.8,2.18,3.81,9.12
00-0035301,Donovan Wilson,DAL,S,1.0,1793,measured,12.7,12.63,14.61,13.63,9.0,14.8,11.8,14.33,9.07,9.23,10.21,12.58,9.81,7.46,6.17,13.96,3.8,3.75,2.05,1.74,3.77,2.06,4.32,1.0,1.61,1.83,2.69,2.92,3.05,3.11,2.91,3.66,3.46,1.91,3.78,3.53,4.46,13.27,14.88,10.29,12.07,13.07,9.56,9.17,2.65,4.3,3.16,4.31,10.15
00-0037578,Juanyeh Thomas,DAL,S,2.0,206,measured,10.1,13.29,14.17,14.28,8.5,13.72,11.8,10.39,7.67,10.18,8.29,6.24,11.67,8.05,14.58,7.43,2.39,4.08,3.36,2.18,3.78,3.48,3.63,3.57,2.8,3.0,3.32,1.0,1.0,4.36,2.72,3.79,2.25,3.37,2.72,2.41,3.52,8.13,10.0,9.81,8.64,9.64,9.41,10.14,1.88,3.73,2.34,6.69,17.29
00-0033877,Malik Hooker,DAL,S,1.0,1870,measured,11.5,13.01,14.16,13.97,8.48,14.74,11.8,12.82,11.84,7.33,12.37,7.81,10.99,11.93,13.72,7.5,2.86,3.18,3.59,3.83,2.52,2.67,3.83,2.07,1.96,2.88,1.26,3.45,3.54,4.1,1.68,2.5,3.71,3.31,3.54,6.19,1.11,8.25,6.34,9.55,12.73,13.73,9.4,12.42,2.87,3.06,4.18,3.45,2.83
00-0037561,Markquese Bell,DAL,S,2.0,455,measured,11.9,13.91,15.79,14.16,8.3,15.4,11.8,11.02,11.86,11.31,8.43,18.07,10.82,7.34,18.06,11.39,3.89,3.63,4.49,2.09,4.05,1.76,3.55,4.01,2.08,3.54,1.0,4.51,1.0,1.39,2.92,2.51,3.53,2.55,2.94,4.58,4.43,15.28,18.14,11.2,8.32,9.32,9.35,8.78,2.93,1.43,1.78,2.21,15.93
00-0039530,Brevyn Spann-Ford,DAL,TE,3.0,271,measured,11.9,9.73,10.87,10.91,10.37,11.65,11.8,7.29,8.69,9.0,4.97,12.32,12.68,12.99,11.05,11.39,3.82,1.9,2.49,2.89,4.5,1.79,3.29,14.14,1.88,11.16,14.95,9.55,8.37,13.6,14.65,14.18,11.02,10.9,1.35,4.46,4.23,4.44,3.26,3.0,5.0,2.11,2.65,2.1,1.66,4.41,3.06,1.89,3.74
00-0038041,Jake Ferguson,DAL,TE,1.0,1322,measured,12.5,9.2,11.1,11.83,7.5,11.95,11.8,8.36,12.19,11.96,10.39,10.01,15.14,12.14,13.88,15.11,2.33,2.23,1.93,4.12,2.51,3.81,4.05,4.32,3.55,13.33,17.12,10.35,11.15,15.49,14.15,14.04,12.6,10.76,1.52,3.46,2.03,2.35,2.37,3.56,3.57,4.53,3.06,2.11,3.26,4.45,3.63,3.21,1.49
00-0038741,John Stephens Jr.,DAL,TE,4.0,0,prior,7.8,11.73,12.47,11.67,7.97,13.09,11.8,8.37,7.81,8.09,8.52,7.81,8.81,4.21,13.85,5.91,2.48,2.64,2.17,1.94,3.82,3.86,4.14,18.39,3.34,2.02,5.81,6.32,6.82,5.3,5.3,9.36,10.86,6.08,1.0,3.58,2.82,4.52,2.56,3.33,2.43,3.97,3.67,4.57,1.93,4.27,2.4,3.6,1.65
00-0038547,Luke Schoonmaker,DAL,TE,2.0,600,measured,11.3,11.85,14.64,12.63,9.3,14.2,11.8,9.5,7.52,6.54,10.08,10.94,7.63,14.69,11.05,11.39,1.9,2.77,3.76,2.1,5.11,2.16,2.87,15.07,3.98,6.58,10.37,14.34,12.31,8.64,8.1,9.78,15.69,6.5,3.77,2.66,3.14,3.69,3.45,3.77,1.6,2.18,1.81,2.55,2.79,3.05,3.91,2.29,1.24
00-0038735,Princeton Fant,DAL,TE,,7,prior,7.9,11.17,12.26,11.94,8.76,13.18,11.8,8.4,7.39,5.85,6.81,7.0,11.03,14.69,11.05,11.39,2.25,3.62,2.18,2.97,3.6,2.85,3.79,17.31,3.62,2.09,5.87,6.36,6.86,5.37,5.37,9.74,10.77,6.46,2.73,2.14,4.17,2.22,1.2,3.28,4.11,4.1,1.05,2.26,1.95,3.52,2.67,3.82,3.41
00-0040046,Rivaldo Fairweather,DAL,TE,,0,prior,10.4,10.73,11.95,12.04,9.3,13.05,11.8,8.6,10.9,8.92,4.89,7.46,7.71,10.4,11.05,11.39,2.64,3.97,2.18,2.24,3.63,3.46,2.69,13.6,3.32,12.23,16.02,9.46,9.06,9.21,9.72,10.97,10.38,7.69,3.71,2.64,3.96,2.42,5.42,3.69,3.6,2.93,2.04,2.68,1.98,2.09,3.42,3.19,2.13
00-0036358,CeeDee Lamb,DAL,WR,1.0,1829,measured,15.5,14.31,15.21,14.4,5.5,14.22,11.8,11.85,11.04,12.62,10.42,6.02,14.08,13.94,15.38,16.74,2.75,5.14,3.09,2.53,2.94,2.27,2.96,11.87,14.72,14.39,13.08,14.53,15.48,17.36,16.35,2.23,3.84,2.46,3.86,3.12,3.15,3.52,3.67,4.48,3.36,3.14,1.0,1.99,1.59,3.12,2.99,1.84,11.6
00-0037247,George Pickens,DAL,WR,1.0,1693,measured,11.8,15.01,15.82,14.06,6.32,13.7,11.8,11.81,9.63,13.42,9.61,8.07,9.75,12.26,6.5,5.91,3.81,4.33,1.23,3.29,2.56,3.55,2.14,9.79,10.17,7.79,6.48,9.4,13.55,10.59,9.67,2.82,2.2,3.33,2.62,4.17,2.57,3.43,2.22,2.26,3.35,2.96,3.33,2.5,4.2,2.41,2.8,2.97,10.57
00-0038640,Jalen Brooks,DAL,WR,,376,measured,8.4,10.92,14.76,12.08,7.25,15.18,11.8,10.09,7.15,7.93,8.81,12.87,9.68,12.02,15.98,17.41,3.68,3.66,3.89,4.78,4.73,3.67,2.71,7.37,6.57,10.69,9.39,7.38,6.71,4.94,6.7,4.2,5.07,3.29,1.63,3.85,1.51,4.41,3.35,2.25,1.98,3.26,3.34,2.86,4.04,2.29,4.18,2.51,8.1
00-0038740,Jalen Cropper,DAL,WR,,12,prior,8.4,15.54,15.58,14.63,5.6,14.43,11.8,8.7,4.26,7.91,6.22,5.16,10.97,12.99,11.05,11.39,3.58,1.48,1.28,3.34,1.77,3.73,1.34,10.54,5.26,12.68,11.37,6.44,3.89,3.96,4.16,2.84,4.87,5.41,2.12,4.91,3.45,3.45,3.24,2.41,5.29,1.14,4.34,4.22,2.52,4.95,2.27,3.76,14.05
00-0037666,Jalen Tolbert,DAL,WR,1.0,1174,measured,10.9,14.54,15.08,12.95,6.57,14.95,11.8,11.1,9.25,10.85,8.96,9.78,11.22,15.68,11.05,17.02,4.1,2.22,4.07,3.03,3.35,3.08,3.0,14.74,6.79,9.37,8.06,11.8,10.89,7.64,7.26,3.25,2.75,4.29,3.52,2.31,3.2,4.29,2.98,3.18,2.09,2.85,1.0,2.98,2.4,1.34,1.0,4.46,13.15
00-0039062,Jonathan Mingo,DAL,WR,2.0,1029,measured,9.6,15.24,16.85,12.64,11.33,17.5,11.8,8.83,8.93,9.78,6.47,9.08,10.77,14.69,11.05,6.88,3.0,1.83,1.81,2.18,3.92,3.18,3.05,6.56,4.06,7.36,6.05,4.22,7.05,8.52,9.56,3.59,4.27,1.1,2.33,4.59,1.87,1.03,2.63,1.8,3.39,1.0,2.24,2.43,1.87,2.19,1.86,1.42,10.21
00-0037801,KaVontae Turpin,DAL,WR,2.0,402,measured,13.2,16.02,15.55,14.83,4.91,13.9,11.8,12.91,8.94,9.53,9.28,10.05,10.57,15.68,11.05,7.57,4.02,2.53,2.05,2.24,1.64,3.59,3.76,5.41,12.58,15.24,13.93,6.22,6.84,15.83,18.2,2.54,2.97,4.59,2.97,3.25,3.47,2.75,3.17,4.17,2.29,2.81,2.59,2.59,3.11,2.85,2.96,2.89,17.31
00-0039410,Ryan Flournoy,DAL,WR,,144,measured,9.8,15.7,17.59,13.81,9.5,17.78,11.8,8.78,7.79,7.94,5.99,14.15,9.8,12.99,11.05,11.39,4.24,2.76,3.01,1.33,3.74,2.57,3.06,6.81,6.74,11.23,9.93,6.9,4.77,7.78,7.01,3.77,3.69,2.98,2.28,3.6,3.91,3.79,2.8,1.0,2.97,4.07,3.49,2.36,3.35,1.63,2.79,2.83,10.15
00-0040048,Traeshon Holden,DAL,WR,,0,prior,9.5,12.92,14.22,13.62,6.95,12.98,11.8,9.91,9.34,9.05,6.46,10.94,14.36,10.4,11.05,11.39,3.6,4.37,3.15,3.49,1.81,2.0,4.77,7.11,7.71,12.37,11.07,6.32,6.75,8.0,8.16,3.58,5.15,3.32,2.54,3.73,3.28,3.28,2.57,2.43,3.24,1.71,3.31,4.36,4.96,2.59,2.74,3.13,8.54
00-0038649,Alex Forsyth,DEN,C,2.0,266,measured,11.1,3.89,3.52,6.48,12.29,1.99,11.8,8.23,8.8,8.05,7.56,7.62,14.97,12.99,11.05,11.39,2.36,3.48,1.71,2.81,3.26,3.57,3.02,2.71,3.13,2.51,3.54,2.47,2.87,1.76,4.38,10.51,13.93,4.37,4.0,2.34,3.67,3.16,4.4,3.04,2.26,4.08,3.57,3.15,2.28,1.37,4.29,4.4,2.13
00-0037278,Luke Wattenberg,DEN,C,1.0,830,measured,15.0,4.0,7.25,8.48,13.53,9.92,11.8,12.49,13.96,9.97,7.48,9.05,13.8,11.85,16.67,15.42,2.33,1.0,1.29,4.76,2.87,3.17,1.36,2.89,2.02,2.73,3.49,4.11,3.14,4.32,2.62,15.05,19.06,3.7,2.93,2.09,3.18,2.75,4.04,1.32,1.5,2.01,3.84,2.24,3.33,2.71,3.42,3.91,4.25
00-0037384,Ja'Quan McMillian,DEN,CB,1.0,1269,measured,12.3,15.11,15.61,13.6,6.96,14.87,11.8,10.52,8.7,13.7,9.86,7.94,10.86,15.68,11.05,11.39,1.17,2.82,2.95,5.48,1.89,1.2,3.71,2.02,2.35,1.71,1.32,1.92,3.36,1.59,2.51,4.07,2.14,1.97,3.19,3.24,2.9,11.51,14.94,13.54,11.38,11.38,10.25,10.02,3.73,2.42,1.61,2.12,18.1
00-0040450,Jaden Robinson,DEN,CB,,0,prior,8.9,15.05,15.74,13.94,6.75,15.03,11.8,8.0,6.56,9.7,2.93,7.87,10.89,10.4,11.05,11.39,4.46,2.7,2.0,2.65,3.43,3.35,4.12,3.07,5.25,1.54,3.47,1.0,1.0,1.94,3.3,3.6,4.69,1.33,2.13,2.7,3.98,7.23,12.31,15.25,5.24,5.24,10.19,4.53,2.67,2.53,3.58,2.55,14.19
00-0040720,Jahdae Barron,DEN,CB,2.0,0,prior,10.8,16.86,16.32,13.83,6.95,14.29,11.8,9.85,9.16,7.36,7.43,12.01,8.5,10.4,11.05,11.39,4.56,4.17,2.93,2.45,4.43,4.91,2.49,3.61,2.86,3.49,2.74,3.48,2.34,4.68,3.49,1.75,2.38,3.34,4.22,3.47,3.25,4.85,8.06,14.84,8.32,8.32,10.25,8.19,3.07,2.79,3.15,2.95,5.66
00-0039371,Kris Abrams-Draine,DEN,CB,2.0,113,measured,9.9,15.7,16.01,13.62,6.62,13.82,11.8,10.21,9.05,7.59,6.45,14.32,10.77,12.99,11.05,11.39,2.58,4.25,1.78,4.32,3.15,3.44,1.47,1.8,3.66,1.17,3.22,2.98,1.85,2.34,4.01,3.01,3.55,2.43,2.93,2.23,4.41,5.29,8.69,14.86,7.34,7.34,10.15,6.14,1.81,2.13,3.11,3.93,9.75
00-0036874,Pat Surtain II,DEN,CB,1.0,2067,measured,14.0,16.16,17.67,14.38,9.0,17.46,11.8,12.86,12.12,11.78,9.73,14.08,12.7,14.36,16.93,16.0,1.67,3.15,3.19,3.44,3.26,4.31,3.32,3.24,3.21,2.12,3.18,2.39,3.06,2.81,2.92,1.0,2.43,4.57,3.07,3.92,3.81,7.81,2.36,10.16,14.26,14.26,10.86,15.72,1.5,3.45,4.07,2.67,5.84
00-0038521,Reese Taylor,DEN,CB,,0,prior,8.3,15.1,15.5,13.62,7.34,14.9,11.8,9.32,8.4,7.2,7.18,15.24,12.72,12.99,11.05,11.39,2.0,3.76,1.44,3.6,2.06,2.49,2.91,3.01,4.91,2.77,4.45,2.78,4.08,4.32,4.19,2.65,3.29,2.81,3.5,1.46,3.82,8.59,12.38,17.4,3.93,3.93,10.37,3.93,2.82,3.78,2.69,3.62,7.03
00-0038552,Riley Moss,DEN,CB,1.0,776,measured,13.6,15.47,16.56,13.99,6.83,17.04,11.8,10.9,16.38,13.0,9.9,11.8,13.99,12.02,13.77,6.88,3.66,3.16,4.03,2.48,1.65,2.44,3.06,2.48,3.23,3.62,2.98,3.92,3.28,3.7,3.6,3.29,1.83,2.12,1.99,2.11,1.72,10.31,14.04,17.06,14.01,14.01,10.21,10.1,2.64,4.45,2.81,3.54,12.46
00-0033297,D.J. Jones,DEN,DT,1.0,1023,measured,10.6,5.21,6.35,5.52,12.92,8.03,11.8,12.47,9.01,12.72,9.9,14.12,10.98,6.89,18.58,16.28,4.34,2.57,2.29,2.15,1.51,3.07,2.88,2.66,2.78,2.56,2.51,1.19,3.99,4.49,1.96,2.53,2.95,4.47,7.4,5.76,9.32,14.67,16.85,4.7,3.24,4.47,3.96,3.03,2.09,3.74,3.1,3.45,3.77
00-0038106,Eyioma Uwazurike,DEN,DT,2.0,121,measured,8.8,7.29,7.64,8.98,11.73,11.27,11.8,10.46,7.73,7.98,6.11,7.37,10.99,14.15,11.05,7.37,1.9,3.62,3.19,3.77,3.06,3.46,2.91,1.74,2.42,2.07,3.71,3.14,3.24,1.0,2.73,1.66,1.5,2.76,7.87,7.38,6.63,8.74,13.31,12.7,3.53,4.46,3.19,2.64,5.22,2.69,3.12,5.76,3.79
00-0034805,John Franklin-Myers,DEN,DT,1.0,1171,measured,15.1,9.67,9.92,9.32,13.39,11.73,11.8,11.65,13.96,15.84,12.26,11.58,7.08,17.5,11.05,17.85,1.22,2.12,2.95,3.73,4.22,1.35,3.23,5.52,1.1,2.79,3.61,3.67,4.25,2.29,2.35,1.7,2.52,1.76,16.56,16.42,16.85,16.37,10.84,5.63,3.43,2.8,2.48,3.64,2.92,5.2,2.91,3.08,1.94
00-0037294,Jordan Jackson,DEN,DT,2.0,267,measured,7.7,7.32,8.88,8.65,12.22,10.89,11.8,9.1,7.28,6.63,8.23,14.15,12.35,12.99,11.05,11.39,1.45,2.57,1.99,3.28,3.67,2.67,1.98,3.83,1.77,5.68,1.21,2.72,4.43,1.92,2.64,2.1,4.38,1.33,7.98,7.33,6.32,6.06,5.38,11.0,3.56,3.81,2.91,1.0,3.48,3.99,1.84,4.64,1.53
00-0039570,Jordan Miller,DEN,DT,,0,prior,6.2,5.69,6.93,6.13,13.29,9.19,11.8,7.91,5.05,6.24,5.8,13.96,17.52,10.4,11.05,11.39,2.53,3.72,1.52,2.94,1.46,2.88,4.51,4.22,3.81,3.32,3.14,4.44,2.72,3.29,1.99,2.47,3.04,4.14,4.84,3.24,4.79,5.15,3.79,12.45,3.75,3.68,2.8,4.14,4.03,2.84,2.29,3.63,3.36
00-0040454,Kristian Williams,DEN,DT,4.0,0,prior,9.1,6.64,7.88,6.84,13.56,10.14,11.8,8.04,6.09,6.64,5.45,13.5,12.32,10.4,11.05,11.39,3.26,2.41,4.34,2.47,2.26,5.16,3.55,2.67,1.67,2.41,2.61,3.5,2.59,2.56,4.05,3.48,2.78,4.01,8.17,6.81,8.39,8.91,8.59,9.62,2.03,3.71,4.03,3.21,2.46,2.88,4.06,3.3,3.95
00-0035763,Malcolm Roach,DEN,DT,2.0,753,measured,12.7,8.8,9.9,7.58,10.0,10.3,11.8,12.18,11.48,15.11,9.33,12.46,11.57,12.52,14.18,16.78,1.19,4.05,2.37,3.2,3.35,3.31,4.23,2.67,2.75,2.94,4.33,3.35,4.13,2.84,2.21,2.56,3.22,4.73,9.6,10.24,14.04,17.5,15.96,10.41,3.75,2.29,2.69,3.99,3.25,2.03,2.16,2.54,2.46
00-0037303,Matt Henningsen,DEN,DT,3.0,241,measured,9.1,6.92,8.25,7.5,13.11,10.44,11.8,9.3,5.21,7.22,8.43,10.94,10.88,13.75,11.05,11.39,4.44,2.77,3.71,1.43,2.99,3.66,1.42,3.52,4.4,1.0,2.62,3.04,2.62,1.27,1.87,4.27,3.63,5.72,8.09,6.98,8.19,8.88,10.26,10.34,3.24,1.68,4.44,2.97,3.83,2.28,4.23,3.65,2.0
00-0040153,Sai'vion Jones,DEN,DT,3.0,0,prior,9.5,7.7,10.6,9.08,9.5,12.86,11.8,8.56,7.61,7.39,6.49,14.44,12.95,10.4,11.05,11.39,3.52,1.36,4.27,4.32,4.1,3.45,2.89,2.88,4.48,2.24,2.52,3.29,2.09,3.23,4.01,2.84,1.0,2.97,9.56,9.99,9.75,9.11,8.46,10.2,3.25,3.42,4.58,3.74,4.25,3.11,3.18,2.83,3.2
00-0035248,Zach Allen,DEN,DT,1.0,1749,measured,16.0,6.65,8.32,10.56,12.46,11.39,11.8,13.76,15.04,13.08,9.12,7.98,6.12,8.04,4.25,7.32,1.34,4.5,4.15,2.39,2.85,3.32,1.56,2.03,3.22,2.92,3.61,1.92,4.33,3.71,1.0,1.58,2.31,3.94,18.15,17.55,19.04,17.29,13.39,5.71,4.77,2.6,2.72,2.78,2.27,3.35,2.58,2.24,2.14
00-0037799,Dondrea Tillman,DEN,EDGE,2.0,225,measured,10.0,11.56,12.96,11.98,10.37,13.66,11.8,12.09,6.75,8.79,7.86,10.99,8.17,12.99,11.05,11.39,2.12,1.85,2.8,5.37,1.0,1.64,1.78,3.52,1.95,3.11,2.09,2.21,4.44,3.09,5.49,2.3,3.53,2.01,9.13,9.76,7.46,8.89,12.63,11.51,5.8,6.8,3.32,4.04,2.39,2.07,3.57,2.0,2.75
00-0040452,Johnny Walker Jr.,DEN,EDGE,4.0,0,prior,9.0,11.55,12.83,11.73,10.74,13.62,11.8,8.31,8.7,9.04,6.3,11.33,12.63,10.4,11.05,11.39,2.57,3.59,2.75,3.71,2.86,4.16,3.2,4.75,3.2,1.89,2.15,3.47,4.05,5.26,2.84,4.01,3.53,2.73,6.66,7.16,7.32,9.74,11.31,14.21,5.8,6.8,3.23,2.63,5.26,2.34,1.12,1.89,3.94
00-0039809,Jonah Elliss,DEN,EDGE,2.0,391,measured,10.4,11.46,12.62,11.44,11.15,13.54,11.8,7.74,7.9,7.73,6.75,14.33,8.77,12.99,11.05,11.39,2.61,3.57,2.21,2.97,3.07,3.38,3.21,3.78,2.25,2.59,1.65,2.77,3.52,2.71,2.74,4.0,3.4,3.8,9.02,9.34,9.55,11.76,11.59,13.16,5.8,6.8,2.37,2.36,4.12,3.76,2.54,4.03,4.53
00-0036952,Jonathon Cooper,DEN,EDGE,1.0,1471,measured,10.3,10.92,9.66,13.36,14.31,11.39,11.8,11.34,7.04,6.83,10.27,14.19,13.26,14.35,7.21,13.86,2.29,3.4,3.53,3.67,2.39,3.3,3.13,4.56,2.51,3.78,1.91,1.96,3.36,3.71,3.25,2.04,3.67,5.17,9.46,8.49,9.11,11.43,14.86,13.75,5.8,6.8,3.22,3.77,4.51,3.2,1.6,3.98,1.25
00-0037249,Nik Bonitto,DEN,EDGE,1.0,1140,measured,14.6,13.48,13.78,13.36,10.3,14.2,11.8,13.15,13.99,15.14,8.8,15.1,10.43,14.01,6.82,14.38,1.75,2.76,2.99,3.45,2.88,3.91,4.23,1.69,2.31,3.05,3.88,1.93,3.31,4.24,2.86,4.78,2.52,1.99,16.03,17.36,15.64,13.32,8.59,14.12,5.8,6.8,3.88,3.1,2.01,2.6,4.1,3.57,3.67
00-0040168,Que Robinson,DEN,EDGE,3.0,0,prior,9.3,12.05,13.42,12.51,10.05,13.91,11.8,6.94,9.52,8.04,4.29,9.94,12.22,10.4,11.05,11.39,3.0,4.09,1.41,3.23,2.32,1.66,3.72,1.26,3.62,3.66,1.72,3.05,3.34,5.31,3.58,2.27,2.42,2.82,6.81,7.73,8.37,10.13,10.05,14.3,5.8,6.8,3.31,3.56,2.91,3.26,4.48,2.45,3.56
00-0036727,Adam Prentice,DEN,FB,,372,measured,9.8,10.12,11.04,10.07,9.64,12.24,11.8,10.23,4.06,2.29,9.0,10.82,11.73,12.56,15.13,14.83,4.52,3.48,2.09,4.06,2.82,1.75,2.9,7.16,4.32,2.91,11.87,5.67,2.53,3.7,1.61,10.01,7.82,11.01,2.66,4.46,3.52,1.5,2.43,2.25,2.03,3.69,2.4,2.91,2.73,2.18,3.83,3.63,5.67
00-0031595,Michael Burton,DEN,FB,1.0,289,measured,15.2,9.58,9.56,9.88,12.92,10.64,11.8,12.49,13.15,10.73,12.55,8.84,12.48,16.35,14.26,11.39,1.13,3.65,2.42,3.92,3.0,1.52,2.37,13.92,2.28,10.89,6.62,17.73,4.52,3.43,2.22,16.71,12.89,17.84,2.79,1.74,3.3,3.96,4.33,3.56,2.47,3.01,3.33,2.57,2.94,3.0,2.3,1.85,1.89
00-0032569,Wil Lutz,DEN,K,1.0,72,measured,15.0,9.24,10.16,9.29,9.64,11.49,11.59,13.01,12.84,12.17,13.59,13.24,8.33,15.68,11.05,11.39,2.69,3.92,3.55,2.03,3.28,2.44,5.1,3.27,2.71,3.31,3.58,3.54,3.54,1.88,3.74,1.47,4.14,2.67,4.63,3.42,1.44,2.91,1.4,2.22,1.79,2.76,4.63,4.19,14.58,15.47,1.45,3.87,3.13
00-0031898,Alex Singleton,DEN,LB,1.0,1184,measured,14.6,10.58,11.58,11.73,10.77,12.57,11.8,14.55,15.49,13.39,12.42,10.53,13.2,17.5,11.05,11.39,4.75,4.14,4.55,2.83,2.29,3.18,2.26,4.01,3.06,3.21,4.29,2.99,3.97,1.15,4.33,3.94,1.95,2.71,11.83,11.21,9.43,14.79,19.4,17.53,11.66,13.16,2.0,6.89,4.04,4.54,2.41,2.38,1.84
00-0034982,Dre Greenlaw,DEN,LB,1.0,937,measured,14.1,11.81,12.1,11.19,12.46,12.5,11.8,13.59,8.71,11.35,9.56,8.04,11.66,4.12,7.51,17.56,4.04,2.54,3.63,3.65,2.4,2.29,2.91,3.61,2.32,4.59,3.2,2.79,3.4,3.11,2.75,2.74,3.91,4.3,7.3,6.5,13.31,16.24,17.3,15.35,11.48,12.98,4.15,6.27,1.46,3.7,3.95,2.83,2.8
00-0039003,Drew Sanders,DEN,LB,4.0,190,measured,8.9,12.56,14.07,14.16,9.19,14.15,11.8,7.63,6.29,4.41,9.14,8.37,15.29,5.18,4.81,11.39,3.33,2.44,3.45,1.49,4.79,2.25,4.03,4.12,1.65,2.91,4.28,3.61,2.61,3.03,3.81,2.72,2.53,2.19,11.28,11.89,7.96,7.44,8.41,12.41,5.74,7.24,2.41,4.31,4.38,1.98,4.04,3.03,1.32
00-0036844,Garret Wallow,DEN,LB,,81,prior,9.4,11.54,13.25,15.94,11.33,13.06,11.8,8.27,5.61,3.17,5.82,11.03,10.77,14.15,11.05,14.14,4.69,1.0,3.56,2.74,3.46,3.47,3.26,4.75,2.17,4.01,2.13,3.24,1.53,1.69,3.71,2.66,4.29,4.17,10.95,10.46,8.75,9.94,10.0,12.78,4.54,6.04,3.16,2.71,2.47,3.03,2.72,2.2,4.06
00-0040634,Jordan Turner,DEN,LB,,0,prior,11.6,11.94,12.72,11.89,10.5,13.31,11.8,7.58,8.06,9.72,5.62,6.22,13.52,10.4,11.05,11.39,4.38,4.01,4.27,3.36,3.14,4.2,1.36,2.93,2.07,2.99,3.75,4.51,3.64,3.9,2.4,3.56,2.56,2.61,6.98,6.92,13.17,12.69,13.24,15.45,8.96,10.46,2.73,9.27,5.49,3.78,4.16,3.79,2.79
00-0036428,Justin Strnad,DEN,LB,2.0,633,measured,13.1,9.79,9.96,11.48,9.92,9.37,11.8,12.2,9.69,7.65,7.26,6.72,11.28,17.5,11.05,14.38,3.06,2.18,2.42,3.02,3.81,2.1,2.34,1.94,2.8,2.78,3.27,3.38,4.89,3.31,4.23,3.88,3.1,2.07,14.32,13.71,15.89,16.29,12.07,10.14,12.81,14.31,4.46,6.46,2.26,2.07,1.47,2.9,1.82
00-0040449,Karene Reid,DEN,LB,3.0,0,prior,11.8,11.89,12.46,11.31,10.61,13.06,11.8,9.06,12.72,9.73,5.35,18.29,10.2,10.4,11.05,11.39,3.12,3.41,3.77,2.61,2.69,1.36,2.64,2.84,2.76,3.92,3.29,2.08,3.09,2.48,1.0,1.54,2.99,3.65,7.01,6.89,13.17,12.69,13.24,15.43,8.96,10.46,3.16,9.27,2.81,2.57,5.25,4.43,2.12
00-0039565,Levelle Bailey,DEN,LB,,7,prior,8.9,12.22,13.16,12.2,9.77,13.46,11.8,7.08,6.65,2.55,5.99,12.93,5.83,12.99,11.05,11.39,2.24,3.19,1.0,3.88,2.24,1.73,1.33,3.67,2.85,4.64,3.07,2.47,3.63,2.76,3.23,4.68,2.0,3.26,12.34,12.64,5.76,7.23,10.2,13.02,4.15,5.65,2.89,2.06,3.07,2.91,3.4,3.32,4.89
00-0036943,Mitchell Fraboni,DEN,LS,1.0,1,prior,7.1,10.26,11.11,10.38,9.53,12.22,10.62,10.04,4.44,8.04,9.86,12.22,12.72,15.68,11.05,11.39,1.0,4.09,1.71,3.35,3.07,1.21,2.36,1.63,1.0,3.07,2.1,2.32,3.26,1.0,1.42,2.7,3.67,2.01,1.83,1.36,3.16,2.88,2.36,3.91,2.84,1.0,3.81,2.89,3.67,4.4,2.77,3.48,2.85
00-0034978,Ben Powers,DEN,OG,1.0,2157,measured,12.6,4.0,5.53,4.76,10.67,8.14,11.8,10.37,9.82,8.67,10.47,11.15,9.68,15.05,6.94,7.19,1.95,1.09,2.34,4.03,3.36,3.21,6.85,2.17,3.81,4.16,2.88,4.22,3.0,3.22,3.36,14.48,14.91,3.91,4.12,2.31,2.63,2.66,2.49,1.48,5.0,2.15,2.3,3.18,3.47,1.53,3.97,4.62,4.63
00-0035764,Calvin Throckmorton,DEN,OG,,571,measured,11.2,1.0,2.13,1.74,12.0,6.48,11.8,11.0,6.12,7.55,6.72,14.12,9.89,14.35,14.59,8.2,1.16,1.58,4.31,1.35,2.11,3.07,2.9,2.51,2.67,3.04,3.96,1.9,4.3,3.09,4.09,10.6,15.2,3.61,4.08,1.34,2.13,2.18,5.08,3.05,2.29,1.73,2.34,1.75,2.82,3.91,2.76,2.09,3.94
00-0040446,Joseph Michalski,DEN,OG,,0,prior,11.5,4.4,6.18,5.82,12.91,8.75,11.8,7.95,8.78,11.15,6.05,12.07,8.23,10.4,11.05,11.39,2.89,3.63,1.0,3.0,1.65,3.13,2.48,3.8,2.68,3.5,3.19,2.95,1.73,1.49,2.58,10.77,14.47,3.94,2.27,1.61,2.91,3.04,5.06,1.0,2.66,2.91,2.36,1.92,2.83,3.15,2.91,4.36,4.3
00-0039438,Nick Gargiulo,DEN,OG,2.0,0,prior,10.3,3.76,5.42,4.98,12.98,8.21,11.8,9.25,6.21,7.45,7.28,10.88,5.84,10.4,11.05,11.39,3.2,4.07,3.12,2.18,1.93,4.8,3.9,1.6,4.41,3.5,2.45,1.65,4.5,3.08,4.23,13.17,7.59,1.63,3.19,6.03,1.11,4.38,1.68,3.45,2.16,2.81,2.32,2.62,2.04,5.92,3.75,4.22,2.87
00-0037001,Quinn Meinerz,DEN,OG,1.0,1993,measured,12.4,6.8,8.2,7.88,13.39,11.28,11.8,9.98,8.74,10.77,11.17,10.35,8.64,14.06,13.8,14.31,3.03,2.36,2.25,3.46,4.34,1.0,3.38,1.83,2.18,2.84,2.49,2.19,2.63,2.31,4.04,17.16,8.37,5.22,2.99,3.43,3.18,2.29,3.32,3.15,2.35,2.24,4.62,3.04,3.37,1.57,2.4,2.75,3.1
00-0038796,Alex Palczewski,DEN,OT,2.0,161,measured,12.2,4.06,5.9,5.0,11.94,8.41,11.8,10.26,11.67,8.17,6.01,15.06,11.29,4.82,5.85,5.91,3.76,3.19,3.52,4.26,4.69,2.92,4.11,3.05,2.63,2.78,3.84,4.88,3.81,2.04,1.85,12.8,14.91,2.36,3.44,3.61,4.17,4.03,3.49,3.2,1.48,2.37,1.8,2.79,2.58,3.66,2.73,4.25,2.09
00-0039568,Frank Crum,DEN,OT,3.0,3,prior,10.3,7.47,9.23,7.83,11.56,11.35,11.8,8.58,3.17,5.15,6.15,13.98,13.15,5.24,14.5,11.39,1.64,3.53,3.67,3.01,1.39,1.89,3.28,2.46,2.66,1.49,3.7,2.79,4.26,6.25,4.42,9.99,11.24,2.78,2.37,1.97,3.08,3.12,1.88,1.7,2.9,2.49,2.54,2.73,4.57,2.4,2.98,3.8,5.14
00-0033538,Garett Bolles,DEN,OT,1.0,1818,measured,12.5,5.49,7.57,7.98,12.79,7.93,11.8,11.3,10.68,6.71,12.03,14.74,11.99,15.23,7.44,8.16,4.4,4.54,4.11,3.2,2.37,2.68,2.52,2.17,5.21,1.0,1.49,2.77,3.52,3.17,3.8,15.08,12.61,3.96,2.44,2.38,1.83,2.83,2.06,5.49,4.64,3.27,2.01,3.19,2.99,3.06,4.12,2.97,4.12
00-0036392,Matt Peart,DEN,OT,2.0,311,measured,9.4,5.79,8.1,2.78,13.39,10.08,11.8,9.31,5.87,4.16,9.15,15.22,9.59,8.02,6.32,7.74,1.96,2.57,2.49,4.15,3.62,4.07,4.59,2.55,3.78,3.5,2.06,3.06,3.14,3.39,1.86,10.24,9.47,3.78,3.05,5.06,1.0,3.24,4.38,5.14,2.59,3.5,1.64,4.8,3.58,3.06,2.31,4.94,1.45
00-0034847,Mike McGlinchey,DEN,OT,1.0,1840,measured,12.7,2.48,4.38,4.16,12.46,7.67,11.8,9.62,8.3,9.78,11.48,12.18,14.51,8.51,6.42,14.49,3.2,2.43,2.84,3.01,2.45,3.98,2.5,3.68,2.86,4.11,4.49,3.97,2.75,3.33,2.61,16.99,13.55,3.69,2.55,3.36,4.27,2.5,4.2,1.69,2.82,3.02,4.97,5.59,3.64,2.86,3.93,4.84,4.02
00-0040223,Jeremy Crawshaw,DEN,P,1.0,0,prior,15.4,8.59,10.14,9.67,9.83,12.07,13.48,11.71,12.02,16.02,7.63,8.64,11.16,10.4,11.05,11.39,3.71,1.77,3.32,1.41,3.65,3.55,2.89,4.01,3.38,3.42,2.41,2.59,3.19,2.27,3.23,1.8,2.16,2.14,2.64,1.68,3.21,2.43,2.15,1.3,3.34,4.52,3.78,3.5,2.92,3.48,20.0,10.88,1.98
00-0039732,Bo Nix,DEN,QB,1.0,1014,measured,13.6,9.55,9.97,12.05,9.76,10.9,11.8,12.34,13.19,10.6,9.51,8.17,12.86,12.99,11.05,11.39,19.42,13.22,11.21,11.4,12.23,17.91,13.31,16.64,2.82,6.37,4.14,4.85,2.5,3.67,3.17,4.38,3.98,2.31,3.52,3.58,2.13,3.36,2.15,4.78,2.86,1.69,2.97,3.01,2.5,3.29,4.47,2.5,3.93
00-0035264,Jarrett Stidham,DEN,QB,2.0,163,measured,8.5,8.82,8.82,10.83,9.76,10.14,11.8,10.53,8.22,8.35,10.31,13.36,14.73,15.68,11.05,11.39,6.7,8.38,8.46,8.55,6.97,9.58,8.82,7.54,2.35,1.33,2.46,1.98,2.83,4.57,1.0,3.32,2.02,2.37,1.98,3.44,3.15,2.83,3.41,3.49,2.51,2.8,3.84,3.15,3.04,2.95,3.63,3.96,3.99
00-0036879,Sam Ehlinger,DEN,QB,,96,prior,7.1,8.8,9.9,11.13,9.76,14.01,11.8,6.18,6.71,5.82,9.43,10.3,12.22,14.15,11.05,6.88,5.39,6.2,8.69,5.63,5.17,12.22,6.41,5.74,2.93,1.0,1.25,3.71,1.95,3.33,1.69,2.15,4.13,4.64,3.63,3.55,3.71,3.25,2.74,2.7,1.47,4.41,1.15,3.93,5.55,1.66,2.45,3.96,1.56
00-0036158,J.K. Dobbins,DEN,RB,1.0,606,measured,12.9,13.47,13.83,12.67,12.0,13.66,11.8,13.03,10.53,11.25,9.58,12.06,11.5,7.31,17.39,13.87,3.46,3.75,2.38,3.92,1.76,4.5,2.06,17.46,12.83,15.12,8.41,12.37,4.76,5.36,5.04,10.22,8.85,11.22,4.4,2.45,2.03,1.83,2.17,3.22,3.1,1.84,4.29,2.96,3.45,2.04,5.63,2.86,10.86
00-0038794,Jaleel McLaughlin,DEN,RB,4.0,397,measured,11.6,15.04,14.58,13.94,7.3,13.63,11.8,10.69,9.48,7.63,7.71,8.91,7.09,13.68,17.07,11.39,2.2,5.25,3.4,3.11,3.57,2.87,3.63,13.57,9.91,8.14,9.32,17.7,1.97,12.32,13.84,7.65,4.08,8.65,1.76,2.41,4.4,1.9,1.18,3.3,1.06,3.32,2.69,4.5,2.51,2.19,2.7,1.5,10.15
00-0040730,RJ Harvey,DEN,RB,2.0,0,prior,11.3,16.62,17.18,12.58,8.0,16.61,11.8,10.57,12.21,9.53,6.16,11.07,9.99,10.4,11.05,11.39,5.04,2.26,2.8,4.26,1.65,2.83,3.42,14.97,8.78,9.24,7.12,10.28,4.0,6.66,4.98,3.41,7.84,4.41,4.23,2.6,3.43,1.73,2.81,2.54,2.34,3.8,2.55,3.83,2.9,4.62,3.18,2.36,14.13
00-0037085,Tyler Badie,DEN,RB,3.0,22,prior,8.6,15.47,15.08,13.51,7.9,13.36,11.8,10.74,5.62,7.27,6.43,9.94,9.16,4.85,15.62,4.46,4.53,1.71,3.75,2.08,2.88,2.28,3.09,8.73,5.48,5.33,4.93,6.8,1.0,8.61,9.9,2.61,7.18,3.61,3.01,2.61,3.98,2.47,1.51,3.12,2.5,1.59,2.35,3.29,3.45,2.35,2.11,3.14,14.3
00-0036221,Brandon Jones,DEN,S,1.0,1337,measured,15.4,13.59,14.82,14.32,8.1,14.85,11.8,14.54,13.0,13.75,9.73,11.17,18.61,15.33,14.94,7.86,1.36,3.69,1.69,1.71,2.12,2.16,1.52,3.25,3.06,2.71,2.99,3.04,1.98,2.01,2.56,1.98,2.89,2.81,2.39,2.62,3.13,14.05,17.08,15.28,15.39,16.39,9.29,15.26,2.13,1.39,3.67,4.92,7.01
00-0037264,Delarrin Turner-Yell,DEN,S,,136,measured,10.1,15.01,15.08,14.34,7.08,13.88,11.8,9.05,10.68,11.24,8.81,15.31,9.71,4.63,4.52,11.39,1.0,3.44,2.46,2.66,3.99,2.48,2.93,4.6,2.84,2.98,3.53,3.46,3.69,4.56,3.3,1.32,1.61,3.32,2.43,3.03,2.98,7.97,11.83,10.81,7.8,8.8,8.98,8.81,4.21,2.71,1.34,1.57,14.77
00-0036683,Devon Key,DEN,S,2.0,226,measured,9.0,13.35,14.21,14.46,8.27,14.78,11.8,8.79,6.85,7.98,8.32,10.86,12.27,14.69,11.05,11.39,1.03,4.11,3.01,3.15,1.0,3.49,2.77,3.03,4.38,1.0,3.99,2.62,1.1,2.92,2.93,2.26,1.87,2.17,3.92,2.88,3.22,9.6,8.97,10.5,6.4,7.4,9.34,7.97,3.38,2.44,2.64,1.84,16.77
00-0038605,JL Skinner,DEN,S,3.0,19,prior,10.2,13.8,15.92,14.23,9.21,16.29,11.8,10.67,7.8,8.85,6.53,11.86,10.51,12.02,6.71,11.39,1.94,4.03,4.99,4.56,3.37,2.04,4.52,1.2,2.57,2.21,3.77,3.88,2.32,3.82,1.92,2.6,4.64,3.67,4.14,3.96,3.09,9.07,6.5,8.27,10.31,11.31,9.62,10.06,3.79,3.16,1.91,4.37,17.39
00-0038696,Keidron Smith,DEN,S,,16,prior,10.0,13.76,15.33,14.23,8.15,15.09,11.8,11.11,11.01,7.58,6.0,8.05,12.47,12.99,11.05,11.39,3.5,2.72,2.38,2.31,2.3,2.09,2.35,1.91,4.8,3.66,3.04,3.08,4.11,3.83,4.02,2.04,3.46,5.2,1.0,1.72,2.21,9.07,6.71,8.27,9.72,10.72,9.3,8.94,2.96,4.39,2.46,2.69,17.75
00-0035227,P.J. Locke,DEN,S,2.0,1317,measured,10.8,12.99,13.23,14.42,7.63,13.75,11.8,11.49,9.22,8.95,9.3,15.55,10.98,8.19,7.28,17.25,3.87,3.74,5.31,4.35,1.64,1.0,4.12,1.0,3.54,3.45,4.13,5.22,3.71,5.02,3.44,2.86,3.57,5.42,2.73,2.93,2.28,10.31,7.74,12.05,11.47,12.47,9.15,6.4,1.51,1.68,3.25,2.09,14.42
00-0036564,Talanoa Hufanga,DEN,S,1.0,1084,measured,13.1,11.54,13.19,14.52,8.54,14.99,11.8,12.51,9.93,12.48,8.5,11.28,9.39,6.74,7.19,8.42,2.43,4.02,2.45,3.08,2.34,2.23,4.56,1.77,3.55,1.02,3.34,1.79,3.33,2.96,2.79,2.7,4.12,3.22,1.12,1.9,3.25,14.33,14.48,12.96,12.32,13.32,9.42,13.77,1.0,2.59,3.08,4.23,10.99
00-0036422,Adam Trautman,DEN,TE,2.0,1237,measured,12.4,9.13,9.96,15.19,9.0,12.65,11.8,10.99,8.32,7.1,9.15,10.27,5.67,15.23,14.73,13.97,3.24,3.79,2.56,3.47,2.71,2.64,2.26,11.09,1.0,15.01,18.79,15.12,16.29,10.08,13.17,13.36,8.43,10.08,2.94,2.73,2.23,3.26,1.0,4.16,3.67,4.99,3.94,3.66,2.84,1.02,1.93,2.43,1.72
00-0040240,Caleb Lohner,DEN,TE,,0,prior,10.4,10.64,11.73,11.96,9.35,12.83,11.8,7.57,8.59,7.25,4.47,8.41,12.64,10.4,11.05,11.39,2.04,4.74,4.15,3.03,3.22,3.29,2.5,14.49,2.23,11.86,15.65,9.81,9.04,9.22,9.73,11.18,10.15,7.89,2.29,3.34,2.82,3.51,4.29,1.43,3.98,3.21,2.47,4.22,4.08,3.62,1.45,4.45,2.1
00-0033881,Evan Engram,DEN,TE,1.0,1315,measured,14.3,15.19,15.4,13.66,9.5,14.39,11.8,13.81,13.28,12.06,11.19,11.79,11.52,5.95,6.22,8.18,4.15,3.03,2.85,1.31,3.83,3.9,2.82,11.75,2.63,4.0,7.79,16.08,16.4,17.74,17.09,10.76,17.92,7.48,2.95,2.61,3.65,3.83,1.83,2.25,3.37,3.9,5.13,3.44,1.27,3.37,2.54,4.45,2.95
00-0037539,Lucas Krull,DEN,TE,4.0,383,measured,10.5,10.31,11.56,12.09,9.79,12.82,11.8,9.45,9.84,5.03,7.79,9.58,6.04,15.68,11.05,11.39,4.46,2.96,3.36,3.26,3.94,2.78,2.21,13.37,1.13,6.83,10.61,11.45,9.79,8.43,7.47,11.72,12.75,8.44,1.0,4.87,4.53,1.91,3.81,1.19,2.98,3.72,2.75,4.62,4.47,3.15,1.94,4.76,4.26
00-0038783,Nate Adkins,DEN,TE,3.0,423,measured,10.1,10.7,11.93,12.05,9.34,13.04,11.8,8.41,10.07,7.29,8.59,13.23,8.67,14.69,11.05,11.39,3.32,4.02,2.02,4.48,1.92,2.51,2.64,13.08,2.33,11.79,15.57,11.89,10.43,8.95,10.05,8.69,7.99,5.41,2.89,5.42,2.65,2.56,2.11,4.24,3.24,3.51,1.29,1.49,3.32,2.08,3.21,3.81,3.34
00-0039231,Patrick Murtagh,DEN,TE,,0,prior,7.8,11.77,12.49,11.66,7.93,13.1,11.8,7.64,3.18,3.33,4.78,8.26,7.72,10.4,11.05,11.39,3.23,4.41,2.59,2.77,3.78,3.08,2.8,18.41,2.73,2.04,5.83,6.3,6.8,5.32,5.33,9.37,10.68,6.08,1.62,4.01,3.65,1.39,4.1,2.06,2.4,2.82,1.34,4.62,2.52,3.57,2.76,3.55,2.14
00-0038612,A.T. Perry,DEN,WR,,228,measured,9.7,15.01,17.39,14.21,6.06,15.47,11.8,10.24,8.99,6.41,8.29,9.98,7.05,4.47,16.33,5.21,2.15,2.71,5.21,2.67,3.58,2.71,3.94,7.89,6.84,9.96,8.65,7.5,6.06,6.59,6.99,2.68,3.36,4.5,2.63,2.76,1.66,3.13,3.22,2.83,3.49,4.29,3.77,2.93,2.21,2.84,2.53,3.93,9.85
00-0034348,Courtland Sutton,DEN,WR,1.0,1743,measured,13.7,12.86,14.11,17.87,9.0,14.23,11.8,13.38,11.42,15.32,11.58,9.73,17.29,14.25,13.94,14.47,2.77,1.0,2.85,1.95,1.66,3.73,3.96,10.14,6.47,3.94,2.63,14.8,17.71,12.48,13.16,2.85,2.15,2.1,2.75,3.43,3.69,2.96,4.36,5.0,3.98,1.03,3.08,3.72,1.0,3.28,4.93,3.56,12.65
00-0038976,Marvin Mims Jr.,DEN,WR,1.0,529,measured,16.0,17.09,17.84,14.47,6.28,17.5,11.8,12.8,12.68,14.28,6.38,13.53,11.26,14.69,11.05,6.88,4.33,1.97,1.16,1.89,3.9,3.31,2.66,13.8,15.97,18.31,17.0,12.46,7.61,19.65,19.65,4.5,3.32,2.76,4.09,2.49,2.93,4.14,3.01,3.11,2.35,3.33,3.82,2.88,4.78,4.25,2.53,1.68,17.92
00-0036959,Michael Bandy,DEN,WR,,86,prior,10.2,14.92,15.03,13.55,7.12,14.85,11.8,11.59,8.06,3.08,8.96,9.5,12.83,14.15,11.05,11.39,2.0,3.64,2.69,6.21,4.52,2.8,1.19,8.74,5.12,10.02,8.71,7.75,4.41,9.1,9.87,1.14,2.72,2.32,2.06,2.92,3.32,2.88,3.0,1.31,2.68,1.8,1.94,1.89,2.41,3.7,1.42,1.78,10.16
00-0040134,Pat Bryant,DEN,WR,2.0,0,prior,9.2,12.18,14.07,14.06,6.32,15.97,11.8,8.93,8.64,10.18,7.24,8.12,11.58,10.4,11.05,11.39,3.45,2.76,3.65,4.02,3.06,2.65,3.6,8.96,7.46,12.1,10.79,4.35,5.29,8.99,9.6,2.88,3.68,3.72,3.88,3.79,2.33,1.96,2.82,1.41,2.8,3.82,3.2,3.46,1.61,3.81,3.31,1.0,9.74
00-0038810,Thayer Thomas,DEN,WR,,0,prior,8.0,14.61,15.05,13.71,6.87,14.81,11.8,7.62,6.89,4.63,9.42,14.9,10.45,10.4,11.05,11.39,3.67,2.55,2.91,4.48,2.66,3.17,3.24,14.78,4.13,13.28,11.97,5.67,3.83,3.83,3.81,3.1,1.9,1.98,3.99,3.65,3.55,1.0,2.6,2.7,4.47,2.63,2.98,3.33,2.89,3.58,2.63,4.48,17.03
00-0034487,Trent Sherfield,DEN,WR,2.0,656,measured,9.2,13.2,13.99,12.28,8.2,14.79,11.8,9.9,10.78,10.29,9.64,16.46,13.19,17.5,11.05,16.2,4.51,3.45,1.48,2.88,3.95,2.78,2.89,8.11,6.87,12.08,10.77,8.14,8.47,6.03,6.05,3.36,2.3,4.54,2.11,3.27,2.49,2.78,3.49,3.43,1.12,2.81,2.31,2.79,1.51,2.57,1.85,3.27,12.58
00-0039868,Troy Franklin,DEN,WR,1.0,358,measured,12.7,16.39,16.32,14.08,5.43,16.62,11.8,11.39,14.71,10.15,10.9,13.04,17.31,12.99,11.05,11.39,4.84,1.76,3.47,2.05,3.38,3.4,2.68,16.81,8.68,12.25,10.94,8.38,5.48,13.46,16.53,5.18,1.0,2.57,1.92,1.0,4.12,2.05,2.62,3.01,3.04,1.56,3.98,3.65,2.76,3.58,1.63,2.88,16.06
00-0032395,Graham Glasgow,DET,C,1.0,2088,measured,13.5,3.17,4.5,5.51,12.0,4.97,11.8,14.45,9.02,10.9,13.47,10.45,14.25,7.64,15.23,6.32,2.38,1.15,3.7,3.81,2.8,2.68,2.36,3.62,3.11,4.06,3.0,3.89,2.61,2.9,4.7,17.93,12.08,2.86,2.78,4.27,2.39,3.47,2.85,3.82,4.53,1.8,2.78,3.54,1.42,1.5,1.97,1.99,2.23
00-0039442,Kingsley Eguakun,DET,C,2.0,0,prior,10.4,4.45,5.92,7.2,12.56,8.6,11.8,10.13,6.38,5.63,6.6,14.66,15.33,10.4,11.05,11.39,2.72,3.21,3.85,3.66,2.08,2.2,1.34,3.03,2.14,4.29,4.66,1.6,3.13,3.07,4.52,10.1,10.75,3.86,2.82,4.67,3.16,3.87,3.14,3.73,1.89,2.39,2.29,3.13,3.72,2.7,3.57,3.49,2.92
00-0035992,Trystan Colon,DET,C,,576,measured,13.0,4.31,5.72,6.88,5.5,8.63,11.8,11.2,10.08,9.75,8.48,5.02,8.78,13.82,7.24,6.88,3.29,2.74,3.35,4.48,3.46,3.47,3.63,3.38,3.36,3.19,1.91,1.99,3.07,1.33,2.99,15.64,16.94,2.13,2.48,5.24,4.53,2.94,2.7,3.83,1.8,1.0,3.21,3.29,2.71,2.87,3.69,2.8,3.34
00-0036375,Amik Robertson,DET,CB,1.0,1278,measured,15.1,15.13,15.53,13.49,7.15,14.82,11.8,12.89,13.77,16.27,10.77,9.99,11.33,13.82,14.13,11.39,2.5,2.11,1.05,1.99,2.9,1.65,2.28,3.62,4.83,1.44,4.54,3.24,2.52,1.19,3.62,2.71,1.0,2.27,4.1,3.95,1.76,2.42,9.96,11.94,17.61,17.61,10.31,11.59,3.37,4.04,3.98,2.29,13.49
00-0034377,Avonte Maddox,DET,CB,2.0,604,measured,12.5,16.39,16.32,19.17,6.5,15.49,11.8,13.85,10.25,12.27,10.77,11.41,10.87,4.27,5.99,7.74,2.56,2.65,2.9,4.16,2.83,1.57,2.77,3.0,3.82,3.41,2.84,2.85,3.38,4.38,4.38,3.1,3.79,2.27,2.83,4.93,1.94,4.53,9.38,11.21,11.25,11.25,10.11,8.77,2.39,2.19,5.07,3.48,8.03
00-0034384,D.J. Reed,DET,CB,1.0,1907,measured,13.2,13.82,14.68,13.34,5.5,15.12,11.8,12.69,14.58,11.75,11.39,7.6,8.91,12.05,13.75,4.51,4.24,3.43,2.98,3.78,2.3,3.88,2.47,2.43,3.35,2.99,3.67,4.38,3.25,3.74,3.6,3.39,3.19,4.61,4.48,3.32,1.34,10.49,10.34,12.14,13.87,13.87,9.81,12.99,2.91,3.45,2.4,2.8,13.2
00-0039862,Ennis Rakestraw Jr.,DET,CB,3.0,45,prior,8.2,14.08,14.1,13.58,6.57,14.23,11.8,7.14,8.44,4.4,7.39,11.59,11.35,6.02,18.43,15.42,4.47,3.6,1.43,3.43,4.09,3.06,3.78,1.85,3.47,2.43,3.0,3.49,3.14,3.84,2.55,2.28,2.69,3.89,2.35,3.59,2.66,8.59,12.33,15.66,4.38,4.38,10.13,4.31,2.28,4.69,1.16,2.59,6.37
00-0038620,Erick Hallett,DET,CB,,0,prior,8.3,15.07,15.66,13.83,6.95,14.99,11.8,9.83,6.53,7.98,6.28,3.95,9.72,10.4,11.05,11.39,2.57,3.09,3.14,3.22,2.98,3.04,3.38,3.2,4.6,2.49,4.08,3.32,3.22,3.64,3.76,1.61,3.45,2.63,2.74,1.99,2.2,8.47,12.21,17.38,3.93,3.93,10.25,3.94,2.76,1.0,3.86,4.17,6.54
00-0036124,Khalil Dorsey,DET,CB,2.0,120,measured,10.0,15.21,15.49,13.15,7.0,14.63,11.8,9.91,8.1,8.2,8.01,13.45,11.6,12.08,14.14,14.83,2.88,1.43,2.47,1.85,3.4,2.26,1.95,3.05,4.55,2.54,1.24,5.43,2.94,3.86,5.63,1.84,3.81,4.31,1.73,3.27,3.76,8.59,11.75,14.63,7.29,7.29,10.26,6.31,4.28,1.31,1.47,3.26,11.85
00-0035637,Rock Ya-Sin,DET,CB,2.0,511,measured,9.7,13.67,13.65,10.73,9.0,15.92,11.8,12.02,8.7,10.73,8.24,11.24,13.77,7.41,7.28,4.34,3.01,2.68,3.51,2.9,1.32,2.27,1.89,4.04,2.71,3.08,1.0,1.33,4.65,4.63,3.66,3.07,3.21,3.78,1.23,2.99,3.14,4.71,5.51,10.33,7.46,7.46,10.86,10.45,3.08,3.14,3.15,2.75,5.69
00-0039903,Terrion Arnold,DET,CB,1.0,853,measured,11.9,14.31,16.36,14.05,6.92,16.4,11.8,11.22,10.34,10.95,8.42,12.42,11.12,12.99,11.05,7.95,3.45,3.54,5.42,3.7,3.4,2.24,2.25,3.63,3.66,3.25,1.75,2.07,3.27,3.92,2.72,2.84,2.75,2.32,3.23,2.57,1.76,3.45,5.16,13.26,11.47,11.47,10.24,10.59,2.4,2.53,3.23,4.21,7.43
00-0036624,Alim McNeill,DET,DT,3.0,1250,measured,10.2,5.11,6.22,5.09,13.79,8.68,11.8,10.48,12.27,8.32,9.13,13.25,14.95,17.5,11.05,15.42,3.47,1.52,2.3,3.8,2.8,2.09,1.74,1.16,2.94,3.68,1.7,2.23,1.55,1.74,4.01,3.36,2.28,4.63,12.25,10.27,9.91,8.56,7.49,2.76,2.66,3.48,1.81,3.3,3.32,4.41,3.59,4.3,2.36
00-0038661,Chris Smith,DET,DT,4.0,38,prior,7.3,5.52,6.59,5.2,14.14,9.03,11.8,7.48,4.52,6.08,6.86,13.02,7.14,10.4,11.05,11.39,2.09,2.48,4.32,5.02,2.27,2.29,2.43,4.07,3.69,2.87,2.77,3.28,4.2,1.89,3.04,2.65,2.74,2.43,6.05,4.09,6.37,6.44,5.21,12.02,2.18,2.12,3.69,3.05,1.56,2.06,2.53,3.73,2.73
00-0032424,DJ Reader,DET,DT,1.0,972,measured,13.5,1.0,2.31,3.95,15.24,7.25,11.8,13.93,13.28,10.83,12.59,16.3,10.13,8.53,17.12,7.03,3.04,3.84,3.06,3.34,4.65,3.5,1.06,2.35,2.56,2.99,2.84,2.54,3.13,3.51,4.16,2.86,2.57,2.32,15.29,11.37,14.37,15.91,12.26,2.45,2.29,4.09,4.65,1.33,4.01,4.1,3.29,2.68,3.85
00-0040655,Keith Cooper,DET,DT,,0,prior,9.0,7.7,9.35,9.08,12.16,11.36,11.8,7.49,8.64,9.65,7.35,11.38,14.95,10.4,11.05,11.39,3.35,2.17,4.37,4.18,4.03,3.72,2.35,2.83,4.37,2.6,3.3,4.23,4.29,2.61,3.92,3.13,2.01,2.98,7.74,7.24,8.39,8.91,8.59,10.04,4.71,2.88,1.99,3.19,3.68,2.74,4.36,1.75,1.0
00-0036954,Levi Onwuzurike,DET,DT,4.0,665,measured,11.7,8.13,8.47,7.33,14.77,9.64,11.8,11.69,7.6,10.16,7.05,13.06,13.64,5.72,18.38,8.28,2.66,4.08,3.57,2.64,4.89,3.53,3.87,2.01,2.15,4.32,2.13,1.24,1.99,2.08,2.2,4.94,3.3,1.8,12.29,11.02,12.5,11.29,7.02,6.39,3.19,2.57,3.56,3.76,4.93,1.79,2.1,3.19,2.46
00-0039396,Mekhi Wingo,DET,DT,2.0,159,measured,7.1,8.67,8.73,6.18,12.92,10.69,11.8,7.66,4.89,6.54,4.76,10.57,6.94,7.13,16.67,11.39,2.56,2.55,1.29,1.79,1.32,1.0,2.14,1.14,2.86,3.48,3.05,2.42,2.55,2.61,4.53,1.66,2.65,2.63,5.85,5.42,6.08,6.0,4.33,13.42,3.05,1.27,3.46,2.92,3.66,1.0,4.61,3.82,2.28
00-0033595,Pat O'Connor,DET,DT,3.0,282,measured,9.4,7.15,8.89,8.47,12.45,11.06,11.8,10.37,6.88,6.09,10.68,11.45,12.68,15.05,14.36,14.14,3.35,3.37,1.0,3.51,3.06,3.22,3.34,2.49,3.6,5.38,3.29,3.58,2.98,4.03,3.49,2.66,1.26,3.74,8.13,7.34,9.45,9.67,8.19,8.04,1.41,4.26,4.14,3.24,3.96,3.14,3.13,2.62,4.89
00-0036568,Roy Lopez,DET,DT,2.0,920,measured,9.8,4.11,5.64,9.2,17.92,9.84,11.8,10.29,8.25,6.95,6.38,9.62,8.52,15.17,16.67,18.78,3.16,3.23,3.52,4.27,3.25,2.1,2.76,3.46,2.38,1.26,4.02,3.19,3.77,2.66,3.1,2.07,1.66,3.97,9.33,5.56,7.9,8.98,11.14,7.04,4.05,2.48,2.75,1.42,1.0,1.0,2.57,2.45,3.52
00-0040672,Tyleik Williams,DET,DT,1.0,0,prior,12.7,3.58,4.67,3.8,13.61,7.4,11.8,12.1,14.47,12.17,6.68,11.47,13.6,10.4,11.05,11.39,3.85,1.78,3.42,1.72,2.86,3.24,1.68,3.4,3.26,2.89,3.43,3.63,2.26,3.99,1.89,4.14,3.57,4.14,15.04,12.59,13.98,12.77,10.56,9.49,2.9,2.61,3.26,4.04,2.23,3.43,3.8,1.2,3.42
00-0037236,Aidan Hutchinson,DET,EDGE,1.0,1288,measured,14.8,10.15,11.33,16.78,10.1,14.11,11.8,15.92,17.93,12.38,9.1,12.39,9.26,15.68,11.05,15.11,2.89,4.15,2.83,4.55,1.93,3.39,3.59,2.75,3.61,4.69,2.97,3.66,3.13,3.06,4.11,3.24,5.02,3.86,17.41,17.9,17.59,14.9,7.88,7.77,5.8,6.8,1.19,2.29,4.03,1.65,2.57,4.22,3.09
00-0033964,Al-Quadin Muhammad,DET,EDGE,2.0,478,measured,7.8,7.41,9.53,9.6,11.33,10.37,11.8,12.33,5.3,3.38,12.02,7.87,10.85,14.24,14.63,7.26,2.34,2.05,2.72,2.93,2.18,2.89,1.52,3.52,3.69,1.95,2.57,3.38,2.72,4.45,4.78,2.19,2.61,2.25,9.11,7.95,5.39,5.01,6.06,8.68,5.8,6.8,2.5,3.49,5.08,3.23,3.26,3.75,1.66
00-0038801,Andre Carter II,DET,EDGE,,60,prior,7.4,10.69,12.38,11.57,10.25,13.28,11.8,8.01,6.01,8.76,7.0,5.51,13.59,14.69,11.05,11.39,1.56,2.17,2.31,3.8,3.48,2.67,2.84,2.92,2.22,3.3,2.56,2.07,3.23,3.38,3.8,1.92,3.15,2.89,5.19,5.56,5.66,7.73,6.14,12.46,5.8,6.8,3.44,1.01,3.78,2.8,2.84,1.05,1.89
00-0039450,Isaac Ukwu,DET,EDGE,,64,prior,7.4,10.42,11.76,10.7,11.5,13.04,11.8,7.92,5.33,8.94,5.01,13.16,10.52,12.99,11.05,11.39,4.13,3.2,2.61,3.1,3.45,1.72,2.22,4.91,4.06,2.93,2.68,2.81,1.0,3.55,3.62,2.82,3.24,2.37,5.59,5.43,5.64,7.44,6.51,12.64,5.8,6.8,1.6,1.08,4.13,1.0,3.41,4.57,2.33
00-0038096,Joshua Paschal,DET,EDGE,3.0,876,measured,11.1,9.73,12.61,9.41,12.33,15.82,11.8,10.79,9.1,12.54,7.05,14.97,11.72,6.85,7.66,16.55,1.81,2.59,2.7,2.15,5.17,3.86,1.0,3.76,3.43,3.18,3.6,1.81,1.57,2.63,3.61,4.1,3.73,3.47,9.03,8.33,14.25,16.1,9.34,10.42,5.8,6.8,2.7,1.62,3.03,2.96,2.65,3.36,3.82
00-0034344,Marcus Davenport,DET,EDGE,1.0,352,measured,13.0,12.42,14.02,10.75,11.33,13.5,11.8,11.94,10.6,12.03,13.31,14.36,7.73,4.01,17.72,14.18,3.88,3.28,3.52,3.1,4.05,1.0,2.44,3.53,1.92,3.04,3.26,2.81,1.6,2.73,2.51,1.62,3.67,4.25,13.65,14.24,13.36,12.26,7.38,8.13,5.8,6.8,3.05,4.83,2.82,5.0,3.58,3.19,3.28
00-0035946,Myles Adams,DET,EDGE,,202,measured,8.9,8.53,9.75,8.63,12.89,11.92,11.8,10.91,9.61,5.48,8.52,12.11,12.01,17.5,11.05,11.39,2.7,2.17,3.92,2.28,4.37,3.83,2.9,3.51,3.1,3.21,2.21,3.98,4.78,3.2,2.75,3.14,2.0,3.79,8.66,7.35,7.73,9.47,10.47,11.58,5.8,6.8,3.31,3.14,2.98,2.99,3.76,1.21,2.18
00-0038940,Tyler Lacy,DET,EDGE,2.0,399,measured,7.6,5.2,8.6,7.62,15.24,9.9,11.8,7.92,6.05,3.04,8.38,7.18,8.71,12.58,15.08,7.43,2.39,2.9,2.98,2.87,2.99,2.66,3.07,3.0,2.51,3.32,1.63,1.79,3.89,3.51,4.13,2.46,3.79,2.16,7.87,4.58,5.55,8.12,12.09,9.4,5.8,6.8,3.59,4.0,4.68,4.01,4.02,5.11,3.22
00-0038742,Tyrus Wheat,DET,EDGE,3.0,165,measured,8.2,11.54,11.02,9.67,11.92,9.45,11.8,9.19,6.42,7.3,6.89,10.95,10.24,14.69,11.05,11.39,4.84,2.41,4.28,2.94,2.73,2.67,3.6,1.11,4.84,2.1,2.3,3.3,2.05,3.29,1.83,3.14,3.4,2.66,5.98,6.06,6.91,9.04,9.67,13.44,5.8,6.8,3.88,2.56,3.71,3.95,3.14,1.98,5.23
00-0039172,Jake Bates,DET,K,1.0,29,measured,13.2,10.35,11.27,10.24,9.64,12.42,12.09,10.19,6.9,9.61,10.38,10.74,5.28,12.99,11.05,11.39,1.7,3.47,2.57,3.69,4.72,3.81,3.53,1.71,2.75,1.32,2.52,4.88,1.0,2.67,1.23,3.92,3.93,3.31,3.89,2.28,2.95,2.12,3.17,2.32,1.34,2.92,3.4,3.48,13.07,13.32,2.31,4.21,2.06
00-0033914,Alex Anzalone,DET,LB,1.0,1654,measured,12.9,10.81,10.89,13.83,8.0,10.06,11.8,12.66,9.98,10.41,12.11,12.03,14.85,15.33,14.87,8.25,2.29,2.66,3.84,4.11,1.9,2.63,2.87,2.55,4.24,2.7,3.46,2.24,2.07,3.2,3.32,4.35,3.24,1.11,15.36,15.78,9.93,11.08,11.5,14.9,15.25,16.75,3.15,10.08,2.36,3.54,2.04,3.74,4.39
00-0035330,Anthony Pittman,DET,LB,,37,prior,9.5,11.81,12.98,13.1,10.21,13.59,11.8,10.55,7.12,6.53,8.3,11.48,10.47,17.5,11.05,11.39,2.81,3.55,2.56,1.96,3.53,2.92,2.63,4.21,2.06,3.61,3.76,2.83,1.36,2.81,1.65,2.96,3.81,3.0,12.68,12.68,8.09,9.66,9.03,12.51,4.31,5.81,3.7,2.25,4.57,3.65,2.89,3.0,4.19
00-0036964,Derrick Barnes,DET,LB,1.0,710,measured,12.7,12.92,13.23,12.32,14.77,15.04,11.8,9.93,11.5,9.46,6.89,6.74,11.99,14.25,13.91,14.38,4.23,3.07,1.0,2.34,3.21,3.95,2.16,4.26,2.71,2.63,3.58,3.84,3.65,2.42,2.88,2.66,2.84,1.61,13.65,12.44,15.05,16.85,14.2,11.81,7.72,9.22,3.13,4.9,3.52,5.61,4.56,1.98,3.82
00-0034490,Ezekiel Turner,DET,LB,2.0,175,measured,10.4,12.05,12.92,11.42,9.25,13.0,11.8,10.16,8.19,6.36,9.55,10.24,12.31,8.46,7.66,4.72,2.31,2.74,2.49,2.09,1.82,2.41,3.71,3.19,3.39,2.13,1.46,4.05,1.69,2.03,2.84,2.25,3.29,3.02,13.24,13.65,9.38,11.17,10.56,12.85,5.19,6.69,2.97,2.87,4.22,2.47,4.44,2.59,4.18
00-0036672,Grant Stuard,DET,LB,2.0,229,measured,12.1,11.77,12.15,10.85,10.98,12.84,11.8,10.18,12.47,9.3,7.51,8.47,8.7,15.23,7.24,14.83,3.1,2.62,3.58,3.65,4.06,2.74,3.15,3.28,2.72,1.58,3.07,1.4,1.26,2.57,3.73,5.2,2.36,1.99,10.25,9.97,12.25,14.61,14.81,12.84,7.68,9.18,2.78,3.8,2.52,1.0,1.96,3.82,4.28
00-0039018,Jack Campbell,DET,LB,1.0,1291,measured,13.0,11.54,14.73,15.92,9.66,16.53,11.8,10.7,9.56,7.12,8.93,13.29,7.84,14.69,11.05,11.39,3.1,1.05,3.95,1.0,2.58,4.54,2.27,1.25,2.6,3.99,1.88,3.11,1.9,3.58,1.0,2.0,3.1,3.76,5.61,5.71,14.88,16.65,15.59,12.7,10.74,12.24,4.66,6.99,2.11,3.06,2.37,2.61,2.12
00-0037289,Malcolm Rodriguez,DET,LB,4.0,622,measured,13.5,13.85,13.97,10.85,10.98,16.28,11.8,10.13,12.69,10.67,7.92,8.51,7.9,7.57,6.71,15.17,4.43,2.74,2.5,2.76,4.8,2.8,3.72,3.15,3.64,1.43,1.62,2.08,3.06,3.23,2.65,1.42,4.03,2.19,4.12,4.57,13.22,15.24,14.74,15.71,14.69,16.19,4.64,10.21,1.88,3.88,1.06,4.36,2.97
00-0038660,Trevor Nowaske,DET,LB,3.0,299,measured,10.6,12.18,13.33,13.13,9.92,13.76,11.8,7.44,7.16,3.84,9.39,8.22,13.99,5.05,16.24,11.39,3.62,2.1,3.02,3.14,3.03,3.87,2.8,2.7,3.32,3.66,2.93,2.46,2.45,4.06,3.29,3.87,5.01,2.51,11.49,11.72,9.75,10.79,7.94,12.79,12.19,13.69,3.48,6.69,2.96,2.89,3.0,3.44,4.72
00-0033547,Zach Cunningham,DET,LB,2.0,560,measured,12.1,10.27,12.89,12.37,7.5,13.8,11.8,12.51,6.15,4.13,10.2,12.05,11.85,7.35,14.98,7.57,3.64,3.66,4.99,3.29,1.0,2.28,3.08,2.26,4.57,1.19,3.77,2.02,2.82,3.33,2.87,1.99,3.92,2.98,9.19,9.6,9.03,13.04,13.94,11.51,11.56,13.06,2.16,5.6,2.14,3.05,3.59,3.58,2.25
00-0039445,Hogan Hatten,DET,LS,1.0,2,prior,10.7,10.55,11.41,10.64,9.53,12.46,14.92,9.36,11.91,6.46,9.44,10.01,13.52,12.99,11.05,11.39,2.36,1.5,2.71,4.19,2.82,2.65,3.1,2.95,4.21,3.93,1.36,2.84,3.6,2.02,2.61,4.15,2.94,1.24,2.59,4.7,3.94,5.06,3.26,4.38,1.56,3.13,2.92,4.06,3.54,1.0,2.67,3.59,3.52
00-0039408,Christian Mahogany,DET,OG,1.0,72,prior,13.1,4.93,6.87,6.57,13.4,11.27,11.8,8.15,10.36,12.48,8.91,10.36,9.33,5.61,4.17,11.39,4.26,3.08,2.59,2.51,3.94,2.53,3.58,3.58,1.84,3.19,4.11,4.52,1.0,1.86,3.87,16.06,12.78,2.14,2.51,2.63,3.51,2.16,2.65,3.08,4.05,2.93,1.98,2.61,1.48,1.29,2.63,3.22,4.09
00-0038592,Colby Sorsdal,DET,OG,3.0,160,measured,11.1,4.42,6.42,6.5,12.69,9.02,11.8,9.59,9.48,7.72,5.12,13.76,12.17,14.69,11.05,11.39,1.98,3.7,3.78,2.04,1.03,3.41,4.47,1.89,5.23,1.72,2.48,4.49,1.0,2.24,1.9,12.57,10.49,3.87,2.32,3.83,3.15,1.78,2.95,4.15,2.69,4.27,4.96,4.16,1.67,3.39,3.4,4.42,3.4
00-0036736,Kayode Awosika,DET,OG,2.0,358,measured,9.6,4.13,4.67,1.9,14.31,8.56,11.8,9.28,7.9,7.38,8.48,13.5,9.26,12.47,4.38,7.37,3.2,3.34,2.07,3.37,3.99,3.84,4.73,3.54,3.38,2.39,3.35,4.68,1.48,3.82,4.06,9.37,9.87,2.78,2.63,3.87,2.91,2.42,2.85,1.14,3.09,2.98,3.01,1.57,3.93,1.82,1.77,2.91,2.63
00-0040193,Miles Frazier,DET,OG,2.0,0,prior,9.9,3.4,5.9,5.7,12.75,10.22,11.8,8.17,5.09,9.72,7.31,8.46,12.38,10.4,11.05,11.39,3.73,2.29,2.51,2.46,3.79,1.99,3.04,2.28,1.0,1.69,3.96,2.94,1.85,2.41,1.69,9.65,10.48,3.99,2.43,2.71,2.37,3.47,4.81,1.57,3.56,3.08,4.99,3.15,1.72,3.41,2.35,2.92,3.35
00-0040728,Tate Ratledge,DET,OG,1.0,0,prior,12.7,7.07,8.78,8.05,12.72,11.55,11.8,8.37,9.13,10.36,7.13,10.12,15.75,10.4,11.05,11.39,3.22,2.29,1.0,2.81,3.46,3.84,1.88,1.86,4.54,4.27,2.99,1.37,2.91,4.94,3.34,16.15,11.08,2.82,3.24,3.41,3.75,5.09,4.07,4.31,3.13,3.29,2.13,3.97,3.44,2.77,3.41,2.58,1.27
00-0033863,Dan Skipper,DET,OT,,520,measured,9.8,1.0,1.47,3.95,10.25,5.21,11.8,10.84,5.46,6.57,9.94,7.27,11.04,17.5,11.05,6.88,2.85,1.21,3.11,1.06,2.82,3.4,1.87,2.6,5.03,1.66,3.6,4.52,2.91,2.39,3.5,12.47,10.4,2.32,2.06,2.32,4.1,4.03,1.85,3.98,2.31,4.32,3.92,2.45,2.67,3.64,2.68,3.06,5.66
00-0039362,Giovanni Manu,DET,OT,2.0,0,prior,8.9,2.37,3.96,2.97,9.72,6.36,11.8,8.29,8.85,6.22,4.15,12.04,8.87,10.4,11.05,11.39,1.72,3.05,4.39,3.91,2.67,4.12,4.49,1.48,3.08,2.84,4.33,1.21,2.81,2.02,2.97,8.94,11.0,2.94,2.72,3.82,2.05,3.34,2.46,2.16,2.88,4.77,3.5,2.67,2.47,3.75,3.72,2.64,4.05
00-0034729,Jamarco Jones,DET,OT,2.0,4,prior,10.5,1.0,3.06,1.0,13.32,4.92,11.8,10.37,6.65,7.4,10.08,8.69,8.53,5.0,7.28,7.19,2.24,2.03,4.84,2.31,1.46,4.45,1.51,3.63,2.18,2.0,3.49,4.02,3.49,2.62,2.48,10.57,13.21,3.56,4.55,3.08,2.55,3.51,1.53,1.18,1.97,3.05,2.32,2.84,5.6,3.18,2.04,1.31,3.57
00-0036163,Justin Herron,DET,OT,3.0,19,prior,10.9,2.48,4.53,1.19,13.85,10.5,11.8,10.45,10.92,8.22,9.74,16.41,6.98,6.99,14.94,6.31,2.3,2.48,3.53,2.5,4.04,4.84,3.45,3.06,3.92,3.36,2.36,2.88,2.12,4.04,4.39,11.75,13.03,1.67,2.78,3.11,3.3,4.2,2.71,2.82,3.62,1.0,2.71,4.19,3.48,3.54,3.54,4.59,2.56
00-0040391,Mason Miller,DET,OT,,0,prior,10.6,4.11,6.17,5.55,12.08,8.67,11.8,8.14,6.65,2.84,4.31,18.53,11.45,10.4,11.05,11.39,6.39,2.87,2.52,1.29,3.87,4.65,1.19,2.85,3.25,2.85,4.18,3.97,3.13,2.69,2.37,12.57,11.2,1.0,2.83,3.93,4.24,2.09,2.55,2.75,3.56,2.76,2.11,3.34,3.48,2.54,2.12,3.24,3.53
00-0037385,Michael Niese,DET,OT,,28,prior,11.1,5.05,7.04,6.19,12.98,9.48,11.8,8.76,7.7,12.2,8.28,13.66,9.77,12.99,11.05,11.39,3.28,4.03,2.37,2.36,2.74,2.94,2.61,3.1,4.73,4.24,3.34,4.05,2.49,2.83,2.85,11.56,12.44,1.5,1.74,1.62,3.28,3.49,1.89,2.85,5.55,2.8,2.98,4.55,3.37,1.46,2.88,2.9,3.18
00-0036880,Penei Sewell,DET,OT,1.0,2312,measured,14.2,4.93,6.87,5.94,15.24,8.71,11.8,11.53,10.77,9.63,9.63,6.57,7.61,17.5,11.05,16.4,3.2,3.02,4.97,1.86,2.89,1.22,3.86,1.21,2.84,1.92,2.8,3.49,4.41,1.89,3.15,17.38,15.31,4.19,3.68,3.79,2.91,1.59,2.66,3.32,3.0,3.93,3.54,4.98,2.39,4.7,3.17,2.97,2.62
00-0032381,Taylor Decker,DET,OT,1.0,1995,measured,14.7,2.14,3.16,4.56,10.0,7.0,11.8,16.36,12.87,12.89,14.01,12.28,13.66,7.86,7.49,15.13,4.76,3.94,2.56,4.23,3.38,1.19,3.43,3.38,1.87,1.66,2.83,2.45,4.03,3.07,4.45,19.4,17.0,3.61,1.33,3.21,3.35,3.29,3.9,3.06,3.24,2.06,3.95,3.11,3.53,2.46,3.96,3.07,3.48
00-0035156,Jack Fox,DET,P,1.0,77,measured,14.7,9.96,10.3,9.37,9.83,8.83,13.0,11.9,11.61,11.91,9.27,15.82,4.1,17.5,11.05,11.39,2.7,3.04,3.06,3.33,2.83,4.56,4.53,4.45,3.02,2.49,2.11,2.74,2.65,1.89,1.87,3.32,1.0,2.61,2.46,4.26,3.89,1.0,3.13,1.8,4.11,4.86,3.14,2.13,2.92,3.02,16.38,13.02,2.16
00-0033936,C.J. Beathard,DET,QB,,82,prior,7.2,8.31,8.74,10.87,9.76,9.71,11.8,7.6,6.86,3.84,13.15,8.53,11.92,14.15,11.05,11.39,5.01,7.98,9.06,6.2,4.98,8.31,7.09,4.76,2.62,1.0,1.7,3.96,1.0,4.04,2.11,3.81,3.12,3.42,3.79,2.92,3.62,2.59,3.04,2.52,2.7,1.92,2.53,4.02,2.7,2.24,3.54,2.99,1.86
00-0033106,Jared Goff,DET,QB,1.0,2283,measured,14.6,8.05,8.12,9.95,9.76,7.49,11.8,14.35,15.02,14.24,14.61,9.68,7.02,8.46,15.35,14.58,9.0,15.02,14.33,15.36,15.38,16.55,17.56,12.64,3.06,8.6,2.02,3.22,2.4,1.64,2.87,2.79,2.1,2.06,1.0,3.14,3.04,1.66,3.7,2.63,2.57,1.48,3.47,2.36,3.1,1.86,2.89,5.51,3.37
00-0034577,Kyle Allen,DET,QB,2.0,72,prior,8.5,9.36,9.79,11.21,9.76,10.42,11.8,8.85,8.11,8.84,13.08,8.13,10.56,11.93,14.31,11.39,5.16,7.62,9.02,8.35,5.93,16.01,7.6,4.84,2.3,1.0,2.61,2.55,2.47,1.55,4.55,3.3,2.93,1.95,3.49,2.83,2.98,3.84,1.83,4.12,2.52,4.36,2.52,4.35,3.63,2.42,4.74,3.2,1.0
00-0035567,Craig Reynolds,DET,RB,3.0,201,measured,9.8,13.08,13.51,11.96,9.04,13.37,11.8,12.06,11.41,7.95,8.69,13.21,7.6,17.5,11.05,17.02,4.05,3.13,3.33,1.3,1.93,2.93,4.36,8.06,8.68,9.09,7.89,11.87,2.96,4.83,2.6,1.69,4.13,2.69,1.88,1.72,1.4,2.32,2.68,3.52,3.25,3.57,2.35,2.48,2.73,2.61,3.38,3.17,13.46
00-0035685,David Montgomery,DET,RB,2.0,939,measured,14.0,11.76,13.07,12.19,7.5,10.58,11.8,13.72,13.93,12.23,10.03,13.49,13.21,6.5,5.4,15.9,2.88,3.91,3.67,2.37,3.11,3.3,2.52,11.43,14.85,13.58,18.86,14.9,2.73,10.89,7.77,6.93,11.0,7.93,2.9,3.41,3.35,1.74,1.49,1.0,3.6,2.13,3.28,1.96,3.26,4.17,1.56,4.25,13.34
00-0038896,Jacob Saylors,DET,RB,,0,prior,8.7,14.59,14.69,12.51,7.93,13.78,11.8,8.88,3.89,5.71,4.52,11.19,6.82,10.4,11.05,11.39,1.64,2.25,3.62,1.63,3.26,5.45,2.95,15.02,4.7,4.71,4.7,4.94,3.54,5.27,4.83,1.65,9.48,2.65,3.47,3.93,2.7,5.1,2.77,2.43,3.11,2.23,2.35,2.42,2.58,1.0,3.33,1.0,14.83
00-0039139,Jahmyr Gibbs,DET,RB,1.0,1000,measured,15.8,17.55,16.0,13.12,8.23,13.25,11.8,12.1,13.55,15.6,6.89,12.62,11.51,12.58,15.19,6.88,2.77,2.24,2.22,1.84,3.65,2.03,2.68,15.23,15.47,20.0,15.75,9.27,3.82,13.0,11.72,12.42,14.45,13.42,3.36,4.2,5.23,2.93,4.18,2.98,1.93,2.37,3.94,2.66,3.35,2.57,3.21,2.36,13.1
00-0040393,Kye Robichaux,DET,RB,5.0,0,prior,10.0,13.43,14.01,11.99,9.14,13.75,11.8,6.85,8.85,6.73,7.42,14.62,5.11,10.4,11.05,11.39,2.06,3.28,3.45,2.95,1.54,2.97,4.06,11.02,8.47,6.92,7.45,13.43,3.15,6.68,6.12,2.07,4.84,3.07,1.56,4.2,2.46,3.16,4.2,1.47,1.3,3.15,3.21,1.93,1.75,3.63,2.69,2.2,9.22
00-0039364,Sione Vaki,DET,RB,4.0,26,prior,8.6,12.0,14.22,12.39,10.0,16.98,11.8,6.61,7.94,3.34,8.3,9.22,9.87,12.22,15.98,11.39,3.12,3.53,3.52,2.44,2.16,2.47,4.05,14.94,5.11,5.36,4.95,7.24,3.02,8.47,7.66,2.18,6.54,3.18,3.3,2.88,2.42,3.39,2.9,2.77,4.65,3.37,3.35,1.77,4.22,1.95,2.59,3.31,12.4
00-0039141,Brian Branch,DET,S,1.0,1306,measured,17.2,12.74,14.61,14.28,7.0,14.36,11.8,14.94,16.43,16.16,9.17,8.31,9.78,12.18,7.63,15.42,2.83,4.09,3.4,2.37,3.91,1.94,3.94,2.44,3.83,2.83,4.0,1.64,4.04,3.22,3.33,2.61,2.77,5.09,4.56,1.0,3.75,17.96,18.49,13.5,18.81,19.81,8.96,18.91,4.69,2.02,4.24,1.42,6.32
00-0040233,Dan Jackson,DET,S,3.0,0,prior,11.8,13.84,15.17,14.17,7.29,14.35,11.8,9.35,11.82,8.61,6.58,11.53,9.86,10.4,11.05,11.39,2.83,3.4,1.72,3.32,2.44,3.6,2.14,3.01,3.05,2.27,2.42,2.37,1.46,4.02,2.31,3.25,3.55,1.0,2.93,4.23,2.75,9.91,9.62,11.73,12.13,13.13,9.05,13.34,3.68,3.12,4.67,4.47,14.76
00-0036306,Daniel Thomas,DET,S,2.0,49,prior,9.1,14.08,15.33,14.67,12.46,15.89,11.8,10.46,8.55,8.92,11.66,9.97,11.09,17.5,11.05,8.24,4.15,2.32,2.61,3.57,3.79,3.68,2.4,1.47,4.16,2.5,2.46,3.86,4.59,1.12,1.15,3.28,2.86,4.76,2.72,1.7,1.36,8.62,7.54,8.51,7.12,8.12,10.6,8.15,2.89,1.0,2.39,3.77,17.14
00-0037667,Kerby Joseph,DET,S,1.0,1933,measured,13.7,13.51,14.53,14.35,9.0,16.26,11.8,12.27,10.84,11.67,7.94,12.14,7.58,14.01,15.08,15.07,3.07,3.55,4.24,3.67,2.93,5.18,3.14,2.16,2.69,3.71,3.18,3.87,3.81,3.3,1.74,2.2,1.73,2.15,3.51,4.1,3.47,6.28,8.21,17.33,15.0,16.0,9.56,19.66,3.42,5.31,3.13,3.8,7.88
00-0039448,Loren Strickland,DET,S,,0,prior,9.9,13.14,13.38,14.61,7.74,13.99,11.8,9.53,10.42,9.79,7.1,15.74,9.94,5.61,14.85,11.39,1.9,2.08,1.58,3.96,1.38,4.7,2.84,3.08,1.36,1.54,3.28,2.4,3.07,2.81,3.05,1.03,3.7,3.94,2.33,2.85,3.38,8.44,4.92,7.98,10.73,11.73,9.18,10.09,3.86,3.43,4.55,3.35,17.98
00-0039660,Thomas Harper,DET,S,2.0,166,measured,10.5,13.29,13.59,14.5,7.25,13.69,11.8,10.16,6.76,8.8,6.0,10.69,15.38,12.99,11.05,11.39,2.98,5.38,3.01,3.75,3.31,3.1,1.29,3.82,2.93,3.0,3.52,4.17,2.05,2.52,2.06,3.19,1.45,2.4,4.57,2.07,2.28,9.03,9.31,9.97,9.36,10.36,9.04,12.0,2.06,3.38,4.92,4.31,17.59
00-0036754,Brock Wright,DET,TE,2.0,1054,measured,12.4,10.52,11.74,12.05,9.53,12.91,11.8,10.53,11.1,5.52,7.93,12.17,10.68,13.82,4.9,14.99,2.62,2.55,1.51,4.05,2.32,2.92,3.32,6.83,1.06,15.36,19.14,14.94,18.46,9.72,14.96,7.26,14.46,3.97,4.42,5.25,2.16,2.21,3.97,3.17,2.8,2.54,3.11,3.97,1.68,2.71,3.46,2.19,2.78
00-0036510,Kenny Yeboah,DET,TE,4.0,185,measured,10.4,11.1,11.55,11.9,8.81,12.87,11.8,12.12,4.87,7.37,7.69,13.43,9.85,6.36,14.46,5.15,2.16,3.36,3.88,2.4,1.83,3.54,1.84,13.67,3.97,7.11,10.9,7.87,7.89,9.03,8.28,14.69,11.89,11.41,2.89,3.79,3.45,1.0,4.42,3.66,1.59,5.5,1.22,3.57,4.6,4.95,3.31,3.42,3.28
00-0039065,Sam LaPorta,DET,TE,1.0,1489,measured,15.2,12.56,14.02,14.48,9.2,14.29,11.8,13.96,7.74,11.09,7.94,7.83,7.38,13.68,15.38,14.83,3.18,2.72,1.0,2.24,2.83,3.77,1.18,16.05,5.45,12.33,16.11,15.66,15.24,15.8,16.87,19.4,13.1,17.26,4.37,4.26,1.75,2.32,3.99,2.67,5.51,3.74,4.46,2.21,3.24,3.46,1.0,2.73,4.78
00-0036534,Shane Zylstra,DET,TE,3.0,188,measured,9.0,11.74,12.45,11.41,7.65,13.02,11.8,9.48,7.73,3.51,8.62,13.67,12.28,15.11,11.05,11.39,3.49,3.8,3.0,3.68,4.79,4.01,2.5,13.61,2.42,6.76,10.54,9.94,8.84,6.09,7.56,9.64,9.34,6.36,1.63,2.57,3.56,3.12,2.73,4.37,2.99,1.88,4.97,2.83,3.52,2.44,2.66,3.57,3.06
00-0040387,Zach Horton,DET,TE,,0,prior,10.4,10.66,11.87,12.04,9.37,12.98,11.8,8.53,3.78,3.53,6.02,9.81,11.04,10.4,11.05,11.39,1.61,3.86,2.56,4.96,3.43,3.93,2.63,13.6,2.66,12.23,16.02,9.46,9.06,9.21,9.72,10.97,10.38,7.69,3.55,1.72,3.25,4.59,2.95,2.52,4.15,1.85,1.62,4.52,3.31,2.31,3.43,4.57,3.09
00-0036963,Amon-Ra St. Brown,DET,WR,1.0,1972,measured,16.3,14.08,15.82,15.4,10.0,16.82,11.8,14.05,16.21,15.11,7.61,16.55,15.81,15.15,17.18,18.45,2.88,3.15,3.21,2.49,2.19,3.42,2.0,15.89,15.02,14.24,12.93,16.58,18.29,17.86,16.06,3.63,3.42,4.07,2.41,2.49,2.13,2.93,2.52,4.02,3.19,3.56,3.8,2.76,2.27,2.74,3.15,2.72,10.01
00-0040241,Dominic Lovett,DET,WR,2.0,0,prior,9.8,16.62,15.45,14.02,6.38,13.22,11.8,8.51,9.37,8.29,5.89,12.22,9.5,10.4,11.05,11.39,1.44,2.8,3.71,2.92,2.81,3.22,2.06,8.33,7.26,12.47,11.16,4.6,5.43,8.18,8.72,3.23,1.0,1.85,1.95,3.32,2.62,4.04,2.2,3.24,4.41,4.74,2.42,1.01,2.63,2.85,4.02,2.14,12.09
00-0040669,Isaac TeSlaa,DET,WR,2.0,0,prior,10.2,15.93,17.22,16.8,8.5,17.5,11.8,9.65,9.19,10.75,6.6,14.39,8.76,10.4,11.05,11.39,2.32,1.46,3.92,5.17,2.5,1.25,3.37,8.96,7.47,12.1,10.79,4.34,5.29,8.99,9.6,3.71,4.02,1.82,3.7,5.34,2.47,4.15,2.9,4.47,2.79,2.78,4.21,3.22,3.1,2.58,2.04,2.24,11.21
00-0040390,Jackson Meeks,DET,WR,,0,prior,9.6,13.93,14.8,13.37,7.29,14.97,11.8,9.62,11.18,8.17,5.72,4.9,7.77,10.4,11.05,11.39,1.15,3.22,3.05,4.39,2.35,4.25,2.1,7.11,7.71,12.37,11.07,6.32,6.75,8.0,8.16,2.56,3.37,6.03,2.7,4.27,3.45,3.75,2.53,3.0,3.49,4.34,3.05,3.23,3.5,3.49,2.14,1.9,8.94
00-0037240,Jameson Williams,DET,WR,1.0,1110,measured,12.5,14.78,15.28,14.2,6.16,14.63,11.8,9.96,11.48,11.91,8.14,10.69,13.48,12.12,15.3,17.02,3.06,3.23,1.95,2.06,1.59,3.69,2.1,15.08,13.64,15.94,14.63,8.43,9.09,13.63,13.04,3.56,3.53,3.02,3.01,4.36,4.54,4.62,2.32,4.42,3.18,2.58,2.08,3.0,4.83,3.95,1.0,4.21,12.45
00-0032464,Kalif Raymond,DET,WR,1.0,654,measured,14.5,14.34,14.03,12.62,7.17,13.96,11.8,13.24,13.69,13.25,11.67,13.53,12.45,7.16,18.94,17.83,2.94,3.63,4.03,4.14,2.59,3.76,3.75,13.55,13.3,14.62,13.31,17.48,12.83,14.38,12.73,3.54,4.06,2.71,2.35,4.63,1.76,3.45,4.27,3.8,3.88,3.76,2.81,2.8,3.01,5.37,3.42,1.0,16.34
00-0038647,Ronnie Bell,DET,WR,,214,measured,8.4,13.48,13.78,14.78,7.0,15.84,11.8,8.02,3.13,6.36,8.14,9.11,17.09,14.69,11.05,11.39,2.16,3.19,2.68,2.79,1.83,3.59,1.06,7.76,5.73,11.07,9.76,6.66,5.36,4.33,5.75,3.73,3.55,3.1,1.0,3.38,1.0,3.32,1.07,3.66,3.84,2.71,1.89,3.69,2.74,3.01,4.44,2.84,8.81
00-0035544,Tom Kennedy,DET,WR,,102,measured,9.1,14.41,14.55,13.03,7.39,14.62,11.8,10.09,8.08,10.2,9.77,12.13,12.33,15.11,11.05,11.39,2.71,3.03,2.9,3.25,2.24,3.06,2.85,8.33,7.08,12.71,11.4,8.59,4.98,5.01,6.47,1.0,2.89,4.13,1.82,3.68,2.23,3.4,2.82,2.98,3.47,2.65,2.4,2.16,5.27,2.38,5.53,4.01,10.6
00-0035526,Elgton Jenkins,GB,C,1.0,1981,measured,15.6,2.83,5.52,5.74,14.77,8.2,11.8,12.52,12.29,11.12,10.87,10.54,16.22,12.12,6.45,16.15,1.88,2.77,2.69,4.04,4.51,3.13,3.42,3.96,2.71,4.22,2.64,3.49,4.19,2.98,3.4,17.0,19.4,1.9,3.17,2.32,2.6,2.53,1.95,3.79,2.47,2.64,3.45,2.62,3.31,3.02,2.06,2.92,4.87
00-0039817,Jacob Monk,GB,C,3.0,0,prior,9.8,5.47,6.93,6.77,10.98,9.29,11.8,7.12,5.15,7.85,7.16,12.93,12.48,12.99,11.05,11.39,1.68,2.82,2.7,1.0,3.31,3.13,5.84,3.59,2.07,5.12,2.39,3.61,4.34,3.54,3.17,10.76,10.54,1.86,3.49,3.13,3.27,2.83,3.95,1.88,1.67,3.06,2.64,3.24,3.29,3.89,2.07,3.35,3.66
00-0037076,Sean Rhyan,GB,C,1.0,1010,measured,12.1,3.25,6.23,6.34,12.27,11.86,11.8,9.24,13.07,9.2,12.31,11.75,9.87,15.68,11.05,11.39,2.65,1.73,1.26,4.44,1.82,4.12,1.0,2.66,2.27,2.24,3.75,4.58,2.03,4.02,4.84,16.7,10.62,2.67,2.34,3.12,3.19,3.87,2.24,2.98,3.04,2.3,4.4,2.79,3.63,1.84,5.04,3.73,3.74
00-0037091,Bo Melton,GB,CB,2.0,0,prior,8.8,18.01,16.44,14.08,7.08,15.76,11.8,10.48,7.51,6.81,7.0,10.79,9.8,14.69,11.05,11.39,2.63,1.49,1.25,1.38,4.1,2.86,1.77,3.86,2.42,4.53,2.06,1.83,4.96,2.59,2.42,2.11,1.0,3.05,3.17,2.43,1.82,8.47,11.55,18.54,3.98,3.98,10.29,3.95,1.77,2.38,4.4,4.18,6.54
00-0038408,Carrington Valentine,GB,CB,2.0,953,measured,10.5,15.03,16.58,14.01,4.5,17.18,11.8,10.98,9.86,9.92,5.96,13.65,4.29,12.32,6.71,17.02,4.23,2.1,2.08,1.65,4.92,2.74,5.01,1.82,3.4,4.21,5.44,4.3,2.94,3.07,2.5,3.37,3.39,2.87,2.39,1.38,3.22,3.12,5.56,11.08,8.87,8.87,9.51,7.84,3.76,3.66,3.46,3.95,13.41
00-0039867,Javon Bullard,GB,CB,1.0,730,measured,10.1,15.01,15.53,13.81,7.28,15.0,11.8,10.72,9.0,8.56,6.7,13.31,8.28,8.68,6.71,15.42,3.31,1.86,4.68,3.02,4.22,2.54,3.93,3.42,2.55,1.13,2.04,3.65,4.78,3.95,1.91,2.83,2.64,2.51,2.43,1.97,2.35,11.63,14.18,16.08,7.1,7.1,10.35,7.55,1.81,1.81,2.15,1.0,11.48
00-0039831,Kamal Hadden,GB,CB,2.0,0,prior,8.3,15.0,15.8,14.17,6.75,15.15,11.8,7.54,11.07,9.57,5.67,9.73,10.82,12.99,11.05,11.39,3.33,2.07,2.49,5.78,5.33,4.19,2.06,2.9,2.45,3.0,2.1,3.2,3.63,1.16,4.87,3.67,4.65,4.99,2.71,2.92,2.54,8.06,11.55,17.35,3.96,3.96,10.19,3.94,3.29,2.74,3.81,3.19,6.63
00-0035133,Keisean Nixon,GB,CB,1.0,1581,measured,11.1,14.97,15.48,13.85,7.42,15.0,11.8,11.95,11.9,10.26,11.32,10.0,9.94,8.04,7.1,14.99,3.68,5.07,1.86,1.97,1.36,3.81,3.13,3.6,3.98,2.23,2.43,2.09,3.4,2.91,2.3,2.87,4.23,2.52,2.95,4.13,3.24,10.91,13.1,11.26,9.09,9.09,10.39,8.84,2.56,2.91,1.68,3.76,17.26
00-0040020,Micah Robinson,GB,CB,,0,prior,9.0,15.09,15.68,13.72,6.79,14.92,11.8,9.16,6.08,7.9,5.26,9.43,10.55,10.4,11.05,11.39,3.87,2.35,2.61,2.96,2.49,3.06,2.75,2.57,2.5,1.49,2.04,3.12,2.94,3.13,2.31,2.32,3.57,4.3,1.79,1.64,2.19,7.1,12.15,15.15,5.37,5.37,10.2,4.68,4.59,3.89,1.7,3.55,13.15
00-0036871,Nate Hobbs,GB,CB,1.0,1274,measured,11.0,14.77,17.43,15.64,8.5,18.4,11.8,10.98,11.71,9.04,10.34,11.45,15.23,7.3,4.09,4.58,2.89,3.92,5.08,2.93,4.6,3.12,3.43,4.41,3.17,2.0,3.24,4.48,5.34,4.23,3.6,4.14,3.59,2.11,2.73,2.98,3.4,13.2,15.62,13.92,7.82,7.82,10.71,9.91,2.88,2.31,2.8,2.45,14.83
00-0038387,Colby Wooden,GB,DT,1.0,378,measured,12.7,9.47,10.48,8.69,12.0,11.35,11.8,10.8,10.19,11.91,8.1,12.97,6.83,8.36,15.38,17.41,2.52,3.47,2.51,3.97,4.33,3.33,1.66,3.85,2.56,3.29,3.57,4.13,2.6,5.02,2.2,2.06,2.07,2.56,12.32,12.49,13.6,13.47,12.86,12.55,3.29,1.71,3.64,2.94,5.33,1.63,3.99,4.59,1.61
00-0037075,Devonte Wyatt,GB,DT,1.0,781,measured,14.0,9.73,9.67,5.43,13.39,9.41,11.8,10.57,15.55,11.06,9.4,8.33,9.26,12.26,4.66,16.29,2.55,2.88,2.15,1.0,4.51,2.97,3.04,1.45,2.67,2.11,1.16,1.0,2.08,2.98,3.16,2.46,2.95,2.52,16.12,15.93,15.2,12.87,12.68,8.69,3.99,2.91,2.23,2.05,2.12,3.97,3.71,2.48,3.99
00-0039269,James Ester,GB,DT,,0,prior,6.2,6.38,7.67,6.91,13.19,9.84,11.8,7.86,1.34,4.7,5.83,10.72,11.74,10.4,11.05,11.39,1.0,2.71,4.34,3.24,2.69,1.28,4.16,3.13,1.89,2.47,4.34,4.07,1.46,2.79,1.7,3.73,3.33,2.46,4.7,3.38,4.79,5.15,3.79,12.73,1.67,4.39,4.47,2.27,3.4,4.87,2.53,3.58,1.66
00-0038398,Karl Brooks,GB,DT,2.0,658,measured,9.4,6.23,7.51,6.74,13.21,9.66,11.8,8.69,9.38,8.14,5.86,11.85,13.11,14.69,11.05,11.39,1.28,2.2,2.97,1.16,3.62,1.62,2.44,3.7,3.5,3.05,1.48,3.4,3.5,2.68,2.63,2.23,2.31,2.34,10.88,9.49,8.58,7.87,6.58,9.69,3.46,2.29,3.99,3.75,3.41,5.28,1.56,2.47,2.73
00-0040041,Nazir Stackhouse,GB,DT,2.0,0,prior,7.9,4.67,5.93,5.32,13.03,7.99,11.8,6.02,7.58,3.96,4.53,15.71,10.85,10.4,11.05,11.39,3.49,4.01,4.24,3.82,1.57,1.22,2.72,2.27,1.74,2.55,3.43,2.1,3.26,3.29,1.28,2.2,3.45,3.43,7.4,5.53,6.51,7.47,8.09,10.13,2.55,3.0,2.48,2.91,3.49,2.67,3.47,4.36,2.38
00-0040016,Warren Brinson,GB,DT,3.0,0,prior,9.4,5.47,8.48,6.95,12.45,11.15,11.8,6.38,6.47,8.1,5.9,9.76,15.05,10.4,11.05,11.39,4.16,2.47,3.33,4.9,3.51,1.45,2.85,3.49,3.18,4.56,3.95,2.95,3.57,3.24,3.52,3.2,4.45,2.78,9.11,7.73,9.0,8.92,8.54,9.29,1.24,1.89,2.32,3.11,3.59,4.34,2.73,2.54,2.74
00-0037364,Arron Mosby,GB,EDGE,,143,measured,8.6,13.02,14.17,13.14,9.9,14.31,11.8,10.84,8.29,7.39,7.09,9.23,10.75,12.55,14.47,15.42,1.09,3.14,3.45,1.71,3.58,3.43,2.28,1.3,3.32,3.62,1.93,3.53,2.12,1.0,2.72,2.52,1.24,2.79,5.72,7.02,7.28,9.06,7.2,13.61,5.8,6.8,2.39,2.9,2.42,1.21,2.33,3.58,1.84
00-0040010,Barryn Sorrell,GB,EDGE,3.0,0,prior,9.5,11.08,12.78,12.43,14.31,13.58,11.8,9.43,7.85,4.87,7.13,8.79,10.72,10.4,11.05,11.39,3.72,2.38,2.08,2.23,1.53,2.63,1.18,4.2,2.33,3.84,1.98,2.26,3.35,3.85,2.67,4.47,5.27,3.01,7.73,6.81,8.39,10.42,10.04,13.9,5.8,6.8,4.31,2.75,2.49,1.64,2.81,3.81,1.04
00-0038463,Brenton Cox Jr.,GB,EDGE,3.0,152,measured,8.8,9.07,10.28,11.73,12.46,12.3,11.8,8.17,8.33,6.39,6.4,8.14,8.78,14.69,11.05,5.91,2.4,4.87,3.31,3.79,1.55,3.61,2.98,3.39,3.44,2.47,3.92,4.39,3.5,3.66,2.49,1.69,3.43,2.62,8.23,7.26,7.97,9.41,9.03,12.17,5.8,6.8,3.01,4.22,3.8,3.14,3.31,2.8,2.21
00-0040012,Collin Oliver,GB,EDGE,4.0,0,prior,9.6,13.11,15.06,12.32,10.55,16.9,11.8,8.96,10.26,8.83,5.81,8.84,2.29,10.4,11.05,11.39,4.11,2.65,2.81,1.81,1.94,2.86,4.9,4.24,1.7,2.23,2.78,2.45,1.91,2.72,3.7,3.58,3.75,3.72,6.72,7.83,7.98,10.13,10.17,14.79,5.8,6.8,4.87,2.63,3.61,1.09,2.52,3.64,4.04
00-0038491,Deslin Alexandre,GB,EDGE,,0,prior,6.3,9.31,10.66,9.62,12.22,12.42,11.8,6.36,7.25,6.31,7.1,14.23,9.58,10.4,11.05,11.39,3.34,2.87,2.63,3.87,3.35,3.01,3.65,1.14,4.27,4.28,1.82,3.44,3.95,3.38,3.41,3.21,4.52,2.13,5.03,4.22,4.63,4.63,3.63,9.83,5.8,6.8,2.73,3.55,1.0,1.57,3.68,3.94,3.06
00-0037083,Kingsley Enagbare,GB,EDGE,2.0,954,measured,10.6,8.4,10.45,10.26,11.63,14.44,11.8,10.66,9.27,6.02,9.87,6.51,11.14,15.68,11.05,11.39,2.98,2.24,2.28,4.54,2.9,1.76,2.59,2.36,4.05,1.0,3.35,2.1,2.74,3.2,2.2,3.79,3.79,2.12,11.41,10.49,9.82,9.98,13.49,12.15,5.8,6.8,1.35,2.54,1.47,2.44,3.14,2.7,2.36
00-0039112,Lukas Van Ness,GB,EDGE,2.0,626,measured,12.7,12.74,12.89,13.04,8.5,11.6,11.8,9.85,11.99,10.95,6.46,9.68,9.04,14.69,11.05,14.83,3.22,3.19,3.41,1.0,3.29,2.12,2.68,3.14,1.55,4.42,2.92,3.18,3.01,3.75,2.03,1.73,4.13,2.09,11.89,13.59,13.62,13.82,13.07,12.14,5.8,6.8,2.21,4.2,2.66,1.82,1.53,2.93,2.58
00-0036932,Micah Parsons,GB,EDGE,1.0,1577,measured,16.0,16.86,17.06,13.5,9.5,14.28,11.8,12.87,11.71,16.06,9.45,11.87,12.06,12.15,5.88,18.76,1.0,2.85,2.96,1.81,2.97,2.37,3.03,2.71,2.48,3.14,3.09,3.47,3.43,3.42,2.78,2.48,1.82,2.58,16.73,19.65,15.34,12.99,12.51,13.84,5.8,6.8,2.34,3.92,3.69,1.0,1.7,4.47,2.63
00-0034967,Rashan Gary,GB,EDGE,1.0,1127,measured,15.3,12.74,13.38,11.58,13.39,15.62,11.8,13.41,12.67,10.31,8.99,12.89,6.91,17.5,11.05,14.28,3.63,3.69,2.88,4.01,1.55,3.5,2.28,3.16,2.71,5.37,2.6,4.21,3.97,2.89,2.37,4.1,3.68,4.72,16.35,16.4,14.88,16.44,16.27,7.55,5.8,6.8,2.69,4.62,2.57,2.93,4.14,3.65,2.28
00-0029822,Brandon McManus,GB,K,1.0,63,measured,14.3,8.21,9.13,8.4,9.64,10.61,13.09,14.33,11.34,14.28,15.72,18.28,8.04,17.5,11.05,11.39,4.36,2.61,3.2,3.36,3.61,2.77,1.0,1.4,3.34,3.1,3.62,3.5,1.9,2.89,3.64,2.62,1.34,2.99,2.83,2.93,2.04,3.89,1.51,2.23,1.47,2.15,3.11,5.31,13.62,14.9,2.43,3.67,3.3
00-0040766,Mark McNamee,GB,K,,0,prior,16.2,10.35,11.27,10.24,9.64,12.42,10.87,12.03,14.82,14.85,7.57,7.79,16.62,10.4,11.05,11.39,2.57,2.96,2.97,2.98,2.2,3.69,3.88,4.51,2.9,3.64,3.5,3.12,4.66,2.67,3.59,2.16,2.4,2.74,3.69,1.96,4.58,3.64,4.87,3.04,3.8,3.16,4.44,2.19,17.72,14.71,2.62,1.49,2.79
00-0039850,Edgerrin Cooper,GB,LB,1.0,453,measured,15.5,14.08,13.6,12.2,9.77,13.37,11.8,12.46,15.04,15.23,9.8,10.02,11.06,8.13,4.56,15.42,2.5,3.16,2.58,1.87,3.81,1.03,1.4,3.26,1.15,2.75,2.67,3.57,1.47,1.79,5.03,4.83,4.65,1.25,12.75,13.69,17.28,18.39,19.4,17.62,8.98,10.48,1.51,5.05,3.24,2.96,1.0,2.11,2.62
00-0036658,Isaiah McDuffie,GB,LB,1.0,1048,measured,13.3,12.07,12.83,11.67,10.06,13.24,11.8,10.13,12.39,7.67,9.7,7.65,11.26,15.33,14.94,15.42,2.11,3.32,2.26,3.45,1.89,2.92,4.62,3.21,1.4,3.07,3.21,4.22,3.36,2.69,3.19,2.55,3.2,3.19,3.59,3.66,16.95,18.07,16.69,14.63,8.91,10.41,2.4,6.39,2.0,3.47,2.79,2.11,3.28
00-0040037,Jamon Johnson,GB,LB,,0,prior,11.7,11.7,12.51,12.42,11.39,13.44,11.8,8.67,7.07,8.91,6.22,11.49,7.47,10.4,11.05,11.39,2.51,3.14,1.95,3.71,2.24,2.81,2.14,4.75,2.71,2.58,4.83,1.06,2.21,2.78,3.49,2.53,3.42,3.16,7.17,6.72,13.17,12.69,13.24,15.35,8.96,10.46,2.08,9.27,3.21,2.68,4.89,1.88,3.92
00-0036157,Kristian Welch,GB,LB,,46,prior,10.3,12.1,13.27,13.29,10.15,13.8,11.8,9.31,7.35,6.23,10.04,8.42,13.73,11.93,14.56,8.3,1.0,2.57,1.74,2.88,2.92,4.68,1.77,3.91,2.22,1.75,1.35,2.65,2.37,1.27,2.38,3.46,4.27,3.54,12.04,12.15,8.12,10.41,12.55,13.57,4.34,5.84,4.49,2.34,4.25,3.09,3.06,2.89,3.86
00-0036648,Nick Niemann,GB,LB,2.0,202,measured,11.2,15.47,15.08,17.35,9.92,13.36,11.8,10.2,7.08,7.79,8.07,9.46,6.99,17.5,11.05,15.42,2.58,2.74,4.4,3.39,1.0,1.88,2.59,1.89,3.7,3.64,2.53,3.0,3.29,4.29,2.75,3.45,4.1,2.47,8.75,10.13,8.08,10.39,12.57,14.97,7.5,9.0,2.9,3.73,1.0,2.86,1.0,4.3,1.0
00-0037074,Quay Walker,GB,LB,1.0,1586,measured,13.9,13.85,14.47,13.88,9.84,12.84,11.8,10.67,11.95,12.96,10.18,11.04,12.79,7.87,6.11,13.95,3.6,2.75,3.68,1.83,4.06,4.22,3.84,3.61,2.78,3.53,1.0,1.88,3.82,3.45,1.4,2.77,2.73,3.2,9.18,10.02,16.35,16.4,14.91,19.78,8.62,10.12,4.18,7.96,3.79,2.12,3.43,3.4,3.45
00-0039812,Ty'Ron Hopper,GB,LB,2.0,17,prior,8.3,12.3,13.23,12.05,9.58,13.42,11.8,7.02,1.53,3.56,7.1,7.75,11.15,12.99,11.05,15.42,1.86,1.62,2.92,4.0,3.84,1.5,3.53,4.3,3.31,1.0,2.88,3.17,2.97,3.19,2.71,2.96,1.18,4.68,11.77,12.16,5.14,7.02,8.15,12.62,4.2,5.7,2.33,2.09,1.57,3.61,4.11,3.13,3.69
00-0035118,Matthew Orzech,GB,LS,1.0,1,prior,9.4,9.71,10.57,9.92,9.53,11.77,10.63,10.61,8.55,9.28,10.26,8.68,13.4,17.5,11.05,14.38,2.43,3.63,3.66,4.54,3.06,3.07,3.31,3.41,2.12,2.27,1.3,2.88,3.28,3.14,4.25,2.71,1.53,3.44,3.19,1.68,2.77,2.7,4.92,2.98,3.53,1.0,2.89,1.65,3.79,4.61,2.36,1.45,3.5
00-0036551,Aaron Banks,GB,OG,1.0,1654,measured,10.9,2.2,3.7,5.02,12.46,9.26,11.8,8.7,6.51,5.76,8.65,10.86,8.41,8.23,17.15,17.69,3.11,4.94,1.92,2.71,3.6,3.29,3.67,3.18,2.18,2.45,4.02,3.44,3.84,1.66,3.93,12.88,10.62,2.99,4.99,3.3,3.45,2.89,1.81,4.1,2.8,3.72,2.69,3.61,4.78,5.23,2.8,2.32,3.23
00-0040034,Brant Banks,GB,OG,,0,prior,11.6,4.03,6.17,6.62,12.51,8.93,11.8,8.54,7.34,9.02,5.42,4.2,11.47,10.4,11.05,11.39,3.74,3.21,2.57,2.84,3.5,2.84,2.39,3.06,2.92,2.62,4.72,3.12,2.18,2.71,4.79,10.77,14.47,2.22,3.82,3.78,1.8,3.87,2.41,2.44,1.0,3.24,2.82,4.56,1.62,3.42,2.77,3.9,2.67
00-0037194,Darian Kinnard,GB,OG,2.0,67,prior,9.9,2.35,3.58,1.89,13.04,5.64,11.8,8.38,12.3,5.87,7.37,7.81,4.76,14.15,11.05,11.39,1.62,3.52,2.15,2.02,3.13,2.81,3.26,2.89,4.18,3.91,4.32,2.55,2.73,2.12,3.26,10.74,10.28,2.71,3.37,3.0,3.37,2.71,4.89,2.32,2.52,2.83,1.43,3.07,2.77,2.4,4.44,3.31,2.93
00-0039272,Donovan Jennings,GB,OG,2.0,0,prior,10.1,3.58,4.99,4.11,13.22,7.81,11.8,9.27,11.49,7.51,5.85,11.55,8.07,10.4,11.05,11.39,1.63,3.11,1.0,1.13,1.79,1.25,4.07,2.46,2.99,2.16,3.28,3.14,3.09,3.11,2.36,12.78,7.59,3.89,2.91,2.42,2.94,3.41,3.42,3.28,1.65,2.38,1.47,5.09,3.88,2.27,2.8,1.71,2.44
00-0039819,Travis Glover,GB,OG,3.0,11,prior,11.8,3.88,5.78,5.78,12.75,8.56,11.8,9.36,10.04,11.62,8.38,11.23,7.06,12.99,11.05,11.39,2.63,5.1,3.87,4.31,1.62,4.0,3.32,2.52,2.25,3.29,3.76,3.52,2.57,3.61,3.61,14.61,10.69,2.63,3.8,2.26,3.76,3.3,3.4,3.05,3.75,2.48,1.58,4.44,3.71,3.24,2.6,3.75,3.48
00-0040726,Anthony Belton,GB,OT,2.0,0,prior,9.9,3.1,5.55,4.92,11.11,9.17,11.8,7.3,4.66,4.25,5.44,2.79,11.19,10.4,11.05,11.39,3.6,2.62,1.83,3.46,2.68,1.0,4.48,3.24,1.01,1.0,2.27,3.19,3.69,3.61,4.19,11.3,10.9,2.65,4.26,3.39,3.47,5.0,4.07,2.34,3.09,3.11,4.34,2.21,3.05,2.9,3.41,1.62,3.46
00-0040083,Dalton Cooper,GB,OT,,0,prior,10.6,3.89,5.88,5.2,11.78,8.4,11.8,9.47,6.45,7.26,5.65,11.17,3.35,10.4,11.05,11.39,3.28,4.26,3.29,2.81,4.45,4.21,3.04,2.95,3.94,3.06,2.65,4.51,4.63,3.54,2.85,12.57,11.2,3.52,3.03,4.24,2.27,3.09,2.48,5.16,1.04,1.38,1.27,2.6,3.14,3.46,4.42,1.0,3.68
00-0040023,John Williams,GB,OT,3.0,0,prior,10.5,4.4,5.95,4.65,12.21,8.47,11.8,8.28,9.14,5.63,6.7,8.79,13.58,10.4,11.05,11.39,3.15,3.79,2.63,3.92,2.9,4.65,1.0,3.19,3.19,2.37,2.11,3.49,4.97,2.9,3.37,12.49,11.19,2.95,3.4,4.87,4.44,3.62,1.0,3.82,3.27,1.99,1.0,1.96,2.49,3.91,3.12,2.16,2.51
00-0039904,Jordan Morgan,GB,OT,2.0,167,measured,10.8,6.13,7.67,4.74,12.03,8.83,11.8,9.39,8.09,4.99,7.26,12.02,13.57,5.24,7.42,7.95,1.92,4.18,1.89,4.5,2.02,1.79,2.97,4.16,4.55,3.46,3.88,2.69,1.91,1.97,3.9,13.09,10.99,4.77,2.12,4.48,3.56,2.08,3.0,2.64,3.12,4.07,2.65,3.47,4.32,2.92,2.0,1.89,2.9
00-0037196,Rasheed Walker,GB,OT,1.0,1542,measured,14.3,3.68,5.41,4.43,11.38,7.96,11.8,8.11,11.47,13.18,9.45,8.53,10.07,15.68,11.05,15.42,1.9,3.18,2.43,2.71,2.92,3.06,2.23,1.93,3.17,3.77,3.13,2.15,3.2,1.93,2.79,16.8,18.48,5.79,4.92,1.49,2.39,3.29,3.72,2.68,3.59,3.18,1.91,3.86,2.17,2.81,4.99,2.79,3.21
00-0037817,Zach Tom,GB,OT,1.0,1884,measured,16.2,7.47,10.23,9.91,13.24,12.72,11.8,12.02,10.0,14.24,10.5,16.09,9.39,15.68,11.05,14.83,3.05,2.84,1.48,3.47,2.45,2.95,2.55,3.72,1.83,3.49,3.36,3.2,1.88,3.32,3.85,19.11,18.33,2.76,1.88,2.67,1.29,3.25,5.0,3.44,2.51,3.06,3.29,2.44,3.76,4.2,4.28,2.38,2.68
00-0037547,Daniel Whelan,GB,P,1.0,57,measured,10.6,8.38,10.04,9.67,9.83,12.07,11.33,9.8,7.66,3.77,8.79,9.39,11.32,14.69,11.05,11.39,4.11,5.07,4.84,6.06,3.2,3.96,2.79,2.38,3.86,3.37,2.63,1.99,3.0,1.66,3.54,1.33,3.94,3.93,4.02,3.41,3.28,3.18,4.88,3.4,3.79,1.0,3.82,2.69,2.99,2.27,11.63,9.5,2.16
00-0038582,Clayton Tune,GB,QB,,68,prior,6.1,11.69,13.33,14.64,9.76,15.68,11.8,7.25,5.49,6.68,8.47,9.28,13.89,14.69,11.05,11.39,4.97,5.52,7.55,4.92,4.87,7.9,4.96,4.71,3.15,1.0,2.12,2.11,1.17,1.51,2.17,1.0,2.72,2.89,3.24,3.42,2.82,2.01,3.14,3.53,5.39,2.82,2.71,2.08,3.44,2.06,3.36,3.95,2.86
00-0036264,Jordan Love,GB,QB,1.0,1515,measured,14.6,10.15,11.58,10.24,9.76,13.92,11.8,13.95,13.77,11.92,12.05,7.52,14.04,17.5,11.05,7.47,15.81,12.97,14.63,15.86,11.38,18.39,14.34,15.9,4.08,9.88,2.45,1.68,3.31,1.54,2.53,2.43,4.67,3.57,4.7,3.86,3.4,1.52,1.02,3.16,1.29,1.49,2.22,4.6,3.62,3.56,4.92,2.9,2.45
00-0038128,Malik Willis,GB,QB,2.0,301,measured,8.7,9.59,9.91,12.29,9.76,10.93,11.8,9.66,8.71,10.64,8.7,15.17,13.82,15.68,11.05,11.39,9.2,9.06,7.19,8.59,8.32,6.69,10.26,9.33,3.83,3.05,3.92,5.01,3.12,3.05,2.69,3.92,3.97,3.16,4.93,3.14,1.0,2.89,3.53,2.22,3.72,1.54,2.58,2.97,3.53,3.02,2.87,1.0,3.42
00-0038685,Chris Brooks,GB,RB,3.0,186,measured,10.2,12.86,13.71,11.6,9.86,13.75,11.8,8.7,8.38,6.39,8.04,6.83,9.83,14.69,11.05,4.4,1.53,1.87,2.69,3.82,3.51,2.79,3.63,13.83,8.65,7.36,7.5,13.71,2.78,6.64,5.86,3.49,4.16,4.49,3.68,2.55,2.11,4.37,3.0,4.5,3.83,3.29,3.72,3.65,3.73,2.53,2.81,3.91,9.61
00-0038797,Emanuel Wilson,GB,RB,2.0,262,measured,12.7,13.23,13.76,12.28,9.32,13.69,11.8,10.72,10.97,13.43,5.75,13.56,6.77,7.31,6.32,8.39,1.89,2.12,3.32,1.63,2.51,3.9,3.24,15.1,14.93,9.6,10.71,14.52,1.63,4.66,4.36,5.71,9.58,6.71,3.09,1.19,4.08,3.59,2.16,3.31,3.35,2.86,3.04,4.1,2.43,1.53,1.83,3.41,10.1
00-0038389,Israel Abanikanda,GB,RB,,52,prior,9.0,13.42,13.79,12.66,9.05,13.66,11.8,9.28,6.99,7.78,6.11,10.95,7.85,12.41,11.05,14.05,2.05,2.15,2.83,3.3,1.99,1.46,3.14,14.55,6.01,6.31,5.18,6.75,4.42,8.88,9.72,2.49,6.71,3.49,1.92,2.12,4.21,2.87,2.9,3.05,3.39,1.97,3.97,3.43,2.07,2.21,5.91,3.5,12.78
00-0035700,Josh Jacobs,GB,RB,1.0,1363,measured,13.1,13.18,13.62,12.62,9.33,13.64,11.8,12.47,9.86,14.02,11.61,9.68,8.96,6.21,7.04,8.32,2.45,4.06,3.84,4.32,3.02,2.13,3.86,8.84,14.06,15.32,16.24,8.5,2.02,10.72,8.92,7.53,8.11,8.53,3.14,2.77,3.54,2.35,3.04,1.43,3.22,4.16,2.41,3.42,2.28,2.93,2.77,4.47,12.58
00-0039811,MarShawn Lloyd,GB,RB,4.0,9,prior,8.9,15.24,14.22,13.04,12.92,14.25,11.8,9.69,9.6,6.46,6.61,9.59,9.2,4.31,16.67,7.95,2.16,3.49,2.5,2.02,1.0,3.54,2.78,15.98,4.77,4.93,4.78,5.8,3.85,6.89,6.72,2.19,7.18,3.19,3.72,3.02,3.23,2.32,2.83,4.03,3.3,4.68,3.31,4.66,2.33,1.92,2.58,3.29,14.67
00-0039813,Evan Williams,GB,S,1.0,432,measured,14.4,12.37,14.66,14.38,7.3,17.56,11.8,10.86,13.04,13.41,6.72,12.16,13.58,7.76,14.28,7.95,2.14,2.81,5.43,3.72,3.65,4.16,3.04,3.21,1.75,4.37,2.48,1.92,1.0,3.9,1.84,2.35,3.17,3.88,3.0,2.41,2.21,11.59,14.03,12.68,16.49,17.49,9.05,16.44,2.8,3.05,2.65,5.08,11.21
00-0039383,Jaylin Simpson,GB,S,,0,prior,10.8,15.47,17.63,14.13,6.54,17.87,11.8,9.21,9.5,9.11,5.55,7.43,8.17,12.99,11.05,11.39,2.97,4.43,1.84,4.54,2.88,4.61,1.0,4.62,2.99,3.49,1.52,2.5,1.0,4.15,3.86,3.43,3.56,1.87,2.75,2.42,3.63,9.35,5.5,8.9,11.73,12.73,8.82,11.13,2.41,3.24,1.99,3.05,17.92
00-0040033,Johnathan Baldwin,GB,S,,0,prior,11.7,13.51,14.45,14.35,7.73,14.37,11.8,10.25,8.45,9.16,5.68,9.32,11.46,10.4,11.05,11.39,1.3,2.34,2.96,2.63,1.69,2.52,1.24,3.1,2.16,2.15,2.87,1.63,3.47,3.28,3.12,3.33,1.46,3.18,2.32,3.0,3.43,9.47,9.39,12.14,11.91,12.91,9.18,12.99,2.16,4.1,2.68,3.06,15.36
00-0039818,Kitan Oladapo,GB,S,2.0,62,prior,11.0,13.54,15.02,14.36,8.85,15.62,11.8,9.96,9.49,9.52,7.15,13.18,10.27,12.99,11.05,11.39,2.89,3.11,3.03,3.93,2.76,3.16,3.01,4.92,1.57,3.17,3.79,4.2,2.7,2.02,2.43,2.99,2.94,2.31,1.6,4.29,3.96,9.08,7.45,8.53,11.27,12.27,9.51,13.6,3.63,4.29,2.48,1.6,17.46
00-0036388,Xavier McKinney,GB,S,1.0,1954,measured,14.2,11.85,13.4,14.32,9.5,14.81,11.8,13.08,16.17,11.88,9.34,11.78,7.01,17.5,11.05,11.39,4.12,3.39,3.77,2.43,1.86,2.57,2.61,4.32,3.55,3.88,2.9,2.41,4.02,2.98,3.25,3.49,2.17,5.16,1.99,2.06,2.66,11.43,9.22,13.5,16.72,17.72,9.71,18.06,2.17,1.58,3.79,1.0,4.9
00-0036677,Zayne Anderson,GB,S,2.0,117,measured,9.6,13.44,14.95,14.09,8.47,15.14,11.8,11.51,10.46,6.4,9.45,8.41,8.08,8.21,6.3,6.88,3.26,1.2,2.86,4.25,4.7,1.62,2.69,2.77,4.09,2.03,3.25,2.85,2.8,2.53,4.92,3.77,4.14,3.56,5.78,2.52,3.14,9.62,6.86,9.08,7.91,8.91,9.4,9.68,4.49,3.91,2.1,2.1,17.42
00-0038809,Ben Sims,GB,TE,3.0,325,measured,10.0,10.41,11.67,12.09,9.67,12.89,11.8,7.81,5.75,5.29,5.89,15.0,8.27,14.69,11.05,11.39,3.65,2.04,1.67,4.35,2.89,4.29,4.75,13.41,2.84,10.44,14.22,10.44,9.2,8.36,8.94,8.94,11.73,5.65,3.37,5.34,3.36,3.32,2.07,3.72,3.56,4.16,2.77,2.78,3.08,2.77,1.5,1.2,5.38
00-0037306,John FitzPatrick,GB,TE,4.0,75,prior,8.6,10.64,11.73,11.96,9.35,12.83,11.8,8.05,7.14,4.97,6.37,6.25,5.39,14.69,11.05,5.91,3.63,3.27,3.99,2.39,3.01,3.87,3.29,15.94,2.43,4.22,8.0,7.81,7.33,6.46,5.72,10.26,10.85,6.97,1.13,3.26,3.03,1.77,2.57,3.61,3.88,1.48,1.87,2.97,3.69,2.86,3.78,5.08,5.56
00-0038589,Josh Whyle,GB,TE,,422,measured,12.4,10.92,11.21,11.96,9.35,12.52,11.8,9.68,10.01,11.09,7.24,9.16,10.04,8.27,7.64,5.05,2.03,3.08,3.1,1.99,3.17,4.12,2.46,15.59,3.17,9.72,13.5,12.08,9.83,15.66,15.37,11.79,12.89,8.5,3.01,4.14,3.55,4.56,1.0,1.24,3.55,3.96,3.5,4.07,3.72,2.82,1.0,3.01,3.14
00-0039144,Luke Musgrave,GB,TE,2.0,442,measured,11.6,12.18,14.32,12.0,9.42,15.23,11.8,8.49,6.83,7.83,6.0,13.71,11.44,4.94,13.72,14.62,2.97,2.02,2.77,3.22,2.58,3.29,4.3,16.42,2.65,4.34,8.12,15.35,11.05,14.46,12.86,8.2,12.03,4.92,2.47,3.23,1.0,3.66,1.0,1.0,1.0,3.46,2.15,3.49,4.11,3.08,3.12,3.1,2.39
00-0038996,Tucker Kraft,GB,TE,1.0,1263,measured,13.9,10.92,12.95,12.8,12.0,13.72,11.8,10.73,12.79,8.96,7.66,9.68,8.36,14.69,11.05,15.42,3.82,3.54,3.58,3.51,3.29,4.11,2.93,11.3,2.46,17.34,20.0,11.74,11.67,16.69,17.29,16.96,7.89,13.85,4.02,2.04,2.4,1.5,1.68,3.84,2.82,3.19,4.72,1.41,3.75,3.11,3.17,2.87,1.26
00-0038124,Christian Watson,GB,WR,3.0,1020,measured,12.6,17.55,18.91,13.87,6.56,17.53,11.8,10.59,9.23,11.1,8.0,11.2,8.11,7.09,5.62,7.53,4.48,2.34,2.55,3.13,2.38,3.76,2.82,6.92,12.08,12.75,11.44,8.26,9.65,11.6,12.95,2.17,4.26,2.26,2.72,1.23,3.19,2.27,2.69,3.65,1.54,3.06,3.16,1.3,4.4,3.7,3.18,1.0,9.11
00-0038393,Dontayvion Wicks,GB,WR,2.0,846,measured,10.9,12.0,15.29,13.27,7.45,17.37,11.8,9.92,9.59,9.14,10.4,12.5,7.63,14.69,11.05,16.11,2.29,2.69,4.73,1.88,4.73,4.18,2.32,5.89,11.83,13.57,12.26,4.45,7.26,12.95,13.62,3.47,3.49,2.75,3.1,2.65,5.2,3.98,2.7,1.83,2.33,3.23,4.05,1.88,2.12,1.71,4.05,3.45,9.23
00-0040558,Isaiah Neyor,GB,WR,,0,prior,9.6,13.52,14.73,13.28,7.38,15.03,11.8,10.91,6.28,8.74,5.44,9.09,14.68,10.4,11.05,11.39,1.46,2.81,2.0,1.62,2.7,3.55,3.3,7.11,7.71,12.37,11.07,6.32,6.75,8.0,8.16,4.54,1.96,2.75,2.28,3.29,4.35,3.82,4.93,2.02,3.92,2.02,4.35,4.31,4.03,3.19,3.48,4.1,8.78
00-0039146,Jayden Reed,GB,WR,1.0,1009,measured,14.5,15.47,15.08,13.61,6.83,13.36,11.8,12.43,13.34,10.26,8.29,7.44,13.76,14.69,11.05,16.03,1.0,2.81,3.61,2.48,4.52,1.38,2.49,14.0,13.55,13.73,12.43,12.58,10.18,16.93,15.82,4.32,1.0,4.57,4.47,1.58,2.0,2.88,1.71,1.0,3.59,4.2,3.81,2.8,2.58,2.15,2.29,3.55,10.36
00-0038465,Malik Heath,GB,WR,2.0,318,measured,9.4,11.69,13.82,12.52,7.63,14.0,11.8,9.13,9.79,5.7,6.73,11.17,6.63,14.69,11.05,11.39,3.89,2.16,4.25,3.94,2.77,2.15,3.82,8.88,6.23,8.62,7.31,5.82,5.72,9.62,10.54,2.93,2.37,3.43,2.45,1.69,4.48,2.73,3.36,1.13,3.1,4.87,3.61,3.63,3.36,2.81,1.21,3.54,9.5
00-0040667,Matthew Golden,GB,WR,1.0,0,prior,12.4,19.17,17.37,13.51,7.16,14.88,11.8,10.79,8.75,10.41,7.18,10.86,7.13,10.4,11.05,11.39,2.85,3.52,4.36,2.64,3.65,3.98,3.09,17.52,11.66,13.4,12.1,8.46,5.98,12.18,12.02,2.11,2.3,2.82,2.82,3.11,1.54,2.22,1.05,3.72,2.26,3.53,2.62,3.23,3.11,2.26,1.52,2.88,15.81
00-0035140,Mecole Hardman,GB,WR,,328,measured,12.9,18.24,16.07,13.7,8.5,14.72,11.8,12.63,12.75,11.74,10.77,11.02,7.33,5.84,18.31,8.08,2.4,3.41,3.26,3.24,2.97,5.2,1.92,8.73,10.72,13.41,12.1,8.19,7.33,13.26,15.48,3.11,2.88,2.57,3.29,2.5,2.49,2.61,3.39,2.65,2.46,2.34,3.43,1.67,2.45,3.4,4.69,5.45,11.11
00-0037816,Romeo Doubs,GB,WR,1.0,1376,measured,11.8,14.31,15.06,13.86,6.61,14.78,11.8,10.96,9.32,11.76,7.23,7.24,10.21,7.98,5.48,6.51,4.2,3.33,4.35,3.8,3.79,3.39,3.99,10.79,7.91,7.29,5.98,9.79,12.94,11.3,10.61,4.38,4.08,3.05,2.74,2.74,1.16,2.72,2.78,4.44,4.79,2.45,4.27,4.44,2.31,4.41,4.37,3.84,12.75
00-0040009,Savion Williams,GB,WR,2.0,0,prior,9.5,14.77,15.39,13.19,7.51,15.07,11.8,9.26,9.47,9.51,6.52,9.96,5.46,10.4,11.05,11.39,2.22,1.5,2.96,2.9,3.91,3.5,4.57,8.89,7.41,12.18,10.87,4.35,5.29,8.71,9.35,2.35,2.88,2.17,2.84,3.53,2.25,2.07,5.23,2.04,3.81,4.96,2.56,3.38,3.79,2.64,3.47,4.78,10.86
00-0040753,Will Sheppard,GB,WR,,0,prior,9.7,14.06,15.01,13.82,6.66,14.81,11.8,9.43,11.06,11.62,7.01,9.5,12.98,10.4,11.05,11.39,3.49,3.5,4.56,2.88,2.74,4.16,2.69,7.11,7.71,12.37,11.07,6.32,6.75,8.0,8.16,4.45,2.98,3.95,2.66,3.29,2.93,3.71,3.68,3.1,2.4,4.37,1.99,3.61,4.37,2.82,1.85,3.81,8.99
00-0040410,Eli Cox,HOU,C,,0,prior,10.3,6.4,7.6,7.34,12.35,11.27,11.8,7.54,10.7,4.55,6.77,10.26,14.99,10.4,11.05,11.39,4.98,2.97,2.86,3.78,1.81,2.94,3.87,2.84,2.05,3.39,2.54,4.59,5.63,2.83,2.66,10.96,10.89,3.76,3.06,2.92,2.22,2.09,2.94,2.93,3.63,1.26,4.0,2.84,2.26,3.05,4.34,2.4,2.7
00-0039030,Jake Andrews,HOU,C,1.0,48,prior,11.0,4.67,5.33,6.28,10.52,6.7,11.8,11.35,7.55,6.92,9.36,12.78,8.64,12.41,11.05,11.39,1.39,2.61,3.77,2.73,4.6,2.36,2.9,1.98,3.24,3.13,4.08,1.39,3.03,3.23,3.89,12.78,10.88,2.32,4.49,2.74,4.45,4.25,3.2,2.11,3.46,3.03,2.04,2.89,1.54,3.16,1.16,4.44,2.67
00-0038615,Jarrett Patterson,HOU,C,2.0,819,measured,11.7,2.05,4.83,4.39,12.41,9.05,11.8,9.83,4.49,10.55,5.62,14.55,6.86,12.32,15.46,5.91,5.05,1.0,2.19,3.97,2.06,3.67,3.15,3.84,3.14,2.14,2.1,2.52,2.72,3.77,2.52,10.32,16.06,3.59,3.94,1.21,2.07,2.94,3.45,2.87,2.04,2.92,1.26,2.94,3.14,1.82,1.64,3.95,3.82
00-0040411,Alijah Huzzie,HOU,CB,2.0,0,prior,9.8,15.04,15.55,13.91,7.42,15.06,11.8,9.9,8.19,9.58,5.16,16.02,10.38,10.4,11.05,11.39,3.17,1.6,4.24,3.88,3.96,2.89,2.06,4.08,2.92,1.38,3.22,3.03,3.68,4.03,4.56,2.97,4.04,2.37,3.04,1.75,3.83,7.15,11.56,14.72,7.01,7.01,10.39,5.86,2.16,3.15,1.6,3.59,14.42
00-0034966,D'Angelo Ross,HOU,CB,,176,measured,9.2,14.83,15.21,13.36,7.34,14.66,11.8,9.23,9.44,7.27,7.82,14.64,9.11,15.29,11.05,11.39,4.27,3.0,4.66,2.69,3.5,5.1,2.58,2.43,4.04,3.67,3.4,2.41,4.52,2.35,2.83,2.32,2.93,2.26,2.42,4.0,4.57,7.05,8.91,14.09,6.07,6.07,10.37,5.89,3.58,2.66,2.83,1.48,11.42
00-0036359,Damon Arnette,HOU,CB,,0,prior,7.7,12.78,14.35,13.73,6.89,14.8,11.8,9.39,5.46,7.41,8.17,10.67,11.81,5.51,13.81,11.39,1.72,2.94,1.58,2.59,1.89,4.52,1.23,3.11,2.13,2.21,2.61,3.98,4.21,1.0,3.35,3.65,3.25,4.03,3.32,4.42,3.44,6.65,9.62,16.44,3.96,3.96,10.23,4.02,2.46,2.4,2.39,5.3,3.19
00-0037237,Derek Stingley Jr.,HOU,CB,1.0,1636,measured,15.9,15.01,15.8,14.13,6.69,15.13,11.8,12.47,14.11,14.36,8.59,8.26,8.18,7.39,4.94,11.39,2.75,4.55,2.43,2.96,2.53,1.97,1.95,2.62,2.54,3.61,3.39,3.2,2.68,2.4,3.15,3.77,2.53,2.4,3.2,3.19,2.36,6.42,3.76,9.6,18.4,18.4,10.17,18.89,2.3,2.78,3.82,3.77,4.49
00-0037246,Jalen Pitre,HOU,CB,1.0,1656,measured,14.0,15.0,15.71,16.44,8.0,14.51,11.8,12.77,14.74,14.87,9.14,7.13,18.24,7.8,7.65,11.39,4.43,3.13,1.33,2.69,3.17,2.21,4.13,3.61,3.49,1.96,3.32,2.83,4.06,3.83,2.74,3.33,3.76,4.12,3.64,1.0,4.18,14.94,16.71,15.81,13.7,13.7,10.56,13.23,2.21,1.0,3.61,4.35,9.12
00-0040149,Jaylin Smith,HOU,CB,2.0,0,prior,10.1,15.47,15.33,13.78,6.87,13.06,11.8,10.15,8.14,6.46,5.29,9.24,14.03,10.4,11.05,11.39,4.08,2.34,4.69,2.22,2.5,3.41,4.34,1.52,2.39,2.91,5.82,3.33,3.84,3.42,3.56,2.56,2.47,2.19,1.0,2.46,4.15,6.33,10.44,14.62,7.5,7.5,10.22,6.4,1.83,2.99,3.86,2.97,9.83
00-0039343,Kamari Lassiter,HOU,CB,1.0,740,measured,13.5,15.09,15.78,17.94,6.48,14.92,11.8,10.44,12.55,14.46,7.09,10.71,7.6,8.13,5.73,5.91,2.67,3.44,3.88,2.57,2.71,1.0,5.16,4.02,2.76,3.25,3.98,2.6,2.9,4.41,1.72,2.02,3.0,3.31,4.59,3.87,2.74,9.71,10.18,10.19,12.92,12.92,10.11,13.66,1.63,2.57,3.89,3.38,9.98
00-0034278,Tremon Smith,HOU,CB,2.0,107,measured,10.4,14.68,15.35,13.6,6.75,14.71,11.8,12.23,13.29,8.19,8.64,11.21,10.92,17.5,11.05,11.39,2.04,2.55,2.15,3.06,2.37,3.56,1.96,2.32,2.11,5.21,1.97,2.79,2.64,2.4,1.94,2.32,2.75,1.0,2.23,3.42,3.94,9.12,10.84,13.52,8.23,8.23,10.19,7.68,4.39,4.4,3.66,4.81,8.73
00-0034275,Foley Fatukasi,HOU,DT,3.0,748,measured,11.8,1.77,5.45,8.04,16.62,9.25,11.8,11.58,10.62,7.91,7.79,13.84,9.49,7.67,4.8,18.68,2.59,3.56,3.46,2.65,1.14,3.52,1.85,3.92,2.62,2.25,3.88,3.56,3.17,3.2,4.15,4.59,1.99,2.88,10.46,6.32,11.9,13.98,12.9,2.58,3.51,2.35,1.0,4.55,4.74,4.27,4.07,2.85,3.16
00-0037041,Haggai Ndubuisi,HOU,DT,,0,prior,5.9,6.26,7.85,8.17,11.36,9.71,11.8,5.84,1.0,5.85,9.23,6.7,9.76,10.4,11.05,11.39,3.84,3.33,2.85,3.88,1.62,3.3,1.74,3.26,1.8,2.56,3.01,3.87,3.34,2.92,2.69,2.57,2.51,3.28,4.42,3.7,4.81,5.17,3.81,12.65,2.63,5.5,2.55,3.55,2.39,3.53,3.7,3.29,3.09
00-0040414,Junior Tafuna,HOU,DT,,0,prior,9.0,5.62,6.85,6.04,13.3,9.12,11.8,8.3,4.58,8.1,4.08,13.34,13.17,10.4,11.05,11.39,3.38,4.48,1.63,2.93,2.33,3.41,2.95,4.21,1.73,3.44,2.22,1.06,1.66,3.55,4.01,2.01,2.86,3.72,8.3,6.67,8.39,8.91,8.59,9.21,1.14,3.31,1.6,3.82,2.93,2.78,3.54,3.04,4.16
00-0037459,Kurt Hinish,HOU,DT,4.0,699,measured,8.6,6.6,7.75,6.42,13.98,10.1,11.8,11.54,7.81,4.91,8.49,11.43,7.56,14.29,14.41,4.54,1.22,2.48,2.54,3.85,3.23,3.02,1.95,2.36,6.3,1.93,3.65,3.62,2.28,3.01,3.58,1.04,3.86,3.54,5.99,4.46,9.41,9.55,5.9,7.19,2.9,1.73,4.85,1.0,2.14,2.12,4.01,2.6,2.47
00-0040229,Kyonte Hamilton,HOU,DT,3.0,0,prior,9.2,5.89,7.22,6.71,12.85,9.37,11.8,7.44,7.25,8.71,5.71,11.72,9.01,10.4,11.05,11.39,3.74,4.1,3.48,2.3,5.56,2.29,2.41,2.78,1.58,3.01,3.52,3.07,3.38,3.53,3.33,2.41,1.68,3.53,8.86,7.48,9.0,8.92,8.54,9.39,1.44,4.04,4.16,2.79,2.0,2.88,2.85,3.5,2.94
00-0032265,Mario Edwards,HOU,DT,1.0,876,measured,13.9,8.6,10.67,7.58,16.16,11.75,11.8,13.23,12.08,11.43,12.24,14.6,8.69,7.68,7.55,7.09,4.45,2.1,2.31,3.79,2.39,2.83,1.0,2.41,3.68,1.0,4.01,3.44,1.46,3.37,3.78,2.46,2.79,2.56,13.91,12.32,15.05,15.04,8.82,9.44,2.92,3.68,3.61,2.57,1.76,2.48,2.03,4.02,2.42
00-0032759,Sheldon Rankins,HOU,DT,1.0,883,measured,12.4,5.07,8.43,7.39,14.31,12.41,11.8,14.33,11.14,9.22,16.3,13.96,11.44,4.88,4.0,13.93,3.21,2.27,3.11,2.0,2.69,4.72,1.93,2.2,3.49,3.29,3.96,3.76,2.51,3.8,3.1,2.86,2.91,2.4,13.68,11.5,12.26,11.82,13.13,8.28,3.14,1.77,6.14,2.67,2.47,2.69,2.03,3.02,1.74
00-0034397,Tim Settle,HOU,DT,2.0,983,measured,9.5,1.4,2.46,3.77,13.3,4.18,11.8,10.96,6.59,6.99,9.2,17.22,10.33,8.46,15.58,14.38,2.49,2.45,2.24,3.47,4.23,1.39,3.07,2.96,2.16,3.63,1.26,3.8,2.98,4.78,2.23,2.23,2.21,2.19,12.97,9.86,8.3,7.81,7.66,6.42,2.04,1.24,3.56,2.44,1.42,2.52,3.72,2.7,3.33
00-0036883,Tommy Togiai,HOU,DT,2.0,317,measured,11.3,7.07,7.13,10.5,19.4,10.56,11.8,11.08,10.57,10.84,9.59,8.52,11.75,15.11,11.05,11.39,1.8,3.05,2.19,2.74,1.4,2.55,2.65,2.64,1.72,2.3,2.95,2.05,2.36,2.76,1.61,4.26,2.58,1.8,12.44,9.19,8.74,8.93,11.45,11.21,3.68,5.92,2.82,2.65,1.92,2.88,2.74,3.17,3.73
00-0031565,Danielle Hunter,HOU,EDGE,1.0,1753,measured,14.0,12.0,12.67,11.05,12.92,12.73,11.8,13.95,10.51,11.62,11.68,8.58,12.04,17.5,11.05,14.38,2.66,3.22,2.3,5.19,4.59,3.09,3.65,2.53,3.86,1.81,2.9,3.11,3.79,2.18,3.21,1.0,3.88,3.67,14.47,14.36,14.16,14.56,15.63,8.23,5.8,6.8,2.47,2.36,2.8,3.94,1.58,2.2,4.16
00-0036413,Darrell Taylor,HOU,EDGE,2.0,901,measured,10.7,10.92,12.35,11.37,10.7,13.29,11.8,12.55,8.51,11.9,8.21,9.71,11.26,16.25,14.45,8.04,2.13,1.79,2.28,2.35,2.81,2.96,2.8,2.35,2.63,3.36,3.39,1.49,1.61,4.58,3.36,2.48,3.47,3.58,13.01,13.3,6.7,4.78,9.24,11.64,5.8,6.8,3.33,3.32,3.73,2.65,2.59,3.57,3.83
00-0031254,Denico Autry,HOU,EDGE,3.0,1012,measured,10.9,6.27,7.85,7.34,12.02,10.03,11.8,15.15,10.0,9.64,12.25,11.61,9.7,5.73,5.93,18.55,3.04,5.42,2.28,1.93,3.44,3.96,4.27,5.33,3.55,3.27,3.67,3.94,2.92,2.04,2.98,3.12,4.72,4.18,12.76,10.96,12.15,12.15,9.99,10.95,5.8,6.8,3.26,2.22,4.14,4.4,1.69,3.62,2.98
00-0033876,Derek Barnett,HOU,EDGE,2.0,570,measured,12.6,7.85,9.97,12.3,11.44,11.09,11.8,14.5,10.33,15.26,9.69,12.72,9.74,8.39,17.43,7.33,2.72,1.43,2.62,4.89,3.04,3.67,3.09,2.95,1.41,2.95,3.46,4.57,2.14,3.48,2.41,3.0,2.44,2.68,13.73,12.69,14.96,15.71,11.47,7.23,5.8,6.8,2.66,2.4,3.7,1.03,4.33,2.27,2.73
00-0039009,Dylan Horton,HOU,EDGE,3.0,315,measured,9.2,9.39,11.69,9.91,9.0,13.44,11.8,9.94,10.8,4.76,8.76,9.67,9.14,14.69,11.05,17.02,3.56,1.7,1.78,1.0,3.21,3.23,3.85,3.24,3.27,3.21,2.49,3.07,4.35,4.69,1.79,1.67,3.9,2.44,7.07,7.42,9.18,13.26,9.12,12.29,5.8,6.8,2.37,1.0,3.89,1.62,4.55,2.48,3.52
00-0039427,Solomon Byrd,HOU,EDGE,,19,prior,7.0,11.23,12.53,11.43,10.95,13.46,11.8,8.2,2.47,6.54,6.32,13.73,13.52,12.99,11.05,11.39,3.1,2.9,3.06,3.75,2.79,3.94,3.25,3.37,2.73,3.72,2.01,4.71,2.11,2.19,4.34,3.55,1.94,3.09,4.61,4.92,5.13,6.73,4.34,12.57,5.8,6.8,3.47,3.8,3.08,2.53,2.77,3.32,2.87
00-0039108,Will Anderson Jr.,HOU,EDGE,1.0,922,measured,15.0,12.37,13.52,12.33,10.15,13.83,11.8,9.27,11.78,15.23,5.7,14.81,11.9,8.18,6.02,17.59,2.87,3.58,2.71,2.27,1.76,3.21,3.16,4.4,3.11,2.78,2.96,3.42,2.56,4.35,3.46,4.27,3.11,3.9,16.26,17.29,16.1,15.05,13.56,10.91,5.8,6.8,3.58,3.54,3.96,1.0,2.51,1.58,1.97
00-0035726,Jakob Johnson,HOU,FB,,250,measured,12.5,9.39,10.31,9.44,9.64,11.62,11.8,10.83,9.75,7.37,9.33,14.09,10.96,12.56,14.94,7.03,3.38,2.41,2.95,4.08,2.81,3.32,3.25,11.86,1.99,7.69,9.17,7.19,2.96,4.74,4.39,15.49,5.23,16.49,2.71,4.08,2.85,2.16,5.89,2.68,3.71,4.51,3.47,3.28,3.92,1.6,1.88,3.35,3.21
00-0032726,Ka'imi Fairbairn,HOU,K,1.0,76,measured,16.9,5.94,8.43,9.16,9.64,11.36,14.19,16.13,16.31,16.14,13.43,13.57,12.42,12.27,15.56,11.39,3.47,3.15,3.53,1.94,2.08,1.0,2.19,2.75,2.74,3.32,4.84,3.46,1.97,2.58,4.11,2.67,2.03,2.71,3.37,3.6,3.03,2.38,1.62,2.45,3.61,2.87,2.77,4.56,17.28,16.57,2.28,1.4,2.84
00-0035166,Azeez Al-Shaair,HOU,LB,1.0,1384,measured,16.1,12.13,13.08,12.29,8.0,13.46,11.8,12.81,16.99,15.93,9.11,13.89,16.17,5.68,6.21,14.19,2.58,2.79,1.0,3.54,2.57,3.5,2.03,1.0,3.18,4.77,2.34,3.39,1.7,4.65,3.74,3.84,2.2,4.8,14.14,15.03,17.44,19.4,19.32,12.61,14.89,16.39,4.34,8.13,2.9,2.78,2.04,3.14,1.77
00-0037823,Christian Harris,HOU,LB,1.0,946,measured,12.6,15.7,17.59,12.47,10.14,15.15,11.8,10.42,7.62,8.48,11.2,8.83,10.4,15.03,14.94,16.24,5.67,1.39,3.34,4.0,3.91,4.18,4.84,3.99,1.8,2.2,4.27,3.26,2.88,3.09,3.05,3.98,3.18,3.16,12.94,14.33,9.26,11.22,12.39,14.66,12.44,13.94,3.08,8.26,1.85,1.36,3.02,2.56,2.95
00-0034987,E.J. Speed,HOU,LB,2.0,1544,measured,15.2,11.7,12.99,12.81,9.37,13.28,11.8,13.89,9.76,10.81,7.13,6.43,13.31,13.94,15.98,8.36,1.75,3.91,2.5,2.15,3.35,1.96,1.27,2.02,2.8,4.38,3.58,1.61,3.62,1.82,2.22,3.1,2.72,4.13,5.65,5.9,16.84,17.78,17.54,13.99,16.06,17.56,2.78,13.92,5.01,3.54,2.33,3.25,1.35
00-0038599,Henry To'oTo'o,HOU,LB,1.0,1058,measured,11.8,12.0,12.0,11.76,9.91,12.0,11.8,8.86,6.25,9.43,11.54,7.71,15.95,8.64,13.74,7.43,2.49,4.09,1.74,2.35,4.08,3.85,4.45,3.73,2.13,1.42,2.86,3.89,3.65,1.72,3.61,2.6,3.42,4.42,4.52,4.69,15.11,15.3,13.31,15.5,7.32,8.82,2.02,8.63,3.84,1.7,2.64,3.83,4.04
00-0040066,Jackson Woodard,HOU,LB,,0,prior,11.7,12.03,13.0,12.54,10.26,13.54,11.8,8.38,9.46,8.09,5.4,11.54,13.13,10.4,11.05,11.39,3.32,2.47,3.01,1.44,3.23,4.66,3.02,4.55,2.29,4.42,4.9,4.57,4.93,2.71,2.12,2.46,2.55,3.34,6.92,6.98,13.17,12.69,13.24,15.48,8.96,10.46,3.9,9.27,1.48,1.96,2.94,4.39,3.59
00-0037457,Jake Hansen,HOU,LB,2.0,240,measured,11.6,11.96,12.73,11.86,10.44,13.3,11.8,8.98,8.4,5.44,7.72,12.79,12.83,12.63,4.99,15.15,3.31,3.16,1.62,1.53,3.38,3.2,1.18,2.41,4.39,5.73,4.2,3.97,1.96,2.35,1.74,3.25,2.5,2.33,10.89,10.86,12.33,13.67,13.82,12.3,7.37,8.87,3.65,3.92,3.47,3.28,1.31,3.41,2.13
00-0039395,Jamal Hill,HOU,LB,3.0,0,prior,8.5,12.42,12.91,10.46,9.18,12.8,11.8,8.13,5.4,5.05,4.78,8.14,13.25,12.99,11.05,7.95,3.94,3.39,4.0,2.69,1.78,2.94,1.26,2.16,3.48,4.21,4.75,3.41,2.72,3.24,3.74,3.08,3.93,2.51,14.47,15.04,5.09,6.59,7.87,12.43,4.09,5.59,4.1,2.02,2.86,1.49,3.06,2.39,3.08
00-0040413,K.C. Ossai,HOU,LB,,0,prior,11.8,11.91,12.9,12.82,10.71,13.61,11.8,9.04,11.19,7.22,5.75,13.53,9.03,10.4,11.05,11.39,2.76,2.29,1.67,3.52,3.16,1.14,3.88,3.23,1.0,4.08,4.03,3.09,2.69,3.76,3.65,2.7,3.37,2.9,7.02,6.88,13.17,12.69,13.24,15.43,8.96,10.46,2.7,9.27,3.26,2.82,2.94,1.63,3.21
00-0040409,Austin Brinkman,HOU,LS,1.0,0,prior,10.7,10.55,11.41,10.64,9.53,12.46,11.22,9.59,11.83,10.49,8.97,9.33,8.44,10.4,11.05,11.39,1.54,2.48,2.41,2.52,4.0,1.56,5.17,4.91,2.96,3.16,4.04,1.63,2.79,2.77,3.51,3.29,2.61,2.41,3.11,3.6,2.45,2.72,4.57,3.49,2.24,2.79,5.12,2.46,3.91,2.79,1.0,1.53,1.54
00-0038131,Ed Ingram,HOU,OG,1.0,1626,measured,9.2,6.4,6.2,5.11,13.31,2.85,11.8,9.06,7.72,8.94,7.02,10.78,7.37,15.68,11.05,7.24,1.66,2.89,3.93,3.8,2.3,3.2,3.78,1.55,1.42,2.49,3.17,3.23,1.74,3.87,3.23,9.89,7.33,3.55,4.09,3.81,2.76,1.59,3.96,2.65,2.76,3.57,1.52,3.04,2.9,2.57,4.14,3.23,1.26
00-0038936,Juice Scruggs,HOU,OG,2.0,1089,measured,11.7,3.7,4.85,5.08,13.36,10.2,11.8,11.49,10.67,8.22,6.88,14.56,13.06,8.36,5.15,13.94,1.65,3.55,3.71,2.14,3.52,2.02,4.3,3.78,2.62,4.66,2.83,3.16,2.07,3.29,1.45,15.59,8.95,2.77,2.46,3.16,2.35,2.22,3.25,2.82,4.07,1.17,3.29,1.87,4.13,3.35,2.87,1.47,4.27
00-0032234,Laken Tomlinson,HOU,OG,1.0,2173,measured,10.4,1.0,2.28,1.0,12.92,8.3,11.8,11.58,7.85,8.49,13.78,9.55,13.93,17.5,11.05,11.39,2.45,1.93,4.12,3.61,3.96,3.61,4.34,2.51,1.94,3.16,4.49,1.57,2.05,1.61,2.34,11.78,10.77,4.13,3.89,3.34,3.91,1.41,5.03,2.41,4.09,2.68,2.62,2.84,2.9,1.85,1.34,1.13,3.03
00-0038569,Sidy Sow,HOU,OG,,660,measured,12.0,5.73,7.47,6.71,13.0,11.16,11.8,10.95,9.63,10.27,7.86,13.15,11.97,7.9,4.66,14.25,4.77,1.35,3.17,3.62,2.54,5.09,2.92,2.82,2.58,3.56,2.85,2.67,2.47,2.19,2.04,9.8,16.16,3.48,1.28,1.55,3.13,3.26,2.07,1.85,5.42,2.22,4.35,1.15,1.84,3.21,4.59,3.82,3.06
00-0040745,Aireontae Ersery,HOU,OT,1.0,0,prior,11.5,6.53,8.07,4.72,11.11,9.65,11.8,8.0,7.72,7.51,8.54,13.22,8.49,10.4,11.05,11.39,3.47,3.68,2.89,2.73,3.89,4.96,2.75,2.11,4.54,4.58,3.75,4.22,3.05,4.67,2.79,13.33,13.2,5.01,2.36,3.23,1.46,2.8,1.33,3.03,3.56,1.0,3.52,1.89,1.38,4.15,2.34,3.08,1.6
00-0039857,Blake Fisher,HOU,OT,2.0,318,measured,10.9,4.0,7.5,5.61,12.07,9.37,11.8,9.07,5.55,6.84,7.71,9.28,14.46,8.68,5.8,11.39,2.98,1.48,2.86,2.11,3.16,2.26,3.0,4.7,2.99,3.18,3.33,3.11,3.51,1.69,2.89,12.09,11.99,1.84,1.68,3.84,3.12,4.02,1.86,2.3,1.69,4.23,2.38,3.27,2.88,1.54,2.32,2.25,5.03
00-0033889,Cam Robinson,HOU,OT,2.0,1651,measured,10.3,4.0,5.47,4.15,11.66,6.61,11.8,11.76,5.07,7.81,8.84,9.04,12.82,8.24,14.51,8.23,3.28,1.52,2.37,3.69,2.96,3.23,3.96,2.62,3.56,3.77,4.1,3.02,3.47,2.22,2.4,14.55,8.76,3.0,1.78,1.83,1.21,2.25,3.05,2.57,2.65,2.62,2.06,2.94,4.14,1.69,1.1,1.5,5.07
00-0039005,Jaylon Thomas,HOU,OT,,2,prior,9.9,3.97,5.57,4.39,11.71,8.1,11.8,7.48,7.3,7.35,6.84,12.77,15.08,12.41,11.05,11.39,2.73,2.67,2.2,3.11,4.79,3.44,2.59,2.09,2.8,3.45,4.85,3.41,2.37,2.58,2.61,9.99,11.78,1.0,4.33,1.95,2.37,2.37,4.2,3.2,4.31,5.05,3.9,3.34,5.66,3.43,4.31,3.89,3.73
00-0040101,Reid Holskey,HOU,OT,,0,prior,10.7,4.37,6.32,5.52,12.3,8.81,11.8,8.29,8.31,3.41,4.82,11.52,11.99,10.4,11.05,11.39,2.42,2.72,4.12,4.58,2.28,3.45,3.67,3.43,3.25,1.49,3.71,1.16,2.49,1.82,5.28,12.57,11.2,2.8,3.63,3.05,4.29,1.95,2.48,4.38,3.7,2.77,2.04,2.02,2.64,3.1,3.58,1.89,3.63
00-0032071,Trent Brown,HOU,OT,,940,measured,14.7,2.31,2.39,1.02,10.0,3.03,11.8,14.57,12.62,13.0,11.2,13.12,16.56,4.03,17.57,13.84,4.73,2.85,2.85,2.33,3.16,3.35,3.46,3.85,2.47,2.71,3.98,5.11,2.79,2.77,1.1,17.8,19.4,3.73,3.68,2.46,2.89,3.83,1.0,2.47,3.43,3.66,1.73,2.89,3.5,2.31,2.12,2.42,1.0
00-0035234,Tytus Howard,HOU,OT,1.0,1631,measured,11.3,5.55,5.75,1.39,10.67,8.3,11.8,9.58,8.51,5.77,10.82,10.03,6.1,11.93,13.72,5.33,2.49,2.05,3.28,1.99,4.29,1.86,2.69,2.74,3.22,3.58,4.19,2.93,2.9,2.28,2.08,16.34,11.56,5.05,1.83,3.48,4.08,3.01,3.49,4.1,2.39,3.08,4.18,2.52,3.47,4.5,2.96,5.27,3.02
00-0035889,Tommy Townsend,HOU,P,1.0,92,measured,14.9,9.72,10.57,9.43,9.83,11.83,9.79,11.2,10.87,15.38,12.44,9.92,12.79,17.5,11.05,14.83,2.77,2.89,2.59,1.63,1.67,2.61,3.91,3.2,3.06,2.57,3.75,3.5,1.58,2.32,3.48,1.26,5.06,3.7,5.71,4.55,2.25,3.26,4.0,3.64,2.87,4.85,4.82,3.16,2.56,2.78,15.3,14.46,2.05
00-0039163,C.J. Stroud,HOU,QB,1.0,1590,measured,11.5,9.55,10.06,11.78,9.76,10.86,11.8,10.64,13.95,12.38,10.98,18.52,16.1,12.58,6.39,14.83,17.41,9.64,10.48,10.44,11.7,7.78,13.48,15.0,4.44,8.26,3.39,2.64,3.71,2.17,2.42,3.76,2.1,1.19,1.09,3.34,1.85,2.31,3.67,1.84,2.49,3.17,2.97,2.2,2.32,2.13,3.51,2.05,4.68
00-0036898,Davis Mills,HOU,QB,2.0,466,measured,9.8,9.07,9.13,13.02,9.76,11.16,11.8,8.1,9.05,9.14,9.56,8.02,11.35,17.5,11.05,11.39,18.77,6.75,7.07,9.06,7.89,15.93,7.9,9.41,4.51,3.46,3.93,3.86,1.14,1.0,2.75,3.61,2.65,3.2,3.27,2.6,1.03,2.61,1.25,4.5,3.44,3.13,3.9,2.19,1.0,2.92,2.68,3.78,3.86
00-0040211,Graham Mertz,HOU,QB,3.0,0,prior,7.1,9.64,10.04,12.01,9.76,10.9,11.8,5.44,6.98,7.1,6.49,9.95,9.91,10.4,11.05,11.39,8.83,6.27,7.92,6.76,6.04,7.04,7.12,7.56,2.53,2.58,1.6,3.18,2.46,1.65,2.47,2.37,2.75,2.5,3.01,3.05,1.81,2.33,1.64,3.03,2.8,1.58,4.5,4.17,3.73,2.55,3.81,5.83,1.54
00-0039603,British Brooks,HOU,RB,5.0,8,prior,8.4,12.99,13.6,12.24,9.6,13.67,11.8,7.82,6.26,9.81,6.44,10.42,9.45,12.99,11.05,11.39,1.86,2.32,3.43,2.11,2.47,1.94,1.89,13.63,4.8,4.78,4.79,6.75,2.6,5.28,4.79,1.78,7.81,2.78,4.16,4.35,2.91,2.78,2.75,3.17,2.64,2.57,2.89,3.52,2.51,3.26,4.55,1.81,12.61
00-0037258,Dameon Pierce,HOU,RB,2.0,516,measured,10.6,12.56,13.04,12.66,10.67,13.51,11.8,10.34,7.51,11.04,9.02,12.19,10.51,6.72,4.87,5.21,2.9,1.0,1.89,3.72,2.12,4.62,1.0,9.67,10.29,9.54,11.08,9.44,5.36,4.59,4.15,2.54,4.62,3.54,3.63,2.81,3.7,2.28,1.79,2.14,1.6,1.0,3.43,4.27,3.46,3.09,4.04,1.72,14.05
00-0033854,Dare Ogunbowale,HOU,RB,4.0,429,measured,9.1,10.37,11.6,12.13,7.0,12.94,11.8,11.35,7.71,6.75,9.05,10.36,11.94,17.5,11.05,7.12,3.9,2.51,1.64,3.46,3.65,2.76,1.84,14.2,6.71,6.77,7.84,10.37,4.38,4.49,3.4,2.29,4.51,3.29,2.81,2.59,2.69,2.21,3.28,2.6,2.59,1.16,2.89,3.02,1.84,3.27,4.16,2.54,11.77
00-0039405,Jawhar Jordan,HOU,RB,,0,prior,8.5,13.11,13.87,12.92,7.38,13.77,11.8,6.43,5.42,9.19,4.68,10.81,12.65,10.4,11.05,11.39,2.07,3.78,1.88,1.43,3.23,3.83,4.71,15.6,4.69,4.73,4.69,4.2,3.8,5.41,4.98,1.55,8.97,2.55,2.36,4.5,3.43,3.17,4.89,2.54,3.37,3.42,1.11,2.63,2.92,2.49,2.52,3.68,14.24
00-0033897,Joe Mixon,HOU,RB,6.0,1279,measured,12.9,12.98,13.67,11.31,9.3,13.48,11.8,13.23,11.22,12.4,10.92,8.83,11.67,7.3,18.46,8.14,2.39,3.75,3.74,1.0,3.0,4.79,2.83,19.3,11.4,13.74,13.83,7.12,3.94,11.42,10.95,8.41,9.39,9.41,2.42,2.86,2.97,5.5,3.94,3.07,2.86,2.93,1.34,3.55,3.3,2.35,4.58,4.78,14.34
00-0034791,Nick Chubb,HOU,RB,1.0,539,measured,12.4,13.3,15.36,12.53,14.77,16.49,11.8,14.4,10.42,12.37,11.81,13.04,12.91,7.03,6.07,15.42,2.26,4.06,1.77,1.91,3.44,3.53,3.72,14.42,14.47,16.09,8.28,5.42,1.21,5.92,4.27,8.03,5.78,9.03,2.51,3.26,1.65,2.75,4.37,2.25,4.33,3.3,1.66,3.61,3.39,2.43,3.46,3.19,13.21
00-0040583,Woody Marks,HOU,RB,3.0,0,prior,10.0,13.48,13.53,13.2,9.0,13.73,11.8,8.19,10.48,9.18,4.61,10.18,8.1,10.4,11.05,11.39,4.91,1.89,1.97,1.17,4.05,2.36,4.36,13.6,7.92,7.39,7.06,11.33,2.79,6.9,6.69,2.33,4.82,3.33,2.38,2.89,4.15,3.93,3.61,1.4,4.29,2.46,1.56,4.2,3.42,1.58,2.35,4.27,10.13
00-0035253,C.J. Gardner-Johnson,HOU,S,1.0,1260,measured,14.5,14.77,13.73,13.94,8.5,14.11,11.8,11.18,14.53,14.46,10.27,10.97,10.02,5.72,13.86,14.64,2.55,2.87,2.75,4.54,3.09,2.96,2.95,2.78,3.44,1.98,2.31,1.7,4.17,2.38,2.94,3.29,4.02,2.14,2.37,2.99,2.13,13.59,8.67,11.37,17.38,18.38,9.41,17.74,2.77,1.03,2.66,2.48,8.43
00-0039838,Calen Bullock,HOU,S,1.0,910,measured,13.4,14.77,16.47,14.01,7.49,14.86,11.8,10.56,11.73,12.85,6.28,12.65,16.81,12.99,11.05,11.39,2.37,3.43,1.99,3.76,4.41,2.85,3.65,1.34,2.82,2.68,5.51,4.31,4.1,3.27,3.73,4.38,3.21,2.28,2.96,2.72,1.85,6.53,4.77,12.46,17.12,18.12,9.11,18.4,1.92,2.92,2.58,4.97,9.31
00-0040204,Jaylen Reed,HOU,S,2.0,0,prior,12.4,14.54,14.82,14.49,9.5,13.49,11.8,10.47,11.03,13.01,6.69,5.28,9.39,10.4,11.05,11.39,2.3,2.96,1.8,2.85,3.32,1.43,4.87,2.47,2.12,3.45,3.33,3.57,3.17,2.36,1.39,2.36,2.7,2.81,2.97,3.2,2.45,10.04,11.7,12.8,11.91,12.91,9.71,14.21,3.33,2.3,1.23,2.23,15.85
00-0034355,M.J. Stewart,HOU,S,2.0,271,measured,9.7,12.84,12.6,13.73,9.0,13.04,11.8,9.71,9.71,11.56,9.5,11.56,11.59,7.97,5.23,13.89,2.72,3.38,4.03,3.23,2.02,2.96,3.17,4.02,1.83,3.35,2.35,2.85,2.35,2.49,3.5,2.26,1.92,4.76,3.9,3.1,2.57,11.64,14.0,9.32,6.2,7.2,9.56,7.57,2.88,2.9,1.62,4.71,12.63
00-0036087,Myles Bryant,HOU,S,,912,measured,9.8,12.0,11.75,17.36,6.34,11.5,11.8,10.68,10.17,7.98,8.28,9.94,6.51,17.5,11.05,17.59,2.33,3.99,2.86,4.19,2.58,2.52,2.69,3.34,3.18,2.75,1.86,3.87,2.43,1.45,1.67,2.85,1.0,3.43,2.42,2.04,3.45,9.68,12.59,12.38,6.92,7.92,8.76,7.17,1.64,4.53,2.42,2.74,13.49
00-0036556,Brevin Jordan,HOU,TE,3.0,360,measured,12.0,11.69,11.85,11.97,8.5,11.3,11.8,12.86,6.22,11.7,8.24,10.65,13.08,11.81,4.84,14.02,2.33,3.89,2.44,3.22,2.73,2.18,4.56,15.42,3.52,8.72,12.5,11.23,9.49,14.99,14.06,13.86,10.11,10.58,3.23,2.78,2.42,3.69,3.75,4.07,1.76,3.44,2.58,1.28,2.92,5.32,2.23,2.38,3.9
00-0039359,Cade Stover,HOU,TE,2.0,366,measured,11.1,11.54,12.02,11.32,9.32,13.23,11.8,9.79,10.14,6.95,6.45,10.28,11.23,8.68,5.02,5.91,3.46,3.22,4.04,3.42,2.75,4.1,3.23,13.33,2.72,10.78,14.57,9.97,10.8,10.5,11.0,13.95,8.04,10.66,2.45,3.44,3.18,2.49,3.89,1.11,2.01,2.88,3.37,3.99,1.58,2.17,3.4,3.55,2.8
00-0034383,Dalton Schultz,HOU,TE,1.0,1619,measured,11.4,9.6,11.6,12.27,7.5,12.24,11.8,10.79,9.06,8.43,11.77,8.71,11.32,14.31,6.99,13.97,3.88,1.25,2.42,4.17,6.26,2.67,3.24,7.42,1.3,8.28,12.07,10.67,12.88,13.76,13.41,12.53,9.52,9.25,1.95,2.78,1.71,2.9,2.62,2.75,4.32,3.24,3.0,4.44,3.55,3.56,3.6,2.94,1.25
00-0036232,Harrison Bryant,HOU,TE,,683,measured,11.7,10.31,9.75,10.08,6.5,11.39,11.8,9.57,8.98,7.92,8.92,10.48,8.59,12.07,17.51,6.48,1.0,1.76,4.27,1.46,2.73,2.76,2.91,15.34,3.71,6.71,10.49,14.85,11.55,9.09,7.77,14.91,14.02,11.62,3.03,3.27,3.86,3.77,2.81,2.93,1.72,3.24,3.14,1.16,2.45,1.71,2.88,1.58,4.65
00-0034970,Irv Smith,HOU,TE,4.0,414,measured,11.2,11.85,10.52,10.91,9.5,11.39,11.8,11.62,4.51,9.11,10.54,8.56,11.03,7.36,6.91,7.19,3.42,1.98,4.06,3.22,2.66,4.28,4.72,15.72,1.89,2.87,6.65,11.52,10.05,10.57,10.0,13.9,12.93,10.62,3.0,5.09,1.98,3.17,3.39,2.88,2.09,2.9,2.15,5.01,1.82,3.12,4.86,4.58,2.97
00-0040250,Luke Lachey,HOU,TE,,0,prior,10.4,10.78,12.39,10.75,9.18,13.87,11.8,7.05,7.25,5.32,5.77,8.29,9.74,10.4,11.05,11.39,2.97,4.0,3.73,2.8,2.03,4.09,3.96,14.16,3.8,11.99,15.78,9.81,9.04,9.22,9.72,11.18,10.15,7.89,3.0,3.41,3.81,3.8,3.63,2.87,2.29,2.9,2.82,4.52,3.42,2.55,1.0,2.48,1.82
00-0034419,Braxton Berrios,HOU,WR,3.0,530,measured,10.2,14.35,14.3,12.78,5.5,14.38,11.8,12.29,7.19,10.07,11.27,12.22,9.36,16.35,14.38,5.49,2.83,3.32,3.49,2.71,3.6,3.09,3.48,7.33,3.64,7.59,6.28,10.96,8.84,6.65,8.06,3.26,4.16,2.1,2.16,2.37,2.62,3.45,1.25,2.58,2.98,1.84,3.91,3.22,1.87,3.08,2.5,2.33,10.87
00-0034775,Christian Kirk,HOU,WR,1.0,1117,measured,13.3,14.75,13.08,11.31,10.0,13.28,11.8,11.08,14.18,13.7,11.26,12.36,11.75,4.71,14.58,4.37,4.56,2.89,3.66,3.57,2.39,1.1,2.59,13.02,11.54,11.91,10.6,13.94,10.8,13.57,14.05,4.2,2.67,2.87,3.82,3.27,2.98,4.82,2.94,4.28,2.34,2.58,3.93,3.91,2.0,2.41,2.51,2.99,14.12
00-0038728,Jared Wayne,HOU,WR,,37,prior,8.2,13.88,14.88,13.57,7.0,14.9,11.8,8.87,5.57,6.48,7.22,11.29,3.78,12.99,11.05,11.39,1.0,2.93,2.44,1.19,2.04,3.27,3.85,9.61,5.52,12.5,11.19,6.77,4.07,4.22,4.33,3.55,1.97,3.49,2.74,2.69,2.85,2.87,2.34,1.78,3.1,4.26,3.28,2.25,3.31,2.58,1.42,3.49,10.39
00-0040130,Jayden Higgins,HOU,WR,1.0,0,prior,11.5,15.01,16.56,13.53,7.04,17.18,11.8,9.65,9.37,8.84,8.67,10.98,11.58,10.4,11.05,11.39,1.51,3.77,3.85,3.08,3.13,4.87,3.49,17.06,11.65,13.42,12.11,8.46,6.1,11.48,11.6,3.66,1.71,4.92,4.1,2.42,2.96,3.99,2.02,3.07,3.03,4.3,2.32,3.38,1.86,2.71,3.64,3.84,14.19
00-0040138,Jaylin Noel,HOU,WR,2.0,0,prior,10.4,16.86,18.54,15.88,12.0,18.84,11.8,8.23,11.18,8.97,7.43,6.1,8.84,10.4,11.05,11.39,2.91,3.22,3.08,1.0,2.92,1.59,4.8,8.91,7.46,12.1,10.79,4.35,5.29,8.83,9.44,4.07,1.0,2.32,3.09,1.28,2.72,2.17,2.94,4.36,4.67,3.99,1.88,2.51,2.7,2.87,3.5,4.29,11.61
00-0040049,Josh Kelly,HOU,WR,,0,prior,9.8,14.56,15.12,13.91,6.57,14.75,11.8,8.48,8.64,8.43,6.79,12.97,8.84,10.4,11.05,11.39,2.66,3.6,5.1,2.89,4.0,3.55,3.75,7.11,7.71,12.37,11.07,6.32,6.75,8.0,8.16,3.03,2.94,2.12,4.28,3.64,2.93,2.98,1.41,1.99,3.14,4.18,3.79,3.09,3.17,2.44,3.99,3.36,9.19
00-0034386,Justin Watson,HOU,WR,2.0,1199,measured,8.7,13.31,14.19,12.7,7.63,14.67,11.8,10.8,9.75,9.3,11.37,14.24,8.72,7.05,17.45,7.74,1.65,3.5,1.45,4.78,2.8,2.43,3.4,8.05,3.85,6.08,4.78,6.52,11.65,5.29,4.8,3.75,1.22,3.55,3.41,1.51,2.05,1.45,2.02,3.85,4.1,2.23,2.58,1.98,2.74,3.21,2.02,3.18,10.3
00-0036554,Nico Collins,HOU,WR,1.0,1098,measured,15.9,15.93,16.32,15.2,7.0,16.11,11.8,13.37,15.65,15.36,10.0,7.59,12.24,11.85,14.15,7.07,3.9,2.03,3.66,2.98,1.79,1.58,1.16,14.35,15.68,15.56,14.25,14.26,13.86,17.59,17.36,2.67,1.34,1.53,1.98,3.53,3.71,2.59,3.98,2.87,4.37,2.01,2.75,3.86,3.12,3.16,3.59,4.35,14.31
00-0040493,Silas Bolden,HOU,WR,,0,prior,10.1,16.16,15.67,14.62,5.68,14.4,11.8,10.06,9.99,9.75,6.93,12.69,14.44,10.4,11.05,11.39,2.95,1.0,2.71,4.26,1.69,3.29,1.27,7.11,7.71,12.37,11.07,6.32,6.75,8.0,8.16,2.74,3.9,2.53,2.84,3.8,4.17,2.55,2.89,3.38,3.34,3.28,5.67,1.97,6.0,3.48,1.62,3.58,9.83
00-0038977,Tank Dell,HOU,WR,3.0,918,measured,11.2,14.54,14.59,14.77,5.42,14.14,11.8,11.35,10.23,9.79,7.94,10.49,10.79,12.02,15.33,14.52,1.74,3.74,4.48,4.41,3.31,4.33,3.23,8.78,8.6,6.77,5.46,7.81,9.82,11.52,10.37,2.38,4.0,2.32,1.68,2.48,2.43,4.36,3.78,3.6,3.25,4.68,3.3,2.64,3.21,4.11,3.48,4.33,8.82
00-0038618,Xavier Hutchinson,HOU,WR,2.0,638,measured,7.7,13.66,12.89,13.7,7.0,13.97,11.8,8.67,7.52,7.94,10.28,8.96,14.07,14.69,11.05,7.43,3.5,3.22,3.63,2.73,1.91,2.91,3.08,8.3,3.26,7.86,6.55,5.59,6.35,4.05,4.24,1.1,2.79,4.11,4.2,3.62,4.84,4.0,4.23,2.11,1.5,3.72,2.73,3.6,3.12,4.32,2.95,2.68,11.6
00-0036215,Danny Pinter,IND,C,2.0,249,measured,11.1,7.44,8.11,5.95,12.46,9.16,11.8,11.75,5.87,9.36,7.88,9.95,11.11,15.11,11.05,7.74,4.45,2.26,2.87,2.8,4.09,4.04,1.0,3.24,2.77,2.73,4.07,2.65,1.8,3.1,2.11,11.64,11.37,3.6,3.65,1.0,2.6,2.31,2.65,2.26,3.0,3.19,2.28,3.97,3.79,2.56,3.33,3.03,3.19
00-0040632,Mose Vavao,IND,C,,0,prior,10.2,4.79,5.98,7.44,11.19,8.85,11.8,8.39,8.23,8.56,5.42,9.29,9.04,10.4,11.05,11.39,4.42,2.26,4.18,4.11,4.31,3.4,3.14,1.86,3.95,2.43,3.18,4.78,1.48,3.86,2.73,10.96,10.89,3.88,3.78,3.82,1.74,3.43,3.74,1.17,1.71,3.72,3.51,3.5,3.85,2.93,3.63,4.93,2.26
00-0039744,Tanor Bortolini,IND,C,1.0,327,measured,12.6,7.47,8.73,12.26,12.41,11.63,11.8,10.58,8.05,10.72,8.3,10.58,13.82,7.43,15.46,11.39,3.26,2.09,1.98,1.11,2.61,3.7,1.94,4.31,3.36,2.16,2.68,2.35,2.37,2.01,3.86,11.03,15.5,2.67,2.8,4.39,3.26,4.93,1.75,3.06,2.72,2.25,2.97,3.87,4.42,2.91,2.96,3.31,2.31
00-0034573,Charvarius Ward,IND,CB,1.0,1644,measured,14.4,14.59,15.35,13.74,6.69,14.76,11.8,14.51,13.99,14.27,10.54,10.41,15.35,6.75,4.27,7.87,1.0,2.73,1.05,3.02,3.36,2.62,1.38,3.61,4.43,2.92,2.49,2.24,2.43,1.88,3.94,3.63,2.87,3.82,2.72,3.35,2.38,7.99,11.62,10.42,15.34,15.34,10.17,15.03,2.37,2.66,4.19,2.97,16.45
00-0034145,Chris Lammons,IND,CB,,141,measured,8.4,14.57,15.03,13.25,7.15,14.5,11.8,11.62,3.91,7.68,9.33,8.82,12.51,8.61,17.99,8.04,1.42,3.69,2.8,3.36,2.77,2.2,4.9,2.85,2.8,3.44,1.98,4.12,3.6,1.97,2.93,2.75,2.59,3.23,3.15,2.2,4.25,7.01,12.05,15.0,4.27,4.27,10.31,5.59,4.54,1.61,2.05,3.24,10.36
00-0038407,Jaylon Jones,IND,CB,2.0,1585,measured,9.9,12.92,13.97,14.32,7.0,15.9,11.8,8.29,10.25,9.69,8.98,6.56,12.38,14.69,11.05,11.39,2.11,3.7,2.79,3.53,3.02,4.99,2.59,1.76,2.82,2.58,4.01,2.8,3.07,3.63,1.51,3.04,2.83,2.9,3.74,3.95,3.75,8.84,10.79,11.43,7.92,7.92,10.26,7.62,4.22,3.13,3.65,3.88,13.76
00-0040347,Johnathan Edwards,IND,CB,3.0,0,prior,8.9,14.99,15.79,14.22,6.83,15.19,11.8,8.4,6.6,5.78,5.95,9.35,14.19,10.4,11.05,11.39,3.53,2.7,3.14,2.76,2.74,2.91,3.43,2.37,3.08,5.32,2.77,2.76,3.55,1.56,2.86,2.89,3.2,3.36,2.93,2.92,1.79,7.23,12.31,15.22,5.24,5.24,10.21,4.53,1.78,2.11,2.06,1.51,14.19
00-0040139,Justin Walley,IND,CB,4.0,0,prior,9.6,16.62,16.49,13.83,6.95,14.99,11.8,9.61,7.57,7.29,6.56,11.85,10.68,10.4,11.05,11.39,2.57,1.55,3.4,4.04,2.28,3.33,5.56,2.39,3.16,2.16,3.5,2.49,1.65,1.92,2.43,3.02,4.31,2.68,1.78,3.96,2.69,6.33,11.33,15.35,5.93,5.93,10.25,5.95,2.94,4.07,3.12,3.3,8.43
00-0033393,Kenny Moore II,IND,CB,1.0,1976,measured,12.8,14.44,14.8,13.01,7.34,14.33,11.8,13.72,11.84,14.43,10.72,15.77,9.51,7.34,5.31,15.08,2.55,3.78,4.04,1.76,4.51,1.94,2.47,2.61,3.44,2.21,3.52,1.95,4.4,3.86,2.03,3.45,3.15,4.07,2.0,3.22,1.95,12.49,12.67,7.72,12.54,12.54,10.37,12.66,2.27,4.1,2.41,1.18,16.17
00-0038565,Mekhi Blackmon,IND,CB,2.0,286,measured,10.3,15.01,15.82,13.56,5.5,15.23,11.8,9.84,9.89,6.73,7.16,16.45,9.7,8.72,14.89,14.83,1.9,2.01,1.69,3.34,3.6,1.9,3.44,4.42,2.25,2.45,2.03,3.38,1.86,4.17,2.63,2.06,4.41,3.08,2.7,4.81,4.66,4.42,11.57,16.14,8.0,8.0,9.81,7.48,4.25,2.79,3.79,3.03,8.44
00-0033050,Xavien Howard,IND,CB,1.0,887,measured,12.1,11.34,12.43,11.99,5.5,12.11,11.8,14.4,10.26,10.14,11.76,5.73,12.83,8.55,17.17,7.59,3.38,3.85,1.56,1.8,2.08,1.4,2.77,2.6,2.83,1.87,4.3,4.3,1.0,3.64,3.47,3.22,3.68,1.95,2.37,3.46,2.17,4.08,4.35,8.18,13.05,13.05,9.81,15.18,3.34,3.2,2.16,2.9,6.83
00-0039031,Adetomiwa Adebawore,IND,DT,3.0,216,measured,10.4,14.54,15.58,8.11,13.85,16.11,11.8,8.32,9.22,8.44,7.62,13.47,9.71,14.69,11.05,11.39,2.54,2.12,3.58,3.99,3.2,4.07,1.41,1.66,3.91,2.19,1.98,4.9,1.0,3.68,2.43,1.34,3.11,3.05,10.96,12.26,9.61,7.05,5.17,14.51,1.0,2.09,4.09,4.07,3.16,4.12,2.06,2.08,5.18
00-0032378,DeForest Buckner,IND,DT,1.0,1454,measured,15.5,4.79,7.79,7.73,11.39,10.96,11.8,13.89,13.26,13.49,13.13,9.07,15.24,17.5,11.05,18.35,3.71,5.13,3.86,2.8,2.55,2.26,4.5,2.45,2.22,2.71,3.66,3.73,4.06,1.36,3.39,2.2,3.4,2.84,17.22,16.18,16.73,17.83,18.27,6.78,1.02,1.24,2.22,1.35,3.2,2.32,4.48,2.66,3.1
00-0037269,Eric Johnson,IND,DT,2.0,386,measured,8.4,6.35,7.72,7.22,12.78,9.79,11.8,7.8,7.8,10.23,6.86,10.89,11.63,15.68,11.05,6.88,3.32,1.7,3.37,2.11,3.8,3.19,4.17,2.47,3.38,1.6,4.47,3.9,1.14,2.84,2.37,2.28,3.89,2.97,8.38,7.19,7.74,7.29,6.48,10.83,3.45,2.51,3.08,4.76,2.9,1.34,2.8,3.29,2.27
00-0033952,Grover Stewart,IND,DT,1.0,1261,measured,15.0,3.69,4.95,4.6,12.98,7.48,11.8,14.14,14.11,15.54,11.03,12.23,13.84,17.5,11.05,14.14,3.4,2.66,2.52,4.02,3.23,2.4,4.11,4.53,2.31,3.64,2.93,2.63,5.5,1.0,2.01,4.55,3.34,3.44,13.91,11.72,17.92,19.4,17.72,4.4,5.84,2.84,3.96,2.61,3.1,3.97,3.54,2.34,1.0
00-0036366,Neville Gallimore,IND,DT,2.0,589,measured,8.5,9.25,8.76,2.47,12.0,9.35,11.8,9.52,11.26,6.24,7.78,10.73,12.79,12.52,4.32,16.67,3.64,1.0,2.83,3.16,2.9,4.71,2.72,2.94,1.42,2.27,3.76,1.98,2.61,3.15,2.98,2.04,3.3,3.17,7.94,8.03,7.38,7.55,8.23,11.49,2.31,3.88,4.49,3.26,3.51,2.78,4.22,2.69,2.41
00-0040207,Tim Smith,IND,DT,,0,prior,9.3,5.13,6.39,5.85,12.97,8.71,11.8,9.14,7.16,6.98,3.56,9.9,12.06,10.4,11.05,11.39,3.11,1.99,2.53,1.37,4.55,2.55,1.91,2.88,2.19,2.94,2.53,3.77,1.81,2.03,2.75,2.19,3.66,2.24,9.31,7.63,9.0,8.95,8.54,9.16,4.56,3.42,2.54,1.47,2.87,2.39,3.29,2.95,3.94
00-0039207,Durell Nchami,IND,EDGE,,0,prior,6.4,10.51,11.97,10.99,11.08,13.12,11.8,7.55,6.29,4.07,8.95,11.02,10.6,10.4,11.05,11.39,3.06,3.78,1.07,3.67,4.41,1.57,1.01,1.86,2.73,3.0,2.03,1.0,2.56,4.19,4.48,2.8,4.39,2.24,4.62,4.63,4.63,4.63,3.63,10.31,5.8,6.8,2.12,3.88,2.91,2.02,2.34,2.25,3.66
00-0040744,JT Tuimoloau,IND,EDGE,3.0,0,prior,9.3,9.74,11.22,10.26,11.63,12.71,11.8,9.5,8.98,8.73,6.75,11.86,11.32,10.4,11.05,11.39,1.37,2.8,2.41,3.15,3.85,1.25,3.28,3.07,1.97,3.87,4.26,2.25,1.1,2.52,3.27,2.46,4.73,1.0,8.26,7.81,9.45,10.59,8.48,12.8,5.8,6.8,2.47,2.53,2.25,2.56,2.59,4.71,3.45
00-0036479,Kwity Paye,IND,EDGE,1.0,1308,measured,12.2,13.85,13.48,10.33,17.92,13.79,11.8,11.72,10.34,11.58,8.33,8.16,11.86,8.35,7.06,17.17,2.15,2.71,3.58,4.26,3.12,2.25,3.94,2.65,1.0,3.99,3.22,2.33,3.8,1.0,3.13,1.8,4.16,1.0,10.62,9.41,12.45,13.41,13.15,10.96,5.8,6.8,2.48,2.24,3.47,1.56,2.61,2.21,4.83
00-0039340,Laiatu Latu,IND,EDGE,1.0,576,measured,9.9,11.69,11.85,10.91,10.94,12.0,11.8,7.42,6.6,8.62,8.55,11.15,11.49,12.99,11.05,15.42,2.64,3.14,3.61,2.3,4.04,2.01,2.24,4.96,2.57,3.27,2.84,5.72,4.34,3.44,2.19,2.5,2.93,4.44,9.31,9.79,10.3,8.98,6.33,10.9,5.8,6.8,4.5,3.26,2.12,1.0,2.74,3.3,3.65
00-0033945,Samson Ebukam,IND,EDGE,2.0,694,measured,11.8,10.82,12.1,11.11,10.68,13.01,11.8,12.54,9.06,12.18,9.69,10.53,7.85,12.6,14.8,8.35,3.54,1.77,3.41,2.35,3.22,1.95,3.4,3.37,1.67,3.13,1.91,1.2,4.88,4.42,2.68,3.59,2.27,3.24,11.1,11.36,10.91,13.95,15.51,8.77,5.8,6.8,3.07,3.29,3.56,3.81,2.51,3.97,4.84
00-0034359,Tyquan Lewis,IND,EDGE,2.0,721,measured,11.4,8.26,11.18,8.7,12.3,13.75,11.8,12.4,6.51,9.87,11.4,12.14,9.32,7.24,14.61,16.87,1.36,2.79,4.39,2.74,5.04,5.41,2.53,2.15,3.03,2.69,1.0,3.12,2.42,3.0,2.52,2.42,3.96,3.49,10.08,8.88,14.46,16.24,12.85,6.96,5.8,6.8,3.6,2.58,2.97,3.35,2.7,2.62,1.0
00-0039576,Spencer Shrader,IND,K,1.0,5,prior,8.9,10.35,11.27,10.24,9.64,12.42,11.26,8.11,5.15,1.0,9.02,11.45,11.29,4.74,16.94,11.39,2.22,5.68,3.34,3.42,2.75,5.15,2.91,2.99,2.83,2.83,3.34,3.44,3.07,2.51,1.97,3.27,3.51,2.89,3.14,3.97,4.86,2.39,1.22,4.12,1.51,1.4,4.26,2.29,7.68,10.13,3.88,2.62,3.24
00-0033570,Anthony Walker,IND,LB,,814,measured,11.6,10.81,11.04,10.75,12.0,10.33,11.8,11.3,7.99,8.63,12.74,13.45,7.4,7.94,7.29,5.22,2.63,3.19,4.0,3.54,2.43,1.92,3.47,2.8,1.43,1.09,3.49,3.01,3.05,3.05,1.38,2.59,3.97,4.23,7.32,6.34,10.08,10.93,9.75,15.21,14.22,15.72,1.97,12.26,2.8,4.36,2.09,3.0,4.26
00-0039178,Austin Ajiake,IND,LB,,0,prior,8.5,12.16,12.9,11.55,9.86,13.2,11.8,7.45,5.18,6.08,8.1,6.9,10.45,10.4,11.05,11.39,1.58,5.3,2.16,2.68,3.15,4.05,4.2,4.77,2.23,2.87,4.06,2.1,1.81,4.08,3.23,4.28,3.25,2.94,15.01,15.25,5.1,6.62,8.16,12.38,4.12,5.62,4.56,2.01,4.2,3.15,1.6,4.28,2.36
00-0036644,Cameron McGrone,IND,LB,1.0,7,prior,9.8,11.86,12.64,12.07,10.82,13.36,11.8,9.8,3.17,7.18,10.08,14.4,13.47,15.68,11.05,6.88,4.04,2.27,1.89,2.64,2.23,2.32,2.71,3.03,3.81,2.52,4.87,3.37,3.94,1.71,1.25,2.68,4.1,3.28,15.84,15.64,5.15,7.38,12.47,12.91,4.13,5.63,3.32,2.04,1.64,3.12,2.08,4.93,2.82
00-0037811,Chad Muma,IND,LB,2.0,445,measured,9.3,11.85,15.05,13.04,13.85,17.71,11.8,10.01,3.4,6.77,6.99,9.99,10.84,15.2,14.73,15.11,3.17,3.85,1.65,2.85,2.85,3.72,3.1,2.23,4.33,4.16,3.52,3.96,4.1,3.84,2.95,4.47,3.33,2.99,7.98,6.71,8.3,8.03,8.07,13.32,7.84,9.34,1.65,5.36,3.87,4.34,4.67,4.12,3.5
00-0036276,Jacob Phillips,IND,LB,3.0,129,measured,10.2,11.38,14.16,10.55,9.83,16.9,11.8,11.02,9.32,7.1,10.61,13.52,16.09,7.45,5.7,7.55,4.54,2.04,4.31,3.11,3.02,2.3,2.69,1.21,2.66,3.08,3.63,2.17,2.9,4.11,2.36,2.53,3.76,4.14,12.5,12.49,8.03,9.67,11.43,12.97,5.06,6.56,2.39,3.26,2.1,3.32,3.41,3.38,3.23
00-0039377,Jaylon Carlies,IND,LB,2.0,215,measured,11.6,14.31,15.45,12.51,10.0,13.48,11.8,9.62,9.59,6.97,5.16,6.28,10.17,6.77,17.71,7.95,2.36,1.8,2.54,3.32,1.47,1.54,4.72,3.61,2.56,3.7,2.46,3.65,2.99,3.56,3.41,2.3,2.08,2.17,9.53,10.48,8.94,11.27,14.04,15.27,7.49,8.99,3.11,4.03,3.15,2.75,2.67,2.75,2.24
00-0035895,Joe Bachie,IND,LB,1.0,45,prior,10.8,11.23,12.36,13.61,13.39,13.08,11.8,9.91,9.76,4.69,9.9,15.16,9.59,8.56,17.8,7.57,4.94,2.42,4.86,1.62,2.29,3.45,2.97,4.56,3.09,3.42,3.52,2.05,3.69,1.89,1.68,4.44,4.41,1.48,13.45,12.13,8.46,11.44,14.35,12.34,4.23,5.73,4.07,2.14,3.21,2.29,1.7,3.13,4.33
00-0037527,Segun Olubi,IND,LB,2.0,98,prior,10.2,12.16,12.9,11.55,9.86,13.2,11.8,8.08,8.45,7.55,6.22,10.65,9.32,14.01,15.08,6.88,4.03,3.08,3.26,3.26,4.05,2.99,2.21,1.0,4.29,3.72,2.59,3.58,3.72,5.07,3.15,4.66,3.43,2.79,9.95,10.2,8.81,11.16,12.82,12.32,4.98,6.48,3.42,2.68,4.64,3.09,5.07,3.66,1.08
00-0034431,Zaire Franklin,IND,LB,1.0,2263,measured,14.7,11.31,11.91,11.27,11.25,12.82,11.8,12.59,12.89,13.5,12.06,10.05,12.47,17.5,11.05,14.29,2.84,1.0,3.56,3.09,1.95,3.58,3.98,1.03,2.12,3.14,2.33,1.25,1.0,2.64,1.76,2.04,3.98,3.04,8.79,8.24,13.03,15.64,17.91,18.21,13.38,14.88,5.46,13.54,2.42,2.17,2.93,2.27,1.39
00-0032753,Luke Rhodes,IND,LS,1.0,0,prior,8.5,8.89,9.75,9.21,9.53,11.07,11.1,11.16,6.57,8.8,13.84,7.94,10.12,17.5,11.05,11.39,2.69,3.42,3.68,1.38,1.2,2.19,1.0,1.0,3.74,4.0,2.69,2.3,2.89,2.15,2.89,3.27,2.45,4.49,2.87,2.83,5.0,3.71,3.97,3.76,4.03,2.01,3.76,3.68,1.44,3.55,1.0,3.81,3.73
00-0039578,Dalton Tucker,IND,OG,2.0,428,measured,10.0,4.01,5.93,5.94,12.73,8.66,11.8,8.28,4.07,5.09,7.54,16.42,13.48,12.99,11.05,11.39,2.85,3.31,5.4,2.34,1.4,5.43,3.81,3.16,2.75,3.07,2.99,4.4,1.0,3.02,3.16,10.38,9.96,4.02,2.47,4.68,2.6,4.92,3.57,3.81,2.98,3.42,3.83,2.2,1.0,1.95,2.38,3.19,2.29
00-0037138,Josh Sills,IND,OG,,22,prior,11.9,3.49,5.33,5.3,12.79,8.25,11.8,9.4,8.31,9.94,7.21,7.0,9.57,13.75,11.05,11.39,4.38,2.88,1.61,2.82,1.77,2.12,4.2,2.26,1.63,3.51,1.0,3.7,1.0,1.98,1.2,14.0,12.13,2.54,2.3,2.22,3.14,4.09,2.25,5.16,2.03,3.33,2.73,3.33,2.82,4.95,3.52,3.69,3.54
00-0039736,Matt Goncalves,IND,OG,1.0,524,measured,12.3,3.65,5.52,5.5,12.77,8.38,11.8,12.08,11.12,10.9,7.26,9.68,8.42,12.99,11.05,11.39,2.47,3.87,3.74,3.25,2.7,2.7,1.27,4.12,1.0,3.74,2.85,3.3,1.59,2.76,4.71,16.5,9.83,2.98,2.1,4.13,4.17,2.46,2.96,3.9,3.08,2.02,2.74,1.13,4.21,3.79,3.42,3.61,2.94
00-0034342,Quenton Nelson,IND,OG,1.0,2240,measured,12.9,3.15,4.92,6.53,17.55,6.97,11.8,13.24,11.41,9.16,11.02,7.28,11.9,15.05,14.31,18.43,4.24,4.34,3.05,2.1,3.28,4.03,3.65,2.79,3.26,3.54,1.0,1.0,3.92,3.67,2.9,13.88,11.73,3.78,2.5,2.33,4.65,1.34,2.36,2.94,3.43,3.48,1.78,1.81,3.15,3.87,2.45,1.0,3.79
00-0037757,Bernhard Raimann,IND,OT,1.0,1770,measured,15.5,6.0,9.25,8.94,15.24,11.1,11.8,11.53,13.0,10.37,11.14,9.55,10.18,8.4,7.43,14.38,4.05,2.03,4.17,2.43,3.22,4.63,4.69,3.38,3.68,3.1,2.96,1.65,2.31,2.93,2.34,18.53,16.81,2.69,3.76,3.31,3.01,2.96,3.11,3.47,2.98,5.57,4.43,1.0,3.45,4.05,1.0,2.06,2.74
00-0039158,Blake Freeland,IND,OT,2.0,475,measured,11.9,6.93,10.47,7.54,12.08,15.18,11.8,10.3,7.64,9.64,6.96,13.02,5.3,14.69,11.05,14.83,3.65,4.52,2.93,2.5,1.67,1.0,5.0,3.68,2.1,3.97,4.34,1.0,1.23,2.0,2.43,11.96,13.42,1.56,2.39,2.81,4.14,1.69,3.37,2.92,3.67,2.6,2.25,2.76,2.27,4.13,4.84,3.27,3.7
00-0034836,Braden Smith,IND,OT,1.0,1504,measured,11.3,3.19,6.59,4.58,17.55,11.82,11.8,11.12,3.51,3.41,11.79,13.44,6.56,4.95,5.32,18.98,3.71,4.96,3.43,3.67,4.72,2.8,3.88,5.11,2.9,1.77,3.81,3.08,2.71,2.48,3.66,11.05,12.15,2.21,4.09,1.14,2.48,2.86,3.51,1.87,4.14,1.43,3.18,3.09,2.92,2.13,4.07,2.64,4.14
00-0039958,Jack Wilson,IND,OT,4.0,0,prior,9.1,1.5,3.69,3.62,9.09,6.01,11.8,9.02,5.85,3.07,5.89,14.05,13.8,10.4,11.05,11.39,3.91,3.43,2.69,1.0,1.89,3.51,2.81,1.7,3.29,4.49,2.62,2.77,1.48,3.75,3.85,9.5,11.19,2.27,1.72,4.43,2.35,1.48,3.18,2.36,4.53,3.98,2.71,3.16,3.63,5.15,4.06,3.58,3.87
00-0040163,Jalen Travis,IND,OT,2.0,0,prior,9.8,4.8,7.4,3.61,9.89,12.75,11.8,6.94,4.37,4.96,5.9,10.5,10.0,10.4,11.05,11.39,1.47,4.2,3.62,4.23,2.14,2.95,2.9,1.8,2.76,2.75,2.93,2.14,2.8,2.68,3.26,11.62,11.0,1.0,1.1,1.31,2.72,3.62,4.61,2.27,3.23,3.09,3.94,1.15,2.7,2.32,2.77,4.58,2.65
00-0037305,Luke Tenuta,IND,OT,3.0,3,prior,9.9,1.0,3.9,4.98,10.8,6.94,11.8,7.53,6.9,6.03,5.08,10.53,8.25,5.06,7.12,6.88,4.11,2.04,4.99,3.69,3.11,3.46,2.51,2.71,1.89,3.58,4.94,1.94,2.96,2.31,2.62,10.05,12.01,4.27,2.06,3.91,2.57,4.05,4.64,3.4,3.36,2.85,3.61,3.24,1.89,3.11,3.43,4.32,2.76
00-0039507,Marcellus Johnson,IND,OT,,0,prior,9.9,4.93,6.66,5.53,12.78,9.13,11.8,7.54,5.44,8.13,6.11,8.0,11.68,10.4,11.05,11.39,1.49,4.31,2.92,2.22,2.52,4.36,4.13,3.12,3.28,2.66,1.27,3.43,4.98,2.33,3.71,9.5,11.19,2.87,2.23,4.08,3.95,2.9,3.49,3.8,2.2,4.25,4.05,3.01,4.69,2.7,3.36,1.0,2.95
00-0033269,Rigoberto Sanchez,IND,P,1.0,88,measured,15.1,7.98,9.32,8.78,9.83,11.17,14.79,13.06,10.51,11.3,10.97,11.58,9.59,8.41,6.78,11.39,3.92,1.41,2.74,3.32,2.52,4.4,5.0,3.4,3.04,3.3,2.86,5.81,2.0,2.25,3.9,4.83,3.7,4.09,3.25,2.37,2.08,3.82,2.31,3.05,1.97,2.52,2.72,2.15,3.85,2.24,14.65,15.61,3.48
00-0039164,Anthony Richardson,IND,QB,2.0,684,measured,9.1,15.93,17.22,11.76,9.76,17.93,11.8,7.78,9.62,11.88,9.13,11.22,12.76,4.72,17.38,4.19,20.0,6.48,4.88,5.17,8.74,13.92,8.16,8.71,2.13,4.86,4.33,3.55,2.2,1.93,1.63,4.12,2.97,2.45,1.64,2.49,2.26,3.39,1.68,3.97,3.61,2.79,2.4,2.57,2.71,4.07,4.29,2.19,4.88
00-0035710,Daniel Jones,IND,QB,1.0,1264,measured,12.3,9.1,11.5,12.46,9.76,13.14,11.8,11.65,12.33,9.89,10.86,14.98,11.11,4.65,14.33,4.77,11.64,14.77,14.1,12.31,13.52,8.7,11.79,10.24,4.81,6.01,3.36,4.05,2.35,2.74,1.81,3.51,3.59,2.66,2.35,2.37,3.11,1.77,3.46,1.29,3.13,4.86,2.78,2.99,2.68,2.36,3.29,1.18,3.23
00-0040206,Riley Leonard,IND,QB,3.0,0,prior,7.2,9.7,10.27,11.47,9.76,10.83,11.8,6.92,6.97,6.13,5.86,11.11,9.95,10.4,11.05,11.39,8.83,6.27,7.88,6.62,6.04,7.03,7.12,7.56,1.93,2.58,2.92,2.93,3.05,2.66,3.45,3.82,2.82,3.53,2.01,2.51,4.79,3.42,3.31,2.47,1.76,2.95,4.24,1.08,2.97,3.32,2.47,3.67,2.15
00-0040179,DJ Giddens,IND,RB,3.0,0,prior,10.6,15.93,17.39,12.05,8.86,17.59,11.8,8.56,10.81,7.53,4.31,12.08,3.07,10.4,11.05,11.39,4.1,2.56,2.38,4.24,3.74,3.57,1.9,12.69,7.95,7.25,7.22,12.05,2.35,6.89,6.48,2.19,4.82,3.19,4.02,2.46,3.34,2.66,4.32,2.0,1.87,3.24,4.07,2.29,3.51,3.13,2.9,2.79,10.83
00-0036223,Jonathan Taylor,IND,RB,1.0,1140,measured,13.2,16.86,16.32,13.76,8.5,14.95,11.8,12.74,10.62,12.79,10.42,11.23,13.88,6.74,4.35,14.07,2.63,1.64,3.19,3.64,2.58,4.13,1.59,10.23,13.88,15.92,11.51,4.56,5.39,3.75,3.02,11.0,12.5,12.0,2.15,2.91,2.13,2.76,3.89,4.65,3.51,1.69,2.6,2.27,4.36,1.5,4.78,3.59,11.79
00-0036906,Khalil Herbert,IND,RB,,482,measured,12.3,15.24,13.48,13.6,11.33,12.3,11.8,12.82,10.44,11.42,8.08,11.75,8.72,12.27,15.3,8.1,2.8,4.11,2.72,1.57,3.89,4.62,4.78,11.58,13.76,8.68,11.86,10.64,3.35,5.46,6.05,8.29,12.85,9.29,1.86,2.08,6.05,2.45,5.0,2.83,4.09,1.85,2.65,3.6,3.98,3.34,2.52,2.08,13.28
00-0036020,Salvon Ahmed,IND,RB,4.0,99,prior,9.2,12.0,12.99,12.5,7.99,13.65,11.8,9.79,8.22,4.86,8.51,13.89,16.12,5.82,7.29,7.62,2.49,3.89,3.71,4.16,4.19,2.55,3.26,13.53,7.39,6.64,6.11,7.23,3.22,10.38,10.81,3.42,7.72,4.42,2.97,3.52,2.48,2.33,2.52,1.52,1.74,1.23,1.16,4.68,1.68,4.01,2.6,3.54,12.36
00-0037120,Tyler Goodson,IND,RB,2.0,155,measured,11.6,16.16,15.95,13.13,8.17,15.28,11.8,10.92,10.03,7.81,8.88,11.98,12.58,14.69,11.05,11.39,3.57,3.92,2.84,4.36,1.91,3.42,2.02,13.87,12.94,9.22,7.92,7.5,2.34,9.5,10.06,4.61,5.7,5.61,2.28,4.56,2.06,3.21,2.73,3.19,3.56,4.03,2.16,4.75,2.13,3.09,2.52,2.88,13.37
00-0040476,Ulysses Bentley IV,IND,RB,,0,prior,9.7,12.0,12.25,12.79,8.22,12.36,11.8,8.34,7.68,7.51,4.61,10.7,14.16,10.4,11.05,11.39,3.37,1.09,3.66,3.5,1.39,2.62,3.46,11.02,8.47,6.92,7.45,13.43,1.48,6.68,6.12,2.07,4.84,3.07,2.88,4.28,2.26,5.22,3.36,2.19,1.77,2.64,4.87,2.18,3.1,2.81,2.09,3.72,8.65
00-0039679,Ben Nikkel,IND,S,,0,prior,9.8,13.5,14.7,14.37,8.37,15.06,11.8,8.12,7.54,7.43,7.69,11.81,9.25,10.4,11.05,11.39,2.99,1.0,4.73,4.59,3.25,1.1,2.34,3.37,3.52,3.25,3.75,4.17,2.54,1.0,1.76,3.29,3.17,3.19,3.96,3.6,4.09,8.44,4.92,8.13,10.73,11.73,9.37,10.09,1.44,3.14,3.1,2.5,17.98
00-0036629,Camryn Bynum,IND,S,1.0,2190,measured,13.5,12.74,15.52,15.18,7.46,14.65,11.8,12.85,10.8,12.18,10.44,7.69,15.22,15.23,14.31,8.28,3.8,3.24,2.22,2.22,2.18,1.77,2.99,5.35,3.1,2.41,3.67,1.72,2.08,3.6,2.7,4.99,4.06,4.69,2.08,3.14,2.56,5.55,10.9,15.69,15.68,16.68,9.1,14.28,4.97,3.04,3.23,2.18,8.62
00-0038392,Daniel Scott,IND,S,2.0,0,prior,10.5,15.47,16.81,16.44,11.33,17.4,11.8,10.79,8.46,11.32,7.14,10.08,10.86,10.4,11.05,11.39,3.76,2.5,3.03,4.39,2.54,1.87,3.2,3.63,2.08,4.58,2.79,3.8,2.99,3.14,3.98,3.05,1.27,3.84,3.01,4.43,1.69,9.32,5.51,8.9,9.93,10.93,10.26,12.01,2.54,3.6,2.78,4.22,17.96
00-0040235,Hunter Wohler,IND,S,3.0,0,prior,11.9,12.92,13.48,16.0,8.63,15.18,11.8,11.44,12.14,14.6,5.62,8.22,7.72,10.4,11.05,11.39,2.31,2.6,3.72,2.77,1.0,3.96,3.06,4.29,2.26,3.74,3.56,3.34,4.43,3.44,3.21,3.94,2.73,3.01,2.38,4.76,3.0,9.9,9.62,11.44,12.13,13.13,9.45,13.34,2.46,3.64,1.0,1.34,14.76
00-0037616,Nick Cross,IND,S,1.0,1319,measured,13.0,18.01,18.5,14.52,8.54,16.5,11.8,10.61,13.82,13.77,9.48,11.22,14.5,15.68,11.05,11.39,1.58,3.21,1.39,3.27,4.37,3.72,2.17,5.9,4.13,4.12,1.47,1.42,3.5,3.51,4.12,1.09,4.38,1.38,3.36,1.63,1.75,15.45,16.47,16.21,7.85,8.85,9.42,14.82,3.15,2.59,2.22,3.05,8.81
00-0037323,Rodney Thomas,IND,S,2.0,1024,measured,9.6,13.65,14.91,14.28,7.88,14.69,11.8,10.14,5.09,9.52,7.28,10.58,8.83,15.68,11.05,14.83,1.0,4.19,3.54,2.79,3.23,4.7,2.6,3.3,3.55,3.87,4.45,4.57,4.66,4.32,2.31,4.51,1.57,2.75,1.15,3.36,1.64,3.3,4.47,12.5,9.3,10.3,9.22,12.06,2.85,3.79,2.72,4.22,14.89
00-0040357,Trey Washington,IND,S,,0,prior,11.4,13.12,13.36,14.62,7.79,14.03,11.8,8.43,10.31,8.98,5.91,12.03,14.26,10.4,11.05,11.39,3.01,2.07,4.16,3.81,3.62,4.08,2.07,3.46,3.35,3.64,2.81,3.15,4.43,3.49,1.0,2.93,3.1,1.99,4.63,2.0,3.16,9.47,9.39,11.98,11.91,12.91,9.2,12.99,3.93,4.75,2.33,3.52,15.36
00-0037292,Andrew Ogletree,IND,TE,3.0,627,measured,11.0,10.71,11.85,12.0,9.3,12.94,11.8,8.67,7.49,9.9,7.97,10.85,9.51,8.58,18.5,6.88,5.21,3.14,2.14,3.18,4.4,3.31,2.61,13.74,4.71,11.62,15.4,8.69,10.37,10.33,10.11,13.81,10.03,10.53,3.43,3.15,2.53,3.05,4.33,2.86,2.97,3.78,2.55,2.02,3.74,2.67,2.88,4.15,2.03
00-0040253,Maximilian Mang,IND,TE,,0,prior,10.4,10.05,11.39,12.19,10.15,12.77,11.8,9.38,8.45,8.94,4.73,11.63,11.43,10.4,11.05,11.39,1.0,2.86,2.43,2.68,3.25,2.28,3.16,13.6,3.31,12.23,16.02,9.46,9.06,9.21,9.72,10.97,10.38,7.69,4.58,3.99,3.12,3.12,3.26,2.88,2.79,4.46,2.47,1.52,1.62,4.03,3.54,1.94,1.85
00-0033217,Mo Alie-Cox,IND,TE,2.0,960,measured,10.3,8.7,10.07,11.01,10.12,11.69,11.8,11.7,8.63,8.12,10.35,12.15,9.98,11.93,14.18,14.54,2.48,2.87,3.23,3.56,2.97,2.4,5.03,5.81,2.5,12.52,16.3,10.9,17.84,9.6,11.81,6.0,8.16,2.72,2.25,3.95,2.54,2.22,4.05,2.71,2.82,2.75,3.1,3.28,3.22,1.87,1.93,3.23,2.92
00-0036032,Sean McKeon,IND,TE,,107,measured,8.6,10.85,11.95,11.95,9.0,12.97,11.8,9.02,7.28,5.23,9.89,9.05,12.83,14.15,11.05,11.39,2.87,2.1,2.38,2.25,3.42,3.86,2.02,14.16,2.9,4.88,8.66,7.63,7.47,5.98,5.76,10.46,10.93,7.18,2.87,2.99,2.23,3.02,4.51,1.49,2.69,2.35,3.95,2.83,1.95,3.08,4.08,4.17,1.95
00-0040128,Tyler Warren,IND,TE,1.0,0,prior,11.7,10.27,11.53,12.11,9.84,12.81,11.8,8.83,11.23,8.07,5.17,6.26,15.73,10.4,11.05,11.39,2.54,2.93,1.0,3.51,4.03,4.35,3.52,17.8,2.96,5.72,9.5,11.03,8.0,14.77,12.82,14.94,9.97,11.66,2.32,2.39,5.33,3.11,2.89,3.23,1.0,4.26,2.41,3.55,4.49,1.89,3.27,2.65,1.02
00-0038394,Will Mallory,IND,TE,4.0,189,measured,10.8,13.48,14.02,11.96,10.0,15.0,11.8,10.42,8.88,3.65,6.74,11.53,11.21,14.69,11.05,11.39,1.35,2.68,4.71,3.31,3.84,1.0,3.52,14.82,1.9,5.82,9.61,10.17,7.54,11.0,9.82,11.28,12.85,8.0,2.59,5.91,1.72,4.3,4.24,3.76,2.36,3.29,4.34,2.15,4.63,2.18,2.33,2.89,2.93
00-0039890,Adonai Mitchell,IND,WR,2.0,356,measured,12.3,18.01,19.15,14.06,6.34,17.96,11.8,10.64,12.08,9.66,6.04,10.63,12.54,12.99,11.05,11.39,2.32,2.07,3.97,3.6,1.86,3.28,3.4,8.14,9.27,11.45,10.14,4.04,4.83,13.89,16.78,2.49,2.4,1.0,3.43,3.85,1.95,2.08,2.98,1.26,2.4,3.52,3.44,4.21,1.0,3.35,3.83,3.56,12.56
00-0037664,Alec Pierce,IND,WR,1.0,1786,measured,11.0,16.39,17.47,12.48,7.2,17.93,11.8,9.36,8.82,10.71,7.33,11.41,8.35,13.98,16.96,18.49,4.84,3.15,1.1,4.14,4.6,3.6,3.53,13.27,6.64,6.85,5.54,11.34,13.37,6.91,5.45,2.64,4.15,2.75,2.79,3.01,4.24,4.48,1.83,1.95,1.93,4.04,2.98,1.94,2.87,2.31,4.25,3.99,12.34
00-0039816,Anthony Gould,IND,WR,2.0,12,prior,8.6,16.86,17.71,14.89,6.49,17.5,11.8,9.02,8.14,10.53,4.62,9.04,9.59,12.99,11.05,11.39,2.57,2.25,2.66,2.51,2.51,3.87,2.08,12.73,6.06,12.71,11.4,4.08,3.87,4.67,5.05,3.92,3.11,2.59,4.16,2.16,4.1,3.42,3.58,1.16,2.43,3.18,2.83,2.13,4.06,5.04,1.31,3.55,17.26
00-0035021,Ashton Dulin,IND,WR,2.0,259,measured,9.7,15.83,15.22,13.91,6.5,15.68,11.8,11.24,9.71,2.19,9.54,10.97,12.73,6.9,18.79,15.42,3.48,2.49,2.78,4.63,3.12,3.16,2.65,8.9,10.08,13.6,12.29,7.32,5.65,7.1,6.41,3.28,4.1,1.09,3.45,1.61,1.73,2.74,3.21,2.21,2.84,3.57,5.24,2.77,1.52,2.95,1.98,3.47,17.31
00-0040352,Coleman Owen,IND,WR,,0,prior,9.8,14.88,15.0,13.5,7.19,14.87,11.8,8.34,8.03,10.57,4.84,8.67,15.31,10.4,11.05,11.39,2.3,2.56,1.39,4.41,3.36,3.22,3.26,7.11,7.71,12.37,11.07,6.32,6.75,8.0,8.16,2.95,1.01,3.37,5.11,2.05,2.22,4.34,2.03,3.28,2.36,3.67,2.97,3.86,1.56,3.47,2.45,3.43,9.32
00-0035045,D.J. Montgomery,IND,WR,3.0,80,prior,9.3,14.07,14.69,13.37,6.98,14.64,11.8,9.66,7.74,7.53,10.09,13.05,12.02,12.99,11.05,14.83,3.01,3.02,4.08,3.06,3.58,3.02,1.74,8.71,6.97,12.57,11.26,8.16,4.61,6.5,6.48,2.29,4.53,2.95,1.06,2.79,2.98,4.38,1.56,3.9,2.92,3.69,4.51,2.94,2.58,2.96,5.5,2.81,10.16
00-0038997,Josh Downs,IND,WR,1.0,1091,measured,13.6,14.77,16.93,14.08,6.4,17.25,11.8,12.04,13.21,11.33,9.01,9.26,9.8,12.02,18.06,17.56,3.4,2.69,3.62,1.91,2.09,3.45,3.3,16.71,13.47,15.45,14.14,10.2,9.19,15.61,14.82,2.19,2.51,4.52,4.03,3.16,2.71,1.51,3.62,3.17,4.14,4.52,5.71,2.71,3.92,3.5,3.61,1.0,10.22
00-0032951,Laquon Treadwell,IND,WR,,110,measured,9.0,13.13,12.46,12.46,6.0,11.95,11.8,13.47,8.75,8.29,12.38,13.34,11.11,17.5,11.05,11.39,2.75,2.34,2.37,2.24,5.03,3.61,2.06,9.53,4.49,7.1,5.79,10.03,5.27,5.9,7.42,4.19,2.1,2.59,4.66,2.25,4.19,2.85,3.32,1.73,3.44,4.22,3.87,2.44,3.58,3.15,2.23,1.79,9.46
00-0036252,Michael Pittman,IND,WR,1.0,1954,measured,14.1,13.85,14.22,15.03,6.5,15.0,11.8,14.14,11.32,13.86,11.35,10.5,11.29,8.39,17.08,15.03,4.83,2.93,4.39,2.45,3.82,2.65,3.3,10.65,10.42,9.24,7.93,14.38,15.63,13.72,14.7,2.73,1.0,2.64,3.56,4.82,2.45,2.73,2.03,3.01,3.49,3.45,2.97,1.31,4.38,1.73,2.4,3.27,11.74
00-0038941,Tyler Scott,IND,WR,,306,measured,9.6,15.7,17.76,13.8,6.78,17.87,11.8,10.17,6.76,7.82,8.49,10.35,12.57,14.69,11.05,14.83,3.52,2.51,1.58,1.0,2.24,5.63,2.6,6.84,6.36,12.05,10.74,6.42,5.91,6.43,6.87,2.99,2.12,1.28,4.38,3.34,1.21,1.21,2.98,3.18,3.19,2.41,3.48,1.75,3.45,1.41,2.13,3.59,10.06
00-0040227,Jonah Monheim,JAX,C,2.0,0,prior,12.1,3.42,5.37,6.06,12.9,8.14,11.8,10.23,9.72,4.33,4.24,7.59,8.57,10.4,11.05,11.39,2.12,1.92,3.71,2.86,3.22,3.7,2.21,1.54,3.18,2.98,2.23,2.12,3.89,2.64,3.53,10.53,16.11,2.0,4.24,2.85,3.11,2.55,3.64,3.24,3.22,1.44,2.36,2.26,2.36,3.93,4.91,2.38,3.15
00-0036985,Robert Hainsey,JAX,C,1.0,1278,measured,12.4,4.0,5.4,7.33,16.16,7.87,11.8,10.01,9.86,9.25,7.73,14.22,10.31,17.5,11.05,11.39,1.0,3.32,3.25,3.0,2.34,3.06,1.64,3.97,1.49,3.94,4.11,4.66,3.63,3.88,3.2,9.76,15.92,3.34,3.33,3.19,4.04,2.73,3.03,4.48,2.81,3.9,2.08,3.69,3.07,2.07,2.32,1.07,3.04
00-0038616,Christian Braswell,JAX,CB,2.0,36,prior,9.2,15.09,15.68,13.74,6.81,14.93,11.8,8.37,10.57,5.92,6.5,8.02,8.48,6.3,13.84,5.05,3.74,4.74,4.15,3.75,3.0,1.0,1.86,2.58,3.4,4.3,2.51,3.87,3.91,2.9,1.89,4.06,2.37,4.28,2.46,2.78,3.21,7.03,11.44,16.19,5.94,5.94,10.21,4.33,1.0,3.57,4.7,3.23,9.31
00-0040336,Jabbar Muhammad,JAX,CB,,0,prior,8.9,15.11,15.6,14.19,6.5,11.55,11.8,9.47,8.71,7.82,5.42,12.81,11.5,10.4,11.05,11.39,3.95,2.43,3.55,2.99,3.32,3.57,2.17,2.91,3.95,1.61,2.27,2.6,3.66,4.89,2.75,1.08,2.77,2.26,3.27,3.9,2.39,7.23,12.31,15.27,5.24,5.24,10.11,4.53,3.34,2.94,1.63,3.45,14.19
00-0039353,Jarrian Jones,JAX,CB,1.0,641,measured,12.1,17.09,17.84,13.85,6.98,17.5,11.8,12.15,9.57,12.63,10.09,7.15,13.61,12.99,11.05,15.42,2.64,1.29,4.72,2.94,2.53,2.58,1.13,2.84,3.3,2.01,2.47,3.22,5.03,3.43,1.0,2.84,2.51,4.4,2.16,1.0,1.7,8.97,6.09,11.73,10.97,10.97,10.26,9.43,3.69,2.61,1.38,2.78,13.02
00-0033928,Jourdan Lewis,JAX,CB,1.0,1406,measured,13.3,12.83,13.33,13.21,7.5,13.23,11.8,13.7,8.92,12.91,12.61,9.98,16.36,8.39,17.16,17.91,1.92,2.3,2.78,3.31,2.83,3.54,3.03,3.54,2.88,4.57,4.28,5.64,3.37,2.91,3.13,2.78,3.63,3.98,2.52,3.24,3.52,4.35,8.38,10.79,14.83,14.83,10.41,12.75,3.86,1.69,2.04,1.9,11.22
00-0039475,Keni-H Lovely,JAX,CB,,0,prior,8.2,15.15,15.63,13.47,6.77,14.79,11.8,8.83,7.52,5.43,6.15,11.98,12.55,10.4,11.05,11.39,3.47,4.09,2.97,2.79,2.36,3.16,2.29,1.25,2.5,3.77,2.62,1.95,2.18,2.58,3.67,2.72,2.36,3.44,3.17,1.76,2.01,8.56,12.38,17.44,3.91,3.91,10.19,3.91,4.43,2.96,4.37,4.13,7.26
00-0037313,Montaric Brown,JAX,CB,2.0,1112,measured,9.4,13.29,14.81,13.94,6.75,15.03,11.8,8.26,6.91,8.15,7.94,18.01,9.56,15.68,11.05,11.39,3.25,1.61,4.31,3.33,2.0,1.94,4.11,4.76,5.16,5.81,3.66,3.2,3.84,4.45,1.41,3.03,3.88,3.99,1.0,4.1,3.85,3.87,12.08,14.39,6.56,6.56,10.19,7.27,5.33,4.37,1.0,5.99,13.07
00-0040718,Travis Hunter,JAX,CB,1.0,0,prior,13.1,15.05,15.84,13.95,6.42,15.02,11.8,12.1,15.97,9.92,6.54,9.05,17.34,10.4,11.05,11.39,2.51,3.2,4.52,3.71,2.51,3.35,2.92,1.21,2.97,1.37,2.7,2.76,2.28,3.25,1.84,4.35,2.61,2.55,3.29,2.56,4.32,5.95,5.59,13.35,13.03,13.03,10.09,14.57,2.08,3.06,2.49,2.84,3.19
00-0036974,Tyson Campbell,JAX,CB,1.0,1561,measured,12.7,16.62,16.44,11.07,6.0,14.22,11.8,12.13,12.04,16.78,9.0,8.43,8.94,7.21,17.54,15.14,1.9,3.58,2.39,4.38,4.43,2.75,1.15,3.84,2.57,3.01,3.41,2.35,3.56,4.99,1.85,3.99,2.09,3.34,3.71,3.93,2.56,11.95,10.88,13.44,11.57,11.57,9.96,13.35,3.26,1.51,2.59,1.78,7.96
00-0032164,Arik Armstead,JAX,DT,1.0,998,measured,12.5,4.54,7.85,6.87,12.46,11.94,11.8,13.66,9.86,10.74,11.87,13.73,8.68,7.79,4.1,16.38,2.86,3.94,2.0,4.36,3.83,2.31,2.9,4.5,3.62,3.66,3.74,3.96,3.73,4.03,2.89,2.53,3.71,2.56,15.05,13.34,14.44,11.66,8.13,5.75,1.69,4.08,1.0,3.01,3.09,1.1,3.47,2.03,6.0
00-0032763,Austin Johnson,JAX,DT,3.0,816,measured,8.5,1.04,1.72,4.0,12.92,4.97,11.8,11.17,8.09,5.99,12.44,13.61,13.6,13.94,16.9,17.28,3.1,1.96,2.47,3.66,4.42,3.1,2.5,4.46,4.4,3.55,2.24,2.97,3.23,3.58,1.82,2.39,2.89,3.01,7.34,4.24,8.23,9.77,11.72,2.55,1.0,2.37,4.34,4.01,2.3,3.02,1.02,2.64,4.04
00-0036262,DaVon Hamilton,JAX,DT,1.0,959,measured,13.3,4.59,5.19,5.87,16.62,8.39,11.8,13.71,11.7,12.21,10.19,16.08,13.57,6.69,7.17,16.26,3.79,1.91,2.49,4.04,3.13,4.22,3.65,2.17,2.46,2.24,3.92,3.7,2.33,2.01,3.33,4.0,3.25,3.46,12.46,9.31,12.41,16.01,17.23,8.43,4.48,2.32,3.44,3.19,4.07,1.99,1.44,3.19,1.51
00-0040338,Keivie Rose,JAX,DT,,0,prior,9.0,6.0,7.26,6.48,13.25,9.45,11.8,9.29,8.13,6.57,7.24,13.32,17.01,10.4,11.05,11.39,4.15,1.8,2.21,2.56,2.59,2.93,4.32,1.71,1.65,2.32,3.48,2.74,3.98,2.49,3.18,1.68,3.23,3.58,8.23,6.75,8.39,8.91,8.59,9.36,3.65,2.49,4.75,4.27,2.15,1.86,4.84,4.95,3.28
00-0035656,Khalen Saunders,JAX,DT,2.0,936,measured,8.8,6.16,5.69,7.13,13.85,8.71,11.8,11.69,7.76,7.56,8.34,8.18,9.19,6.28,5.67,7.03,3.48,4.16,1.86,2.83,3.58,4.76,3.09,2.24,1.75,3.75,4.23,2.61,1.46,3.48,3.45,2.7,1.98,3.29,8.66,7.03,5.86,7.14,15.22,11.77,2.58,2.31,4.71,2.65,4.15,3.76,3.01,1.94,2.06
00-0039889,Maason Smith,JAX,DT,2.0,356,measured,8.8,6.53,7.47,6.71,12.57,10.22,11.8,9.67,9.19,3.9,7.74,12.74,10.53,7.13,6.71,4.46,2.74,2.84,2.83,1.0,3.71,2.38,3.34,3.59,2.82,3.37,2.5,1.0,4.3,4.11,3.32,1.42,3.27,2.54,10.86,9.81,8.16,6.37,4.19,10.77,4.44,4.66,3.35,4.18,3.55,2.03,3.45,2.35,4.69
00-0034657,Matt Dickerson,JAX,DT,,178,measured,8.3,5.23,7.25,7.67,13.39,10.13,11.8,9.07,7.79,5.42,9.85,9.68,7.36,15.68,11.05,6.88,1.56,3.63,1.97,2.39,2.34,3.03,2.74,1.0,5.69,4.43,4.31,2.76,1.25,4.02,1.93,1.35,4.63,3.45,6.33,4.54,7.86,8.77,8.74,9.08,3.72,2.45,3.08,2.74,4.18,3.21,3.85,3.44,2.18
00-0040329,BJ Green II,JAX,EDGE,3.0,0,prior,8.7,9.51,10.62,9.41,12.61,12.47,11.8,7.6,8.18,8.14,6.5,12.23,12.76,10.4,11.05,11.39,4.95,2.53,3.96,3.82,3.11,2.21,3.36,3.38,2.2,2.8,4.47,3.47,1.85,1.39,2.89,3.28,3.86,3.17,7.35,6.48,7.32,9.74,11.31,13.39,5.8,6.8,2.94,3.37,3.83,2.72,2.59,3.9,3.55
00-0040342,Danny Striggow,JAX,EDGE,3.0,0,prior,8.9,11.0,12.56,11.65,10.39,13.41,11.8,8.24,5.7,7.14,3.02,14.81,12.32,10.4,11.05,11.39,3.25,2.91,4.09,2.56,3.73,2.43,2.85,1.0,2.8,1.32,3.25,5.04,2.03,2.68,3.69,5.3,4.12,1.64,6.7,7.13,7.32,9.74,11.31,13.99,5.8,6.8,4.96,1.91,1.91,3.87,1.72,2.73,3.2
00-0033907,Dawuane Smoot,JAX,EDGE,2.0,703,measured,10.2,8.85,10.24,10.56,11.72,9.76,11.8,12.0,9.26,9.13,11.58,13.84,14.21,7.11,18.03,7.95,2.87,4.82,1.0,2.69,1.02,3.35,3.61,2.66,2.34,2.4,1.86,3.38,2.85,2.29,3.32,2.84,4.0,3.16,9.67,8.89,11.66,13.65,7.24,10.47,5.8,6.8,2.27,2.28,2.27,3.98,3.42,3.18,3.47
00-0033073,Emmanuel Ogbah,JAX,EDGE,2.0,965,measured,11.7,10.51,11.83,8.93,10.0,13.27,11.8,12.93,11.87,11.16,13.19,13.4,6.5,11.93,14.26,4.73,3.21,1.67,2.03,4.27,4.77,4.25,2.12,1.93,1.0,1.52,2.27,3.35,1.75,2.56,4.24,2.27,3.24,3.23,11.9,12.29,11.75,12.34,10.54,8.38,5.8,6.8,3.06,2.46,2.59,2.27,3.18,2.97,3.33
00-0035642,Josh Hines-Allen,JAX,EDGE,1.0,1689,measured,15.2,11.8,12.37,12.68,14.31,12.9,11.8,13.13,12.86,13.28,10.7,11.91,8.17,17.5,11.05,8.22,3.49,3.46,4.23,2.73,4.25,2.06,2.63,2.48,4.14,2.55,2.48,2.88,2.86,2.75,2.21,3.46,3.77,3.99,17.19,16.73,16.53,15.41,11.1,10.32,5.8,6.8,2.4,3.03,3.57,3.29,3.1,1.69,3.56
00-0037235,Travon Walker,JAX,EDGE,1.0,1716,measured,12.7,14.08,14.84,14.08,11.48,14.62,11.8,10.5,11.73,9.56,8.87,10.19,13.09,14.29,14.73,13.97,3.11,2.22,4.99,2.94,2.46,3.56,3.68,1.0,2.61,1.0,2.88,1.86,2.12,2.86,2.7,4.31,4.97,1.85,11.69,12.81,13.19,13.15,9.49,9.23,5.8,6.8,2.93,1.91,4.43,5.03,2.82,1.42,1.58
00-0039409,Cam Little,JAX,K,1.0,29,measured,10.9,10.35,11.27,10.24,9.64,12.42,12.77,8.26,8.39,7.47,10.59,11.12,8.8,12.99,11.05,11.39,3.3,5.12,4.2,1.75,1.67,4.21,3.41,3.54,2.16,3.18,2.22,3.68,2.26,2.04,2.86,4.35,3.33,2.57,2.47,2.86,2.78,2.54,2.3,2.26,4.72,2.92,4.42,2.07,10.19,11.52,3.17,2.1,2.98
00-0040326,Branson Combs,JAX,LB,,0,prior,11.7,12.35,13.47,12.82,9.54,13.68,11.8,7.87,8.8,9.53,6.0,12.59,11.41,10.4,11.05,11.39,1.57,2.63,1.53,3.43,3.38,2.86,1.82,3.53,5.09,4.23,1.1,2.29,2.14,4.55,1.66,1.59,1.05,2.77,6.74,7.16,13.17,12.69,13.24,15.61,8.96,10.46,2.74,9.27,2.33,2.03,3.23,1.86,1.61
00-0034473,Dennis Gardeck,JAX,LB,1.0,612,measured,12.7,10.71,11.3,10.57,10.99,12.25,11.8,10.56,6.91,7.0,8.19,10.19,11.59,6.55,13.77,7.05,1.9,2.29,3.89,1.11,2.84,3.46,4.16,3.51,2.18,2.47,3.15,3.28,1.16,3.17,4.12,5.06,3.06,1.79,17.64,17.27,15.31,16.02,12.0,10.82,9.84,11.34,2.4,5.89,3.36,3.09,2.25,2.46,4.98
00-0037244,Devin Lloyd,JAX,LB,1.0,1823,measured,10.3,11.38,14.16,13.13,12.92,14.72,11.8,9.88,6.28,8.4,11.03,7.61,8.89,14.01,5.65,13.94,2.4,3.29,3.21,2.44,2.79,2.69,3.57,1.4,2.67,3.32,3.6,2.26,3.84,4.04,4.11,3.73,4.51,5.03,6.03,4.92,5.45,9.08,12.92,14.54,8.4,9.9,4.33,13.75,1.42,3.2,3.18,3.25,1.67
00-0034413,Foye Oluokun,JAX,LB,1.0,1952,measured,15.8,11.73,12.61,11.19,9.3,12.77,11.8,13.51,15.04,15.73,13.31,8.23,13.03,12.15,17.48,16.4,3.17,3.77,3.58,4.53,2.88,3.31,3.84,1.5,3.39,1.0,2.28,3.61,3.15,2.47,4.24,4.1,1.8,2.31,11.15,11.44,11.0,15.44,19.4,16.94,17.94,19.44,1.28,12.63,1.98,1.0,1.98,4.05,2.93
00-0040723,Jack Kiser,JAX,LB,2.0,0,prior,10.2,12.1,13.06,12.43,10.07,13.51,11.8,6.62,8.01,7.62,6.45,15.84,10.19,10.4,11.05,11.39,2.92,3.57,3.29,3.2,3.41,3.6,3.46,4.07,3.32,3.04,1.98,1.96,3.0,4.08,5.11,2.83,2.9,3.79,7.08,7.22,10.02,11.18,10.89,13.03,8.77,10.27,2.35,5.82,2.14,5.32,1.17,3.15,2.42
00-0040209,Jalen McLeod,JAX,LB,3.0,0,prior,11.1,11.86,12.64,12.07,10.82,13.36,11.8,7.03,7.07,8.75,6.4,11.6,9.22,10.4,11.05,11.39,3.2,2.89,2.31,1.43,3.12,3.72,3.32,2.02,1.96,3.18,3.55,2.94,3.88,3.35,3.55,3.82,2.96,3.27,7.2,7.01,12.35,12.14,12.33,15.25,8.77,10.27,4.03,9.25,4.69,3.92,4.78,4.62,3.41
00-0038570,Ventrell Miller,JAX,LB,2.0,426,measured,12.6,11.82,12.4,11.43,10.87,13.09,11.8,10.75,12.09,9.85,7.17,5.78,12.74,8.68,16.67,5.91,1.5,3.4,3.42,2.56,2.41,2.76,2.84,3.59,5.11,2.91,3.66,3.17,4.0,2.38,1.72,3.99,2.86,2.02,3.59,3.59,12.73,15.14,16.64,16.89,7.53,9.03,2.5,5.93,1.7,1.79,1.63,2.6,4.17
00-0038580,Yasir Abdullah,JAX,LB,2.0,187,measured,9.7,15.01,16.73,12.31,11.2,16.07,11.8,8.62,5.02,8.07,9.06,14.12,4.92,12.02,18.43,16.08,4.26,2.95,2.08,2.0,3.17,3.58,2.48,4.43,2.65,2.88,3.08,4.17,2.27,3.6,3.0,4.65,1.73,4.1,6.77,7.54,7.7,9.88,9.56,13.68,6.51,8.01,3.52,3.32,4.78,1.08,2.33,3.51,4.98
00-0035827,Ross Matiscik,JAX,LS,1.0,1,prior,9.6,10.21,11.07,10.35,9.53,12.19,10.78,9.92,9.47,6.84,11.68,10.17,11.0,17.5,11.05,17.96,2.36,1.0,2.55,3.22,1.89,4.34,2.57,3.86,2.8,1.19,2.98,3.4,5.56,2.31,4.72,1.74,4.12,3.84,3.25,3.6,2.69,2.83,4.53,4.86,1.77,3.27,2.82,2.24,2.17,3.75,2.89,3.54,4.49
00-0035698,Chuma Edoga,JAX,OG,2.0,496,measured,13.2,4.04,5.69,5.01,10.67,8.37,11.8,11.12,9.58,14.04,8.16,7.71,13.27,4.54,5.52,5.17,4.15,3.4,3.37,3.19,1.0,2.77,2.17,1.83,1.38,3.79,4.14,2.28,1.14,2.83,2.65,14.78,16.42,2.39,1.95,3.75,3.9,3.09,2.04,3.44,3.13,2.36,3.88,2.67,3.16,2.93,3.08,4.98,3.31
00-0038630,Cooper Hodges,JAX,OG,3.0,58,prior,12.0,4.73,6.36,5.62,13.09,8.78,11.8,9.13,7.45,10.68,7.66,15.49,9.89,12.99,11.05,11.39,4.27,3.61,2.93,3.16,2.81,1.93,1.59,2.42,2.07,3.91,1.0,3.88,5.36,1.72,3.01,13.22,12.79,4.7,2.35,1.0,1.44,2.74,3.21,1.0,2.23,4.01,3.3,3.23,2.89,2.2,2.26,3.64,3.63
00-0036327,Ezra Cleveland,JAX,OG,1.0,1815,measured,14.6,7.6,8.6,10.34,15.24,9.88,11.8,11.9,12.76,12.04,10.71,7.54,11.76,7.53,13.7,16.03,3.77,3.33,1.95,2.96,3.39,4.16,2.21,1.0,4.02,3.85,2.39,3.75,2.49,2.24,2.82,13.07,18.53,3.12,3.49,1.93,2.78,4.18,3.79,2.55,2.33,1.5,3.65,1.98,3.38,2.42,3.32,2.03,3.47
00-0038509,Jerome Carvin,JAX,OG,,0,prior,12.1,3.96,5.65,5.22,12.96,8.36,11.8,9.97,9.9,5.76,8.96,16.46,7.03,10.4,11.05,11.39,2.95,4.7,1.96,3.91,4.54,3.05,4.33,3.71,1.51,4.55,3.71,3.31,3.22,4.01,4.08,16.06,9.98,3.66,3.36,3.38,3.05,2.3,3.05,3.83,3.4,3.0,2.36,3.01,1.32,2.86,5.1,3.19,2.17
00-0035112,Patrick Mekari,JAX,OG,1.0,1442,measured,14.3,4.33,5.88,5.08,13.13,8.43,11.8,13.06,13.33,10.35,10.14,11.56,14.08,14.24,14.69,16.35,2.54,4.08,3.55,2.96,3.5,4.17,3.04,2.43,3.45,3.75,3.23,2.95,2.07,4.01,2.99,16.11,16.6,4.02,2.7,2.14,3.65,2.36,3.17,5.07,1.14,1.35,3.03,1.99,3.35,4.14,2.6,2.3,1.15
00-0040344,Sal Wormley,JAX,OG,,0,prior,11.5,3.79,5.01,3.71,13.41,7.72,11.8,9.84,10.54,11.04,6.22,14.26,9.12,10.4,11.05,11.39,1.71,3.33,2.35,3.93,3.98,2.57,2.56,4.2,3.02,2.64,2.72,3.7,5.09,4.47,1.9,10.77,14.47,2.52,5.35,2.28,2.95,3.8,3.36,2.77,2.99,2.62,2.41,2.64,4.32,3.96,2.5,2.92,4.11
00-0040146,Wyatt Milum,JAX,OG,2.0,0,prior,9.9,2.95,5.68,6.15,12.73,9.52,11.8,8.14,7.18,6.84,3.66,14.1,7.77,10.4,11.05,11.39,3.04,3.48,1.79,1.53,3.18,3.49,4.17,2.2,3.64,4.28,2.78,4.17,2.29,4.01,4.34,9.96,10.17,3.57,3.27,3.49,3.3,2.05,2.72,3.0,2.93,3.56,1.46,2.77,1.45,3.93,1.29,3.64,4.18
00-0038934,Anton Harrison,JAX,OT,1.0,1611,measured,13.4,6.93,7.07,5.03,12.22,8.46,11.8,10.02,11.0,13.03,7.38,12.07,8.52,14.69,11.05,16.55,3.74,2.51,3.13,2.75,4.01,1.94,3.78,3.52,3.32,3.0,2.79,3.04,3.24,3.83,3.13,10.7,19.4,2.02,1.47,4.77,3.94,1.65,2.01,2.88,2.23,4.73,3.68,3.74,3.75,3.38,3.15,2.29,3.17
00-0036655,Cole Van Lanen,JAX,OT,2.0,276,measured,11.8,5.2,6.6,8.71,11.33,9.4,11.8,8.14,6.68,9.24,11.41,15.21,12.49,17.5,11.05,8.2,2.75,1.55,2.09,2.28,1.35,3.15,2.95,2.35,3.52,3.57,1.63,2.39,3.44,1.11,2.09,11.72,14.31,3.47,3.33,3.71,2.89,3.33,2.52,3.1,4.28,3.31,2.42,3.29,2.92,2.9,3.68,3.47,1.0
00-0038776,Ricky Lee,JAX,OT,,0,prior,10.1,4.7,6.56,5.61,12.6,9.04,11.8,8.7,7.54,4.37,7.13,10.86,8.68,12.41,11.05,11.39,3.87,3.19,2.59,2.72,3.08,3.04,4.58,2.32,2.65,2.84,2.56,2.99,3.83,1.43,2.93,9.51,11.66,3.22,3.54,1.61,3.28,1.43,3.27,1.0,4.22,3.13,2.58,2.03,3.22,3.48,2.38,2.13,3.45
00-0036975,Walker Little,JAX,OT,1.0,1008,measured,12.6,2.5,6.05,8.41,12.46,9.65,11.8,9.84,9.0,11.0,9.06,12.67,8.88,12.12,7.16,16.55,3.33,3.79,3.45,3.88,3.43,2.54,1.76,3.42,3.44,2.03,1.69,3.1,1.37,3.34,1.27,15.24,13.27,2.64,4.1,3.39,1.79,3.21,6.01,2.75,5.16,3.8,1.34,3.45,2.53,2.53,1.61,3.47,2.63
00-0034437,Logan Cooke,JAX,P,1.0,88,measured,16.5,8.19,9.58,9.04,9.83,11.44,13.35,13.88,10.96,14.13,12.61,8.92,8.36,11.93,13.89,15.42,4.85,2.26,2.2,2.46,2.96,2.34,3.12,2.4,3.89,2.2,2.93,3.07,2.62,3.52,1.93,2.78,2.47,3.72,3.4,2.9,1.89,1.42,2.81,1.08,2.66,3.29,5.86,3.06,3.65,3.52,17.15,15.92,3.31
00-0033319,Nick Mullens,JAX,QB,2.0,188,measured,9.7,8.96,9.22,11.46,9.76,10.2,11.8,10.04,8.9,8.72,12.04,9.18,15.48,11.93,14.35,5.05,6.82,9.51,11.33,9.85,8.08,14.62,8.09,7.2,3.19,1.44,3.69,1.0,3.75,1.67,2.36,2.77,2.74,2.31,5.18,1.67,1.83,3.0,4.6,3.11,1.72,2.91,1.05,3.26,1.62,1.25,3.8,2.48,3.34
00-0040330,Seth Henigan,JAX,QB,,0,prior,7.3,9.87,10.43,9.99,9.76,11.35,11.8,7.1,7.02,5.7,7.29,13.71,10.81,10.4,11.05,11.39,8.83,6.24,8.21,6.84,6.07,7.34,7.11,7.56,1.0,2.6,3.48,3.3,2.04,1.57,2.61,2.06,3.63,1.97,3.4,3.82,2.84,3.83,2.53,3.98,2.18,2.44,1.85,3.17,2.7,3.43,4.28,3.61,2.19
00-0036971,Trevor Lawrence,JAX,QB,1.0,1649,measured,12.3,9.62,10.39,11.01,9.76,10.76,11.8,12.64,11.69,10.28,11.15,6.74,16.2,7.56,18.08,18.63,12.24,12.65,10.15,12.61,13.08,16.18,12.09,8.53,1.72,10.75,3.12,1.82,2.77,4.18,3.5,1.94,1.03,2.63,1.35,2.12,2.57,1.0,1.52,3.73,3.02,2.71,4.29,2.31,2.66,2.3,3.33,2.89,1.22
00-0040719,Bhayshul Tuten,JAX,RB,3.0,0,prior,11.1,18.47,18.74,12.06,8.56,18.03,11.8,7.6,11.83,10.23,4.22,14.04,11.27,10.4,11.05,11.39,4.09,2.74,3.83,3.19,2.37,3.4,1.9,13.82,7.92,7.68,7.05,10.97,1.81,6.9,6.7,2.33,4.82,3.33,2.09,4.42,1.93,5.12,3.45,3.22,2.92,2.58,4.16,3.04,2.92,3.09,3.54,1.93,12.36
00-0040332,Ja'Quinden Jackson,JAX,RB,,0,prior,9.8,13.01,13.28,11.47,9.74,12.42,11.8,9.39,10.62,10.33,3.26,9.83,11.12,10.4,11.05,11.39,1.31,3.54,4.31,2.19,1.71,3.34,3.83,11.02,8.47,6.92,7.45,13.43,2.3,6.68,6.12,2.07,4.84,3.07,2.12,3.04,1.4,2.82,1.77,2.85,1.89,3.09,1.05,2.92,2.99,3.81,3.2,2.81,9.05
00-0040238,LeQuint Allen Jr.,JAX,RB,4.0,0,prior,10.1,14.29,14.21,12.14,8.26,13.87,11.8,11.03,9.29,10.07,6.24,15.29,14.9,10.4,11.05,11.39,2.59,3.21,3.22,3.45,3.04,2.42,3.8,11.69,8.26,7.05,7.37,12.88,4.84,6.88,6.46,2.17,4.83,3.17,2.92,1.98,3.12,4.05,2.19,2.16,3.03,3.47,1.13,2.01,4.51,2.84,4.14,3.53,9.7
00-0038555,Tank Bigsby,JAX,RB,2.0,412,measured,11.4,13.11,13.33,12.34,8.93,12.64,11.8,9.82,11.66,9.59,7.54,10.49,9.23,13.68,16.67,17.41,2.92,1.83,4.52,3.09,3.51,3.15,1.37,9.21,13.7,11.34,11.33,5.14,3.78,2.25,1.0,8.09,8.4,9.09,1.71,2.45,2.64,4.14,3.77,2.16,2.99,2.84,4.98,2.23,4.68,3.17,2.16,3.32,13.02
00-0036973,Travis Etienne,JAX,RB,1.0,1306,measured,11.9,15.47,16.81,12.79,9.0,14.34,11.8,8.99,7.7,8.8,9.82,9.48,12.71,15.68,11.05,8.32,3.39,5.1,4.09,4.49,3.7,3.66,6.19,14.64,9.08,14.72,9.19,8.0,2.58,9.9,8.32,2.78,2.36,3.78,1.95,2.95,3.47,3.43,2.89,4.05,4.09,1.0,3.72,4.76,4.29,4.28,3.72,1.47,11.42
00-0035378,Andrew Wingard,JAX,S,1.0,501,measured,12.4,12.87,13.57,13.31,4.5,14.79,11.8,11.47,12.55,13.84,10.59,12.4,12.77,17.5,11.05,14.08,2.59,3.69,1.54,2.1,2.86,2.99,2.59,4.06,1.11,5.38,2.8,1.91,2.91,2.11,1.85,1.99,2.96,2.42,3.06,3.48,1.87,6.13,13.76,13.19,12.99,13.99,8.21,11.37,3.16,3.74,2.43,4.62,11.42
00-0038596,Antonio Johnson,JAX,S,2.0,736,measured,10.4,13.85,13.48,14.14,4.0,11.6,11.8,10.16,8.06,6.68,7.98,8.67,16.61,12.08,4.26,14.83,3.28,3.11,3.83,3.38,3.51,3.19,4.11,2.87,3.52,3.93,3.44,3.95,3.62,3.04,1.67,3.7,3.07,2.56,1.0,2.13,2.58,6.17,13.61,13.99,6.85,7.85,8.06,11.81,3.75,3.64,2.01,3.89,14.62
00-0040145,Caleb Ransaw,JAX,S,3.0,0,prior,13.4,18.24,18.45,14.31,8.0,17.71,11.8,11.54,14.69,12.46,6.86,8.2,11.17,10.4,11.05,11.39,2.67,3.21,2.28,1.88,2.11,1.78,3.34,2.48,2.95,4.25,2.8,5.24,2.77,5.84,4.91,4.2,3.27,1.39,3.96,2.06,4.71,11.86,10.55,12.46,13.01,14.01,9.26,14.13,3.71,3.44,3.14,3.11,12.92
00-0040339,Cam'Ron Silmon-Craig,JAX,S,,0,prior,11.7,13.46,13.83,14.39,6.71,13.45,11.8,10.08,11.01,5.52,4.51,8.48,7.6,10.4,11.05,11.39,3.57,2.23,3.79,3.1,1.88,1.62,3.64,1.82,3.25,3.47,3.22,1.72,3.84,3.32,5.25,4.22,2.01,4.16,4.8,2.49,2.62,9.47,9.39,12.12,11.91,12.91,8.87,12.99,1.55,4.33,2.29,4.36,15.36
00-0034968,Darnell Savage,JAX,S,2.0,1403,measured,10.1,17.52,17.39,14.44,5.5,17.09,11.8,11.33,10.83,8.38,7.41,10.56,8.74,4.67,18.98,7.46,3.67,3.34,2.3,1.67,2.84,2.46,2.93,3.25,1.89,1.17,2.06,4.97,2.81,2.06,3.49,3.09,3.36,3.41,3.07,2.81,3.24,6.05,7.96,12.32,7.3,8.3,8.51,9.6,2.67,2.3,2.57,2.34,11.68
00-0033038,Eric Murray,JAX,S,1.0,957,measured,12.0,13.36,14.07,13.86,7.5,15.81,11.8,12.22,10.49,10.06,13.98,10.83,9.33,11.93,4.36,7.74,1.93,3.57,2.29,4.2,3.19,1.08,2.77,3.78,1.44,2.18,2.92,2.96,4.01,3.54,1.0,5.46,3.6,2.29,2.55,1.75,3.16,13.04,10.73,11.4,12.17,13.17,9.11,8.86,3.63,3.77,2.37,3.99,7.64
00-0040213,Rayuan Lane III,JAX,S,3.0,0,prior,11.9,12.92,15.45,12.72,7.46,16.31,11.8,10.57,11.33,10.09,7.91,10.11,12.1,10.4,11.05,11.39,3.57,3.6,1.82,4.33,4.69,2.28,2.52,2.8,3.93,2.72,2.95,2.21,3.34,4.64,3.43,1.24,1.71,3.59,3.44,2.26,1.68,10.01,9.87,11.25,12.29,13.29,9.1,13.6,4.53,4.17,5.48,2.18,14.29
00-0038935,Brenton Strange,JAX,TE,1.0,736,measured,11.2,10.77,13.37,10.4,12.0,15.09,11.8,10.23,5.36,5.97,7.66,9.47,12.97,12.29,16.16,6.56,4.42,2.05,3.77,3.42,3.1,1.25,3.21,12.33,3.87,10.15,13.94,13.36,10.98,10.92,9.91,9.7,9.72,6.41,1.0,2.52,2.58,3.48,3.17,2.83,2.26,4.27,3.5,3.35,2.8,4.37,1.97,3.11,3.7
00-0037004,Hunter Long,JAX,TE,2.0,321,measured,10.7,10.6,11.78,12.03,9.44,12.92,11.8,9.89,6.0,8.46,9.88,8.1,9.28,6.09,7.18,5.42,2.0,3.08,3.15,2.18,2.41,2.2,4.18,13.96,2.84,5.85,9.64,14.65,11.36,7.74,7.65,11.85,10.96,8.57,3.08,3.13,2.51,2.16,4.88,2.73,3.33,3.3,4.21,3.14,3.49,3.62,2.93,4.16,4.7
00-0033246,Johnny Mundt,JAX,TE,3.0,728,measured,12.2,10.42,11.36,10.98,8.44,12.34,11.8,12.28,10.91,9.08,11.02,13.36,12.0,17.5,11.05,7.74,4.26,3.22,3.28,3.11,1.0,2.55,1.18,10.92,1.93,7.83,11.61,12.87,14.02,14.35,16.71,11.05,11.81,7.76,1.7,3.71,1.44,4.43,4.37,3.25,2.59,2.76,2.04,1.83,3.26,2.43,3.7,3.91,2.22
00-0040331,Patrick Herbert,JAX,TE,,0,prior,10.4,10.52,11.74,12.05,9.53,12.91,11.8,8.2,9.06,7.83,6.8,9.28,6.38,10.4,11.05,11.39,3.88,3.3,3.29,2.38,2.57,2.8,4.16,13.6,1.91,12.23,16.02,9.46,9.06,9.21,9.72,10.97,10.38,7.69,1.53,2.72,2.86,4.8,4.01,3.52,1.63,2.72,3.89,3.61,2.43,2.42,4.65,2.58,3.27
00-0036590,Quintin Morris,JAX,TE,,406,measured,10.6,10.77,12.01,12.06,9.27,13.1,11.8,9.85,6.94,8.98,8.48,14.75,10.76,14.01,7.12,6.24,3.17,4.62,2.8,2.91,3.2,3.51,2.86,11.61,3.72,10.06,13.84,10.21,10.48,9.0,11.29,7.45,16.48,4.16,3.72,3.7,2.8,1.3,2.52,2.04,2.35,4.39,3.63,3.78,1.99,1.85,3.27,3.94,3.7
00-0036841,Austin Trammell,JAX,WR,,96,prior,11.2,15.11,15.16,13.8,6.78,14.75,11.8,11.03,7.46,6.16,8.2,8.83,11.09,17.5,11.05,11.39,4.58,3.42,2.46,2.67,2.94,2.92,2.56,8.53,7.41,12.58,11.27,7.76,4.51,10.92,13.45,3.37,3.05,4.39,3.54,4.13,2.81,2.51,2.39,1.17,2.43,2.96,2.08,1.24,3.85,2.62,1.82,3.2,7.85
00-0039893,Brian Thomas Jr.,JAX,WR,1.0,778,measured,14.3,18.24,17.8,13.62,5.5,16.68,11.8,12.55,12.21,14.24,6.22,9.84,10.63,12.99,11.05,17.41,4.34,4.22,2.46,4.12,1.0,2.83,1.86,18.57,15.53,16.93,15.62,10.36,7.85,15.87,15.18,4.49,3.91,2.31,2.24,2.69,3.09,2.43,1.62,1.0,3.84,3.12,2.92,2.26,2.96,4.64,3.7,3.38,14.29
00-0040323,Chandler Brayboy,JAX,WR,,0,prior,9.8,14.41,15.02,13.71,6.84,14.82,11.8,9.73,7.06,9.0,5.17,7.75,11.86,10.4,11.05,11.39,3.01,2.09,2.71,4.32,2.36,2.4,2.54,7.11,7.71,12.37,11.07,6.32,6.75,8.0,8.16,2.62,3.07,4.71,4.97,4.94,2.57,1.1,2.06,2.34,5.21,2.11,3.73,4.85,1.15,4.31,3.46,3.37,9.13
00-0036626,Dyami Brown,JAX,WR,1.0,662,measured,13.3,15.24,16.69,14.02,9.0,15.0,11.8,12.85,13.18,11.55,8.63,13.52,10.13,13.61,18.25,14.19,3.36,3.04,2.63,2.71,2.08,1.44,1.61,15.65,10.94,13.9,12.59,12.43,8.07,12.64,14.88,3.7,1.0,2.34,2.04,3.47,2.27,3.98,2.32,3.15,2.94,1.22,3.95,2.55,4.27,3.67,1.0,1.59,14.99
00-0038092,Erik Ezukanma,JAX,WR,,40,prior,8.7,13.62,15.33,12.3,7.97,15.7,11.8,9.08,11.13,8.61,6.92,9.97,15.41,15.68,11.05,11.39,3.23,3.7,4.9,3.29,3.34,2.95,3.81,9.72,5.28,11.88,10.57,6.98,4.09,5.95,5.79,2.49,4.36,3.33,3.19,2.37,1.28,2.5,3.23,4.53,1.0,2.31,2.67,4.5,2.23,3.29,1.3,4.03,10.04
00-0039552,Joshua Cephus,JAX,WR,2.0,5,prior,7.8,14.88,15.46,14.59,5.6,14.48,11.8,8.57,7.21,4.47,6.42,12.18,9.74,12.99,11.05,11.39,4.96,2.82,4.04,3.3,4.09,3.65,3.25,13.32,4.98,13.21,11.91,3.82,3.85,3.85,4.15,2.62,3.02,1.97,2.65,2.83,4.16,2.88,3.8,2.05,2.42,2.75,2.52,4.08,2.09,1.95,3.97,3.53,17.34
00-0038606,Parker Washington,JAX,WR,2.0,707,measured,9.4,14.09,14.45,12.48,8.0,15.28,11.8,9.99,10.2,10.62,6.58,15.0,12.26,7.72,15.13,14.83,3.41,2.48,3.28,3.9,3.12,2.72,3.05,6.37,5.58,8.66,7.35,6.1,7.51,7.93,8.35,1.93,2.11,2.8,1.78,2.03,3.0,3.55,2.45,3.74,3.96,1.83,2.95,2.05,1.96,2.89,2.79,3.08,12.56
00-0033375,Tim Patrick,JAX,WR,2.0,605,measured,10.7,12.49,13.68,12.74,6.54,13.75,11.8,11.39,8.67,9.89,9.77,9.37,11.14,13.9,11.05,7.09,5.37,3.42,3.53,4.85,2.48,4.4,1.43,8.25,6.95,10.36,9.05,9.5,8.39,10.46,9.96,2.67,3.69,3.61,5.41,1.17,4.0,2.5,1.82,3.83,2.96,3.65,3.01,2.92,2.13,3.22,1.59,2.85,12.83
00-0036623,Creed Humphrey,KC,C,1.0,2193,measured,13.6,5.2,7.6,8.7,14.77,11.87,11.8,11.71,11.39,12.83,10.55,15.24,12.68,17.5,11.05,11.39,1.37,3.9,3.99,4.16,3.4,1.77,3.82,3.71,4.35,4.25,1.0,2.67,3.11,2.11,2.02,12.53,16.52,2.99,4.71,3.29,3.72,1.72,2.68,3.86,4.01,3.82,2.91,2.21,2.76,3.64,2.2,2.36,2.86
00-0039827,Hunter Nourzad,KC,C,2.0,30,prior,10.9,4.26,5.65,6.77,10.98,8.64,11.8,7.89,7.93,8.82,5.3,12.07,8.97,12.99,11.05,11.39,2.79,2.0,3.03,2.42,3.87,3.17,3.58,5.11,1.93,3.34,3.29,2.05,1.68,4.84,3.07,10.65,14.12,4.01,3.7,2.52,3.42,2.78,2.57,2.48,3.21,5.15,1.04,4.24,3.03,2.14,5.15,3.03,3.42
00-0039324,Christian Roland-Wallace,KC,CB,,174,measured,8.6,15.02,15.63,14.01,8.5,15.1,11.8,8.42,5.41,7.59,7.6,10.53,14.18,12.99,11.05,11.39,3.01,3.1,3.13,2.92,2.06,3.06,3.47,2.78,2.82,2.17,3.07,3.03,1.99,2.52,2.47,4.17,3.28,4.02,1.32,2.33,3.13,10.57,16.25,17.29,4.05,4.05,10.71,4.4,2.06,2.48,2.79,2.9,13.0
00-0038604,Eric Scott Jr.,KC,CB,3.0,0,prior,8.3,14.96,15.86,14.37,6.68,15.25,11.8,9.17,9.76,5.97,6.81,10.81,11.17,10.4,11.05,11.39,3.17,2.79,2.38,4.0,4.8,2.98,2.95,4.55,4.08,4.6,4.18,1.58,3.29,1.0,3.29,2.0,3.44,2.6,1.0,3.23,5.9,8.08,12.15,17.34,3.94,3.94,10.17,3.94,3.71,3.55,2.79,2.38,6.28
00-0037195,Jaylen Watson,KC,CB,1.0,848,measured,13.0,14.08,15.39,14.4,9.0,15.27,11.8,13.56,8.63,12.56,9.0,14.29,13.31,6.12,17.75,14.83,4.57,4.6,3.95,1.44,3.34,1.38,2.57,1.0,2.93,3.6,2.91,3.19,3.25,3.12,2.31,1.43,4.1,2.27,1.91,1.0,4.04,12.96,12.56,14.36,13.61,13.61,10.86,8.95,4.91,2.61,3.84,1.43,16.64
00-0038043,Joshua Williams,KC,CB,3.0,774,measured,9.4,13.66,14.86,14.38,6.35,15.09,11.8,9.08,7.25,10.21,7.45,8.29,15.2,15.68,11.05,11.39,4.0,3.67,3.38,1.0,3.31,4.24,2.53,3.45,2.33,4.11,2.6,2.51,1.11,2.3,1.9,3.99,2.67,4.03,2.54,2.1,2.85,10.0,11.09,10.58,6.45,6.45,10.07,7.18,2.39,1.78,1.19,4.84,10.67
00-0040089,Kevin Knowles,KC,CB,,0,prior,8.9,15.07,15.66,13.83,6.95,14.99,11.8,9.35,6.67,9.08,5.49,8.78,5.53,10.4,11.05,11.39,2.63,2.66,1.52,2.57,3.4,1.83,4.27,2.95,3.88,2.19,3.47,3.46,3.75,3.61,2.26,3.56,5.11,3.06,3.58,4.29,3.58,7.23,12.31,15.26,5.24,5.24,10.25,4.53,2.38,4.44,2.56,5.31,14.19
00-0036416,Kristian Fulton,KC,CB,1.0,1383,measured,12.6,15.24,15.45,13.39,7.22,14.62,11.8,11.55,12.31,9.5,12.03,16.81,7.57,5.46,7.22,18.08,2.06,3.61,4.17,4.43,3.02,3.65,3.36,4.34,2.92,2.37,2.29,2.34,1.78,3.42,4.27,2.05,4.25,3.74,3.09,4.03,3.7,13.41,10.48,9.91,11.91,11.91,10.33,11.86,2.59,3.32,3.57,3.99,10.52
00-0040093,Melvin Smith Jr.,KC,CB,,0,prior,8.9,15.05,15.84,13.95,6.42,15.02,11.8,8.05,7.04,6.8,5.25,11.58,8.32,10.4,11.05,11.39,2.7,1.0,4.04,2.57,3.08,3.36,3.79,1.27,1.72,3.43,3.98,3.23,3.43,3.03,3.23,2.39,1.82,1.58,1.6,2.0,4.3,7.23,12.31,15.25,5.24,5.24,10.09,4.53,1.75,3.11,4.1,3.52,14.19
00-0037198,Nazeeh Johnson,KC,CB,2.0,466,measured,8.9,15.09,15.58,13.71,7.12,14.93,11.8,8.25,7.79,12.11,7.73,9.9,12.9,12.55,15.46,11.39,3.39,3.62,1.62,3.42,3.24,4.53,2.32,4.07,3.63,4.37,2.15,2.42,4.31,5.05,2.92,3.06,4.46,3.47,3.19,3.72,2.64,13.06,15.48,14.21,4.55,4.55,10.3,6.0,2.87,3.05,1.65,3.18,12.87
00-0040670,Nohl Williams,KC,CB,2.0,0,prior,9.9,14.31,14.22,14.21,9.5,13.22,11.8,8.07,7.61,6.53,3.44,12.9,6.88,10.4,11.05,11.39,2.53,2.82,3.47,3.56,3.11,3.51,3.27,1.0,1.97,4.78,1.53,3.43,3.57,3.15,2.8,3.28,3.35,2.44,3.49,2.65,5.35,6.17,10.14,14.08,7.54,7.54,11.01,6.51,2.89,1.15,2.87,3.35,8.92
00-0037191,Trent McDuffie,KC,CB,1.0,1841,measured,14.3,15.7,15.99,13.92,7.08,15.04,11.8,10.24,13.71,13.38,6.62,9.58,10.13,14.27,15.98,6.88,4.57,1.0,2.07,2.05,3.17,3.61,1.0,3.25,2.84,2.73,5.26,2.49,3.42,2.11,3.58,4.3,4.58,3.07,2.83,1.75,2.08,8.69,7.81,9.55,15.47,15.47,10.29,13.09,4.11,3.18,2.77,4.21,7.15
00-0038939,Brodric Martin,KC,DT,,42,prior,8.0,3.86,5.1,4.78,12.74,7.63,11.8,8.9,7.56,5.14,8.47,10.52,8.38,4.78,4.52,11.39,3.05,1.3,3.2,2.3,2.76,3.99,2.88,3.43,2.23,2.89,2.96,1.59,4.29,2.94,2.52,1.98,3.45,1.45,8.07,6.02,7.63,7.23,6.53,11.41,2.18,1.79,3.42,1.88,1.97,2.8,2.64,3.58,4.29
00-0032762,Chris Jones,KC,DT,1.0,1573,measured,14.9,5.16,5.82,7.28,13.39,5.18,11.8,13.67,12.06,13.29,12.88,10.84,15.56,7.68,14.11,6.3,3.63,3.23,1.78,2.3,1.74,3.41,3.27,3.54,4.15,4.1,2.56,3.08,3.31,1.91,2.66,1.25,1.32,1.96,19.4,18.54,17.67,14.12,7.32,3.05,3.26,3.8,3.29,4.43,1.43,1.55,2.15,4.0,3.13
00-0034818,Derrick Nnadi,KC,DT,2.0,701,measured,8.1,1.0,1.97,1.0,12.92,6.27,11.8,11.17,6.61,7.32,9.8,11.24,9.26,17.5,11.05,8.28,3.02,2.37,2.92,3.03,4.88,2.75,2.53,2.85,3.5,3.06,4.37,3.07,2.35,3.84,2.38,4.84,3.33,3.82,8.55,5.44,7.8,8.39,6.94,6.96,3.12,5.4,2.92,1.9,3.18,1.0,2.15,2.78,2.81
00-0035674,Jerry Tillery,KC,DT,2.0,950,measured,10.6,7.28,9.23,9.86,12.0,11.58,11.8,11.81,7.42,11.64,8.6,6.45,8.32,15.23,14.53,11.39,1.71,4.07,1.67,1.89,2.51,2.71,2.49,4.25,3.8,3.2,2.58,2.93,4.61,2.69,1.3,2.32,2.75,4.16,11.29,10.7,11.39,10.28,6.37,9.25,2.82,5.52,3.14,2.69,4.64,2.13,3.42,2.16,3.68
00-0036920,Marlon Tuipulotu,KC,DT,,265,measured,9.9,5.88,7.05,5.97,13.68,9.34,11.8,9.24,8.75,9.95,9.66,9.49,11.42,13.82,15.26,6.88,1.0,3.03,3.36,2.16,2.85,1.72,3.92,3.65,2.98,2.98,3.36,3.67,1.41,3.51,1.59,2.39,4.41,4.58,9.59,7.92,9.17,9.13,12.62,9.7,3.34,4.09,2.75,2.63,3.04,4.6,3.36,4.39,3.34
00-0040748,Omarr Norman-Lott,KC,DT,1.0,0,prior,12.6,5.08,7.79,5.43,13.39,11.2,11.8,10.61,9.35,9.22,6.93,13.17,7.14,10.4,11.05,11.39,4.68,1.0,2.82,1.96,2.41,3.32,3.91,1.55,4.5,4.18,2.14,3.61,3.08,4.08,4.27,3.18,3.47,2.65,14.36,12.52,13.51,12.32,10.9,9.92,1.41,2.94,2.68,4.07,2.66,3.29,2.31,3.47,2.83
00-0038937,Zacch Pickens,KC,DT,,379,measured,9.6,8.13,10.07,8.17,11.33,10.95,11.8,10.73,10.43,8.03,8.09,10.78,13.08,7.06,4.24,11.39,2.75,3.74,2.59,2.19,1.1,1.0,2.08,3.39,4.93,3.79,1.0,4.42,4.71,3.09,5.76,2.31,2.97,3.43,10.4,10.34,9.13,7.72,8.43,10.63,3.33,3.55,1.0,3.16,3.54,1.36,1.0,2.79,3.84
00-0040640,Ashton Gillotte,KC,EDGE,2.0,0,prior,9.1,9.66,11.83,9.98,12.46,14.86,11.8,8.04,7.01,9.71,5.47,10.93,6.92,10.4,11.05,11.39,4.47,2.58,4.63,3.22,4.4,1.77,2.82,3.65,2.12,3.15,4.31,1.98,4.62,2.14,2.92,2.66,1.82,2.7,9.01,8.24,7.33,7.84,8.64,11.68,5.8,6.8,3.35,2.73,3.8,2.51,1.0,4.1,4.02
00-0038983,BJ Thompson,KC,EDGE,4.0,20,prior,7.3,12.85,14.39,13.78,9.16,14.32,11.8,8.51,5.37,6.21,8.28,12.35,5.87,12.41,11.05,11.39,2.24,4.09,3.07,1.56,2.94,3.52,3.91,3.48,3.44,3.38,3.01,3.01,2.51,1.1,2.82,3.85,3.61,5.17,4.25,5.75,5.26,6.73,3.67,12.8,5.8,6.8,2.8,3.32,2.57,4.56,3.79,4.98,2.08
00-0035279,Charles Omenihu,KC,EDGE,2.0,712,measured,9.3,7.72,9.6,9.72,11.76,14.14,11.8,10.39,9.91,9.44,8.64,8.87,11.37,6.53,6.26,7.26,4.66,2.04,2.87,1.81,2.77,3.81,1.0,1.71,3.36,2.44,3.36,1.0,2.88,1.85,3.93,2.24,4.6,1.94,10.79,9.59,8.1,7.7,6.95,7.57,5.8,6.8,1.8,2.89,4.31,4.06,3.63,4.04,3.13
00-0040328,Ethan Downs,KC,EDGE,,0,prior,9.2,10.92,12.21,7.57,16.16,13.3,11.8,6.98,8.11,9.76,3.96,11.57,13.11,10.4,11.05,11.39,1.0,3.21,4.36,2.3,3.09,3.67,1.98,2.45,2.34,4.77,4.23,2.93,2.38,1.65,3.16,4.08,2.15,4.15,7.72,6.1,7.32,9.74,11.31,13.96,5.8,6.8,2.17,3.87,4.79,3.65,4.45,5.04,2.89
00-0039006,Felix Anudike-Uzomah,KC,EDGE,3.0,449,measured,10.9,10.91,12.35,11.36,10.81,13.33,11.8,10.35,8.59,11.18,6.87,10.21,12.47,14.69,11.05,11.39,1.84,1.0,2.91,4.52,3.01,2.4,2.65,2.12,2.13,3.34,3.41,4.41,3.78,3.46,3.53,2.98,3.97,3.11,8.66,8.91,12.63,14.3,11.85,13.42,5.8,6.8,2.18,2.92,3.96,1.98,1.93,3.65,3.72
00-0037192,George Karlaftis,KC,EDGE,1.0,1564,measured,12.5,9.39,11.94,10.69,10.67,15.76,11.8,12.57,10.06,12.36,9.24,8.46,12.87,14.27,7.6,8.1,4.23,1.0,2.73,1.64,1.99,3.9,3.44,3.86,3.51,4.33,3.55,3.24,1.0,3.87,4.48,3.94,2.44,2.85,15.64,15.41,13.54,8.82,5.16,8.04,5.8,6.8,3.5,2.66,2.16,3.04,3.9,3.12,4.35
00-0036878,Janarius Robinson,KC,EDGE,5.0,154,measured,8.7,10.6,12.18,11.28,10.67,13.2,11.8,9.72,10.49,3.72,9.17,7.91,9.11,7.41,14.73,7.37,3.39,1.62,3.92,1.53,3.44,2.95,1.52,3.16,5.07,3.35,3.42,6.0,3.12,1.0,3.54,2.83,4.36,3.44,7.38,7.57,7.34,8.52,7.73,11.49,5.8,6.8,3.7,4.47,1.0,2.15,3.32,2.09,4.4
00-0036682,Malik Herring,KC,EDGE,3.0,323,measured,9.3,9.17,10.52,9.48,12.3,12.34,11.8,9.92,8.55,2.8,9.16,11.86,15.44,15.68,11.05,11.39,3.98,3.18,4.99,3.2,2.53,2.65,3.68,2.18,2.97,1.98,2.66,4.9,3.7,4.54,2.62,4.91,3.21,1.4,7.95,7.07,8.91,12.22,10.33,12.15,5.8,6.8,5.11,4.4,1.71,1.56,2.06,5.11,3.73
00-0036378,Michael Danna,KC,EDGE,1.0,1144,measured,11.1,10.73,11.94,10.77,11.64,13.17,11.8,10.38,8.01,8.84,9.35,11.19,14.92,6.96,6.0,5.38,2.46,3.85,2.65,1.47,4.47,3.7,2.86,4.06,3.98,1.46,3.01,2.56,4.36,3.97,2.85,4.73,2.45,3.14,10.73,10.63,10.0,11.68,13.64,10.06,5.8,6.8,3.67,3.27,3.15,1.12,4.75,1.4,3.69
00-0037080,Tyreke Smith,KC,EDGE,,13,prior,6.6,8.53,10.52,10.19,11.88,13.01,11.8,8.88,6.45,2.59,7.4,9.04,14.33,5.35,14.12,11.39,2.56,3.1,3.91,2.8,3.09,3.14,2.92,1.0,3.16,2.41,4.18,4.55,1.85,2.42,4.11,2.93,2.93,2.93,5.48,4.53,5.24,6.31,3.64,10.64,5.8,6.8,3.56,4.36,2.26,1.51,1.01,1.96,1.88
00-0033303,Harrison Butker,KC,K,1.0,60,measured,12.6,9.59,10.52,9.59,9.64,11.8,12.44,11.08,11.79,11.05,9.98,10.22,11.86,14.06,13.84,14.66,2.99,2.93,3.46,4.53,3.82,4.03,3.29,3.83,2.92,3.83,2.27,4.05,1.94,3.15,2.9,2.68,2.54,2.69,3.01,3.13,4.07,2.94,2.91,2.46,2.7,3.55,2.46,1.92,12.78,12.37,3.7,2.72,3.37
00-0040087,Brandon George,KC,LB,3.0,0,prior,11.8,12.08,13.25,13.33,10.21,13.81,11.8,9.06,11.18,8.36,4.4,10.93,13.04,10.4,11.05,11.39,3.39,2.0,3.07,2.72,2.84,1.48,1.78,3.01,2.4,4.57,4.0,4.74,2.85,3.78,2.92,3.62,5.22,3.01,6.9,6.99,13.17,12.69,13.24,15.5,8.96,10.46,1.01,9.27,3.15,3.85,1.8,1.75,2.37
00-0035900,Cole Christiansen,KC,LB,,0,prior,8.7,12.02,12.78,11.67,10.12,13.22,11.8,9.37,6.02,7.42,8.81,11.3,8.75,17.5,11.05,11.39,3.51,2.81,3.64,2.4,3.95,3.19,1.0,3.09,2.39,3.86,2.72,2.33,2.49,4.28,2.86,3.55,4.33,2.15,16.12,16.24,5.1,6.62,8.15,12.08,4.12,5.62,2.53,2.0,4.22,3.8,3.46,3.95,1.72
00-0040118,Cooper McDonald,KC,LB,2.0,0,prior,11.2,12.08,13.25,13.33,10.21,13.81,11.8,9.09,8.38,5.75,6.51,14.3,13.73,10.4,11.05,11.39,2.53,3.22,2.73,2.89,3.72,1.47,1.69,5.18,3.18,1.73,3.45,2.54,2.91,1.0,1.9,3.6,4.33,2.49,6.89,6.98,11.5,12.15,12.48,14.03,9.0,10.5,2.99,6.11,3.82,2.44,4.01,3.64,2.13
00-0035262,Drue Tranquill,KC,LB,1.0,1537,measured,13.4,12.26,13.26,14.57,15.7,15.11,11.8,12.97,12.01,12.49,13.0,8.19,8.06,12.64,15.6,13.9,1.8,3.58,3.14,2.67,2.87,2.27,2.6,5.14,1.49,2.4,2.51,1.2,3.09,2.36,1.36,2.77,2.64,3.23,11.86,10.1,10.23,14.05,15.73,15.37,10.9,12.4,3.55,7.26,2.18,3.57,4.61,2.08,3.61
00-0037208,Jack Cochrane,KC,LB,2.0,133,measured,10.2,12.39,13.51,12.74,9.45,13.66,11.8,9.91,1.7,7.84,7.76,7.8,8.22,15.68,11.05,11.39,3.92,3.24,2.42,3.13,2.53,3.49,2.67,2.91,3.99,1.91,1.85,2.37,3.1,2.61,3.68,2.8,2.28,3.19,7.97,8.44,9.1,11.01,11.82,12.85,5.1,6.6,3.8,2.82,4.5,2.97,2.08,3.93,3.69
00-0040072,Jeffrey Bassa,KC,LB,2.0,0,prior,10.5,11.85,12.42,10.85,10.67,15.56,11.8,7.7,9.63,8.47,3.98,10.25,14.72,10.4,11.05,11.39,3.27,3.61,2.69,2.35,2.23,2.98,2.01,3.59,2.05,2.79,3.23,4.12,2.88,3.15,1.96,1.0,3.68,2.31,7.18,7.03,10.14,11.47,11.3,13.46,8.77,10.27,3.08,5.98,3.4,2.84,1.87,4.39,1.98
00-0037819,Leo Chenal,KC,LB,1.0,818,measured,12.4,13.66,15.85,14.15,11.54,17.84,11.8,12.09,3.99,8.6,11.68,9.12,12.62,15.68,11.05,15.42,1.05,3.41,3.39,3.13,4.37,3.25,3.78,2.35,1.66,4.04,2.7,3.08,3.46,3.8,2.16,2.07,3.68,2.09,13.41,13.59,10.84,13.85,15.36,11.8,6.69,8.19,2.29,6.01,3.62,4.04,1.77,3.06,2.08
00-0036621,Nick Bolton,KC,LB,1.0,1621,measured,16.1,12.37,12.42,9.23,12.46,12.13,11.8,12.88,12.48,12.83,8.87,16.31,8.02,7.7,14.7,4.69,3.95,1.58,4.09,3.57,2.41,2.05,2.44,1.32,2.18,2.63,2.17,2.14,1.85,4.67,2.45,2.49,1.42,3.0,11.97,11.37,16.54,17.64,16.22,17.78,18.59,20.0,3.29,11.73,2.46,4.03,4.5,2.65,3.22
00-0030615,James Winchester,KC,LS,1.0,4,prior,10.6,7.73,8.58,8.22,9.53,10.07,12.37,14.91,8.53,6.71,13.02,8.77,9.55,17.5,11.05,11.39,1.08,3.61,3.54,2.15,3.09,1.54,1.95,3.03,4.53,2.09,3.9,4.61,1.9,1.51,4.28,1.96,3.75,2.23,2.64,2.42,3.32,3.06,4.55,4.34,2.14,3.07,3.27,4.51,4.26,3.29,2.72,1.36,4.09
00-0039833,C.J. Hanson,KC,OG,,30,prior,11.6,6.67,9.08,5.86,12.91,12.52,11.8,7.84,8.28,11.73,7.19,8.02,12.69,12.99,11.05,11.39,3.23,2.68,1.0,2.09,4.35,3.25,2.78,3.94,3.71,3.52,2.62,2.12,4.08,4.3,3.65,13.22,11.19,1.46,2.35,1.06,1.36,5.14,3.24,2.01,3.36,3.44,3.28,3.31,3.64,3.51,3.68,3.34,3.14
00-0039317,Ethan Driskell,KC,OG,2.0,4,prior,10.1,3.66,5.97,6.82,12.33,8.9,11.8,8.87,6.98,7.68,7.2,4.39,12.47,12.99,11.05,11.39,2.6,3.95,2.69,3.46,2.09,1.95,3.87,4.03,1.67,2.68,1.6,2.11,5.42,3.53,1.85,11.4,8.84,2.59,1.0,3.95,1.0,2.76,2.67,1.9,3.22,3.95,4.42,1.96,1.77,1.46,1.73,4.04,4.1
00-0039844,Kingsley Suamataia,KC,OG,1.0,179,measured,12.1,6.13,7.67,4.41,13.19,8.83,11.8,9.41,7.57,9.47,7.22,9.23,12.41,12.99,11.05,11.39,2.41,3.29,3.4,1.5,2.89,3.54,3.25,3.15,3.03,3.55,3.29,2.63,2.94,3.33,2.29,15.9,10.16,1.04,3.35,1.59,2.95,4.3,2.27,2.27,3.67,3.91,3.68,3.19,3.15,2.98,2.72,4.51,3.31
00-0037207,Mike Caliendo,KC,OG,2.0,263,measured,10.6,4.58,6.18,5.41,13.11,8.65,11.8,9.3,7.36,5.27,5.41,18.21,11.39,14.69,11.05,11.39,3.69,2.33,2.35,3.95,2.06,2.59,3.86,3.63,2.33,2.53,4.35,2.72,3.13,2.25,3.58,9.66,12.43,1.0,2.35,4.5,3.58,2.36,2.18,2.51,3.33,2.7,2.96,3.7,1.65,4.61,2.47,3.19,3.23
00-0036660,Trey Smith,KC,OG,1.0,2145,measured,12.7,3.82,5.7,5.7,12.75,8.51,11.8,9.28,10.24,11.19,9.36,7.99,11.62,17.5,11.05,8.2,3.24,4.71,5.15,1.5,3.71,3.78,4.57,2.99,2.92,2.5,4.96,2.79,3.32,2.94,2.64,15.14,13.13,4.1,5.32,3.76,2.04,1.17,2.0,2.14,1.91,2.3,2.78,2.89,2.3,3.96,3.12,3.25,4.0
00-0039174,Chukwuebuka Godrick,KC,OT,,0,prior,10.3,5.12,7.13,6.3,13.06,9.57,11.8,9.1,4.49,4.74,7.35,15.14,5.08,10.4,11.05,11.39,3.26,3.32,4.08,2.59,2.79,2.99,1.3,3.69,4.09,2.93,4.44,2.72,2.25,2.2,2.86,9.51,11.66,2.31,3.93,3.0,3.01,1.94,3.99,1.0,3.54,2.13,3.31,3.74,1.42,2.8,3.45,2.42,3.36
00-0035237,Jawaan Taylor,KC,OT,1.0,2147,measured,11.5,4.46,6.23,5.21,12.46,8.73,11.8,10.87,5.91,7.12,7.66,4.75,7.92,15.17,15.98,15.09,2.45,2.8,2.26,2.96,3.45,1.0,2.84,3.18,3.41,1.0,1.21,3.51,2.8,3.51,2.51,16.6,9.91,2.57,1.8,2.37,3.33,3.15,2.36,2.02,2.82,1.54,1.35,3.38,3.9,3.2,3.37,3.93,5.04
00-0036557,Jaylon Moore,KC,OT,2.0,468,measured,11.5,3.25,5.43,5.94,13.85,9.28,11.8,7.27,6.85,8.95,6.8,10.8,8.88,15.33,14.94,11.39,2.21,3.83,1.87,4.36,4.2,3.32,3.97,1.77,2.31,4.14,2.72,3.16,1.66,3.78,1.67,10.53,14.69,3.59,4.36,2.46,1.07,3.11,2.8,2.28,2.87,1.0,4.03,3.52,1.58,2.87,3.75,2.41,2.74
00-0040116,Josh Simmons,KC,OT,1.0,0,prior,11.6,4.53,6.33,5.32,12.41,8.81,11.8,8.97,11.83,6.86,7.25,10.74,14.38,10.4,11.05,11.39,3.24,4.42,4.2,4.72,2.77,3.7,4.33,4.27,5.43,1.76,2.19,3.22,2.91,1.15,2.74,13.28,12.99,3.98,3.92,1.51,3.22,3.78,2.14,3.88,1.38,1.84,2.7,3.5,3.5,3.6,4.49,2.2,2.95
00-0038981,Wanya Morris,KC,OT,2.0,888,measured,11.4,5.33,7.47,5.29,12.15,9.18,11.8,8.81,7.51,6.38,5.5,11.25,12.05,14.69,11.05,14.83,1.93,3.97,3.36,2.67,5.68,1.09,3.35,4.02,2.21,4.05,4.34,3.34,3.8,3.21,3.41,15.57,10.66,1.59,4.09,4.24,3.06,1.67,2.63,2.49,3.63,2.76,4.31,3.18,2.68,1.98,3.55,2.8,4.99
00-0037284,Matt Araiza,KC,P,1.0,43,measured,8.0,11.08,12.78,9.67,9.83,12.7,10.0,7.81,6.79,6.08,8.36,10.08,9.14,12.99,11.05,11.39,2.79,4.03,3.13,2.26,4.47,2.36,3.38,3.89,3.42,3.22,3.25,5.07,5.17,3.18,3.01,1.89,4.67,2.26,2.75,3.74,3.35,3.11,3.25,2.36,3.23,2.99,2.74,2.72,5.02,3.43,8.84,7.19,4.19
00-0037324,Chris Oladokun,KC,QB,,5,prior,6.1,10.6,10.66,11.92,9.76,10.95,11.8,7.32,5.36,5.38,8.57,10.65,7.52,12.99,11.05,11.39,4.73,4.73,7.24,4.74,4.73,10.19,5.09,3.73,3.11,1.0,2.0,3.0,2.04,1.58,2.21,1.26,4.36,1.85,1.94,2.56,2.44,3.72,2.23,2.06,3.61,3.45,2.12,2.49,1.85,1.85,4.6,3.22,3.68
00-0035289,Gardner Minshew,KC,QB,2.0,1222,measured,9.0,6.61,9.08,10.76,9.76,12.29,11.8,9.86,8.45,8.3,13.77,15.19,9.47,11.93,7.47,6.36,6.12,8.48,9.2,12.05,9.93,8.95,9.02,6.73,4.76,5.0,3.78,3.76,2.03,4.34,2.06,3.01,2.14,3.36,3.21,2.28,2.91,1.96,5.45,2.93,4.05,3.66,3.41,4.46,3.51,3.11,2.97,3.69,5.72
00-0033873,Patrick Mahomes,KC,QB,1.0,2153,measured,15.5,8.65,9.48,15.67,9.76,9.71,11.8,16.0,16.58,14.94,14.77,1.73,4.46,8.07,18.53,7.74,11.21,16.0,15.93,14.42,19.53,17.3,15.94,18.15,1.81,12.14,3.8,2.18,3.46,3.59,4.02,1.02,3.86,4.13,2.37,2.67,2.36,2.31,1.63,2.76,3.01,2.81,2.42,4.11,2.15,3.11,2.38,3.73,3.44
00-0040078,Brashard Smith,KC,RB,4.0,0,prior,10.5,16.86,14.84,12.82,8.0,12.36,11.8,7.47,9.78,8.68,6.13,16.13,12.44,10.4,11.05,11.39,2.01,2.46,2.43,2.87,3.11,2.32,3.97,11.72,8.1,7.06,7.37,12.86,2.74,6.88,6.46,2.17,4.83,3.17,2.29,4.15,3.21,2.77,2.79,2.26,3.21,2.66,4.28,2.07,3.32,3.45,2.81,3.88,10.86
00-0039325,Carson Steele,KC,RB,,172,measured,9.3,13.04,13.74,11.92,9.59,13.72,11.8,8.2,5.76,8.37,6.28,12.27,16.3,12.99,11.05,11.39,1.82,1.0,2.68,4.62,3.32,3.16,3.9,4.74,8.84,5.17,7.79,13.24,3.64,4.54,4.63,2.6,8.31,3.6,1.7,3.09,1.0,5.27,1.0,2.99,1.0,1.84,2.76,5.51,3.67,1.83,2.59,4.74,9.65
00-0036360,Clyde Edwards-Helaire,KC,RB,,283,measured,10.0,12.37,13.92,13.72,7.5,16.7,11.8,10.32,9.35,8.11,9.81,10.11,11.74,4.18,14.87,7.63,2.28,4.11,2.38,3.09,4.16,2.25,3.74,17.91,5.9,8.97,7.32,6.72,3.2,10.6,9.3,3.45,6.49,4.45,2.28,5.06,3.09,3.93,3.94,1.76,4.47,2.15,5.71,4.68,2.73,1.08,3.1,1.94,14.5
00-0036567,Elijah Mitchell,KC,RB,3.0,136,measured,11.2,17.09,17.67,14.75,8.5,16.53,11.8,11.6,14.16,9.91,9.01,7.84,5.87,5.49,7.68,7.45,3.34,5.11,1.15,2.81,1.0,4.62,4.4,15.06,8.97,8.18,7.25,7.83,3.11,5.98,5.93,3.94,5.01,4.94,3.89,4.62,2.53,1.49,3.5,1.57,4.21,2.51,1.39,4.28,1.33,3.52,2.58,2.72,14.27
00-0037197,Isiah Pacheco,KC,RB,1.0,722,measured,14.1,17.32,15.33,12.66,9.05,12.72,11.8,12.98,17.17,9.28,4.85,12.08,15.01,5.97,7.01,14.05,2.79,1.82,3.07,2.97,2.55,3.74,1.99,13.68,14.38,10.92,13.13,16.66,3.91,7.3,6.38,7.93,14.96,8.93,2.0,3.82,3.13,2.8,4.08,1.0,1.79,3.44,2.13,3.08,3.89,3.91,2.36,2.35,9.93
00-0033923,Kareem Hunt,KC,RB,2.0,867,measured,11.6,11.27,12.02,11.69,9.0,14.13,11.8,13.36,8.45,9.18,8.77,13.6,8.9,7.88,13.98,8.41,2.41,3.2,1.91,3.46,3.41,3.41,1.0,17.71,9.46,7.88,14.03,11.97,3.78,5.14,4.51,11.21,10.86,12.21,1.0,2.32,3.34,3.13,2.97,2.97,1.0,4.73,1.66,2.43,5.49,3.67,1.82,2.32,13.92
00-0037299,Keaontay Ingram,KC,RB,5.0,115,measured,8.9,13.66,14.37,12.01,9.03,13.94,11.8,8.47,11.29,8.12,8.4,13.95,11.36,15.68,11.05,5.05,2.58,3.32,1.29,2.62,1.0,2.76,1.54,14.24,5.04,5.43,5.38,9.14,2.14,3.55,2.55,1.62,5.14,2.62,1.5,3.83,3.07,2.47,3.69,4.08,2.6,2.35,3.32,3.21,5.69,2.07,2.6,1.67,12.52
00-0037193,Bryan Cook,KC,S,1.0,1432,measured,12.2,13.5,14.7,14.37,8.37,15.06,11.8,10.78,10.75,7.44,8.27,13.8,6.03,11.85,16.85,11.39,3.29,1.76,4.06,3.66,2.54,3.15,2.96,5.46,4.23,2.98,3.35,4.61,2.48,4.99,3.18,3.84,3.56,1.07,2.96,1.65,4.04,12.41,7.39,14.33,12.41,13.41,9.37,14.0,2.93,3.42,3.02,2.31,7.16
00-0038982,Chamarri Conner,KC,S,1.0,722,measured,13.8,14.08,15.33,14.42,10.0,17.42,11.8,12.09,12.27,14.27,8.87,11.18,15.42,12.32,5.8,11.39,2.34,3.09,4.73,3.11,4.03,3.63,4.86,2.63,3.13,2.11,3.58,2.7,2.51,3.24,4.08,3.36,1.8,3.9,3.9,3.15,1.05,14.24,16.9,13.26,11.88,12.88,9.86,15.89,3.45,3.35,3.01,3.6,10.93
00-0032774,Deon Bush,KC,S,2.0,88,prior,7.9,10.27,12.17,13.14,8.5,13.81,11.8,10.14,7.73,4.55,13.07,8.48,5.49,11.93,7.4,6.25,2.44,5.31,1.91,4.07,2.98,2.39,3.31,3.29,4.15,1.84,4.07,2.51,3.99,2.28,1.92,4.94,3.33,3.89,2.25,3.3,3.23,8.72,9.48,7.25,5.27,6.27,9.41,6.24,3.36,1.86,2.4,4.23,15.29
00-0039825,Jaden Hicks,KC,S,2.0,301,measured,11.5,13.47,14.26,13.8,8.0,15.68,11.8,9.93,9.5,9.83,7.26,10.77,11.04,12.99,11.05,11.39,2.0,2.69,3.99,3.74,3.3,1.45,3.48,1.76,3.45,3.79,2.34,4.3,2.62,4.32,3.76,3.44,1.91,2.96,2.28,3.33,3.12,7.18,8.44,9.9,11.92,12.92,9.26,16.41,2.71,3.02,1.0,3.35,15.4
00-0038587,Jammie Robinson,KC,S,,53,prior,10.4,12.56,12.3,14.49,12.0,12.66,11.8,9.69,13.33,11.01,7.89,12.53,14.63,5.93,4.52,14.83,3.82,1.34,1.58,4.74,2.92,1.26,4.33,2.2,3.16,1.55,3.82,3.63,2.95,5.47,3.17,2.65,3.48,3.69,1.25,1.31,1.0,9.91,9.31,8.22,10.31,11.31,10.46,10.12,3.18,6.05,2.43,1.45,15.87
00-0035681,Mike Edwards,KC,S,,917,measured,11.3,12.69,14.12,14.45,7.0,14.73,11.8,11.55,10.14,13.59,8.78,11.34,12.15,6.65,5.95,8.14,4.52,3.08,3.76,2.52,3.53,3.34,4.07,1.85,3.37,2.99,3.51,2.95,2.95,4.47,1.94,3.5,1.44,4.21,3.05,2.37,2.69,7.13,9.92,9.7,13.04,14.04,8.96,7.49,1.53,1.74,5.43,2.69,12.07
00-0040081,Jake Briningstool,KC,TE,5.0,0,prior,10.2,10.0,10.75,11.76,8.39,11.15,11.8,7.55,8.18,7.86,5.47,7.09,9.05,10.4,11.05,11.39,1.91,4.08,4.26,5.91,3.17,2.43,3.36,13.6,3.91,12.23,16.02,9.46,9.06,9.21,9.72,10.97,10.38,7.69,4.65,1.04,1.76,1.57,2.87,3.34,2.93,4.58,3.22,3.4,3.39,3.06,2.01,3.13,4.35
00-0039824,Jared Wiley,KC,TE,3.0,72,prior,8.9,12.0,12.49,11.78,9.79,14.9,11.8,8.0,3.44,5.35,6.61,14.75,15.08,5.61,15.98,11.39,2.47,3.23,2.8,5.04,4.23,1.0,1.5,17.3,5.63,4.2,7.99,7.77,7.13,6.03,6.5,11.2,10.82,7.91,3.73,3.24,2.18,2.02,6.36,2.41,2.66,3.59,5.23,2.58,2.26,4.39,2.61,1.02,3.14
00-0036637,Noah Gray,KC,TE,2.0,1230,measured,12.2,13.29,12.44,14.2,7.5,13.17,11.8,9.4,10.11,9.21,9.59,13.03,11.96,17.5,11.05,11.39,3.04,1.51,3.16,4.04,2.74,3.82,1.79,10.07,3.14,13.53,17.31,18.27,19.02,11.88,12.54,8.79,4.99,5.51,3.15,2.7,3.01,3.41,1.0,1.22,2.81,3.67,2.93,2.2,2.75,2.73,2.42,3.16,5.31
00-0033757,Robert Tonyan,KC,TE,4.0,458,measured,12.4,10.01,10.99,10.85,8.69,12.09,11.8,12.51,8.54,9.21,10.7,12.77,11.92,11.93,6.89,7.13,2.74,1.81,1.65,1.83,1.57,2.67,2.73,12.02,1.75,5.9,9.69,13.75,12.03,13.91,10.76,13.02,15.08,9.73,5.19,1.86,1.61,2.94,1.44,2.06,3.1,1.58,1.78,4.24,3.26,3.78,2.57,4.71,1.99
00-0030506,Travis Kelce,KC,TE,1.0,1755,measured,13.8,9.08,9.6,9.73,9.77,10.56,11.8,13.01,11.83,10.92,14.02,12.29,10.06,15.17,7.6,8.34,2.35,3.93,2.12,3.71,2.89,2.36,3.53,7.69,1.67,7.46,11.25,12.38,16.15,18.49,18.02,17.16,8.97,14.08,2.5,4.81,3.31,2.71,2.05,3.79,3.38,1.0,3.98,1.74,2.93,3.84,3.23,1.83,3.2
00-0040094,Tre Watson,KC,TE,,0,prior,10.4,10.89,11.97,11.94,9.07,12.98,11.8,6.4,8.4,8.25,5.11,10.19,6.76,10.4,11.05,11.39,3.3,4.0,2.61,3.76,2.13,1.52,4.77,13.6,4.28,12.23,16.02,9.46,9.06,9.21,9.72,10.97,10.38,7.69,2.02,3.67,2.72,2.58,3.24,3.85,1.0,4.21,2.97,3.01,2.54,1.99,1.54,3.11,2.12
00-0040646,Jalen Royals,KC,WR,2.0,0,prior,9.8,16.16,15.81,13.22,6.5,15.01,11.8,7.97,11.09,10.38,6.28,11.01,10.32,10.4,11.05,11.39,1.95,3.42,4.45,2.74,3.38,4.17,2.95,8.72,7.4,12.26,10.95,4.59,5.38,8.61,9.05,2.82,4.01,2.84,4.96,2.91,2.35,3.93,2.86,4.93,2.61,4.51,3.82,3.94,2.96,3.32,3.54,4.13,11.58
00-0038492,Jason Brownlee,KC,WR,2.0,202,measured,8.3,14.18,15.08,13.96,6.45,14.75,11.8,9.16,12.08,9.69,7.6,13.4,10.6,6.4,7.12,11.39,3.19,3.52,3.15,2.41,2.98,2.72,4.35,9.12,5.27,12.46,11.15,5.47,4.7,4.25,5.7,1.81,3.42,2.76,2.95,4.37,2.86,4.6,4.8,3.99,3.64,2.41,3.72,3.35,3.3,3.71,2.02,4.86,13.82
00-0040120,Jimmy Holiday,KC,WR,,0,prior,9.6,13.95,14.7,13.13,7.66,15.06,11.8,8.28,5.35,9.32,5.42,13.62,15.4,10.4,11.05,11.39,1.29,2.93,3.04,2.35,2.67,3.48,4.27,7.11,7.71,12.37,11.07,6.32,6.75,8.0,8.16,4.44,1.0,3.68,2.49,2.41,3.39,3.19,1.83,2.94,2.02,2.34,3.17,1.4,2.9,2.62,2.15,3.47,8.95
00-0033857,JuJu Smith-Schuster,KC,WR,1.0,1026,measured,12.5,13.23,13.51,12.7,7.5,12.56,11.8,13.82,9.46,11.97,11.88,16.81,12.37,5.08,4.83,7.58,2.91,4.32,3.17,3.61,2.6,3.23,2.17,12.82,12.14,16.11,14.8,15.41,12.87,9.85,9.39,2.36,3.07,3.99,3.54,3.5,5.12,1.83,2.39,2.77,1.79,2.45,3.82,4.11,1.65,4.55,1.77,3.0,14.5
00-0035662,Marquise Brown,KC,WR,1.0,868,measured,13.4,15.65,15.39,14.25,6.06,14.46,11.8,13.6,14.51,11.75,10.91,8.96,16.92,4.49,17.66,14.67,2.85,4.17,2.64,3.79,1.26,2.01,4.03,15.46,7.66,7.22,5.91,13.49,8.26,13.33,15.12,4.06,2.79,3.92,3.52,3.32,4.58,3.38,1.0,1.64,2.36,2.76,2.81,3.34,1.0,2.83,1.09,1.94,14.61
00-0038519,Nikko Remigio,KC,WR,3.0,34,prior,9.4,15.16,15.09,13.6,7.08,14.82,11.8,8.84,9.77,6.9,5.81,11.32,6.93,12.99,11.05,11.39,2.22,2.68,2.21,3.38,2.31,3.4,1.0,9.71,7.47,13.02,11.71,6.75,4.01,7.19,6.94,1.67,1.59,2.27,3.5,3.29,4.86,3.51,2.94,3.09,1.61,2.96,1.17,4.38,4.96,5.03,2.42,2.52,11.89
00-0039067,Rashee Rice,KC,WR,3.0,542,measured,14.1,14.08,16.07,13.52,7.11,18.06,11.8,10.71,13.23,11.36,7.29,10.13,15.24,13.87,15.19,11.39,2.17,3.32,1.91,2.31,4.05,2.8,4.6,7.01,17.29,18.5,17.2,7.19,7.77,19.32,18.73,1.44,4.2,3.7,3.34,3.61,2.17,4.46,3.96,2.62,2.0,2.18,3.57,3.97,4.13,2.66,1.63,1.5,8.83
00-0038104,Tyquan Thornton,KC,WR,2.0,473,measured,11.4,19.4,19.24,14.83,5.26,16.17,11.8,11.61,9.1,11.8,6.93,9.38,12.69,15.68,11.05,16.72,2.38,3.28,3.4,2.57,4.69,3.41,3.35,9.47,4.7,7.9,6.59,5.73,6.17,9.78,12.45,5.0,3.02,3.02,2.86,4.48,2.95,1.96,1.93,1.41,1.0,2.76,3.85,3.05,2.8,3.5,3.86,3.13,13.09
00-0039894,Xavier Worthy,KC,WR,1.0,706,measured,14.4,19.4,19.4,14.63,5.6,18.34,11.8,10.64,10.63,11.04,8.14,6.37,14.22,12.99,11.05,11.39,1.3,2.8,2.79,3.32,3.0,2.36,3.77,17.79,12.62,16.69,15.38,8.89,7.36,14.43,18.4,4.04,2.32,2.28,3.99,3.83,2.87,2.76,2.05,2.08,3.11,2.86,3.43,2.39,3.17,1.91,2.67,4.07,15.12
00-0039753,Beaux Limmer,LA,C,2.0,839,measured,11.5,3.7,6.45,8.36,13.09,13.51,11.8,8.18,8.28,6.94,5.83,12.14,9.28,12.99,11.05,15.42,2.48,1.69,2.37,3.87,2.43,4.08,2.65,1.27,2.37,2.16,4.23,1.94,4.37,3.23,4.35,11.13,13.78,3.58,3.22,4.43,2.79,4.07,3.72,2.57,2.58,1.92,2.42,2.96,5.8,2.42,2.0,3.86,3.66
00-0034114,Coleman Shelton,LA,C,1.0,2063,measured,13.6,2.66,5.56,6.7,14.49,7.38,11.8,11.82,10.07,7.76,11.29,16.42,12.63,14.06,14.73,14.83,3.04,3.16,3.37,3.75,4.22,3.57,3.18,5.27,2.59,3.68,4.83,2.27,3.21,2.89,3.55,14.72,15.26,4.55,4.23,3.58,1.78,3.32,2.37,3.52,4.42,3.77,3.65,3.45,2.92,3.69,3.57,4.01,4.19
00-0039830,Dylan McMahon,LA,C,,64,prior,11.1,5.33,8.42,11.27,12.24,12.3,11.8,9.33,6.39,9.04,4.45,8.72,11.73,12.99,11.05,11.39,3.1,3.22,4.25,3.17,2.42,2.04,3.16,3.67,2.73,4.12,2.67,1.31,2.65,3.75,2.39,11.22,11.26,1.0,2.75,2.0,2.39,3.31,3.15,1.21,1.67,5.22,1.82,4.36,1.58,1.78,3.24,4.03,1.0
00-0036114,A.J. Green,LA,CB,,58,prior,8.2,12.0,14.3,14.06,6.5,15.06,11.8,8.69,7.88,5.26,8.72,10.74,12.49,12.34,14.75,7.19,3.4,3.73,2.15,3.1,2.38,4.86,3.39,2.9,2.31,1.27,3.28,2.29,2.56,3.12,3.98,2.89,2.81,3.35,2.68,1.36,2.07,8.55,12.4,14.82,5.07,5.07,10.11,4.59,1.74,2.68,2.56,3.41,10.34
00-0033783,Ahkello Witherspoon,LA,CB,1.0,1231,measured,15.1,14.67,15.71,14.62,6.49,17.01,11.8,15.8,9.45,11.08,13.66,9.37,13.77,5.45,4.13,5.31,3.29,2.9,3.73,1.32,2.99,2.56,1.3,2.88,3.5,2.08,2.71,2.98,2.46,2.77,3.19,3.73,3.4,3.91,2.65,3.36,1.35,3.29,5.4,10.28,17.17,17.17,10.11,16.09,3.06,4.06,3.51,3.78,9.26
00-0039780,Cam Lampkin,LA,CB,,0,prior,8.2,15.14,15.72,13.53,6.49,14.79,11.8,8.7,8.14,3.55,6.52,11.47,9.82,12.99,11.05,11.39,2.53,4.23,3.56,3.35,3.27,1.11,1.64,1.77,2.26,2.08,1.58,2.56,3.16,1.67,1.85,2.43,5.73,3.13,2.22,3.38,3.59,8.56,12.38,17.44,3.91,3.91,10.11,3.91,3.11,1.81,3.23,3.04,7.26
00-0037839,Cobie Durant,LA,CB,1.0,1245,measured,12.0,17.09,16.76,13.56,6.54,14.82,11.8,9.74,13.37,8.98,8.8,9.02,10.33,12.05,7.34,14.67,1.74,3.72,3.39,2.98,3.92,2.53,1.75,1.98,3.14,3.84,3.87,2.2,2.34,4.36,3.1,3.61,3.71,2.81,3.08,3.78,2.45,1.07,4.22,11.33,10.56,10.56,10.12,11.41,4.01,1.62,3.7,5.23,14.47
00-0034203,Darious Williams,LA,CB,1.0,1789,measured,13.0,13.66,13.97,12.22,7.26,13.61,11.8,14.02,10.41,12.64,11.67,11.51,13.46,11.93,6.35,14.04,3.1,3.07,2.54,1.81,2.68,1.0,4.64,2.2,1.0,1.87,3.72,3.17,3.28,3.58,3.61,2.49,3.04,3.28,2.28,4.9,3.34,11.28,4.91,9.41,14.08,14.08,10.34,14.18,3.6,3.05,3.02,1.0,16.85
00-0039151,Emmanuel Forbes,LA,CB,2.0,466,measured,11.8,17.78,18.54,13.76,6.48,16.81,11.8,10.54,9.8,10.52,7.7,9.16,12.41,5.89,7.55,5.91,2.51,2.54,3.97,5.13,2.62,1.35,1.18,3.47,4.73,3.12,3.12,1.93,2.89,3.35,4.63,1.0,3.69,2.29,1.9,1.6,4.17,4.75,8.88,15.74,9.25,9.25,10.11,10.78,3.6,4.05,3.02,1.91,5.32
00-0039772,Josh Wallace,LA,CB,2.0,148,measured,9.4,15.05,14.61,13.16,6.5,13.65,11.8,9.32,7.14,8.91,6.48,14.24,15.45,12.99,11.05,15.42,2.5,1.69,3.61,2.24,3.95,3.62,1.7,2.07,4.35,2.76,2.61,4.68,3.08,1.51,3.17,2.01,4.44,3.43,3.14,2.78,1.56,4.97,7.64,13.96,6.96,6.96,10.11,4.95,2.18,3.54,2.73,3.53,12.97
00-0040595,Bill Norton,LA,DT,,0,prior,8.7,3.39,4.71,4.67,12.39,7.21,11.8,7.23,8.66,7.92,7.34,12.27,8.5,10.4,11.05,11.39,3.64,4.18,2.15,3.68,2.7,3.23,3.26,3.55,4.38,3.12,1.0,3.22,3.61,1.81,2.18,2.98,1.9,1.08,8.53,6.44,8.39,8.91,8.59,8.32,2.4,2.96,3.31,3.03,4.1,1.72,2.88,4.18,1.62
00-0039734,Braden Fiske,LA,DT,1.0,610,measured,13.6,9.6,11.05,9.03,13.39,12.8,11.8,12.6,13.14,10.26,5.69,8.95,10.9,12.99,11.05,15.42,3.76,1.48,3.71,4.0,3.1,2.98,2.61,2.75,4.73,3.0,4.41,3.73,3.31,1.71,3.34,2.96,3.79,2.07,14.72,14.46,14.76,13.31,10.53,10.14,2.28,2.84,2.92,2.51,4.16,2.2,2.14,4.17,3.34
00-0039061,Desjuan Johnson,LA,DT,3.0,170,measured,9.4,8.14,9.71,8.86,12.92,11.86,11.8,8.95,10.59,7.42,6.42,10.92,9.06,8.27,14.52,11.39,3.05,3.26,1.26,3.14,2.65,1.02,3.15,1.48,3.55,2.5,3.13,2.22,3.17,2.69,3.55,3.54,3.84,2.81,8.8,8.19,8.35,8.51,10.24,11.99,4.6,3.27,2.5,1.82,1.17,4.2,5.27,1.0,3.41
00-0036788,Jack Heflin,LA,DT,,22,prior,6.9,2.5,4.65,6.45,13.35,8.57,11.8,8.88,5.91,5.24,7.76,12.17,13.72,14.15,11.05,14.14,2.54,1.97,4.81,3.1,4.05,1.12,2.95,3.29,2.63,3.31,3.23,3.04,1.0,2.99,3.78,3.02,2.1,2.64,5.98,3.24,6.12,6.45,5.43,10.99,1.56,2.7,3.23,3.17,3.67,1.35,6.42,3.55,2.76
00-0039138,Kobie Turner,LA,DT,1.0,1210,measured,14.9,7.03,8.29,7.27,13.5,10.57,11.8,12.87,13.76,13.21,6.73,12.3,11.29,14.69,11.05,11.39,4.54,4.09,2.82,2.71,2.22,3.82,4.38,2.35,3.28,2.56,4.03,2.84,5.41,3.67,3.93,1.39,3.53,3.36,16.77,15.7,15.46,15.51,15.71,9.23,1.48,2.88,4.61,2.78,3.06,2.59,2.39,4.4,3.66
00-0036237,Larrell Murchison,LA,DT,2.0,208,measured,9.2,5.87,9.37,6.12,14.77,10.32,11.8,9.45,7.23,6.82,8.95,10.62,14.86,4.11,17.85,7.43,1.14,3.29,1.72,4.08,2.96,1.0,4.76,3.59,2.86,3.65,1.82,3.31,1.29,3.33,3.42,3.89,3.52,2.88,8.39,6.34,7.44,8.62,8.65,10.55,2.53,1.61,4.29,2.89,2.93,2.57,4.81,3.42,3.31
00-0034234,Poona Ford,LA,DT,1.0,918,measured,10.7,4.96,5.88,4.03,14.96,8.52,11.8,11.9,9.3,7.74,12.31,11.9,8.54,11.93,14.36,14.38,2.77,3.83,4.82,3.51,3.02,3.44,3.72,3.47,5.98,3.79,4.05,3.06,3.01,3.33,3.36,1.76,2.84,3.15,13.03,10.58,9.79,8.7,9.8,6.59,3.88,3.56,2.0,3.07,3.23,1.41,4.15,3.6,1.83
00-0040585,Ty Hamilton,LA,DT,2.0,0,prior,8.7,6.61,7.92,7.16,13.15,10.09,11.8,7.35,8.15,4.62,7.38,10.8,9.72,10.4,11.05,11.39,3.5,4.38,2.58,2.31,2.5,2.75,1.39,2.31,3.07,3.06,2.35,3.22,3.34,1.52,2.25,2.68,3.65,3.42,8.57,7.35,7.49,7.63,7.81,10.96,1.72,3.1,2.5,2.89,2.05,2.73,2.58,2.07,4.05
00-0039749,Tyler Davis,LA,DT,2.0,276,measured,8.7,6.4,7.4,4.57,14.77,8.82,11.8,7.57,4.39,7.14,6.01,12.57,10.38,12.99,11.05,15.42,4.26,4.98,1.93,3.77,2.28,1.0,2.81,3.24,4.32,2.54,3.62,3.37,2.65,3.47,2.97,4.42,3.34,3.56,8.24,6.37,6.55,7.44,10.58,11.53,2.3,3.85,2.3,1.63,3.4,3.96,3.29,3.14,2.7
00-0039137,Byron Young,LA,EDGE,1.0,1395,measured,11.6,15.93,17.71,11.47,11.33,17.12,11.8,10.21,10.3,12.39,9.14,13.63,12.03,14.69,11.05,17.02,2.95,3.27,2.69,2.47,5.02,1.98,1.7,3.39,3.7,2.47,3.22,5.57,2.83,1.0,1.76,4.15,3.44,2.69,8.72,10.55,10.6,10.34,11.7,16.2,5.8,6.8,3.89,5.0,3.55,3.42,2.99,1.15,2.5
00-0040594,Jamil Muhammad,LA,EDGE,,0,prior,8.8,10.24,11.35,10.12,12.23,12.88,11.8,8.93,5.62,6.78,6.98,11.21,2.21,10.4,11.05,11.39,2.28,2.61,3.6,3.76,3.82,2.58,1.95,1.0,1.5,2.94,2.85,2.35,1.87,3.12,2.52,2.43,3.52,1.73,7.15,6.67,7.32,9.74,11.31,13.69,5.8,6.8,2.84,1.46,3.21,2.61,3.09,3.04,1.79
00-0039852,Jared Verse,LA,EDGE,1.0,772,measured,15.6,12.74,15.11,10.17,15.7,14.86,11.8,10.68,12.42,14.69,9.03,9.45,12.33,12.99,11.05,15.42,5.7,3.62,2.78,1.84,3.03,4.5,3.85,2.28,2.53,3.19,3.28,2.71,3.41,1.92,3.62,5.5,2.37,4.02,16.42,15.67,16.17,16.17,15.43,11.53,5.8,6.8,3.76,3.04,2.1,3.39,4.3,2.84,3.28
00-0040580,Josaiah Stewart,LA,EDGE,2.0,0,prior,9.2,11.45,12.49,11.22,11.51,13.51,11.8,10.54,11.94,5.3,6.73,14.37,11.84,10.4,11.05,11.39,3.61,3.59,2.68,3.69,3.06,1.09,3.19,2.96,3.45,3.86,2.6,2.42,4.6,3.99,2.14,2.43,3.38,2.29,8.22,8.41,7.04,7.82,8.96,12.58,5.8,6.8,1.0,1.75,4.37,3.61,3.28,2.48,4.8
00-0037057,Keir Thomas,LA,EDGE,3.0,130,measured,8.0,9.23,10.46,9.34,12.51,12.34,11.8,7.49,5.8,6.67,6.86,8.94,11.87,15.68,11.05,11.39,1.91,3.22,4.52,3.78,4.07,2.79,4.06,2.83,4.7,3.49,3.45,2.8,3.02,2.81,3.85,2.1,3.71,3.0,6.96,6.03,7.05,8.1,7.32,13.34,5.8,6.8,2.68,3.35,4.33,3.38,2.37,2.48,3.95
00-0039076,Nick Hampton,LA,EDGE,2.0,53,prior,8.0,12.74,13.38,13.59,9.69,14.2,11.8,7.57,4.83,6.57,7.23,9.56,11.57,14.69,11.05,15.42,2.67,2.76,2.46,2.45,3.08,1.85,4.31,3.05,2.81,3.28,4.0,2.75,3.54,5.01,3.4,6.3,2.44,2.68,6.29,7.57,5.17,6.3,4.9,12.29,5.8,6.8,2.87,1.75,1.02,1.45,2.26,2.7,2.67
00-0039750,Joshua Karty,LA,K,1.0,34,measured,10.4,10.35,11.27,10.24,9.64,12.42,11.34,8.3,9.6,7.04,8.62,11.4,7.42,12.99,11.05,15.42,2.41,2.56,3.37,3.47,3.57,2.01,4.49,4.24,3.71,1.99,1.01,3.11,2.39,2.9,2.1,3.72,3.01,3.12,4.93,3.37,3.62,3.82,2.44,2.08,2.57,3.43,3.0,2.02,10.37,10.42,1.99,3.27,1.0
00-0039775,Elias Neal,LA,LB,,0,prior,8.6,11.89,12.46,11.31,10.61,13.06,11.8,9.04,4.83,4.64,5.99,5.49,11.0,12.99,11.05,11.39,2.09,2.35,2.91,2.69,4.73,2.13,2.97,3.78,4.46,2.01,1.77,3.92,3.05,1.81,5.25,2.78,2.79,2.23,14.57,14.45,5.12,6.6,8.17,12.42,4.1,5.6,3.59,2.03,1.7,4.13,3.89,4.09,3.45
00-0037587,Nate Landman,LA,LB,1.0,1029,measured,12.3,8.53,11.02,12.94,9.69,14.72,11.8,10.18,9.37,12.48,11.86,8.81,9.86,8.49,18.13,17.02,3.88,3.98,3.52,4.06,2.92,3.32,3.42,3.02,3.18,4.29,1.88,5.28,1.0,2.98,1.0,1.4,3.17,3.5,3.74,3.59,14.02,17.53,18.15,12.45,5.93,7.43,3.13,7.11,3.5,2.3,3.09,1.77,3.35
00-0039774,Omar Speights,LA,LB,1.0,394,measured,12.2,11.87,12.66,12.04,10.75,13.35,11.8,10.1,6.62,6.04,6.73,15.74,11.05,12.99,11.05,11.39,3.44,4.61,1.78,3.56,3.12,2.25,3.49,3.19,2.42,2.72,4.9,5.71,2.68,3.42,3.09,4.29,1.77,4.13,5.94,5.76,13.56,14.57,15.8,15.01,6.79,8.29,1.9,4.36,2.6,4.29,2.23,2.68,3.57
00-0040613,Shaun Dolac,LA,LB,2.0,0,prior,11.2,12.05,12.81,11.7,10.12,13.25,11.8,8.36,7.98,8.44,6.49,11.86,8.99,10.4,11.05,11.39,4.21,2.34,2.71,4.25,3.76,2.84,1.0,1.18,1.99,4.17,2.82,4.73,3.57,2.62,2.04,1.81,3.54,3.26,6.88,6.99,11.5,12.15,12.48,14.02,9.0,10.5,1.6,6.11,4.23,2.5,3.62,2.05,2.12
00-0035617,Troy Reeder,LA,LB,2.0,496,measured,9.8,10.94,12.14,12.63,10.53,13.02,11.8,9.61,2.05,5.95,10.16,13.39,15.3,6.53,16.33,11.39,2.45,3.24,2.11,3.99,5.16,3.13,2.22,1.33,3.55,2.04,1.0,1.63,2.15,3.68,2.79,1.65,3.51,2.9,6.79,6.37,6.95,8.81,10.35,13.89,8.7,10.2,2.61,5.67,3.57,3.04,2.75,1.74,3.81
00-0038360,Alex Ward,LA,LS,1.0,1,prior,7.0,5.87,8.43,10.33,6.0,10.3,10.18,8.12,6.67,4.96,9.62,7.48,13.22,14.69,11.05,11.39,3.18,4.08,1.65,2.48,1.34,2.68,4.67,3.2,2.28,3.55,2.87,1.0,1.84,2.31,2.2,1.59,3.65,3.01,1.57,4.11,2.25,3.89,4.96,3.01,2.71,2.22,2.35,3.83,1.8,3.86,3.29,1.71,3.67
00-0039784,Justin Dedich,LA,OG,2.0,178,measured,11.0,4.75,5.94,4.33,13.53,8.29,11.8,9.79,7.86,8.51,7.38,10.2,10.29,12.99,11.05,11.39,3.04,3.32,2.67,3.74,3.36,4.47,2.93,4.46,1.25,3.05,1.72,1.51,1.87,2.93,4.07,9.35,14.01,3.59,1.55,3.47,1.59,1.47,4.6,2.62,2.71,3.48,2.44,3.13,4.56,1.65,3.22,3.59,3.41
00-0036339,Kevin Dotson,LA,OG,1.0,1999,measured,15.7,3.63,5.1,4.28,13.18,7.83,11.8,12.07,14.93,13.47,9.05,11.74,9.43,7.53,14.55,17.2,5.09,3.7,2.79,3.23,3.25,2.23,2.66,2.36,2.33,4.16,2.62,3.14,2.19,3.66,3.15,18.03,19.4,3.63,3.62,3.25,1.0,5.16,1.92,3.09,3.65,4.11,5.44,4.36,3.29,3.89,4.4,1.04,3.46
00-0039058,Steve Avila,LA,OG,1.0,1302,measured,13.1,3.85,4.13,5.0,13.42,8.09,11.8,10.84,12.54,9.17,7.71,7.82,11.9,14.69,11.05,11.39,2.81,2.95,3.71,2.63,2.65,3.07,2.9,2.8,5.03,2.52,1.62,2.88,4.4,3.04,2.1,17.89,11.13,3.56,2.63,1.75,2.7,1.65,3.44,2.85,3.86,4.9,3.75,3.89,2.59,2.19,3.08,3.78,5.13
00-0040611,Wyatt Bowles,LA,OG,,0,prior,11.6,4.57,6.39,6.06,12.89,8.9,11.8,9.1,10.41,8.46,5.3,11.52,12.26,10.4,11.05,11.39,2.96,4.47,3.73,4.63,3.71,1.99,2.88,1.97,4.07,3.65,3.29,2.65,1.86,4.37,3.1,10.77,14.47,3.1,2.4,1.0,2.09,3.1,2.97,3.55,2.0,2.12,4.18,2.75,4.2,1.0,3.24,3.63,3.17
00-0037845,A.J. Arcuri,LA,OT,,77,prior,10.7,3.52,5.42,4.67,11.28,7.98,11.8,10.76,10.17,5.47,7.27,10.92,5.64,14.15,11.05,11.39,1.82,3.61,3.51,1.38,1.46,3.57,2.26,1.67,1.63,2.42,2.3,1.0,2.15,4.08,5.13,11.74,12.26,2.13,4.01,4.41,2.85,3.43,3.29,2.54,2.96,3.31,4.15,4.11,2.54,2.27,3.1,2.5,2.57
00-0036603,Alaric Jackson,LA,OT,1.0,1626,measured,12.5,4.0,5.2,5.56,11.56,6.12,11.8,11.85,8.67,7.75,8.62,11.39,12.9,7.8,14.22,15.93,3.8,3.99,1.72,1.8,1.82,1.63,4.84,1.88,3.38,3.62,3.57,2.07,2.64,1.97,4.11,12.91,15.54,4.75,3.56,2.71,2.09,2.78,3.89,1.82,3.32,2.85,2.49,2.85,4.78,1.31,2.95,3.99,3.69
00-0032222,D.J. Humphries,LA,OT,2.0,917,measured,11.7,3.78,4.64,4.42,13.39,8.63,11.8,12.5,7.83,9.12,9.02,6.51,8.22,4.36,5.0,7.24,2.6,2.67,2.09,1.81,2.02,2.65,3.27,2.05,3.89,2.31,2.18,3.09,2.34,4.74,2.84,16.51,10.51,5.02,4.02,1.88,5.33,2.56,1.95,2.76,3.78,2.24,2.47,3.3,2.63,5.29,2.83,2.48,4.63
00-0030097,David Quessenberry,LA,OT,3.0,482,measured,13.2,3.14,5.34,6.92,12.92,7.66,11.8,13.94,8.43,7.13,15.12,8.6,4.43,17.5,11.05,11.39,3.24,4.64,1.82,2.62,2.95,3.48,2.03,3.63,1.0,3.06,3.44,4.21,3.28,2.35,2.49,15.65,14.27,4.3,3.71,4.89,3.72,3.6,2.0,4.55,3.83,1.18,2.94,4.07,3.85,1.71,5.1,2.49,3.44
00-0032242,Rob Havenstein,LA,OT,1.0,1615,measured,13.9,1.0,1.0,1.0,8.0,5.78,11.8,13.08,13.88,11.08,11.06,10.79,9.74,6.87,4.49,4.08,2.77,2.49,4.58,1.82,2.85,2.62,2.77,1.89,3.62,4.17,4.29,1.0,2.37,2.98,3.5,19.4,17.35,1.7,3.08,1.0,2.08,2.03,3.49,3.27,3.85,1.37,1.0,2.2,1.97,5.01,4.25,4.34,4.57
00-0039077,Warren McClendon Jr.,LA,OT,2.0,331,measured,9.4,5.17,6.99,5.93,13.05,9.45,11.8,7.65,7.79,3.31,7.29,8.08,11.66,14.69,11.05,11.39,1.48,4.82,3.57,1.5,1.38,1.98,3.56,2.27,2.74,3.86,1.78,3.09,4.2,3.39,1.84,11.76,8.16,3.93,1.0,4.94,1.74,2.86,3.44,2.03,1.0,3.76,3.7,3.36,1.93,1.12,3.22,2.38,3.82
00-0039059,Ethan Evans,LA,P,1.0,59,measured,11.5,6.94,9.32,9.67,9.83,12.07,10.99,9.96,9.49,7.81,9.33,13.36,11.92,13.68,14.5,11.39,4.48,4.01,1.56,2.85,3.31,2.45,2.37,2.25,3.18,2.94,2.29,3.5,3.14,2.75,2.18,4.61,1.82,2.43,1.05,3.13,5.28,2.48,4.08,1.74,2.12,3.55,4.24,3.47,1.57,4.21,14.26,8.81,3.76
00-0031345,Jimmy Garoppolo,LA,QB,2.0,526,measured,10.0,5.02,6.09,11.61,9.76,8.36,11.8,9.95,9.55,11.6,14.07,9.45,15.0,5.38,7.05,7.31,9.5,8.67,10.7,9.78,9.11,14.89,8.57,13.49,2.02,3.27,2.55,3.61,2.78,2.41,3.25,3.74,4.21,1.67,4.31,1.0,2.14,2.06,3.1,3.68,4.6,3.23,2.22,2.63,3.33,4.27,3.91,3.96,2.61
00-0026498,Matthew Stafford,LA,QB,1.0,1817,measured,12.6,5.85,5.25,8.78,9.76,6.88,11.8,12.5,15.61,9.33,16.77,13.32,13.85,6.87,5.01,4.09,12.6,9.32,13.72,13.95,14.52,11.38,13.88,17.1,3.55,9.09,2.8,3.27,4.27,2.43,2.5,3.63,3.14,3.01,3.83,1.28,1.76,4.67,3.96,3.47,4.44,3.58,1.51,2.2,3.45,2.38,5.89,3.04,2.71
00-0039107,Stetson Bennett,LA,QB,3.0,0,prior,6.1,11.23,12.11,13.09,9.76,12.94,11.8,6.56,5.39,4.06,7.94,8.19,7.72,10.4,11.05,6.88,4.73,4.72,5.56,4.68,4.71,13.53,4.98,3.7,2.78,1.0,4.31,3.62,3.41,3.79,3.68,3.26,3.05,3.36,2.27,3.75,2.87,2.3,2.15,3.66,3.07,3.61,5.45,3.5,1.71,2.32,3.37,2.66,2.19
00-0039738,Blake Corum,LA,RB,2.0,114,measured,10.6,13.66,13.71,16.34,13.85,14.11,11.8,9.72,10.77,8.77,7.36,12.67,10.44,12.99,11.05,11.39,2.38,2.76,4.38,3.82,1.0,3.73,1.46,16.0,8.49,8.63,6.61,7.79,1.83,7.4,5.9,2.63,7.7,3.63,1.76,2.96,2.94,1.88,4.79,2.36,1.77,2.3,2.85,1.35,3.22,3.9,3.14,2.05,12.89
00-0039703,Cody Schrader,LA,RB,,2,prior,8.3,12.18,13.03,13.01,9.01,12.97,11.8,8.72,7.27,6.96,7.24,13.11,11.51,12.99,11.05,11.39,1.89,2.51,2.18,3.04,3.25,2.62,2.48,14.38,4.74,4.74,4.74,6.27,3.17,6.66,6.47,1.64,8.44,2.64,3.24,2.1,4.32,3.4,4.05,3.81,3.69,3.44,2.18,4.67,1.53,3.0,2.83,2.33,12.96
00-0040692,Jarquez Hunter,LA,RB,3.0,0,prior,10.4,15.7,14.96,12.7,10.67,13.22,11.8,6.97,8.53,10.45,4.41,15.25,6.67,10.4,11.05,11.39,3.26,4.43,4.37,2.94,3.21,4.12,2.43,13.6,7.92,7.39,7.11,11.33,4.58,6.9,6.68,2.26,4.82,3.26,1.89,4.12,3.06,4.24,2.0,1.77,2.31,2.13,3.51,2.66,2.69,2.68,3.25,3.34,11.01
00-0037840,Kyren Williams,LA,RB,1.0,1318,measured,12.9,11.54,11.77,13.13,8.17,12.0,11.8,11.77,10.72,10.41,9.86,13.14,8.38,8.54,14.67,11.39,3.67,1.37,3.05,3.12,1.61,1.03,3.35,7.94,16.23,11.15,18.3,13.55,2.57,1.7,1.08,10.41,3.49,11.41,5.78,2.43,3.53,3.88,3.68,2.77,3.58,3.77,2.01,2.69,3.17,2.06,3.58,3.06,6.67
00-0037557,Ronnie Rivers,LA,RB,,148,measured,9.8,12.37,12.94,13.21,7.67,14.72,11.8,10.26,6.61,9.08,7.94,16.22,14.26,15.68,11.05,11.39,1.65,2.65,1.0,4.2,3.22,2.04,4.18,13.96,7.94,6.38,7.2,12.89,4.65,5.51,4.81,3.24,5.03,4.24,2.34,2.8,3.76,3.41,2.17,3.87,2.66,3.8,3.08,1.85,2.59,4.28,2.58,5.86,9.4
00-0039776,Jaylen McCollough,LA,S,2.0,303,measured,14.0,13.41,14.31,14.42,8.05,14.62,11.8,11.71,13.28,14.13,7.06,11.97,9.94,12.99,11.05,11.39,2.51,1.98,3.41,3.49,1.75,3.7,3.24,1.82,3.49,1.68,2.85,3.23,1.36,2.99,4.06,3.46,3.8,1.83,2.01,2.28,3.64,11.62,14.05,13.03,14.71,15.71,9.28,16.05,2.75,3.46,4.67,3.65,17.06
00-0036349,Kam Curl,LA,S,1.0,1922,measured,10.5,12.37,14.42,14.22,12.46,14.36,11.8,11.83,6.96,10.67,11.22,13.54,11.21,13.78,14.08,7.52,4.91,3.83,1.39,4.34,2.19,1.85,2.36,3.5,3.18,2.75,4.58,2.7,3.02,3.47,4.08,3.91,2.77,3.26,3.15,2.63,2.36,12.84,13.05,10.77,7.57,8.57,10.6,8.34,3.58,4.04,3.71,1.0,10.36
00-0039834,Kamren Kinchens,LA,S,2.0,478,measured,12.3,11.54,10.37,14.51,7.89,12.52,11.8,9.7,11.92,14.62,4.83,8.49,9.53,12.99,11.05,11.39,2.4,2.87,2.94,2.84,3.02,2.22,1.6,5.26,1.97,3.3,2.73,3.22,3.66,3.25,1.98,3.03,3.71,4.79,1.0,3.53,2.95,5.88,12.21,12.43,12.96,13.96,9.23,17.32,3.29,2.88,3.4,3.58,13.92
00-0040600,Nate Valcarcel,LA,S,,0,prior,12.0,13.8,15.12,14.19,7.4,14.39,11.8,12.17,10.47,11.49,5.17,10.77,10.4,10.4,11.05,11.39,2.9,3.64,2.73,3.55,1.54,3.68,2.32,2.1,1.64,5.83,4.81,5.08,2.95,2.49,1.0,2.19,1.81,3.07,3.6,3.82,3.21,9.47,9.39,12.25,11.91,12.91,9.08,12.99,2.02,5.43,1.34,2.39,15.36
00-0037841,Quentin Lake,LA,S,1.0,1300,measured,11.4,12.56,14.27,14.32,8.1,14.85,11.8,9.46,9.94,10.38,9.03,14.73,10.43,12.63,6.99,8.39,2.63,2.68,4.74,1.52,1.29,3.46,3.92,3.86,2.04,3.82,4.41,1.34,4.44,2.22,3.38,5.03,4.68,4.44,2.85,1.0,2.78,10.45,15.03,14.21,8.8,9.8,9.29,11.92,3.99,3.61,3.17,2.49,11.15
00-0038366,Tanner Ingle,LA,S,,0,prior,9.4,13.1,12.79,14.64,6.67,13.0,11.8,9.62,7.05,6.79,8.62,12.26,12.9,10.4,11.05,11.39,3.63,3.9,2.72,1.38,3.1,4.33,2.31,3.27,3.87,3.21,2.93,3.64,3.6,3.94,2.03,4.08,1.98,2.53,3.37,3.4,4.54,8.12,4.92,7.96,9.73,10.73,8.86,8.76,1.26,4.5,2.7,2.58,17.95
00-0036244,Colby Parkinson,LA,TE,3.0,1058,measured,10.3,9.73,9.27,11.0,9.0,11.27,11.8,9.58,6.25,4.29,8.92,14.7,13.57,17.5,11.05,14.83,3.75,3.05,2.9,4.04,2.54,3.94,2.14,14.72,2.42,12.1,15.88,11.14,11.81,10.22,8.73,10.18,6.77,6.9,2.32,3.48,4.2,1.5,3.66,2.21,1.67,3.43,3.2,3.45,3.07,1.97,2.85,1.86,3.19
00-0039074,Davis Allen,LA,TE,4.0,398,measured,10.0,8.8,12.64,11.98,9.32,16.54,11.8,9.26,9.08,7.62,7.76,6.96,11.04,12.32,5.97,17.41,3.85,4.09,2.85,3.98,2.47,1.35,2.46,14.91,3.8,9.18,12.96,8.85,8.65,9.81,13.03,9.85,10.73,6.57,2.31,4.37,2.5,4.17,2.62,3.23,2.17,1.42,3.06,2.37,2.29,6.18,2.26,5.05,2.76
00-0040598,Mark Redman,LA,TE,,0,prior,10.4,10.52,11.74,12.05,9.53,12.91,11.8,9.02,7.05,5.44,5.22,10.78,15.13,10.4,11.05,11.39,3.39,1.73,2.09,4.22,2.93,3.23,2.26,13.6,1.84,12.23,16.02,9.46,9.06,9.21,9.72,10.97,10.38,7.69,2.42,1.95,2.83,3.28,1.34,2.92,2.28,2.33,3.16,2.65,4.9,2.84,1.42,1.81,1.35
00-0040737,Terrance Ferguson,LA,TE,2.0,0,prior,11.2,11.85,13.4,12.05,9.53,16.34,11.8,8.4,6.58,8.44,6.39,10.27,11.01,10.4,11.05,11.39,3.91,2.72,3.26,1.62,5.44,2.74,1.94,16.36,2.85,7.61,11.4,12.73,10.78,10.61,9.95,11.82,10.44,8.54,2.39,2.32,2.72,3.68,3.26,3.77,2.71,4.96,3.56,4.14,3.27,2.91,3.19,3.66,3.81
00-0033110,Tyler Higbee,LA,TE,1.0,998,measured,12.7,8.1,9.65,10.66,9.65,11.49,11.8,11.42,6.19,7.8,12.18,4.83,14.04,4.45,6.18,13.96,4.11,4.19,2.06,3.23,3.3,2.72,2.69,9.88,2.89,11.71,15.49,8.5,12.66,15.19,14.72,15.13,14.16,11.85,1.44,2.85,5.09,1.16,4.55,3.32,3.43,4.84,2.16,2.64,3.69,5.06,2.21,4.18,3.15
00-0040597,Brennan Presley,LA,WR,,0,prior,10.0,15.79,15.41,14.13,6.36,14.59,11.8,11.77,7.65,8.92,5.51,13.81,9.33,10.4,11.05,11.39,3.39,1.7,3.59,1.07,3.97,3.4,4.33,7.11,7.71,12.37,11.07,6.32,6.75,8.0,8.16,2.51,3.63,3.19,2.19,4.38,3.67,2.74,2.51,1.93,2.46,3.56,2.82,3.51,4.05,3.62,3.58,2.12,9.68
00-0031381,Davante Adams,LA,WR,1.0,1810,measured,14.0,11.56,12.7,13.39,7.0,15.38,11.8,13.69,14.57,11.51,12.47,11.06,9.69,6.33,4.28,18.11,1.87,3.33,2.48,3.18,2.6,1.75,1.87,15.75,13.75,14.09,12.79,12.8,13.72,15.97,16.95,2.78,4.93,3.23,3.08,1.98,3.4,3.05,1.94,3.1,3.97,2.58,2.71,3.79,3.57,4.6,1.22,4.77,12.91
00-0039751,Jordan Whittington,LA,WR,2.0,254,measured,12.6,14.22,14.88,13.47,9.0,14.92,11.8,10.91,12.45,10.64,6.82,12.55,8.72,8.68,15.38,14.22,2.53,3.26,1.73,1.59,2.98,4.64,3.64,9.51,13.83,16.85,15.54,5.95,4.94,15.8,18.58,3.47,3.81,2.09,2.21,2.73,3.32,4.79,2.41,3.95,1.03,4.69,2.23,3.56,1.87,3.5,3.92,3.67,14.3
00-0040590,Konata Mumpfield,LA,WR,2.0,0,prior,9.1,12.56,14.27,14.39,5.89,15.09,11.8,7.89,6.77,10.3,6.69,13.98,15.44,10.4,11.05,11.39,1.44,2.09,3.02,3.37,2.0,2.36,1.0,8.35,7.26,12.47,11.16,4.59,5.43,8.18,8.72,2.35,2.73,3.41,2.78,2.04,2.22,3.04,3.06,3.25,2.73,2.08,2.82,3.13,3.46,1.46,3.95,2.09,10.46
00-0039075,Puka Nacua,LA,WR,1.0,1105,measured,14.9,14.12,14.93,13.62,6.95,14.87,11.8,9.83,13.81,15.76,4.97,9.69,9.47,7.58,14.47,18.87,4.03,2.87,3.55,4.43,3.56,3.36,2.6,14.83,17.66,17.43,16.12,11.22,11.34,19.01,17.18,4.15,3.88,3.93,2.27,5.03,2.82,3.69,1.88,2.24,3.27,1.11,2.12,3.73,3.91,3.68,2.51,4.26,13.3
00-0040609,Tru Edwards,LA,WR,,0,prior,9.7,14.18,15.08,13.96,6.45,14.75,11.8,9.56,9.21,7.78,3.8,6.71,7.56,10.4,11.05,11.39,2.67,2.3,5.11,2.4,5.48,2.16,2.49,7.11,7.71,12.37,11.07,6.32,6.75,8.0,8.16,1.96,1.75,3.38,3.61,2.5,2.37,5.73,1.0,3.5,5.6,2.29,2.71,5.01,3.79,2.19,1.0,3.59,9.04
00-0036849,Tutu Atwell,LA,WR,1.0,970,measured,12.5,16.16,14.47,15.59,4.91,12.58,11.8,12.82,13.29,11.31,7.11,13.88,10.54,17.5,11.05,7.31,1.66,1.98,2.53,2.3,2.68,2.64,2.28,16.57,7.81,6.36,5.05,10.29,9.32,12.9,12.41,1.81,2.21,3.74,3.77,4.67,1.37,2.0,4.35,1.77,3.9,2.58,3.45,2.64,3.8,2.35,2.04,2.88,14.44
00-0038359,Xavier Smith,LA,WR,2.0,19,prior,8.5,15.73,15.48,14.33,6.06,14.53,11.8,8.62,10.45,8.53,9.75,11.87,14.3,12.99,11.05,11.39,2.61,4.7,2.66,2.59,2.63,3.13,2.94,11.09,4.98,12.1,10.79,4.99,3.88,4.99,5.18,1.99,3.68,3.06,3.33,1.0,3.8,4.49,4.67,2.23,3.6,3.26,4.27,2.77,3.74,3.06,3.73,2.78,15.82
00-0035127,Andre James,LAC,C,2.0,1678,measured,9.8,2.08,4.58,3.3,10.67,8.59,11.8,10.24,5.36,4.16,9.61,6.77,11.62,8.32,18.93,14.3,4.93,3.82,2.5,3.03,2.1,2.78,2.1,3.41,3.27,4.45,3.96,2.8,3.0,2.88,1.68,7.48,13.49,4.38,3.6,3.51,2.01,3.34,2.85,2.0,2.82,3.22,2.89,2.48,3.19,1.4,4.91,3.81,2.32
00-0034281,Bradley Bozeman,LAC,C,1.0,2009,measured,11.3,2.37,4.29,5.07,12.46,7.32,11.8,10.85,6.18,10.56,12.72,11.5,11.44,17.5,11.05,14.49,3.21,4.42,4.3,2.13,1.79,2.5,3.07,2.06,3.78,1.0,3.64,3.56,3.7,2.11,1.86,15.83,8.47,2.48,3.07,2.32,3.49,3.68,2.68,5.12,3.24,2.22,2.66,2.82,3.25,3.36,4.35,3.34,3.3
00-0040467,Josh Kaltenberger,LAC,C,,0,prior,10.6,2.95,5.17,5.63,13.51,7.9,11.8,9.42,6.37,7.76,5.3,12.16,13.92,10.4,11.05,11.39,2.34,3.09,2.12,2.79,2.97,2.79,2.15,3.27,3.3,2.37,2.45,3.01,2.67,1.26,2.44,10.96,10.89,2.66,3.26,2.96,1.44,3.76,2.82,4.2,1.89,2.9,3.35,3.6,2.75,2.07,1.08,4.24,4.28
00-0036625,Benjamin St-Juste,LAC,CB,2.0,1751,measured,10.1,14.08,13.85,19.28,5.5,13.51,11.8,10.61,6.62,9.25,8.37,12.98,12.56,8.49,15.69,7.61,3.48,3.12,3.88,3.43,3.39,2.91,5.52,4.25,3.09,5.77,3.16,2.44,3.92,3.0,3.79,4.7,4.72,3.56,3.47,3.88,2.85,2.24,7.37,14.62,7.2,7.2,9.81,9.23,4.05,2.52,3.3,3.86,8.33
00-0039369,Cam Hart,LAC,CB,1.0,425,measured,12.8,14.31,16.52,12.88,5.5,17.59,11.8,11.1,13.21,13.91,10.19,11.57,13.04,8.13,18.12,5.91,3.64,3.15,3.7,4.65,1.5,2.18,1.0,4.69,1.78,2.65,2.73,2.07,1.85,3.49,2.08,2.65,3.64,3.31,3.33,2.31,1.68,9.07,10.43,13.63,13.64,13.64,9.81,8.27,2.15,4.2,4.53,2.28,14.05
00-0037320,Deane Leonard,LAC,CB,2.0,214,measured,10.3,15.03,15.72,14.03,6.89,15.09,11.8,9.83,10.65,6.42,9.87,11.36,9.38,6.57,7.25,14.59,4.25,4.19,4.03,1.77,3.14,2.01,1.94,4.9,3.77,3.11,4.12,3.17,2.95,4.05,1.02,3.74,2.52,3.05,4.36,1.0,2.77,5.24,10.68,14.2,8.04,8.04,10.23,6.41,1.61,3.03,3.88,4.24,11.94
00-0034356,Donte Jackson,LAC,CB,1.0,1482,measured,12.6,17.88,16.8,13.0,3.25,14.33,11.8,10.88,12.31,9.03,10.29,11.75,14.84,7.27,7.69,4.53,5.32,1.64,2.75,3.1,1.68,1.66,1.0,2.57,3.31,1.19,2.9,1.0,1.0,2.84,2.59,3.95,2.71,2.37,2.69,1.72,4.74,9.94,5.83,11.42,10.76,10.76,9.14,15.47,1.0,3.14,2.73,2.47,8.98
00-0040468,Eric Rogers,LAC,CB,4.0,0,prior,8.9,15.02,15.91,14.13,6.33,15.1,11.8,8.16,10.52,11.44,3.95,13.39,12.56,10.4,11.05,11.39,3.02,3.51,3.05,2.53,1.41,2.85,3.12,1.06,3.43,2.88,2.61,2.35,3.61,2.84,4.82,1.77,2.66,2.97,3.93,3.1,4.2,7.23,12.31,15.24,5.24,5.24,10.06,4.53,4.03,3.47,3.04,3.76,14.19
00-0037307,Ja'Sir Taylor,LAC,CB,2.0,734,measured,11.6,15.11,15.6,13.64,7.01,14.89,11.8,12.21,11.44,10.13,7.17,10.77,15.88,12.36,17.86,16.08,1.08,3.95,2.89,3.13,3.5,4.29,3.1,3.76,3.65,2.3,1.52,3.15,3.25,2.3,3.73,3.71,1.48,3.0,3.41,2.57,3.54,6.52,7.27,11.62,11.14,11.14,10.27,7.51,3.96,2.39,2.15,3.99,12.7
00-0040470,Jordan Oladokun,LAC,CB,3.0,0,prior,8.9,15.05,15.74,13.94,6.75,15.03,11.8,7.42,7.05,8.48,5.58,8.71,12.06,10.4,11.05,11.39,6.07,2.58,2.99,4.17,3.81,2.58,3.4,2.38,3.61,2.78,2.55,4.42,4.04,3.39,3.45,2.72,4.53,4.35,3.97,3.96,3.72,7.23,12.31,15.25,5.24,5.24,10.19,4.53,4.12,2.58,3.68,2.67,14.19
00-0040473,Myles Purchase,LAC,CB,,0,prior,8.9,15.0,15.61,14.12,7.36,15.16,11.8,8.59,5.6,6.72,7.86,7.01,10.43,10.4,11.05,11.39,2.88,3.92,3.98,3.92,2.58,3.8,2.95,3.63,3.3,3.43,3.06,3.96,1.65,2.71,2.92,5.28,2.62,3.3,3.3,3.51,3.24,7.23,12.31,15.23,5.24,5.24,10.37,4.53,1.54,2.25,1.74,2.66,14.19
00-0040471,Nikko Reed,LAC,CB,3.0,0,prior,8.9,15.13,15.62,13.55,6.87,14.83,11.8,10.03,10.24,9.0,7.15,10.42,10.18,10.4,11.05,11.39,2.26,2.46,1.72,3.03,2.52,4.66,3.78,2.82,3.87,2.56,2.9,3.83,2.9,4.26,1.72,4.33,3.69,1.54,2.9,3.05,4.42,7.23,12.31,15.28,5.24,5.24,10.22,4.53,4.05,5.28,2.41,4.31,14.19
00-0039366,Tarheeb Still,LAC,CB,1.0,722,measured,11.7,13.85,13.97,14.15,6.72,15.62,11.8,9.63,14.38,12.59,10.06,12.17,13.14,12.99,11.05,5.91,3.55,3.54,4.83,3.24,3.2,4.53,3.3,2.94,1.72,3.97,4.93,2.61,3.19,2.03,3.11,2.29,1.96,2.29,2.71,2.24,2.66,4.78,9.69,13.38,10.48,10.48,10.18,12.81,3.59,2.18,2.43,5.58,14.63
00-0034371,Da'Shawn Hand,LAC,DT,1.0,639,measured,11.3,5.83,7.12,6.45,13.18,9.38,11.8,13.07,10.04,10.17,10.69,8.29,11.36,7.27,13.82,4.28,3.05,4.32,4.53,4.77,1.69,2.97,2.01,1.86,3.7,3.3,2.41,3.52,3.55,2.67,4.02,2.42,4.56,2.28,9.55,8.04,11.7,13.52,12.75,9.49,2.32,3.7,2.91,2.28,4.32,3.58,1.88,2.7,1.18
00-0040144,Jamaree Caldwell,LAC,DT,2.0,0,prior,9.0,4.53,4.76,2.58,14.49,7.1,11.8,7.13,5.42,7.63,7.0,9.29,9.14,10.4,11.05,11.39,3.2,1.38,2.84,1.39,3.29,3.72,2.95,1.06,3.05,3.59,3.37,2.43,1.8,4.93,3.05,5.63,2.86,4.09,10.08,7.65,7.87,7.76,7.74,10.36,3.46,1.82,3.1,4.17,3.72,2.82,3.92,4.26,2.76
00-0040459,Josh Fuga,LAC,DT,3.0,0,prior,9.0,5.26,6.39,5.27,13.77,8.81,11.8,8.93,8.51,6.71,6.42,12.57,9.66,10.4,11.05,11.39,2.09,5.59,2.1,4.24,4.57,2.88,2.57,2.7,4.37,2.52,1.98,4.16,4.15,1.77,3.31,4.11,3.48,1.0,8.45,6.53,8.39,8.91,8.59,9.07,1.18,1.75,2.38,3.6,3.33,2.79,1.8,5.12,2.96
00-0039835,Justin Eboigbe,LAC,DT,3.0,23,prior,7.3,4.27,7.0,8.05,12.3,8.99,11.8,7.98,6.59,7.7,6.31,8.97,14.06,12.99,11.05,11.39,2.82,3.92,3.72,3.08,3.75,2.15,2.08,2.74,1.04,4.57,3.5,3.98,1.36,2.12,2.51,2.12,3.62,2.03,7.08,5.32,6.6,6.11,5.24,11.8,3.24,3.75,3.03,2.73,2.93,1.86,3.31,3.79,4.31
00-0036695,Naquan Jones,LAC,DT,2.0,426,measured,8.8,1.0,3.1,3.17,10.0,5.76,11.8,10.15,5.89,7.44,8.66,11.96,10.99,15.05,14.18,15.06,4.36,3.95,5.12,2.37,1.64,2.92,3.23,1.91,2.62,1.0,1.23,3.24,3.67,3.53,3.73,4.44,4.88,3.06,9.39,7.3,8.71,9.16,12.32,8.97,3.19,2.53,3.44,1.13,4.69,3.69,3.24,3.67,1.9
00-0037270,Otito Ogbonnia,LAC,DT,1.0,671,measured,10.6,4.67,5.9,5.32,14.77,8.31,11.8,8.85,8.71,4.87,10.59,6.57,11.57,7.84,15.13,7.08,3.01,3.79,1.88,2.28,4.3,1.88,3.29,4.0,1.71,2.06,2.75,3.29,2.88,3.79,3.74,3.74,3.81,2.19,9.92,7.45,10.59,10.96,11.64,9.27,3.83,2.46,2.44,5.38,1.57,5.92,3.15,2.16,2.59
00-0038614,Scott Matlock,LAC,DT,1.0,292,measured,10.6,6.2,7.55,7.05,12.8,9.64,11.8,10.1,8.36,9.32,8.62,5.19,11.59,14.69,11.05,11.39,3.77,2.81,4.03,1.84,4.06,3.58,2.83,1.58,3.5,1.81,5.03,4.18,2.46,2.3,3.53,2.04,2.95,2.37,11.97,10.72,11.27,9.51,6.98,10.36,2.57,2.48,3.52,3.78,3.25,1.98,2.99,4.48,2.79
00-0040458,TeRah Edwards,LAC,DT,,0,prior,9.1,5.88,7.05,5.97,13.68,9.34,11.8,9.86,7.9,4.74,6.58,12.89,10.21,10.4,11.05,11.39,2.94,2.19,3.14,4.26,4.09,2.28,3.98,4.53,3.08,2.75,2.09,3.44,2.03,1.89,1.17,3.74,3.46,1.94,8.32,6.65,8.39,8.91,8.59,9.31,2.19,3.6,3.72,4.35,4.55,3.7,2.8,2.86,2.27
00-0036181,Teair Tart,LAC,DT,1.0,772,measured,14.3,6.85,8.11,7.11,13.5,10.42,11.8,13.07,12.62,16.4,9.57,9.34,11.84,11.83,16.98,8.35,2.26,3.01,2.03,3.12,3.38,4.1,1.45,2.95,4.53,2.82,1.36,2.8,2.6,3.37,2.75,3.59,2.46,4.5,13.1,11.83,16.0,17.64,14.77,6.33,2.52,1.8,1.88,2.76,1.86,1.22,3.59,4.4,2.63
00-0032146,Bud Dupree,LAC,EDGE,2.0,1167,measured,12.4,11.6,14.96,8.97,11.57,17.78,11.8,15.49,10.76,11.53,11.34,10.63,13.39,12.0,16.99,16.84,1.66,4.53,2.86,3.17,2.66,2.8,4.47,4.5,2.95,1.9,4.1,3.35,2.79,1.46,1.38,3.04,3.25,1.0,11.62,11.85,14.05,13.88,7.09,8.51,5.8,6.8,3.75,3.26,3.51,4.51,4.01,3.6,1.6
00-0038851,Caleb Murphy,LAC,EDGE,,32,prior,7.3,11.63,12.91,11.8,10.68,13.66,11.8,8.96,5.54,2.78,5.96,9.77,9.48,14.69,11.05,6.88,2.76,4.01,3.68,2.57,2.36,3.6,4.15,2.12,3.48,3.15,3.24,3.02,1.84,1.92,2.57,1.13,2.81,2.72,4.7,5.25,5.29,7.21,5.81,13.56,5.8,6.8,3.81,2.98,3.04,3.73,2.77,4.33,4.38
00-0031040,Khalil Mack,LAC,EDGE,1.0,1536,measured,14.5,9.25,12.48,11.76,12.0,15.78,11.8,16.61,10.58,10.92,12.68,12.36,14.04,12.52,7.57,6.47,3.81,2.6,3.78,3.99,6.07,2.46,1.64,4.11,2.13,3.34,3.29,2.87,2.99,3.22,2.69,1.11,1.66,2.59,15.74,14.99,16.27,16.55,15.31,7.64,5.8,6.8,3.26,3.05,1.63,2.97,2.88,2.67,4.38
00-0040161,Kyle Kennard,LAC,EDGE,2.0,0,prior,9.0,10.31,12.25,11.73,12.0,13.45,11.8,8.58,3.97,5.23,4.44,12.41,6.4,10.4,11.05,11.39,4.71,2.69,1.94,3.07,1.17,1.0,3.93,4.14,3.77,2.47,2.88,3.33,3.97,3.63,5.24,4.44,3.77,1.18,8.36,7.98,6.92,7.82,9.39,12.26,5.8,6.8,2.93,2.98,2.72,2.4,3.21,3.02,5.17
00-0039111,Tuli Tuipulotu,LAC,EDGE,1.0,1222,measured,12.8,8.26,9.59,8.56,12.79,11.78,11.8,10.12,9.5,11.47,9.25,8.96,7.41,14.69,11.05,14.83,2.67,1.9,2.0,6.02,4.23,3.73,5.16,2.75,2.53,3.68,3.09,3.86,2.43,2.82,3.5,2.9,3.3,3.11,14.16,12.79,14.39,15.16,12.74,8.46,5.8,6.8,3.8,4.26,4.87,3.91,5.02,3.23,2.42
00-0037224,Cameron Dicker,LAC,K,1.0,75,measured,17.7,10.35,11.27,10.24,9.64,12.42,13.76,13.12,17.46,14.78,9.35,12.72,10.02,15.68,11.05,11.39,2.58,3.86,2.15,3.42,4.29,1.56,4.35,3.3,3.27,2.58,1.0,3.48,3.21,3.34,2.46,2.88,1.71,2.05,1.42,3.31,2.0,3.81,3.59,2.63,2.39,3.28,1.97,2.42,16.46,18.87,3.46,2.57,2.97
00-0038553,Daiyan Henley,LAC,LB,1.0,951,measured,13.7,13.48,15.01,11.92,10.56,14.58,11.8,8.96,10.53,11.72,10.39,8.49,13.61,12.58,6.99,17.02,2.44,2.53,2.94,2.09,1.73,3.56,2.76,3.47,1.49,2.73,1.47,4.58,3.73,3.05,2.43,3.08,3.08,1.0,6.29,6.75,12.65,15.19,16.5,14.22,14.78,16.28,1.0,9.48,2.28,1.73,1.22,3.52,6.19
00-0035202,Del'Shawn Phillips,LAC,LB,2.0,81,prior,10.9,11.81,12.76,12.12,10.01,13.25,11.8,10.21,8.68,7.77,10.97,8.59,8.95,11.93,7.3,13.83,3.95,3.02,1.0,3.32,2.86,3.12,3.36,2.37,2.65,2.54,3.41,1.74,3.12,2.9,2.73,1.24,2.32,3.86,11.39,11.46,9.77,12.06,14.25,12.06,4.57,6.07,3.03,2.42,2.89,2.4,3.39,1.78,2.96
00-0032103,Denzel Perryman,LAC,LB,1.0,924,measured,14.2,7.94,8.39,9.89,13.85,10.13,11.8,14.12,7.06,9.86,12.62,8.84,8.83,4.34,4.22,16.37,3.28,3.75,2.71,3.09,2.88,4.58,3.3,2.9,3.52,3.69,2.86,2.82,3.52,4.18,5.5,4.81,3.5,1.81,16.02,13.39,16.65,18.51,19.11,10.66,7.94,9.44,3.16,5.41,1.15,4.5,2.6,2.75,1.18
00-0040472,Garmon Randolph,LAC,LB,,0,prior,11.8,12.5,14.64,16.88,9.5,15.2,11.8,8.7,10.5,8.26,7.63,9.98,8.1,10.4,11.05,11.39,1.42,1.0,2.75,2.09,3.82,2.22,1.0,4.59,2.31,3.4,3.59,1.68,4.6,3.45,3.16,1.68,2.88,4.2,6.7,7.19,13.17,12.69,13.24,15.67,8.96,10.46,3.69,9.27,2.53,4.85,2.55,1.72,4.49
00-0039346,Junior Colson,LAC,LB,3.0,203,measured,9.9,11.94,13.13,13.6,10.66,13.87,11.8,8.14,4.49,6.67,7.56,7.13,13.35,7.13,6.5,15.42,2.06,2.39,2.21,1.29,3.69,4.44,3.61,3.63,3.08,3.74,4.3,2.0,4.81,2.8,2.96,3.07,2.0,3.02,8.24,8.13,9.35,9.99,8.98,16.25,6.48,7.98,4.12,4.68,3.15,2.75,1.33,1.84,2.45
00-0040460,Marlowe Wax,LAC,LB,3.0,0,prior,11.8,11.86,12.64,12.07,10.82,13.36,11.8,9.66,11.13,8.32,8.59,13.83,7.92,10.4,11.05,11.39,3.3,3.3,2.41,3.01,2.28,2.51,2.02,2.61,4.26,4.5,2.22,1.16,1.17,3.33,1.9,2.87,3.62,3.83,7.05,6.85,13.17,12.69,13.24,15.41,8.96,10.46,3.45,9.27,3.65,2.57,2.84,3.51,2.23
00-0036338,Troy Dye,LAC,LB,2.0,383,measured,12.1,12.08,13.18,12.46,9.45,13.39,11.8,11.17,8.37,10.54,7.45,13.31,8.81,11.93,14.04,6.88,3.15,4.8,3.37,2.41,2.64,2.27,2.44,4.09,4.35,3.74,2.4,3.02,1.79,3.32,3.95,2.35,2.04,1.6,9.29,9.65,11.61,14.88,14.69,11.31,8.2,9.7,2.92,4.55,2.63,1.0,3.35,1.0,1.84
00-0028845,Josh Harris,LAC,LS,1.0,1,prior,7.8,6.14,7.74,8.13,7.5,9.99,11.04,11.57,5.69,8.64,13.03,9.52,7.52,17.5,11.05,11.39,1.87,3.02,3.47,2.6,3.61,1.06,4.5,3.05,2.7,3.79,2.67,2.41,3.45,2.26,2.87,3.48,3.55,3.31,2.65,4.18,4.17,3.72,2.58,3.92,3.01,2.14,1.69,2.4,2.09,3.04,3.89,5.21,4.39
00-0031911,Rick Lovato,LAC,LS,,1,prior,10.5,8.81,9.67,9.14,9.53,11.0,12.62,12.15,9.99,9.04,13.06,11.45,10.61,17.5,11.05,11.39,3.87,4.75,1.9,2.49,3.81,3.24,3.32,1.8,3.89,1.26,1.54,3.47,2.97,3.76,4.24,3.14,4.68,1.08,3.38,3.09,4.67,3.02,2.63,3.14,3.02,4.09,1.74,3.94,1.91,2.57,3.81,2.17,3.93
00-0040212,Branson Taylor,LAC,OG,,0,prior,11.5,3.95,5.85,5.86,12.74,8.61,11.8,10.15,11.65,9.28,6.47,12.37,15.15,10.4,11.05,11.39,3.78,2.2,2.26,3.85,3.62,3.04,3.55,3.16,1.18,4.22,3.78,1.95,2.9,2.35,3.66,11.15,13.68,2.42,4.12,2.78,3.45,4.31,3.92,4.09,1.27,1.17,4.36,4.58,2.48,3.53,3.18,3.78,2.49
00-0037295,Jamaree Salyer,LAC,OG,2.0,1480,measured,10.7,3.84,5.29,4.41,15.7,8.02,11.8,8.44,8.85,10.58,6.31,14.41,9.7,15.68,11.05,11.39,3.44,1.48,1.0,2.66,3.61,3.77,2.27,3.32,2.8,2.82,3.9,3.07,3.77,1.33,2.85,6.51,15.4,2.55,3.13,1.75,3.35,2.92,3.59,1.78,2.61,3.31,2.13,3.03,1.89,4.06,1.0,3.9,2.54
00-0036284,Mekhi Becton,LAC,OG,1.0,1474,measured,10.1,5.33,6.05,5.14,12.0,7.99,11.8,10.2,4.51,7.86,8.95,15.92,11.93,7.65,14.54,7.88,4.29,1.4,3.66,2.92,1.91,3.8,3.35,2.76,2.35,4.61,5.56,4.62,3.02,3.15,2.26,10.47,10.34,2.65,2.28,4.29,4.4,2.79,3.24,3.47,4.92,3.6,3.53,2.43,3.54,1.98,3.05,3.53,2.09
00-0037818,Zion Johnson,LAC,OG,1.0,2114,measured,10.8,4.27,7.13,9.62,16.16,11.4,11.8,10.77,5.58,4.3,9.93,15.93,10.21,14.01,15.05,8.39,1.98,3.05,2.57,3.05,3.55,3.94,2.79,2.38,1.95,3.94,2.55,3.35,2.34,3.86,3.44,9.57,10.06,1.59,3.13,3.99,3.55,3.53,2.43,1.99,3.68,2.31,2.87,2.98,3.37,3.05,4.09,2.62,2.61
00-0037302,Austin Deculus,LAC,OT,2.0,50,prior,10.5,5.6,7.2,3.07,11.49,8.94,11.8,10.6,10.58,8.17,7.83,13.42,11.69,8.1,5.6,7.37,2.78,2.83,2.63,3.78,4.57,3.59,4.39,3.39,1.55,3.19,3.29,4.86,3.57,1.65,4.11,11.61,11.8,2.31,4.13,1.26,4.47,2.84,2.27,4.07,4.03,2.28,2.81,1.21,5.45,2.68,5.36,4.18,3.62
00-0033946,David Sharpe,LAC,OT,,0,prior,10.8,1.0,1.84,4.05,9.5,1.69,11.8,11.4,5.73,5.8,10.55,9.13,15.78,6.15,7.63,7.74,1.32,2.35,3.42,2.21,2.95,4.61,3.9,2.17,1.16,1.0,2.08,2.26,3.39,4.25,3.52,10.49,14.62,3.29,4.71,3.31,2.1,1.74,2.41,4.53,4.56,2.89,3.12,5.0,2.92,2.98,4.43,2.07,1.98
00-0036584,Foster Sarell,LAC,OT,,176,measured,11.3,4.06,5.9,5.0,11.94,8.41,11.8,7.57,7.29,7.76,7.43,9.11,12.46,15.68,11.05,11.39,3.9,2.52,3.69,2.27,5.25,2.54,2.2,2.42,4.17,3.55,2.64,2.99,2.07,2.46,3.92,12.11,13.67,2.32,3.3,1.98,4.06,2.79,4.05,4.43,4.27,4.98,3.61,1.73,5.73,2.79,3.89,2.63,2.45
00-0039897,Joe Alt,LAC,OT,1.0,928,measured,13.6,6.0,8.0,9.71,10.8,9.07,11.8,9.5,9.25,6.84,8.26,7.99,8.77,12.99,11.05,5.91,3.79,1.02,3.22,4.44,3.35,1.0,3.24,2.27,1.0,2.53,5.11,3.11,2.86,2.96,1.0,16.9,14.57,2.83,2.5,2.97,3.96,2.8,3.88,3.53,3.29,2.49,3.61,1.93,2.92,1.11,2.37,2.08,2.03
00-0037009,Rashawn Slater,LAC,OT,3.0,1656,measured,14.1,7.87,8.93,9.09,16.62,11.87,11.8,11.81,7.4,13.3,10.16,15.96,9.69,13.94,16.39,15.42,3.77,3.01,3.02,2.66,1.75,3.82,1.64,3.22,3.24,2.87,2.79,4.02,3.95,5.22,2.34,9.22,19.4,3.05,2.2,1.88,3.43,2.42,4.06,3.53,3.38,2.14,4.35,4.29,4.95,4.42,2.26,2.64,1.86
00-0040462,Savion Washington,LAC,OT,2.0,0,prior,9.6,2.09,4.02,3.54,9.57,6.42,11.8,7.11,6.29,3.8,7.68,18.57,8.3,10.4,11.05,11.39,3.67,2.55,2.47,4.75,2.28,2.56,1.54,3.49,1.22,3.68,2.61,4.76,1.82,2.2,2.68,11.64,11.08,3.31,4.81,2.74,2.6,4.34,3.59,1.87,2.17,4.17,3.13,3.0,4.51,2.62,3.31,4.44,2.19
00-0035688,Trey Pipkins,LAC,OT,1.0,1873,measured,13.3,4.72,7.68,6.41,8.0,12.09,11.8,10.05,8.25,11.66,13.26,12.18,8.69,12.34,14.6,8.33,1.89,2.82,4.44,4.41,3.8,4.19,4.01,1.41,2.8,1.57,3.2,3.19,5.36,4.01,4.55,12.37,18.78,1.36,2.27,4.75,2.5,4.39,3.57,3.56,4.03,3.4,2.95,3.78,3.46,2.02,2.64,1.8,3.09
00-0034162,J.K. Scott,LAC,P,1.0,103,measured,13.2,8.29,9.32,10.01,9.83,10.1,11.68,11.97,11.03,5.61,10.4,11.36,9.58,17.5,11.05,7.19,4.64,3.74,1.95,2.7,1.0,2.59,2.86,3.35,3.4,1.0,3.74,4.37,3.63,3.25,1.17,3.88,2.62,2.95,3.92,1.34,5.08,3.75,3.1,2.42,3.55,3.14,3.18,1.11,1.56,2.42,11.18,15.27,1.61
00-0040464,DJ Uiagalelei,LAC,QB,,0,prior,7.3,8.03,8.99,12.13,9.76,10.81,11.8,6.84,6.99,7.4,8.43,7.3,17.66,10.4,11.05,11.39,8.83,6.24,8.21,6.84,6.07,7.34,7.11,7.56,2.23,2.6,2.59,2.71,2.98,5.69,6.06,2.27,3.11,1.89,3.56,4.89,3.51,4.34,3.99,3.96,2.95,3.47,4.0,2.32,1.0,5.81,1.87,4.07,3.47
00-0036355,Justin Herbert,LAC,QB,1.0,1990,measured,13.8,11.08,13.27,11.72,9.76,14.62,11.8,14.49,13.85,12.24,10.54,8.25,8.08,17.5,11.05,17.91,12.99,13.63,13.15,13.48,12.7,12.77,16.33,14.66,2.52,12.86,4.2,4.48,4.03,2.64,3.13,2.15,4.24,3.23,2.59,3.07,3.93,2.43,3.8,3.72,2.86,3.76,3.79,5.36,3.1,4.18,2.11,1.0,2.33
00-0037012,Trey Lance,LAC,QB,2.0,130,measured,7.4,9.23,9.91,11.65,9.76,10.82,11.8,7.39,8.29,4.03,9.88,9.69,13.65,11.83,14.18,11.39,6.97,7.96,5.13,4.81,5.99,11.97,8.01,9.47,1.57,1.12,4.62,2.79,2.39,4.67,3.1,1.0,2.84,3.33,2.74,2.02,2.15,2.84,2.86,2.59,2.52,1.48,3.95,2.66,3.36,4.3,3.63,3.21,1.26
00-0040039,Amar Johnson,LAC,RB,,0,prior,10.1,13.92,14.14,12.75,8.5,13.7,11.8,9.3,10.19,9.45,7.02,17.82,5.55,10.4,11.05,11.39,1.71,2.31,1.22,2.56,3.37,1.0,3.7,11.02,8.47,6.92,7.45,13.43,2.42,6.68,6.12,2.07,4.84,3.07,3.84,2.69,3.95,2.47,3.52,2.94,1.94,1.0,3.42,3.33,3.92,4.03,1.48,1.95,9.41
00-0037617,Hassan Haskins,LAC,RB,3.0,184,measured,8.8,13.39,14.19,11.36,13.85,13.84,11.8,9.1,7.93,6.29,10.18,10.45,6.74,14.15,11.05,13.87,2.96,2.5,2.5,2.85,2.19,4.23,4.52,9.61,5.67,5.61,6.69,10.3,3.43,3.0,1.0,2.66,6.58,3.66,1.0,3.63,2.89,2.23,4.4,2.51,2.76,2.57,3.71,3.61,3.84,1.48,1.34,3.56,12.57
00-0039391,Kimani Vidal,LAC,RB,,155,measured,9.4,15.24,14.71,14.54,9.0,15.4,11.8,9.74,4.35,8.84,6.97,9.96,13.47,12.99,11.05,11.39,1.89,1.0,2.74,4.92,3.56,4.0,2.19,9.17,7.24,6.98,7.14,6.79,2.72,3.5,2.5,1.58,4.68,2.58,1.99,3.37,3.42,4.11,3.01,2.86,3.14,3.22,2.38,2.91,3.73,3.95,2.86,3.04,10.82
00-0036893,Najee Harris,LAC,RB,2.0,1211,measured,11.8,12.86,13.71,11.6,9.86,13.75,11.8,12.17,8.18,13.16,4.71,11.07,9.57,17.5,11.05,14.83,3.45,1.87,1.72,1.86,2.85,2.4,2.09,17.13,9.73,10.33,14.59,6.52,2.87,9.31,9.82,6.5,7.04,7.5,1.06,4.14,2.72,4.3,3.73,2.28,2.98,3.58,2.1,3.94,2.75,3.17,3.59,3.26,14.05
00-0034367,Nyheim Hines,LAC,RB,,89,prior,9.7,16.83,15.17,11.36,8.12,13.83,11.8,11.64,7.2,12.16,9.68,11.03,5.62,4.51,6.26,4.91,2.83,2.42,1.23,3.15,4.17,1.0,2.51,15.43,5.76,7.31,5.31,6.29,3.62,11.93,11.38,3.78,7.95,4.78,1.49,2.85,3.36,2.69,3.74,3.0,4.3,5.04,2.97,2.02,4.26,3.47,2.95,2.27,17.06
00-0040666,Omarion Hampton,LAC,RB,1.0,0,prior,11.3,15.24,17.02,11.53,9.0,16.93,11.8,11.0,9.06,12.29,5.65,16.24,12.36,10.4,11.05,11.39,5.25,3.29,2.03,3.25,2.2,3.56,3.39,14.34,8.5,14.36,5.66,6.81,5.29,11.29,10.26,8.5,9.9,9.5,1.0,1.0,3.7,4.38,3.83,3.02,3.61,3.09,2.32,2.1,1.52,2.93,3.2,2.65,10.83
00-0036380,Alohi Gilman,LAC,S,1.0,1407,measured,11.5,12.37,12.94,16.82,8.5,12.42,11.8,12.97,9.37,11.91,10.13,12.16,8.97,7.03,14.84,15.06,3.23,2.94,3.48,1.88,4.25,1.0,2.88,3.79,4.17,1.01,2.61,2.84,2.81,4.05,1.0,3.03,4.15,1.91,1.69,3.24,3.82,12.96,7.85,13.03,10.22,11.22,9.41,13.55,2.14,2.61,3.16,4.01,10.67
00-0034790,Derwin James,LAC,S,1.0,1908,measured,13.0,14.65,16.85,14.02,10.67,17.69,11.8,12.74,12.29,12.24,11.89,11.56,14.27,13.85,15.17,14.49,4.21,3.17,3.45,3.39,2.56,2.23,3.62,2.46,1.85,2.72,3.61,1.91,2.58,2.73,1.61,1.94,3.28,2.84,1.94,2.63,2.51,15.04,16.32,12.32,10.04,11.04,10.06,13.41,2.73,1.3,3.2,2.44,3.41
00-0036992,Elijah Molden,LAC,S,2.0,1187,measured,11.8,12.0,14.22,14.45,6.5,15.56,11.8,11.2,12.14,12.32,9.55,9.61,11.92,6.97,18.84,14.53,3.09,2.75,4.13,4.18,4.26,1.38,2.33,3.17,1.21,4.01,1.75,4.29,5.21,2.6,3.44,3.28,4.32,3.84,2.89,1.37,2.64,12.25,13.16,11.57,10.38,11.38,8.81,13.18,3.0,3.63,2.65,2.38,12.86
00-0039526,Emany Johnson,LAC,S,,0,prior,9.8,13.56,15.04,14.35,8.79,15.58,11.8,8.22,11.15,7.77,6.46,11.37,13.35,10.4,11.05,11.39,4.46,1.0,1.89,2.18,1.35,2.99,2.92,2.07,5.21,2.77,3.75,2.89,4.81,2.61,3.95,2.37,3.01,4.89,3.66,3.26,4.4,8.44,4.92,8.15,10.73,11.73,9.5,10.09,2.46,3.21,1.83,3.67,17.98
00-0038414,Kendall Williamson,LAC,S,3.0,18,prior,9.9,13.46,14.38,14.38,7.89,14.5,11.8,10.21,12.26,8.87,6.85,11.68,9.85,12.99,11.05,11.39,2.27,2.45,2.45,4.12,3.72,3.7,3.03,2.06,2.65,3.79,3.25,3.06,3.18,4.54,5.52,3.01,5.23,4.8,3.41,2.55,3.87,9.02,6.7,8.16,9.9,10.9,9.23,9.3,4.65,2.32,1.8,3.62,17.69
00-0040221,R.J. Mickens,LAC,S,2.0,0,prior,12.3,14.54,14.59,14.46,8.27,17.29,11.8,9.54,13.59,9.8,6.02,16.48,16.89,10.4,11.05,11.39,3.12,2.81,3.39,3.2,3.48,3.58,3.32,1.0,1.88,2.41,2.85,2.18,2.09,2.22,1.55,3.01,2.22,2.7,2.08,2.42,2.96,10.01,11.64,12.82,11.75,12.75,9.34,14.13,2.47,3.33,3.03,2.98,15.88
00-0030294,Tony Jefferson,LAC,S,,277,measured,7.4,8.04,10.11,12.91,8.0,13.02,11.8,10.29,7.0,4.88,13.88,14.6,6.15,8.57,15.03,5.91,2.53,2.85,4.0,2.97,1.92,2.84,2.6,4.24,4.63,4.04,1.94,1.76,3.43,2.54,2.45,4.29,4.78,3.23,2.45,2.21,2.73,9.05,11.81,7.91,4.1,5.1,9.26,4.36,1.79,3.24,1.31,2.7,13.72
00-0040189,Oronde Gadsden II,LAC,TE,3.0,0,prior,10.5,11.22,11.11,11.84,8.65,12.59,11.8,8.0,6.24,4.39,3.71,14.11,10.84,10.4,11.05,11.39,3.85,2.04,4.53,4.88,2.91,2.8,2.19,15.52,4.82,11.01,14.79,10.19,8.96,9.79,9.73,11.25,10.08,7.96,4.11,3.45,1.0,3.1,2.37,2.59,1.47,1.0,3.77,2.83,3.33,1.14,3.24,4.77,4.51
00-0039936,Thomas Yassmin,LAC,TE,,0,prior,7.8,10.67,11.83,12.01,9.35,12.94,11.8,8.82,5.39,5.08,6.23,12.73,13.2,10.4,11.05,11.39,2.17,3.19,4.44,2.95,3.63,3.96,2.65,18.41,3.27,2.04,5.83,6.3,6.8,5.32,5.33,9.37,10.68,6.08,3.52,3.0,2.84,2.06,1.94,2.31,2.63,3.97,2.97,3.95,1.52,1.57,3.12,3.2,3.07
00-0037654,Tucker Fisk,LAC,TE,4.0,234,measured,10.1,9.53,11.13,12.49,11.21,12.75,11.8,8.78,7.21,6.79,7.92,5.48,9.61,14.69,11.05,11.39,1.84,3.21,3.78,3.07,3.06,1.0,2.85,13.64,2.41,6.79,10.57,10.25,8.79,8.39,8.9,11.22,10.79,7.94,2.38,2.69,4.82,3.47,3.96,2.72,1.73,2.3,4.63,3.09,2.12,2.49,4.53,1.03,4.17
00-0034270,Tyler Conklin,LAC,TE,2.0,1608,measured,12.7,8.6,10.93,12.25,9.0,15.03,11.8,11.5,6.02,9.6,8.87,16.06,4.63,15.17,14.47,16.73,4.0,2.85,3.63,2.81,3.56,1.76,3.56,8.03,2.52,6.05,9.83,17.24,18.01,14.02,14.49,10.02,12.38,6.73,2.47,3.95,2.63,2.31,2.17,4.33,2.17,3.49,2.9,3.32,3.26,2.54,3.54,2.23,1.11
00-0034159,Will Dissly,LAC,TE,1.0,985,measured,12.8,7.99,8.59,11.71,7.5,8.6,11.8,11.85,10.02,9.58,12.04,11.25,8.59,7.73,7.48,18.3,2.98,2.36,1.98,4.42,2.2,2.08,2.12,10.6,1.32,13.16,16.94,13.63,15.86,13.49,10.88,17.69,7.46,14.71,4.56,3.63,2.31,2.74,3.45,3.73,2.07,3.53,3.25,3.36,1.43,2.89,3.16,3.28,4.5
00-0038573,Derius Davis,LAC,WR,2.0,230,measured,11.1,17.55,16.32,13.01,6.7,14.69,11.8,9.04,11.06,9.88,6.43,9.4,17.4,12.32,16.33,7.95,4.05,3.69,3.25,2.85,1.8,3.95,2.17,9.88,6.92,10.49,9.18,6.29,5.03,10.94,12.01,2.79,3.39,2.43,2.72,3.28,2.14,2.76,4.51,1.79,3.82,4.01,2.89,4.21,4.08,1.58,3.65,3.04,15.15
00-0039722,JaQuae Jackson,LAC,WR,,0,prior,8.0,14.74,15.25,14.15,6.23,14.65,11.8,7.75,7.51,7.56,5.79,9.01,9.6,10.4,11.05,11.39,2.77,2.92,1.24,2.47,3.65,2.83,3.93,14.87,4.3,13.42,12.12,5.31,3.82,3.82,3.83,2.25,3.48,2.6,1.0,2.91,2.17,2.76,4.49,3.02,3.74,4.14,5.87,1.69,3.66,2.61,1.61,2.22,16.91
00-0036387,Jalen Reagor,LAC,WR,,365,measured,8.6,15.01,17.55,10.04,8.5,19.06,11.8,9.56,12.1,9.02,10.27,13.13,9.44,5.8,16.23,11.39,4.85,2.21,2.96,2.13,1.54,2.26,2.49,7.13,4.94,6.67,5.36,7.77,6.59,4.45,5.0,2.57,3.84,1.66,2.75,3.58,2.02,2.55,1.97,3.11,2.85,3.07,1.14,2.94,2.89,3.65,4.04,2.1,10.15
00-0040184,KeAndre Lambert-Smith,LAC,WR,2.0,0,prior,10.1,17.32,16.81,14.39,5.89,14.22,11.8,7.18,11.44,10.96,5.73,10.1,11.03,10.4,11.05,11.39,3.82,4.45,3.47,2.36,3.71,3.32,2.05,8.56,7.4,12.26,10.95,4.59,5.42,8.56,9.05,2.43,3.69,2.89,3.58,2.83,4.42,3.69,2.71,3.06,3.09,3.28,2.87,2.62,3.93,4.13,3.8,1.31,12.18
00-0030279,Keenan Allen,LAC,WR,1.0,1524,measured,14.0,10.93,12.31,11.72,7.36,13.49,11.8,14.52,11.36,12.95,14.29,9.77,12.55,7.51,5.29,15.02,2.2,4.86,4.09,2.35,2.82,2.75,2.93,10.48,10.78,9.03,7.72,16.17,15.91,15.12,15.27,2.56,1.0,3.52,4.19,3.48,2.78,4.27,2.08,2.39,2.72,1.79,2.14,3.36,5.42,1.97,2.32,2.31,13.32
00-0039915,Ladd McConkey,LAC,WR,1.0,684,measured,14.4,16.86,16.56,14.19,6.5,15.09,11.8,11.24,15.82,16.8,7.48,10.94,6.3,12.99,11.05,17.18,3.02,1.57,4.53,2.41,1.7,3.92,3.26,11.65,14.52,15.38,14.07,13.2,8.79,15.68,13.68,2.31,5.7,1.56,2.47,2.14,2.54,3.98,2.69,3.65,3.32,2.88,3.61,4.33,3.29,3.29,3.09,2.95,13.49
00-0040461,Luke Grimm,LAC,WR,,0,prior,9.8,14.61,15.05,13.71,6.87,14.81,11.8,9.26,9.74,5.44,5.71,8.97,9.95,10.4,11.05,11.39,3.18,2.27,2.46,3.12,3.38,3.3,4.97,7.11,7.71,12.37,11.07,6.32,6.75,8.0,8.16,1.7,2.72,1.6,1.91,3.31,2.09,1.98,4.07,3.3,3.11,2.47,3.82,3.3,3.59,2.22,1.63,3.52,9.21
00-0033536,Mike Williams,LAC,WR,,851,measured,11.8,12.64,13.07,12.51,7.5,12.1,11.8,11.1,12.73,9.66,10.15,7.84,10.25,6.8,7.59,6.49,2.59,1.0,3.88,2.41,2.83,4.37,3.23,8.94,8.95,9.58,8.27,13.89,14.3,9.23,9.47,2.52,3.61,1.0,2.99,2.81,3.41,4.26,4.88,3.35,2.95,1.41,2.98,4.33,3.94,2.22,2.31,3.72,8.2
00-0038544,Quentin Johnston,LAC,WR,1.0,1106,measured,11.8,14.27,17.16,13.81,6.68,18.4,11.8,10.31,7.24,9.33,10.5,11.7,11.74,12.32,6.71,11.39,3.64,2.05,4.95,3.04,1.12,1.58,1.27,16.98,10.99,13.37,12.06,8.98,8.17,11.2,11.65,4.27,2.59,3.38,4.54,5.32,1.24,4.32,3.8,4.33,1.89,1.38,3.49,3.3,3.39,2.81,2.73,5.21,12.14
00-0040727,Tre Harris,LAC,WR,2.0,0,prior,9.4,13.48,15.01,13.86,6.59,16.54,11.8,9.35,6.79,9.92,5.84,13.21,14.0,10.4,11.05,11.39,1.0,5.24,4.69,3.52,2.85,1.63,2.15,9.17,7.47,12.04,10.73,4.09,5.28,9.05,9.82,2.89,3.51,3.31,4.25,1.78,2.82,3.22,2.82,3.55,2.66,1.97,2.97,4.28,1.88,2.59,2.15,2.13,10.13
00-0036604,Jordan Meredith,LV,C,1.0,613,measured,10.6,4.89,6.11,7.65,12.07,8.83,11.8,9.51,6.85,9.39,9.79,11.22,12.14,12.26,6.71,15.42,2.91,4.94,3.64,1.81,1.46,2.36,2.16,4.81,2.85,3.99,2.64,3.01,3.27,4.48,4.22,12.22,9.81,1.49,1.0,2.98,4.0,4.02,3.1,2.43,1.97,1.93,3.36,3.55,4.46,2.92,1.94,5.24,2.15
00-0039544,Will Putnam,LV,C,2.0,0,prior,10.1,3.91,5.59,6.52,12.41,8.38,11.8,8.93,8.84,8.88,7.39,10.34,8.23,10.4,11.05,11.39,2.47,3.35,3.31,3.65,4.62,2.36,2.2,1.38,2.69,1.66,3.18,3.55,1.24,4.32,3.07,10.1,10.75,1.99,3.06,4.29,2.86,3.7,2.89,3.98,1.67,3.69,1.96,1.62,3.71,2.33,2.95,3.83,2.67
00-0040641,Darien Porter,LV,CB,1.0,0,prior,12.7,18.94,19.15,18.0,6.63,16.26,11.8,11.41,12.06,12.05,9.79,10.07,7.24,10.4,11.05,11.39,4.14,5.0,1.78,2.49,3.01,4.46,3.42,3.63,4.49,1.77,3.44,3.3,1.2,3.35,1.0,3.32,3.87,3.36,3.11,3.81,3.03,8.88,10.84,15.73,10.36,10.36,10.15,8.67,2.49,1.34,3.21,3.72,11.86
00-0036394,Darnay Holmes,LV,CB,1.0,587,measured,13.0,14.77,15.41,13.87,6.0,15.04,11.8,11.04,12.96,7.98,11.92,9.08,9.69,11.93,14.18,5.13,4.8,2.86,5.7,5.53,3.2,3.55,5.04,3.46,3.72,1.16,3.87,1.86,4.61,4.06,3.05,3.18,2.19,2.15,3.39,1.62,5.24,8.94,12.35,11.86,12.65,12.65,9.96,12.53,2.92,5.94,3.58,2.64,12.15
00-0039357,Decamerion Richardson,LV,CB,2.0,518,measured,10.4,18.01,18.17,14.24,6.49,15.0,11.8,9.85,11.5,9.85,6.93,7.66,8.09,7.43,4.01,11.39,3.55,2.7,1.73,4.54,3.29,4.76,2.46,2.85,4.71,2.6,2.26,3.08,3.31,2.31,3.6,3.13,2.91,2.69,3.93,1.71,1.73,10.07,9.64,16.35,7.06,7.06,10.11,6.18,3.05,4.68,3.79,2.67,10.39
00-0036901,Eric Stokes,LV,CB,1.0,812,measured,11.9,18.71,18.54,13.23,7.0,16.96,11.8,12.9,10.73,13.2,10.86,10.4,4.06,5.74,18.2,8.15,2.96,3.33,2.84,3.43,3.26,3.21,4.95,3.29,3.69,2.32,2.94,2.11,4.21,4.55,1.87,2.46,1.55,2.78,2.92,2.84,4.46,9.67,6.26,11.48,10.04,10.04,10.26,8.56,3.13,3.17,2.68,3.95,7.23
00-0040489,Greedy Vance,LV,CB,,0,prior,8.9,15.19,15.57,13.26,6.8,14.68,11.8,8.63,9.68,6.22,6.34,14.04,14.2,10.4,11.05,11.39,1.32,4.01,3.77,1.04,3.95,2.98,3.26,3.17,4.26,2.71,2.85,3.3,2.05,2.14,4.59,2.68,3.0,3.33,1.54,2.96,2.92,7.23,12.31,15.3,5.24,5.24,10.2,4.53,2.79,3.82,2.88,3.67,14.19
00-0038091,JT Woods,LV,CB,,49,prior,9.4,17.55,17.92,14.2,6.44,17.4,11.8,7.91,9.82,7.92,7.98,14.96,12.79,5.83,4.61,11.39,2.19,3.76,1.67,3.97,3.8,2.81,2.24,1.32,2.32,2.99,3.39,4.11,5.03,2.83,1.0,3.85,2.06,2.55,2.35,3.43,4.57,7.71,11.79,17.7,5.0,5.0,10.09,4.62,3.17,3.83,2.17,3.19,6.42
00-0038381,Kyu Kelly,LV,CB,2.0,27,prior,9.0,13.85,16.44,13.85,6.62,15.93,11.8,8.86,9.45,6.51,6.22,13.56,13.13,14.69,11.05,11.39,2.52,5.07,4.1,3.84,2.82,3.02,2.35,3.94,2.09,4.13,2.63,1.31,1.0,2.05,2.45,4.09,3.74,1.69,3.22,1.39,3.67,7.04,12.21,16.55,5.93,5.93,10.15,4.32,4.93,2.32,3.23,2.95,7.68
00-0033381,Adam Butler,LV,DT,1.0,1119,measured,13.0,4.98,6.41,6.35,12.39,8.6,11.8,13.31,12.42,12.78,11.6,10.02,12.57,15.29,11.05,6.44,3.65,2.97,2.61,3.41,3.1,5.57,3.5,1.78,1.71,4.39,4.47,2.76,1.49,3.25,3.71,2.34,4.23,2.8,12.3,10.77,13.85,16.27,14.98,7.45,3.05,2.8,4.6,1.0,4.41,3.86,3.77,1.66,1.93
00-0040199,JJ Pegues,LV,DT,2.0,0,prior,8.4,4.67,5.56,4.24,13.91,7.77,11.8,7.71,6.99,6.92,7.07,7.04,10.24,10.4,11.05,11.39,3.22,2.05,2.44,3.32,3.27,2.57,1.0,1.62,4.08,4.01,3.85,4.33,3.04,3.1,4.51,3.87,4.11,2.99,8.63,6.46,6.94,7.62,8.02,10.18,1.0,4.65,2.38,2.01,3.72,2.83,4.31,3.23,3.4
00-0039423,Jonah Laulu,LV,DT,1.0,431,measured,11.4,7.01,8.51,8.3,12.27,10.52,11.8,9.71,8.16,8.55,7.08,9.54,14.71,12.99,11.05,11.39,3.23,3.5,2.85,2.64,4.74,3.32,3.07,4.46,2.31,4.01,2.87,4.03,3.56,2.64,3.74,2.98,1.65,3.22,8.85,8.07,12.33,14.62,12.64,10.73,4.95,4.17,2.77,1.76,3.42,3.31,3.35,3.06,1.5
00-0040762,Laki Tasi,LV,DT,,0,prior,8.6,2.36,3.65,3.62,12.53,6.18,11.8,8.46,4.99,11.18,5.88,4.27,11.3,10.4,11.05,11.39,2.54,1.83,2.53,1.13,2.31,1.97,2.41,4.05,4.27,3.28,2.48,3.9,3.11,1.13,1.62,1.88,3.82,2.97,8.74,6.24,8.39,8.91,8.59,7.91,3.28,4.28,2.94,2.99,3.11,1.48,2.75,4.12,2.78
00-0036371,Leki Fotu,LV,DT,2.0,437,measured,8.7,4.67,5.28,4.34,10.67,7.26,11.8,10.93,6.05,9.17,10.49,10.56,14.41,4.16,13.79,8.18,2.94,3.91,1.06,1.88,3.79,2.74,1.93,2.25,2.98,1.82,1.01,1.0,2.79,3.42,4.39,5.77,2.89,1.58,9.25,8.21,8.42,8.47,8.89,9.4,3.14,1.84,4.13,5.52,4.87,1.92,2.86,3.13,1.32
00-0037262,Thomas Booker,LV,DT,3.0,245,measured,9.6,7.47,8.33,10.27,13.33,9.38,11.8,8.56,8.23,9.0,8.68,13.9,6.01,14.15,11.05,11.39,3.45,2.77,3.02,5.68,2.7,3.2,1.36,1.0,2.16,2.96,3.66,1.27,2.08,2.93,3.72,4.34,3.18,1.5,9.37,8.38,8.64,8.35,11.26,11.22,4.16,3.09,1.0,1.94,3.29,2.38,3.18,3.61,2.45
00-0040487,Treven Ma'ae,LV,DT,,0,prior,9.1,7.0,8.34,7.58,13.1,10.53,11.8,7.82,7.45,2.38,5.74,8.68,8.22,10.4,11.05,11.39,1.74,4.3,2.84,3.11,2.77,3.59,2.63,2.58,2.18,2.6,1.15,3.4,3.19,3.19,4.41,3.77,4.63,4.05,8.03,6.95,8.39,8.91,8.59,9.76,2.37,4.89,4.27,3.19,1.0,1.0,1.78,3.08,3.56
00-0036711,Charles Snowden,LV,EDGE,2.0,362,measured,10.4,12.85,14.39,13.78,9.16,14.32,11.8,10.96,9.74,8.75,9.09,11.6,8.81,13.9,11.05,11.39,4.35,2.62,2.98,3.02,1.0,3.16,2.75,3.57,1.68,3.18,3.01,1.98,3.01,4.06,3.54,2.82,3.65,4.32,8.38,9.88,7.91,10.57,13.97,13.79,5.8,6.8,3.16,4.55,3.69,1.87,2.18,2.15,1.8
00-0040604,Jahfari Harvey,LV,EDGE,,0,prior,8.9,10.98,12.17,10.99,11.48,13.29,11.8,8.03,5.6,6.33,4.83,9.57,11.11,10.4,11.05,11.39,4.52,3.23,2.79,1.97,3.59,1.66,3.46,1.6,2.61,3.66,1.81,2.16,3.48,1.84,1.76,2.79,3.66,3.69,6.89,6.93,7.32,9.74,11.31,13.98,5.8,6.8,3.84,1.93,2.07,1.0,3.0,3.89,3.79
00-0036989,Malcolm Koonce,LV,EDGE,1.0,360,measured,13.2,11.14,12.32,11.14,11.37,13.38,11.8,10.88,9.41,15.1,10.44,11.18,12.61,4.83,15.98,14.83,4.98,3.08,2.81,3.87,4.34,4.04,4.82,2.36,1.4,1.59,3.65,2.51,3.8,3.16,3.13,4.09,2.14,3.24,13.46,13.6,13.66,14.27,14.04,10.71,5.8,6.8,4.56,4.31,2.71,1.0,4.84,1.91,3.3
00-0034973,Maxx Crosby,LV,EDGE,1.0,1854,measured,14.1,11.37,13.16,15.67,10.39,14.8,11.8,11.4,12.91,11.64,10.97,10.48,8.55,8.28,18.83,18.72,2.43,3.65,3.95,3.42,2.96,3.62,4.0,2.63,1.83,3.01,3.16,1.0,2.14,3.53,2.03,2.74,2.49,2.82,13.59,14.14,15.86,16.96,16.98,9.12,5.8,6.8,2.47,2.92,3.16,1.28,4.21,4.77,2.36
00-0040169,Tonka Hemingway,LV,EDGE,3.0,0,prior,8.7,8.53,9.27,9.61,12.89,11.4,11.8,7.19,8.05,8.99,4.27,11.54,11.69,10.4,11.05,11.39,3.12,3.11,3.06,5.35,1.68,2.8,3.67,2.27,3.61,4.75,2.72,3.43,2.94,3.96,4.32,4.78,2.0,3.52,7.93,6.62,8.26,10.13,10.05,12.89,5.8,6.8,2.58,2.45,2.27,2.4,3.94,3.04,3.05
00-0038541,Tyree Wilson,LV,EDGE,2.0,788,measured,11.6,9.47,11.07,10.19,12.0,12.58,11.8,11.03,12.84,13.3,7.39,13.71,9.11,13.68,15.98,17.02,2.1,2.6,1.52,3.88,4.35,3.23,2.16,1.28,4.1,3.87,3.29,2.27,3.05,1.58,1.0,4.29,2.38,5.96,14.1,13.43,10.38,8.72,7.8,8.01,5.8,6.8,3.92,4.67,2.79,3.21,3.71,2.3,2.74
00-0034161,Daniel Carlson,LV,K,1.0,78,measured,11.0,9.43,10.35,9.45,9.64,11.66,11.4,10.67,6.95,7.89,13.11,14.55,10.03,17.5,11.05,14.83,2.11,3.59,2.44,2.06,4.47,3.47,2.13,2.34,2.28,1.72,3.07,2.6,4.27,4.5,2.3,2.68,2.04,2.5,2.77,4.48,3.01,4.48,4.39,2.71,3.22,4.35,1.0,2.28,10.97,11.12,3.76,2.86,1.61
00-0039836,Brennan Jackson,LV,LB,2.0,42,prior,8.2,10.92,10.96,14.82,10.67,12.37,11.8,7.06,4.39,2.46,5.48,13.48,12.61,12.99,11.05,11.39,3.0,2.21,4.19,1.89,3.04,2.63,2.7,2.89,2.04,3.39,2.41,1.74,4.29,3.14,3.21,3.85,3.67,2.94,10.63,10.16,6.79,7.35,8.34,12.05,4.37,5.87,1.72,2.2,3.2,3.48,2.72,3.27,3.07
00-0037822,Brian Asamoah II,LV,LB,,105,measured,9.0,13.11,14.57,11.43,10.87,15.42,11.8,6.99,4.63,6.38,7.65,13.03,12.91,12.33,15.3,4.66,2.68,3.13,4.02,3.06,5.16,2.51,2.79,5.85,1.79,2.84,3.46,3.87,3.21,3.29,3.42,4.57,3.06,3.34,9.97,10.2,8.47,8.88,8.36,13.81,4.64,6.14,1.95,3.01,2.75,5.29,1.91,1.95,3.13
00-0040228,Cody Lindenberg,LV,LB,3.0,0,prior,11.4,12.01,12.99,12.58,10.33,13.55,11.8,8.36,5.6,8.6,3.59,12.2,12.75,10.4,11.05,11.39,2.18,2.14,3.92,1.92,3.7,1.24,2.06,3.36,1.92,1.0,2.83,3.32,3.68,3.3,2.4,3.71,1.91,1.7,6.94,6.97,12.48,12.16,12.47,15.41,8.77,10.27,2.24,9.26,4.02,3.23,1.55,2.48,3.34
00-0035707,Devin White,LV,LB,1.0,1194,measured,12.1,16.16,14.71,13.88,11.33,16.0,11.8,12.31,8.16,10.53,10.93,7.12,8.76,4.96,14.39,15.14,2.44,5.2,3.82,4.46,4.24,3.66,3.64,3.4,2.21,2.18,3.5,1.88,3.5,1.92,3.08,3.0,2.4,3.51,13.55,14.68,9.82,10.85,8.84,13.77,13.03,14.53,3.49,7.58,2.74,1.82,3.52,2.24,2.44
00-0032442,Elandon Roberts,LV,LB,1.0,1093,measured,14.8,10.36,10.78,10.24,11.8,12.02,11.8,15.99,11.98,10.49,13.62,12.42,15.03,8.51,15.81,14.28,3.11,2.16,3.62,3.13,3.14,1.28,3.96,4.29,3.76,3.42,4.56,2.43,2.67,1.0,3.53,2.2,3.81,3.47,14.99,13.92,17.88,19.4,18.06,11.79,8.14,9.64,3.68,5.29,3.43,2.5,1.51,2.6,2.26
00-0035697,Germaine Pratt,LV,LB,1.0,1944,measured,13.2,12.51,12.05,13.14,12.46,11.85,11.8,13.04,9.92,10.37,13.31,14.76,10.82,15.23,14.63,14.6,2.85,2.7,3.8,2.45,2.43,4.68,1.86,2.98,4.43,2.37,1.64,3.58,2.51,3.22,2.34,3.03,3.43,2.07,6.34,5.79,10.42,11.94,13.48,16.08,15.71,17.21,3.92,14.84,2.64,2.23,2.75,2.14,3.65
00-0033872,Jamal Adams,LV,LB,2.0,385,measured,9.3,12.5,12.93,14.55,9.0,11.68,11.8,10.97,9.23,3.85,11.83,6.68,17.72,4.04,14.08,4.63,2.07,2.92,2.05,2.77,4.53,3.22,3.84,2.28,1.68,3.06,4.87,3.81,3.22,3.22,2.32,2.53,2.27,3.09,10.51,11.17,5.85,6.95,7.46,12.69,8.23,9.73,2.93,4.15,4.92,3.85,3.7,3.02,3.65
00-0039374,Tommy Eichenberg,LV,LB,2.0,68,prior,8.2,11.94,11.97,13.28,10.58,12.22,11.8,7.24,6.28,3.74,8.01,12.02,7.2,8.13,17.07,5.58,2.43,5.0,2.83,3.62,3.96,1.68,3.73,2.78,3.04,2.49,2.16,4.14,3.95,3.34,3.86,4.05,2.49,4.72,9.55,9.47,7.35,7.37,7.88,12.05,4.46,5.96,3.86,2.39,3.12,2.65,3.56,5.68,1.04
00-0035757,Jacob Bobenmoyer,LV,LS,1.0,1,prior,9.9,10.46,11.32,10.56,9.53,12.39,11.53,11.36,9.11,5.11,12.91,8.28,10.05,17.5,11.05,11.39,3.68,2.85,3.38,1.0,2.17,2.79,2.59,2.45,2.95,4.64,3.63,1.65,4.73,2.78,3.79,1.32,3.42,3.21,2.06,2.75,2.11,4.83,3.59,4.55,2.4,3.35,4.0,2.98,3.28,3.18,3.95,4.46,2.66
00-0034678,Alex Cappa,LV,OG,2.0,2193,measured,11.5,1.0,1.66,2.33,12.46,5.67,11.8,9.76,5.75,12.13,14.5,11.02,11.28,11.93,15.8,14.49,3.04,3.21,2.28,4.36,2.21,2.43,1.98,3.77,2.96,2.0,3.86,1.34,3.31,3.45,3.03,11.04,15.68,2.6,1.44,3.57,3.14,4.06,2.91,2.61,2.9,2.76,2.24,3.51,3.04,4.12,4.28,3.24,4.29
00-0038586,Atonio Mafi,LV,OG,,301,measured,10.5,3.39,4.56,3.2,13.45,7.41,11.8,9.43,6.15,7.45,7.29,12.13,11.89,14.69,11.05,11.39,3.59,1.92,3.39,3.06,4.69,2.97,1.7,4.53,2.45,1.42,3.15,2.46,2.49,3.48,2.92,10.94,11.2,1.38,2.08,1.22,2.69,3.06,2.86,4.82,3.8,3.54,3.92,3.56,3.17,4.25,2.08,2.61,4.84
00-0040150,Caleb Rogers,LV,OG,2.0,0,prior,10.3,5.33,7.47,9.12,13.14,12.2,11.8,8.0,6.88,5.68,6.15,12.81,8.51,10.4,11.05,11.39,2.79,3.17,2.46,3.01,3.9,3.63,3.22,3.99,3.02,4.25,4.23,3.34,1.0,4.45,3.11,9.96,10.17,1.64,3.1,2.52,1.08,3.54,3.36,2.49,2.92,2.9,1.88,3.37,5.03,1.88,2.34,2.5,2.3
00-0037255,Dylan Parham,LV,OG,1.0,1922,measured,12.8,7.6,8.0,5.69,13.49,7.77,11.8,11.01,11.39,9.83,10.16,11.78,8.31,13.59,7.46,18.39,3.17,2.26,3.25,3.47,4.3,4.76,2.48,1.0,2.49,2.55,1.27,3.44,3.97,2.25,2.02,11.55,16.76,3.95,2.78,3.49,1.93,3.22,3.09,3.37,2.22,3.99,1.0,2.69,4.94,2.98,3.13,1.83,2.46
00-0039735,Jackson Powers-Johnson,LV,OG,1.0,880,measured,12.0,4.01,5.41,3.99,13.39,10.44,11.8,9.68,10.4,9.6,8.71,13.34,11.58,8.68,14.5,7.95,5.57,2.92,3.36,2.7,2.8,1.87,1.14,3.69,3.17,3.78,4.56,4.47,2.44,1.68,4.1,15.48,10.43,1.87,2.97,3.58,2.24,2.07,4.65,1.41,2.8,2.19,2.51,2.31,3.45,1.93,1.0,2.07,5.24
00-0040151,Charles Grant,LV,OT,2.0,0,prior,10.4,5.17,6.99,5.93,13.05,9.45,11.8,6.99,5.1,10.95,5.25,9.19,15.06,10.4,11.05,11.39,2.45,3.01,2.13,3.78,4.51,3.33,3.53,1.21,3.41,4.9,4.27,3.66,2.29,2.87,2.27,11.56,10.98,2.44,2.32,1.59,2.94,3.4,3.62,4.05,1.97,3.23,4.19,3.28,2.93,3.27,1.0,3.0,4.62
00-0039349,DJ Glaze,LV,OT,1.0,917,measured,10.7,3.85,5.33,5.64,12.86,6.59,11.8,8.5,7.18,7.73,8.18,12.72,11.49,12.99,11.05,11.39,2.68,4.28,3.08,3.85,3.03,4.14,2.54,3.28,2.74,3.73,4.84,3.27,2.91,4.99,2.96,12.62,11.03,3.48,2.62,1.0,2.23,3.49,1.31,2.19,2.06,3.46,3.96,3.72,3.38,3.67,1.76,4.27,1.0
00-0038923,Dalton Wagner,LV,OT,,0,prior,9.5,2.78,4.39,4.06,10.3,5.65,11.8,8.44,5.03,6.53,7.71,9.6,16.99,10.4,11.05,11.39,3.05,2.61,3.54,2.12,4.11,2.6,1.83,4.1,2.35,3.04,2.93,1.23,2.09,2.41,2.98,9.51,11.66,4.42,3.48,1.95,2.54,4.35,3.77,2.59,4.06,2.32,2.81,2.38,2.95,2.69,2.87,1.0,2.97
00-0034759,Kolton Miller,LV,OT,1.0,1880,measured,13.4,6.67,10.25,9.09,12.46,11.83,11.8,12.28,7.02,14.05,11.88,13.08,7.51,7.71,13.78,8.19,3.49,3.62,1.11,3.67,3.56,3.84,3.53,4.24,4.48,3.82,3.54,4.01,3.82,2.99,3.96,8.0,19.4,4.18,2.67,2.08,3.75,1.39,1.21,3.61,3.62,3.86,2.71,2.29,2.44,2.83,2.68,2.84,3.93
00-0036653,Stone Forsythe,LV,OT,2.0,741,measured,12.8,4.8,5.6,7.86,12.92,7.75,11.8,10.92,10.43,7.76,7.96,6.71,13.7,7.5,5.03,11.39,4.63,3.03,3.37,3.15,4.68,1.98,4.73,3.27,3.57,2.88,3.02,3.9,4.05,2.22,1.63,16.73,12.71,5.56,2.9,2.13,1.82,2.98,2.91,3.25,2.85,3.39,1.38,2.54,2.17,3.85,3.15,4.34,3.02
00-0035190,AJ Cole,LV,P,1.0,101,measured,18.6,7.18,9.13,9.14,9.83,11.54,10.93,15.26,14.67,14.06,13.02,13.96,7.97,17.5,11.05,7.74,2.86,3.98,2.85,4.06,1.9,3.75,2.88,1.28,3.38,4.07,1.83,2.72,3.21,3.08,3.24,3.08,3.36,3.15,2.32,3.28,3.88,3.13,4.44,2.39,2.76,2.77,1.98,3.75,2.38,4.57,20.0,17.29,3.45
00-0038579,Aidan O'Connell,LV,QB,3.0,813,measured,8.9,9.92,10.35,11.64,9.76,10.87,11.8,7.89,8.1,7.86,6.81,11.16,12.33,14.69,11.05,5.91,9.86,6.94,8.14,8.48,7.11,13.15,9.35,13.4,2.14,4.13,3.54,3.39,4.64,2.82,1.88,1.0,2.7,3.32,2.87,3.92,3.34,3.68,3.07,2.79,2.87,2.54,1.92,4.31,3.52,1.0,1.26,2.89,2.74
00-0040222,Cam Miller,LV,QB,,0,prior,7.2,9.68,9.88,12.53,9.76,10.97,11.8,6.49,6.98,5.01,9.53,12.59,12.36,10.4,11.05,11.39,8.83,6.26,7.93,6.76,6.05,7.04,7.12,7.56,4.13,2.59,3.07,2.67,3.17,2.55,2.98,4.36,4.93,3.35,1.92,2.97,2.4,3.52,4.68,1.96,2.78,3.54,3.59,2.63,3.67,1.28,4.35,3.5,4.92
00-0030565,Geno Smith,LV,QB,1.0,1997,measured,14.3,10.38,11.98,9.77,9.76,11.83,11.8,12.16,14.5,10.65,12.64,7.01,13.43,17.5,11.05,6.56,10.78,18.36,16.7,18.5,17.48,9.42,10.72,15.33,1.3,13.61,1.93,2.22,1.71,1.65,2.43,4.69,1.42,4.31,2.83,2.09,2.83,3.85,3.66,2.74,3.35,4.79,2.64,3.13,3.01,4.39,4.1,5.05,2.32
00-0032436,Jeff Driskel,LV,QB,,79,prior,7.6,11.67,12.56,11.01,9.76,11.59,11.8,8.95,6.43,4.08,13.97,10.68,7.77,17.5,11.05,7.74,5.06,5.47,11.44,7.16,5.11,12.0,5.07,5.15,4.81,1.0,3.83,3.27,2.96,2.5,3.24,1.25,3.81,3.78,3.26,4.52,1.9,3.52,3.4,3.46,3.45,3.43,3.67,3.4,2.14,1.0,3.28,3.21,2.96
00-0038102,Kenny Pickett,LV,QB,2.0,890,measured,10.0,10.31,12.4,12.44,9.76,13.36,11.8,9.89,10.12,8.66,8.47,13.03,11.06,8.2,5.55,4.69,14.22,10.36,5.85,9.26,8.95,12.12,10.14,14.01,1.95,4.74,1.13,3.59,3.68,3.61,2.94,2.32,2.82,2.2,5.02,2.71,3.09,2.69,3.01,1.67,2.97,2.52,4.62,3.48,2.61,2.74,2.98,2.0,1.75
00-0040122,Ashton Jeanty,LV,RB,1.0,0,prior,11.0,13.31,13.51,13.33,9.07,13.56,11.8,8.42,7.87,10.53,8.23,16.25,6.64,10.4,11.05,11.39,3.98,3.0,4.29,1.64,4.23,4.11,3.87,16.57,7.92,15.06,5.47,5.79,4.82,11.55,10.28,8.84,9.9,9.84,2.29,3.68,4.18,2.24,1.23,5.08,3.86,4.06,2.81,2.12,3.66,4.24,4.57,2.35,12.96
00-0039244,Chris Collier,LV,RB,,17,prior,8.7,14.52,14.54,12.83,7.94,13.73,11.8,9.09,6.94,5.83,6.71,10.65,14.27,12.99,11.05,11.39,4.16,3.81,2.7,2.44,3.79,4.31,2.99,13.39,5.08,4.82,4.9,7.48,2.66,6.15,6.69,2.03,6.83,3.03,4.09,3.62,4.0,3.41,2.63,1.84,3.41,4.0,2.81,2.32,3.41,2.59,2.43,4.51,12.08
00-0039407,Dylan Laube,LV,RB,4.0,2,prior,8.1,13.48,13.28,17.12,12.0,14.9,11.8,9.9,6.08,7.51,10.13,10.93,10.85,12.99,11.05,11.39,2.71,1.68,1.95,3.14,1.87,2.09,3.1,8.73,4.74,4.74,4.74,5.33,3.04,5.52,5.11,1.73,8.35,2.73,3.36,3.72,4.48,2.52,4.49,3.98,3.6,3.35,3.43,2.74,3.46,3.96,4.34,3.36,13.83
00-0031687,Raheem Mostert,LV,RB,2.0,839,measured,13.2,12.65,12.59,11.19,8.05,12.21,11.8,12.65,11.63,11.37,11.83,16.46,13.96,7.25,7.37,4.11,2.03,4.66,3.53,3.06,2.47,3.02,3.26,7.77,15.28,14.56,15.28,13.31,5.2,4.28,3.3,5.33,11.57,6.33,3.9,3.97,1.0,2.31,3.06,1.56,3.94,4.43,4.93,3.51,4.21,1.84,1.9,2.87,13.23
00-0038040,Zamir White,LV,RB,3.0,311,measured,10.4,16.62,17.43,12.33,9.04,14.34,11.8,10.79,8.96,10.76,6.8,5.07,11.4,7.07,5.84,7.56,3.38,1.71,2.05,2.65,3.04,2.26,3.32,8.35,7.32,7.19,8.1,12.68,2.67,6.1,5.79,1.0,6.66,1.48,3.29,2.67,2.87,2.03,2.2,1.0,3.13,4.16,2.1,3.99,1.9,3.47,4.72,4.04,13.58
00-0038602,Chris Smith II,LV,S,2.0,23,prior,10.1,12.0,12.0,14.5,7.5,12.44,11.8,9.34,8.65,7.17,7.4,8.25,7.57,14.69,11.05,11.39,3.23,3.89,3.61,2.36,3.64,1.99,2.0,3.92,3.27,3.41,3.31,2.93,2.57,2.76,3.63,1.26,2.7,4.3,3.14,2.94,3.12,9.91,7.56,7.58,9.9,10.9,9.11,12.12,1.27,3.63,2.88,2.16,17.73
00-0037512,Isaiah Pola-Mao,LV,S,1.0,987,measured,12.4,14.1,16.23,14.09,8.4,15.63,11.8,11.35,10.79,11.76,7.81,10.62,10.12,15.68,11.05,11.39,4.5,2.73,2.56,1.29,3.52,1.0,3.17,1.0,1.06,3.73,1.92,2.8,3.64,3.8,3.52,1.79,3.75,1.41,3.89,2.09,3.9,6.6,10.49,15.66,12.63,13.63,9.38,12.82,4.08,3.29,2.25,3.73,11.36
00-0036293,Jeremy Chinn,LV,S,1.0,1412,measured,13.6,15.47,17.8,14.23,10.0,18.62,11.8,14.62,11.9,12.12,13.69,7.03,12.46,12.27,15.56,14.64,4.26,2.91,2.78,3.9,2.57,4.25,1.82,1.19,3.41,3.2,1.24,3.86,2.38,1.39,4.36,2.18,3.56,3.03,3.71,3.41,2.24,7.87,14.57,12.32,13.43,14.43,9.86,12.6,2.32,3.51,2.06,1.63,6.67
00-0035244,Lonnie Johnson,LV,S,3.0,166,measured,9.0,13.26,15.48,14.47,7.5,16.32,11.8,11.33,7.78,7.4,8.73,10.57,10.06,5.94,14.48,17.55,2.33,3.3,1.94,3.07,2.91,1.96,3.11,3.63,2.55,3.42,2.15,1.95,1.64,2.28,3.34,3.45,3.31,2.23,2.07,3.21,4.09,9.34,6.69,8.16,7.2,8.2,9.11,8.08,1.69,2.64,1.0,3.62,12.38
00-0034858,Terrell Edmunds,LV,S,,745,measured,10.0,14.81,17.34,14.26,8.75,18.66,11.8,10.77,8.12,8.79,10.35,15.12,10.83,5.14,15.0,4.77,3.56,2.82,2.78,4.85,4.2,2.9,4.37,2.01,2.61,2.05,1.68,2.96,3.07,3.49,4.59,3.68,4.02,2.18,4.01,5.42,3.66,12.16,10.05,10.5,7.07,8.07,9.48,7.42,4.25,2.88,1.32,2.27,11.58
00-0037461,Tristin McCollum,LV,S,2.0,256,measured,10.9,14.12,16.05,14.06,7.76,14.99,11.8,10.91,6.92,8.43,6.82,13.31,12.46,14.69,11.05,11.39,2.17,3.77,1.52,1.62,2.51,1.0,2.89,3.38,2.46,2.59,2.18,3.44,1.86,2.57,4.31,2.06,1.51,2.62,5.29,4.72,3.54,10.02,13.9,12.72,7.93,8.93,9.19,9.09,2.41,2.44,3.54,2.59,16.93
00-0036423,Albert Okwuegbunam,LV,TE,,115,measured,9.2,14.54,13.82,12.05,9.53,12.91,11.8,8.66,3.33,6.81,11.35,12.04,3.2,12.6,14.24,8.02,2.82,1.12,2.06,2.74,3.2,3.14,5.18,16.63,3.52,3.66,7.44,7.72,7.41,6.97,6.05,11.26,10.63,7.97,2.97,2.85,3.05,3.43,2.88,1.9,2.77,4.39,2.9,5.52,5.67,2.02,3.44,3.01,3.72
00-0039338,Brock Bowers,LV,TE,1.0,877,measured,11.8,11.5,12.44,11.81,8.32,13.2,11.8,7.31,10.38,11.59,6.43,8.12,9.68,12.99,11.05,11.39,1.7,2.92,3.37,2.8,2.78,3.53,2.1,18.07,3.79,10.96,14.74,13.01,9.64,19.61,20.0,8.32,4.48,5.04,1.7,2.62,2.16,4.63,3.97,2.61,5.6,3.1,1.0,3.22,2.1,3.3,3.56,4.63,3.84
00-0040488,Carter Runyon,LV,TE,,0,prior,10.4,11.29,12.26,11.85,8.58,13.11,11.8,9.57,7.04,5.99,4.81,4.42,13.83,10.4,11.05,11.39,2.81,2.33,2.31,2.66,2.29,2.9,2.15,13.6,3.11,12.23,16.02,9.46,9.06,9.21,9.72,10.97,10.38,7.69,3.1,4.14,2.29,2.73,2.02,2.8,3.56,3.64,3.3,2.9,4.55,5.11,4.47,1.95,2.58
00-0034365,Ian Thomas,LV,TE,3.0,469,measured,10.6,9.72,12.39,12.6,9.72,14.6,11.8,10.31,6.17,8.14,8.78,12.22,6.73,5.07,18.36,8.32,3.69,3.2,2.9,2.8,2.6,1.0,3.25,15.48,2.24,5.62,9.41,11.6,10.54,9.16,8.64,12.36,11.95,9.07,2.81,4.04,3.64,3.92,2.81,2.8,2.87,2.03,2.76,2.19,1.14,3.67,5.21,4.03,2.48
00-0038590,Justin Shorter,LV,TE,,22,prior,8.4,13.29,15.16,11.77,9.0,15.04,11.8,9.87,2.37,7.49,8.63,7.98,15.45,4.25,17.64,5.05,3.21,2.18,2.21,1.87,1.35,3.9,1.95,17.67,3.23,2.69,6.47,7.38,6.9,5.41,5.42,10.25,10.66,6.97,2.78,5.28,3.79,2.35,3.33,3.36,2.58,2.98,1.12,1.0,2.61,1.49,2.99,4.22,3.16
00-0039066,Michael Mayer,LV,TE,2.0,820,measured,11.6,10.77,11.88,12.19,9.97,12.5,11.8,8.56,7.87,6.86,6.1,11.26,17.28,7.04,4.08,15.42,3.69,2.55,2.88,2.41,3.96,4.18,3.99,16.23,1.2,7.96,11.74,12.6,12.51,11.48,10.2,9.31,15.8,6.02,2.45,1.77,2.65,1.72,3.89,1.29,3.82,3.81,1.27,1.47,4.14,3.5,3.48,1.97,2.62
00-0035602,Alex Bachman,LV,WR,,64,prior,8.7,14.39,14.74,13.57,6.53,14.36,11.8,12.81,6.85,9.12,9.46,11.36,13.34,13.9,11.05,11.39,3.89,2.6,3.18,4.52,2.62,3.67,4.17,8.91,5.53,11.61,10.3,8.63,4.43,4.59,4.14,4.46,3.32,3.17,3.84,2.97,3.46,3.29,1.93,3.2,2.9,2.0,4.66,2.12,1.34,4.76,3.8,4.49,10.29
00-0040581,Dont'e Thornton Jr.,LV,WR,2.0,0,prior,10.5,18.94,18.17,14.21,6.06,13.84,11.8,9.14,9.18,12.23,5.99,17.96,5.58,10.4,11.05,11.39,2.27,2.6,4.56,3.34,4.36,2.41,3.3,8.84,7.4,12.23,10.92,4.56,5.33,8.68,9.07,2.21,3.16,5.27,2.35,2.68,2.68,3.54,3.1,3.79,4.4,4.28,1.88,3.64,4.13,2.1,3.66,3.24,12.58
00-0040729,Jack Bech,LV,WR,2.0,0,prior,9.6,13.81,15.19,15.37,9.5,14.36,11.8,6.74,10.06,9.54,4.97,11.44,10.39,10.4,11.05,11.39,3.48,4.25,4.36,2.61,4.58,2.78,3.62,9.11,7.47,12.04,10.73,4.09,5.28,9.05,9.82,2.9,4.21,4.01,4.31,3.72,1.56,1.47,4.67,3.11,1.58,2.48,3.99,3.41,1.46,3.33,1.46,3.39,10.34
00-0034960,Jakobi Meyers,LV,WR,1.0,1709,measured,12.9,11.56,12.13,13.11,6.5,14.67,11.8,13.38,13.75,11.05,11.2,11.04,10.86,12.13,18.35,16.82,2.93,3.63,2.48,2.29,2.97,2.08,3.79,13.93,9.43,7.52,6.21,15.07,15.35,12.57,12.34,3.47,5.26,2.98,2.88,3.68,3.79,3.22,3.29,4.26,1.37,4.44,2.26,1.55,2.63,4.27,5.3,3.05,12.7
00-0032208,Phillip Dorsett,LV,WR,,220,measured,11.4,16.73,15.2,16.0,6.5,14.16,11.8,13.48,9.65,10.98,10.8,9.52,8.63,7.63,15.27,4.86,2.53,3.8,2.1,2.33,3.71,2.48,2.08,8.65,4.51,6.53,5.22,11.43,6.86,8.62,10.32,5.86,1.87,2.85,4.61,2.87,2.24,3.51,2.59,3.29,1.0,3.87,2.99,3.81,2.95,2.91,3.03,3.36,10.76
00-0038891,Shedrick Jackson,LV,WR,,3,prior,8.1,14.29,14.94,13.56,7.05,14.88,11.8,9.73,9.55,7.9,8.86,8.79,7.9,12.41,11.05,11.39,1.93,3.3,1.0,1.16,2.58,4.83,3.57,11.79,5.04,13.02,11.71,6.16,3.86,3.96,4.15,2.72,3.65,3.27,3.33,3.8,1.92,2.72,2.92,2.08,2.65,3.7,4.1,2.51,3.12,2.68,2.14,1.84,15.71
00-0038563,Tre Tucker,LV,WR,1.0,1139,measured,10.9,16.62,16.44,13.4,7.38,15.97,11.8,10.86,7.04,9.19,9.67,11.09,16.63,14.69,11.05,11.39,4.94,3.26,3.5,2.82,1.9,2.12,1.93,15.17,6.16,8.88,7.57,11.12,8.58,7.37,7.19,4.42,1.84,2.71,2.53,3.79,2.6,3.13,2.96,2.69,2.66,3.42,3.7,2.5,3.96,4.12,5.29,2.89,13.82
00-0036171,Aaron Brewer,MIA,C,1.0,2140,measured,10.1,5.61,6.71,8.78,13.49,9.01,11.8,11.05,6.16,6.15,8.76,10.08,6.93,14.28,14.18,17.65,3.45,4.66,1.23,4.33,3.63,2.77,2.37,2.65,3.84,3.67,3.63,2.61,2.48,4.23,3.36,9.21,9.37,3.51,4.74,4.17,1.0,2.68,2.49,5.21,2.08,1.47,1.0,1.97,2.83,4.46,1.96,1.35,2.83
00-0039485,Andrew Meyer,MIA,C,2.0,0,prior,9.9,4.43,5.89,7.15,12.43,8.6,11.8,7.11,8.47,4.06,5.1,10.74,7.96,10.4,11.05,11.39,3.46,1.53,1.1,2.27,2.52,2.74,3.55,4.33,1.16,4.39,2.92,2.19,4.86,3.09,2.79,10.1,10.75,3.73,1.84,2.26,2.72,3.66,1.0,1.0,1.79,2.13,2.23,2.8,2.14,2.23,3.04,3.13,3.51
00-0033103,Artie Burns,MIA,CB,2.0,210,measured,11.9,14.48,15.02,13.36,6.94,12.21,11.8,12.75,14.03,7.07,11.14,10.69,9.68,4.07,18.91,4.86,5.8,3.52,2.58,3.47,3.69,3.58,3.99,1.44,4.5,2.27,3.51,2.13,5.0,1.99,2.61,2.8,3.27,2.37,1.29,2.29,2.65,8.52,10.53,11.72,10.68,10.68,10.25,12.2,2.15,2.53,2.49,3.11,4.71
00-0039133,Cam Smith,MIA,CB,4.0,135,measured,9.3,15.93,18.04,14.01,6.5,17.31,11.8,8.6,5.12,7.67,6.58,11.83,7.76,14.69,11.05,4.58,2.98,1.71,2.51,3.16,2.61,2.05,2.56,2.01,4.41,2.72,3.18,3.35,2.02,4.72,2.63,3.4,1.77,2.74,3.59,3.47,3.73,5.28,12.29,16.97,5.3,5.3,10.11,5.5,3.93,2.47,2.44,2.66,6.41
00-0034792,Cornell Armstrong,MIA,CB,,158,measured,9.6,14.44,15.09,13.26,6.62,14.42,11.8,13.49,9.78,10.62,10.4,5.92,9.55,12.19,11.05,7.74,3.42,3.42,2.81,3.69,3.82,3.05,3.53,4.93,3.89,3.82,3.31,1.57,3.34,3.44,2.48,3.28,3.36,3.53,2.71,2.46,1.54,6.64,11.43,15.15,6.89,6.89,10.15,6.33,2.93,1.91,3.94,2.7,8.5
00-0038684,Ethan Bonner,MIA,CB,2.0,24,prior,9.1,15.03,15.82,14.04,6.56,15.07,11.8,8.64,7.79,7.97,4.35,7.35,14.77,14.69,11.05,11.39,2.83,2.81,2.84,2.05,2.64,4.26,2.07,3.22,5.68,3.64,2.12,2.8,3.04,3.44,1.97,3.58,2.33,1.69,2.19,3.68,2.39,7.49,11.51,16.13,5.88,5.88,10.13,4.11,2.5,3.06,3.04,3.77,10.79
00-0039483,Isaiah Johnson,MIA,CB,,0,prior,8.3,14.93,15.93,14.53,6.57,15.33,11.8,9.27,9.87,5.81,6.37,17.84,11.78,10.4,11.05,11.39,1.75,2.27,3.04,1.55,1.99,2.5,2.55,2.4,1.92,3.53,2.32,3.7,1.83,5.15,3.92,3.18,1.7,4.31,1.0,2.68,3.12,8.56,12.38,17.36,3.91,3.91,10.13,3.91,4.5,2.97,3.41,4.13,7.26
00-0038039,Jack Jones,MIA,CB,1.0,1454,measured,13.4,14.08,15.16,13.47,6.41,14.76,11.8,11.54,12.87,16.1,10.45,14.78,10.92,7.89,16.86,16.8,2.92,1.13,3.46,3.7,2.81,2.51,2.65,3.37,2.85,1.95,4.07,2.91,3.02,2.39,2.68,2.74,4.75,3.3,3.2,2.57,2.37,12.23,9.84,12.59,13.78,13.78,10.08,14.77,3.21,1.0,4.16,4.07,13.92
00-0039805,Jason Maitre,MIA,CB,3.0,0,prior,8.3,15.09,15.59,13.69,7.09,14.92,11.8,8.32,6.6,4.74,6.46,10.63,10.32,10.4,11.05,11.39,4.08,2.59,3.4,2.36,2.22,4.51,2.92,3.12,1.85,1.43,2.95,2.15,2.19,1.4,1.35,2.49,2.35,3.7,3.69,2.88,3.42,8.56,12.38,17.42,3.91,3.91,10.29,3.91,2.55,3.02,1.76,4.53,7.26
00-0040178,Jason Marshall Jr.,MIA,CB,1.0,0,prior,11.2,14.54,15.58,14.12,7.02,16.11,11.8,10.61,9.77,8.18,8.36,14.63,15.67,10.4,11.05,11.39,2.72,3.31,3.71,2.42,2.9,2.63,2.31,3.12,2.24,3.28,1.98,2.59,2.03,2.86,5.97,4.11,4.7,1.23,3.8,1.47,1.96,9.15,11.51,14.16,9.72,9.72,10.27,7.93,1.1,2.06,2.79,2.58,14.78
00-0039156,Julius Brents,MIA,CB,3.0,390,measured,10.0,13.66,16.83,18.56,6.49,18.84,11.8,9.99,9.87,8.46,5.58,8.9,14.33,7.72,5.12,4.81,1.0,3.34,4.59,2.41,2.44,2.92,2.57,3.29,3.03,4.15,1.37,1.33,2.61,2.85,3.51,2.98,2.83,3.73,1.87,2.29,3.01,4.4,10.94,14.15,6.84,6.84,10.11,7.31,3.64,1.98,3.16,1.97,6.55
00-0037353,Kader Kohou,MIA,CB,4.0,1625,measured,10.4,15.1,15.59,13.67,7.06,14.91,11.8,12.1,7.55,11.48,9.12,5.79,17.25,12.29,7.14,14.07,1.0,4.36,2.31,4.68,2.66,3.33,3.02,4.69,2.99,3.08,3.08,2.31,4.21,2.38,3.02,4.3,1.73,3.32,2.74,1.0,2.58,3.2,8.22,10.85,8.39,8.39,10.28,7.01,2.56,2.56,2.6,3.16,14.72
00-0033551,Rasul Douglas,MIA,CB,2.0,1793,measured,13.7,11.54,12.24,13.01,8.0,12.37,11.8,14.0,12.23,14.69,10.7,14.58,11.53,13.94,15.98,4.77,1.72,2.08,2.42,2.69,4.15,3.17,3.52,4.89,4.21,2.61,2.96,3.35,1.0,3.48,1.66,2.08,1.67,1.17,1.01,2.64,1.69,2.03,9.54,8.66,15.85,15.85,10.56,13.99,1.88,2.39,3.91,2.84,7.86
00-0039481,Storm Duck,MIA,CB,1.0,325,measured,10.7,15.0,15.71,14.12,7.02,15.14,11.8,8.72,11.29,9.77,8.23,16.84,11.65,8.13,16.67,5.91,3.22,4.17,3.39,3.83,2.81,1.47,3.37,2.97,3.09,2.85,1.18,3.02,1.0,3.36,4.47,2.51,2.66,2.28,3.0,2.32,3.4,10.1,12.97,14.43,8.56,8.56,10.27,7.36,1.09,2.03,2.42,1.92,17.81
00-0040304,Alex Huntley,MIA,DT,,0,prior,9.0,6.35,7.72,7.22,12.78,9.79,11.8,5.83,6.69,4.95,5.85,9.62,9.49,10.4,11.05,11.39,3.74,2.92,3.95,2.97,3.34,2.65,3.64,2.07,1.3,3.31,2.15,2.85,3.99,4.14,2.53,1.0,3.79,2.12,8.08,6.89,8.39,8.91,8.59,9.5,2.69,2.91,2.16,2.35,1.15,2.36,1.91,2.58,3.18
00-0035841,Benito Jones,MIA,DT,1.0,938,measured,10.7,3.1,4.54,1.0,14.36,7.04,11.8,10.97,9.27,10.29,8.73,13.73,5.05,15.68,11.05,17.59,3.37,2.77,2.85,3.74,3.76,1.88,2.94,4.33,3.25,2.83,1.82,4.18,3.55,1.38,1.52,3.65,3.77,3.6,10.47,7.59,12.09,11.97,6.72,7.2,3.72,3.3,2.99,2.92,2.87,2.7,4.36,2.72,3.01
00-0040175,Jordan Phillips,MIA,DT,,0,prior,9.8,4.7,6.55,3.26,14.77,10.22,11.8,9.25,7.83,6.49,5.58,9.47,7.73,10.4,11.05,11.39,3.96,3.22,3.58,2.72,2.55,3.77,2.55,3.83,6.36,3.34,2.68,1.88,2.41,3.59,2.97,4.85,4.35,2.44,10.1,7.63,9.37,9.02,8.47,8.98,3.59,2.13,1.85,3.66,2.73,2.44,2.54,3.23,3.85
00-0040127,Kenneth Grant,MIA,DT,2.0,0,prior,9.9,3.15,4.23,3.35,11.33,7.0,11.8,7.8,8.23,7.02,8.76,5.74,11.64,10.4,11.05,11.39,1.79,4.06,2.27,4.15,2.58,5.32,4.24,2.87,2.98,2.87,3.72,2.44,3.57,3.72,1.71,3.37,3.26,3.54,13.29,11.48,10.06,8.11,7.55,10.0,3.33,1.05,2.36,3.41,1.81,2.37,3.09,1.8,2.41
00-0037280,Matthew Butler,MIA,DT,3.0,118,measured,8.0,6.67,8.33,4.3,8.5,11.4,11.8,10.24,5.98,4.5,9.51,10.12,8.38,15.68,11.05,11.39,2.41,3.44,2.28,2.38,4.16,2.73,3.17,1.51,2.12,2.26,3.86,4.93,4.75,2.52,2.1,2.88,2.58,3.18,7.31,7.73,7.99,8.07,8.4,11.74,2.99,1.74,5.48,2.26,2.74,2.89,3.82,2.34,4.31
00-0034285,Zach Sieler,MIA,DT,1.0,1609,measured,14.0,6.21,7.77,7.94,11.81,9.8,11.8,14.48,10.26,12.18,11.02,10.72,6.61,7.97,7.38,7.19,3.63,3.05,3.26,4.69,1.21,3.66,2.29,1.12,4.01,1.08,1.32,5.45,1.0,2.65,3.11,3.3,4.8,2.33,15.64,14.73,15.31,14.95,14.38,6.62,1.44,2.94,2.2,3.04,1.0,2.71,3.46,4.56,3.0
00-0040248,Zeek Biggers,MIA,DT,3.0,0,prior,9.0,4.8,7.2,5.98,12.22,12.42,11.8,10.16,7.23,7.35,7.63,12.32,9.83,10.4,11.05,11.39,4.21,3.26,2.74,3.9,3.33,1.32,2.84,2.19,3.32,4.1,2.54,2.96,2.45,5.05,1.94,2.59,2.59,3.54,8.71,7.18,8.75,8.92,8.58,8.92,2.35,1.24,2.79,2.23,4.96,1.0,1.87,2.8,3.38
00-0034832,Bradley Chubb,MIA,EDGE,1.0,841,measured,14.2,11.12,12.59,9.67,12.46,14.33,11.8,14.53,15.78,12.5,11.49,7.74,14.3,13.61,15.13,4.32,1.11,2.06,3.52,3.7,2.53,2.39,3.61,1.03,2.85,3.41,2.71,4.72,2.21,3.82,1.46,3.28,3.79,4.38,16.37,16.18,12.78,12.79,14.48,11.91,5.8,6.8,2.45,4.71,4.28,2.58,1.89,2.83,3.69
00-0039911,Chop Robinson,MIA,EDGE,1.0,517,measured,11.9,14.77,16.44,12.19,11.17,14.78,11.8,9.24,10.04,11.21,9.15,10.74,14.38,12.99,11.05,11.39,1.68,3.59,3.73,2.89,3.33,4.97,2.14,2.49,3.45,2.22,3.54,2.71,2.5,2.97,2.61,3.22,2.53,3.27,11.21,12.69,11.47,8.94,6.78,13.14,5.8,6.8,2.34,2.74,3.26,3.47,3.28,4.26,1.68
00-0039497,Derrick McLendon,MIA,EDGE,,0,prior,6.5,10.91,12.35,11.36,10.81,13.33,11.8,6.56,3.66,3.67,6.27,10.5,10.55,10.4,11.05,11.39,3.18,1.43,2.51,4.53,1.58,2.73,1.0,2.5,2.47,3.34,2.37,3.56,2.79,4.42,2.68,3.91,3.27,4.56,4.49,4.74,4.62,4.62,3.62,10.76,5.8,6.8,1.74,2.29,3.43,4.61,4.31,2.61,1.99
00-0032415,Matthew Judon,MIA,EDGE,2.0,1082,measured,10.8,8.54,7.78,5.96,15.24,10.92,11.8,11.82,10.93,9.29,11.01,13.58,9.72,7.22,15.05,5.38,2.2,4.71,3.07,2.99,2.19,2.82,4.25,3.15,3.41,1.89,3.53,1.0,3.59,4.2,3.0,3.87,1.24,4.06,11.62,9.49,12.32,12.45,10.11,11.46,5.8,6.8,2.46,5.13,3.68,4.45,3.79,2.31,3.1
00-0035000,Quinton Bell,MIA,EDGE,,260,measured,9.7,10.61,12.05,11.11,10.7,13.04,11.8,11.36,10.0,4.37,9.4,8.39,14.82,15.68,11.05,11.39,1.73,2.12,2.84,3.66,3.74,2.69,2.35,4.34,2.81,3.94,2.32,3.13,5.19,2.89,3.2,2.68,2.07,3.75,7.03,7.21,9.44,13.78,12.79,13.81,5.8,6.8,2.29,3.21,3.3,2.01,5.25,1.77,2.56
00-0035125,Alec Ingold,MIA,FB,1.0,728,measured,9.7,7.73,9.66,10.45,8.0,12.55,11.8,11.19,6.2,5.62,10.8,10.41,13.7,13.62,14.18,17.53,2.73,4.26,4.52,3.0,3.56,1.35,1.29,6.81,2.88,3.48,15.34,8.16,2.5,2.47,1.0,8.63,10.07,9.63,1.84,3.29,3.96,3.65,2.18,2.6,2.09,1.5,1.0,3.95,3.33,1.46,4.2,2.44,2.31
00-0034794,Jason Sanders,MIA,K,2.0,75,measured,15.6,9.71,10.64,9.7,9.64,11.9,12.58,13.09,12.34,14.22,9.9,15.77,10.66,17.5,11.05,7.74,1.54,3.2,3.21,2.96,3.27,1.74,3.05,2.94,2.57,3.54,5.18,3.7,5.0,3.01,2.74,4.3,3.29,1.43,3.38,4.22,3.88,4.75,3.69,3.17,3.46,3.33,3.46,3.2,16.03,15.18,2.57,2.69,5.76
00-0036816,Riley Patterson,MIA,K,1.0,35,measured,12.7,10.35,11.27,10.24,9.64,12.42,10.67,11.51,9.57,10.51,8.89,8.0,9.78,17.5,11.05,14.14,2.16,3.02,3.14,2.44,3.67,2.75,3.97,2.18,3.26,5.53,2.81,1.6,3.59,1.71,3.09,3.47,4.26,1.69,5.09,3.96,4.87,3.41,3.44,4.15,1.44,3.56,1.96,4.9,12.47,12.85,2.9,3.3,4.51
00-0037315,Cameron Goode,MIA,LB,2.0,57,prior,9.4,12.08,13.25,13.33,10.21,13.81,11.8,10.07,5.34,6.06,7.17,14.32,11.34,14.69,11.05,5.58,4.33,3.7,2.43,3.32,2.89,4.68,2.98,4.55,2.62,4.34,3.89,1.52,2.9,3.83,3.11,2.76,2.8,2.78,11.53,11.62,7.86,9.97,9.01,11.73,4.42,5.92,1.0,2.27,4.12,2.76,2.57,2.5,2.46
00-0036934,Jaelan Phillips,MIA,LB,1.0,710,measured,11.5,13.11,14.81,15.45,10.67,15.23,11.8,10.83,11.34,11.18,11.27,13.95,9.18,8.02,15.4,14.52,3.83,2.96,3.75,1.0,4.35,1.95,2.63,3.68,5.24,4.23,3.3,2.64,3.05,4.75,2.16,3.35,3.02,1.96,17.51,18.07,11.54,12.74,9.18,10.59,9.24,10.74,3.0,5.55,4.59,3.92,3.43,3.22,3.17
00-0036409,Jordyn Brooks,MIA,LB,1.0,1912,measured,13.7,13.48,13.19,11.9,11.81,13.24,11.8,11.76,12.01,11.06,11.74,13.5,9.44,11.93,14.18,14.29,4.11,1.36,2.08,2.34,2.63,2.2,2.32,3.87,1.84,3.66,3.81,2.51,3.03,1.96,3.57,2.55,4.79,3.17,12.9,12.92,11.85,13.18,15.1,17.01,12.06,13.56,2.89,10.74,3.67,1.0,1.0,4.59,4.04
00-0036643,K.J. Britt,MIA,LB,2.0,687,measured,10.6,9.87,11.43,10.04,12.46,12.5,11.8,10.24,5.47,7.85,8.54,11.62,14.2,12.52,4.66,14.52,1.79,4.02,4.19,1.98,2.72,5.49,1.92,3.42,3.72,5.67,1.77,4.34,2.38,4.52,2.62,4.36,5.16,3.3,6.7,5.22,11.16,12.64,11.87,11.54,8.07,9.57,3.22,6.65,1.72,1.91,4.14,3.62,3.13
00-0035352,Tyrel Dodson,MIA,LB,1.0,1223,measured,14.2,12.37,12.69,11.65,12.46,13.19,11.8,12.62,10.41,14.01,9.05,12.04,10.42,11.93,14.24,15.42,2.14,4.92,2.56,2.17,2.98,5.28,2.44,1.54,3.39,2.19,2.16,2.47,4.17,1.97,2.12,4.02,3.52,3.14,13.67,13.08,13.63,16.18,16.57,16.17,9.95,11.45,2.21,10.37,3.73,5.95,4.06,3.08,2.12
00-0036362,Willie Gay Jr.,MIA,LB,2.0,905,measured,11.3,15.24,17.67,12.72,10.67,17.96,11.8,10.5,8.77,11.95,9.53,11.97,10.27,12.27,15.23,14.62,2.9,3.39,3.67,4.64,2.86,1.67,3.7,1.93,3.5,2.86,3.5,3.16,3.47,4.9,3.05,2.76,2.44,2.77,10.24,11.28,7.79,8.24,9.9,12.95,14.28,15.78,4.16,12.48,2.43,3.47,1.02,1.0,3.04
00-0032228,Joe Cardona,MIA,LS,1.0,1,prior,14.4,5.98,8.18,9.02,15.24,10.93,12.51,16.46,12.81,15.21,12.25,14.46,12.11,14.35,14.73,5.38,4.04,2.69,2.79,3.39,1.2,3.4,4.44,2.32,2.09,4.36,4.14,1.96,1.16,4.03,2.98,4.3,1.0,2.49,2.43,3.0,4.84,2.33,3.46,3.25,3.96,1.71,1.62,2.7,2.59,2.83,2.7,1.11,3.99
00-0039010,Braeden Daniels,MIA,OG,,0,prior,12.3,6.8,7.8,7.81,13.1,9.99,11.8,9.79,10.76,8.31,7.02,12.16,14.01,10.4,11.05,11.39,1.77,1.82,3.26,5.33,2.09,3.24,1.0,3.56,2.46,3.37,3.6,2.21,4.47,3.67,2.25,16.15,9.46,3.86,1.0,3.93,2.06,1.68,4.16,3.15,2.33,1.3,3.46,4.18,1.64,3.87,2.08,1.37,4.03
00-0033221,Daniel Brunskill,MIA,OG,2.0,1331,measured,10.3,4.48,5.41,2.98,8.5,7.27,11.8,11.21,7.7,6.6,10.13,11.04,10.02,12.3,7.2,7.6,3.18,3.46,1.77,2.54,4.56,2.92,3.02,3.75,1.0,3.43,2.67,1.09,2.53,5.08,1.71,10.19,13.75,2.35,2.83,3.62,2.33,1.48,1.92,2.99,1.4,3.1,2.36,3.53,1.58,4.77,2.47,4.15,5.52
00-0034347,James Daniels,MIA,OG,1.0,1287,measured,14.9,4.44,6.42,10.58,10.67,9.87,11.8,13.6,14.0,11.16,11.41,9.07,12.38,14.31,6.44,11.39,3.25,2.07,2.79,2.22,4.09,1.68,3.01,2.99,2.55,3.52,1.13,1.93,3.05,3.43,2.04,16.91,17.67,3.75,2.02,3.27,5.11,3.36,2.98,4.16,2.89,2.48,2.88,1.98,1.69,3.49,3.68,1.69,3.42
00-0040742,Jonah Savaiinaea,MIA,OG,1.0,0,prior,12.4,7.33,7.47,5.51,13.01,8.81,11.8,8.53,11.2,13.61,9.48,11.69,10.33,10.4,11.05,11.39,2.55,2.87,4.24,2.55,1.0,3.75,2.73,3.6,3.07,4.01,2.73,1.97,1.88,3.14,3.44,16.15,10.68,4.13,3.82,1.0,1.75,3.0,1.39,4.15,2.81,1.95,1.88,1.46,3.83,5.93,2.68,3.64,2.91
00-0040307,Josh Priebe,MIA,OG,,0,prior,11.6,4.4,6.18,5.82,12.91,8.75,11.8,9.56,10.2,10.79,5.62,17.33,10.61,10.4,11.05,11.39,2.3,3.07,3.74,2.6,3.14,2.75,3.74,1.89,3.48,4.02,3.33,2.88,3.15,4.45,2.56,10.77,14.47,3.22,3.33,4.18,3.1,2.9,1.75,1.68,3.23,1.98,3.91,3.65,3.28,3.42,2.83,2.97,3.34
00-0037010,Liam Eichenberg,MIA,OG,2.0,1736,measured,9.6,4.33,5.77,7.94,16.62,7.41,11.8,8.95,7.93,2.72,8.54,5.65,10.69,17.5,11.05,16.55,2.37,2.48,3.42,1.97,2.48,2.52,1.98,3.41,2.84,1.8,3.67,2.94,2.55,2.63,4.06,8.36,7.87,2.53,2.85,3.84,3.22,2.96,2.16,3.98,4.29,4.04,3.37,2.84,1.84,2.07,1.76,1.0,4.05
00-0036248,Austin Jackson,MIA,OT,1.0,1168,measured,13.7,5.73,8.62,4.45,13.85,11.15,11.8,13.25,9.22,11.35,10.7,12.27,9.44,5.04,18.3,16.44,2.83,2.86,2.24,1.46,3.83,2.04,1.89,4.34,2.26,2.71,3.07,2.69,3.41,4.38,2.0,19.4,12.86,3.7,2.27,3.44,4.31,3.87,3.04,1.84,2.95,4.3,1.0,2.27,2.92,3.01,2.94,3.14,4.66
00-0032384,Germain Ifedi,MIA,OT,4.0,501,measured,11.6,1.81,4.73,3.73,12.46,10.3,11.8,11.82,8.15,8.77,10.19,10.99,9.0,15.11,11.05,6.36,3.93,2.23,4.35,3.12,3.14,2.72,1.46,2.66,4.64,1.0,3.26,3.19,3.93,1.53,3.33,13.03,13.37,4.88,4.35,1.85,1.82,2.91,3.24,3.65,1.88,3.63,2.9,3.41,4.68,3.71,2.73,4.08,3.48
00-0031921,Kendall Lamm,MIA,OT,2.0,864,measured,12.8,2.69,4.49,3.75,12.41,7.24,11.8,11.57,11.15,8.71,11.69,11.29,12.17,6.37,6.14,4.97,3.05,3.76,3.77,2.79,2.17,1.35,3.87,1.88,2.67,3.53,2.46,3.83,2.53,2.58,3.12,10.89,18.21,1.64,2.77,3.06,4.11,2.76,1.94,2.44,1.0,2.76,1.0,3.46,1.23,2.7,3.48,2.32,4.12
00-0036839,Kion Smith,MIA,OT,3.0,43,prior,11.6,5.05,7.04,6.19,12.98,9.48,11.8,9.41,7.86,6.53,7.31,11.28,14.85,12.41,11.05,11.39,5.05,2.68,3.53,3.77,4.43,3.24,3.09,4.18,2.14,2.79,4.2,2.73,2.92,2.57,2.37,12.77,12.79,4.32,1.97,1.0,4.95,1.1,3.6,3.58,2.5,3.0,3.22,4.57,4.18,2.62,3.13,2.46,5.21
00-0036905,Larry Borom,MIA,OT,2.0,796,measured,10.0,5.07,5.94,4.05,11.37,9.74,11.8,8.8,3.8,7.25,7.62,10.81,7.39,11.84,17.9,7.95,2.11,2.0,4.06,1.5,2.54,5.48,3.55,1.68,5.15,3.96,2.41,3.76,1.87,1.66,2.4,15.75,7.83,1.81,5.23,3.36,3.02,4.39,3.52,2.66,3.19,3.31,2.04,3.61,4.94,3.89,3.53,3.15,3.46
00-0037440,Obinna Eze,MIA,OT,5.0,0,prior,9.3,4.4,5.6,1.0,9.0,7.87,11.8,8.37,6.5,9.22,7.24,13.08,9.82,10.4,11.05,11.39,5.07,3.35,1.7,1.97,3.25,2.75,5.06,2.49,2.28,2.42,3.09,2.67,2.85,1.03,4.51,9.62,11.98,4.39,3.8,2.22,3.85,2.33,2.04,2.98,2.92,2.44,1.96,2.59,3.34,2.2,3.04,2.7,1.52
00-0039899,Patrick Paul,MIA,OT,1.0,299,measured,9.8,4.93,6.43,5.98,11.83,8.91,11.8,7.42,8.68,6.73,6.86,14.13,7.89,12.99,11.05,11.39,3.72,3.18,1.39,2.47,2.07,2.27,3.34,3.07,2.93,1.95,3.63,3.07,4.31,3.58,3.14,9.57,11.22,1.62,2.69,2.53,2.48,1.0,2.46,3.75,2.94,2.87,3.04,3.57,2.3,4.47,3.18,4.93,4.29
00-0035252,Yodny Cajuste,MIA,OT,3.0,85,prior,12.1,3.99,5.79,4.86,16.16,8.35,11.8,10.97,5.68,9.14,9.23,11.11,11.58,6.27,14.83,13.85,3.47,2.03,3.22,3.12,2.37,3.28,3.48,2.31,4.59,4.06,3.0,1.0,3.61,2.12,3.43,12.75,13.33,2.12,2.63,3.19,4.96,3.62,3.05,2.78,4.97,2.11,1.27,2.71,3.1,2.26,3.31,3.4,5.57
00-0035280,Jake Bailey,MIA,P,1.0,71,measured,8.6,10.39,11.41,9.61,9.83,12.52,12.18,10.86,5.98,3.58,10.38,8.77,11.3,12.24,14.53,16.26,3.4,3.95,3.46,3.06,4.1,2.09,3.12,3.44,3.08,4.01,5.84,3.61,3.88,1.37,3.41,3.85,3.93,2.74,4.57,2.98,3.38,2.47,3.49,1.73,2.04,3.04,2.32,3.8,1.5,2.3,7.41,9.76,3.57
00-0040234,Quinn Ewers,MIA,QB,3.0,0,prior,7.3,9.87,10.22,11.92,9.76,10.9,11.8,6.89,7.01,3.87,6.95,6.37,7.04,10.4,11.05,11.39,8.83,6.26,8.02,6.79,6.05,7.33,7.12,7.56,2.39,2.59,1.98,3.12,3.62,4.71,3.36,3.12,2.84,2.95,2.49,4.11,2.23,4.21,2.67,2.9,2.76,3.12,1.72,3.04,3.06,4.4,1.0,4.85,3.83
00-0036212,Tua Tagovailoa,MIA,QB,1.0,1624,measured,13.6,9.45,9.8,12.35,9.76,10.93,11.8,13.91,14.18,13.06,12.35,9.69,7.31,7.24,13.83,7.05,9.34,14.58,15.17,14.17,13.33,13.64,14.13,12.95,5.08,9.5,2.49,2.91,2.79,1.0,2.41,2.11,2.18,2.75,2.67,3.23,3.05,3.56,3.74,2.45,3.07,2.29,3.01,2.89,5.42,1.99,2.77,4.51,3.75
00-0037013,Zach Wilson,MIA,QB,2.0,656,measured,8.5,9.97,10.29,11.88,9.76,10.9,11.8,8.8,9.16,6.61,7.68,11.35,13.75,6.66,4.16,14.38,15.48,8.76,5.36,6.42,8.83,6.84,8.88,7.26,3.18,4.63,4.53,3.12,2.7,1.62,1.21,2.03,1.0,2.65,3.5,1.76,3.77,3.87,4.62,2.27,3.65,4.49,3.06,1.86,3.26,2.91,3.1,3.25,2.31
00-0034972,Alexander Mattison,MIA,RB,4.0,902,measured,9.6,11.23,14.33,12.4,11.33,14.86,11.8,9.87,7.28,10.51,9.88,13.09,6.36,6.16,17.58,5.47,4.77,3.32,4.8,2.37,2.55,2.56,3.94,13.46,7.83,7.54,9.79,5.65,1.67,7.0,6.58,1.0,3.13,1.0,4.8,2.89,2.81,3.36,2.8,4.03,3.01,2.29,2.87,1.67,2.91,5.08,1.6,3.12,12.21
00-0039040,De'Von Achane,MIA,RB,1.0,833,measured,14.5,18.47,16.62,13.25,7.39,13.1,11.8,12.65,11.5,17.26,6.53,11.92,8.39,14.69,11.05,16.03,3.0,4.07,2.91,3.96,4.53,2.39,3.41,14.04,14.72,15.54,9.02,18.2,2.3,15.22,14.22,12.04,9.66,13.04,1.83,2.71,3.91,2.28,5.61,2.43,3.11,1.35,1.25,1.92,2.38,3.6,2.93,2.5,11.08
00-0035806,JaMycal Hasty,MIA,RB,,192,measured,9.8,12.98,14.08,15.11,7.5,16.21,11.8,11.45,5.22,11.01,6.4,11.42,11.83,12.18,14.79,15.42,4.02,2.83,4.21,2.27,4.7,2.27,3.64,13.92,6.81,5.78,6.86,11.31,3.26,8.44,9.27,3.2,6.89,4.2,2.11,3.24,2.54,1.45,3.41,3.66,1.98,2.33,2.87,3.39,4.32,3.96,2.65,3.09,12.08
00-0039874,Jaylen Wright,MIA,RB,2.0,155,measured,12.2,17.09,18.66,12.7,8.77,17.31,11.8,11.0,11.41,12.71,5.48,10.29,15.45,12.99,11.05,11.39,1.5,1.46,2.99,3.42,3.18,1.0,1.39,10.96,14.62,11.4,7.4,6.69,3.01,2.9,1.81,2.45,5.67,3.45,3.05,1.97,2.63,2.09,3.9,2.66,2.17,2.98,3.73,3.86,1.6,2.64,1.67,3.48,13.99
00-0034115,Jeff Wilson,MIA,RB,,379,measured,11.0,14.13,14.26,11.66,7.5,13.33,11.8,12.09,10.74,9.78,9.85,11.38,10.64,7.19,15.53,7.06,4.32,3.56,2.83,4.2,3.65,5.65,3.39,10.73,11.96,9.02,10.08,9.67,2.52,5.24,4.41,5.47,4.72,6.47,3.55,2.04,1.59,2.89,1.49,5.06,2.6,4.15,1.0,1.3,2.38,1.54,2.95,2.44,13.24
00-0040198,Ollie Gordon II,MIA,RB,3.0,0,prior,9.7,12.18,13.09,11.34,9.57,13.65,11.8,8.38,7.75,9.92,8.2,5.42,10.55,10.4,11.05,11.39,2.64,4.57,3.23,3.56,3.28,4.11,2.82,12.54,7.96,7.14,7.22,12.57,3.8,6.89,6.48,2.18,4.82,3.18,3.12,1.79,2.88,3.26,1.94,2.98,5.14,3.72,3.3,3.21,3.53,2.08,3.15,1.58,9.24
00-0036329,Ashtyn Davis,MIA,S,1.0,383,measured,15.2,13.38,14.62,14.0,7.0,14.4,11.8,14.19,11.53,12.28,10.06,8.96,15.46,7.54,7.1,8.08,1.31,3.77,3.36,4.93,3.41,3.44,3.11,2.48,1.26,4.57,2.47,2.98,1.64,1.0,3.67,1.7,1.66,2.54,1.94,3.99,1.02,12.3,16.07,12.02,16.09,17.09,8.96,17.52,2.23,3.04,2.48,2.87,9.24
00-0040182,Dante Trader Jr.,MIA,S,3.0,0,prior,12.1,13.43,13.01,12.48,6.0,11.45,11.8,10.18,13.14,11.8,5.97,14.24,6.59,10.4,11.05,11.39,3.69,1.53,5.12,3.15,2.83,4.35,4.53,1.83,2.24,2.63,2.91,3.56,2.71,3.72,3.32,3.22,3.01,2.6,3.07,4.23,4.11,10.38,9.98,10.98,12.6,13.6,8.66,13.61,4.23,3.26,1.89,4.25,13.71
00-0034248,Elijah Campbell,MIA,S,2.0,179,measured,8.0,12.82,13.43,13.76,7.25,13.33,11.8,9.09,5.48,1.65,10.97,13.96,11.31,8.73,17.31,15.15,1.76,2.22,1.89,3.44,2.35,3.11,2.32,3.47,2.46,1.37,2.14,2.37,4.97,1.45,1.53,2.21,3.48,2.54,4.78,4.11,1.98,6.65,8.11,9.6,5.22,6.22,9.03,6.8,3.25,1.0,2.0,3.23,16.09
00-0036993,Ifeatu Melifonwu,MIA,S,2.0,424,measured,12.4,14.77,17.43,12.97,8.0,18.84,11.8,10.22,13.24,10.99,8.0,7.35,11.16,4.81,4.54,14.03,3.88,2.67,4.24,2.64,3.64,3.33,2.58,4.0,3.03,2.77,3.64,2.93,2.6,4.17,2.5,4.47,3.19,3.56,2.09,2.8,1.54,13.85,13.57,10.12,11.07,12.07,9.26,13.11,2.59,2.79,3.17,3.92,13.55
00-0040310,John Saunders Jr.,MIA,S,,0,prior,11.7,13.66,15.18,14.29,8.47,15.33,11.8,10.05,7.81,10.44,4.96,15.12,8.64,10.4,11.05,11.39,3.31,3.08,2.93,3.49,5.93,1.52,3.2,3.49,1.4,3.33,4.55,4.04,1.91,2.32,3.94,2.4,4.46,4.29,3.52,4.01,3.39,9.47,9.39,12.2,11.91,12.91,9.4,12.99,3.79,1.96,4.09,3.86,15.36
00-0039480,Jordan Colbert,MIA,S,,0,prior,9.7,13.57,15.06,14.34,8.74,15.54,11.8,7.77,9.68,11.07,7.96,10.68,16.12,10.4,11.05,11.39,2.13,4.14,2.96,3.07,2.66,4.42,3.49,2.67,3.78,3.6,3.57,3.92,1.22,4.49,2.66,3.87,2.54,3.06,2.57,2.63,1.75,8.44,4.92,8.15,10.73,11.73,9.48,10.09,1.3,2.67,3.79,2.95,17.98
00-0034789,Minkah Fitzpatrick,MIA,S,1.0,1743,measured,12.4,14.98,14.68,14.1,7.0,12.92,11.8,13.34,10.75,9.99,9.42,18.06,7.48,8.26,4.59,7.57,2.65,2.53,3.08,3.17,3.72,2.28,4.39,4.27,4.54,3.94,2.06,3.44,3.86,1.36,3.41,3.05,2.83,1.47,2.92,2.36,3.51,6.78,12.44,15.27,10.62,11.62,8.96,13.67,3.09,2.61,3.56,2.26,2.27
00-0031610,Darren Waller,MIA,TE,1.0,511,measured,11.5,13.63,14.23,11.71,6.0,14.49,11.8,13.45,9.43,6.81,13.61,8.36,7.46,6.39,7.38,14.53,2.27,1.0,2.22,4.13,1.29,3.49,3.81,7.55,2.29,5.43,9.21,13.83,11.95,14.13,15.78,10.92,8.33,7.64,3.63,2.88,3.4,2.64,2.83,4.32,2.39,3.26,3.76,2.16,4.26,2.36,2.72,3.5,2.78
00-0037252,Greg Dulcich,MIA,TE,,364,measured,9.5,10.92,12.95,12.44,8.0,13.72,11.8,9.82,6.63,5.54,8.69,3.23,9.96,5.43,7.67,14.83,4.21,4.92,3.43,5.04,2.34,3.89,3.73,17.07,2.64,5.31,9.09,9.43,8.91,9.98,9.69,11.36,7.03,8.08,3.29,3.21,3.55,1.85,1.87,1.62,1.9,4.51,3.1,2.04,1.94,2.17,1.94,1.49,2.77
00-0039489,Hayden Rucci,MIA,TE,,0,prior,7.8,10.6,11.78,12.03,9.44,12.92,11.8,6.77,5.24,6.13,4.85,17.69,8.21,10.4,11.05,11.39,2.32,4.28,2.92,2.45,3.08,3.19,3.77,18.41,3.93,2.04,5.83,6.3,6.8,5.32,5.33,9.37,10.68,6.08,3.86,2.76,4.22,2.56,1.68,2.06,2.62,3.3,2.96,4.08,2.5,4.59,3.32,3.41,3.44
00-0040301,Jalin Conyers,MIA,TE,4.0,0,prior,10.4,10.15,12.32,14.08,9.97,14.34,11.8,7.15,4.0,6.49,7.71,9.37,7.06,10.4,11.05,11.39,2.23,3.32,1.52,3.27,1.0,3.78,2.32,13.6,3.01,12.23,16.02,9.46,9.06,9.21,9.72,10.97,10.38,7.69,2.55,2.16,3.18,2.66,3.67,3.19,1.17,4.42,1.26,4.97,1.21,2.45,3.91,3.66,3.29
00-0038720,Julian Hill,MIA,TE,2.0,675,measured,10.5,10.74,11.91,12.01,9.28,13.0,11.8,8.77,5.65,5.95,7.06,12.88,7.11,13.68,15.38,6.56,2.6,2.13,2.73,3.96,4.27,1.77,2.5,5.41,3.08,13.67,17.46,10.53,14.55,8.56,9.77,9.0,8.64,5.71,3.82,2.52,2.69,6.06,3.35,4.78,2.74,3.37,1.0,3.14,3.85,2.02,2.2,2.72,2.91
00-0037348,Tanner Conner,MIA,TE,3.0,44,prior,8.6,11.76,12.6,11.74,7.99,13.25,11.8,8.15,4.82,6.77,9.32,13.3,10.23,15.68,11.05,14.56,3.71,1.73,3.51,1.71,2.05,3.04,5.36,15.75,2.8,2.75,6.54,7.31,7.1,7.32,5.49,10.56,10.81,7.28,2.31,4.16,4.42,5.1,1.32,2.8,5.48,4.29,2.3,4.92,1.0,2.16,3.09,3.67,4.65
00-0040302,A.J. Henning,MIA,WR,,0,prior,9.8,14.84,14.98,13.46,7.26,14.89,11.8,10.51,9.33,11.31,5.37,11.86,8.26,10.4,11.05,11.39,3.86,3.2,2.53,4.37,2.67,2.5,4.16,7.11,7.71,12.37,11.07,6.32,6.75,8.0,8.16,4.62,3.35,3.3,1.99,4.65,3.09,1.98,3.0,4.09,3.7,3.03,4.49,1.91,4.47,4.1,1.29,3.32,9.3
00-0036620,Dee Eskridge,MIA,WR,2.0,111,measured,10.0,16.94,16.53,14.42,7.42,14.31,11.8,12.0,9.78,10.08,8.6,7.12,8.7,4.08,4.79,4.84,2.98,3.86,2.01,2.86,1.28,3.0,3.01,10.4,7.74,12.58,11.27,6.19,4.26,7.79,8.14,3.09,3.69,3.46,1.92,3.24,1.82,2.84,2.64,1.59,3.41,3.0,3.4,3.13,1.97,5.08,4.55,5.88,16.58
00-0036613,Jaylen Waddle,MIA,WR,1.0,1458,measured,13.8,15.22,15.24,13.94,6.58,14.69,11.8,11.37,11.85,13.81,10.49,11.3,7.1,12.12,17.91,7.28,2.16,1.7,3.79,2.25,2.66,1.78,2.07,17.42,14.0,15.04,13.73,12.09,13.08,15.0,11.91,1.92,3.01,2.39,3.07,2.5,3.18,2.84,2.22,3.1,3.65,1.7,1.41,3.75,4.79,3.53,1.02,3.06,11.49
00-0039880,Malik Washington,MIA,WR,1.0,379,measured,11.7,15.01,16.07,12.96,9.5,18.43,11.8,10.35,12.3,7.42,8.45,10.9,9.65,8.13,4.85,15.42,4.1,3.65,2.9,2.97,4.09,1.15,3.34,16.37,8.72,12.55,11.24,9.04,6.41,10.96,13.37,2.06,2.63,1.0,3.36,3.51,2.91,1.84,2.71,2.44,3.59,1.82,3.4,1.57,2.51,1.4,3.14,3.84,17.26
00-0036182,Nick Westbrook-Ikhine,MIA,WR,2.0,1437,measured,10.0,13.62,14.52,12.99,7.63,14.94,11.8,10.23,7.57,10.94,8.72,12.22,10.92,17.5,11.05,13.99,2.52,2.96,2.79,4.07,4.36,3.86,2.56,7.94,9.19,13.17,11.87,7.03,11.23,7.27,7.77,3.94,2.63,4.02,3.3,6.08,3.31,1.86,3.01,2.21,3.94,1.7,3.46,4.64,5.9,1.85,2.5,4.99,9.92
00-0039884,Tahj Washington,MIA,WR,2.0,0,prior,7.8,15.48,15.34,14.28,6.1,14.15,11.8,7.8,5.22,5.92,6.4,12.63,7.83,10.4,11.05,11.39,2.74,2.49,4.32,1.0,2.56,3.77,3.99,18.7,4.0,13.43,12.12,3.81,3.81,3.84,3.84,3.5,1.72,3.91,3.36,3.01,2.66,2.96,3.36,1.34,4.37,3.01,3.37,2.61,3.28,4.09,1.35,3.47,17.59
00-0040311,Theo Wease Jr.,MIA,WR,,0,prior,9.4,13.11,12.84,13.86,6.61,11.45,11.8,8.92,8.35,6.54,5.91,5.65,9.84,10.4,11.05,11.39,2.85,3.74,3.08,3.65,1.31,2.91,3.5,7.11,7.71,12.37,11.07,6.32,6.75,8.0,8.16,5.66,1.05,3.5,3.1,1.0,2.06,3.57,2.95,3.25,2.56,2.59,2.72,5.65,3.21,1.0,1.53,3.77,8.61
00-0033040,Tyreek Hill,MIA,WR,1.0,1608,measured,16.0,13.97,13.95,12.74,6.78,13.76,11.8,15.37,17.34,12.08,13.08,11.33,10.5,7.27,5.47,18.36,2.72,3.03,2.95,2.74,2.71,4.59,1.72,13.61,13.11,8.04,6.73,17.33,15.22,18.51,19.12,1.73,1.77,2.99,3.52,1.99,3.34,4.67,3.48,1.36,3.06,2.48,2.51,4.85,3.38,2.67,3.79,3.55,14.16
00-0039419,Michael Jurgens,MIN,C,2.0,0,prior,10.2,3.9,5.57,6.5,12.35,8.38,11.8,9.31,4.33,8.53,6.86,10.86,13.62,12.99,11.05,11.39,2.5,5.11,2.14,4.92,3.21,2.38,4.0,4.05,3.39,4.43,3.17,2.23,3.74,1.0,3.24,10.1,10.88,2.32,3.05,1.49,3.51,4.09,2.81,2.37,3.66,3.14,3.89,2.54,3.61,2.69,2.7,2.76,2.59
00-0032383,Ryan Kelly,MIN,C,1.0,1599,measured,14.4,4.77,4.84,6.29,13.39,7.64,11.8,13.33,12.52,8.56,11.95,13.68,14.68,12.52,7.58,4.38,2.37,3.85,3.9,2.1,2.07,3.34,3.16,2.03,3.87,3.03,1.0,3.07,2.79,2.34,3.98,15.49,17.08,4.54,2.73,1.95,3.05,1.69,2.15,3.98,3.58,2.97,2.92,1.92,3.97,2.55,2.1,4.33,1.44
00-0040497,Zeke Correll,MIN,C,3.0,0,prior,10.6,4.4,5.84,7.07,12.18,8.61,11.8,10.24,5.58,6.01,5.87,12.77,12.13,10.4,11.05,11.39,3.26,2.8,1.94,1.4,1.93,4.08,5.57,2.3,2.24,2.9,4.55,2.36,3.87,4.47,1.45,10.96,10.89,1.84,2.08,2.34,4.54,3.49,3.12,2.42,1.69,1.95,2.42,3.36,4.44,2.08,2.98,3.63,2.39
00-0035236,Byron Murphy,MIN,CB,1.0,1826,measured,15.2,13.29,13.68,13.83,7.0,14.86,11.8,13.66,11.34,13.43,11.65,5.21,10.21,8.17,4.45,15.07,3.29,4.58,3.89,2.35,4.78,2.83,1.41,3.23,3.9,3.25,2.82,2.29,3.25,1.75,3.7,3.36,3.8,2.67,4.39,4.3,1.08,4.64,7.16,10.83,17.85,17.85,10.26,17.38,2.13,3.87,2.04,1.76,7.59
00-0039714,Dwight McGlothern,MIN,CB,2.0,19,prior,8.8,15.01,13.36,14.11,6.3,11.85,11.8,7.72,6.64,7.98,6.58,10.59,11.06,12.99,11.05,11.39,3.76,3.07,3.41,1.56,3.87,3.67,3.31,3.21,2.56,1.88,2.15,4.84,1.0,1.01,2.21,2.79,3.0,1.12,2.52,1.26,2.49,7.38,11.17,16.62,5.56,5.56,10.05,4.05,2.76,2.21,2.0,2.74,11.16
00-0033918,Fabian Moreau,MIN,CB,,897,measured,11.0,16.68,17.85,14.36,7.13,16.35,11.8,10.79,10.12,12.2,10.76,10.59,14.12,5.02,7.52,6.41,3.54,2.06,1.47,2.9,4.56,1.34,2.08,3.05,2.04,6.36,3.56,3.2,2.74,3.23,3.5,2.54,2.5,2.81,1.92,3.75,2.75,1.0,6.89,14.98,8.52,8.52,10.3,8.61,3.07,2.91,2.4,2.46,6.99
00-0036222,Isaiah Rodgers,MIN,CB,1.0,488,measured,13.4,15.17,15.65,13.37,6.6,14.72,11.8,13.21,13.84,11.5,8.78,14.86,9.56,12.35,15.35,8.03,3.98,1.88,2.61,2.1,3.48,2.53,3.65,3.75,3.91,5.16,1.32,2.55,2.66,2.93,2.12,2.07,1.68,5.17,3.46,1.89,1.86,9.89,10.24,11.68,14.61,14.61,10.14,8.9,3.16,2.68,2.77,2.95,14.02
00-0036274,Jeff Okudah,MIN,CB,2.0,781,measured,11.2,14.77,17.43,14.22,5.5,18.62,11.8,11.76,10.96,6.45,9.53,13.1,16.64,4.56,15.66,5.51,2.97,3.86,2.22,2.24,3.29,4.28,2.79,1.15,1.49,2.77,3.18,2.01,1.0,1.77,4.17,3.04,4.57,2.67,3.25,4.47,2.91,9.86,12.13,13.51,8.3,8.3,9.81,13.16,3.19,3.29,2.27,3.66,3.09
00-0034488,Tavierre Thomas,MIN,CB,1.0,442,measured,10.7,14.54,15.01,13.57,7.55,14.7,11.8,12.11,8.78,14.28,10.47,13.41,15.8,8.32,7.52,11.39,2.62,1.0,2.55,2.62,3.5,3.13,1.88,3.91,3.94,2.8,1.0,3.34,3.64,2.85,1.93,1.44,3.67,2.76,1.88,2.99,1.57,9.16,14.65,13.92,8.48,8.48,10.43,8.3,2.96,3.76,4.17,3.81,14.9
00-0040507,Zemaiah Vaughn,MIN,CB,,0,prior,8.9,15.01,15.99,14.2,6.08,15.12,11.8,8.85,7.75,7.58,6.57,11.99,7.68,10.4,11.05,11.39,2.27,4.02,3.67,2.06,4.04,4.02,2.85,3.27,3.37,4.1,2.98,2.31,2.11,3.15,3.8,2.86,2.91,3.75,3.56,1.38,2.18,7.23,12.31,15.23,5.24,5.24,9.99,4.53,3.85,2.92,3.27,3.53,14.19
00-0040508,Alex Williams,MIN,DT,2.0,0,prior,7.7,6.8,8.43,8.79,11.24,10.27,11.8,8.04,5.49,4.54,5.94,9.52,11.2,10.4,11.05,11.39,3.6,4.11,2.88,4.02,3.07,2.68,1.79,2.7,2.9,1.89,1.47,3.84,2.07,1.85,1.91,3.47,2.79,1.88,6.72,6.22,6.51,7.47,8.09,10.99,3.31,3.12,2.82,1.0,2.87,2.09,4.22,2.52,1.82
00-0040624,Elijah Williams,MIN,DT,3.0,0,prior,9.1,8.53,10.18,9.29,12.86,12.21,11.8,7.15,5.51,6.02,6.05,8.84,15.46,10.4,11.05,11.39,4.04,5.03,3.86,2.98,2.4,3.45,2.61,4.64,2.65,3.68,2.89,4.09,3.51,2.02,4.77,3.3,2.59,1.84,7.72,7.26,8.39,8.91,8.59,10.37,3.9,2.61,3.16,1.81,1.67,4.43,1.86,3.35,4.22
00-0038778,Jalen Redmond,MIN,DT,1.0,189,measured,12.3,9.2,10.6,9.77,13.85,13.09,11.8,9.97,6.84,13.31,9.34,10.37,12.74,7.76,15.46,11.39,3.6,2.68,3.49,4.75,4.28,3.69,2.35,2.38,1.64,2.51,3.42,2.55,1.69,1.95,2.5,3.72,3.31,1.82,10.72,10.15,12.68,13.49,13.32,12.62,3.58,2.62,2.02,3.34,2.0,1.35,3.04,1.82,1.34
00-0033109,Javon Hargrave,MIN,DT,1.0,806,measured,13.8,6.0,6.6,3.6,14.77,10.84,11.8,14.49,11.5,14.25,11.53,14.29,9.52,4.56,18.51,16.55,1.37,2.51,3.87,3.24,4.23,3.93,4.1,3.24,3.44,3.49,4.0,3.51,2.42,3.02,2.4,2.91,2.03,1.82,16.36,14.41,14.23,12.72,13.95,7.64,2.04,2.59,4.59,3.99,3.88,2.99,4.2,3.84,3.88
00-0033523,Jonathan Allen,MIN,DT,1.0,1191,measured,14.3,5.74,6.61,7.9,10.67,8.73,11.8,13.38,10.62,13.34,13.61,7.79,11.76,5.44,18.68,15.09,3.94,1.56,2.7,3.0,2.27,2.68,3.07,2.24,2.28,1.7,4.85,3.08,2.97,3.89,1.79,4.1,3.23,3.01,15.97,15.31,16.5,16.17,14.02,5.95,2.17,3.75,2.7,4.28,4.58,3.51,3.37,2.97,2.39
00-0035073,Jonathan Harris,MIN,DT,,547,measured,10.7,6.17,7.63,7.47,12.34,9.68,11.8,10.88,10.49,7.63,8.99,13.16,9.72,12.13,7.18,11.39,2.88,2.38,3.16,3.8,3.44,3.59,4.42,1.01,3.37,1.56,4.11,3.29,3.84,1.21,3.29,3.96,3.17,3.33,7.89,6.79,10.66,13.44,14.49,9.0,2.95,1.0,3.05,3.1,2.14,4.12,2.94,3.46,2.35
00-0039421,Levi Drake Rodriguez,MIN,DT,2.0,7,prior,6.3,7.03,8.29,7.27,13.5,10.57,11.8,7.71,8.37,3.99,5.19,10.01,12.55,12.99,11.05,11.39,3.52,2.39,3.29,3.71,5.57,2.2,3.3,3.0,2.33,3.19,2.2,1.78,3.82,2.06,1.83,3.22,2.65,4.01,4.67,3.47,4.82,5.17,4.13,12.95,5.1,5.83,3.33,2.91,3.32,3.91,2.3,2.27,3.65
00-0039720,Taki Taimani,MIN,DT,,64,prior,7.6,3.99,4.94,3.51,14.38,7.7,11.8,8.02,5.77,5.73,6.32,9.08,12.75,5.61,16.67,11.39,2.36,2.59,4.41,2.68,2.29,3.46,1.2,3.79,3.67,2.4,2.3,3.24,2.85,4.52,3.65,3.33,3.4,2.76,6.86,4.29,6.66,7.22,5.96,11.05,3.23,1.12,3.6,3.19,3.81,2.79,2.9,2.41,2.96
00-0040173,Tyrion Ingram-Dawkins,MIN,DT,2.0,0,prior,8.9,8.53,12.26,11.07,12.16,15.09,11.8,9.07,6.2,9.45,5.37,6.91,9.59,10.4,11.05,11.39,2.68,3.0,1.64,3.47,2.79,4.45,1.81,2.33,2.49,1.02,1.58,1.68,3.02,2.39,2.23,4.09,1.0,2.28,8.19,7.98,7.61,7.63,7.81,11.73,2.44,1.0,3.34,2.71,1.88,2.48,3.65,2.05,2.81
00-0035272,Andrew Van Ginkel,MIN,EDGE,1.0,1456,measured,13.3,11.2,12.96,14.94,8.5,15.43,11.8,12.31,9.48,10.12,11.42,15.71,8.48,17.5,11.05,18.21,3.98,3.86,3.68,2.85,4.13,1.57,2.69,2.58,3.53,2.15,1.97,3.53,2.21,2.97,1.59,1.52,3.91,2.75,12.79,13.95,14.54,14.8,16.5,14.68,5.8,6.8,2.18,4.27,1.0,3.74,2.69,4.78,3.7
00-0039718,Bo Richter,MIN,EDGE,3.0,29,prior,7.1,11.05,12.11,10.85,11.79,13.3,11.8,9.29,8.67,1.24,5.75,6.06,8.2,12.99,11.05,11.39,3.52,4.53,1.4,2.01,4.4,2.3,2.95,2.84,2.97,3.01,2.98,2.18,4.25,2.07,3.64,3.76,1.88,3.37,4.69,4.64,5.14,7.43,6.46,13.46,5.8,6.8,2.95,1.69,3.13,1.23,2.27,2.32,1.0
00-0040496,Chaz Chambliss,MIN,EDGE,4.0,0,prior,8.9,11.05,12.11,10.85,11.79,13.3,11.8,10.41,5.44,6.55,8.21,5.06,10.25,10.4,11.05,11.39,4.17,3.91,1.6,2.22,3.88,3.21,3.64,2.12,3.72,1.86,3.01,2.09,2.39,1.37,2.08,3.47,3.83,4.37,6.94,6.89,7.32,9.74,11.31,14.01,5.8,6.8,3.76,2.92,2.43,3.93,2.59,3.14,3.3
00-0039924,Dallas Turner,MIN,EDGE,2.0,284,measured,10.6,15.24,16.44,11.29,11.06,17.7,11.8,8.52,7.26,8.99,5.17,11.33,11.17,12.22,15.98,11.39,1.0,4.55,3.59,3.26,4.21,4.37,2.69,2.46,3.15,3.52,3.26,2.8,3.94,2.94,3.59,3.83,2.97,3.03,9.53,11.21,8.4,6.7,5.46,12.48,5.8,6.8,2.72,3.09,2.98,3.5,2.57,2.76,2.0
00-0039715,Gabriel Murphy,MIN,EDGE,,32,prior,7.2,11.08,13.27,10.41,12.92,16.7,11.8,6.17,2.89,9.74,4.69,11.77,12.15,4.43,15.98,4.46,2.08,4.71,3.1,3.52,2.22,2.48,3.84,1.97,2.4,3.8,3.28,2.67,3.31,3.44,3.75,2.14,1.53,2.33,4.99,4.56,5.15,6.74,4.74,12.72,5.8,6.8,4.1,2.67,5.8,1.73,4.13,2.03,3.7
00-0036224,Jonathan Greenard,MIN,EDGE,1.0,1371,measured,13.9,8.3,9.35,11.93,11.33,10.42,11.8,12.53,9.66,13.86,10.7,12.36,12.1,8.4,13.73,6.46,2.39,2.33,1.78,1.48,2.16,2.16,3.67,3.35,2.08,5.05,3.16,2.11,2.45,1.56,2.64,2.98,1.16,4.9,15.35,14.51,16.4,16.68,15.79,8.24,5.8,6.8,3.32,1.86,2.82,3.58,3.28,1.92,3.11
00-0040492,Tyler Batty,MIN,EDGE,2.0,0,prior,8.8,9.6,11.8,10.11,13.85,13.44,11.8,7.93,5.56,6.74,6.88,8.9,14.65,10.4,11.05,11.39,2.9,1.73,2.8,3.99,1.31,3.28,1.98,1.93,1.77,2.63,1.82,4.15,1.68,2.18,3.62,1.0,3.51,3.47,8.39,7.11,6.04,7.73,10.6,12.39,5.8,6.8,3.03,3.95,3.64,1.8,1.99,3.16,3.19
00-0032918,C.J. Ham,MIN,FB,1.0,421,measured,13.7,8.9,9.82,9.02,9.64,11.2,11.8,10.9,8.42,12.38,13.98,11.77,9.43,17.5,11.05,15.0,3.2,2.79,4.62,2.24,3.18,3.85,2.37,10.69,2.64,9.23,9.84,12.06,2.89,3.31,3.93,16.08,8.68,17.1,3.33,2.74,3.27,3.26,3.82,2.27,4.61,2.97,3.56,4.42,3.76,2.17,2.37,4.1,2.82
00-0039404,Will Reichard,MIN,K,1.0,30,measured,10.1,10.35,11.27,10.24,9.64,12.42,10.85,9.21,5.06,9.51,9.69,16.96,12.75,12.99,11.05,15.42,2.56,3.59,2.68,2.36,5.04,3.0,3.12,1.92,2.63,1.97,2.5,3.26,3.61,3.64,1.79,2.48,4.2,3.74,2.7,1.0,2.67,3.94,1.72,1.55,4.12,2.78,2.87,2.09,10.02,10.24,2.78,3.82,2.4
00-0040501,Austin Keys,MIN,LB,3.0,0,prior,11.7,11.81,12.81,13.05,11.08,13.67,11.8,8.43,9.5,6.15,7.06,9.72,13.49,10.4,11.05,11.39,2.92,2.67,2.31,4.21,3.12,4.28,3.15,2.91,1.0,2.27,2.5,2.11,3.33,3.57,4.12,4.21,2.21,3.46,7.1,6.79,13.17,12.69,13.24,15.39,8.96,10.46,3.93,9.27,2.02,4.1,2.54,2.99,4.96
00-0035276,Blake Cashman,MIN,LB,1.0,1324,measured,16.5,13.89,14.75,14.9,9.0,15.59,11.8,11.83,15.76,13.0,11.55,13.35,9.17,7.01,5.25,14.49,2.2,2.67,3.75,1.27,4.69,1.0,2.69,3.21,2.81,2.24,4.44,1.0,4.0,4.35,4.3,3.24,3.12,3.33,13.69,14.84,18.46,19.3,16.43,16.71,17.36,18.86,2.72,10.86,3.87,4.01,3.57,3.7,3.31
00-0033336,Eric Wilson,MIN,LB,2.0,611,measured,13.4,10.93,11.71,10.98,10.44,12.47,11.8,12.63,8.77,9.75,9.79,14.18,11.97,17.5,11.05,11.39,4.19,3.25,3.72,3.94,3.53,3.25,3.17,4.43,1.01,3.63,2.9,3.43,4.16,2.54,3.24,1.37,2.83,3.28,14.56,14.16,16.25,15.94,10.87,15.82,11.17,12.67,2.74,6.59,3.03,2.55,2.02,3.18,2.84
00-0038807,Ivan Pace Jr.,MIN,LB,1.0,842,measured,15.2,11.46,11.67,10.73,12.03,12.73,11.8,11.85,8.47,11.23,9.21,11.82,13.94,7.58,7.09,18.03,2.1,3.63,2.56,2.68,3.48,2.57,3.3,4.66,3.42,1.0,1.79,1.47,2.23,2.38,4.06,2.56,5.07,2.73,16.56,15.9,13.41,16.71,18.96,16.71,11.91,13.41,3.61,7.7,3.95,1.53,2.89,3.94,2.62
00-0040214,Kobe King,MIN,LB,2.0,0,prior,10.7,11.65,12.46,12.54,11.58,13.47,11.8,7.79,7.51,6.06,4.92,14.99,14.43,10.4,11.05,11.39,1.88,5.17,1.61,2.06,1.76,2.53,2.85,2.86,1.39,2.16,2.83,2.1,3.35,2.61,4.37,3.72,1.47,2.94,7.22,6.69,10.8,11.77,11.83,13.46,8.95,10.45,1.85,5.98,2.84,3.54,2.46,3.82,3.21
00-0029714,Andrew DePaola,MIN,LS,1.0,2,prior,10.0,7.02,7.87,7.61,9.53,9.46,13.94,12.34,8.7,12.57,16.12,6.99,10.44,17.5,11.05,15.42,3.53,4.03,4.24,4.42,5.3,3.79,1.95,4.01,2.71,3.54,2.06,3.75,1.62,1.98,3.44,1.95,3.74,3.44,3.03,3.63,3.11,3.2,1.86,1.58,1.43,1.65,3.35,2.93,3.22,3.87,2.7,1.03,2.57
00-0036347,Blake Brandel,MIN,OG,2.0,1233,measured,10.9,4.14,6.34,6.86,12.48,9.03,11.8,9.88,9.66,10.96,8.81,4.98,8.54,17.5,11.05,11.39,2.2,3.24,2.58,4.38,3.06,2.95,2.09,3.7,2.3,2.51,1.54,1.08,3.31,3.57,3.46,10.3,12.51,3.27,3.52,2.47,1.23,3.03,4.41,3.93,3.01,3.0,3.18,3.36,1.0,2.83,3.1,2.81,2.92
00-0040661,Donovan Jackson,MIN,OG,1.0,0,prior,12.2,4.0,5.47,4.61,13.17,8.14,11.8,9.56,9.75,8.64,6.76,10.42,11.82,10.4,11.05,11.39,4.82,2.73,2.38,1.76,3.54,2.39,2.78,1.96,2.76,2.24,3.14,1.81,2.88,4.49,4.44,16.17,10.4,2.54,3.94,2.06,3.43,1.48,2.3,3.81,2.17,4.5,3.04,3.64,1.13,2.66,4.16,3.05,3.08
00-0038785,Henry Byrd,MIN,OG,,0,prior,12.3,4.28,6.04,5.66,12.92,8.65,11.8,12.36,13.66,10.68,9.12,6.5,7.3,10.4,11.05,11.39,2.74,1.87,1.57,3.2,2.76,4.62,4.1,3.28,2.17,3.27,3.04,2.03,1.0,1.88,4.49,16.06,9.98,1.43,1.87,4.34,2.95,3.06,1.0,1.18,1.82,1.85,3.22,2.49,1.84,4.12,2.05,1.55,3.41
00-0040500,Joe Huber,MIN,OG,3.0,0,prior,11.5,4.0,5.8,5.69,12.92,8.35,11.8,8.0,7.95,9.93,7.0,11.45,5.53,10.4,11.05,11.39,1.89,2.91,3.86,4.03,3.36,2.78,2.66,2.47,2.3,2.29,2.54,3.31,3.95,2.36,3.36,10.77,14.47,2.35,2.49,3.94,1.29,5.27,4.7,2.05,1.05,2.52,1.96,2.81,4.57,2.73,2.83,3.85,3.34
00-0040712,Vershon Lee,MIN,OG,,0,prior,11.5,4.29,5.83,5.01,13.14,8.4,11.8,8.36,9.74,10.46,6.11,8.52,13.89,10.4,11.05,11.39,2.76,2.97,2.41,4.3,5.45,2.0,2.24,2.35,1.85,4.52,1.82,5.29,4.46,3.07,4.65,10.77,14.47,1.1,4.55,3.32,2.24,2.46,3.02,2.88,2.25,2.24,4.53,2.11,1.65,3.54,3.71,1.09,2.88
00-0036483,Will Fries,MIN,OG,1.0,1257,measured,12.3,1.45,6.48,6.81,12.46,11.15,11.8,10.75,9.38,10.14,8.62,14.61,13.41,17.5,11.05,11.39,2.73,4.15,2.05,2.68,3.42,2.17,4.07,1.82,3.43,4.09,3.3,5.5,2.86,3.7,2.33,9.72,17.56,3.79,4.53,2.89,5.92,2.4,1.92,2.16,3.99,2.73,3.07,2.94,5.4,2.27,2.88,3.03,2.25
00-0034158,Brian O'Neill,MIN,OT,1.0,1999,measured,10.3,8.38,7.84,10.22,11.33,8.58,11.8,10.68,4.29,9.83,10.46,12.4,10.35,13.82,17.67,8.39,2.77,2.12,3.23,2.71,3.59,2.0,3.86,4.2,2.84,1.3,2.95,4.01,2.74,3.03,4.16,9.83,10.8,1.43,3.31,1.82,1.98,3.09,4.21,3.45,3.26,3.26,1.35,2.2,3.58,2.27,2.09,3.63,4.02
00-0036616,Christian Darrisaw,MIN,OT,1.0,1336,measured,14.9,4.39,6.14,5.09,12.26,8.64,11.8,13.17,11.48,12.09,9.44,13.85,6.11,12.54,5.19,5.36,1.23,2.74,2.15,2.7,2.26,4.03,2.3,2.18,2.15,1.57,2.35,4.24,5.2,2.6,3.42,16.44,18.92,1.82,3.38,3.88,2.97,3.49,4.8,2.66,2.87,1.98,2.9,3.42,3.07,1.42,3.02,1.85,3.4
00-0034989,Justin Skule,MIN,OT,2.0,352,measured,13.3,3.68,5.48,4.59,11.77,8.04,11.8,11.15,10.68,7.32,8.37,13.36,13.58,15.68,11.05,11.39,2.41,5.08,1.0,2.33,2.83,2.83,2.59,3.45,3.81,3.49,4.2,2.96,5.1,4.13,3.93,14.23,17.07,1.62,1.63,3.55,2.24,1.94,1.14,2.93,4.01,3.73,3.01,2.26,3.83,3.26,4.17,4.7,3.0
00-0035328,Matt Nelson,MIN,OT,3.0,84,prior,12.0,3.72,5.86,5.39,12.31,8.42,11.8,9.4,10.81,11.1,9.65,12.17,6.03,4.9,7.02,8.28,2.63,2.24,3.96,3.2,4.89,4.71,2.64,3.25,2.85,3.46,4.22,3.24,2.78,2.62,2.9,12.58,14.72,2.0,2.53,4.27,2.96,4.03,4.69,4.01,3.45,1.71,2.69,2.98,1.62,3.16,2.12,2.84,2.29
00-0036605,Max Pircher,MIN,OT,,0,prior,10.3,3.74,5.69,4.97,11.56,8.22,11.8,9.55,4.03,5.26,6.67,10.16,10.32,10.4,11.05,11.39,2.29,2.65,3.79,2.8,4.8,2.76,3.74,3.71,1.0,4.03,3.38,3.12,2.62,2.83,3.89,9.99,12.45,3.13,3.12,3.05,2.55,2.38,3.61,4.17,3.01,1.89,3.16,4.34,3.2,3.5,2.06,3.11,2.74
00-0039828,Walter Rouse,MIN,OT,2.0,0,prior,9.3,3.76,5.5,4.54,11.49,8.05,11.8,7.41,7.57,4.86,6.39,7.64,8.9,12.99,11.05,11.39,4.03,1.58,1.67,2.27,2.61,2.56,2.57,3.03,2.33,3.65,2.52,4.16,5.05,4.28,4.55,8.95,11.07,2.16,3.43,1.4,1.83,1.91,2.36,4.04,3.53,2.78,2.24,1.0,3.72,2.75,4.05,2.08,2.88
00-0037500,Ryan Wright,MIN,P,1.0,85,measured,13.5,6.39,9.05,9.67,9.83,12.07,13.4,9.77,11.51,9.63,8.37,10.6,9.05,15.68,11.05,11.39,3.91,2.44,2.18,2.52,3.26,3.38,2.07,3.61,3.19,3.22,3.29,3.71,2.72,1.28,1.7,3.9,3.28,3.54,2.46,4.17,1.97,3.84,2.42,2.05,3.26,1.58,2.81,2.39,5.52,3.95,15.61,11.47,2.24
00-0032950,Carson Wentz,MIN,QB,2.0,293,measured,8.8,8.1,9.73,14.34,9.76,9.85,11.8,9.07,9.21,7.87,15.04,13.56,10.8,12.13,14.78,14.58,15.34,9.47,6.43,6.89,7.84,8.28,8.51,8.81,4.35,1.75,2.66,5.8,2.57,2.99,3.19,2.69,3.25,1.22,3.63,3.39,3.61,2.88,3.99,3.59,3.78,1.08,3.85,3.34,2.45,4.83,3.88,3.68,1.6
00-0039923,J.J. McCarthy,MIN,QB,1.0,0,prior,8.2,10.34,10.65,15.36,9.76,10.88,11.8,7.99,9.27,6.88,9.34,13.99,12.61,10.4,11.05,11.39,4.68,7.95,7.26,4.73,4.74,16.77,9.71,3.78,3.1,1.0,1.55,3.4,1.2,5.16,3.73,3.35,2.8,2.93,4.23,2.43,2.8,1.5,4.19,3.41,4.56,3.03,3.64,3.66,3.81,2.61,1.92,2.43,3.1
00-0040494,Max Brosmer,MIN,QB,3.0,0,prior,7.3,9.18,9.68,12.19,9.76,10.89,11.8,6.65,7.0,4.34,8.44,11.09,11.33,10.4,11.05,11.39,8.83,6.24,8.21,6.84,6.07,7.34,7.11,7.56,2.91,2.6,3.33,3.43,1.78,4.01,2.6,3.91,3.72,2.79,2.14,2.23,1.57,4.49,4.41,1.84,3.81,2.69,2.27,4.1,5.57,1.87,2.06,1.67,3.91
00-0033293,Aaron Jones,MIN,RB,1.0,1136,measured,13.5,12.22,14.35,14.79,8.0,15.61,11.8,13.56,12.77,12.71,9.88,12.21,13.14,7.2,13.7,6.66,2.72,1.14,2.87,2.01,3.28,2.35,3.02,6.82,15.08,14.89,15.09,12.49,3.8,12.61,11.51,10.04,14.01,11.04,3.04,1.26,1.48,2.88,2.65,3.47,2.24,3.1,4.04,1.68,4.41,2.74,5.62,4.28,9.44
00-0037525,Jordan Mason,MIN,RB,2.0,433,measured,14.6,13.33,13.83,12.3,9.21,13.7,11.8,11.99,12.4,13.51,9.53,13.18,14.39,8.3,16.67,17.25,1.74,4.02,2.62,4.19,2.62,3.12,3.96,8.13,20.0,15.01,15.6,15.14,1.93,1.14,1.0,5.19,11.76,6.19,3.33,3.52,4.6,2.0,3.44,3.46,3.7,2.12,2.66,3.89,4.42,3.23,3.46,2.2,9.96
00-0037276,Ty Chandler,MIN,RB,3.0,343,measured,11.7,17.09,15.95,12.37,8.76,12.05,11.8,10.55,10.16,8.99,8.81,7.4,8.32,15.68,11.05,11.39,3.4,4.29,2.25,4.62,2.75,4.36,1.64,16.04,8.88,8.26,9.42,14.09,1.67,4.87,3.47,4.22,5.07,5.22,2.74,3.18,3.38,2.88,1.46,3.5,1.72,2.89,2.08,2.53,2.43,3.13,2.1,4.01,13.13
00-0038727,Xazavian Valladay,MIN,RB,,0,prior,8.7,14.35,14.64,12.15,8.2,13.81,11.8,9.8,4.34,4.35,7.73,10.09,10.27,12.41,11.05,11.39,3.57,2.5,1.24,3.62,2.98,1.93,2.36,15.02,4.7,4.71,4.7,4.94,2.41,5.27,4.83,1.65,9.48,2.65,4.95,3.63,4.2,4.35,4.31,2.63,3.59,3.34,2.75,2.3,2.22,3.28,3.53,3.4,14.73
00-0038440,Zavier Scott,MIN,RB,4.0,0,prior,8.6,14.0,14.51,11.76,8.58,13.84,11.8,8.71,10.02,7.22,8.77,7.93,15.12,10.4,11.05,11.39,3.5,3.83,2.04,2.44,2.62,3.78,4.19,15.02,4.7,4.71,4.7,4.94,2.66,5.27,4.83,1.65,9.48,2.65,4.25,3.06,3.21,3.76,3.53,2.58,3.54,4.49,2.91,3.79,4.19,3.95,3.12,4.33,14.59
00-0029606,Harrison Smith,MIN,S,1.0,2055,measured,11.9,10.59,11.29,15.28,9.5,11.26,11.8,14.19,9.83,8.39,14.84,13.71,10.45,14.35,15.41,6.45,2.8,4.23,3.13,2.24,2.2,4.7,3.04,2.3,2.13,3.5,3.55,3.27,4.68,3.79,3.8,2.99,1.88,2.67,3.17,1.44,2.12,11.17,9.06,10.19,12.87,13.87,9.71,11.66,2.44,4.19,2.54,2.85,4.29
00-0038578,Jay Ward,MIN,S,2.0,52,prior,10.6,13.29,16.31,14.15,8.0,15.15,11.8,9.3,9.88,10.02,10.05,3.64,15.74,13.68,15.71,11.39,3.96,3.99,3.11,3.38,2.35,1.69,2.76,2.49,3.38,2.06,3.69,4.81,1.0,1.87,2.88,3.52,1.21,2.11,2.68,4.64,3.7,9.63,7.46,8.15,10.72,11.72,9.26,13.22,2.39,3.83,3.12,1.4,17.2
00-0036348,Josh Metellus,MIN,S,1.0,1734,measured,12.7,13.29,14.66,13.1,10.0,15.42,11.8,12.31,14.34,8.39,8.55,13.22,11.0,17.5,11.05,14.14,4.65,4.31,3.17,2.66,3.39,5.09,4.6,3.13,3.56,4.57,2.59,2.43,2.18,2.57,2.85,3.34,3.4,3.12,3.33,5.52,5.72,13.44,15.83,10.34,11.64,12.64,9.86,10.82,2.35,3.38,2.26,4.48,10.53
00-0036395,K'Von Wallace,MIN,S,,713,measured,9.4,13.63,16.63,16.51,9.0,17.18,11.8,10.59,8.35,4.52,7.59,10.32,7.17,5.9,5.77,17.02,3.98,3.08,2.14,2.37,2.68,2.69,2.06,1.06,1.83,3.77,1.0,3.54,2.58,1.01,1.95,2.76,2.34,2.99,3.67,2.61,2.55,8.4,12.31,13.45,5.09,6.09,9.56,7.74,3.4,3.85,2.92,3.11,12.43
00-0038523,Kahlef Hailassie,MIN,S,,71,prior,9.8,13.67,14.93,14.27,7.83,14.65,11.8,9.08,9.86,10.83,7.32,12.68,10.78,14.69,11.05,11.39,3.03,3.06,2.2,1.81,1.4,4.5,2.48,2.69,1.37,2.61,3.43,4.04,3.1,3.22,3.24,4.22,2.38,3.01,2.19,2.79,1.0,8.71,6.73,8.68,9.73,10.73,9.21,9.3,2.42,2.5,5.3,3.46,17.17
00-0037301,Theo Jackson,MIN,S,2.0,162,measured,12.1,13.62,14.86,14.3,7.99,14.77,11.8,9.98,12.26,10.69,8.25,9.0,10.89,14.01,6.87,14.83,2.18,1.84,2.5,1.26,2.8,4.14,2.65,3.28,1.0,3.63,2.27,4.44,3.31,1.56,1.71,3.85,3.18,3.42,2.81,3.07,2.3,10.79,13.55,10.88,11.74,12.74,9.26,11.41,2.69,2.87,3.14,2.19,16.2
00-0040509,Ben Yurosek,MIN,TE,,0,prior,10.4,11.03,12.1,11.93,8.9,13.06,11.8,7.91,6.69,10.51,5.08,7.44,9.88,10.4,11.05,11.39,2.44,2.69,4.31,4.82,3.32,3.61,2.93,13.6,3.02,12.23,16.02,9.46,9.06,9.21,9.72,10.97,10.38,7.69,3.02,4.34,3.71,3.07,4.77,1.56,1.49,2.04,1.0,2.58,3.64,1.9,1.93,3.04,2.81
00-0040504,Bryson Nesbit,MIN,TE,,0,prior,10.1,8.27,9.13,11.83,8.6,11.63,11.8,8.84,6.61,6.88,4.82,6.1,11.06,10.4,11.05,11.39,4.55,2.36,1.7,3.28,3.75,3.15,1.29,13.6,3.03,12.23,16.02,9.46,9.06,9.21,9.72,10.97,10.38,7.69,3.91,4.66,1.78,4.5,5.01,4.2,3.42,3.12,2.47,2.41,3.13,4.71,4.53,3.41,3.85
00-0040215,Gavin Bartholomew,MIN,TE,3.0,0,prior,10.5,10.77,11.89,12.0,9.3,12.94,11.8,8.35,8.08,9.35,5.15,13.57,14.81,10.4,11.05,11.39,3.22,1.0,3.7,3.59,1.0,2.46,2.88,14.8,1.95,11.59,15.37,10.02,8.96,9.44,9.73,11.2,10.14,7.92,2.85,3.06,2.52,2.32,3.29,2.25,3.79,4.58,3.17,2.76,1.0,2.84,1.02,2.32,2.88
00-0035249,Josh Oliver,MIN,TE,2.0,1004,measured,14.0,11.69,12.01,10.44,11.33,12.89,11.8,11.57,9.67,10.37,7.56,9.16,10.66,7.97,4.46,11.39,2.84,3.23,4.03,2.66,3.57,3.5,2.98,11.49,1.42,12.8,16.58,17.91,17.38,12.77,12.73,16.28,7.75,13.05,3.22,2.82,3.09,2.43,4.67,1.86,1.72,2.22,3.18,2.13,2.45,3.2,3.27,3.63,3.65
00-0032394,Nick Vannett,MIN,TE,,531,measured,9.8,8.29,8.16,12.43,8.5,8.88,11.8,9.58,2.91,2.66,10.36,10.22,8.09,8.02,6.39,15.04,2.97,3.56,3.96,1.89,2.47,2.97,2.47,14.98,2.05,5.68,9.47,16.16,12.21,8.48,10.68,6.36,8.73,3.08,2.92,2.89,1.0,4.18,1.87,2.11,2.56,4.28,2.78,4.34,1.83,3.33,2.04,4.06,2.65
00-0035229,T.J. Hockenson,MIN,TE,1.0,1319,measured,12.8,10.71,13.06,14.14,8.5,15.78,11.8,9.38,13.08,8.16,12.86,9.32,6.57,7.38,17.04,6.23,1.34,1.4,2.86,1.97,3.38,2.92,2.35,17.49,3.92,3.31,7.1,17.76,14.19,16.26,15.92,11.51,10.26,8.22,2.95,1.83,4.22,3.6,3.51,2.0,3.44,4.19,3.29,2.8,2.29,1.99,2.78,2.81,1.93
00-0030035,Adam Thielen,MIN,WR,1.0,1522,measured,13.4,12.03,12.63,11.75,6.61,12.8,11.8,13.08,12.73,13.48,15.57,15.22,4.57,6.11,5.28,14.47,1.42,2.34,4.49,1.23,3.41,3.19,2.56,11.25,7.15,6.25,4.94,17.74,18.84,11.71,11.31,1.94,2.53,2.8,4.43,1.78,3.9,2.01,2.04,4.06,1.05,1.78,3.5,4.27,1.95,3.85,1.0,3.25,14.54
00-0040498,Dontae Fleming,MIN,WR,,0,prior,10.0,15.06,15.59,14.83,5.26,14.4,11.8,9.34,11.27,10.33,5.51,14.16,11.53,10.4,11.05,11.39,3.21,3.56,3.28,3.82,2.78,2.17,4.27,7.11,7.71,12.37,11.07,6.32,6.75,8.0,8.16,2.29,1.74,2.4,1.72,3.82,5.51,2.09,2.85,3.71,2.28,3.05,2.74,4.78,2.35,1.39,1.0,2.51,9.39
00-0037291,Jalen Nailor,MIN,WR,2.0,612,measured,10.3,14.31,16.19,13.28,6.89,16.75,11.8,11.04,9.75,8.31,7.61,12.96,10.21,7.4,4.23,4.19,3.41,3.0,3.76,1.29,3.23,2.93,2.73,8.69,9.76,13.26,11.95,5.09,7.47,9.92,9.84,1.29,1.49,5.36,2.65,1.49,2.49,3.83,2.77,3.3,1.53,3.01,2.27,2.21,3.52,3.47,3.67,2.41,10.96
00-0039710,Jeshaun Jones,MIN,WR,,0,prior,8.0,14.93,15.38,14.39,5.89,14.55,11.8,10.04,7.06,8.53,5.6,11.75,9.91,10.4,11.05,11.39,3.31,2.73,2.56,2.3,2.81,2.51,2.59,14.87,4.3,13.42,12.12,5.31,3.82,3.82,3.83,1.8,4.29,1.71,3.17,3.24,3.82,3.42,3.42,1.0,3.86,4.12,3.31,4.01,2.56,2.42,2.73,3.29,16.99
00-0038994,Jordan Addison,MIN,WR,1.0,1346,measured,12.7,14.54,14.84,14.48,5.81,13.72,11.8,10.38,11.59,10.1,9.28,9.04,11.22,12.32,6.71,14.83,1.89,2.48,3.81,2.83,3.21,3.64,3.74,17.15,9.68,8.49,7.18,13.36,12.07,11.42,10.96,3.72,4.77,1.95,3.62,2.65,4.22,1.99,1.75,2.14,2.41,3.87,1.53,4.04,3.7,3.06,3.37,2.55,11.39
00-0036322,Justin Jefferson,MIN,WR,1.0,1762,measured,15.5,15.93,16.56,14.05,6.37,16.25,11.8,12.79,15.49,14.07,10.4,13.51,12.64,17.5,11.05,5.11,3.69,2.82,3.17,4.64,3.11,3.71,3.4,13.36,14.16,12.63,11.32,14.93,15.09,16.71,15.62,2.14,1.15,3.76,2.47,1.58,2.18,3.63,3.25,2.88,2.72,3.08,1.83,2.14,2.84,2.67,4.35,2.18,12.68
00-0038181,Lucky Jackson,MIN,WR,,2,prior,8.4,14.95,15.26,14.15,6.19,14.58,11.8,11.73,10.65,8.34,9.1,13.76,6.04,12.41,11.05,11.39,3.34,3.45,1.0,2.7,2.44,3.48,3.41,12.42,4.3,12.47,11.16,7.33,3.85,3.84,3.84,3.56,2.66,2.35,2.86,2.52,3.86,2.58,2.62,4.41,3.78,2.3,4.19,2.82,4.18,2.88,1.0,3.23,16.5
00-0040506,Myles Price,MIN,WR,2.0,0,prior,9.5,15.24,15.14,13.69,6.94,14.78,11.8,7.29,9.47,11.22,7.99,11.72,8.04,10.4,11.05,11.39,3.82,3.8,3.61,1.93,3.03,4.71,2.74,8.28,7.22,12.49,11.19,4.63,5.43,8.09,8.58,3.3,3.85,1.71,1.23,3.14,2.75,3.36,4.3,3.01,2.87,3.37,3.62,3.96,3.23,4.18,1.7,3.41,11.54
00-0036936,Rondale Moore,MIN,WR,3.0,679,measured,13.2,19.4,17.17,18.3,7.33,17.72,11.8,11.15,11.37,13.03,8.92,15.33,14.43,7.78,7.54,14.02,3.13,1.57,2.55,3.36,4.03,1.99,1.87,7.48,6.72,10.25,8.94,6.85,8.11,13.28,15.52,1.0,5.09,3.43,2.98,1.32,2.62,4.77,1.0,3.78,3.55,3.25,2.81,3.18,4.94,2.02,4.25,1.0,9.73
00-0040154,Tai Felton,MIN,WR,2.0,0,prior,10.2,17.32,18.13,14.34,5.96,17.59,11.8,9.69,9.4,10.45,6.26,8.26,8.1,10.4,11.05,11.39,1.97,4.28,4.27,2.59,1.84,3.68,2.63,8.86,7.41,12.2,10.89,4.35,5.29,8.68,9.14,3.37,2.56,5.51,2.65,2.58,1.45,5.69,3.0,4.26,2.76,2.66,2.04,3.5,1.8,3.95,4.25,2.05,11.94
00-0036497,Tim Jones,MIN,WR,,435,measured,9.5,14.29,14.94,13.56,7.05,14.88,11.8,11.0,9.78,5.19,6.92,10.98,13.11,15.68,11.05,15.42,2.85,3.36,2.74,1.53,3.42,3.86,2.46,7.16,5.42,11.81,10.5,8.21,7.81,5.08,7.47,3.84,3.67,2.69,2.63,4.61,1.3,2.62,2.89,3.07,1.63,2.02,2.63,3.16,3.26,4.65,1.0,3.99,9.43
00-0037413,Ben Brown,NE,C,2.0,613,measured,12.8,3.37,5.3,5.95,12.58,8.15,11.8,12.28,11.48,9.77,8.47,9.25,11.0,7.31,15.46,5.91,4.19,2.12,2.7,5.66,2.2,3.05,2.15,3.28,3.67,3.48,3.86,1.0,2.83,4.52,1.82,10.82,17.42,2.64,3.81,1.0,1.47,5.7,3.5,4.88,3.57,4.44,3.96,1.0,1.0,1.83,1.91,2.21,2.3
00-0035588,Garrett Bradbury,NE,C,1.0,1912,measured,12.4,6.96,6.49,8.31,17.09,9.08,11.8,11.19,9.5,7.29,11.07,11.04,8.01,12.06,6.6,4.36,2.5,3.02,3.3,4.76,2.35,3.98,2.03,3.94,3.43,3.9,4.02,3.22,2.59,2.8,5.84,11.94,12.53,2.6,4.35,2.9,4.45,2.84,2.45,1.61,3.34,3.79,2.25,4.72,3.41,3.26,3.84,2.41,2.71
00-0038646,Alex Austin,NE,CB,2.0,358,measured,9.4,13.29,14.17,13.46,6.58,13.28,11.8,11.26,8.65,10.07,6.6,13.36,13.63,7.06,16.67,4.19,2.81,2.78,3.87,1.0,3.24,2.47,4.75,1.64,2.89,2.57,3.33,3.12,2.35,4.7,3.17,3.4,3.49,2.99,3.03,3.43,4.27,4.86,5.12,12.21,7.55,7.55,10.14,7.14,1.31,3.81,1.47,3.6,12.85
00-0034778,Carlton Davis III,NE,CB,1.0,1429,measured,14.7,13.45,14.63,14.13,8.0,13.81,11.8,12.63,17.21,16.89,12.81,13.76,8.56,4.69,17.93,13.91,4.02,1.37,3.9,2.52,1.2,2.32,3.06,4.82,4.46,1.92,2.61,3.21,2.51,3.54,3.01,4.03,2.05,4.51,3.37,3.86,1.1,10.63,11.93,13.61,16.24,16.24,10.56,15.58,2.96,3.93,3.59,4.76,9.89
00-0039770,Charles Woods,NE,CB,2.0,12,prior,8.5,15.06,15.66,13.85,6.98,15.0,11.8,8.62,7.75,9.0,5.35,12.61,7.04,7.43,6.71,15.42,1.44,3.43,3.87,4.08,3.07,4.85,2.15,2.48,1.0,3.41,3.37,3.92,3.55,1.12,2.24,2.47,2.48,2.36,3.95,3.25,1.12,7.5,11.58,17.25,4.61,4.61,10.26,4.0,4.56,4.27,4.2,3.13,10.35
00-0039147,Christian Gonzalez,NE,CB,1.0,1037,measured,13.5,17.09,18.5,14.24,7.0,18.74,11.8,10.41,13.65,12.3,8.33,14.51,14.28,13.68,15.46,14.98,3.46,3.23,3.03,4.88,4.84,2.43,3.45,3.82,2.23,2.5,4.19,4.45,4.14,3.76,1.78,4.26,2.1,4.03,2.66,3.36,3.22,3.36,5.75,14.58,12.77,12.77,10.26,14.61,2.39,2.9,1.51,3.1,6.66
00-0035633,Corey Ballentine,NE,CB,,385,measured,10.4,14.56,17.07,15.73,7.5,17.57,11.8,11.02,10.52,9.81,8.15,12.79,16.38,7.97,17.78,17.77,2.45,2.01,5.43,2.32,2.71,2.18,3.15,3.0,2.55,3.76,4.19,1.48,2.46,3.44,3.99,2.73,3.43,2.23,2.54,3.4,3.28,3.66,9.16,14.16,7.98,7.98,10.41,7.34,5.15,3.03,2.87,1.82,9.46
00-0040716,Craig Woodson,NE,CB,2.0,0,prior,10.1,15.47,16.56,14.32,6.5,15.51,11.8,10.71,9.33,9.53,6.74,8.69,12.12,10.4,11.05,11.39,1.43,3.12,3.81,1.45,2.99,3.38,1.08,3.26,4.72,2.44,2.5,2.32,3.57,3.39,2.5,4.19,2.41,2.44,2.61,2.54,1.69,6.55,10.67,14.73,7.44,7.44,10.11,6.37,2.31,4.45,2.96,2.89,10.34
00-0039800,DJ James,NE,CB,3.0,0,prior,8.4,16.16,16.37,13.47,6.05,14.73,11.8,9.85,9.57,3.67,6.81,12.19,8.51,10.4,11.05,11.39,3.75,3.46,4.46,4.17,2.14,3.26,4.18,3.46,5.12,5.77,5.03,3.02,1.7,2.31,2.53,1.8,4.03,4.03,2.47,3.67,3.13,8.08,12.21,17.83,3.93,3.93,9.98,3.93,2.02,2.77,3.26,3.88,6.54
00-0040252,Kobee Minor,NE,CB,,0,prior,9.0,15.07,15.66,13.83,6.95,14.99,11.8,7.02,9.52,10.85,7.43,8.04,9.06,10.4,11.05,11.39,3.79,3.45,2.29,1.8,3.39,1.0,4.82,3.72,2.81,4.38,2.71,3.12,2.58,2.05,3.68,2.12,2.03,3.74,2.94,3.45,3.73,7.16,12.21,15.14,5.34,5.34,10.25,4.63,3.11,4.17,2.66,5.24,13.44
00-0039390,Marcellas Dial Jr.,NE,CB,3.0,57,prior,8.5,15.24,16.85,14.03,6.89,17.93,11.8,8.06,7.96,7.07,6.7,12.77,13.62,12.99,11.05,11.39,4.5,2.81,3.32,3.39,2.75,4.63,2.7,2.7,3.15,4.22,3.46,2.37,2.15,2.48,2.47,4.44,3.29,3.21,1.95,3.39,1.69,8.47,12.28,16.67,4.13,4.13,10.23,4.08,5.56,3.52,2.05,1.25,9.73
00-0037253,Marcus Jones,NE,CB,1.0,718,measured,14.1,15.14,15.44,13.42,7.4,14.8,11.8,11.36,11.76,9.38,9.86,11.76,8.26,12.01,7.11,18.21,2.49,2.82,3.21,3.02,1.86,3.05,3.89,5.09,2.42,3.99,1.18,3.97,3.65,4.23,4.34,3.51,2.33,3.11,3.11,4.38,2.73,11.69,15.1,17.15,14.37,14.37,10.38,13.57,4.19,2.31,4.47,3.26,13.57
00-0039312,Miles Battle,NE,CB,,17,prior,8.4,14.93,15.93,14.53,6.57,15.33,11.8,7.52,8.74,5.86,7.87,7.57,13.21,12.99,11.05,11.39,1.89,3.27,2.54,1.59,1.66,1.66,1.0,3.15,4.28,3.42,2.89,1.42,1.74,1.79,1.66,3.84,2.55,3.14,2.73,2.05,2.64,7.72,12.39,17.29,4.08,4.08,10.13,3.99,2.71,3.54,1.85,2.0,10.63
00-0036981,Christian Barmore,NE,DT,1.0,739,measured,13.9,7.6,7.86,6.52,12.51,8.95,11.8,11.62,12.89,12.46,10.68,6.2,10.98,12.47,15.65,18.99,1.69,1.8,2.73,2.71,3.21,1.57,3.11,3.0,4.47,1.24,3.89,1.96,3.37,3.63,1.82,2.13,2.46,1.99,14.46,13.8,15.12,15.61,14.85,8.72,1.44,3.51,3.29,3.85,3.69,4.06,1.92,4.08,1.6
00-0038653,Cory Durden,NE,DT,,106,measured,8.4,5.82,7.14,6.63,12.86,9.3,11.8,8.87,7.35,6.06,8.36,8.74,10.74,14.69,11.05,11.39,3.13,2.56,2.74,1.0,3.42,3.49,1.4,2.59,2.29,2.15,3.56,4.26,2.75,2.38,3.79,4.8,2.98,2.77,6.18,4.78,7.65,9.07,10.2,11.17,3.23,4.53,2.88,5.49,2.88,5.58,1.35,2.22,5.72
00-0039938,David Olajiga,NE,DT,,0,prior,6.3,8.53,10.18,9.29,12.86,12.21,11.8,6.34,5.39,6.01,5.3,10.61,10.14,10.4,11.05,11.39,2.46,3.63,5.3,4.03,4.31,3.56,1.15,1.35,1.91,3.67,2.99,4.8,2.74,3.85,3.66,3.16,2.58,2.82,4.27,3.81,4.79,5.15,3.79,13.59,3.1,1.97,2.08,4.21,3.97,5.14,1.26,3.76,3.03
00-0040371,Eric Gregory,NE,DT,2.0,0,prior,8.2,4.8,6.6,4.6,14.31,8.12,11.8,8.83,4.61,10.35,6.02,13.81,6.59,10.4,11.05,11.39,2.57,2.82,2.61,2.68,2.34,3.55,2.24,2.94,1.0,2.85,3.51,2.09,4.66,1.64,2.5,2.13,3.85,1.69,7.6,5.33,6.51,7.47,8.09,10.19,3.0,3.67,3.83,1.73,1.0,3.62,1.74,5.03,2.33
00-0039319,Fabien Lovett Sr.,NE,DT,,0,prior,6.2,5.46,6.68,5.86,13.33,8.99,11.8,6.96,7.07,1.25,7.78,10.49,11.84,10.4,11.05,11.39,3.34,1.61,1.84,3.09,3.37,2.73,1.85,2.96,1.0,3.98,1.92,4.44,2.88,3.14,2.45,3.37,1.78,2.39,4.89,3.19,4.79,5.15,3.79,12.36,3.71,2.5,4.07,3.79,3.56,2.19,2.85,2.8,2.34
00-0039644,Isaiah Iton,NE,DT,,0,prior,6.3,7.03,8.29,7.27,13.5,10.57,11.8,6.74,4.24,5.2,8.01,12.41,7.89,10.4,11.05,11.39,1.96,2.84,3.85,4.12,3.74,3.98,2.62,2.89,3.49,2.39,3.56,1.81,2.17,4.11,2.9,4.6,2.78,3.26,4.64,3.44,4.79,5.15,3.79,12.98,2.58,4.92,3.75,3.79,3.57,2.6,3.24,3.29,3.58
00-0038584,Jaquelin Roy,NE,DT,3.0,193,measured,11.5,5.08,6.27,2.37,15.24,8.66,11.8,11.68,12.19,9.81,7.74,11.68,10.1,4.89,17.36,7.47,3.76,3.34,3.6,2.0,3.21,1.87,3.23,1.62,1.16,2.8,3.6,1.28,3.0,2.99,1.0,3.66,3.52,5.24,11.95,9.45,10.8,11.25,13.75,9.53,3.27,3.7,2.71,4.4,2.67,4.06,2.79,3.43,1.01
00-0040171,Joshua Farmer,NE,DT,2.0,0,prior,8.8,5.2,7.6,5.16,13.39,9.53,11.8,7.25,4.69,7.02,6.63,12.88,11.94,10.4,11.05,11.39,2.81,1.95,4.47,2.61,2.82,3.08,1.94,5.49,4.34,2.29,3.76,4.03,3.59,3.44,4.38,4.63,2.55,2.26,8.99,7.18,7.61,7.63,7.81,10.4,2.91,2.6,3.07,2.66,3.13,3.13,4.43,2.71,2.58
00-0036909,Khyiris Tonga,NE,DT,1.0,458,measured,11.3,2.69,3.7,2.57,17.55,6.61,11.8,10.43,8.17,9.18,8.92,8.98,11.02,11.84,17.05,17.02,3.46,2.33,3.02,2.73,4.1,1.08,4.06,4.08,3.08,2.18,3.4,3.08,3.61,1.0,4.28,1.2,2.33,3.39,11.58,7.44,9.21,11.9,14.9,7.8,3.49,2.27,2.45,4.0,4.22,1.0,2.22,3.92,2.81
00-0036916,Milton Williams,NE,DT,1.0,945,measured,14.6,11.23,12.85,13.45,17.09,15.98,11.8,9.97,17.33,14.23,7.38,13.81,14.82,15.33,14.94,11.39,1.0,3.18,5.02,1.5,3.45,2.18,4.22,2.59,3.29,3.3,3.8,3.53,1.34,2.93,3.64,2.96,2.31,4.01,14.34,13.35,14.9,14.51,12.81,9.23,3.13,3.36,4.13,3.27,2.86,3.52,4.49,1.71,2.5
00-0036193,Anfernee Jennings,NE,EDGE,2.0,1350,measured,9.7,10.38,11.72,10.67,11.44,12.99,11.8,7.97,6.74,9.1,6.2,10.43,13.99,15.68,11.05,18.74,3.53,1.97,2.35,3.63,1.37,1.91,2.48,2.98,2.84,2.37,1.95,3.77,3.85,1.68,2.44,3.73,3.76,2.53,5.82,5.66,9.25,16.33,18.62,9.16,5.8,6.8,3.02,2.58,5.2,3.3,2.65,2.91,3.96
00-0040176,Bradyn Swinson,NE,EDGE,,0,prior,9.1,11.32,12.73,12.09,10.54,13.54,11.8,10.06,9.47,6.9,3.85,8.41,7.49,10.4,11.05,11.39,1.49,2.12,3.73,1.3,2.4,3.82,3.99,4.3,4.9,3.21,2.95,4.73,3.07,4.08,3.02,4.22,3.75,2.16,7.03,7.51,8.07,10.13,10.17,14.0,5.8,6.8,3.61,3.21,3.54,3.64,2.87,3.56,3.36
00-0040574,Elijah Ponder,NE,EDGE,3.0,0,prior,9.0,11.63,12.91,11.8,10.68,13.66,11.8,9.4,7.76,8.91,5.23,7.46,11.85,10.4,11.05,11.39,3.73,4.6,1.95,2.95,2.75,3.85,4.27,2.96,2.34,4.41,3.02,2.83,2.13,4.27,3.91,1.76,3.11,4.22,6.64,7.19,7.32,9.74,11.31,14.24,5.8,6.8,4.85,2.42,1.65,1.32,2.84,4.36,3.48
00-0034828,Harold Landry III,NE,EDGE,1.0,1357,measured,15.0,11.26,12.16,14.85,12.46,14.04,11.8,13.48,17.61,14.79,10.83,8.79,7.79,15.29,11.05,14.83,1.0,2.99,2.73,2.49,4.01,3.37,2.67,2.37,3.24,4.51,2.81,3.25,3.1,3.5,4.45,4.59,2.5,3.03,15.78,15.57,16.67,17.24,16.05,11.23,5.8,6.8,3.67,1.88,1.59,3.09,4.09,3.48,4.27
00-0036286,K'Lavon Chaisson,NE,EDGE,2.0,698,measured,10.2,11.23,12.53,11.43,10.95,13.46,11.8,10.41,8.18,8.51,9.09,13.78,10.54,17.5,11.05,8.2,2.0,3.54,2.15,2.84,2.54,2.89,4.82,3.33,4.5,2.76,3.31,3.38,2.97,2.47,2.2,4.41,3.08,3.63,9.07,9.38,10.72,10.63,8.02,11.91,5.8,6.8,2.42,3.72,3.12,3.52,3.79,2.83,2.37
00-0039148,Keion White,NE,EDGE,1.0,1098,measured,9.1,8.7,10.6,9.41,15.24,13.01,11.8,8.73,6.53,8.59,8.51,7.81,8.84,13.87,14.94,18.61,4.54,4.01,4.4,3.93,2.28,1.85,3.9,2.84,3.77,3.08,2.94,3.02,2.82,2.7,2.6,1.74,3.99,3.16,9.51,7.43,8.02,7.94,8.3,11.02,5.8,6.8,2.48,2.91,2.68,3.01,2.53,2.38,2.39
00-0038514,Truman Jones,NE,EDGE,,18,prior,7.0,11.87,13.13,12.06,10.52,13.79,11.8,8.21,3.47,7.58,8.06,11.56,14.26,12.99,11.05,11.39,2.77,3.76,2.62,1.73,3.77,3.32,5.29,3.69,2.87,3.56,3.43,4.33,3.43,2.89,1.89,4.0,3.55,1.22,4.31,5.0,5.1,6.78,4.78,12.74,5.8,6.8,3.92,2.9,3.28,1.85,3.66,2.42,4.25
00-0039305,Jack Westover,NE,FB,1.0,5,prior,13.2,10.34,11.26,10.26,9.64,12.41,11.8,10.05,10.41,10.33,7.4,9.59,16.25,12.99,11.05,11.39,1.01,4.62,2.92,2.45,3.91,5.19,1.68,10.28,2.08,8.27,5.23,19.4,2.72,2.49,3.53,14.8,8.2,15.8,2.91,2.99,3.01,2.49,2.75,1.76,2.92,2.91,4.14,3.19,2.88,4.41,6.02,1.75,4.6
00-0040200,Andy Borregales,NE,K,1.0,0,prior,11.1,10.35,11.27,10.24,9.64,12.42,9.72,9.7,7.55,9.88,6.96,13.57,17.69,10.4,11.05,11.39,3.87,1.69,2.89,3.46,2.07,3.44,3.26,4.63,2.82,3.23,1.84,2.91,2.77,3.11,2.39,4.49,3.06,2.92,2.23,1.4,1.08,1.71,3.93,3.01,2.92,3.17,4.55,2.33,11.69,10.53,2.51,3.72,2.29
00-0036813,Christian Elliss,NE,LB,1.0,560,measured,11.9,12.05,13.02,12.5,10.2,13.53,11.8,9.43,8.43,5.56,9.88,10.12,12.61,15.17,16.48,18.26,2.3,3.75,3.09,3.03,3.84,2.59,3.75,3.03,2.68,4.62,3.69,3.9,3.29,3.78,4.03,3.02,2.74,1.12,11.4,11.49,8.73,10.98,14.63,17.79,7.88,9.38,2.17,5.84,3.5,2.02,4.67,2.71,3.29
00-0035157,Darius Harris,NE,LB,,122,measured,10.8,11.39,12.38,12.21,10.52,13.12,11.8,9.66,9.29,8.46,8.75,8.32,11.66,17.5,11.05,11.39,3.83,3.87,4.67,3.01,2.85,1.0,3.53,1.75,2.58,1.0,3.39,3.45,3.06,2.47,3.52,3.22,3.62,2.55,11.92,11.67,10.13,11.7,12.59,13.63,5.01,6.51,4.17,3.22,4.06,3.36,1.96,2.66,1.7
00-0037596,Jack Gibbens,NE,LB,2.0,706,measured,12.4,11.98,13.16,13.53,10.53,13.85,11.8,10.3,7.26,8.74,11.02,14.61,8.69,7.05,17.81,14.83,3.3,3.88,4.85,4.53,3.81,1.0,2.66,4.34,3.94,2.48,5.07,2.87,1.15,2.12,3.33,2.33,2.23,2.37,8.38,8.32,8.84,12.1,16.02,14.65,11.02,12.52,2.44,8.96,3.09,2.08,3.5,1.82,2.58
00-0035240,Jahlani Tavai,NE,LB,3.0,1623,measured,11.3,11.43,12.44,12.89,11.27,13.44,11.8,10.62,9.23,8.62,11.02,12.87,8.21,17.5,11.05,17.87,1.54,3.29,4.17,3.23,2.74,3.7,3.4,4.84,3.25,2.27,3.8,3.63,1.03,1.97,3.38,4.24,2.28,5.85,5.07,4.56,13.88,12.87,10.27,11.61,12.29,13.79,2.89,17.41,2.95,4.65,3.14,3.49,3.15
00-0037316,Mark Robinson,NE,LB,,123,measured,11.4,11.59,12.0,11.16,11.61,12.94,11.8,10.33,7.41,7.38,9.34,8.73,9.14,15.68,11.05,11.39,1.91,3.14,4.85,3.42,3.95,3.56,3.17,3.32,3.79,2.98,4.18,1.04,1.65,2.84,1.41,2.49,2.23,1.27,11.75,11.19,9.05,12.16,15.18,14.27,4.94,6.44,1.73,3.56,4.79,2.53,3.95,3.24,4.63
00-0039054,Marte Mapu,NE,LB,2.0,583,measured,10.1,12.57,13.66,12.4,9.02,13.57,11.8,9.42,6.65,8.69,6.28,8.55,10.92,14.69,11.05,16.08,3.55,3.33,3.52,3.32,2.63,1.76,3.86,1.95,3.54,2.54,3.06,3.01,3.84,2.51,2.64,3.93,2.57,2.71,7.92,8.6,7.63,7.12,7.16,14.27,13.8,15.3,4.63,10.93,3.58,2.73,3.57,3.52,1.54
00-0034720,Robert Spillane,NE,LB,1.0,1951,measured,15.4,11.37,12.15,11.31,10.38,12.81,11.8,12.2,13.45,11.81,11.28,12.73,13.93,8.46,14.99,16.69,1.66,2.96,2.98,4.14,1.9,1.38,4.13,2.22,3.99,2.57,4.8,3.51,2.06,1.55,3.72,2.1,3.87,3.86,9.36,9.15,17.08,18.2,16.79,17.16,15.06,16.56,3.56,14.43,3.83,3.22,2.58,3.58,5.18
00-0040246,Julian Ashby,NE,LS,1.0,0,prior,8.9,10.55,11.41,10.64,9.53,12.46,12.16,8.5,8.93,7.02,9.15,11.13,10.9,10.4,11.05,11.39,4.11,4.49,2.67,3.71,2.07,4.54,2.43,4.73,3.98,1.0,1.95,3.3,2.52,3.17,1.83,1.0,1.69,1.39,4.51,1.28,5.2,3.21,3.42,1.38,2.26,2.99,4.58,1.15,3.03,2.82,2.74,1.8,2.41
00-0036636,Brenden Jaimes,NE,OG,,176,measured,12.8,4.57,7.29,8.57,12.92,10.35,11.8,11.27,12.77,12.73,8.18,8.04,8.51,17.5,11.05,14.38,4.03,1.86,2.92,3.52,2.57,2.25,3.37,2.54,1.91,2.75,2.71,3.9,4.1,1.15,2.62,12.15,15.77,3.64,3.44,1.85,3.04,4.4,3.48,3.81,2.57,2.14,3.28,4.05,2.09,2.5,3.44,2.56,3.08
00-0040147,Jared Wilson,NE,OG,1.0,0,prior,12.8,8.8,9.4,5.89,13.36,11.4,11.8,10.51,10.34,8.68,7.75,10.26,14.21,10.4,11.05,11.39,3.33,2.58,3.43,3.97,3.32,1.97,3.13,3.52,2.22,2.77,4.09,3.44,3.25,3.04,2.06,15.91,11.44,3.72,2.88,2.77,3.33,2.76,3.62,3.26,2.87,2.93,2.02,1.78,3.26,1.77,2.71,3.79,3.74
00-0039887,Layden Robinson,NE,OG,2.0,552,measured,8.8,4.16,6.88,4.18,13.37,8.13,11.8,7.61,6.03,6.14,5.81,12.72,16.53,7.76,16.67,16.08,4.27,1.51,3.71,2.99,2.73,2.52,4.08,3.9,1.76,2.11,2.22,3.03,2.96,3.42,3.08,9.32,6.98,2.59,2.53,4.46,2.81,3.98,1.4,3.24,3.5,2.61,1.23,2.38,3.5,2.12,5.14,3.88,3.93
00-0040593,Mehki Butler,NE,OG,,0,prior,11.5,4.01,5.27,3.99,13.39,7.9,11.8,9.61,9.41,8.36,7.38,8.21,14.48,10.4,11.05,11.39,3.98,1.69,3.27,3.22,2.08,2.88,3.96,2.94,3.59,1.43,4.48,1.93,3.49,2.9,1.97,10.77,14.47,1.58,2.4,1.19,3.14,2.08,2.87,4.3,3.52,4.77,3.31,3.22,1.83,3.04,4.64,4.41,3.01
00-0036198,Mike Onwenu,NE,OG,1.0,1934,measured,11.2,3.03,4.16,2.72,13.39,7.1,11.8,11.43,7.58,7.69,10.7,11.83,6.66,17.5,11.05,15.13,3.33,1.98,4.83,2.91,1.89,2.44,2.26,2.78,3.2,2.9,2.88,3.2,2.61,3.5,2.78,9.01,15.53,2.27,3.92,2.47,1.0,2.63,1.75,3.59,2.12,4.25,3.14,2.86,4.6,2.91,3.38,2.65,3.39
00-0035881,Yasir Durant,NE,OG,2.0,1,prior,10.4,1.0,4.19,5.5,10.67,6.42,11.8,9.22,8.03,8.7,7.14,11.63,13.08,12.49,11.05,11.39,1.48,3.09,4.2,3.84,2.35,3.12,2.78,2.4,1.07,1.56,2.33,2.12,3.83,3.02,3.61,13.2,9.38,3.08,3.35,3.69,1.84,3.3,2.08,3.78,3.06,4.44,2.91,3.33,3.82,3.36,4.76,1.73,4.93
00-0039863,Caedan Wallace,NE,OT,3.0,112,measured,10.6,4.67,8.33,4.28,11.6,11.3,11.8,9.97,10.28,5.66,8.13,10.11,11.45,5.24,16.67,14.22,2.85,3.55,2.8,2.17,2.56,2.06,2.67,2.92,2.88,2.99,1.0,2.14,2.98,4.85,5.4,11.57,11.63,5.58,2.7,2.66,2.57,3.63,1.5,2.47,1.0,2.98,3.09,4.93,4.52,4.53,2.03,2.87,2.49
00-0040226,Marcus Bryant,NE,OT,2.0,0,prior,10.1,3.66,5.59,4.86,11.45,8.13,11.8,7.37,4.16,4.65,5.87,16.77,5.49,10.4,11.05,11.39,4.12,1.18,1.0,5.74,4.11,4.85,2.89,3.83,2.7,2.8,3.76,4.62,3.12,2.82,4.57,11.64,11.07,3.49,2.02,1.92,4.74,3.45,4.23,2.1,3.29,2.38,3.14,3.67,3.63,5.16,2.8,1.68,3.32
00-0031330,Morgan Moses,NE,OT,1.0,1589,measured,13.1,1.0,2.4,1.27,11.11,2.08,11.8,14.89,11.31,9.0,13.66,11.1,15.27,8.53,13.94,15.99,3.7,3.0,3.32,1.14,2.18,3.26,2.78,2.49,3.73,1.8,3.96,3.34,4.69,3.54,2.54,15.39,16.5,4.33,4.0,4.68,4.2,2.77,2.81,3.38,5.07,1.45,6.36,2.52,4.81,3.18,1.67,4.23,5.66
00-0037322,Thayer Munford Jr.,NE,OT,,686,measured,10.6,1.15,3.98,5.03,12.22,4.14,11.8,9.4,3.57,7.28,9.88,4.7,13.02,8.56,14.09,5.91,3.44,4.64,1.41,1.89,3.4,2.1,4.63,1.86,3.39,5.71,2.06,3.36,2.6,3.54,2.84,11.53,12.06,1.91,4.45,2.58,4.13,2.19,3.98,1.0,2.77,4.9,3.57,1.0,3.39,2.51,3.41,2.67,4.89
00-0037287,Vederian Lowe,NE,OT,2.0,1059,measured,11.4,3.7,4.25,5.32,12.03,5.99,11.8,8.93,7.08,7.1,7.57,10.29,12.59,12.26,13.87,18.89,3.94,3.08,3.35,3.11,4.85,3.12,4.24,2.34,1.0,3.81,1.77,2.55,2.65,3.18,2.86,14.75,11.84,3.79,2.24,2.09,4.2,2.19,2.53,4.05,2.6,5.11,4.44,1.07,3.68,2.48,3.25,3.13,3.24
00-0040699,Will Campbell,NE,OT,1.0,0,prior,11.4,6.93,8.72,4.54,11.49,11.55,11.8,9.3,8.8,5.27,5.71,4.53,5.24,10.4,11.05,11.39,4.12,1.79,2.56,3.36,2.05,4.35,2.17,2.92,2.82,3.91,2.7,2.19,2.89,1.82,3.14,12.78,12.79,4.22,1.85,3.89,4.45,4.36,3.95,2.5,2.73,3.96,3.44,4.71,1.53,1.33,4.07,4.08,1.28
00-0038610,Bryce Baringer,NE,P,1.0,97,measured,15.8,8.0,9.85,9.67,9.83,12.07,11.23,9.64,13.37,10.89,7.61,12.71,11.97,14.69,11.05,11.39,3.75,3.38,2.13,2.49,4.81,2.45,3.92,2.91,2.5,2.42,3.97,2.23,4.76,1.5,1.0,3.25,1.73,2.99,4.7,3.65,2.15,2.67,3.94,4.41,2.54,2.1,1.86,3.12,1.73,2.31,17.62,13.94,2.48
00-0039851,Drake Maye,NE,QB,1.0,617,measured,11.6,9.28,9.95,11.63,9.76,10.83,11.8,10.66,12.11,8.92,10.77,8.67,11.17,12.99,11.05,17.41,10.42,17.1,8.76,9.14,10.12,14.5,11.6,9.55,3.38,6.2,4.3,3.49,2.31,3.46,2.09,2.35,3.61,4.51,1.34,1.92,4.46,3.42,3.31,3.9,3.08,2.91,4.95,3.29,1.89,2.11,3.74,2.53,4.12
00-0033949,Joshua Dobbs,NE,QB,2.0,681,measured,10.1,10.78,12.43,14.5,9.76,12.55,11.8,10.53,9.33,9.63,11.42,11.05,17.18,15.68,11.05,11.39,9.59,9.13,9.57,11.23,9.73,14.98,8.66,4.47,3.84,4.53,1.59,2.76,3.23,4.28,1.61,4.71,2.44,2.56,2.81,2.29,4.19,3.66,3.5,1.9,1.93,3.6,2.11,2.97,1.96,4.77,2.91,3.14,3.35
00-0038476,Tommy DeVito,NE,QB,3.0,352,measured,7.6,9.87,10.22,11.92,9.76,10.9,11.8,7.39,7.2,3.35,9.14,10.63,14.01,14.69,11.05,5.91,6.9,7.8,8.31,7.85,6.19,6.38,8.05,9.65,4.2,2.07,2.91,3.64,3.15,4.76,5.47,2.2,2.71,3.3,1.93,2.29,2.22,4.82,4.17,1.62,3.18,4.12,1.45,2.65,2.36,4.84,3.62,1.75,3.25
00-0036328,Antonio Gibson,NE,RB,3.0,847,measured,11.7,16.86,15.08,11.95,8.0,13.59,11.8,11.55,10.65,10.47,11.6,11.17,8.65,8.09,15.27,17.74,3.93,3.12,2.58,4.01,3.53,2.03,1.0,8.26,11.01,10.1,12.95,10.81,4.28,11.05,9.98,4.02,3.98,5.02,2.82,4.0,3.21,3.27,2.87,4.13,2.47,1.74,3.12,5.21,1.91,3.73,2.37,2.62,14.58
00-0040567,Brock Lampe,NE,RB,2.0,0,prior,10.6,11.83,12.99,11.49,11.44,13.67,11.8,9.93,7.7,7.56,5.06,12.56,7.91,10.4,11.05,11.39,3.41,3.08,2.98,2.8,1.7,3.49,3.01,11.04,10.91,8.44,7.78,13.91,2.93,5.53,4.62,2.5,8.27,3.5,4.21,4.4,2.35,3.38,2.88,1.12,3.01,4.1,1.6,3.79,2.76,1.86,3.57,2.64,8.89
00-0038518,Deneric Prince,NE,RB,5.0,0,prior,9.1,16.39,16.32,11.97,9.26,14.76,11.8,8.85,12.15,5.5,5.15,8.51,14.46,12.41,11.05,11.39,2.84,3.51,4.82,2.69,2.01,3.55,3.3,15.02,4.7,4.71,4.7,4.94,1.39,5.27,4.83,1.65,9.48,2.65,2.57,2.43,2.69,4.73,2.21,2.18,2.67,2.76,3.53,3.29,2.09,2.57,2.95,1.28,15.55
00-0040568,Lan Larison,NE,RB,4.0,0,prior,10.0,13.47,13.93,12.33,9.04,13.71,11.8,5.6,9.32,11.99,4.81,10.79,11.4,10.4,11.05,11.39,5.03,4.66,4.29,4.54,4.25,1.63,3.8,11.02,8.47,6.92,7.45,13.43,3.94,6.68,6.12,2.07,4.84,3.07,2.91,1.9,4.39,2.05,3.87,3.72,1.79,1.0,1.0,3.37,2.77,1.44,2.32,4.29,9.24
00-0036875,Rhamondre Stevenson,NE,RB,1.0,1146,measured,11.8,11.69,10.85,13.9,7.5,11.05,11.8,11.56,8.19,10.02,8.36,12.51,12.18,7.82,7.45,18.81,3.63,1.88,3.12,3.54,2.0,1.91,2.54,5.86,13.59,11.78,12.47,12.98,4.37,8.74,9.64,4.39,13.54,5.39,1.92,3.49,2.49,5.49,1.26,2.01,2.2,2.49,3.04,1.0,2.5,4.15,1.72,4.73,8.46
00-0039757,Terrell Jennings,NE,RB,,33,prior,8.6,13.04,13.74,11.92,9.59,13.72,11.8,9.2,8.2,7.85,6.47,10.31,9.17,12.99,11.05,11.39,2.67,2.71,2.88,5.32,1.0,4.31,3.0,12.79,5.56,5.07,5.08,8.89,2.06,4.63,4.2,2.06,5.91,3.06,3.57,4.81,3.22,3.32,3.09,3.78,3.23,3.02,3.46,2.68,3.29,2.46,1.24,2.03,11.07
00-0040734,TreVeyon Henderson,NE,RB,2.0,0,prior,11.1,15.93,17.06,12.69,8.88,16.96,11.8,8.18,9.9,9.47,6.46,10.1,7.88,10.4,11.05,11.39,2.19,1.74,1.62,1.85,2.15,2.73,2.52,15.6,8.63,9.29,6.94,8.34,3.31,6.88,5.39,3.5,7.71,4.5,2.89,3.12,1.81,1.0,3.93,1.56,4.72,3.36,2.35,3.3,3.17,1.83,2.45,5.16,14.44
00-0037205,Brenden Schooler,NE,S,3.0,50,prior,9.1,13.48,14.7,14.25,8.15,14.82,11.8,8.36,9.37,7.94,6.67,13.46,9.16,15.68,11.05,14.07,4.47,4.07,4.71,3.33,2.33,2.7,4.93,3.58,3.6,3.57,2.52,1.0,2.66,4.19,3.28,3.79,5.43,2.45,3.69,1.4,2.97,8.15,6.72,8.23,8.72,9.72,9.31,8.07,2.29,1.29,4.36,3.14,17.36
00-0039692,Dell Pettus,NE,S,1.0,313,measured,12.8,13.28,13.84,14.51,7.89,14.31,11.8,10.31,12.28,12.25,9.01,16.97,10.79,12.99,11.05,11.39,3.49,2.62,3.47,4.17,2.47,5.48,3.41,3.53,3.92,1.9,2.51,1.11,2.27,3.12,4.94,1.79,5.15,2.28,2.83,2.93,2.98,7.02,8.95,11.5,15.47,16.47,9.23,14.67,2.47,3.4,2.67,3.02,11.62
00-0036302,Jaylinn Hawkins,NE,S,1.0,1051,measured,10.7,13.5,13.04,14.37,8.37,13.77,11.8,10.92,7.21,11.48,10.5,10.77,16.22,8.6,13.75,7.74,3.63,4.73,2.99,1.74,3.51,3.8,3.37,2.49,3.09,3.21,3.31,2.85,4.5,3.0,4.06,2.38,2.94,2.19,3.65,4.17,2.48,2.97,6.59,12.64,11.97,12.97,9.37,10.66,4.31,2.78,3.92,2.45,9.72
00-0036231,Kyle Dugger,NE,S,2.0,1741,measured,11.5,14.07,16.8,14.0,8.5,18.65,11.8,10.32,10.81,10.32,9.43,9.71,13.24,11.84,17.33,16.64,3.17,2.88,2.38,3.0,3.55,2.5,2.01,1.99,3.53,2.06,2.36,2.13,1.0,1.33,2.91,2.83,3.82,3.03,4.18,1.0,3.78,14.56,14.7,9.72,8.96,9.96,9.41,10.51,4.25,3.12,2.96,3.47,11.87
00-0032392,Austin Hooper,NE,TE,2.0,1103,measured,12.2,9.46,10.48,12.34,9.5,11.76,11.8,11.92,7.13,10.99,9.79,15.24,11.09,7.27,5.3,7.19,4.25,3.0,2.35,4.37,3.75,3.88,2.45,7.04,1.87,7.22,11.01,19.4,19.32,11.31,9.05,9.45,9.88,6.16,2.8,3.08,2.7,3.03,3.37,3.71,3.72,3.39,1.8,1.75,4.29,3.87,3.28,2.03,4.0
00-0040566,CJ Dippre,NE,TE,,0,prior,11.1,10.92,12.46,12.13,16.16,13.65,11.8,7.91,5.11,9.54,3.98,8.32,7.41,10.4,11.05,11.39,2.74,2.46,2.22,2.78,2.25,3.34,3.18,13.6,4.78,12.23,16.02,9.46,9.06,9.21,9.72,10.97,10.38,7.69,3.32,3.86,3.89,3.86,4.25,3.16,2.48,2.79,3.59,4.42,2.61,3.69,2.52,2.96,1.44
00-0033090,Hunter Henry,NE,TE,1.0,1525,measured,11.9,8.51,10.27,11.17,6.5,12.17,11.8,11.56,8.34,7.93,14.92,12.15,11.47,7.93,6.62,5.29,3.12,4.06,2.27,3.17,2.67,2.37,2.56,13.51,2.72,4.68,8.46,15.94,16.97,12.38,13.96,14.28,7.3,10.99,2.7,3.19,2.97,3.72,3.05,3.75,2.25,4.27,1.74,4.34,3.3,4.17,1.73,1.66,2.37
00-0038621,DeMario Douglas,NE,WR,1.0,942,measured,13.8,15.7,17.92,13.87,6.36,17.96,11.8,10.35,12.87,15.12,9.02,9.41,8.97,12.29,7.49,17.87,2.41,4.18,3.46,2.45,1.0,3.25,3.24,11.05,11.79,13.81,12.5,11.48,8.64,14.6,14.95,4.17,3.54,2.47,3.77,2.65,2.97,2.91,1.79,2.46,1.3,3.54,2.61,1.53,3.7,2.97,3.84,2.03,13.17
00-0040563,Efton Chism III,NE,WR,2.0,0,prior,9.3,14.54,14.77,13.07,7.8,15.05,11.8,7.35,6.53,10.82,6.03,15.12,8.22,10.4,11.05,11.39,1.96,3.48,2.81,1.88,4.16,3.47,4.49,8.28,7.22,12.49,11.19,4.63,5.43,8.09,8.58,4.05,2.54,3.68,4.89,1.27,4.62,3.62,1.79,2.05,4.65,3.06,3.55,2.85,3.35,2.28,2.79,2.63,11.26
00-0039907,Ja'Lynn Polk,NE,WR,3.0,405,measured,7.8,13.85,16.11,13.47,7.18,16.62,11.8,9.28,6.01,6.85,7.31,8.87,13.78,8.68,17.62,11.39,2.73,1.54,4.51,4.17,4.16,2.47,2.59,8.17,2.95,7.05,5.74,5.39,5.87,3.91,3.99,5.28,3.2,4.11,4.22,2.33,4.17,5.2,2.87,3.31,4.2,3.43,2.96,3.15,6.33,3.26,3.48,4.42,8.77
00-0040570,Jeremiah Webb,NE,WR,,0,prior,9.8,14.63,14.95,13.46,7.23,14.9,11.8,9.74,10.36,5.6,4.79,9.21,11.91,10.4,11.05,11.39,2.71,3.95,4.37,2.97,4.49,2.74,3.31,7.11,7.71,12.37,11.07,6.32,6.75,8.0,8.16,1.88,2.03,5.4,4.45,1.95,4.77,4.05,3.22,3.99,3.18,2.56,3.97,2.13,3.08,2.49,3.74,2.01,9.22
00-0039505,John Jiles,NE,WR,,0,prior,7.8,14.06,15.01,13.82,6.66,14.81,11.8,7.73,6.32,8.27,5.64,10.17,12.14,10.4,11.05,11.39,3.91,3.53,3.17,3.47,2.29,4.03,4.81,14.87,4.3,13.42,12.12,5.31,3.82,3.82,3.83,4.87,1.1,1.23,2.5,3.03,1.97,3.72,4.08,3.45,1.03,4.16,3.23,1.5,2.71,2.7,1.0,1.6,16.64
00-0038608,Kayshon Boutte,NE,WR,1.0,768,measured,10.3,14.31,13.73,13.37,7.84,10.43,11.8,9.58,8.2,9.69,7.23,11.64,8.81,6.94,7.16,6.88,2.78,5.82,2.65,3.04,3.66,3.58,3.2,14.66,9.82,12.81,11.51,9.89,8.52,7.54,6.96,1.0,1.91,3.54,4.07,1.74,2.06,3.14,2.69,4.32,2.82,2.99,2.68,2.59,3.88,1.49,4.79,4.61,13.9
00-0040131,Kyle Williams,NE,WR,2.0,0,prior,9.9,16.62,15.21,13.75,6.83,14.72,11.8,10.16,8.44,12.19,6.27,11.44,7.12,10.4,11.05,11.39,1.0,4.05,3.33,1.57,2.71,3.49,2.03,8.97,7.47,12.04,10.73,4.34,5.28,8.99,9.6,3.91,3.45,3.57,4.89,3.03,4.36,3.8,2.71,3.63,1.5,2.31,3.07,2.49,4.12,2.18,2.52,3.55,11.49
00-0033555,Mack Hollins,NE,WR,2.0,1325,measured,10.3,12.38,13.43,12.05,7.45,13.94,11.8,11.32,10.3,10.44,11.01,13.84,15.02,12.56,17.67,14.29,1.0,2.72,2.18,3.48,2.26,2.56,3.22,8.42,5.9,8.37,7.06,8.72,12.42,8.76,8.63,3.05,4.08,2.67,2.04,2.03,2.82,2.53,3.54,3.12,3.14,1.78,4.13,3.68,3.18,3.91,2.77,1.0,12.08
00-0031588,Stefon Diggs,NE,WR,1.0,1372,measured,14.6,14.02,12.18,11.83,6.6,12.11,11.8,16.89,17.49,15.27,14.31,10.85,11.91,17.5,11.05,7.74,3.22,3.57,4.77,3.01,3.37,3.73,4.47,11.37,11.29,8.27,6.96,17.13,16.41,15.23,14.13,4.45,2.53,3.91,1.47,4.0,1.93,2.35,1.53,3.34,2.98,3.47,3.37,1.71,2.03,2.67,3.04,3.13,15.2
00-0035242,Erik McCoy,NO,C,1.0,1365,measured,14.3,8.13,8.06,3.36,14.77,10.09,11.8,14.09,7.15,10.84,8.73,10.78,12.54,5.78,15.25,8.23,2.23,2.87,3.11,3.5,4.29,2.37,1.0,1.0,1.69,3.23,5.14,1.61,2.96,3.17,3.57,16.55,15.73,2.94,2.39,2.8,3.02,2.53,3.58,3.58,3.4,2.01,2.83,4.62,2.21,3.82,3.66,3.19,3.19
00-0037814,Luke Fortner,NO,C,2.0,1237,measured,12.2,3.85,4.93,4.3,13.05,5.3,11.8,10.96,8.79,10.08,7.12,9.9,13.79,15.68,11.05,14.83,2.83,1.88,4.98,4.42,3.97,3.28,2.82,3.41,2.61,2.06,2.48,2.25,2.34,2.33,1.63,8.41,18.7,4.49,1.13,2.71,4.73,3.24,3.55,1.67,3.1,4.34,2.72,3.56,2.47,3.28,2.66,2.27,3.88
00-0034436,Will Clapp,NO,C,3.0,659,measured,9.9,1.0,1.97,2.11,12.92,7.21,11.8,9.79,7.27,5.66,9.22,9.8,11.27,11.93,14.01,7.19,4.3,2.19,4.32,2.8,1.0,2.47,2.83,3.01,4.52,3.79,2.1,4.04,2.44,2.92,4.63,10.59,10.48,2.9,2.25,3.8,2.59,4.23,3.18,1.0,5.0,2.02,5.2,3.68,4.39,3.19,2.19,3.01,1.81
00-0038121,Alontae Taylor,NO,CB,1.0,1878,measured,14.6,17.55,17.92,14.13,6.69,14.78,11.8,11.94,10.19,14.21,9.93,10.6,5.21,13.64,14.63,16.2,4.0,1.87,2.89,4.35,4.57,2.15,4.62,2.36,1.91,2.1,3.94,2.59,4.41,3.04,2.07,3.86,4.87,3.6,2.82,1.79,1.0,2.61,10.62,14.3,14.7,14.7,10.17,13.89,2.59,5.43,2.82,1.66,10.96
00-0040535,Dalys Beanum,NO,CB,,0,prior,8.9,14.99,15.79,14.22,6.83,15.19,11.8,10.06,5.53,7.27,6.77,11.83,11.7,10.4,11.05,11.39,3.64,3.6,3.03,2.95,2.06,2.73,3.37,1.76,3.48,3.4,2.41,3.54,2.26,4.13,2.14,2.73,3.78,3.91,1.31,3.35,1.0,7.23,12.31,15.22,5.24,5.24,10.21,4.53,3.15,1.37,4.62,3.54,14.19
00-0034780,Isaac Yiadom,NO,CB,1.0,789,measured,12.4,13.35,13.44,14.23,4.0,13.95,11.8,14.15,10.15,8.57,9.98,10.95,11.76,12.24,14.11,14.67,3.67,3.71,2.26,2.87,3.69,1.52,3.78,3.31,2.36,2.95,3.29,3.65,3.85,2.64,3.19,2.21,2.66,3.31,4.85,2.26,2.14,8.9,11.13,13.27,12.0,12.0,9.36,14.68,2.19,3.57,5.11,2.49,11.33
00-0039725,Jayden Price,NO,CB,,0,prior,8.3,15.09,15.68,13.72,6.79,14.92,11.8,9.6,4.66,9.06,6.63,13.87,11.78,10.4,11.05,11.39,2.93,1.91,4.61,1.38,3.06,3.44,2.71,3.78,4.04,3.29,2.58,3.53,4.65,3.24,1.53,1.95,4.09,3.6,3.17,4.06,2.18,8.56,12.38,17.42,3.91,3.91,10.2,3.91,4.13,3.57,2.71,4.56,7.26
00-0039860,Kool-Aid McKinstry,NO,CB,1.0,634,measured,11.3,15.04,15.64,13.92,7.08,15.04,11.8,10.01,11.12,9.15,9.4,6.16,11.27,8.68,6.5,15.42,3.07,3.54,2.97,4.05,4.36,4.46,3.03,2.81,2.82,2.12,5.48,3.02,5.51,2.92,3.61,1.81,3.74,2.88,3.73,2.93,1.51,7.53,6.38,13.43,10.1,10.1,10.29,9.06,1.53,3.19,3.48,3.67,9.65
00-0040166,Quincy Riley,NO,CB,2.0,0,prior,9.9,14.77,15.51,13.74,6.81,14.93,11.8,8.45,3.94,10.17,6.36,14.34,8.38,10.4,11.05,11.39,2.13,3.5,3.54,3.56,2.88,2.03,3.0,1.94,4.68,3.62,1.0,1.26,2.65,2.08,3.72,2.47,1.27,3.0,2.29,3.26,2.82,6.63,11.06,14.46,7.31,7.31,10.21,6.32,3.41,2.48,3.15,2.46,11.41
00-0038781,Rejzohn Wright,NO,CB,2.0,0,prior,8.3,14.97,15.87,14.33,6.63,15.23,11.8,10.35,6.22,5.74,8.05,14.55,11.9,10.4,11.05,11.39,5.38,2.19,4.97,3.31,3.7,2.51,2.79,3.35,2.58,3.34,2.12,3.62,1.62,2.3,1.89,2.08,3.39,2.88,3.2,2.84,2.49,8.52,11.89,17.33,3.96,3.96,10.15,3.94,3.83,2.12,5.47,3.45,7.03
00-0035142,Ugo Amadi,NO,CB,2.0,577,measured,10.5,13.98,12.76,12.62,9.0,11.99,11.8,12.3,10.1,10.16,8.94,11.92,15.06,6.69,7.04,14.83,3.46,3.18,3.46,4.53,1.24,2.77,2.53,4.46,3.54,2.5,3.93,2.03,2.67,4.56,2.81,3.85,2.7,4.17,2.73,1.14,3.82,11.19,16.37,15.5,8.21,8.21,10.86,8.46,2.35,1.47,3.17,3.25,8.75
00-0038995,Bryan Bresee,NO,DT,1.0,998,measured,11.7,8.53,8.78,7.37,11.33,9.24,11.8,11.23,11.79,11.32,6.82,10.25,16.53,14.69,11.05,15.42,2.87,3.02,3.0,2.4,4.43,1.29,1.83,1.94,3.57,2.61,3.15,2.85,3.46,2.15,2.62,2.18,3.18,3.13,14.63,14.71,14.3,9.62,3.98,9.58,2.26,2.39,3.59,1.43,2.0,2.78,4.81,3.17,3.15
00-0040088,Coziah Izzard,NO,DT,,0,prior,9.0,5.85,7.09,6.3,13.27,9.32,11.8,9.0,8.09,8.84,5.45,6.54,7.5,10.4,11.05,11.39,4.0,1.4,3.37,3.07,3.1,4.4,2.07,2.31,5.1,3.42,2.82,2.54,1.25,3.17,1.32,3.24,4.07,1.72,8.26,6.72,8.39,8.91,8.59,9.3,2.98,3.62,5.54,3.26,4.22,3.89,3.88,2.27,4.26
00-0033860,Davon Godchaux,NO,DT,1.0,1354,measured,8.5,1.96,4.39,4.93,9.0,8.08,11.8,12.47,4.3,7.99,10.47,7.52,9.85,17.5,11.05,18.69,3.25,4.34,4.84,3.42,3.73,1.3,1.89,1.45,3.3,2.0,3.04,3.21,1.67,3.3,3.03,3.72,2.59,3.83,5.54,4.14,8.08,12.16,15.11,2.05,2.37,2.58,3.62,3.5,1.96,2.9,2.14,4.3,3.26
00-0038693,Garrett Nelson,NO,DT,,0,prior,6.4,10.48,12.61,11.9,12.16,13.91,11.8,7.42,3.02,6.77,7.44,11.15,10.54,10.4,11.05,11.39,4.1,5.15,3.39,2.65,4.17,5.09,1.95,5.34,2.73,3.41,1.97,2.46,4.44,3.49,2.46,4.43,3.26,2.42,3.82,4.29,4.8,5.17,3.81,14.34,1.04,2.88,2.64,4.87,2.48,2.77,2.91,2.63,3.9
00-0037283,John Ridgeway,NO,DT,4.0,580,measured,8.1,2.5,4.05,5.61,12.63,7.8,11.8,8.08,7.49,7.39,8.57,12.82,8.62,15.68,11.05,7.95,3.36,2.9,1.0,1.62,3.16,3.15,3.53,3.35,2.41,2.83,4.18,3.42,3.43,2.02,3.9,2.97,4.88,3.9,7.56,5.08,7.06,8.17,10.41,7.09,2.55,3.17,2.19,3.4,1.4,3.3,3.48,2.85,2.5
00-0035944,Jonah Williams,NO,DT,,617,measured,10.0,7.37,9.1,8.91,12.1,11.21,11.8,9.29,8.83,9.93,7.68,9.46,10.53,17.5,11.05,11.39,2.17,3.87,2.62,4.81,2.26,3.26,5.36,3.98,1.81,4.32,1.73,3.61,2.16,1.35,2.95,3.57,3.34,2.04,9.27,8.67,9.7,9.93,10.35,6.11,4.26,4.32,3.85,3.06,3.6,2.02,4.75,3.06,2.52
00-0033093,Jonathan Bullard,NO,DT,2.0,1082,measured,12.2,6.25,8.45,8.22,12.0,10.84,11.8,12.93,8.37,11.75,10.23,5.98,14.05,7.23,7.54,7.45,1.0,2.49,4.19,4.38,3.51,1.47,3.22,3.52,3.69,1.85,2.77,2.09,2.94,4.3,3.22,4.22,4.81,3.06,7.33,6.38,14.82,18.05,13.56,4.45,3.27,2.09,4.32,3.5,1.97,1.78,3.23,1.44,3.05
00-0039401,Khristian Boyd,NO,DT,2.0,65,prior,7.1,5.88,7.05,5.97,13.68,9.34,11.8,9.53,8.75,6.39,7.34,14.12,11.1,12.99,11.05,11.39,3.21,2.64,3.45,4.09,2.9,2.95,4.12,4.36,3.32,1.76,3.93,3.08,4.47,1.72,3.2,2.94,1.62,3.32,5.94,4.27,6.02,5.96,5.23,12.37,4.44,3.73,4.07,1.06,4.37,3.34,3.52,2.37,3.45
00-0034760,Nathan Shepherd,NO,DT,2.0,1067,measured,11.7,4.1,6.37,7.26,12.98,9.53,11.8,13.41,10.61,11.69,9.87,8.1,14.22,17.5,11.05,15.02,2.84,2.33,2.47,4.74,4.05,2.96,3.29,4.59,4.51,2.19,2.14,3.41,2.5,2.16,2.43,1.86,2.06,2.63,14.21,12.16,11.6,10.86,11.04,8.14,3.53,2.49,2.5,5.05,3.61,1.18,3.64,2.14,3.72
00-0040642,Vernon Broughton,NO,DT,3.0,0,prior,10.1,5.79,7.18,6.95,12.45,9.29,11.8,7.43,9.17,8.18,4.79,7.61,15.1,10.4,11.05,11.39,2.9,2.06,2.44,2.68,4.94,1.98,3.21,3.81,2.57,4.36,2.7,3.68,2.74,1.14,1.47,1.68,1.52,4.22,11.06,9.79,10.15,9.12,8.42,9.49,3.95,4.37,1.72,2.4,2.55,1.97,1.84,2.46,2.15
00-0027962,Cameron Jordan,NO,EDGE,1.0,1356,measured,9.2,7.3,8.47,9.83,12.92,9.0,11.8,12.55,3.22,10.6,14.66,13.87,8.49,16.25,14.86,17.25,4.48,2.09,1.71,3.88,1.0,2.3,3.27,4.04,2.47,3.57,2.97,1.75,2.1,1.63,3.56,2.06,3.34,2.25,9.14,7.38,8.63,11.27,12.16,7.57,5.8,6.8,1.86,1.0,3.16,2.47,2.15,2.84,2.68
00-0035402,Carl Granderson,NO,EDGE,1.0,1523,measured,13.5,9.22,11.23,9.39,10.72,13.53,11.8,11.92,13.03,14.72,10.09,8.92,12.83,15.36,14.01,14.58,3.84,1.52,1.84,1.92,2.87,4.08,3.3,1.32,4.44,2.84,2.52,3.21,2.33,3.18,2.68,4.09,3.84,4.62,13.2,12.89,15.5,17.93,18.03,11.61,5.8,6.8,2.03,3.34,3.41,2.22,4.13,1.82,2.79
00-0036321,Chase Young,NO,EDGE,1.0,1203,measured,11.2,10.19,11.8,10.91,10.94,12.99,11.8,12.37,10.32,9.77,11.54,7.4,14.57,11.93,14.06,4.34,2.81,1.4,2.46,3.94,3.47,2.84,2.39,3.18,2.58,2.49,3.9,3.44,1.96,3.01,1.48,4.93,3.42,1.57,12.55,12.5,12.03,9.35,4.54,5.99,5.8,6.8,2.44,5.2,2.4,3.31,1.82,3.43,2.85
00-0036867,Chris Rumph II,NO,EDGE,2.0,188,measured,8.9,12.42,13.51,12.32,9.0,14.0,11.8,12.05,6.88,8.8,7.9,11.09,12.34,6.51,6.16,14.83,2.38,2.87,2.88,3.33,4.15,4.17,2.88,2.92,3.35,3.75,3.14,4.02,2.2,2.38,2.52,3.76,3.35,2.68,7.93,9.34,6.09,6.8,6.54,11.63,5.8,6.8,1.66,3.78,2.63,1.49,4.04,2.68,2.24
00-0038782,Eku Leota,NO,EDGE,,108,measured,8.0,10.75,12.2,11.21,10.92,13.25,11.8,6.58,6.46,9.61,5.97,8.66,7.02,14.69,11.05,11.39,2.18,2.57,2.4,4.39,3.36,3.57,4.19,4.05,2.67,3.45,3.94,3.12,1.95,4.5,2.77,1.48,4.28,3.67,6.03,6.18,6.62,7.99,8.11,12.48,5.8,6.8,3.62,2.89,4.07,4.02,4.11,3.74,4.1
00-0040249,Fadil Diggs,NO,EDGE,,0,prior,9.2,12.92,13.73,11.28,10.67,11.7,11.8,8.98,7.09,7.96,5.06,12.07,14.73,10.4,11.05,11.39,2.91,2.95,2.88,3.74,2.44,2.48,3.81,1.34,2.31,3.2,3.78,2.12,2.12,2.93,3.59,3.07,2.67,4.29,6.51,7.52,7.52,10.04,10.84,14.75,5.8,6.8,1.92,2.49,2.38,3.97,3.48,3.13,2.42
00-0038905,Blake Grupe,NO,K,1.0,57,measured,14.8,10.35,11.27,10.24,9.64,12.42,10.52,11.93,11.01,15.83,5.86,10.49,9.23,14.69,11.05,16.55,1.01,2.87,3.56,2.72,2.45,4.61,1.67,3.79,4.74,1.33,3.68,3.47,2.35,2.65,3.38,4.29,2.67,1.0,2.14,2.44,3.74,2.26,1.0,3.39,1.74,4.09,2.78,2.02,15.1,14.56,4.28,2.17,2.07
00-0039229,Charlie Smyth,NO,K,,0,prior,6.8,10.35,11.27,10.24,9.64,12.42,9.28,6.0,3.05,5.07,7.14,6.28,10.48,10.4,11.05,11.39,2.12,1.85,1.63,4.46,3.98,2.34,3.07,2.94,2.32,5.07,3.91,3.71,1.44,2.87,2.32,4.36,3.8,3.42,3.08,2.93,3.05,2.85,2.9,3.73,2.18,1.51,2.37,4.78,6.27,7.27,4.33,2.13,2.44
00-0040155,Danny Stutsman,NO,LB,2.0,0,prior,10.5,13.85,14.22,13.17,9.97,13.58,11.8,7.01,5.92,9.4,6.67,8.21,14.97,10.4,11.05,11.39,1.56,1.0,2.89,1.9,1.98,4.86,4.16,2.76,3.06,3.76,2.85,3.1,3.08,2.17,3.13,2.55,2.57,2.12,6.75,7.55,10.02,11.18,10.89,13.76,8.77,10.27,2.32,5.82,3.42,1.9,2.62,3.16,4.4
00-0029607,Demario Davis,NO,LB,1.0,2165,measured,12.5,11.72,12.34,9.49,16.16,13.97,11.8,13.87,9.64,7.61,13.65,15.47,9.75,15.17,16.33,16.55,4.4,2.42,3.08,1.53,3.97,3.08,3.28,5.53,1.95,2.04,4.31,4.32,3.39,2.88,3.2,2.1,3.29,2.2,16.87,14.91,9.62,11.55,11.69,11.64,13.15,14.65,2.3,11.03,2.21,4.56,2.58,1.26,3.18
00-0039622,Isaiah Stalbird,NO,LB,3.0,0,prior,8.3,12.26,12.98,11.39,9.62,13.15,11.8,6.2,5.77,2.77,6.45,15.62,12.88,12.99,11.05,11.39,2.22,2.73,2.25,3.53,1.0,3.26,3.35,2.92,4.04,2.74,2.11,1.63,3.4,3.32,3.91,3.07,3.28,1.78,14.33,14.69,5.12,6.6,8.17,12.57,4.1,5.6,3.96,2.03,3.84,3.67,3.22,3.31,4.38
00-0039388,Jaylan Ford,NO,LB,2.0,0,prior,8.2,12.03,13.25,12.54,10.26,13.36,11.8,7.58,5.16,4.07,7.22,12.51,10.11,6.02,16.33,5.91,3.58,2.41,2.69,3.91,3.59,2.26,1.92,2.32,2.6,2.67,2.31,4.44,1.65,3.22,3.08,2.99,4.36,4.11,14.63,14.69,5.09,6.59,7.52,11.19,4.1,5.6,2.95,2.0,3.96,3.89,4.28,1.49,2.51
00-0037544,Nephi Sewell,NO,LB,,88,prior,11.2,11.23,12.61,13.05,10.74,12.56,11.8,9.8,10.94,7.59,8.29,9.65,9.3,15.68,11.05,4.81,2.96,3.69,2.97,4.68,1.77,4.33,2.96,3.85,3.5,3.59,3.09,2.36,3.74,1.7,3.97,4.16,2.86,2.83,12.42,12.03,11.63,12.15,13.97,13.71,4.7,6.2,1.39,2.78,2.5,3.9,3.69,3.96,5.51
00-0036927,Pete Werner,NO,LB,1.0,1515,measured,11.6,12.74,13.87,13.16,10.0,16.56,11.8,9.67,9.5,8.34,10.43,17.41,14.16,7.62,7.47,7.1,4.09,3.89,2.7,1.0,4.5,1.91,3.78,2.9,5.48,3.68,2.06,2.07,2.29,3.19,4.0,3.72,1.92,2.04,3.8,4.2,14.16,14.22,11.36,14.04,10.1,11.6,1.85,7.43,2.15,2.9,2.35,1.17,4.08
00-0033063,Zach Wood,NO,LS,1.0,2,prior,10.9,8.93,9.78,9.25,9.53,11.1,13.76,13.89,9.61,8.08,13.35,10.45,11.42,17.5,11.05,11.39,2.24,2.34,1.76,3.4,3.14,3.45,4.03,3.06,2.44,4.15,1.0,5.5,1.62,3.29,2.55,1.86,3.44,2.37,3.72,2.0,2.48,4.24,5.56,5.12,2.65,4.02,4.93,1.45,2.62,2.36,5.58,3.95,3.56
00-0036408,Cesar Ruiz,NO,OG,1.0,1799,measured,15.1,5.6,8.05,5.29,14.31,12.02,11.8,11.47,11.39,13.5,8.01,10.01,11.53,7.21,4.39,11.39,4.37,3.75,2.1,2.52,3.23,3.89,2.52,1.2,3.45,3.92,2.11,2.33,3.12,3.65,2.62,15.28,19.4,3.88,4.52,1.13,3.61,2.13,2.26,1.9,1.29,2.23,2.02,3.15,1.31,2.07,3.79,3.75,1.6
00-0036619,Dillon Radunz,NO,OG,2.0,1453,measured,10.9,4.53,7.27,9.56,12.46,11.4,11.8,10.28,7.36,7.32,8.53,15.87,13.05,13.94,15.38,6.53,3.51,1.0,3.25,3.26,1.8,1.23,3.33,3.11,3.37,3.47,3.18,2.33,2.06,1.77,3.54,10.68,11.36,4.34,1.51,1.15,3.2,1.68,4.16,1.0,1.75,3.92,2.57,4.04,2.82,1.39,3.57,3.51,3.33
00-0038566,Nick Saldiveri,NO,OG,4.0,326,measured,12.1,3.85,6.73,6.18,12.72,10.58,11.8,10.24,9.19,11.86,5.36,12.45,7.27,7.58,17.83,14.98,4.05,1.62,2.44,3.26,4.29,2.41,2.78,4.12,2.43,2.22,3.18,4.3,4.02,4.95,1.75,13.3,12.94,3.4,3.6,3.18,2.6,2.99,3.88,1.49,2.09,3.8,1.7,1.85,6.15,2.92,5.77,4.91,1.7
00-0040541,Torricelli Simpkins III,NO,OG,3.0,0,prior,11.5,4.02,5.72,5.3,12.95,8.42,11.8,7.1,13.11,9.01,6.62,9.8,14.09,10.4,11.05,11.39,1.42,3.53,4.89,2.78,2.13,3.1,1.12,1.49,4.85,2.35,1.61,1.0,3.1,2.79,3.41,10.77,14.47,3.78,3.68,1.8,3.75,1.0,2.69,3.33,2.04,3.5,4.4,3.05,1.69,3.48,3.35,1.13,3.2
00-0037241,Trevor Penning,NO,OG,1.0,1319,measured,12.1,8.13,8.87,9.37,12.52,8.95,11.8,9.86,8.25,9.47,8.6,8.7,10.85,15.68,11.05,11.39,5.95,1.54,2.28,3.58,3.97,3.13,3.6,2.68,1.79,3.69,3.4,2.45,1.85,4.32,2.32,14.68,10.22,3.27,4.08,2.82,3.21,4.27,4.53,2.29,2.44,4.75,4.09,3.65,5.1,2.25,2.64,3.76,5.57
00-0038601,Asim Richards,NO,OT,2.0,187,measured,10.5,4.65,6.29,5.06,12.48,8.78,11.8,10.37,3.87,8.02,5.71,15.3,7.64,8.36,16.67,15.42,4.07,3.04,2.81,3.2,2.35,1.8,3.36,5.18,3.04,1.0,2.32,3.58,3.36,1.0,1.03,10.85,11.65,2.33,2.15,3.39,1.64,3.35,4.12,2.62,3.9,2.33,2.6,4.2,1.0,3.26,3.02,2.52,2.32
00-0038304,Barry Wesley,NO,OT,3.0,0,prior,10.0,3.93,5.93,5.26,11.83,8.45,11.8,7.25,8.59,5.32,7.71,10.96,5.6,10.4,11.05,11.39,2.66,3.15,3.02,4.31,3.58,2.13,2.77,3.26,2.28,3.45,2.58,3.97,4.39,1.44,2.48,9.62,11.98,2.55,3.96,1.98,1.84,4.06,2.42,2.83,2.04,2.05,1.78,1.2,2.97,1.98,1.95,3.13,2.43
00-0040539,Easton Kilty,NO,OT,,0,prior,10.7,4.34,6.27,5.47,12.26,8.76,11.8,9.41,4.62,9.72,5.39,13.05,14.77,10.4,11.05,11.39,2.01,2.72,2.1,3.9,3.17,3.9,2.7,3.14,3.77,1.71,4.05,3.1,4.91,4.11,2.48,12.57,11.2,3.29,1.9,2.85,4.25,3.67,3.44,1.49,2.81,2.36,3.7,3.11,5.38,4.07,3.25,2.77,2.97
00-0040125,Kelvin Banks Jr.,NO,OT,1.0,0,prior,11.3,4.53,5.67,5.76,12.03,10.44,11.8,8.57,9.04,4.92,8.15,8.62,12.83,10.4,11.05,11.39,3.13,3.16,2.8,2.22,4.32,4.44,2.34,3.99,3.67,2.29,4.97,1.87,4.47,5.47,3.6,12.79,12.79,4.06,3.35,2.18,2.51,3.55,3.48,1.59,2.14,3.41,3.59,4.37,5.54,2.77,1.0,2.89,2.59
00-0036930,Landon Young,NO,OT,4.0,587,measured,10.7,6.65,7.52,4.95,17.09,9.86,11.8,9.32,4.47,6.25,9.13,11.88,9.05,12.56,5.69,14.07,2.33,4.12,1.0,4.22,2.64,2.35,4.3,2.95,3.41,2.88,3.27,1.72,1.04,3.57,2.39,10.44,11.1,3.16,2.73,3.44,5.01,2.31,1.51,1.55,3.38,3.36,1.02,2.7,4.12,2.03,1.05,3.73,3.48
00-0039339,Taliese Fuaga,NO,OT,1.0,986,measured,11.4,4.93,7.27,3.93,10.89,11.28,11.8,8.37,8.51,6.35,7.73,11.85,13.64,12.99,11.05,15.42,1.91,2.67,2.95,3.57,3.15,1.0,2.82,2.76,2.89,1.85,3.28,3.95,3.24,3.56,2.2,14.31,12.49,3.48,3.49,3.9,2.14,4.02,2.94,4.74,4.58,4.34,1.19,3.31,1.54,1.98,3.14,3.7,3.33
00-0040451,Xavier Truss,NO,OT,2.0,0,prior,10.2,3.4,4.9,5.32,11.89,6.82,11.8,8.78,6.99,2.5,6.1,9.46,9.2,10.4,11.05,11.39,4.63,3.32,3.18,2.85,1.78,2.75,2.4,3.27,1.0,3.51,3.98,2.86,3.74,3.34,2.34,11.64,11.08,3.53,3.5,2.25,3.24,2.36,5.31,2.0,2.21,2.67,2.83,2.95,4.14,2.77,3.26,2.94,2.44
00-0040654,Kai Kroeger,NO,P,1.0,0,prior,16.4,8.18,9.94,9.67,9.83,12.07,13.71,13.6,14.96,16.04,8.79,6.87,10.74,10.4,11.05,11.39,1.06,3.05,1.46,4.08,1.7,2.85,2.62,1.05,4.23,1.0,2.64,3.27,2.27,2.63,4.01,4.24,3.88,3.77,3.5,3.83,2.64,3.39,2.93,1.54,2.93,1.11,4.06,2.64,2.23,3.0,20.0,12.79,4.3
00-0040656,Hunter Dekkers,NO,QB,,0,prior,7.4,9.64,10.04,12.01,9.76,10.9,11.8,7.6,7.01,6.83,6.97,13.62,12.9,10.4,11.05,11.39,8.83,6.24,8.21,6.84,6.07,7.34,7.11,7.56,2.15,2.6,4.75,1.97,2.38,3.64,1.0,2.7,2.63,5.85,2.7,1.4,3.89,3.05,3.6,3.99,2.34,1.06,4.17,5.18,4.76,5.49,2.36,3.11,3.77
00-0039376,Spencer Rattler,NO,QB,1.0,357,measured,10.1,7.33,7.87,11.28,9.76,10.92,11.8,8.54,10.28,11.07,8.98,11.57,6.27,12.99,11.05,11.39,11.47,7.42,14.51,10.64,9.26,7.93,10.33,7.4,1.0,4.45,3.5,2.87,3.51,4.23,3.8,4.37,1.53,2.16,2.5,3.56,1.81,1.3,2.4,3.96,2.61,2.51,4.3,2.32,2.69,1.85,2.66,4.28,3.69
00-0033357,Taysom Hill,NO,QB,3.0,618,measured,9.1,6.9,7.36,10.01,9.76,8.78,11.8,8.6,8.29,6.99,9.68,14.44,11.08,6.82,4.73,5.23,10.01,7.28,13.33,9.58,7.62,10.13,6.99,7.64,3.11,3.12,4.09,3.97,3.78,2.19,3.33,3.13,1.15,1.76,2.27,2.68,3.61,2.5,3.99,4.53,3.43,2.15,1.91,2.36,3.12,2.32,1.89,1.46,3.91
00-0040743,Tyler Shough,NO,QB,2.0,0,prior,8.5,11.85,12.17,11.36,9.76,12.14,11.8,8.87,8.8,8.24,7.94,12.08,6.76,10.4,11.05,11.39,11.77,8.62,5.57,6.79,7.86,9.27,9.11,9.62,3.45,3.42,4.62,2.78,2.74,1.69,3.61,4.33,1.16,3.87,2.55,3.89,3.66,1.42,3.34,3.17,3.41,2.62,2.78,2.14,3.16,3.6,3.74,2.8,3.46
00-0033906,Alvin Kamara,NO,RB,1.0,1238,measured,12.1,12.43,15.32,12.03,7.5,17.09,11.8,14.74,11.63,12.73,13.54,11.26,12.95,7.35,4.3,8.02,1.29,2.81,3.11,2.94,1.88,1.0,3.78,14.82,10.09,13.33,10.26,7.63,1.29,16.21,15.21,6.02,15.89,7.02,2.11,1.72,2.75,3.15,1.0,2.97,2.25,2.56,3.8,2.85,2.5,4.27,3.06,2.33,11.97
00-0040202,Devin Neal,NO,RB,3.0,0,prior,9.9,12.74,14.37,12.33,9.04,15.97,11.8,9.16,9.42,8.82,7.72,10.25,13.81,10.4,11.05,11.39,3.52,4.58,4.88,2.79,3.34,2.79,3.54,12.44,7.96,7.1,7.22,12.57,1.0,6.89,6.48,2.18,4.82,3.18,3.61,2.32,3.35,2.37,4.44,3.84,3.69,3.31,3.92,1.44,2.79,3.68,2.48,2.02,9.35
00-0038551,Kendre Miller,NO,RB,2.0,165,measured,10.4,13.28,13.91,11.96,9.31,13.74,11.8,10.24,11.79,9.71,7.05,11.35,3.31,4.41,14.27,5.17,2.75,2.49,3.34,2.64,5.25,3.98,5.2,16.18,8.75,9.99,6.37,6.37,1.95,9.47,7.63,3.8,8.95,4.8,4.98,2.49,3.1,2.65,4.2,2.86,3.8,3.16,3.77,2.96,2.55,4.34,3.76,2.41,13.41
00-0037745,Velus Jones Jr.,NO,RB,4.0,139,measured,10.4,18.6,16.7,12.05,8.2,13.05,11.8,10.34,7.9,12.38,8.17,12.99,4.09,12.57,5.5,16.2,4.48,2.25,2.93,2.83,2.97,2.6,3.84,12.77,7.2,8.37,6.19,6.4,2.76,8.9,8.55,2.38,7.44,3.38,3.83,3.67,2.38,1.48,2.19,2.71,4.12,2.4,3.91,3.42,3.41,1.67,2.87,2.59,16.26
00-0040537,Elliott Davison,NO,S,,0,prior,11.7,13.68,14.68,14.25,7.19,14.09,11.8,9.33,11.42,14.52,6.85,15.35,12.58,10.4,11.05,11.39,2.99,3.66,2.9,2.34,3.31,2.49,1.55,2.0,2.26,4.96,1.67,3.99,3.07,2.19,3.32,3.24,1.0,4.87,4.78,1.57,2.39,9.47,9.39,12.21,11.91,12.91,9.02,12.99,3.66,3.64,3.81,4.11,15.36
00-0040643,Jonas Sanker,NO,S,2.0,0,prior,12.7,14.77,16.44,14.37,6.0,15.98,11.8,9.1,8.2,12.13,6.66,10.84,7.49,10.4,11.05,11.39,2.78,3.54,3.04,3.71,3.3,2.68,1.44,1.38,3.12,4.14,3.57,2.78,3.35,2.7,3.07,3.36,2.71,3.33,1.26,1.0,2.67,11.86,12.27,11.54,12.6,13.6,8.66,14.68,3.45,3.1,2.36,2.44,13.9
00-0038588,Jordan Howden,NO,S,2.0,871,measured,9.7,14.54,14.1,14.46,7.0,13.08,11.8,8.35,10.11,8.4,7.95,10.38,8.75,13.87,15.01,11.39,4.13,2.86,2.76,2.86,1.0,3.67,1.0,2.63,2.94,3.06,2.24,2.59,4.12,3.36,2.76,3.63,3.19,1.4,3.54,4.54,2.8,7.06,8.75,12.19,7.16,8.16,8.96,12.72,5.34,1.79,1.9,1.85,13.85
00-0036253,Julian Blackmon,NO,S,1.0,1951,measured,12.3,13.45,14.35,14.4,7.94,14.54,11.8,11.95,8.36,8.83,9.14,9.5,12.17,7.0,15.75,7.28,2.29,1.95,4.96,4.39,2.46,3.82,2.17,3.21,2.45,2.83,3.59,2.16,2.36,1.0,1.96,3.43,1.84,2.65,2.2,2.19,3.82,9.19,8.52,13.61,12.53,13.53,9.24,14.57,4.03,2.44,2.46,3.48,6.88
00-0034361,Justin Reid,NO,S,1.0,2004,measured,13.7,16.45,17.24,17.26,8.0,15.83,11.8,13.3,13.28,11.99,13.45,12.78,8.61,7.89,14.37,7.74,1.29,2.36,4.2,4.69,3.0,3.29,3.48,4.22,2.16,3.0,2.98,1.0,2.85,3.24,2.23,2.86,3.86,1.68,3.41,5.19,2.25,12.71,12.92,11.34,14.02,15.02,9.26,11.02,1.24,3.33,1.77,3.46,5.99
00-0036421,Terrell Burgess,NO,S,,111,measured,10.0,15.22,15.19,14.42,10.0,13.49,11.8,10.19,8.4,9.29,8.59,12.64,9.82,14.15,11.05,11.39,3.11,3.83,3.25,4.06,5.24,3.55,2.81,3.59,1.97,3.55,1.89,2.67,2.14,2.93,3.24,1.24,1.92,2.71,2.2,1.83,1.0,9.01,11.84,9.39,7.36,8.36,9.86,7.67,2.35,3.47,4.35,2.93,13.58
00-0034981,Foster Moreau,NO,TE,4.0,1360,measured,13.2,11.27,12.82,13.64,11.33,14.9,11.8,10.89,9.37,10.3,10.53,11.66,13.56,13.71,17.11,5.42,3.32,2.69,3.53,3.35,3.44,2.93,2.05,14.05,2.62,12.98,16.76,16.47,15.49,11.66,10.35,16.13,7.13,12.87,2.89,3.02,1.48,4.04,1.7,2.18,1.85,3.55,2.7,3.11,3.33,4.11,3.95,2.09,1.0
00-0036741,Jack Stoll,NO,TE,,700,measured,11.0,12.37,12.94,14.32,8.0,12.09,11.8,9.05,8.17,10.22,9.23,5.51,11.81,17.5,11.05,11.39,2.77,2.24,3.25,2.68,3.66,2.54,3.87,11.92,2.36,11.42,15.21,11.98,11.42,7.17,8.54,12.22,12.25,8.94,2.19,3.21,3.07,4.91,2.78,3.11,3.41,3.77,3.01,3.2,2.69,2.52,3.01,1.74,3.61
00-0036040,Juwan Johnson,NO,TE,1.0,1266,measured,12.9,12.42,14.03,13.02,7.0,13.29,11.8,12.74,9.87,9.65,9.83,11.63,7.74,12.36,5.98,18.84,2.84,1.97,2.81,4.25,2.76,2.1,2.72,4.94,3.05,11.08,14.86,13.19,15.01,13.13,14.84,11.99,15.48,8.7,1.0,3.68,3.81,2.63,1.24,3.69,3.35,2.69,2.39,4.23,2.81,3.2,3.69,2.74,3.47
00-0039702,Mason Pline,NO,TE,5.0,0,prior,7.8,10.27,11.5,12.08,9.81,12.76,11.8,6.32,5.27,2.5,8.3,8.16,18.72,10.4,11.05,11.39,3.28,3.3,2.64,1.91,2.62,4.36,3.13,18.41,2.71,2.04,5.83,6.3,6.8,5.32,5.33,9.37,10.68,6.08,4.08,2.03,2.22,2.03,2.88,3.34,3.39,2.49,2.23,3.23,1.75,3.01,2.6,2.27,2.19
00-0040244,Moliki Matavao,NO,TE,2.0,0,prior,11.0,9.2,10.1,12.11,9.98,11.93,11.8,7.75,8.57,7.04,6.5,8.98,13.85,10.4,11.05,11.39,2.28,3.89,2.89,1.68,3.71,3.53,2.83,9.01,4.33,12.59,16.37,11.03,11.07,9.54,9.95,11.64,10.53,8.36,3.26,2.53,2.19,3.27,3.37,1.0,3.4,3.85,3.47,4.85,3.14,3.4,2.34,3.16,4.24
00-0039518,Treyton Welch,NO,TE,,0,prior,7.8,11.07,12.12,11.91,8.86,13.06,11.8,7.36,3.81,1.51,7.81,11.85,9.12,10.4,11.05,11.39,4.72,2.56,2.49,1.99,2.39,4.93,2.87,18.41,3.39,2.04,5.83,6.3,6.8,5.32,5.33,9.37,10.68,6.08,2.32,2.77,1.96,1.0,3.62,4.54,1.96,2.84,2.99,2.34,4.77,2.86,3.16,3.13,2.21
00-0031236,Brandin Cooks,NO,WR,1.0,1237,measured,13.3,16.97,14.96,17.14,8.0,13.42,11.8,15.24,13.21,13.75,12.45,7.15,10.85,5.88,7.35,6.64,3.97,4.69,2.57,1.79,2.52,2.68,4.38,13.85,5.07,4.77,3.46,16.79,14.22,9.32,9.3,2.6,2.43,3.05,4.73,4.94,1.82,2.99,3.43,2.03,3.92,2.59,2.23,4.05,3.42,3.16,3.81,5.19,15.62
00-0039386,Bub Means,NO,WR,3.0,127,measured,9.8,15.93,15.58,13.13,9.5,16.56,11.8,10.64,7.72,7.9,6.66,13.6,12.22,5.61,5.88,11.39,1.8,1.46,3.36,3.86,3.69,2.71,2.33,8.75,6.58,9.66,8.35,6.27,4.63,8.48,8.9,4.88,3.83,3.44,4.97,2.8,2.11,1.98,3.61,3.31,3.24,1.68,4.1,1.5,3.21,2.94,2.13,4.46,10.25
00-0034418,Cedrick Wilson Jr.,NO,WR,,802,measured,11.1,12.72,13.31,14.26,4.5,14.82,11.8,13.49,12.35,8.81,9.08,9.95,5.49,12.46,18.61,17.62,3.31,1.69,1.9,2.55,2.76,2.46,3.06,7.2,6.03,8.21,6.9,11.99,12.71,8.31,8.86,2.78,2.28,2.76,3.54,2.17,1.33,2.57,2.71,3.06,3.26,4.11,2.73,2.42,3.43,1.13,4.41,2.94,8.41
00-0037239,Chris Olave,NO,WR,1.0,1095,measured,14.4,16.86,16.56,14.19,6.19,13.12,11.8,11.68,13.0,13.09,8.96,10.84,6.99,6.72,18.66,7.05,3.86,5.47,3.85,4.22,5.05,3.27,4.11,12.76,12.32,10.9,9.59,13.54,10.57,15.75,13.93,1.0,1.19,4.75,3.15,2.2,3.46,3.57,1.81,3.62,2.76,2.33,3.64,4.94,2.84,1.88,4.49,3.72,13.23
00-0039424,Devaughn Vele,NO,WR,2.0,421,measured,10.7,15.01,16.07,13.97,6.4,15.37,11.8,8.25,10.68,7.69,8.0,12.82,13.72,7.76,15.21,11.39,3.3,2.09,3.19,3.15,4.45,2.07,2.53,9.15,8.23,9.86,8.55,5.86,6.28,11.13,11.03,2.82,2.69,4.07,3.47,3.05,3.91,1.47,3.27,2.03,3.45,3.06,3.03,2.43,2.32,3.85,3.33,1.92,11.72
00-0037231,Kevin Austin Jr.,NO,WR,,297,measured,11.7,15.93,17.71,16.94,7.63,17.56,11.8,9.44,11.44,11.6,6.45,10.41,14.94,12.99,11.05,11.39,1.69,2.59,2.45,2.01,3.05,2.99,3.31,6.06,5.96,11.09,9.78,6.88,6.48,10.81,13.0,2.7,1.83,3.06,3.49,1.0,3.42,2.31,2.45,2.37,4.02,3.81,3.23,2.91,2.0,1.98,2.78,2.83,10.19
00-0039623,Mason Tipton,NO,WR,2.0,330,measured,9.5,14.97,15.18,13.9,6.62,14.72,11.8,7.56,8.28,10.82,6.18,8.16,7.73,12.99,11.05,11.39,3.45,2.39,3.59,4.02,2.63,2.11,4.37,8.85,3.38,8.95,7.64,4.76,5.21,8.19,10.05,2.14,4.1,3.93,1.73,3.98,1.0,1.89,3.37,4.69,2.59,5.51,1.19,2.77,5.4,3.91,2.72,2.03,11.51
00-0037545,Rashid Shaheed,NO,WR,1.0,798,measured,13.0,15.18,15.44,14.44,5.85,14.52,11.8,10.32,12.3,13.1,9.35,6.54,8.76,5.85,17.28,6.88,3.37,2.04,2.46,3.66,1.55,3.71,2.76,13.51,10.84,9.91,8.6,13.7,8.43,12.85,11.57,4.9,3.86,1.12,2.43,1.78,2.72,3.87,1.35,2.36,2.81,2.67,1.46,3.57,4.82,2.41,4.26,3.13,16.84
00-0040220,Tommy Mellott,NO,WR,,0,prior,9.7,14.12,14.71,13.07,7.75,15.07,11.8,9.2,9.28,9.33,5.88,9.98,10.7,10.4,11.05,11.39,1.15,3.94,4.4,2.43,4.17,3.05,1.83,7.22,7.74,12.26,10.95,6.26,6.68,8.29,8.58,2.41,3.34,1.0,1.0,3.99,3.14,3.51,5.63,4.72,2.96,2.53,3.01,3.25,2.81,3.42,4.03,2.46,8.94
00-0039052,Trey Palmer,NO,WR,2.0,741,measured,10.0,18.24,17.12,14.15,6.23,14.65,11.8,10.38,7.67,7.38,4.42,10.17,11.85,12.32,5.8,18.83,1.45,3.84,2.21,2.9,1.75,2.54,3.25,5.55,3.09,5.6,4.29,4.9,7.15,7.86,8.69,3.11,2.28,5.46,2.65,2.01,2.94,3.37,2.46,3.18,3.13,2.89,2.21,2.16,4.33,3.83,3.25,1.52,11.29
00-0034112,Austin Schlottmann,NYG,C,2.0,258,measured,10.9,2.35,4.6,5.22,14.02,7.29,11.8,10.38,8.09,9.31,11.27,16.38,9.27,17.5,11.05,4.19,2.67,1.82,3.97,3.99,3.38,1.24,4.11,2.28,4.16,3.39,4.47,4.95,3.61,4.22,4.94,10.99,11.24,1.0,3.15,2.13,2.71,1.59,2.17,3.47,2.06,3.51,3.97,3.14,5.16,4.17,3.22,3.65,4.36
00-0039446,Bryan Hudson,NYG,C,,0,prior,10.1,3.47,5.44,6.17,13.22,8.13,11.8,8.13,9.5,7.93,5.12,13.04,7.63,10.4,11.05,11.39,3.91,2.77,3.65,2.31,3.05,3.82,4.89,3.27,3.53,2.67,3.89,1.14,4.01,2.46,1.76,10.66,10.42,3.38,2.36,1.9,3.37,3.37,3.83,1.95,4.13,4.0,1.59,2.62,2.46,2.7,2.28,3.09,4.35
00-0039019,John Michael Schmitz,NYG,C,1.0,1393,measured,9.6,1.75,4.28,7.1,11.68,8.81,11.8,10.19,4.72,8.02,5.88,9.77,14.13,7.99,4.6,8.1,3.94,3.64,2.38,1.44,2.7,2.28,2.36,3.71,3.28,1.4,2.35,2.35,1.25,2.56,4.02,11.34,7.39,3.32,3.33,2.67,4.95,2.58,2.39,2.89,2.94,3.12,1.47,4.39,2.62,1.8,3.64,3.75,2.64
00-0039821,Andru Phillips,NYG,CB,1.0,580,measured,10.3,14.77,17.43,13.65,6.68,19.06,11.8,10.33,8.54,11.29,6.49,9.71,11.07,8.13,18.28,7.95,2.19,3.27,2.57,1.44,2.94,2.2,2.63,4.0,4.86,2.83,3.57,3.33,2.78,2.46,1.93,2.73,3.45,1.48,1.97,2.83,3.08,11.87,15.76,13.25,7.03,7.03,10.17,8.43,4.1,3.96,2.04,2.32,11.96
00-0038788,Art Green,NYG,CB,2.0,45,prior,9.2,14.97,15.87,14.33,6.63,15.23,11.8,9.92,11.15,11.56,7.24,11.12,12.32,12.99,11.05,11.39,2.73,1.0,1.39,2.01,3.53,2.26,4.39,3.03,3.8,1.0,3.18,4.41,4.05,3.27,3.97,3.84,1.0,3.41,3.68,1.51,1.85,7.06,11.8,16.68,5.96,5.96,10.15,4.22,2.17,1.99,4.27,3.23,11.65
00-0037758,Cordale Flott,NYG,CB,2.0,1099,measured,13.5,15.12,15.89,13.69,6.01,14.84,11.8,10.76,10.93,15.4,8.66,12.29,7.04,7.39,13.82,4.91,1.53,4.03,3.23,2.44,2.24,2.4,3.65,3.53,2.38,4.15,3.15,1.0,2.96,4.08,2.53,4.12,4.62,2.03,2.28,3.28,2.37,3.02,8.64,12.55,15.16,15.16,9.97,8.05,2.98,1.98,4.94,2.96,8.67
00-0039306,Dee Williams,NYG,CB,,4,prior,8.3,15.07,15.57,13.8,7.25,14.99,11.8,7.41,8.37,7.15,8.72,13.35,10.92,12.99,11.05,5.91,3.74,3.38,3.36,2.08,3.61,3.34,2.66,2.72,4.09,4.83,2.32,2.25,1.56,1.48,1.39,3.34,2.32,3.46,2.94,1.96,4.02,8.06,12.32,17.35,3.95,3.95,10.34,3.95,1.89,2.29,2.93,2.29,7.68
00-0039000,Deonte Banks,NYG,CB,1.0,1289,measured,12.8,17.78,19.03,14.42,6.77,19.06,11.8,9.93,10.99,11.89,7.5,10.08,4.29,8.18,16.83,4.81,3.31,2.55,3.21,4.52,2.34,2.48,1.94,3.43,5.99,2.3,1.07,1.0,3.67,2.82,3.0,3.58,3.7,4.6,4.89,3.82,1.69,4.15,6.33,14.56,11.06,11.06,10.19,13.71,3.19,3.16,2.11,1.6,7.49
00-0038986,Nic Jones,NYG,CB,2.0,45,prior,9.0,14.08,14.59,13.25,6.62,13.94,11.8,7.92,8.82,7.89,7.08,12.56,11.16,14.69,11.05,11.39,2.53,1.5,3.39,3.08,4.07,3.55,4.26,2.81,3.96,2.92,2.47,2.36,3.09,3.16,3.05,3.87,2.25,4.05,2.71,3.35,4.47,8.62,11.51,15.58,6.09,6.09,10.15,4.3,3.17,3.79,4.72,2.49,10.64
00-0036937,Paulson Adebo,NYG,CB,1.0,1351,measured,16.7,15.47,15.08,17.28,9.0,15.0,11.8,13.95,16.08,13.03,11.08,10.58,13.42,12.46,15.17,14.01,3.04,2.14,3.08,3.06,4.15,3.47,4.22,3.29,3.71,1.96,3.35,2.22,2.01,2.59,3.51,3.7,2.42,2.23,4.38,3.05,2.7,4.47,12.8,16.43,18.95,18.95,10.86,16.51,5.75,3.53,2.49,3.37,12.05
00-0039620,Rico Payton,NYG,CB,3.0,19,prior,8.2,15.08,15.77,13.79,6.53,14.94,11.8,9.16,4.6,6.25,6.89,18.66,12.63,12.99,11.05,14.22,4.72,4.1,4.13,1.0,1.81,3.76,3.54,1.68,1.94,1.39,2.1,2.19,3.19,3.17,2.86,4.13,2.63,2.46,4.07,2.32,1.87,7.5,11.56,17.0,3.98,3.98,10.12,3.97,4.89,5.36,2.15,1.5,10.78
00-0040620,TJ Moore,NYG,CB,3.0,0,prior,8.9,15.07,15.76,13.85,6.62,14.97,11.8,7.43,8.62,12.29,4.66,11.95,11.58,10.4,11.05,11.39,1.0,2.93,3.85,3.4,2.94,2.69,2.57,3.03,1.53,2.4,2.76,4.88,1.05,1.0,1.85,3.77,4.02,1.58,1.28,2.04,2.88,7.23,12.31,15.26,5.24,5.24,10.15,4.53,2.72,2.85,1.26,3.04,14.19
00-0038403,Tre Hawkins III,NYG,CB,3.0,303,measured,9.5,14.98,15.96,14.35,6.3,15.21,11.8,9.05,10.93,8.34,5.37,4.08,11.78,14.69,11.05,5.91,3.6,1.63,3.23,3.2,4.25,1.43,4.28,2.86,1.04,2.56,2.19,4.24,4.01,3.17,2.24,2.51,3.27,3.29,3.25,3.55,4.99,9.54,14.59,16.43,5.91,5.91,10.05,5.93,1.0,3.86,1.12,3.63,12.1
00-0037260,DJ Davidson,NYG,DT,2.0,415,measured,8.0,4.25,5.52,5.13,12.0,8.1,11.8,10.03,6.94,7.31,8.96,12.31,12.07,8.3,15.38,5.05,4.55,4.4,3.43,4.63,3.35,3.43,1.8,2.41,2.99,3.78,4.62,4.17,2.63,2.35,4.21,2.4,2.64,3.27,8.08,6.43,6.91,7.66,8.38,9.53,1.37,3.85,2.85,3.72,3.48,1.54,2.74,3.83,2.61
00-0040694,Darius Alexander,NYG,DT,2.0,0,prior,9.5,7.33,8.47,6.17,14.31,10.93,11.8,9.22,9.43,6.55,6.1,9.74,15.09,10.4,11.05,11.39,3.08,3.2,3.29,2.92,2.51,1.9,5.16,3.98,2.39,2.45,2.93,3.91,1.0,2.16,3.63,2.54,4.44,2.68,10.34,8.96,8.15,7.84,7.7,11.48,2.45,2.18,4.5,1.0,2.08,1.48,4.08,2.05,4.84
00-0035683,Dexter Lawrence,NYG,DT,1.0,1337,measured,15.9,6.0,5.58,3.41,17.92,6.7,11.8,13.86,14.65,15.08,13.4,8.37,13.03,15.33,15.19,18.17,1.94,4.06,2.42,2.74,2.27,1.83,4.19,3.64,4.21,3.21,2.35,3.62,2.15,1.68,1.59,3.67,1.91,3.67,19.4,17.21,16.09,14.33,15.58,5.69,3.66,2.55,1.04,3.93,2.83,2.26,3.28,4.33,5.18
00-0039764,Elijah Chatman,NYG,DT,,384,measured,9.4,8.0,9.25,7.65,14.18,11.66,11.8,7.12,7.1,11.11,5.3,10.02,14.65,12.99,11.05,11.39,3.41,3.11,1.57,1.66,4.34,2.86,2.7,4.63,4.87,2.26,3.54,2.14,2.4,2.16,2.0,2.71,3.33,4.02,9.12,8.01,8.62,8.33,7.15,11.1,4.34,3.48,3.5,3.77,3.77,2.92,3.62,4.91,1.72
00-0037051,Elijah Garcia,NYG,DT,,160,measured,9.6,6.02,7.43,7.2,12.42,9.49,11.8,10.92,6.76,8.28,8.31,11.54,11.05,15.68,11.05,11.39,2.29,2.98,4.0,2.72,3.03,2.7,3.08,2.64,2.73,4.08,3.21,2.46,2.49,4.3,2.99,2.68,2.82,1.41,8.54,7.36,9.37,9.82,10.97,10.25,3.89,3.44,3.97,3.72,3.53,4.38,3.68,4.82,4.12
00-0038506,Jordon Riley,NYG,DT,,322,measured,8.9,4.25,5.52,5.22,12.68,7.96,11.8,7.85,7.35,7.91,7.34,17.94,13.33,14.69,11.05,15.42,4.24,3.56,3.02,4.57,3.16,4.0,2.35,1.74,4.13,4.25,3.54,1.36,4.03,3.99,1.31,2.72,4.0,2.77,8.08,6.19,9.47,9.19,7.42,8.65,5.2,2.08,4.95,2.31,2.45,2.88,4.19,1.68,4.61
00-0031957,Rakeem Nunez-Roches,NYG,DT,1.0,1106,measured,9.6,4.94,7.24,5.16,13.39,11.38,11.8,12.91,7.38,6.24,12.16,8.83,14.05,12.61,7.43,14.14,2.11,1.59,3.98,4.45,2.78,3.32,2.04,2.19,1.61,1.0,3.16,2.21,1.91,2.37,2.09,3.61,3.81,3.3,9.08,7.18,8.95,9.38,10.13,7.7,2.95,3.86,2.09,2.41,3.5,5.28,1.08,4.21,2.07
00-0032667,Roy Robertson-Harris,NYG,DT,1.0,1098,measured,11.2,5.13,6.74,7.29,11.29,8.77,11.8,13.97,7.81,8.38,13.34,14.99,11.73,8.46,13.76,14.64,2.72,5.02,2.88,4.45,2.54,3.12,1.0,1.83,2.14,2.67,3.55,3.67,1.0,2.82,3.54,3.28,3.31,2.93,13.81,12.71,10.88,10.65,9.68,4.62,2.81,4.95,2.86,3.61,2.78,2.29,2.42,3.81,3.63
00-0040677,Abdul Carter,NYG,EDGE,2.0,0,prior,10.4,11.07,12.37,11.29,11.06,13.37,11.8,7.19,9.64,10.66,6.45,14.07,10.39,10.4,11.05,11.39,4.15,3.51,3.81,1.61,3.62,3.37,2.64,1.0,1.99,2.4,2.99,3.42,3.09,4.46,3.67,3.93,2.6,2.49,10.51,10.73,10.76,8.61,6.47,9.97,5.8,6.8,1.0,2.09,3.27,2.76,4.95,2.8,2.93
00-0035713,Brian Burns,NYG,EDGE,1.0,1728,measured,14.9,13.66,16.01,12.97,10.12,15.75,11.8,14.19,13.24,14.8,12.13,10.35,11.88,8.51,15.41,17.99,3.19,2.44,4.16,2.21,2.54,2.32,3.61,2.68,2.04,4.06,4.36,2.86,1.0,2.82,1.18,3.0,2.57,5.11,15.11,16.56,15.17,14.38,13.74,13.07,5.8,6.8,4.34,3.95,4.33,1.85,4.32,3.81,2.58
00-0036982,Chauncey Golston,NYG,EDGE,2.0,1015,measured,8.9,9.47,11.48,7.56,11.21,14.39,11.8,10.07,5.66,6.49,8.42,12.57,12.33,17.5,11.05,14.83,3.7,2.35,4.04,1.0,2.22,2.34,4.8,1.22,3.06,1.17,2.57,4.27,2.79,3.09,2.59,2.85,2.46,3.3,8.02,7.62,6.32,8.57,12.91,8.19,5.8,6.8,3.43,4.57,3.1,1.37,2.5,4.34,3.18
00-0037611,Kayvon Thibodeaux,NYG,EDGE,1.0,1504,measured,12.6,12.74,13.63,12.08,13.85,13.62,11.8,10.45,10.45,8.93,9.51,9.66,9.51,7.83,13.92,17.65,2.88,3.78,2.37,4.44,2.27,3.42,1.95,2.05,1.8,2.96,2.01,3.66,4.9,3.99,3.45,2.16,2.15,3.64,13.77,13.6,13.43,9.13,5.69,11.7,5.8,6.8,1.78,1.0,2.58,4.59,3.86,2.71,3.13
00-0037447,Tomon Fox,NYG,EDGE,,338,measured,9.2,10.33,11.56,10.41,11.92,12.96,11.8,8.04,12.1,6.35,5.69,5.23,9.89,15.68,11.05,11.39,4.68,1.28,3.27,4.34,1.69,2.14,1.61,2.91,3.55,4.73,3.17,3.23,3.57,2.51,5.04,2.65,1.18,2.12,7.93,7.59,8.45,10.53,9.06,13.02,5.8,6.8,4.28,4.88,2.7,3.07,3.95,1.87,1.65
00-0036896,Victor Dimukeje,NYG,EDGE,3.0,501,measured,11.1,8.4,9.95,11.18,14.31,12.95,11.8,12.26,9.66,10.15,9.42,9.27,12.51,17.5,11.05,6.7,2.76,3.65,1.0,4.47,3.21,3.07,5.44,3.14,3.22,1.86,3.48,2.76,3.69,3.06,2.32,3.46,2.18,2.89,11.34,9.49,12.98,13.23,9.62,11.97,5.8,6.8,2.68,4.27,3.01,4.34,3.01,4.0,4.21
00-0026858,Graham Gano,NYG,K,1.0,37,measured,13.2,6.7,7.62,7.12,9.64,9.32,11.84,13.54,7.65,7.61,15.7,8.89,16.12,8.02,15.24,15.42,4.04,3.47,1.0,1.68,3.76,3.24,3.57,2.41,3.93,3.69,3.5,3.53,2.38,2.83,1.64,3.49,1.65,4.41,1.21,3.17,2.95,3.8,2.28,3.58,2.2,2.01,2.39,3.63,13.3,13.1,2.58,1.69,3.17
00-0039934,Jude McAtamney,NYG,K,,1,prior,7.4,10.35,11.27,10.24,9.64,12.42,11.18,7.04,8.12,5.82,7.01,11.59,11.32,12.99,11.05,11.39,3.24,4.3,3.21,2.27,3.1,3.62,2.68,4.63,2.95,4.68,3.71,2.43,1.53,3.24,3.03,3.62,3.13,3.1,3.76,3.73,3.24,3.06,2.78,2.1,4.25,2.3,3.59,2.94,6.42,8.36,4.54,2.41,2.96
00-0035687,Bobby Okereke,NYG,LB,1.0,1820,measured,13.8,12.38,13.49,11.55,10.69,13.19,11.8,11.77,10.28,9.96,12.64,8.53,11.52,7.16,4.4,7.74,4.19,2.54,2.17,3.09,3.02,3.11,3.16,3.16,3.47,3.04,4.38,2.61,3.32,4.03,2.83,3.34,2.29,2.82,7.02,7.05,10.64,13.39,15.88,14.66,17.04,18.54,1.59,12.12,4.22,3.58,3.62,3.66,1.23
00-0034787,Chris Board,NYG,LB,2.0,214,measured,11.2,11.38,12.34,11.75,10.01,12.91,11.8,10.21,8.44,6.13,12.1,11.64,10.5,11.93,14.04,16.4,2.83,3.73,1.6,1.81,3.72,1.6,3.34,4.34,2.51,3.08,4.08,3.4,2.94,2.42,4.73,3.14,2.27,2.89,12.36,12.28,10.78,11.29,10.52,14.99,8.25,9.75,2.96,3.62,3.05,3.47,3.59,4.74,3.18
00-0039829,Darius Muasau,NYG,LB,2.0,410,measured,11.0,10.77,11.63,11.43,10.87,14.44,11.8,7.31,9.28,6.06,3.7,13.16,13.73,8.68,15.98,14.22,2.18,3.09,1.32,2.2,3.13,3.87,2.25,3.01,3.58,4.42,1.76,4.57,3.12,4.95,4.28,1.99,4.37,3.1,6.18,5.58,14.94,15.36,11.94,12.17,7.46,8.96,3.41,6.22,2.26,3.48,3.09,3.71,4.25
00-0035020,Demetrius Flannigan-Fowles,NYG,LB,3.0,269,measured,10.6,12.23,13.09,11.33,9.01,13.02,11.8,8.9,4.98,7.38,6.47,6.78,10.43,7.16,14.55,5.24,3.33,2.9,2.93,3.31,4.35,4.3,1.0,2.57,2.3,4.03,1.84,4.07,4.13,3.87,4.24,3.64,2.6,2.41,9.96,10.53,13.52,11.46,9.94,12.6,7.56,9.06,3.07,5.15,1.76,4.91,2.06,2.67,2.97
00-0037259,Micah McFadden,NYG,LB,1.0,1294,measured,14.4,12.08,13.04,12.47,10.67,13.52,11.8,10.75,11.47,8.07,10.03,10.78,12.03,12.26,6.06,16.03,2.23,3.86,3.4,2.26,2.99,4.74,2.46,3.17,1.51,2.13,3.11,3.44,3.18,3.86,2.74,2.64,3.57,3.44,11.17,11.1,17.67,18.71,17.76,13.95,9.35,10.85,2.82,9.35,4.26,4.29,3.07,2.24,2.38
00-0039313,Swayze Bozeman,NYG,LB,,7,prior,9.2,12.05,12.81,11.7,10.12,13.25,11.8,7.95,5.14,6.09,7.42,11.59,11.09,12.99,11.05,11.39,3.35,3.06,2.41,4.18,3.93,2.94,3.72,2.18,2.38,2.05,4.57,3.67,3.18,2.64,4.15,3.59,3.3,3.6,12.43,12.54,5.75,7.22,10.49,14.45,4.15,5.65,2.29,2.06,3.16,1.0,2.6,1.35,3.66
00-0038399,Zaire Barnes,NYG,LB,,0,prior,8.4,12.01,12.78,11.77,10.25,13.27,11.8,7.53,7.41,2.22,7.05,10.32,16.3,4.02,18.0,11.39,2.9,3.4,3.02,5.36,3.61,3.15,3.48,1.97,3.04,2.6,3.04,3.18,3.08,1.0,3.84,3.54,4.5,4.77,15.37,15.42,5.09,6.59,7.87,12.18,4.09,5.59,3.42,2.01,3.05,1.0,3.35,4.2,3.55
00-0030957,Casey Kreiter,NYG,LS,1.0,2,prior,10.4,8.08,8.94,8.52,9.53,10.37,9.91,11.54,10.02,7.39,13.49,12.99,10.32,17.5,11.05,11.39,3.86,2.88,5.29,1.7,2.2,3.01,1.84,3.63,3.38,1.04,2.9,2.34,2.11,2.24,1.0,2.28,3.61,4.28,3.89,2.48,1.17,3.39,3.43,5.08,3.73,2.22,3.37,1.52,2.24,3.05,2.42,2.87,3.29
00-0034668,Aaron Stinnie,NYG,OG,2.0,636,measured,10.9,3.01,4.31,3.23,13.36,7.04,11.8,10.84,11.19,7.04,8.79,9.22,9.66,14.08,15.46,11.39,4.46,1.91,2.79,3.16,3.28,1.86,4.64,2.26,2.78,4.28,4.34,4.06,1.92,3.38,2.61,8.55,15.15,3.27,3.22,3.3,2.38,3.21,4.43,1.64,3.84,2.08,1.0,3.6,2.78,2.77,4.1,4.05,2.74
00-0037612,Evan Neal,NYG,OG,2.0,1024,measured,7.6,2.66,4.62,4.94,12.65,7.86,11.8,8.05,7.21,5.85,5.46,15.95,7.82,4.68,4.72,13.98,4.31,3.61,3.01,2.0,2.39,2.61,2.45,2.69,4.06,3.9,4.0,2.55,2.82,2.88,5.74,6.91,6.44,1.74,3.81,4.11,2.47,3.02,2.64,2.61,5.44,1.67,4.2,3.61,2.23,2.48,2.05,3.03,3.79
00-0029685,Greg Van Roten,NYG,OG,1.0,1846,measured,13.5,1.81,3.37,2.96,13.12,6.27,11.8,13.53,8.93,13.24,13.4,13.96,10.6,11.93,14.22,11.39,1.4,2.97,5.07,4.06,2.46,2.61,2.98,2.93,3.63,1.12,3.26,4.35,1.76,3.89,2.7,15.72,15.28,1.22,4.76,1.0,1.0,2.61,1.0,2.93,1.97,2.34,3.9,3.36,3.04,1.8,3.12,3.59,4.05
00-0039508,Jake Kubas,NYG,OG,,183,measured,11.5,4.35,5.9,5.09,13.13,8.45,11.8,10.66,12.09,9.14,5.45,15.63,10.14,12.99,11.05,11.39,1.31,1.55,3.86,4.4,3.8,3.91,3.17,2.61,4.29,4.03,2.65,2.35,3.31,4.63,1.71,11.14,13.47,3.77,2.98,3.88,3.07,3.09,1.59,2.9,1.0,2.39,2.83,1.74,3.13,2.37,3.88,4.24,3.07
00-0036866,James Hudson,NYG,OG,2.0,680,measured,10.9,2.95,3.68,3.35,11.33,7.62,11.8,10.76,10.53,7.59,8.16,12.77,12.74,5.91,5.73,8.1,2.99,1.28,2.46,1.0,4.25,3.06,3.31,3.54,2.8,2.56,2.95,2.4,1.92,3.13,4.94,14.33,9.52,1.5,2.88,4.31,2.87,2.99,2.59,2.56,3.14,1.04,1.67,3.21,4.43,3.06,4.07,3.54,2.61
00-0036246,Jon Runyan,NYG,OG,1.0,1814,measured,13.7,5.57,6.77,6.99,12.46,9.73,11.8,11.11,13.76,11.52,9.93,10.36,12.76,12.15,16.67,16.2,2.03,3.57,3.76,1.59,2.75,2.22,2.28,3.13,2.97,5.07,1.82,1.54,3.32,4.23,1.48,12.32,19.09,2.63,3.17,3.44,1.67,2.43,3.87,3.51,2.62,3.56,2.53,3.37,2.25,2.2,4.86,2.07,1.95
00-0038914,McClendon Curtis,NYG,OG,,0,prior,12.1,3.72,5.59,5.58,12.76,8.43,11.8,10.16,7.26,8.97,7.47,6.44,13.12,14.69,11.05,11.39,2.15,2.81,3.38,4.46,3.17,1.0,3.28,3.84,3.54,2.24,3.81,3.06,1.36,3.61,1.78,16.06,9.98,2.97,2.21,5.22,3.29,2.96,2.86,2.16,4.68,4.31,3.79,2.64,2.64,2.69,1.87,3.68,1.87
00-0036386,Andrew Thomas,NYG,OT,1.0,1195,measured,14.5,3.7,6.25,7.14,10.67,9.99,11.8,12.99,9.01,13.58,9.67,13.57,8.03,8.63,4.03,14.46,4.93,3.53,4.24,2.89,2.27,3.08,4.09,3.25,2.63,3.31,2.82,2.34,2.14,2.42,2.96,14.88,19.03,3.35,3.08,4.11,4.34,1.64,3.97,1.63,2.65,2.7,4.1,3.54,3.22,2.7,3.0,3.36,2.74
00-0033290,Jermaine Eluemunor,NYG,OT,1.0,1832,measured,15.0,2.75,4.26,3.07,17.09,7.07,11.8,12.24,11.11,10.39,10.45,6.1,11.55,13.94,7.09,14.01,5.39,1.26,1.9,3.26,2.44,5.03,1.85,4.06,2.7,3.26,3.63,3.25,3.43,2.87,2.22,17.63,17.67,3.67,5.26,3.97,4.02,3.54,2.37,3.27,1.26,3.87,3.04,2.62,3.19,1.8,1.68,1.75,2.59
00-0037807,Joshua Ezeudu,NYG,OT,3.0,464,measured,9.2,4.13,5.67,6.26,12.1,8.46,11.8,8.04,7.72,1.0,9.1,10.07,8.76,12.24,4.63,14.38,3.59,5.02,3.31,6.18,3.43,2.72,3.12,3.54,1.83,2.66,4.58,3.35,1.53,2.82,2.69,11.59,8.03,1.63,1.59,2.04,2.09,2.89,2.89,2.69,4.32,3.69,2.53,2.8,3.17,3.47,2.72,3.8,3.43
00-0040181,Marcus Mbow,NYG,OT,2.0,0,prior,10.5,4.88,6.8,6.07,12.79,9.26,11.8,8.14,4.34,6.39,4.43,8.51,7.67,10.4,11.05,11.39,2.01,3.49,2.52,2.36,2.02,3.29,3.63,1.82,3.61,1.08,2.78,3.44,5.13,1.23,4.1,11.63,11.07,2.63,3.35,1.0,3.39,3.4,4.65,1.45,3.38,1.84,3.94,3.86,3.3,2.77,3.0,3.64,3.17
00-0035042,Jamie Gillan,NYG,P,1.0,103,measured,13.1,8.34,9.99,9.62,9.83,12.02,9.26,11.83,9.17,6.33,9.76,8.58,13.75,12.15,4.75,5.19,1.83,3.41,4.64,2.69,2.67,2.46,3.64,3.37,3.43,3.48,3.32,3.94,1.61,3.26,2.02,3.72,2.29,2.67,2.61,1.82,3.09,4.53,2.38,2.41,1.0,3.72,2.26,2.9,3.48,3.3,10.02,16.26,2.31
00-0031503,Jameis Winston,NYG,QB,3.0,604,measured,9.0,5.79,5.45,10.55,9.76,7.12,11.8,8.83,8.69,6.92,14.94,4.36,8.28,7.19,7.48,4.24,16.75,8.17,7.97,5.84,8.25,13.84,6.2,6.13,2.93,2.69,2.25,2.87,3.33,3.05,1.33,3.85,4.14,2.02,2.93,5.46,2.52,3.86,4.1,2.97,3.57,2.91,3.74,1.96,2.17,3.26,3.22,2.89,3.01
00-0040691,Jaxson Dart,NYG,QB,2.0,0,prior,8.5,9.18,9.68,12.19,9.76,10.89,11.8,10.63,8.74,7.24,5.66,16.26,8.67,10.4,11.05,11.39,12.02,8.71,5.56,6.17,7.81,9.27,9.22,9.62,2.22,3.42,3.65,2.72,2.93,4.33,2.9,2.56,3.52,3.41,2.34,4.26,1.0,1.7,2.82,4.38,3.81,3.13,3.72,3.88,3.3,1.94,1.09,3.44,2.89
00-0029263,Russell Wilson,NYG,QB,1.0,1661,measured,13.9,10.73,10.33,12.81,9.76,10.6,11.8,12.1,12.4,11.81,14.12,12.93,12.88,14.06,15.21,4.0,16.37,11.7,19.75,17.8,13.72,9.73,11.36,7.86,4.51,7.92,4.16,2.28,4.64,4.15,4.04,3.65,2.88,2.3,4.84,2.36,4.39,3.89,3.45,5.36,4.03,2.59,3.62,2.12,4.04,2.3,3.01,1.78,2.31
00-0040715,Cam Skattebo,NYG,RB,3.0,0,prior,10.1,13.47,14.51,12.33,9.04,16.7,11.8,9.74,5.82,8.41,6.81,9.62,6.66,10.4,11.05,11.39,3.71,2.06,2.13,2.95,2.06,1.27,4.09,13.82,7.92,7.68,7.05,10.97,2.56,6.9,6.7,2.33,4.82,3.33,1.95,4.0,3.56,1.6,3.03,3.66,4.79,2.96,2.31,2.97,2.57,3.76,1.51,3.67,10.36
00-0039230,Dante Miller,NYG,RB,,0,prior,8.6,14.22,14.34,12.79,8.22,13.71,11.8,8.63,5.01,8.73,7.3,11.41,11.47,12.99,11.05,11.39,2.5,2.15,3.7,4.16,3.47,2.46,2.91,14.97,4.72,4.69,4.72,5.0,2.53,5.28,4.86,1.55,8.98,2.55,1.34,4.34,1.72,2.28,3.71,4.24,1.73,2.86,4.81,3.74,2.47,3.0,4.16,1.55,14.38
00-0035250,Devin Singletary,NYG,RB,2.0,1050,measured,12.2,11.38,11.94,10.4,7.5,13.45,11.8,11.39,12.68,11.44,7.75,9.94,8.49,7.97,16.81,4.77,2.8,1.19,3.7,4.48,3.52,3.07,2.3,9.99,13.43,11.54,17.51,9.01,2.97,3.2,2.13,9.48,7.57,10.48,1.7,2.74,2.62,3.75,3.68,1.0,3.21,2.2,1.15,3.28,4.33,3.4,4.26,3.57,13.06
00-0038396,Eric Gray,NYG,RB,4.0,143,measured,8.5,13.66,13.38,12.7,8.77,15.12,11.8,9.24,6.64,8.34,8.53,10.45,12.89,14.69,11.05,14.83,1.1,3.86,1.87,2.1,3.26,2.61,2.66,7.69,5.26,5.27,5.87,11.82,3.94,7.46,6.74,1.75,5.63,2.75,3.56,2.72,3.59,4.73,3.4,3.03,3.13,2.46,2.51,2.26,2.64,2.65,2.39,3.96,10.3
00-0039384,Tyrone Tracy Jr.,NYG,RB,1.0,592,measured,11.7,14.77,15.45,17.02,8.76,17.06,11.8,10.78,11.98,13.38,7.06,12.64,10.44,12.99,11.05,15.42,3.55,5.28,4.43,2.86,4.37,1.8,2.87,6.42,9.58,12.26,10.95,9.56,1.01,8.54,7.94,6.7,10.62,7.7,1.4,3.31,3.54,3.46,2.45,2.24,3.61,2.71,2.77,3.87,3.61,2.1,2.87,3.19,8.33
00-0038411,Anthony Johnson Jr.,NYG,S,2.0,214,measured,11.2,13.48,15.01,14.43,8.1,16.11,11.8,10.39,8.38,12.75,7.23,8.58,11.06,14.69,11.05,11.39,3.55,3.46,1.0,3.56,2.89,1.63,4.63,1.22,1.79,2.74,2.88,3.09,2.31,2.79,3.3,1.73,3.92,1.69,3.19,4.08,3.34,9.49,7.55,10.89,11.39,12.39,9.29,13.13,4.55,2.0,2.83,3.55,16.45
00-0039241,Beau Brade,NYG,S,3.0,9,prior,10.3,13.51,14.45,14.35,7.73,14.37,11.8,9.12,10.46,8.55,6.24,13.83,13.74,12.99,11.05,11.39,4.24,2.54,3.34,4.28,2.83,2.34,2.64,3.08,2.57,5.47,2.74,1.18,3.72,2.6,3.0,2.89,1.69,4.11,1.61,1.68,2.44,10.0,6.79,8.15,10.73,11.73,9.18,10.13,4.21,2.11,2.6,2.37,17.87
00-0038123,Dane Belton,NYG,S,2.0,788,measured,14.2,15.93,15.82,13.76,8.1,15.28,11.8,11.56,15.37,13.33,8.35,8.2,6.45,15.68,11.05,16.62,1.0,2.86,3.72,2.77,4.17,1.0,2.48,3.46,2.39,4.11,2.33,2.67,2.88,2.69,2.37,3.64,3.23,3.11,3.48,4.42,3.37,9.55,11.75,14.14,15.98,16.98,9.29,14.16,1.02,4.24,1.83,1.91,13.4
00-0036998,Jevon Holland,NYG,S,1.0,1708,measured,12.2,14.77,15.95,15.3,9.5,15.04,11.8,11.7,11.99,9.67,8.73,9.96,8.79,13.94,17.59,6.58,2.61,1.0,3.62,4.35,3.29,3.34,3.09,3.45,1.0,4.43,2.66,2.72,3.96,2.98,4.03,2.66,1.53,3.59,2.91,3.4,2.26,11.93,9.78,13.77,10.96,11.96,9.71,13.28,5.55,4.0,1.0,1.97,5.09
00-0039881,Patrick McMorris,NYG,S,,8,prior,10.6,13.35,11.73,14.46,7.0,10.7,11.8,9.97,13.05,7.59,5.2,6.05,10.61,12.99,11.05,4.19,2.41,4.64,2.25,2.93,3.11,4.3,3.29,5.01,2.18,2.55,3.02,5.19,1.0,1.25,3.04,1.49,2.96,2.69,3.91,1.38,2.96,9.35,6.5,8.08,11.4,12.4,8.96,11.13,2.95,2.89,3.45,3.46,17.76
00-0037468,Raheem Layne,NYG,S,,78,prior,8.8,13.36,13.96,14.45,7.62,14.1,11.8,7.55,8.31,7.91,7.93,13.91,5.0,5.03,15.98,11.39,2.72,3.1,1.98,3.08,2.67,1.91,2.95,1.34,3.26,2.71,1.33,1.96,3.45,2.16,3.46,2.09,1.33,4.33,3.37,4.23,2.47,7.96,6.79,8.62,8.13,9.13,9.15,8.07,1.66,4.6,4.27,1.02,16.85
00-0039861,Tyler Nubin,NYG,S,1.0,729,measured,14.4,13.66,15.18,14.29,8.47,15.33,11.8,11.11,14.52,9.92,9.9,13.01,11.59,12.99,11.05,11.39,3.9,2.08,1.59,2.11,1.71,2.63,3.42,4.03,2.33,2.98,2.83,1.74,3.82,2.27,2.98,1.92,2.15,1.6,2.37,2.4,2.79,14.68,16.78,13.64,14.18,15.18,9.4,14.72,1.37,2.94,2.83,2.41,7.73
00-0031484,Chris Manhertz,NYG,TE,,729,measured,9.7,8.6,9.79,10.42,9.56,11.29,11.8,12.78,6.27,7.29,11.41,13.3,13.59,8.51,14.76,7.19,4.08,3.17,1.26,1.0,2.56,2.55,4.32,8.32,3.74,8.09,11.87,13.48,14.84,5.71,6.69,6.83,12.12,3.54,1.99,1.59,1.0,2.66,2.61,2.79,2.28,2.06,3.16,3.64,2.9,2.59,2.06,2.83,2.68
00-0038115,Daniel Bellinger,NYG,TE,2.0,1009,measured,11.0,11.85,14.14,11.73,11.33,14.36,11.8,8.58,8.15,7.41,7.13,11.48,9.33,12.57,7.23,17.8,4.14,2.5,1.0,4.77,2.73,2.64,3.42,10.77,4.06,10.86,14.64,18.04,18.33,9.9,10.55,5.53,4.03,2.24,2.73,3.72,1.09,1.36,1.0,1.86,3.19,5.32,1.92,3.66,2.8,2.47,2.47,3.66,3.49
00-0039843,Qadir Ismail,NYG,TE,,0,prior,7.8,11.95,12.61,11.61,7.7,13.14,11.8,5.4,2.29,4.5,4.98,7.39,12.05,10.4,11.05,11.39,4.36,3.35,1.3,2.57,2.39,1.89,2.98,18.41,3.21,2.04,5.83,6.3,6.8,5.32,5.33,9.37,10.68,6.08,2.68,2.7,2.56,3.38,2.53,3.73,3.96,3.98,1.63,1.0,4.96,3.09,2.89,2.74,3.67
00-0039847,Theo Johnson,NYG,TE,1.0,624,measured,11.5,10.31,11.56,12.09,9.79,12.82,11.8,7.45,6.9,10.4,9.38,11.6,19.54,12.99,11.05,11.39,1.89,2.15,3.27,2.57,4.34,1.16,3.28,12.67,3.14,12.19,15.97,8.07,9.93,12.13,12.95,15.76,8.26,12.48,1.37,3.55,4.3,4.02,4.14,2.1,2.93,3.61,3.29,4.4,3.43,3.54,2.72,2.94,1.5
00-0040225,Thomas Fidone II,NYG,TE,3.0,0,prior,10.5,10.77,13.86,13.36,9.56,15.04,11.8,7.65,7.61,8.55,4.55,9.69,12.59,10.4,11.05,11.39,1.0,4.61,3.95,3.88,2.34,4.52,2.85,14.63,1.7,11.76,15.55,10.01,8.96,9.22,9.73,11.2,10.14,7.92,3.0,2.7,2.95,3.53,2.31,4.9,1.64,2.45,5.19,2.74,4.26,3.63,2.06,3.72,4.53
00-0040432,Beaux Collins,NYG,WR,2.0,0,prior,9.3,13.88,14.88,13.57,7.0,14.9,11.8,9.37,8.35,9.79,9.17,10.78,13.2,10.4,11.05,11.39,3.26,3.57,3.25,2.77,2.04,2.85,3.37,8.28,7.22,12.49,11.19,4.63,5.43,8.09,8.58,2.68,2.83,5.32,4.09,3.0,1.69,5.87,2.97,3.75,2.22,3.66,3.71,1.0,2.73,2.22,1.85,3.25,10.99
00-0038477,Bryce Ford-Wheaton,NYG,WR,3.0,3,prior,8.8,17.09,17.84,14.86,7.95,18.15,11.8,10.56,7.66,5.23,5.95,8.77,6.62,8.13,7.07,7.95,4.58,3.58,3.19,2.48,2.58,2.63,2.69,12.19,4.98,13.02,11.71,6.15,3.85,3.85,3.85,2.7,2.22,3.67,1.0,2.58,2.22,3.63,2.85,4.34,3.73,3.57,3.92,3.52,1.81,2.72,4.8,2.68,16.83
00-0040456,Da'Quan Felton,NYG,WR,3.0,0,prior,9.6,14.31,14.71,12.56,8.0,13.06,11.8,7.85,5.19,8.08,7.18,16.11,10.1,10.4,11.05,11.39,3.35,2.77,1.65,2.91,2.19,4.24,2.59,7.11,7.71,12.37,11.07,6.32,6.75,8.0,8.16,1.82,3.42,1.43,3.08,3.79,3.29,3.3,2.71,3.04,3.36,2.31,2.36,4.37,1.24,2.55,3.86,1.16,9.09
00-0035535,Darius Slayton,NYG,WR,1.0,1687,measured,12.2,16.65,18.31,14.43,5.5,18.22,11.8,13.73,13.26,11.83,11.43,8.48,11.8,7.68,15.24,14.68,4.29,1.68,3.85,2.71,2.93,2.94,2.15,12.02,11.7,15.16,13.85,12.94,13.46,7.45,6.3,3.41,2.86,3.23,4.31,3.85,3.55,3.72,3.73,1.39,2.56,1.0,3.28,1.68,2.0,3.73,3.26,4.88,14.26
00-0035645,Gunner Olszewski,NYG,WR,2.0,102,measured,9.0,14.55,14.91,13.72,6.53,14.5,11.8,11.95,7.5,10.14,10.8,11.24,14.11,4.1,17.94,5.32,2.25,3.69,2.7,3.96,1.77,2.68,3.24,8.64,4.97,9.67,8.36,7.21,4.37,5.99,6.93,2.66,3.42,3.41,3.54,3.08,2.55,3.99,2.37,1.0,1.34,4.76,2.69,3.14,2.06,4.33,4.42,4.47,10.83
00-0036635,Ihmir Smith-Marsette,NYG,WR,,111,measured,9.7,15.93,16.07,14.18,5.49,15.75,11.8,9.49,7.51,5.35,10.88,16.84,8.51,12.61,7.39,11.39,1.32,2.59,1.38,2.79,2.22,2.67,4.33,8.09,6.0,11.31,10.01,7.31,4.74,7.18,6.92,2.25,1.68,2.23,3.46,4.38,1.87,3.13,3.03,1.09,3.89,3.31,1.79,3.74,2.7,4.14,1.56,2.79,14.82
00-0038938,Jalin Hyatt,NYG,WR,2.0,680,measured,8.6,16.62,18.41,14.19,6.19,18.18,11.8,7.64,8.61,8.07,7.49,13.41,11.5,14.69,11.05,11.39,2.71,3.22,1.53,3.38,5.25,3.43,4.0,7.63,2.08,4.24,2.93,3.91,6.9,4.81,6.14,4.1,3.83,3.66,3.75,2.7,3.79,3.23,5.11,1.01,2.99,3.09,3.88,3.3,1.0,3.96,3.79,2.17,11.16
00-0035406,Lil'Jordan Humphrey,NYG,WR,,848,measured,10.3,10.0,11.75,12.72,6.5,13.08,11.8,10.13,11.07,8.5,11.17,15.69,14.22,17.5,11.05,13.91,2.52,3.54,3.74,1.0,3.96,3.27,4.47,4.38,9.89,14.95,13.64,9.29,11.98,8.58,9.78,2.8,3.41,1.32,3.44,2.65,3.19,3.95,2.41,3.1,2.89,3.24,2.56,3.28,3.78,3.34,2.02,3.01,7.46
00-0039337,Malik Nabers,NYG,WR,1.0,817,measured,13.1,14.61,15.05,13.71,6.87,14.81,11.8,11.29,10.88,12.53,9.39,12.48,8.28,8.68,5.8,18.26,3.41,2.41,2.59,3.51,1.43,2.84,1.18,16.45,12.19,10.98,9.67,7.6,7.9,16.34,17.67,2.3,3.22,4.57,2.74,2.99,3.59,2.42,3.0,3.04,3.79,3.03,3.11,2.9,4.86,3.32,2.95,1.84,11.79
00-0038117,Wan'Dale Robinson,NYG,WR,1.0,1307,measured,13.7,15.7,14.47,13.4,7.38,13.37,11.8,12.27,12.35,15.39,8.03,8.31,15.36,7.83,4.58,17.8,4.59,4.67,3.7,3.03,2.45,1.0,3.57,17.6,7.32,8.13,6.82,12.51,11.55,14.51,15.73,2.47,2.73,2.52,3.24,3.19,4.68,3.1,3.93,5.26,2.08,2.82,3.27,3.29,2.63,3.78,2.24,2.1,13.08
00-0040401,Gus Hartwig,NYJ,C,3.0,0,prior,10.2,3.37,5.3,5.95,12.58,8.15,11.8,7.99,7.8,6.68,7.62,12.35,8.85,10.4,11.05,11.39,3.53,3.42,1.46,1.0,3.27,3.32,3.85,1.96,4.04,3.08,5.61,3.64,2.82,1.12,4.39,10.96,10.89,3.95,3.86,2.31,3.49,3.87,3.38,3.1,1.0,2.81,2.05,1.89,2.03,2.66,2.33,3.29,1.76
00-0039145,Joe Tippmann,NYJ,C,1.0,1540,measured,13.9,2.85,5.05,5.43,12.94,7.92,11.8,11.67,9.54,13.37,9.04,15.33,7.85,13.87,15.56,14.83,2.91,1.07,3.37,2.37,2.36,2.97,1.73,1.33,4.94,1.85,2.6,2.79,3.4,3.16,3.63,14.32,18.0,1.61,2.67,2.49,1.0,2.05,3.14,2.39,2.53,2.63,5.59,4.07,3.16,2.72,2.33,4.71,2.76
00-0036622,Josh Myers,NYJ,C,2.0,2093,measured,15.4,3.4,5.34,6.01,14.77,8.14,11.8,12.73,11.49,12.84,8.55,8.47,11.89,12.07,16.42,18.49,2.64,3.37,3.18,1.0,3.6,2.59,1.57,3.27,3.22,2.19,2.88,2.24,2.06,4.36,4.7,16.34,19.4,3.07,1.96,4.37,2.39,2.13,3.1,3.7,3.19,4.33,2.98,2.76,5.15,3.3,2.76,4.32,3.25
00-0040133,Azareye'h Thomas,NYJ,CB,3.0,0,prior,9.3,15.0,15.08,14.19,6.77,14.76,11.8,8.59,7.27,7.98,8.15,10.54,12.92,10.4,11.05,11.39,4.02,3.8,3.15,2.29,2.93,4.53,1.2,1.77,2.31,2.42,3.19,4.09,3.21,1.94,4.23,3.44,1.79,4.39,3.35,3.79,2.67,6.18,11.11,14.68,5.94,5.94,10.19,5.96,5.69,2.37,3.01,2.1,7.91
00-0036987,Brandon Stephens,NYJ,CB,1.0,1848,measured,12.5,14.96,15.76,14.34,6.99,15.25,11.8,10.89,7.73,13.01,11.11,10.73,11.82,17.5,11.05,8.31,2.38,3.81,2.36,2.47,2.8,3.17,3.88,2.8,3.24,1.0,3.36,1.03,2.76,1.81,4.0,4.34,2.6,1.69,2.38,2.74,4.94,5.79,7.0,12.41,12.43,12.43,10.26,10.21,2.87,3.95,1.4,2.78,13.3
00-0040397,Jordan Clark,NYJ,CB,,0,prior,8.9,15.12,15.52,13.53,7.21,14.85,11.8,10.22,3.85,7.38,7.04,10.63,9.24,10.4,11.05,11.39,2.24,2.22,5.05,1.99,3.28,2.93,2.83,2.83,3.17,4.25,4.11,2.84,2.19,3.51,3.29,3.55,4.0,3.61,4.87,3.31,3.08,7.23,12.31,15.28,5.24,5.24,10.32,4.53,3.05,2.05,3.22,2.55,14.19
00-0040243,Korie Black,NYJ,CB,,0,prior,9.0,15.05,15.74,13.94,6.75,15.03,11.8,8.68,7.44,8.16,8.84,9.04,13.27,10.4,11.05,11.39,2.38,4.27,4.08,4.38,1.37,2.14,3.32,2.56,2.91,5.17,2.34,2.15,1.64,1.35,3.42,3.12,2.07,2.08,2.58,2.74,4.62,7.15,12.16,15.13,5.36,5.36,10.19,4.64,3.95,3.83,1.0,3.52,13.37
00-0035150,Kris Boyd,NYJ,CB,4.0,63,prior,9.1,15.21,16.28,15.54,9.5,15.61,11.8,9.06,12.47,5.5,9.66,9.27,11.14,11.93,15.02,5.31,2.36,4.12,2.59,3.83,2.49,2.89,2.98,2.78,3.67,3.55,3.97,2.38,1.96,3.87,1.21,1.95,2.67,3.76,3.23,2.68,2.72,7.1,10.67,14.68,5.33,5.33,11.01,4.69,3.75,3.22,1.6,2.35,8.06
00-0036501,Michael Carter II,NYJ,CB,1.0,1010,measured,13.1,15.08,15.58,13.73,7.15,14.95,11.8,12.53,11.71,14.87,9.24,14.34,8.53,8.17,14.7,18.03,5.45,3.65,1.89,2.55,1.35,3.89,2.81,2.49,4.53,3.77,1.49,1.82,2.14,2.88,4.87,3.35,2.44,2.51,2.54,3.18,4.5,9.81,13.2,13.22,13.18,13.18,10.31,9.81,3.52,2.43,4.68,3.55,14.38
00-0039789,Qwan'tez Stiggers,NYJ,CB,2.0,41,prior,9.3,15.02,15.72,14.06,6.94,15.11,11.8,8.48,8.35,10.53,5.55,11.13,14.94,12.99,11.05,5.91,3.8,2.87,3.05,4.59,4.43,3.78,4.23,2.6,4.07,3.31,4.17,4.02,2.98,3.53,2.78,2.74,1.27,3.03,1.52,3.91,3.28,8.63,12.39,15.96,6.05,6.05,10.25,4.27,3.32,3.55,1.0,1.75,9.19
00-0037190,Sauce Gardner,NYJ,CB,1.0,1933,measured,14.1,16.39,16.71,14.44,6.43,15.27,11.8,10.6,12.12,13.67,9.85,13.97,8.61,13.59,18.43,8.39,3.56,4.33,3.4,2.72,3.19,4.19,3.16,2.27,2.79,2.33,3.18,3.13,1.68,4.22,1.93,4.1,3.01,1.81,4.57,2.97,1.86,4.25,4.69,9.56,14.47,14.47,10.09,15.87,2.51,2.25,3.77,3.38,4.97
00-0037155,Tony Adams,NYJ,CB,1.0,1300,measured,14.4,15.0,15.61,14.12,7.36,15.16,11.8,12.83,11.13,12.98,5.82,10.05,11.89,12.17,5.64,15.42,1.75,4.08,3.23,4.76,2.36,2.33,2.43,4.62,3.02,3.12,3.46,4.05,4.89,2.88,4.83,3.27,3.26,4.5,1.98,4.24,3.28,11.76,14.38,15.31,16.06,16.06,10.37,9.64,2.53,2.3,2.19,4.38,18.61
00-0035278,Byron Cowart,NYJ,DT,3.0,415,measured,11.2,4.08,6.61,6.35,13.39,9.49,11.8,11.37,9.06,8.53,9.78,14.09,13.42,14.15,11.05,4.28,3.05,2.04,4.07,3.64,3.62,3.28,3.82,3.0,4.59,2.99,2.87,2.58,3.71,2.64,1.55,4.24,1.26,4.27,12.83,10.63,11.31,10.47,10.47,8.0,2.42,3.59,2.96,2.32,5.31,3.72,4.98,1.65,1.89
00-0034782,Harrison Phillips,NYJ,DT,1.0,1470,measured,13.3,3.29,4.56,9.47,19.4,9.84,11.8,12.3,12.11,12.96,13.23,10.88,9.03,17.5,11.05,18.39,2.11,3.87,2.73,3.05,2.12,3.43,1.69,2.99,4.17,3.12,2.45,3.02,1.0,3.45,4.36,2.97,1.74,2.27,10.52,5.94,13.03,17.01,16.14,5.06,2.79,3.35,4.96,3.06,2.59,2.93,2.91,2.69,2.06
00-0036881,Jay Tufele,NYJ,DT,2.0,352,measured,8.5,6.67,6.93,4.42,15.24,9.16,11.8,10.01,8.67,2.99,7.15,11.12,14.76,12.17,14.01,5.42,3.78,2.44,1.34,2.04,3.22,3.33,4.11,1.69,1.29,2.87,1.94,3.8,3.83,3.32,3.53,4.62,3.1,4.56,7.11,5.17,7.13,8.09,8.3,11.48,1.39,4.24,1.51,2.15,2.4,2.56,2.52,1.11,3.47
00-0039431,Jowon Briggs,NYJ,DT,2.0,122,measured,8.3,6.52,7.67,6.34,13.99,10.01,11.8,7.11,6.86,8.69,5.42,14.04,13.92,12.99,11.05,11.39,2.77,2.02,3.34,1.75,2.88,2.11,2.74,3.26,3.13,3.2,3.29,3.34,3.39,1.96,1.42,3.35,1.49,1.34,7.22,5.66,6.41,7.97,8.76,12.35,2.87,2.43,3.78,4.25,2.4,3.27,3.0,2.57,1.0
00-0039289,Leonard Taylor III,NYJ,DT,3.0,223,measured,10.2,5.85,7.09,6.3,13.27,9.32,11.8,7.55,8.42,8.56,5.9,13.26,13.76,12.99,11.05,11.39,4.32,2.25,1.96,3.04,3.03,1.86,1.4,1.36,3.22,1.65,3.55,1.64,2.24,3.06,3.88,2.12,1.8,3.27,9.87,8.33,9.49,9.69,13.3,10.46,1.67,2.38,3.14,3.89,2.28,1.8,3.36,3.25,1.0
00-0040404,Payton Page,NYJ,DT,,0,prior,8.9,5.43,6.72,6.2,12.92,8.97,11.8,8.53,9.12,7.76,5.79,8.27,12.64,10.4,11.05,11.39,2.67,2.14,3.07,2.83,3.39,3.33,3.18,2.86,3.25,2.47,4.71,1.98,4.4,3.12,4.66,3.86,2.58,4.24,8.27,6.71,8.39,8.91,8.59,9.14,2.78,3.24,2.35,2.82,3.2,2.58,1.0,2.76,1.0
00-0035718,Quinnen Williams,NYJ,DT,1.0,1448,measured,15.3,8.93,9.47,6.48,13.25,10.35,11.8,13.39,13.54,14.16,9.44,11.91,11.79,7.27,14.28,7.53,3.72,6.08,1.73,2.42,3.27,3.73,4.96,2.5,3.29,1.63,5.04,3.16,3.24,4.05,3.67,2.8,2.26,4.55,17.64,17.48,17.07,14.85,13.69,6.37,1.65,2.85,3.45,3.99,3.6,4.49,4.8,3.33,1.33
00-0039284,Braiden McGregor,NYJ,EDGE,2.0,68,prior,7.6,10.12,11.85,11.06,10.63,12.99,11.8,6.7,3.43,6.31,6.77,10.66,8.39,12.99,11.05,5.91,3.2,3.42,2.74,3.03,3.53,3.39,4.76,1.0,2.85,1.0,1.79,2.87,2.49,1.51,3.14,3.06,2.6,2.19,6.88,6.92,5.08,5.35,6.75,10.96,5.8,6.8,3.28,2.56,4.54,3.44,2.81,3.79,2.29
00-0039291,Eric Watts,NYJ,EDGE,,202,measured,7.5,11.23,11.87,6.63,10.67,14.44,11.8,7.88,6.88,7.64,5.22,9.56,7.0,12.99,11.05,11.39,4.84,2.16,1.6,2.97,3.06,2.69,3.02,2.35,3.05,1.95,1.64,3.67,5.7,3.65,3.52,3.33,1.0,3.37,5.25,5.66,5.7,7.51,7.0,13.74,5.8,6.8,2.73,2.61,1.55,2.07,4.1,1.4,3.58
00-0037663,Jermaine Johnson II,NYJ,EDGE,3.0,688,measured,11.6,12.74,14.61,11.28,10.67,13.26,11.8,12.03,7.94,9.62,8.98,7.41,12.1,4.77,15.17,7.37,2.77,3.71,3.07,1.91,2.57,1.0,2.64,1.95,3.82,4.17,2.0,2.27,3.69,4.1,2.31,4.08,1.0,3.23,8.42,9.36,12.57,15.29,14.4,12.49,5.8,6.8,3.02,2.67,2.24,3.46,3.82,3.23,3.56
00-0038107,Micheal Clemons,NYJ,EDGE,1.0,931,measured,9.5,9.8,10.9,10.54,12.46,12.48,11.8,10.09,8.1,10.56,10.82,13.95,13.11,15.68,11.05,7.54,2.0,3.7,3.01,3.14,1.36,3.55,3.76,3.94,3.18,3.87,1.0,3.44,1.05,2.49,4.18,3.29,1.55,2.99,8.46,7.75,8.73,11.07,11.25,10.0,5.8,6.8,3.48,4.16,3.52,5.34,2.42,1.31,4.69
00-0040196,Tyler Baron,NYJ,EDGE,2.0,0,prior,9.0,12.0,13.23,10.99,9.5,14.34,11.8,8.22,6.01,8.49,6.11,9.73,11.48,10.4,11.05,11.39,3.47,4.26,4.75,2.78,4.01,2.57,2.35,3.29,3.45,2.18,2.61,1.49,2.33,2.47,2.21,2.19,3.91,3.38,7.49,8.58,6.79,7.77,10.04,13.09,5.8,6.8,2.25,3.85,4.99,2.95,2.9,1.0,4.55
00-0039142,Will McDonald IV,NYJ,EDGE,1.0,800,measured,13.0,12.54,15.91,12.96,9.83,16.03,11.8,10.47,10.43,10.67,7.99,9.02,8.71,14.69,11.05,15.03,2.86,3.4,4.27,2.84,2.06,3.75,3.42,2.14,3.02,4.2,2.83,3.51,2.68,2.77,3.53,3.68,2.52,3.66,14.26,15.43,14.31,9.25,4.2,9.01,5.8,6.8,3.24,2.68,1.04,1.0,4.27,1.0,1.99
00-0034959,Andrew Beck,NYJ,FB,1.0,312,measured,12.6,9.88,10.81,9.87,9.64,12.05,11.8,10.81,8.24,9.99,11.36,8.9,12.79,7.6,13.97,13.86,2.8,4.25,4.35,3.8,3.46,1.77,1.0,9.94,2.11,7.58,8.61,13.62,1.0,1.9,2.04,13.36,12.17,14.36,4.01,2.24,2.97,2.69,2.11,3.86,2.73,4.33,2.9,3.15,2.48,2.58,2.91,2.88,2.47
00-0039498,Harrison Mevis,NYJ,K,,0,prior,6.8,10.35,11.27,10.24,9.64,12.42,9.59,5.56,4.99,1.0,8.07,13.03,8.65,10.4,11.05,11.39,3.71,2.58,5.95,1.67,3.85,1.67,2.84,1.99,1.33,2.68,2.68,3.25,3.14,2.88,2.79,2.07,5.23,2.79,2.64,1.49,1.49,4.05,2.76,4.31,4.9,2.56,1.76,4.27,6.27,7.27,3.4,2.68,3.71
00-0025565,Nick Folk,NYJ,K,1.0,61,measured,11.7,2.84,5.27,6.39,9.64,8.59,12.18,9.89,7.84,7.31,11.98,13.11,12.13,12.52,6.57,7.5,1.0,3.85,4.19,3.63,2.4,2.33,2.85,3.3,2.59,1.68,2.24,3.11,1.05,2.02,3.69,2.89,2.81,2.92,1.49,2.22,3.12,3.1,4.56,3.3,2.01,3.55,2.87,1.95,11.44,11.98,2.86,3.47,4.48
00-0038513,Cam Jones,NYJ,LB,2.0,131,measured,10.0,10.92,12.49,12.31,8.5,13.02,11.8,8.78,6.96,7.4,5.56,6.16,5.89,14.69,11.05,15.42,3.54,2.13,4.38,3.34,1.0,2.81,1.68,1.31,2.1,2.4,1.5,4.21,3.26,3.18,3.41,1.73,3.6,2.64,9.6,9.88,8.48,10.26,12.46,13.09,4.83,6.33,2.31,2.75,3.33,3.55,1.78,2.18,2.6
00-0040186,Francisco Mauigoa,NYJ,LB,2.0,0,prior,10.8,12.37,13.43,12.64,10.01,14.01,11.8,9.08,4.64,7.28,2.61,10.92,11.25,10.4,11.05,11.39,3.9,3.37,3.14,2.53,1.53,2.64,2.23,3.68,1.95,3.44,1.56,2.34,2.63,2.45,2.71,3.37,3.57,3.85,6.97,7.24,10.53,11.66,11.3,13.67,8.77,10.27,2.82,5.98,1.55,3.14,4.07,2.89,4.15
00-0040408,Ja'Markis Weston n,NYJ,LB,3.0,0,prior,11.5,12.01,12.99,12.58,10.33,13.55,11.8,6.91,9.89,8.17,6.72,9.2,9.78,10.4,11.05,11.39,1.12,4.44,2.19,3.79,3.88,3.83,2.92,3.94,4.85,3.32,3.63,5.06,4.14,4.06,1.0,1.62,3.51,2.56,6.93,6.96,13.17,12.69,13.24,15.48,8.96,10.46,3.15,9.27,2.62,2.72,3.15,3.71,3.55
00-0039288,Jackson Sirmon,NYJ,LB,,0,prior,8.6,11.93,12.91,12.78,10.64,13.6,11.8,8.68,9.54,4.72,7.44,11.04,10.64,10.4,11.05,11.39,2.97,2.99,2.81,4.1,4.2,3.87,2.14,4.45,1.85,3.69,2.84,2.86,3.46,2.31,3.47,2.97,3.81,3.05,14.57,14.46,5.12,6.6,8.17,12.44,4.1,5.6,3.48,2.03,3.64,3.4,2.67,3.15,4.26
00-0036500,Jamien Sherwood,NYJ,LB,1.0,1077,measured,14.5,9.87,12.67,11.71,7.5,14.95,11.8,11.69,11.44,13.28,9.89,14.62,18.9,12.24,14.31,11.39,3.83,2.46,2.55,1.0,4.01,1.76,3.65,1.0,2.99,3.37,4.2,2.0,2.53,3.65,3.43,1.45,2.77,1.9,11.92,12.19,15.8,16.78,18.24,16.01,10.55,12.05,2.62,6.53,3.87,3.63,2.36,2.97,1.51
00-0037526,Marcelino McCrary-Ball,NYJ,LB,1.0,3,prior,9.8,11.96,12.52,11.18,10.36,13.02,11.8,11.09,4.76,6.88,10.58,9.82,11.11,14.69,11.05,11.39,1.95,3.73,2.11,3.85,3.57,2.61,1.87,1.84,3.14,3.93,4.2,2.66,4.08,4.64,3.49,2.48,1.91,3.4,15.74,15.74,5.14,7.33,11.91,12.63,4.13,5.63,1.62,2.03,1.0,3.31,3.3,3.9,1.98
00-0036300,Mykal Walker,NYJ,LB,,585,measured,11.0,11.53,13.25,13.03,10.0,13.27,11.8,10.34,5.93,7.68,8.86,16.23,11.57,16.25,14.45,11.39,2.36,1.75,3.56,1.67,2.43,2.22,2.69,2.88,2.17,1.17,4.73,5.43,3.41,2.34,4.47,1.87,4.25,2.96,6.79,6.76,9.51,10.29,10.4,14.52,11.76,13.26,4.07,11.88,3.29,1.75,2.32,1.79,3.04
00-0035680,Quincy Williams,NYJ,LB,1.0,2056,measured,14.3,11.39,11.78,10.57,11.04,12.57,11.8,11.35,9.27,12.0,12.82,13.97,13.98,8.46,7.04,14.14,1.29,2.24,1.73,3.34,2.77,2.42,4.84,1.24,3.23,1.96,1.28,2.05,2.94,3.79,1.52,3.07,1.47,1.49,7.98,7.54,18.16,19.0,16.1,10.17,14.56,16.06,2.08,11.31,1.0,2.55,3.5,3.79,3.91
00-0033260,Thomas Hennessy,NYJ,LS,1.0,4,prior,9.6,9.42,10.28,9.67,9.53,11.52,11.46,12.6,7.84,8.57,11.74,8.67,11.33,17.5,11.05,11.39,3.33,4.32,2.19,2.49,2.3,3.41,2.26,2.93,2.37,2.41,3.44,1.9,3.58,1.9,3.91,2.3,3.05,1.0,2.38,2.73,1.96,4.78,2.14,4.09,2.16,2.48,3.4,3.09,2.99,4.19,2.51,4.06,2.66
00-0036979,Alijah Vera-Tucker,NYJ,OG,1.0,1186,measured,14.7,6.0,6.8,6.35,17.92,10.68,11.8,11.11,13.41,11.17,11.43,11.9,13.65,13.94,6.71,18.96,2.95,1.25,1.85,2.15,2.78,2.85,2.54,2.37,3.8,3.22,2.88,1.98,2.38,3.64,2.64,16.58,14.39,3.83,3.18,3.66,3.21,3.47,2.12,2.23,2.53,4.5,4.35,2.12,4.09,2.33,1.99,3.61,1.58
00-0036369,John Simpson,NYJ,OG,1.0,1740,measured,13.0,3.38,5.68,2.99,17.09,9.39,11.8,11.79,9.2,11.34,10.05,15.65,7.5,17.5,11.05,14.49,3.36,2.95,3.56,3.96,3.28,2.33,2.6,1.76,3.43,1.11,1.69,3.94,3.63,2.11,3.38,17.33,9.31,4.63,1.48,3.0,2.55,2.33,2.65,2.63,2.85,4.06,2.97,4.03,2.5,2.9,3.22,4.84,1.81
00-0038194,Kohl Levao,NYJ,OG,,0,prior,12.1,3.0,4.78,4.7,12.83,7.87,11.8,9.39,10.34,10.68,5.95,16.27,8.66,10.4,11.05,11.39,3.99,1.83,3.35,2.15,3.56,3.2,3.94,2.35,3.08,3.13,1.6,2.9,2.76,3.37,3.5,16.15,10.17,4.45,3.22,3.15,3.75,1.97,2.68,2.72,1.02,4.51,5.08,2.47,2.43,3.59,3.98,3.12,3.72
00-0040767,Leander Wiegand,NYJ,OG,,0,prior,11.5,4.05,5.75,5.34,12.95,8.44,11.8,8.78,9.97,6.91,5.69,10.61,10.69,10.4,11.05,11.39,5.15,2.97,2.57,3.05,5.14,3.56,3.29,2.91,1.33,4.03,3.27,3.74,5.13,2.49,2.46,10.77,14.47,3.62,3.28,3.44,2.61,3.98,1.71,2.14,4.04,3.13,3.72,3.28,1.9,4.02,1.79,3.58,1.0
00-0037748,Marquis Hayes,NYJ,OG,,0,prior,12.1,2.5,4.25,5.1,12.97,4.95,11.8,10.78,7.71,11.91,7.72,8.74,15.78,10.4,11.05,11.39,2.89,2.95,1.11,2.52,3.69,2.42,3.69,2.48,3.35,3.53,3.08,3.21,2.36,2.39,2.06,16.15,10.16,1.13,4.14,3.18,2.53,2.23,2.11,3.2,1.61,3.98,1.59,3.04,3.36,4.35,2.28,1.92,4.21
00-0037601,Xavier Newman-Johnson,NYJ,OG,2.0,204,measured,10.9,4.31,5.41,3.74,13.58,7.91,11.8,9.74,8.24,8.71,7.74,4.25,14.31,7.34,15.49,7.95,4.17,4.44,1.0,3.09,2.67,3.31,3.07,2.5,1.54,2.82,2.21,3.38,3.1,1.88,1.63,10.35,12.86,2.49,2.93,3.27,3.11,2.37,1.0,3.55,2.84,3.93,2.4,2.37,3.36,3.85,2.9,3.44,2.26
00-0040123,Armand Membou,NYJ,OT,1.0,0,prior,11.4,7.87,9.68,4.48,12.1,12.73,11.8,7.6,7.61,7.16,7.19,10.79,8.78,10.4,11.05,11.39,2.62,5.19,2.62,1.8,1.38,3.39,3.75,4.04,3.18,2.96,2.61,3.55,2.57,3.0,2.53,12.79,12.79,2.85,3.41,3.55,3.18,2.08,3.05,3.88,3.93,1.82,1.1,2.81,2.88,1.75,2.15,3.08,2.05
00-0034768,Chukwuma Okorafor,NYJ,OT,2.0,778,measured,9.9,2.32,4.15,4.46,9.5,4.93,11.8,10.24,7.03,4.51,9.65,9.51,11.41,16.35,14.04,11.39,1.36,1.6,4.56,1.53,2.88,2.39,5.76,1.0,1.16,2.81,4.87,3.4,2.31,3.17,2.85,13.51,9.65,3.15,3.55,4.13,3.05,4.67,3.69,1.85,4.4,3.69,3.15,3.73,4.79,3.93,4.35,2.38,2.65
00-0040092,Esa Pole,NYJ,OT,3.0,0,prior,10.4,3.58,5.49,4.74,11.34,8.04,11.8,8.36,6.45,6.74,6.8,11.48,10.91,10.4,11.05,11.39,3.24,2.87,3.73,3.7,1.1,2.26,1.53,4.07,3.69,4.39,1.65,3.63,4.25,2.42,4.94,12.57,11.2,5.0,2.6,4.65,3.58,5.18,2.87,4.22,4.08,3.04,2.85,1.0,4.32,2.28,2.67,2.59,1.27
00-0038114,Max Mitchell,NYJ,OT,2.0,653,measured,13.1,2.2,4.9,3.98,12.57,6.48,11.8,11.13,7.31,10.4,7.69,10.18,5.53,8.34,14.63,6.88,2.92,1.9,4.09,3.13,2.89,1.01,2.03,1.55,2.05,2.74,2.8,2.93,2.8,3.07,3.87,14.18,16.57,2.72,2.39,2.47,2.77,2.81,3.34,2.17,4.16,3.21,3.72,4.88,1.0,2.06,2.93,3.29,3.69
00-0039790,Olumuyiwa Fashanu,NYJ,OT,1.0,495,measured,12.5,5.2,7.0,4.89,11.83,11.04,11.8,7.21,10.41,10.35,8.75,11.21,5.67,12.99,11.05,15.42,3.84,3.24,2.62,2.27,3.09,5.08,3.4,3.75,4.23,4.82,1.0,2.19,2.19,2.03,2.5,10.82,17.53,1.75,4.35,3.83,2.72,3.41,4.46,3.84,3.69,3.82,1.87,1.33,3.74,2.6,2.19,2.02,2.31
00-0039634,Austin McNamara,NYJ,P,1.0,0,prior,6.2,8.35,10.02,9.67,9.83,12.07,8.71,6.78,3.78,3.14,9.2,10.58,11.27,10.4,11.05,11.39,2.81,2.28,2.22,1.25,3.58,1.73,1.64,2.47,2.97,1.0,2.3,3.57,3.59,3.58,3.73,3.25,4.49,1.29,2.57,2.86,2.98,2.19,2.77,3.76,2.32,2.27,4.24,2.6,3.09,4.52,6.15,6.15,3.9
00-0040398,Brady Cook,NYJ,QB,,0,prior,7.5,12.56,15.26,14.36,9.76,16.31,11.8,7.6,7.06,6.33,10.41,11.37,11.42,10.4,11.05,11.39,8.83,6.24,8.21,6.84,6.07,7.34,7.11,7.56,3.58,2.6,3.76,2.7,2.93,1.74,1.03,3.94,3.27,5.16,2.48,2.88,3.46,3.99,3.16,1.85,3.61,2.31,4.64,2.91,3.09,2.99,1.0,2.71,3.56
00-0036945,Justin Fields,NYJ,QB,1.0,1291,measured,12.1,15.47,13.08,11.88,9.76,10.86,11.8,9.89,11.37,9.53,10.06,15.41,16.5,6.17,5.51,4.13,13.48,11.4,13.93,13.26,14.31,10.33,11.06,6.41,2.2,9.7,3.84,3.85,3.13,3.5,3.43,1.64,3.06,2.93,4.41,1.99,2.74,3.21,2.73,2.33,3.83,2.93,4.68,3.96,1.83,2.51,3.29,2.21,2.12
00-0028118,Tyrod Taylor,NYJ,QB,2.0,280,measured,11.5,12.39,13.28,14.53,9.76,13.97,11.8,11.83,9.8,8.27,14.84,13.58,12.72,5.33,7.53,6.36,15.39,10.98,11.95,10.99,8.36,14.59,9.43,7.15,2.64,1.58,4.22,2.56,4.9,3.48,2.06,4.24,2.21,2.09,4.05,1.88,2.94,3.41,2.65,4.47,3.31,4.18,3.13,2.98,1.87,1.7,3.47,1.0,3.12
00-0039794,Braelon Allen,NYJ,RB,2.0,260,measured,10.2,12.61,12.57,11.57,13.39,12.14,11.8,8.97,7.56,9.74,8.15,9.44,11.86,12.99,11.05,15.42,2.14,3.23,3.06,3.9,3.65,3.3,3.13,15.63,8.8,8.21,8.22,5.85,4.24,9.79,9.34,3.29,10.09,4.29,3.41,2.35,3.02,3.81,3.39,2.17,3.41,3.35,4.32,1.59,3.54,5.28,3.81,2.02,11.27
00-0038120,Breece Hall,NYJ,RB,1.0,1196,measured,12.4,16.86,17.06,12.28,9.32,17.34,11.8,11.18,10.73,10.48,9.11,9.06,14.0,14.27,15.98,18.87,2.69,1.42,3.04,2.97,2.23,1.64,1.83,7.48,10.56,16.26,9.54,10.13,4.25,13.82,12.28,9.08,10.3,10.08,2.23,3.04,2.93,2.8,3.61,3.53,3.79,1.36,3.33,4.5,3.83,3.31,2.64,4.96,11.05
00-0039798,Isaiah Davis,NYJ,RB,3.0,98,prior,10.1,12.92,13.23,11.65,12.0,13.51,11.8,7.86,10.99,11.5,7.22,11.2,13.76,12.99,11.05,11.39,4.76,2.06,2.56,2.52,2.26,1.0,5.02,14.53,8.09,8.45,6.77,12.04,4.16,10.0,9.55,3.4,5.12,4.4,4.81,4.46,3.09,2.44,2.03,2.09,3.96,3.69,5.14,2.92,3.47,4.05,3.7,4.09,10.5
00-0036842,Kene Nwangwu,NYJ,RB,4.0,18,prior,8.8,14.12,14.59,11.78,8.47,13.84,11.8,10.29,8.26,6.45,9.25,10.71,7.88,4.33,16.19,7.31,3.53,2.36,3.23,2.28,3.72,3.71,2.61,15.44,4.82,5.38,4.85,5.8,2.84,5.99,4.83,3.07,7.84,4.07,3.18,1.46,1.65,4.29,3.03,2.93,2.26,1.98,3.52,4.74,2.77,3.34,3.14,3.08,16.01
00-0040758,Lawrance Toafili,NYJ,RB,,0,prior,10.2,14.59,14.8,12.18,7.98,13.83,11.8,8.34,9.13,8.86,6.12,10.76,13.51,10.4,11.05,11.39,3.09,2.81,5.45,2.49,4.42,3.75,2.85,11.02,8.47,6.92,7.45,13.43,1.84,6.68,6.12,2.07,4.84,3.07,3.14,4.74,2.33,3.99,3.35,2.2,3.51,3.12,3.61,1.93,3.82,3.32,3.88,3.36,9.68
00-0036941,Andre Cisco,NYJ,S,1.0,1850,measured,10.6,13.46,14.38,14.38,8.5,14.5,11.8,9.59,9.58,6.22,8.31,13.81,9.31,14.31,14.97,7.29,3.82,3.23,3.82,3.73,3.85,2.45,3.14,2.21,1.66,2.28,3.2,4.07,2.78,2.1,2.02,1.56,2.98,3.75,2.72,3.77,3.07,10.14,5.8,12.8,9.47,10.47,9.41,15.1,1.61,1.85,3.84,2.35,6.45
00-0040396,Dean Clark,NYJ,S,,0,prior,11.9,13.41,14.31,14.42,8.05,14.62,11.8,11.44,11.82,11.42,5.53,13.73,11.28,10.4,11.05,11.39,4.05,3.02,4.27,3.82,2.35,3.04,2.34,3.29,3.79,2.99,3.93,3.04,3.54,3.77,3.92,1.53,3.48,3.81,1.46,3.95,2.46,9.47,9.39,12.1,11.91,12.91,9.28,12.99,3.85,2.62,3.28,1.79,15.36
00-0034357,Isaiah Oliver,NYJ,S,2.0,995,measured,9.5,14.01,14.4,14.18,8.27,14.52,11.8,13.04,6.11,9.64,9.28,10.93,10.18,17.5,11.05,7.74,3.36,1.0,2.21,3.37,1.16,3.1,3.9,2.55,5.3,3.52,4.08,2.86,3.44,4.25,3.35,2.12,4.02,3.77,2.19,2.45,2.55,5.31,15.49,10.15,4.6,5.6,9.34,7.62,2.72,2.56,3.86,4.48,12.01
00-0040165,Malachi Moore,NYJ,S,2.0,0,prior,12.6,13.34,13.94,14.47,7.68,14.14,11.8,11.41,10.44,10.04,3.95,5.39,12.47,10.4,11.05,11.39,4.25,2.79,2.99,4.03,3.98,2.75,2.98,4.61,1.22,3.56,3.43,3.07,1.91,2.42,3.26,2.33,2.69,1.43,4.36,3.1,2.29,11.05,11.97,11.53,12.29,13.29,9.16,14.65,2.63,2.95,4.02,4.43,15.01
00-0037755,Jelani Woods,NYJ,TE,4.0,138,measured,10.4,12.18,12.43,12.15,12.46,12.73,11.8,8.39,8.44,5.41,8.38,13.02,12.44,8.73,7.03,14.38,3.08,3.1,4.01,2.7,2.28,1.56,1.0,17.27,4.6,4.41,8.19,8.91,7.62,13.25,9.96,10.62,8.69,7.34,1.94,1.56,3.3,2.46,2.94,1.69,4.95,3.07,1.97,3.27,3.22,3.61,2.81,2.25,4.29
00-0037805,Jeremy Ruckert,NYJ,TE,2.0,584,measured,10.2,10.71,11.85,12.0,9.5,12.94,11.8,7.86,6.46,7.44,8.27,16.5,14.46,14.01,6.39,11.39,2.44,3.83,4.11,1.7,2.19,2.59,2.46,13.02,3.5,5.78,9.56,9.75,12.12,12.03,12.16,9.07,8.54,5.79,3.61,2.68,3.58,3.36,2.86,2.57,1.24,2.54,3.78,2.18,3.49,3.13,4.45,1.69,2.27
00-0040736,Mason Taylor,NYJ,TE,1.0,0,prior,11.7,10.52,11.74,12.05,9.53,12.91,11.8,10.36,7.57,7.37,8.96,11.74,11.72,10.4,11.05,11.39,3.67,3.1,3.37,4.28,2.47,3.93,2.31,15.89,3.14,8.49,12.27,9.81,8.55,14.16,12.65,14.87,10.08,11.58,3.75,1.65,2.38,2.73,2.0,3.65,2.64,4.13,1.98,2.86,2.63,3.58,2.61,3.16,1.37
00-0037475,Stone Smartt,NYJ,TE,3.0,391,measured,11.7,11.39,12.33,11.81,8.44,13.13,11.8,9.22,9.04,7.93,7.73,11.91,2.41,13.59,16.67,7.43,3.95,3.18,3.56,3.16,4.21,4.85,2.24,10.21,4.16,8.45,12.24,11.27,10.59,14.41,13.65,8.64,15.61,5.36,1.0,2.55,2.54,1.42,3.68,3.18,1.17,3.39,2.65,2.01,2.19,1.78,2.63,3.07,3.48
00-0034521,Allen Lazard,NYJ,WR,1.0,1405,measured,10.3,12.73,13.57,12.62,8.5,15.42,11.8,11.58,7.1,12.01,10.14,16.02,13.76,6.61,7.54,14.09,3.19,2.7,2.35,1.0,2.54,2.89,2.11,13.45,9.56,12.88,11.57,9.58,14.47,6.77,6.57,3.09,3.34,3.49,3.19,2.71,2.96,3.54,1.0,1.13,1.75,3.6,3.04,4.8,3.36,2.71,2.43,2.95,13.87
00-0040582,Arian Smith,NYJ,WR,2.0,0,prior,10.4,17.55,17.67,15.71,6.19,16.61,11.8,8.98,13.1,8.52,7.78,5.68,9.05,10.4,11.05,11.39,1.91,4.01,4.52,2.84,2.77,2.07,3.32,8.83,7.4,12.23,10.92,4.56,5.33,8.68,9.07,1.76,2.35,2.48,4.06,3.42,2.91,2.41,4.11,1.21,2.62,3.11,1.66,2.38,3.56,5.23,4.02,4.25,12.03
00-0036775,Brandon Smith,NYJ,WR,,0,prior,7.7,12.0,15.29,12.93,7.93,17.59,11.8,10.59,4.42,5.29,7.41,12.37,10.18,12.99,11.05,11.39,3.02,4.24,1.76,3.69,3.71,2.53,3.24,14.63,4.0,12.84,11.53,6.76,3.84,3.83,3.81,4.7,2.85,3.99,2.38,4.31,1.99,3.25,4.07,2.36,3.41,2.28,2.58,2.71,3.69,4.75,1.94,1.9,16.16
00-0037740,Garrett Wilson,NYJ,WR,1.0,1984,measured,14.0,17.09,16.44,13.17,6.66,14.95,11.8,12.65,11.5,12.14,7.64,12.54,12.14,15.68,11.05,14.83,4.21,3.4,3.4,4.62,3.69,3.31,2.02,9.98,11.07,11.7,10.4,12.24,12.63,13.83,14.4,2.78,1.75,1.5,3.9,1.98,3.52,2.57,4.47,3.84,3.94,5.89,3.26,2.33,3.66,2.53,1.72,2.52,11.47
00-0037156,Irvin Charles,NYJ,WR,2.0,39,prior,8.0,13.43,14.62,13.21,7.31,14.9,11.8,9.34,8.58,7.34,9.62,9.1,8.34,8.58,14.89,11.39,1.9,4.01,3.89,2.95,3.77,2.63,4.81,10.54,5.26,12.36,11.05,5.33,3.96,4.72,5.19,2.51,3.12,3.34,3.57,2.93,2.54,3.51,3.43,3.9,1.71,3.29,2.57,1.59,2.49,1.54,1.91,2.09,15.9
00-0040405,Jamaal Pritchett,NYJ,WR,,0,prior,10.0,15.6,15.28,13.89,6.7,14.69,11.8,8.9,6.21,10.27,5.38,9.94,16.01,10.4,11.05,11.39,4.03,4.15,3.55,3.81,2.87,3.21,2.24,7.11,7.71,12.37,11.07,6.32,6.75,8.0,8.16,3.01,2.41,2.65,3.11,3.15,3.67,3.21,3.95,1.86,1.36,3.06,3.16,3.52,3.0,3.73,3.92,3.37,9.61
00-0033943,Josh Reynolds,NYJ,WR,1.0,1109,measured,12.2,13.02,14.08,15.4,6.05,15.03,11.8,12.6,10.39,10.75,11.3,10.22,10.18,7.18,6.85,16.31,2.05,4.03,3.51,3.73,3.74,4.02,4.11,12.47,8.51,11.15,9.84,15.62,13.8,8.12,8.41,4.84,2.95,4.09,2.17,3.39,1.79,2.23,2.91,3.62,1.76,3.44,3.75,4.01,2.77,3.64,2.08,2.34,14.52
00-0040406,Quentin Skinner,NYJ,WR,,0,prior,9.8,14.44,15.27,14.3,5.98,14.61,11.8,8.19,9.57,10.24,6.65,14.04,12.93,10.4,11.05,11.39,3.21,4.22,2.98,4.42,2.95,3.68,1.73,7.11,7.71,12.37,11.07,6.32,6.75,8.0,8.16,3.37,3.28,3.35,3.28,3.47,2.32,3.8,1.44,1.24,2.6,2.51,4.56,3.62,3.94,1.37,2.55,3.75,9.14
00-0036427,Tyler Johnson,NYJ,WR,,373,measured,11.7,14.18,14.86,13.42,7.25,14.94,11.8,11.17,9.97,7.78,8.4,8.62,11.74,17.5,11.05,11.39,5.63,3.43,2.62,4.92,3.34,3.24,3.22,7.73,11.14,14.82,13.51,8.61,7.54,11.9,11.98,2.2,2.89,4.93,3.38,3.08,2.96,3.35,2.91,1.0,3.16,3.18,2.75,4.01,2.16,3.38,2.53,3.08,9.47
00-0038496,Xavier Gipson,NYJ,WR,2.0,485,measured,9.3,15.35,15.22,13.84,6.74,14.72,11.8,10.35,9.77,6.96,6.93,15.08,8.78,14.69,11.05,14.83,3.61,2.46,1.49,2.37,2.88,2.2,1.81,7.41,4.33,9.63,8.32,6.0,6.22,6.38,8.03,3.76,2.75,2.57,1.81,1.4,3.42,1.96,3.03,2.79,1.97,3.02,3.3,3.3,3.93,3.2,4.63,1.76,15.61
00-0035743,Brett Toth,PHI,C,2.0,47,prior,11.7,2.78,5.06,5.71,14.59,7.54,11.8,12.82,6.93,8.88,10.3,4.39,15.06,7.61,13.89,11.39,3.61,2.18,3.72,2.49,3.78,1.43,3.41,2.31,1.0,2.9,3.47,4.64,2.7,2.84,4.32,10.77,12.74,1.84,3.55,2.51,3.67,4.75,2.57,2.2,3.78,3.12,2.78,1.0,4.12,1.98,1.35,1.0,2.36
00-0038112,Cam Jurgens,PHI,C,1.0,1428,measured,12.7,7.73,7.65,7.41,12.92,8.58,11.8,9.91,9.12,11.07,8.84,12.44,11.38,11.82,18.81,11.39,3.21,2.72,3.23,3.98,3.76,3.62,2.75,1.42,2.11,3.29,2.39,5.82,2.24,1.22,3.46,18.23,10.09,4.42,2.67,4.23,3.32,3.03,3.82,4.29,2.71,3.17,3.78,2.25,2.68,3.29,4.29,2.95,1.31
00-0040587,Drew Kendall,PHI,C,3.0,0,prior,11.4,6.0,6.73,8.21,13.11,8.36,11.8,10.45,10.03,8.3,5.95,7.56,15.14,10.4,11.05,11.39,5.07,3.13,4.15,2.55,4.16,2.38,2.09,2.47,1.53,1.65,3.3,2.8,1.0,2.67,1.86,11.23,12.31,2.84,3.87,1.28,2.05,2.73,2.49,2.21,4.18,3.18,1.77,2.72,3.91,2.51,4.41,3.09,2.56
00-0040631,Willie Lampkin,PHI,C,4.0,0,prior,10.3,6.3,6.83,9.28,10.92,9.69,11.8,7.79,7.5,7.38,7.08,8.54,12.71,10.4,11.05,11.39,3.42,3.74,2.86,2.6,2.24,1.86,4.5,1.46,2.82,4.32,3.27,2.03,3.66,3.33,3.26,10.96,10.89,2.7,2.75,1.24,2.67,2.17,2.88,2.64,3.28,2.07,2.83,2.99,3.12,4.16,3.75,4.27,1.94
00-0033878,Adoree' Jackson,PHI,CB,1.0,1145,measured,12.6,15.53,15.02,13.15,6.81,14.26,11.8,13.63,16.0,12.53,12.68,13.08,10.19,4.66,4.2,14.56,2.74,4.2,4.07,2.26,2.56,4.1,4.52,4.3,2.35,1.02,1.5,3.71,4.06,5.4,2.09,3.06,2.91,4.58,2.18,4.67,1.08,7.44,8.11,12.4,11.8,11.8,10.21,14.42,2.43,1.77,2.82,1.45,6.07
00-0037008,Ambry Thomas,PHI,CB,,327,measured,10.8,17.32,16.32,13.79,7.5,15.9,11.8,9.16,7.76,9.56,8.36,14.01,12.34,12.09,16.46,15.92,4.13,5.36,3.13,2.93,1.0,2.94,2.22,2.72,3.69,3.32,3.34,2.26,3.44,2.07,2.6,4.3,2.9,3.36,2.82,2.86,3.83,5.22,11.46,16.12,8.02,8.02,10.41,6.82,1.73,3.95,3.58,3.12,7.67
00-0040027,Brandon Johnson,PHI,CB,,0,prior,8.9,15.11,15.6,13.64,7.01,14.89,11.8,10.2,7.05,7.65,6.23,9.84,10.41,10.4,11.05,11.39,1.76,2.36,3.83,4.09,3.82,2.88,4.05,1.11,1.05,2.36,2.85,3.31,2.95,4.53,2.02,3.18,2.61,2.93,2.71,2.49,2.83,7.23,12.31,15.27,5.24,5.24,10.27,4.53,4.61,2.37,2.34,3.14,14.19
00-0039841,Cooper DeJean,PHI,CB,1.0,576,measured,13.1,14.97,15.68,14.26,7.21,15.22,11.8,9.83,13.34,11.85,7.13,9.68,10.02,12.99,11.05,11.39,1.36,2.61,2.26,5.33,2.77,3.04,3.6,2.96,1.84,2.28,1.0,2.1,2.97,3.89,3.51,2.41,2.65,1.67,2.44,2.53,3.56,11.08,11.37,10.7,13.42,13.42,10.33,9.33,1.0,2.47,2.49,2.98,8.09
00-0038487,Eli Ricks,PHI,CB,,208,measured,8.3,14.99,15.88,14.24,6.49,15.17,11.8,10.9,5.67,8.34,8.28,11.01,12.09,14.69,11.05,5.91,4.63,3.07,3.59,4.06,3.88,2.64,4.2,2.6,3.59,3.29,3.7,1.63,4.3,4.47,3.29,1.51,1.66,3.83,3.98,5.1,2.21,5.26,9.75,14.76,4.17,4.17,10.11,4.36,2.5,3.46,1.26,3.02,12.83
00-0039072,Jakorian Bennett,PHI,CB,2.0,643,measured,11.2,18.94,19.48,13.81,6.5,18.31,11.8,11.09,10.47,10.53,6.62,8.47,6.98,6.56,17.26,8.1,4.07,3.23,2.81,1.4,2.87,2.96,3.06,3.21,1.96,2.71,2.73,3.41,2.09,3.06,3.24,4.25,2.28,3.34,3.98,2.98,3.91,3.07,6.84,14.31,8.26,8.26,10.11,7.74,1.51,4.64,1.0,2.69,10.04
00-0039140,Kelee Ringo,PHI,CB,2.0,236,measured,10.6,17.55,16.44,14.42,6.77,13.5,11.8,11.23,8.67,12.0,6.98,12.4,5.51,14.69,11.05,11.39,3.91,2.39,2.58,1.5,2.98,3.58,3.68,4.12,3.57,4.68,3.29,2.92,2.42,1.57,2.95,3.09,4.97,2.57,3.81,2.12,2.53,6.02,9.73,15.16,7.48,7.48,10.19,7.07,2.49,1.89,4.89,3.31,8.42
00-0040071,Mac McWilliams,PHI,CB,2.0,0,prior,10.2,16.39,16.29,13.64,7.01,13.98,11.8,11.92,10.63,10.37,7.54,19.4,11.15,10.4,11.05,11.39,2.2,4.15,3.17,2.4,1.86,1.98,3.43,3.24,2.65,3.79,4.92,3.04,1.78,2.23,3.9,3.14,2.14,3.68,3.45,2.53,3.42,6.68,11.07,15.11,7.29,7.29,10.27,6.3,2.02,2.71,2.64,4.25,11.85
00-0034274,Parry Nickerson,PHI,CB,,54,prior,9.6,17.54,16.4,12.68,7.5,14.02,11.8,10.71,8.27,11.91,7.8,14.1,12.06,12.99,11.05,11.39,1.49,3.74,2.5,3.53,3.94,1.79,3.4,3.29,1.91,3.28,3.1,2.36,4.34,3.14,3.69,3.89,2.68,2.04,2.92,2.96,1.76,7.25,11.34,16.12,5.86,5.86,10.41,5.08,3.6,2.63,5.09,4.62,7.25
00-0039888,Quinyon Mitchell,PHI,CB,1.0,875,measured,13.1,18.24,16.81,14.05,10.0,15.9,11.8,10.0,12.3,11.18,9.41,8.88,10.5,12.99,11.05,11.39,2.79,1.35,4.39,2.69,3.69,1.72,3.45,1.42,2.63,2.82,2.02,1.79,1.88,3.04,2.74,3.22,3.49,4.55,3.46,1.0,2.83,9.2,2.01,11.75,12.61,12.61,11.16,11.5,2.77,3.58,2.62,3.09,7.29
00-0038978,Byron Young,PHI,DT,2.0,64,prior,7.3,6.84,7.62,6.71,12.46,7.42,11.8,9.04,1.44,7.49,8.12,9.13,16.3,4.47,6.5,11.39,2.84,4.8,4.59,1.49,3.14,3.13,2.79,3.81,3.4,3.08,2.66,3.01,2.79,2.82,3.82,2.14,3.74,3.24,7.12,6.21,6.13,5.94,4.58,12.81,1.39,1.06,3.78,1.9,1.85,4.34,4.52,1.93,4.3
00-0039265,Gabe Hall,PHI,DT,2.0,0,prior,5.9,6.75,8.3,8.37,11.85,10.22,11.8,6.02,3.01,5.17,6.78,8.3,13.21,10.4,11.05,11.39,3.41,1.8,1.04,4.22,5.65,4.04,3.86,2.11,4.72,2.97,3.36,1.96,2.15,3.97,3.5,1.28,1.11,2.26,4.39,3.67,4.78,4.78,3.78,12.9,3.71,3.31,3.55,3.68,1.94,2.39,3.12,3.02,3.18
00-0038386,Jalen Carter,PHI,DT,1.0,1124,measured,14.6,5.46,6.68,5.86,13.33,8.99,11.8,12.48,12.71,12.61,8.68,9.92,7.42,12.51,16.49,11.39,1.0,2.44,3.32,3.69,2.92,5.41,2.29,1.0,1.82,3.83,4.28,2.21,3.42,2.65,3.41,1.82,3.3,2.66,16.14,14.47,17.44,16.55,9.91,9.02,2.59,4.39,3.87,2.68,1.99,5.5,2.98,2.72,4.6
00-0037073,Jordan Davis,PHI,DT,,807,measured,11.9,9.6,12.54,4.24,12.45,12.98,11.8,12.16,11.48,10.67,7.89,12.31,7.48,13.64,14.73,14.83,1.86,2.07,4.05,3.52,3.3,1.18,2.82,2.78,4.22,4.52,2.58,1.0,1.48,3.72,2.4,5.1,2.18,3.12,8.88,8.94,13.16,14.03,12.44,7.83,1.59,2.28,4.22,3.03,2.68,4.29,3.8,5.31,1.9
00-0038412,Moro Ojomo,PHI,DT,1.0,402,measured,10.5,6.13,8.07,8.09,14.77,11.87,11.8,10.32,8.75,9.32,8.97,12.13,11.04,14.69,11.05,11.39,2.53,1.5,1.74,2.38,1.36,2.63,3.82,1.0,2.51,1.51,4.96,3.52,1.59,4.67,3.12,2.26,3.74,1.32,9.62,7.65,10.0,11.35,8.56,9.68,1.91,3.28,2.02,3.29,2.98,1.43,1.96,2.86,4.48
00-0040662,Ty Robinson,PHI,DT,1.0,0,prior,12.5,8.93,11.22,8.15,14.31,13.08,11.8,10.05,13.78,10.57,9.71,5.38,13.14,10.4,11.05,11.39,2.77,3.42,1.87,4.06,3.13,4.06,2.23,4.06,3.92,2.35,2.19,2.89,3.02,3.39,1.9,2.44,3.74,3.47,12.97,12.15,12.35,11.87,10.98,11.42,2.94,4.29,2.58,4.35,2.51,2.64,2.26,1.73,4.56
00-0036552,Azeez Ojulari,PHI,EDGE,2.0,742,measured,11.8,11.85,14.64,11.13,13.39,12.23,11.8,12.75,9.21,13.2,9.88,8.65,11.36,7.33,7.19,16.78,2.53,3.08,2.59,3.3,4.47,4.6,2.34,3.47,1.93,5.11,3.38,1.96,1.06,2.37,2.42,2.63,2.89,3.38,14.48,14.16,8.55,5.2,6.61,10.76,5.8,6.8,2.97,1.85,3.59,3.76,3.84,2.65,2.16
00-0039740,Jalyx Hunt,PHI,EDGE,1.0,222,measured,10.2,11.69,14.81,11.58,9.5,16.53,11.8,10.21,10.02,9.85,6.47,11.09,11.92,12.99,11.05,11.39,1.0,3.1,3.85,2.65,3.85,2.5,3.68,2.04,3.2,4.23,1.42,3.16,1.68,2.17,1.69,2.09,3.1,2.33,8.66,9.65,9.04,9.59,10.3,11.86,5.8,6.8,3.22,3.69,3.07,3.42,3.25,3.36,4.42
00-0036159,Joshua Uche,PHI,EDGE,2.0,594,measured,11.0,11.23,12.53,11.43,9.0,13.46,11.8,10.47,10.77,4.46,9.8,13.99,12.42,7.86,15.42,17.16,3.36,2.39,1.79,2.92,3.66,3.12,2.8,3.45,3.6,2.41,2.71,2.85,3.75,2.72,2.85,5.13,3.7,2.66,11.51,12.51,9.48,8.31,11.54,14.0,5.8,6.8,3.07,2.18,3.08,1.43,3.9,4.17,4.68
00-0039013,Nolan Smith,PHI,EDGE,1.0,623,measured,11.8,16.86,17.55,12.32,10.55,18.28,11.8,11.25,12.4,8.44,7.46,10.87,8.64,14.69,11.05,11.39,3.84,2.7,2.52,2.88,2.88,2.63,3.46,1.36,3.91,3.28,2.83,3.52,3.41,3.33,2.05,3.23,4.18,2.07,8.69,11.11,12.69,11.16,7.29,11.26,5.8,6.8,4.73,3.18,3.63,3.9,2.48,3.88,3.2
00-0034807,Ogbo Okoronkwo,PHI,EDGE,3.0,920,measured,12.5,8.91,11.29,10.21,13.85,15.1,11.8,12.58,11.96,11.6,11.12,8.77,11.31,7.63,7.15,15.09,4.93,2.9,3.82,1.96,1.29,2.78,5.52,2.77,3.71,1.22,4.74,3.92,2.52,3.6,2.51,5.05,1.8,2.69,12.38,10.86,14.65,15.63,14.22,11.06,5.8,6.8,3.46,1.4,2.59,3.72,2.94,2.55,6.36
00-0036922,Patrick Johnson,PHI,EDGE,,161,measured,8.2,12.56,13.04,12.79,8.0,13.73,11.8,9.73,6.86,9.51,8.15,7.75,10.57,12.04,17.27,11.39,3.46,2.93,2.9,3.48,3.81,1.0,1.24,3.12,3.6,3.58,4.94,3.63,2.41,3.51,3.22,3.65,3.26,4.66,5.93,7.74,6.8,7.75,6.4,13.58,5.8,6.8,1.82,2.38,1.8,1.08,4.38,2.3,3.03
00-0038489,Ben VanSumeren,PHI,FB,1.0,20,prior,13.2,10.34,11.26,10.26,9.64,12.41,11.8,10.65,8.12,11.72,11.22,14.52,11.7,7.58,15.98,15.42,2.69,3.03,2.54,2.98,2.79,2.07,3.81,10.04,3.05,6.25,5.36,19.18,3.89,2.2,3.5,14.83,8.23,15.83,2.4,3.37,3.53,1.0,1.0,2.79,3.93,3.38,3.18,3.36,3.05,4.09,2.8,3.07,3.36
00-0033787,Jake Elliott,PHI,K,1.0,69,measured,9.4,8.55,9.91,9.45,9.64,11.66,11.42,11.53,9.2,8.68,12.86,12.82,12.18,16.25,14.78,11.39,1.95,3.58,2.7,3.31,2.9,2.18,2.61,2.13,2.51,3.36,3.86,3.71,5.54,2.54,4.26,4.0,2.4,4.43,2.67,3.39,3.14,3.93,4.08,3.85,2.84,3.84,3.65,4.05,9.26,9.52,2.65,4.2,1.84
00-0040018,Antwaun Powell-Ryland,PHI,LB,,0,prior,11.2,10.92,13.44,13.8,10.97,15.42,11.8,8.57,6.84,7.81,5.75,9.71,8.22,10.4,11.05,11.39,5.81,3.82,3.54,3.86,3.02,1.91,3.7,3.95,4.48,3.87,5.0,4.25,2.59,4.23,3.81,3.11,3.0,3.34,7.25,6.67,12.48,12.15,12.46,14.98,8.77,10.27,2.62,9.25,2.39,2.31,1.75,4.29,2.71
00-0037312,Chance Campbell,PHI,LB,,4,prior,8.8,12.92,15.21,12.58,10.33,17.26,11.8,7.97,7.07,5.6,8.09,9.53,9.77,6.62,14.63,11.39,2.9,1.74,4.19,2.08,2.74,3.85,2.29,2.59,3.47,3.81,2.92,4.59,3.64,2.69,2.8,3.29,1.72,4.25,13.88,14.23,5.13,6.63,9.02,13.08,4.14,5.64,2.65,2.05,1.0,3.63,1.19,4.86,4.76
00-0039826,Jeremiah Trotter Jr.,PHI,LB,1.0,100,measured,10.9,11.82,12.4,11.58,10.67,13.09,11.8,9.47,9.98,7.64,9.33,9.92,11.4,12.99,11.05,11.39,3.05,2.96,2.67,5.26,3.83,3.74,2.64,2.79,2.54,4.45,2.41,3.51,2.7,1.17,3.66,1.43,2.61,1.24,12.31,12.15,8.5,11.18,14.36,13.9,4.51,6.01,1.45,2.36,1.73,4.09,3.82,2.5,1.66
00-0040708,Jihaad Campbell,PHI,LB,2.0,0,prior,9.9,13.85,15.7,13.49,10.47,14.72,11.8,7.13,8.63,7.09,5.66,16.9,11.87,10.4,11.05,11.39,3.2,4.26,2.93,1.18,2.49,3.13,4.41,1.45,3.95,3.14,3.04,3.93,3.74,2.98,3.04,3.54,2.64,4.2,7.92,8.54,8.95,10.11,9.03,13.24,8.68,10.18,3.68,5.74,1.29,2.99,2.55,3.87,3.51
00-0037615,Nakobe Dean,PHI,LB,4.0,924,measured,15.5,11.77,12.15,10.85,10.98,12.84,11.8,12.66,14.42,13.74,3.94,7.53,13.17,13.59,6.57,11.39,1.88,3.15,1.54,3.71,1.0,1.69,3.29,2.47,4.03,3.24,2.21,1.66,1.94,3.65,3.54,3.11,5.48,2.61,9.95,9.66,16.73,18.32,18.49,16.0,14.16,15.66,1.91,13.38,4.43,4.16,1.79,1.2,1.64
00-0040013,Smael Mondon Jr.,PHI,LB,2.0,0,prior,10.8,12.74,15.68,12.2,9.77,14.74,11.8,8.89,8.58,8.68,8.45,14.7,14.39,10.4,11.05,11.39,1.98,1.14,2.46,4.47,2.85,4.34,4.11,4.74,2.9,4.06,3.2,4.5,2.29,3.29,3.97,3.0,2.85,2.0,6.87,7.34,10.31,11.66,11.3,13.81,8.77,10.27,3.99,5.98,2.47,2.43,2.77,2.69,3.13
00-0036418,Zack Baun,PHI,LB,1.0,1093,measured,14.5,11.3,11.28,13.08,12.46,11.88,11.8,11.07,12.46,10.68,9.24,10.5,16.64,12.56,15.42,11.39,3.77,4.97,4.49,2.99,3.57,2.23,2.63,3.74,3.15,2.68,3.2,2.18,3.24,4.63,2.85,2.21,2.9,2.27,13.62,12.66,18.73,19.4,17.39,12.83,9.53,11.03,2.73,8.86,4.48,1.55,4.01,3.95,3.43
00-0029008,Charley Hughlett,PHI,LS,1.0,0,prior,9.0,8.0,8.86,8.45,9.53,10.3,13.4,13.11,6.37,9.13,14.22,16.05,12.01,17.5,11.05,11.39,3.99,3.13,1.09,2.28,3.07,2.5,3.31,3.94,2.95,3.21,3.23,2.62,2.16,1.86,3.72,3.56,2.94,3.02,4.26,3.33,1.92,2.42,3.21,3.73,2.93,3.27,3.58,2.69,2.07,4.12,3.51,2.18,3.08
00-0037613,Kenyon Green,PHI,OG,2.0,884,measured,7.9,3.4,4.7,3.22,10.0,6.7,11.8,6.78,4.41,6.44,6.07,10.24,11.86,12.6,7.32,7.12,2.4,3.68,3.21,3.88,5.46,2.58,3.14,1.3,2.75,1.6,3.07,3.41,3.25,3.15,2.81,9.42,6.74,3.8,4.12,1.0,1.73,3.96,1.39,3.34,3.48,2.84,3.72,3.7,3.16,2.68,3.14,1.5,3.87
00-0037002,Landon Dickerson,PHI,OG,1.0,2063,measured,14.0,3.82,5.7,5.7,12.75,8.51,11.8,11.98,18.05,10.55,9.56,9.76,11.66,12.64,15.78,13.8,3.74,5.26,2.97,3.34,2.05,3.66,1.93,2.08,1.9,3.81,3.76,2.25,1.46,2.57,2.91,19.4,12.01,3.0,2.69,2.59,1.4,1.43,2.67,3.5,3.4,2.91,3.86,3.05,2.57,1.97,3.37,2.55,2.93
00-0034417,Matt Pryor,PHI,OG,2.0,1194,measured,11.0,2.63,4.7,5.25,12.56,7.76,11.8,10.12,8.65,9.6,9.89,8.6,11.37,11.93,13.89,11.39,3.25,3.67,2.65,2.23,2.55,2.79,3.5,1.36,2.73,2.42,2.71,2.75,1.52,2.75,4.05,7.27,17.11,4.22,2.02,3.8,2.46,3.91,4.04,2.28,3.73,2.69,3.64,4.23,1.64,2.98,5.48,4.82,4.47
00-0039001,Tyler Steen,PHI,OG,1.0,333,measured,12.9,4.13,6.46,6.82,12.72,9.41,11.8,9.08,12.46,11.84,8.29,5.33,14.8,14.69,11.05,11.39,2.57,3.77,3.83,3.22,3.42,3.62,3.18,3.42,1.75,2.65,2.36,4.05,3.96,3.39,2.26,16.16,12.4,2.27,2.97,1.56,3.33,4.69,1.14,1.14,3.09,1.7,2.67,3.32,3.28,2.22,3.46,3.61,2.64
00-0040687,Cameron Williams,PHI,OT,2.0,0,prior,10.3,3.99,5.8,4.89,11.83,8.32,11.8,9.36,7.85,2.56,7.51,13.59,11.39,10.4,11.05,11.39,2.65,1.33,4.2,2.9,2.22,3.33,2.35,2.63,2.45,3.91,1.86,3.41,2.11,1.2,3.59,11.63,11.07,2.8,3.1,2.68,3.58,3.12,3.18,4.22,4.05,2.77,2.37,2.64,2.33,2.45,3.24,1.32,2.61
00-0034951,Fred Johnson,PHI,OT,2.0,462,measured,12.1,3.22,5.06,4.28,10.95,7.66,11.8,10.7,10.33,9.15,7.37,10.67,11.53,17.5,11.05,7.19,1.81,3.06,3.56,2.1,2.79,2.75,4.1,4.37,3.76,3.72,1.98,2.48,4.92,3.37,1.6,13.3,14.88,5.31,3.94,4.63,4.36,3.58,1.95,2.12,1.28,1.68,3.09,2.52,1.69,2.96,2.78,2.32,2.57
00-0040031,Hollin Pierce,PHI,OT,,0,prior,9.9,2.27,4.04,3.34,9.69,6.45,11.8,6.56,8.19,8.97,6.37,11.82,5.73,10.4,11.05,11.39,1.4,2.56,2.78,4.39,1.0,3.18,4.92,2.85,3.24,4.11,2.33,2.89,1.99,3.52,3.14,12.57,11.2,3.12,2.14,4.57,2.95,4.27,1.73,2.56,2.57,4.2,4.06,3.73,4.4,3.59,3.53,2.88,3.31
00-0034429,Jordan Mailata,PHI,OT,1.0,1922,measured,14.0,2.12,3.89,3.21,9.69,6.32,11.8,11.08,13.02,10.53,10.89,9.95,12.07,5.3,14.81,11.39,2.66,1.84,2.58,1.0,2.04,2.38,2.79,2.33,3.21,2.14,2.39,2.77,3.54,2.15,3.19,19.28,16.26,3.06,3.87,2.39,1.7,3.78,2.77,2.53,5.61,4.37,1.94,2.48,3.14,3.14,2.89,2.37,2.94
00-0030561,Lane Johnson,PHI,OT,1.0,1918,measured,16.0,7.9,9.17,7.44,14.31,11.04,11.8,15.3,16.48,8.58,14.8,6.34,7.71,6.08,13.71,4.55,3.19,3.11,3.89,2.32,2.71,4.29,3.84,4.38,2.68,1.97,2.7,2.33,2.87,4.23,4.74,19.4,17.46,2.3,2.56,1.36,3.53,2.32,3.88,2.44,3.62,3.12,1.0,1.47,3.01,4.9,3.7,3.27,1.77
00-0040714,Luke Felix-Fualalo,PHI,OT,,0,prior,10.5,3.6,5.72,5.23,11.46,8.26,11.8,8.48,5.93,8.09,5.5,11.25,7.56,10.4,11.05,11.39,2.84,4.32,1.56,3.81,3.15,2.71,2.36,1.99,3.17,3.23,2.1,4.24,2.97,2.77,4.68,12.57,11.2,3.93,3.11,2.35,3.76,1.63,3.52,2.63,2.98,3.59,1.05,2.32,1.0,1.71,4.43,3.78,2.38
00-0040015,Myles Hinton,PHI,OT,3.0,0,prior,10.0,3.02,4.57,2.93,10.45,9.88,11.8,6.88,4.19,4.76,6.32,10.41,8.7,10.4,11.05,11.39,2.13,1.86,1.53,5.01,2.88,3.43,3.13,1.58,2.73,3.1,2.95,3.13,2.52,2.33,2.48,12.49,11.19,4.01,2.14,2.41,1.84,2.73,2.03,2.75,3.9,3.26,2.21,4.43,2.58,3.18,3.42,3.5,3.01
00-0036313,Braden Mann,PHI,P,1.0,88,measured,12.0,8.93,9.27,14.56,9.83,10.58,11.83,10.78,6.4,9.81,11.23,7.58,8.17,17.5,11.05,14.38,2.73,2.61,2.8,2.69,3.83,1.0,4.26,3.64,3.8,3.15,2.6,3.41,2.27,3.63,3.4,1.0,3.33,3.34,2.81,4.47,3.21,3.27,2.33,3.48,4.89,3.03,2.03,3.38,2.75,4.75,13.22,10.7,3.37
00-0036389,Jalen Hurts,PHI,QB,1.0,2010,measured,14.8,12.56,14.52,12.35,9.76,14.58,11.8,13.11,15.94,11.97,13.13,8.89,11.68,12.54,5.56,13.8,14.42,17.6,16.32,16.69,14.77,8.46,15.06,9.9,3.02,11.44,1.0,1.72,3.87,3.11,1.0,2.17,1.91,2.55,3.2,2.67,4.81,5.16,3.97,1.32,3.02,2.53,3.7,2.07,1.97,3.08,2.73,3.08,4.23
00-0040014,Kyle McCord,PHI,QB,,0,prior,7.1,9.46,9.99,11.82,9.76,10.86,11.8,6.72,6.94,6.73,7.99,11.12,14.47,10.4,11.05,11.39,8.83,6.28,7.84,6.23,6.04,7.03,7.13,7.57,4.14,2.58,3.72,4.59,1.9,2.64,2.85,2.61,4.12,3.76,1.24,2.03,2.55,1.0,1.53,2.32,6.04,3.54,3.78,3.35,1.8,2.81,3.53,3.08,1.49
00-0037077,Sam Howell,PHI,QB,3.0,752,measured,8.2,9.13,9.55,12.48,9.76,10.92,11.8,7.8,7.91,8.29,10.28,11.19,8.41,15.68,11.05,11.39,9.7,7.71,9.34,7.93,8.15,6.06,7.47,13.29,3.56,3.91,2.26,3.3,2.39,2.6,1.97,3.02,2.84,1.3,1.0,2.7,3.72,3.3,3.15,1.57,2.87,3.43,2.37,1.99,4.09,1.33,3.24,1.82,2.99
00-0038400,Tanner McKee,PHI,QB,2.0,84,prior,8.1,9.15,10.08,10.93,9.76,12.16,11.8,9.69,7.93,6.65,7.6,10.19,13.29,12.99,11.05,11.39,5.44,7.83,7.25,6.78,5.8,12.01,9.46,7.7,2.95,1.0,3.18,2.87,3.81,5.24,4.06,5.31,2.51,2.12,2.3,1.18,2.87,2.49,1.92,4.38,2.74,3.68,3.34,1.86,3.55,1.56,4.51,2.96,3.47
00-0036265,AJ Dillon,PHI,RB,3.0,547,measured,11.0,13.66,16.34,11.84,12.0,18.34,11.8,9.69,7.65,6.96,8.71,8.53,11.38,12.36,14.52,14.05,2.3,3.42,3.13,2.02,5.08,3.98,3.89,16.82,8.04,8.06,9.98,7.28,3.08,5.57,3.79,2.13,9.52,3.13,3.05,3.58,4.6,2.81,2.07,2.84,1.0,3.06,4.22,2.87,1.89,2.63,2.07,3.54,13.81
00-0039373,Audric Estimé,PHI,RB,,130,measured,8.3,10.62,13.54,12.22,12.0,16.32,11.8,10.2,6.88,6.74,6.03,11.19,9.15,12.99,11.05,15.42,3.84,4.25,2.22,2.46,3.48,4.07,4.1,8.08,5.17,4.87,6.53,11.9,2.07,5.3,4.6,2.2,7.79,3.2,4.91,2.32,4.42,3.23,2.43,3.29,2.2,3.29,3.71,3.13,3.3,2.6,3.8,2.7,9.92
00-0034844,Saquon Barkley,PHI,RB,1.0,1590,measured,14.5,16.44,15.39,12.39,14.77,16.85,11.8,14.69,13.25,14.3,11.8,6.14,9.9,7.32,5.26,15.91,2.57,5.54,2.59,2.72,2.52,4.53,1.25,15.82,16.83,17.32,13.42,3.69,1.66,8.08,6.97,12.95,11.97,13.95,2.06,2.07,3.03,3.69,3.87,3.8,1.65,3.25,2.58,1.33,1.39,3.56,1.73,3.49,17.4
00-0039746,Will Shipley,PHI,RB,2.0,61,prior,9.5,13.71,14.1,12.37,8.76,13.73,11.8,7.11,9.17,7.61,6.86,12.94,6.13,12.22,15.46,15.42,3.06,1.7,4.18,3.08,1.8,3.65,3.8,15.03,5.45,6.45,5.26,10.94,4.68,6.16,4.59,2.43,8.34,3.43,3.52,1.69,1.18,2.68,2.94,1.45,3.46,2.67,2.53,3.72,1.24,4.1,5.51,3.65,13.16
00-0039267,Andre' Sam,PHI,S,,0,prior,9.6,13.37,13.71,14.45,6.98,13.57,11.8,7.07,9.24,10.08,6.7,13.45,10.82,12.99,11.05,11.39,2.71,3.79,3.06,2.96,4.83,2.82,2.15,2.83,4.4,2.57,3.33,2.79,3.95,4.7,3.17,2.67,3.95,1.81,4.2,2.5,1.43,8.44,4.92,8.07,10.73,11.73,8.95,10.09,2.93,2.41,2.02,3.2,17.98
00-0040749,Andrew Mukuba,PHI,S,2.0,0,prior,13.2,15.47,15.16,14.4,7.35,13.95,11.8,9.99,11.43,8.38,4.87,6.2,10.91,10.4,11.05,11.39,1.2,3.11,3.15,2.17,2.76,2.41,2.09,1.66,2.73,2.39,2.97,4.17,3.36,2.69,6.24,3.74,3.63,3.09,2.48,2.7,3.23,12.11,12.67,11.61,12.97,13.97,9.07,15.32,2.43,5.06,2.33,2.38,13.37
00-0037245,Lewis Cine,PHI,S,3.0,5,prior,12.0,17.32,18.62,14.19,7.93,16.45,11.8,10.75,11.37,11.34,7.33,10.04,9.19,7.57,15.19,5.42,2.32,3.45,2.59,2.42,2.76,1.86,3.19,3.89,2.09,3.81,3.12,3.37,3.3,2.03,4.34,2.82,2.94,3.91,2.98,3.4,5.02,12.13,6.87,9.66,12.13,13.13,9.24,12.01,3.51,4.25,2.43,3.09,15.23
00-0034993,Marcus Epps,PHI,S,,1293,measured,9.0,13.15,14.11,13.78,7.24,13.66,11.8,10.65,7.32,6.43,9.85,8.89,11.49,11.93,13.96,15.42,4.19,3.85,3.59,3.5,3.25,3.95,1.48,4.9,2.53,3.08,3.32,3.64,4.37,2.6,3.05,1.8,3.09,3.3,3.79,2.45,3.42,7.46,7.61,10.84,7.42,8.42,9.03,6.01,3.36,2.72,1.71,5.71,12.52
00-0037130,Reed Blankenship,PHI,S,1.0,1485,measured,13.8,13.67,14.93,14.27,7.83,14.65,11.8,11.4,12.26,16.58,13.17,15.1,6.93,7.73,18.48,11.39,4.04,3.32,2.7,3.66,3.2,2.81,4.09,3.83,2.55,3.35,3.1,3.23,3.09,2.43,4.42,2.27,2.19,3.24,2.68,4.35,1.57,9.81,14.14,16.46,13.61,14.61,9.21,16.21,2.97,4.19,2.93,3.37,11.28
00-0039002,Sydney Brown,PHI,S,1.0,293,measured,14.4,15.01,16.89,14.62,12.0,18.03,11.8,11.39,14.61,11.3,7.25,6.0,8.75,7.04,14.14,14.98,3.34,1.13,1.47,2.38,2.21,2.73,3.86,2.86,4.47,2.46,3.11,2.4,2.14,1.93,3.18,4.75,4.43,4.4,2.5,3.43,1.6,10.81,12.65,10.25,16.16,17.16,10.46,17.59,2.47,1.82,1.92,2.74,10.85
00-0038564,Cameron Latu,PHI,TE,,0,prior,7.9,10.92,11.99,11.93,9.02,12.99,11.8,7.86,4.16,1.11,8.2,10.91,6.05,10.4,11.05,11.39,2.06,2.65,5.5,1.75,3.54,4.12,4.06,19.4,3.48,2.0,5.78,6.34,6.78,5.34,5.31,9.51,10.81,6.23,4.1,1.9,1.82,1.39,3.43,3.71,3.35,2.71,3.15,2.2,3.58,3.99,2.05,1.0,3.61
00-0034351,Dallas Goedert,PHI,TE,1.0,1244,measured,14.8,9.55,10.78,11.26,12.0,12.15,11.8,12.85,13.39,11.22,11.3,13.83,6.67,5.75,4.92,7.74,1.7,1.0,2.96,3.96,3.56,4.14,1.62,8.2,3.33,13.82,17.6,16.24,16.73,16.88,16.55,16.71,9.22,13.55,2.83,4.03,3.37,2.39,2.23,4.43,3.88,3.47,3.61,2.03,4.2,2.81,2.61,4.17,2.35
00-0038498,E.J. Jenkins,PHI,TE,,81,prior,8.5,10.93,11.96,11.9,9.0,12.94,11.8,9.45,2.89,2.9,6.93,11.51,12.28,12.99,11.05,11.39,5.12,2.45,1.56,1.53,2.37,4.91,2.22,15.27,3.4,5.59,9.37,7.58,7.29,5.93,6.89,9.37,10.67,6.09,4.76,3.62,2.62,1.98,1.95,4.67,1.76,3.95,3.36,1.0,2.41,2.87,2.32,2.33,5.42
00-0037086,Grant Calcaterra,PHI,TE,2.0,867,measured,12.6,12.0,12.69,11.7,10.0,13.2,11.8,8.46,9.52,9.11,9.71,12.68,17.97,14.01,17.3,14.83,2.8,3.13,1.38,2.37,1.93,6.07,3.8,8.42,2.25,13.98,17.76,16.61,17.26,14.26,15.44,8.43,6.54,5.14,2.96,1.77,3.13,1.46,3.28,3.47,3.24,3.27,4.1,3.41,3.85,2.84,4.92,4.36,3.43
00-0036876,Kylen Granson,PHI,TE,3.0,885,measured,11.5,11.32,12.32,11.86,8.55,13.16,11.8,10.58,7.65,6.25,9.52,7.36,11.05,12.46,5.07,13.83,3.43,3.23,2.74,4.57,3.38,3.34,4.08,14.42,3.98,10.64,14.43,10.07,10.66,13.34,15.19,7.6,16.31,4.32,3.68,2.45,1.0,2.27,3.35,2.32,2.38,2.93,4.11,2.39,2.89,4.36,2.91,2.54,3.47
00-0035676,A.J. Brown,PHI,WR,1.0,1824,measured,15.2,14.49,14.28,12.34,9.5,14.81,11.8,14.13,13.29,16.65,8.92,11.56,12.11,7.1,18.17,4.52,2.91,2.07,2.93,5.06,5.09,3.78,2.05,10.93,16.36,17.13,15.82,15.73,16.9,15.35,15.4,2.0,2.15,3.82,3.48,4.77,3.65,2.69,3.24,4.11,1.96,3.78,3.73,4.66,3.97,3.89,2.16,2.87,12.87
00-0037132,Britain Covey,PHI,WR,,91,prior,11.1,15.63,15.25,13.99,6.36,14.46,11.8,8.84,11.14,12.31,7.05,18.33,15.37,6.07,4.11,17.02,2.63,3.32,1.7,3.79,5.13,3.75,3.67,8.84,6.41,11.43,10.12,7.66,4.48,10.83,12.57,2.37,4.49,4.21,2.38,2.23,2.02,3.23,3.73,1.71,2.14,2.36,1.13,1.51,2.03,3.09,2.22,3.9,12.51
00-0040024,Darius Cooper,PHI,WR,2.0,0,prior,9.4,14.86,15.1,13.75,6.83,14.78,11.8,8.88,9.81,10.34,6.32,12.72,11.0,10.4,11.05,11.39,4.32,4.34,2.29,1.0,1.92,2.33,3.08,8.28,7.22,12.49,11.19,4.63,5.43,8.09,8.58,2.68,1.53,3.92,3.73,1.7,4.86,1.57,3.29,1.44,2.28,2.75,1.0,3.55,3.36,4.5,4.03,4.58,11.38
00-0036912,DeVonta Smith,PHI,WR,1.0,1893,measured,14.7,15.74,15.83,15.17,4.83,14.27,11.8,12.44,13.57,12.56,11.81,11.23,8.67,11.82,18.74,5.91,3.41,2.61,2.34,4.27,3.51,2.74,1.48,16.04,12.72,12.97,11.66,15.87,15.78,13.4,12.2,3.69,1.47,2.65,2.76,2.77,3.35,3.07,2.16,4.07,3.15,2.05,3.33,2.74,2.77,2.38,2.46,2.72,11.36
00-0038667,Elijah Cooks,PHI,WR,,74,prior,8.3,13.82,14.95,13.77,6.7,14.84,11.8,9.0,6.4,8.77,6.66,10.56,12.63,14.69,11.05,11.39,3.13,3.47,1.46,1.29,3.36,3.18,2.81,8.87,5.62,11.87,10.56,6.76,4.3,4.65,4.47,2.94,2.48,2.98,3.77,2.13,2.54,1.92,3.8,3.36,5.04,3.03,1.14,4.34,3.79,2.33,3.85,1.47,9.68
00-0037741,Jahan Dotson,PHI,WR,1.0,1501,measured,10.2,15.93,15.33,11.69,6.28,14.67,11.8,10.31,7.86,9.32,9.24,11.33,9.13,12.57,6.59,7.37,2.06,3.86,3.26,5.15,2.13,4.14,4.47,16.15,4.82,7.15,5.84,10.56,10.68,6.25,5.9,3.43,2.94,1.99,3.96,2.5,3.49,3.05,4.4,2.06,4.4,2.88,5.32,2.94,3.31,3.53,3.6,1.83,11.55
00-0037614,John Metchie III,PHI,WR,2.0,558,measured,9.9,14.61,15.05,13.71,6.87,14.81,11.8,10.22,8.94,8.78,7.66,8.58,11.23,8.05,17.56,14.83,1.29,3.12,4.59,2.32,3.25,3.67,3.2,7.83,5.85,8.57,7.26,6.71,6.54,8.64,9.03,4.07,3.3,2.96,5.45,3.19,2.93,5.34,2.52,2.8,2.59,2.86,5.27,4.08,4.45,3.22,2.64,4.0,10.7
00-0039236,Johnny Wilson,PHI,WR,2.0,344,measured,8.0,13.85,15.95,14.55,7.94,16.31,11.8,9.26,10.14,7.3,6.41,8.96,13.68,12.99,11.05,14.22,4.92,2.21,3.34,3.6,2.22,2.53,2.57,8.82,5.17,12.17,10.86,4.68,5.1,4.17,3.9,1.0,2.88,3.11,3.0,5.62,2.92,4.23,4.26,2.52,3.11,3.23,4.01,1.95,2.41,2.94,1.0,3.8,11.93
00-0036955,Terrace Marshall Jr.,PHI,WR,,626,measured,10.2,16.62,16.69,13.86,9.5,16.76,11.8,9.64,7.93,10.74,7.73,8.18,10.74,15.05,7.26,14.38,3.15,4.35,1.44,3.21,4.52,3.26,2.88,6.12,5.23,7.02,5.71,7.98,8.03,7.21,7.57,3.37,4.46,3.08,2.96,4.27,1.0,3.24,2.49,2.57,3.99,1.88,3.98,3.28,3.2,4.98,2.55,3.1,9.92
00-0036783,Ryan McCollum,PIT,C,2.0,143,measured,11.8,3.53,5.51,6.28,13.53,8.12,11.8,10.95,8.32,9.73,9.6,13.71,10.86,13.9,11.05,11.39,1.0,2.95,2.81,1.8,2.38,2.56,2.29,3.33,2.6,3.97,3.89,1.63,2.93,3.29,2.06,11.2,13.89,3.54,2.98,3.06,2.1,3.38,3.12,1.65,2.25,4.17,3.32,2.73,3.34,2.33,2.57,4.83,1.15
00-0039896,Zach Frazier,PIT,C,1.0,888,measured,12.0,4.36,5.78,6.98,11.89,8.62,11.8,8.86,9.41,11.28,8.21,9.13,12.64,8.68,6.71,11.39,2.25,1.62,2.56,1.65,3.68,2.9,2.6,3.18,3.21,3.49,4.7,2.13,4.61,3.72,3.33,10.02,17.29,4.5,3.63,2.66,3.61,1.32,3.7,2.65,4.47,2.55,2.38,6.67,2.99,3.34,2.59,1.5,1.37
00-0039454,Beanie Bishop Jr.,PIT,CB,,512,measured,10.5,15.11,15.6,13.62,6.98,14.88,11.8,9.12,8.46,9.22,8.56,13.71,15.86,12.99,11.05,11.39,3.08,1.04,4.61,1.59,3.32,3.36,1.0,3.07,2.56,3.88,3.32,1.58,4.39,4.05,2.73,3.22,1.71,5.2,2.92,2.66,2.91,6.7,9.2,12.97,8.45,8.45,10.26,7.46,3.28,2.92,2.4,3.29,14.15
00-0036504,Brandin Echols,PIT,CB,2.0,476,measured,11.1,18.01,19.15,16.18,6.5,19.28,11.8,8.22,8.1,8.24,9.68,11.65,10.49,8.63,5.68,14.99,3.19,1.63,2.18,4.93,3.89,1.1,4.54,1.13,3.96,3.04,3.36,2.17,4.4,3.51,2.19,3.49,2.42,2.62,2.72,3.81,2.58,11.83,13.02,15.33,7.14,7.14,10.11,8.66,3.07,2.24,5.03,2.0,11.84
00-0038946,Cameron McCutcheon,PIT,CB,3.0,0,prior,8.3,14.99,15.79,14.22,6.83,15.19,11.8,7.91,8.9,11.03,6.09,12.03,12.78,10.4,11.05,11.39,3.08,4.35,3.29,4.23,4.55,2.16,1.67,4.83,2.09,4.97,1.87,3.19,1.73,3.71,2.73,3.51,3.12,3.11,1.11,2.65,4.03,8.59,12.38,17.35,3.93,3.93,10.21,3.93,1.0,2.97,1.0,3.17,7.03
00-0038639,Cory Trice Jr.,PIT,CB,2.0,177,measured,10.3,15.01,17.22,14.72,8.5,15.7,11.8,10.0,9.59,6.36,7.19,10.89,9.44,5.24,6.5,5.91,4.01,3.27,3.09,2.03,2.67,2.63,2.39,3.88,1.8,4.8,3.13,3.5,5.2,2.97,4.2,2.08,2.73,2.75,4.23,3.79,2.63,8.63,13.49,16.01,7.5,7.5,10.71,6.22,2.47,2.56,3.4,2.89,12.25
00-0038877,D'Shawn Jamison,PIT,CB,,71,prior,8.4,15.1,15.59,13.67,7.06,14.91,11.8,9.32,5.27,7.16,9.16,12.52,11.09,12.41,11.05,6.88,2.14,3.33,4.29,3.02,1.79,2.71,2.71,1.7,2.13,3.69,2.91,2.64,2.4,2.16,3.01,3.15,4.78,3.07,3.81,4.43,3.13,7.9,11.45,15.54,4.25,4.25,10.28,4.1,4.12,2.73,3.97,4.21,11.93
00-0030062,Darius Slay,PIT,CB,1.0,1585,measured,15.3,15.39,14.63,12.89,7.0,12.89,11.8,16.07,13.9,15.33,14.65,7.59,8.06,6.61,7.58,5.45,3.99,1.31,3.21,4.41,2.21,2.85,2.18,1.33,4.53,1.61,3.29,4.15,3.24,3.07,4.65,3.78,2.95,3.16,4.02,4.32,2.61,6.1,5.67,13.2,17.39,17.39,10.26,17.11,3.75,5.48,2.51,4.44,6.91
00-0040365,Daryl Porter,PIT,CB,,0,prior,8.9,15.11,15.6,13.64,7.01,14.89,11.8,9.32,9.7,9.49,6.56,10.99,14.24,10.4,11.05,11.39,3.04,3.37,2.23,2.07,1.0,1.74,3.89,3.06,2.16,2.2,4.64,3.81,2.1,1.97,2.98,2.83,1.5,3.01,6.27,3.65,4.91,7.23,12.31,15.27,5.24,5.24,10.27,4.53,2.3,1.5,1.64,2.33,14.19
00-0040232,Donte Kent,PIT,CB,2.0,0,prior,9.8,15.06,15.56,13.81,7.28,15.0,11.8,9.53,7.72,9.85,6.95,12.59,7.92,10.4,11.05,11.39,4.13,3.7,1.22,4.63,5.54,4.41,2.23,2.41,2.92,4.44,5.28,3.47,2.73,2.57,3.06,2.47,2.3,2.78,5.33,1.58,4.18,7.01,11.51,14.66,7.04,7.04,10.35,5.96,4.39,2.94,1.97,3.19,13.25
00-0033055,Jalen Ramsey,PIT,CB,1.0,1777,measured,15.3,15.47,17.3,13.98,7.0,18.03,11.8,13.63,14.74,12.82,12.42,12.97,7.97,7.19,17.14,16.87,1.74,2.62,3.2,2.07,2.44,3.35,2.53,3.05,1.32,3.25,3.14,2.64,3.28,4.25,3.42,4.38,3.07,2.59,3.72,5.04,1.84,10.79,5.31,8.4,16.74,16.74,10.26,18.28,3.34,3.04,3.33,2.68,4.08
00-0035795,James Pierre,PIT,CB,,311,measured,8.7,12.24,13.69,13.09,6.22,13.37,11.8,10.3,8.67,7.73,7.6,11.45,11.97,15.33,14.89,17.25,3.92,5.77,4.74,2.57,4.94,1.77,4.49,4.18,3.11,3.09,1.73,1.94,2.09,3.0,3.4,3.28,3.55,2.88,3.3,4.03,4.58,4.88,8.58,13.49,6.3,6.3,10.03,6.64,2.76,1.91,2.28,2.92,12.31
00-0039167,Joey Porter Jr.,PIT,CB,1.0,1418,measured,14.1,15.24,16.85,14.22,8.5,15.09,11.8,11.0,8.45,10.52,9.9,10.8,12.45,13.68,15.98,14.83,3.65,3.4,3.37,5.16,3.66,3.13,3.38,3.12,3.29,2.15,1.23,5.14,5.21,3.36,3.81,3.51,2.79,2.75,2.95,3.06,4.04,9.37,5.91,12.09,15.6,15.6,10.71,11.2,4.88,3.36,2.68,3.03,8.56
00-0027969,Cameron Heyward,PIT,DT,1.0,1340,measured,14.6,4.42,5.48,5.29,12.34,7.34,11.8,16.21,12.62,9.83,14.96,14.22,9.93,17.5,11.05,11.39,3.99,3.9,1.58,3.75,3.44,2.37,3.61,4.85,5.39,2.87,3.98,3.74,2.42,3.13,4.84,2.99,2.97,3.36,14.62,12.91,16.61,18.25,16.64,5.2,2.32,2.01,2.47,2.16,2.11,2.63,3.05,3.49,1.37
00-0034251,Daniel Ekuale,PIT,DT,2.0,853,measured,6.8,4.96,6.23,5.64,13.21,8.57,11.8,9.5,6.62,5.0,9.85,13.96,11.89,7.27,15.1,13.85,1.7,1.0,3.52,1.85,3.3,1.0,2.23,1.69,4.48,3.11,2.73,3.55,2.53,2.8,2.43,3.62,2.2,2.78,5.39,3.56,5.31,5.56,8.05,7.51,1.95,3.07,4.25,2.86,2.31,2.46,2.69,3.86,1.97
00-0032412,Dean Lowry,PIT,DT,3.0,494,measured,9.0,7.27,8.57,9.93,15.24,10.96,11.8,10.3,7.99,5.18,10.33,10.93,15.85,8.32,6.44,8.28,1.09,2.99,4.44,2.35,1.59,3.09,4.07,2.15,3.37,2.93,3.46,2.84,3.37,4.09,3.14,3.57,3.23,4.74,8.79,7.06,7.55,7.36,7.72,7.42,3.64,3.81,2.58,3.65,2.46,2.89,4.46,2.76,1.0
00-0040678,Derrick Harmon,PIT,DT,1.0,0,prior,12.9,7.33,7.67,6.2,12.92,8.97,11.8,9.39,11.61,11.74,7.12,8.86,11.49,10.4,11.05,11.39,1.84,2.79,3.52,4.43,3.86,4.02,3.13,1.11,1.66,2.06,3.36,3.94,3.41,2.64,2.14,1.41,2.93,2.47,14.45,13.55,14.21,12.77,10.49,10.99,3.5,3.27,3.18,1.99,3.06,3.86,5.08,2.29,5.26
00-0036148,Domenique Davis,PIT,DT,4.0,15,prior,7.0,4.58,5.69,4.64,13.79,8.22,11.8,7.6,7.48,6.19,8.73,9.38,13.14,12.19,11.05,11.39,3.46,3.21,2.4,3.85,4.53,2.08,2.18,1.28,3.24,3.05,1.7,4.21,3.0,3.96,1.75,1.53,1.29,3.61,5.42,3.25,6.11,6.43,6.51,11.87,1.85,2.47,2.25,3.82,1.98,4.27,4.58,3.15,4.44
00-0037274,Esezi Otomewo,PIT,DT,3.0,115,measured,8.9,7.32,8.88,8.65,12.22,10.89,11.8,8.87,8.47,5.25,7.19,11.88,13.47,14.15,11.05,5.91,2.96,1.74,4.25,2.7,3.04,3.06,1.7,3.64,3.93,3.84,2.14,2.22,2.96,1.6,3.7,1.68,4.39,3.74,8.98,8.33,8.38,8.03,6.91,11.11,2.86,2.68,1.0,1.71,4.65,3.72,4.28,2.66,2.81
00-0036843,Isaiahh Loudermilk,PIT,DT,2.0,365,measured,7.9,5.6,7.8,8.18,10.67,9.3,11.8,9.36,4.89,6.27,10.15,8.99,9.32,15.36,14.06,11.39,4.03,1.53,3.24,2.83,3.28,4.46,1.67,2.41,3.79,1.28,2.8,3.95,4.19,3.92,1.56,4.29,2.3,2.8,6.6,5.89,6.22,7.99,11.58,10.27,3.56,3.58,2.57,2.96,3.45,1.5,4.27,5.27,3.52
00-0038708,Jacob Slade,PIT,DT,4.0,0,prior,6.2,5.85,7.09,6.3,13.27,9.32,11.8,6.74,3.47,4.55,5.91,12.25,8.93,10.4,11.05,11.39,4.27,3.42,2.36,1.63,3.18,3.33,2.31,2.52,2.69,4.57,4.26,2.63,1.04,2.31,3.38,3.65,3.85,2.44,4.82,3.28,4.8,5.17,3.81,12.49,3.19,2.05,3.83,4.21,2.14,2.21,3.34,1.71,2.77
00-0039110,Keeanu Benton,PIT,DT,1.0,909,measured,12.5,5.6,7.6,8.64,12.92,9.65,11.8,10.78,8.07,12.44,8.86,10.24,10.96,14.69,11.05,11.39,5.46,1.4,2.36,5.11,1.68,3.23,2.34,2.66,3.64,3.61,2.13,2.77,2.46,1.6,4.81,2.22,2.52,2.48,13.72,12.21,13.77,13.25,9.19,7.32,4.03,3.14,3.07,3.06,3.65,2.0,4.02,4.25,5.98
00-0039609,Kyler Baugh,PIT,DT,,0,prior,6.3,6.64,7.88,6.84,13.56,10.14,11.8,7.39,3.09,4.48,4.69,7.23,11.06,10.4,11.05,11.39,3.61,2.94,2.1,4.0,3.06,4.13,3.45,2.54,2.27,1.87,4.35,4.55,4.2,3.06,4.08,2.25,3.41,4.3,4.72,3.36,4.79,5.15,3.79,12.83,3.28,3.75,4.08,2.43,2.88,1.74,1.96,3.26,4.45
00-0039389,Logan Lee,PIT,DT,2.0,0,prior,6.2,6.0,8.5,11.58,12.92,11.35,11.8,8.17,1.77,2.0,7.39,9.51,11.64,4.21,18.71,11.39,3.84,3.82,2.07,1.0,4.17,3.69,4.17,3.57,2.97,3.8,3.46,1.13,3.66,2.93,3.74,1.94,3.75,3.53,4.74,3.38,4.78,4.78,3.78,12.6,2.25,2.14,2.46,3.19,2.83,2.59,1.77,2.7,1.77
00-0040188,Yahya Black,PIT,DT,3.0,0,prior,9.1,1.15,3.38,6.45,12.15,6.23,11.8,8.16,6.93,6.61,6.72,10.46,14.79,10.4,11.05,11.39,4.5,2.76,2.19,3.49,2.75,2.57,2.53,2.58,2.63,1.24,3.33,2.97,4.04,3.5,1.47,2.43,1.79,4.55,10.11,7.32,9.23,8.95,8.47,7.57,4.61,1.97,1.78,2.58,4.88,3.02,3.98,3.91,3.72
00-0036333,Alex Highsmith,PIT,EDGE,1.0,1459,measured,13.9,10.74,13.59,11.04,10.1,13.68,11.8,12.42,13.56,11.27,11.16,13.35,11.85,8.02,4.19,15.42,3.86,2.41,1.0,4.01,2.51,2.51,3.62,3.32,2.89,3.1,2.21,3.56,3.88,2.03,3.76,2.15,2.55,3.64,14.86,15.29,13.86,14.21,15.16,11.13,5.8,6.8,2.03,2.61,4.88,2.39,3.56,3.55,2.1
00-0037759,DeMarvin Leal,PIT,EDGE,,251,measured,8.4,6.67,7.13,9.17,12.5,8.11,11.8,9.25,8.57,8.04,6.79,10.24,9.19,4.53,18.02,11.39,2.89,3.05,4.06,2.72,2.36,3.98,2.21,3.69,2.76,3.49,3.58,1.37,2.52,3.51,3.27,3.34,1.96,3.25,8.64,6.81,8.38,10.11,8.91,11.94,5.8,6.8,2.64,1.63,1.25,3.19,3.47,2.76,3.83
00-0040160,Jack Sawyer,PIT,EDGE,2.0,0,prior,8.9,10.1,11.59,10.62,11.35,12.91,11.8,6.77,7.99,6.96,6.34,10.88,12.6,10.4,11.05,11.39,3.87,2.46,2.91,3.62,3.62,1.96,1.18,3.72,3.06,5.46,1.84,1.71,4.57,3.37,2.53,3.95,3.12,4.76,8.28,8.06,6.92,7.82,9.19,12.18,5.8,6.8,2.43,4.23,2.19,3.72,3.3,3.1,3.29
00-0039931,Julius Welschof,PIT,EDGE,,0,prior,6.3,10.03,11.76,10.99,10.58,12.9,11.8,7.29,5.96,5.47,5.08,10.26,5.44,10.4,11.05,11.39,4.81,4.56,2.44,2.2,2.11,3.09,4.99,2.53,1.65,1.75,1.49,3.72,4.07,3.15,2.86,5.32,3.18,3.16,4.6,4.63,4.62,4.62,3.62,10.41,5.8,6.8,3.41,3.72,2.29,3.02,2.37,4.09,2.21
00-0038577,Nick Herbig,PIT,EDGE,2.0,498,measured,11.3,11.54,13.35,13.04,12.92,14.39,11.8,9.04,10.75,8.35,6.8,11.43,12.66,8.36,5.49,11.39,3.52,3.01,2.05,3.7,1.58,4.52,4.25,1.0,2.86,2.36,3.99,3.08,3.04,3.57,4.11,2.99,2.01,3.88,11.17,10.9,9.74,10.07,12.35,12.31,5.8,6.8,2.3,2.86,2.65,3.67,1.81,4.01,2.66
00-0033886,T.J. Watt,PIT,EDGE,1.0,1680,measured,15.0,9.91,13.43,15.61,10.67,15.49,11.8,13.94,12.16,14.63,12.2,7.45,10.56,15.36,14.13,14.26,3.99,3.46,2.74,4.39,3.22,2.56,4.52,3.0,2.33,5.63,3.05,5.63,2.54,4.03,2.9,1.0,2.73,3.24,16.49,16.52,17.18,15.82,14.7,7.22,5.8,6.8,3.05,1.38,3.32,3.0,3.0,3.58,1.0
00-0031136,Chris Boswell,PIT,K,1.0,79,measured,17.9,5.33,7.63,8.3,9.64,10.5,13.19,17.19,14.94,14.83,12.33,15.08,12.26,11.93,14.06,5.53,2.16,2.75,2.94,1.0,2.46,2.45,4.24,4.44,2.37,1.8,4.53,3.75,2.54,2.93,4.28,1.2,2.09,2.67,5.33,2.85,2.14,3.5,1.84,1.68,3.32,1.88,2.01,4.01,18.29,17.42,2.92,1.0,1.95
00-0040231,Carson Bruener,PIT,LB,3.0,0,prior,11.6,12.74,13.13,12.24,9.82,13.08,11.8,9.19,8.22,5.93,6.16,11.4,9.71,10.4,11.05,11.39,2.87,3.56,3.49,3.84,4.98,2.86,3.07,1.64,3.12,2.3,3.07,3.18,1.39,3.3,3.32,2.95,2.8,4.09,6.73,7.19,12.48,12.16,12.47,15.7,8.77,10.27,1.08,9.26,2.42,3.29,3.37,2.8,4.02
00-0035286,Cole Holcomb,PIT,LB,2.0,468,measured,12.4,11.4,12.2,11.9,11.07,13.09,11.8,11.73,10.11,10.71,9.98,14.95,10.51,4.05,5.42,8.28,1.8,4.44,3.72,3.97,4.13,4.1,2.68,3.08,3.72,5.02,2.12,2.01,3.22,3.26,3.85,2.86,2.5,3.85,9.26,8.81,13.48,14.33,14.0,13.44,8.84,10.34,1.91,5.18,1.66,3.5,1.0,3.41,1.65
00-0036802,Jon Rhattigan,PIT,LB,,16,prior,9.6,11.56,12.18,11.9,11.81,13.24,11.8,8.54,4.97,3.14,9.01,15.99,8.23,14.03,15.0,11.39,4.46,3.86,2.61,3.45,2.43,2.63,2.33,3.86,2.57,4.9,2.41,2.97,3.27,2.9,3.18,3.09,2.22,3.07,13.0,12.35,6.81,8.77,11.3,13.69,4.18,5.68,2.27,2.13,3.1,4.19,3.82,1.75,3.59
00-0036280,Malik Harrison,PIT,LB,2.0,573,measured,11.0,11.38,13.18,14.56,10.53,14.81,11.8,8.76,8.02,8.72,8.35,12.67,12.68,12.12,13.73,7.57,3.63,3.22,1.36,2.92,3.76,4.6,1.0,3.71,4.07,2.69,2.77,3.62,4.08,3.13,5.17,2.37,2.52,3.02,11.53,11.27,12.78,13.93,10.45,10.69,8.5,10.0,5.77,5.72,4.61,2.74,2.2,3.54,2.26
00-0036323,Patrick Queen,PIT,LB,1.0,2167,measured,12.4,14.31,15.45,11.34,9.0,14.58,11.8,10.14,10.36,9.97,9.99,10.22,8.91,17.5,11.05,16.0,3.31,1.43,2.31,4.35,2.21,2.44,3.99,3.16,3.1,2.13,4.8,2.13,3.82,2.16,5.69,3.81,1.71,3.27,9.93,11.22,11.34,10.62,10.09,14.21,16.63,18.13,3.4,11.98,2.88,2.84,1.98,2.83,3.74
00-0039741,Payton Wilson,PIT,LB,1.0,456,measured,13.5,15.93,14.84,13.69,9.6,13.51,11.8,11.54,14.65,10.51,9.09,9.41,14.03,12.99,11.05,11.39,4.6,2.37,3.85,2.06,3.25,2.19,2.96,2.89,2.47,2.79,1.29,3.6,2.0,4.9,2.91,2.82,3.28,2.92,9.22,10.87,9.08,13.52,17.45,18.39,8.54,10.04,3.01,4.8,1.38,1.35,3.58,3.05,1.46
00-0034051,Christian Kuntz,PIT,LS,1.0,1,prior,10.7,9.37,10.22,9.62,9.53,11.47,10.5,12.78,9.98,7.83,13.05,6.6,13.85,17.5,11.05,11.39,1.79,2.37,3.5,1.27,1.0,3.7,2.48,2.98,4.28,2.51,1.0,2.63,2.06,2.89,4.32,3.17,3.29,1.54,3.46,2.53,1.68,1.0,3.91,2.84,2.96,2.83,3.05,3.86,1.53,2.59,3.07,1.91,2.47
00-0032954,Isaac Seumalo,PIT,OG,1.0,1914,measured,14.1,2.79,4.32,7.95,13.12,5.91,11.8,15.55,10.52,11.71,10.53,12.87,11.92,12.15,4.14,16.55,1.91,3.01,2.27,2.44,4.9,3.02,3.04,2.45,3.59,2.29,1.85,1.42,2.04,1.67,3.43,18.73,12.23,3.94,2.6,3.27,4.03,3.67,1.32,1.83,1.33,4.92,3.47,2.94,3.22,2.15,2.82,2.78,3.19
00-0039358,Mason McCormick,PIT,OG,1.0,862,measured,11.9,5.6,9.05,8.43,12.91,13.78,11.8,10.34,7.12,8.95,7.79,11.61,12.13,12.99,11.05,11.39,3.72,2.96,3.78,3.31,5.14,2.58,2.52,2.75,3.21,2.38,1.81,1.14,4.48,3.24,5.14,15.03,9.11,2.0,2.61,2.88,2.32,4.25,2.78,2.79,2.88,2.11,4.12,2.67,3.54,2.76,2.9,3.16,4.18
00-0035245,Max Scharping,PIT,OG,2.0,27,prior,11.1,3.44,5.73,5.49,13.85,8.27,11.8,12.5,9.77,7.82,8.89,15.63,6.92,17.5,11.05,14.83,2.71,3.85,4.23,3.15,2.45,3.02,3.51,3.04,3.85,3.05,4.3,3.31,5.19,2.82,1.47,12.78,9.49,2.76,3.76,2.01,2.97,3.94,2.28,2.47,3.39,3.68,1.67,1.7,2.98,3.69,3.98,2.3,3.01
00-0038645,Spencer Anderson,PIT,OG,2.0,273,measured,10.9,3.66,5.31,4.86,12.99,8.13,11.8,8.81,8.02,7.74,6.67,9.53,10.01,14.69,11.05,11.39,4.43,1.74,2.49,4.37,4.4,1.93,1.56,3.64,3.18,4.08,3.24,5.02,2.35,1.63,3.29,9.97,13.44,1.83,3.2,3.15,2.4,3.17,2.42,3.45,4.09,3.66,2.54,2.59,2.25,4.55,3.88,2.84,1.6
00-0039555,Steven Jones,PIT,OG,,0,prior,11.9,3.34,4.94,4.46,13.02,7.88,11.8,10.06,8.93,10.68,7.5,13.02,8.63,10.4,11.05,11.39,3.12,3.3,3.66,5.28,1.65,1.47,2.5,2.12,1.83,2.4,4.2,4.96,2.91,2.76,3.34,15.91,9.81,2.99,2.8,3.12,2.55,3.36,3.69,4.99,3.51,3.38,3.14,3.12,5.22,3.31,2.89,2.55,3.62
00-0040533,Aiden Williams,PIT,OT,,0,prior,10.9,4.75,6.84,6.16,12.72,9.3,11.8,9.2,3.55,7.11,4.72,10.89,8.31,10.4,11.05,11.39,4.05,5.79,3.47,1.79,3.95,3.46,1.83,3.08,2.4,2.46,3.05,2.74,2.46,3.31,4.79,12.57,11.2,3.56,4.19,3.37,2.52,3.77,1.0,2.26,2.83,2.14,1.71,4.16,1.9,2.77,2.73,4.19,3.79
00-0032203,Andrus Peat,PIT,OT,2.0,824,measured,13.4,2.93,4.39,3.59,11.5,8.71,11.8,12.78,6.85,9.36,11.09,13.57,8.73,5.4,13.74,13.88,4.46,3.95,4.25,3.05,2.88,3.49,3.2,2.46,2.38,3.72,2.16,1.66,2.09,2.62,2.71,11.68,19.27,2.78,3.08,3.13,1.69,1.38,2.91,2.43,2.93,3.38,3.49,2.02,1.74,3.48,2.69,3.4,3.55
00-0039109,Broderick Jones,PIT,OT,1.0,1485,measured,13.7,7.07,7.73,5.32,12.41,9.52,11.8,11.03,12.29,8.53,7.69,11.7,16.56,14.69,11.05,11.39,3.65,3.07,4.73,3.67,3.15,2.42,3.99,2.83,3.41,2.79,4.26,2.54,2.2,1.03,2.05,16.25,15.71,3.53,4.36,3.82,3.01,2.23,3.29,4.06,1.72,2.72,2.28,4.03,3.08,1.69,3.31,3.17,3.07
00-0034957,Calvin Anderson,PIT,OT,2.0,294,measured,11.2,4.37,6.29,5.47,12.79,8.83,11.8,11.07,8.94,7.66,10.39,10.73,13.35,7.07,5.22,4.91,2.9,2.3,3.42,2.49,4.33,1.0,2.67,4.82,3.42,4.33,4.04,1.19,1.99,2.8,3.75,12.67,12.02,2.27,5.28,2.78,2.94,3.95,1.08,3.12,3.05,4.5,2.35,3.27,4.15,1.61,1.45,2.91,2.54
00-0037480,Dylan Cook,PIT,OT,,0,prior,10.5,5.27,7.55,7.02,13.3,9.98,11.8,8.99,7.63,5.66,6.72,12.68,7.63,4.21,7.46,11.39,1.49,1.13,3.25,1.0,3.16,4.08,2.69,3.17,1.83,1.0,1.7,1.0,2.06,2.82,3.37,9.62,11.98,2.68,3.57,2.65,3.73,3.82,1.34,3.89,3.2,1.7,3.3,3.17,2.96,3.68,3.68,3.56,3.86
00-0040619,Gareth Warren,PIT,OT,3.0,0,prior,10.3,3.56,5.26,4.26,11.22,7.83,11.8,7.29,5.35,5.99,6.91,10.24,16.59,10.4,11.05,11.39,1.97,4.47,3.46,3.88,3.98,2.81,3.3,3.58,4.34,4.12,2.14,3.1,2.44,2.05,3.07,12.57,11.2,2.22,2.64,3.31,4.37,2.78,1.33,1.0,1.73,1.0,2.74,2.21,1.05,4.3,3.62,3.04,3.47
00-0039871,Troy Fautanu,PIT,OT,1.0,47,prior,11.5,6.53,8.52,4.95,12.4,11.78,11.8,8.46,7.8,8.05,6.43,11.82,7.58,12.99,11.05,5.91,2.75,3.15,4.66,2.29,2.69,1.11,2.53,1.0,3.48,1.42,4.12,2.31,3.82,3.46,2.93,11.74,13.66,2.79,2.66,1.88,1.44,1.5,3.0,1.95,1.49,2.38,3.18,2.61,2.87,3.6,3.78,1.83,2.65
00-0035821,Corliss Waitman,PIT,P,1.0,76,measured,9.7,7.53,9.25,9.04,9.83,11.43,11.86,9.99,7.34,7.11,10.0,10.73,13.79,15.11,11.05,11.39,2.47,2.0,3.59,3.53,3.2,3.18,2.39,2.88,2.3,3.27,3.82,1.79,4.72,4.21,4.35,1.64,1.76,1.0,3.6,4.18,1.73,3.03,1.0,1.84,2.66,3.88,2.6,2.8,2.38,2.23,8.35,11.04,2.9
00-0023459,Aaron Rodgers,PIT,QB,1.0,1400,measured,13.9,5.8,5.09,6.38,9.76,8.2,11.8,14.15,12.91,12.2,15.96,9.73,13.96,6.45,4.07,11.39,16.08,10.12,15.45,16.37,14.14,13.38,14.81,13.15,3.5,6.62,2.9,1.35,3.78,3.99,2.84,1.07,3.08,3.52,3.54,3.33,3.85,3.74,4.23,1.27,2.38,1.0,2.48,2.69,2.64,1.71,3.9,1.21,2.8
00-0034771,Mason Rudolph,PIT,QB,2.0,567,measured,10.0,7.25,8.54,10.9,9.76,7.43,11.8,8.72,9.85,9.81,12.19,8.46,9.54,8.41,14.04,11.39,7.63,12.01,8.97,9.67,9.19,14.22,9.51,8.9,4.49,3.75,2.47,2.85,3.86,2.02,4.48,2.55,2.11,2.55,3.94,1.0,2.64,3.26,2.5,2.66,2.28,2.61,3.87,5.4,3.42,2.44,3.87,5.18,3.24
00-0037327,Skylar Thompson,PIT,QB,3.0,138,measured,6.4,7.78,8.85,13.44,9.76,10.62,11.8,6.29,5.66,4.13,7.2,9.67,6.86,14.15,11.05,4.1,5.59,6.13,8.7,6.1,5.04,7.36,5.44,4.11,1.96,1.0,3.88,3.05,3.51,2.66,2.13,1.32,3.27,1.0,1.0,1.0,3.98,3.91,4.05,4.83,2.85,2.85,3.07,2.69,3.06,3.42,2.89,2.6,2.31
00-0040203,Will Howard,PIT,QB,4.0,0,prior,7.2,8.82,9.41,12.09,9.76,11.05,11.8,7.32,6.96,7.31,6.65,9.31,13.59,10.4,11.05,11.39,8.83,6.27,7.88,6.62,6.04,7.03,7.12,7.57,1.0,2.58,2.14,2.07,2.03,4.2,2.21,3.4,3.27,2.34,4.9,2.25,2.93,3.84,3.67,2.17,2.19,2.5,3.84,2.53,1.14,2.67,2.56,1.91,2.52
00-0037228,Jaylen Warren,PIT,RB,1.0,890,measured,13.5,13.29,13.43,13.25,9.63,12.09,11.8,12.32,12.41,11.14,9.41,9.34,9.22,12.53,7.27,17.91,2.05,4.02,4.08,4.27,4.0,3.58,2.92,7.15,15.66,15.71,14.91,15.94,2.94,12.81,12.01,8.19,4.92,9.19,4.75,1.71,3.42,4.68,3.33,4.13,1.3,2.28,3.9,4.71,4.75,2.47,1.7,2.39,8.02
00-0040142,Kaleb Johnson,PIT,RB,2.0,0,prior,10.5,12.92,13.78,12.04,8.87,13.77,11.8,8.3,11.8,12.21,6.74,8.16,12.06,10.4,11.05,11.39,1.68,3.71,4.43,3.31,2.66,3.59,2.69,14.38,8.82,9.11,7.23,11.33,5.03,6.61,4.86,3.22,7.84,4.22,3.31,2.37,2.5,2.06,3.89,2.87,5.21,2.24,3.87,1.94,1.09,3.37,3.85,2.59,12.23
00-0036919,Kenneth Gainwell,PIT,RB,3.0,684,measured,11.2,16.16,15.34,13.2,10.67,13.7,11.8,9.74,9.91,7.98,8.58,13.0,6.91,15.33,14.77,11.39,2.6,2.03,3.5,2.38,4.02,2.86,1.4,9.79,8.15,8.77,12.67,13.79,4.18,5.69,4.92,1.0,1.68,1.8,3.6,4.17,4.16,3.67,2.35,3.52,3.35,2.68,2.1,1.66,3.1,2.32,2.57,2.24,11.15
00-0038409,Lew Nichols III,PIT,RB,,0,prior,8.4,13.08,13.55,12.6,9.44,13.63,11.8,7.2,6.82,7.32,8.22,7.94,10.64,10.4,11.05,11.39,3.53,3.89,3.26,2.83,3.41,2.61,3.5,15.45,4.69,4.72,4.69,4.2,3.62,5.28,4.86,1.78,9.48,2.78,2.4,2.39,1.43,2.61,1.21,1.9,4.26,2.68,5.34,3.25,2.11,3.23,2.34,1.96,14.82
00-0040618,Max Hurleman,PIT,RB,,0,prior,10.1,14.16,14.41,12.44,8.32,13.76,11.8,7.75,6.4,8.3,4.52,12.55,14.44,10.4,11.05,11.39,2.43,3.62,2.08,3.18,3.13,2.69,2.54,11.02,8.47,6.92,7.45,13.43,1.69,6.68,6.12,2.07,4.84,3.07,1.78,2.98,3.29,1.0,2.08,1.96,3.13,3.04,2.57,2.44,4.1,1.0,5.17,1.89,9.51
00-0036984,Trey Sermon,PIT,RB,,298,measured,10.1,12.92,14.71,14.88,9.03,15.89,11.8,9.22,6.62,9.98,9.21,11.61,11.53,13.62,14.31,7.37,3.65,2.59,1.0,3.21,3.92,3.38,3.13,16.1,7.73,7.79,7.58,6.33,2.55,3.98,3.16,3.04,4.2,4.04,3.61,1.65,3.04,1.7,2.57,4.15,3.31,3.04,4.03,4.79,3.68,1.84,2.93,4.62,12.83
00-0033294,Chuck Clark,PIT,S,2.0,1090,measured,8.2,12.71,13.45,15.89,8.0,13.05,11.8,9.6,8.39,7.91,10.23,8.56,10.5,15.11,11.05,15.0,2.79,3.33,3.15,3.51,4.22,2.84,3.19,3.35,2.03,4.19,2.85,3.28,3.41,4.64,1.82,1.41,2.19,2.79,2.85,2.0,1.0,10.58,11.08,11.32,3.48,4.48,9.26,5.14,3.82,2.87,2.33,3.26,13.31
00-0034277,DeShon Elliott,PIT,S,1.0,1719,measured,11.5,12.62,13.5,14.26,7.5,14.56,11.8,10.45,13.34,8.99,13.35,8.66,14.21,11.82,7.43,7.48,4.32,3.94,2.67,2.84,4.63,2.22,3.95,3.0,1.29,1.9,3.4,1.92,2.31,2.86,5.42,1.98,3.32,3.76,2.41,2.52,3.24,12.52,17.33,14.5,8.05,9.05,9.11,9.01,2.95,3.73,1.8,2.15,9.45
00-0035625,Juan Thornhill,PIT,S,1.0,1191,measured,12.3,15.55,17.52,13.84,10.67,18.97,11.8,11.86,11.27,9.05,10.21,10.26,10.05,6.95,18.23,16.81,2.51,4.0,1.91,1.81,3.1,1.45,1.8,2.68,1.2,2.58,3.06,3.3,1.24,2.24,1.7,3.02,3.64,4.68,4.33,3.0,2.58,6.45,11.21,15.58,11.82,12.82,10.06,11.48,3.38,3.87,1.72,4.31,6.56
00-0032399,Miles Killebrew,PIT,S,2.0,84,prior,8.5,10.03,12.99,13.62,11.33,15.39,11.8,12.81,6.1,7.15,11.56,14.18,9.08,11.93,14.04,11.39,3.13,1.0,3.15,2.99,2.77,3.97,4.88,3.7,2.65,3.21,1.56,4.89,2.74,3.94,3.52,2.04,3.16,2.48,1.3,2.76,3.12,10.0,10.43,6.81,5.71,6.71,10.26,6.27,1.54,4.58,3.03,3.03,15.0
00-0040527,Sebastian Castro,PIT,S,,0,prior,11.6,12.56,12.54,13.35,7.35,11.1,11.8,10.27,12.99,12.14,8.02,14.42,7.27,10.4,11.05,11.39,2.1,3.49,1.83,3.51,1.9,3.77,1.2,4.43,2.41,3.02,2.4,2.59,1.16,3.55,2.85,4.97,1.0,3.22,3.81,4.12,2.9,9.47,9.39,11.75,11.91,12.91,9.07,12.99,2.46,3.43,4.0,3.0,15.36
00-0037304,Connor Heyward,PIT,TE,1.0,498,measured,10.8,10.46,12.05,11.86,8.25,12.68,11.8,8.18,9.66,8.26,9.44,12.76,8.92,15.68,11.05,11.39,3.84,1.14,5.57,2.98,1.71,5.54,3.27,8.78,2.94,8.65,12.43,9.5,10.1,10.43,8.86,14.14,10.57,10.86,3.6,2.89,4.22,4.77,5.03,4.7,2.15,2.13,4.91,2.66,2.44,2.48,3.17,3.42,1.88
00-0038558,Darnell Washington,PIT,TE,3.0,861,measured,12.2,11.69,13.33,14.09,10.67,12.19,11.8,8.29,10.95,6.27,8.94,7.41,10.02,14.69,11.05,11.39,2.61,4.09,3.08,1.87,2.44,2.98,2.11,15.83,2.54,12.66,16.44,15.42,11.28,9.49,12.29,15.23,6.33,11.95,3.01,3.17,2.73,2.18,2.3,1.12,3.64,3.39,5.0,1.94,4.52,1.55,1.66,2.98,4.08
00-0035329,Donald Parham,PIT,TE,5.0,357,measured,10.8,11.06,11.96,11.79,8.77,12.86,11.8,9.77,8.63,4.1,8.1,10.13,4.77,7.48,14.91,6.26,2.54,2.58,4.08,2.74,3.21,3.42,3.63,12.42,3.46,8.57,12.36,11.06,10.15,10.72,9.26,9.9,13.59,6.61,2.59,2.28,3.08,2.89,3.56,4.71,2.95,3.01,5.1,2.92,2.77,3.05,3.67,3.45,2.86
00-0040528,JJ Galbreath,PIT,TE,,0,prior,10.4,11.1,12.15,11.9,8.81,13.07,11.8,7.77,5.85,5.18,7.58,10.43,15.11,10.4,11.05,11.39,2.22,3.6,2.69,5.2,2.92,1.21,2.54,13.6,3.46,12.23,16.02,9.46,9.06,9.21,9.72,10.97,10.38,7.69,3.39,1.86,2.48,2.87,3.73,2.97,3.53,4.44,2.92,1.71,4.89,4.26,4.13,3.26,3.2
00-0033858,Jonnu Smith,PIT,TE,2.0,1176,measured,14.8,11.29,14.01,12.87,11.33,16.03,11.8,13.64,9.08,9.47,10.49,6.14,11.5,8.24,16.87,14.61,2.22,4.43,1.52,2.24,2.57,2.43,3.57,6.16,2.49,14.63,18.42,16.36,19.4,17.06,16.11,8.55,18.68,5.27,3.58,3.53,2.59,4.26,3.73,2.65,2.75,2.63,2.09,2.58,1.66,3.48,4.34,3.55,3.69
00-0036894,Pat Freiermuth,PIT,TE,1.0,1340,measured,13.9,10.41,11.67,12.09,13.39,12.89,11.8,9.7,13.12,13.65,8.86,10.07,9.5,12.07,18.33,14.83,3.51,2.9,2.07,1.95,1.25,4.25,3.71,9.68,2.53,8.86,12.65,16.75,17.53,14.69,11.14,18.0,5.81,15.07,5.11,1.37,1.74,3.41,4.19,3.41,2.97,3.39,3.23,2.71,2.86,3.54,4.09,1.69,1.9
00-0036862,Ben Skowronek,PIT,WR,2.0,532,measured,10.4,13.51,14.59,13.03,6.5,15.05,11.8,11.84,12.25,9.84,8.26,3.75,12.99,7.2,13.95,18.41,2.78,2.76,4.21,1.82,3.07,2.14,2.75,8.55,5.66,9.52,8.21,7.29,7.4,9.53,11.4,2.98,1.68,4.15,1.12,4.5,3.12,2.83,1.96,2.99,4.7,3.78,2.34,3.27,3.04,3.89,3.83,2.49,11.99
00-0037837,Calvin Austin III,PIT,WR,1.0,802,measured,12.1,18.47,19.4,18.2,5.52,17.75,11.8,10.2,10.88,8.76,7.48,11.41,6.6,14.69,11.05,11.39,2.77,3.46,3.83,3.01,2.14,2.73,1.0,15.01,9.09,11.28,9.97,10.66,8.9,8.23,7.83,2.13,2.51,2.91,4.15,2.45,3.11,2.97,3.78,3.54,2.56,2.53,3.66,3.01,3.07,1.84,3.6,2.83,15.85
00-0035640,DK Metcalf,PIT,WR,1.0,1662,measured,13.9,18.24,19.28,9.35,13.85,18.4,11.8,14.81,14.7,14.59,11.11,11.18,7.34,13.94,6.26,15.17,1.25,3.89,4.53,5.44,4.46,3.47,3.72,10.31,11.96,12.31,11.0,14.66,11.1,12.11,13.32,2.07,3.78,4.55,2.9,4.32,3.68,3.29,4.82,2.95,1.69,1.45,3.81,1.44,3.25,2.42,2.81,4.57,14.74
00-0040534,Ke'Shawn Williams,PIT,WR,,0,prior,9.8,15.01,14.98,13.4,7.35,14.9,11.8,9.41,8.38,8.7,6.83,13.52,15.58,10.4,11.05,11.39,3.77,1.78,1.56,2.44,2.52,4.55,3.24,7.11,7.71,12.37,11.07,6.32,6.75,8.0,8.16,2.25,3.16,4.23,2.6,2.18,2.19,2.36,5.04,2.18,2.73,4.19,2.85,1.98,2.25,2.03,2.76,1.77,9.37
00-0037055,Lance McCutcheon,PIT,WR,,23,prior,8.6,14.25,15.14,14.06,6.32,14.71,11.8,8.53,3.85,11.01,7.05,11.91,7.37,7.62,14.41,14.38,2.19,1.92,2.6,2.19,1.97,3.07,2.8,9.87,5.28,12.36,11.05,6.59,3.95,4.66,6.19,2.03,3.7,3.44,1.85,4.3,4.14,3.01,4.46,1.93,2.2,4.23,2.09,3.33,1.8,4.74,3.69,3.0,12.3
00-0039739,Roman Wilson,PIT,WR,1.0,4,prior,9.8,16.86,16.05,13.46,6.0,14.89,11.8,9.36,6.72,12.96,8.47,6.93,14.33,4.31,18.88,4.46,4.85,2.92,2.55,4.27,3.08,2.98,4.52,19.4,9.28,14.67,13.36,8.0,3.85,6.34,6.46,4.4,2.2,2.64,4.41,3.61,1.0,1.44,2.55,1.0,2.52,4.6,2.72,4.48,2.58,3.11,3.01,4.38,18.14
00-0035298,Scott Miller,PIT,WR,2.0,480,measured,10.2,15.55,15.34,14.1,6.33,14.58,11.8,11.51,8.47,7.31,9.29,17.34,5.76,11.93,7.4,7.19,2.47,2.98,2.77,2.75,3.25,2.14,3.88,8.36,6.39,9.99,8.68,7.91,7.43,7.9,7.53,2.74,3.57,3.46,3.71,3.47,3.85,2.42,5.96,3.76,3.78,2.8,2.35,3.96,1.83,3.06,2.86,4.22,12.83
00-0040764,Federico Maranges,SEA,C,,0,prior,10.5,4.45,5.92,7.2,12.56,8.6,11.8,9.0,6.21,8.56,5.49,19.4,11.21,10.4,11.05,11.39,3.33,2.29,3.27,3.25,4.25,2.03,2.29,2.97,3.12,3.8,3.55,3.78,3.97,2.49,1.42,10.96,10.89,1.46,3.46,1.44,1.0,3.93,3.34,2.3,4.63,2.21,3.81,2.12,3.07,2.16,1.77,1.58,3.28
00-0039926,Jalen Sundell,SEA,C,1.0,53,prior,10.5,3.53,5.51,6.28,13.53,8.12,11.8,8.34,6.78,10.25,9.17,7.67,14.33,12.99,11.05,11.39,4.14,1.9,2.83,3.32,3.63,3.09,3.77,2.47,2.17,1.83,4.51,3.89,3.04,3.82,2.64,11.46,10.53,2.89,3.26,3.87,3.01,2.63,3.95,1.0,1.18,2.81,1.51,1.99,2.96,3.32,4.6,3.01,1.8
00-0038593,Olu Oluwatimi,SEA,C,2.0,488,measured,12.5,4.39,5.82,7.05,12.12,8.61,11.8,9.16,11.46,9.8,7.18,9.15,12.78,14.69,11.05,11.39,1.18,3.61,2.97,1.0,3.59,3.48,1.91,3.44,1.83,1.91,2.44,5.0,3.58,2.64,3.76,10.7,17.83,1.51,4.23,2.7,3.77,3.63,3.86,3.51,2.78,2.43,3.64,2.28,3.1,2.86,3.19,2.02,2.96
00-0037842,Derion Kendrick,SEA,CB,2.0,753,measured,9.8,15.05,15.74,13.94,6.75,15.03,11.8,10.16,9.03,9.18,8.59,9.25,7.65,13.75,11.05,14.83,2.87,2.53,2.4,2.71,2.19,3.22,3.75,3.27,3.36,2.53,2.13,3.75,2.16,2.18,5.5,3.13,1.25,2.68,2.32,4.44,2.49,5.68,6.69,13.25,7.42,7.42,10.19,6.47,3.0,3.18,3.34,2.44,12.66
00-0039169,Devon Witherspoon,SEA,CB,1.0,1586,measured,14.3,15.09,15.78,13.76,6.48,14.92,11.8,10.81,14.72,12.11,8.4,10.63,13.53,14.69,11.05,5.11,4.1,2.62,2.96,1.0,1.58,3.09,1.68,2.65,4.09,2.87,4.42,2.91,1.4,3.15,3.33,3.67,4.04,1.11,2.54,4.73,1.39,13.64,13.77,10.79,15.05,15.05,10.11,14.08,1.58,3.65,2.56,3.75,5.2
00-0037137,Josh Jobe,SEA,CB,1.0,562,measured,12.0,15.07,15.67,13.81,6.92,14.98,11.8,11.49,12.19,13.81,7.88,8.08,9.87,6.84,14.71,7.37,4.25,2.4,1.83,5.04,3.48,3.39,3.12,3.27,2.55,1.0,2.2,3.47,4.73,2.47,1.0,1.22,3.3,3.98,3.31,3.22,3.56,9.63,11.49,14.6,11.2,11.2,10.24,9.38,3.46,2.69,1.22,2.56,17.65
00-0039795,Nehemiah Pritchett,SEA,CB,2.0,140,measured,10.1,17.55,17.08,13.83,6.59,14.3,11.8,9.37,8.24,11.01,6.07,11.85,15.26,12.99,11.05,5.91,2.69,3.57,4.49,1.99,2.93,2.96,3.64,1.9,4.11,4.95,3.45,2.46,1.67,4.82,5.81,4.25,2.65,1.09,1.68,2.69,2.4,4.73,8.92,15.72,6.97,6.97,10.14,5.62,3.89,2.7,3.92,2.92,9.73
00-0037079,Riq Woolen,SEA,CB,1.0,1906,measured,14.2,19.4,18.4,14.63,6.37,18.21,11.8,11.96,12.59,10.37,7.4,11.15,7.64,12.36,7.53,11.39,2.94,3.51,3.67,2.73,3.54,4.02,1.81,4.42,3.36,2.81,3.42,4.26,3.52,3.26,2.23,3.81,2.64,2.98,2.21,3.69,3.53,3.54,3.33,11.64,13.49,13.49,10.07,14.9,4.31,3.13,2.28,3.3,15.34
00-0033926,Shaquill Griffin,SEA,CB,,971,measured,10.9,16.4,17.6,15.11,8.5,16.74,11.8,12.23,8.6,8.44,9.05,13.18,7.04,6.69,5.37,4.83,2.8,4.87,2.95,2.28,4.28,3.09,3.54,3.72,3.68,3.56,2.55,4.1,4.41,3.37,2.83,3.25,3.54,2.23,4.08,3.08,2.31,8.76,11.31,13.56,7.37,7.37,10.71,10.38,2.2,2.29,3.15,2.27,7.06
00-0036645,Shemar Jean-Charles,SEA,CB,,138,measured,9.3,15.01,15.58,12.16,9.5,14.44,11.8,8.52,8.45,9.78,9.02,15.52,17.15,8.61,4.88,7.37,1.99,2.65,3.64,1.96,2.27,2.81,3.54,2.66,3.82,2.72,2.58,5.07,2.61,1.91,2.63,3.22,1.17,4.05,1.88,3.02,3.3,6.79,10.42,15.39,6.11,6.11,11.01,6.04,2.16,2.19,2.04,2.31,9.2
00-0040689,Anthony Campbell,SEA,DT,,0,prior,8.7,6.49,8.1,8.44,11.31,9.92,11.8,8.44,5.95,6.46,6.8,7.89,8.84,10.4,11.05,11.39,1.83,2.44,3.44,3.22,1.23,1.77,2.05,3.51,4.07,2.31,3.97,3.35,1.63,3.75,2.39,2.86,1.49,1.8,7.8,7.18,8.39,8.91,8.59,9.56,4.32,2.82,1.61,3.72,4.14,4.3,2.45,3.95,4.82
00-0038694,Brandon Pili,SEA,DT,,75,prior,7.4,2.63,3.7,2.79,13.73,6.48,11.8,10.41,3.67,6.3,4.54,6.59,11.59,6.63,14.5,11.39,2.16,3.85,3.91,1.99,3.32,3.51,2.76,3.45,2.08,3.91,1.4,3.32,2.82,3.96,3.88,3.41,3.62,4.97,7.35,4.52,6.49,6.47,6.52,10.08,2.47,3.77,3.91,4.85,2.8,3.88,2.22,3.14,3.23
00-0039309,Byron Murphy II,SEA,DT,1.0,417,measured,12.8,8.4,9.0,5.05,14.31,11.75,11.8,9.63,10.25,12.46,5.63,9.12,13.22,8.13,4.56,15.42,2.9,6.79,1.48,2.77,4.5,2.04,2.79,2.94,1.84,1.32,3.83,2.57,3.56,2.53,1.8,4.16,2.66,3.97,12.86,11.85,13.62,13.1,11.22,12.01,2.09,2.45,3.13,5.17,2.53,2.86,4.96,3.95,1.0
00-0040063,J.R. Singleton,SEA,DT,,0,prior,9.1,5.91,7.01,5.64,14.09,9.36,11.8,8.97,10.12,5.23,7.18,12.98,13.38,10.4,11.05,11.39,3.28,4.03,4.82,1.0,1.0,2.42,3.81,3.51,3.09,2.96,4.38,3.33,1.55,3.47,4.13,3.96,2.02,3.14,8.39,6.59,8.39,8.91,8.59,9.33,2.4,2.17,1.99,3.0,4.04,2.85,2.98,4.47,4.23
00-0040055,Jalan Gaines,SEA,DT,,0,prior,9.2,10.51,12.55,11.51,12.57,13.92,11.8,6.29,8.17,7.96,5.45,9.43,18.66,10.4,11.05,11.39,2.99,4.54,1.67,3.0,3.73,3.84,2.04,3.0,2.69,3.5,2.29,2.56,1.34,4.41,2.77,2.96,3.08,3.28,7.32,7.66,8.39,8.91,8.59,11.17,1.29,2.05,2.84,4.36,4.22,2.66,4.03,2.39,2.89
00-0032387,Jarran Reed,SEA,DT,1.0,1443,measured,12.8,2.2,3.67,4.0,13.28,8.32,11.8,12.27,12.3,13.22,12.04,8.98,7.93,17.5,11.05,8.34,3.68,2.84,4.16,1.92,1.22,2.47,4.08,4.79,2.86,3.61,4.94,1.68,2.61,3.13,3.42,3.77,2.31,2.83,15.69,12.87,13.69,12.44,13.05,4.42,2.99,4.17,4.37,3.11,3.2,2.22,1.94,3.94,1.22
00-0030063,Johnathan Hankins,SEA,DT,2.0,676,measured,9.6,1.0,2.67,5.76,13.68,5.31,11.8,12.0,8.76,6.77,11.83,13.97,8.57,8.08,5.53,13.89,5.62,4.06,1.96,3.35,3.77,1.63,2.67,2.72,2.94,2.94,2.44,3.21,1.67,4.01,3.59,4.16,2.33,4.3,9.72,6.35,9.25,9.86,12.49,6.3,4.12,2.76,2.39,3.07,3.72,3.56,3.29,3.3,3.19
00-0031933,Leonard Williams,SEA,DT,1.0,1511,measured,14.7,5.94,6.21,6.93,12.42,8.08,11.8,15.14,14.89,12.4,14.47,12.14,8.51,12.36,15.68,16.62,2.84,3.48,3.86,2.65,2.11,3.23,4.14,2.92,2.86,2.49,4.47,3.68,3.36,3.23,4.22,3.6,3.07,2.44,17.71,16.81,16.31,13.9,15.85,7.98,3.47,1.7,5.23,3.33,3.71,4.2,3.39,2.46,3.86
00-0038591,Mike Morris,SEA,DT,2.0,80,prior,7.2,7.33,8.27,8.37,11.33,9.06,11.8,9.4,5.6,6.28,5.69,13.63,7.93,5.86,14.89,5.91,1.0,2.03,1.0,2.9,3.73,1.87,1.57,3.32,3.26,2.6,2.38,3.72,1.62,3.36,2.69,3.91,2.22,2.94,6.13,5.79,6.04,6.3,6.64,12.82,3.48,3.42,4.46,4.26,2.24,1.23,4.46,2.12,2.4
00-0036649,Quinton Bohanna,SEA,DT,,187,measured,9.1,1.0,2.9,1.0,13.44,7.97,11.8,10.9,6.77,8.61,9.38,12.67,12.57,7.56,14.12,6.28,3.76,1.6,4.49,4.55,3.01,3.96,3.99,4.6,3.24,3.72,3.64,2.41,2.45,2.66,2.62,2.01,1.99,3.28,8.13,4.84,9.67,10.72,9.06,7.69,4.66,3.8,1.43,1.66,2.32,3.48,2.6,3.2,2.66
00-0040647,Rylie Mills,SEA,DT,3.0,0,prior,9.5,6.55,8.01,7.79,12.34,10.01,11.8,9.23,8.53,9.25,5.82,18.75,11.32,10.4,11.05,11.39,1.92,2.67,2.7,2.3,3.53,4.78,2.84,1.0,1.44,1.95,3.8,2.55,3.1,1.94,4.16,4.64,1.55,3.67,9.34,8.38,9.37,9.02,8.47,9.73,4.8,1.46,2.12,3.16,3.7,2.66,3.85,1.94,3.02
00-0038133,Boye Mafe,SEA,EDGE,1.0,1269,measured,13.4,13.66,15.11,10.62,11.35,16.32,11.8,10.63,10.24,13.86,10.28,10.33,5.95,13.59,15.98,8.06,2.57,4.14,3.75,2.66,2.89,3.32,2.92,1.82,2.33,2.2,4.02,2.66,3.73,3.41,2.95,1.75,2.98,2.97,12.76,13.79,13.3,13.5,12.41,15.49,5.8,6.8,4.27,3.18,2.2,2.78,1.73,2.5,2.13
00-0040061,Connor O'Toole,SEA,EDGE,3.0,0,prior,8.9,11.07,12.37,11.29,11.06,13.37,11.8,7.92,7.6,9.46,5.56,8.3,12.57,10.4,11.05,11.39,2.13,3.81,3.66,2.79,2.27,2.45,4.52,4.27,4.22,4.78,2.87,3.93,3.8,3.2,2.56,3.87,2.6,1.9,6.81,7.02,7.32,9.74,11.31,14.02,5.8,6.8,2.01,2.68,3.82,3.06,3.55,3.77,3.18
00-0031411,DeMarcus Lawrence,SEA,EDGE,1.0,836,measured,12.5,7.46,8.04,8.61,10.0,11.11,11.8,14.81,13.99,12.69,12.88,10.79,6.96,17.5,11.05,13.81,3.89,3.14,3.1,2.36,3.49,2.83,2.08,2.05,4.09,3.4,4.0,3.67,3.64,3.85,2.35,2.81,2.19,3.79,11.65,10.98,17.4,19.06,17.54,8.21,5.8,6.8,1.27,3.9,4.22,2.19,2.68,4.77,2.73
00-0039047,Derick Hall,SEA,EDGE,2.0,823,measured,11.9,13.29,15.4,10.99,11.28,14.2,11.8,11.12,9.64,10.74,6.85,16.25,9.98,14.69,11.05,18.03,4.66,2.23,2.6,3.22,3.09,3.46,2.48,2.02,3.45,2.68,2.55,3.03,2.84,3.03,4.22,2.74,4.01,3.83,12.36,13.28,10.47,8.03,7.65,14.17,5.8,6.8,3.06,3.17,2.16,2.69,2.56,4.76,1.53
00-0039944,Jamie Sheriff,SEA,EDGE,,17,prior,6.5,9.86,10.97,9.77,12.42,12.68,11.8,6.76,8.72,5.37,9.01,13.85,12.69,12.99,11.05,11.39,1.47,2.19,3.37,1.49,3.06,4.65,3.81,4.05,3.07,2.9,3.92,2.56,3.63,2.02,3.7,3.83,1.0,1.18,4.98,4.3,4.64,5.74,3.66,12.08,5.8,6.8,3.0,4.71,3.61,3.17,3.2,2.12,2.53
00-0040056,Jared Ivey,SEA,EDGE,3.0,0,prior,8.7,10.28,12.01,11.21,10.52,13.07,11.8,8.06,8.13,4.1,5.44,9.09,9.39,10.4,11.05,11.39,2.96,1.26,2.71,2.62,1.98,3.14,5.08,3.27,3.54,2.47,2.48,2.62,2.28,1.66,2.75,1.46,3.8,3.24,6.85,6.98,7.32,9.74,11.31,13.7,5.8,6.8,3.87,2.55,1.0,3.47,3.56,2.41,3.33
00-0034350,Uchenna Nwosu,SEA,EDGE,2.0,751,measured,12.8,11.3,12.28,10.86,10.0,12.23,11.8,12.52,13.28,12.97,9.78,9.38,11.56,5.14,5.11,6.36,3.66,3.11,3.69,2.64,3.1,2.15,2.96,2.67,1.65,2.38,4.52,2.69,3.18,2.98,3.43,2.97,1.76,4.06,12.58,13.25,13.78,14.72,13.22,10.42,5.8,6.8,2.07,3.84,3.35,3.07,2.49,2.79,4.52
00-0031492,Jason Myers,SEA,K,1.0,76,measured,15.8,8.13,9.06,8.34,9.64,10.55,13.26,15.69,15.08,13.66,12.43,9.29,12.06,17.5,11.05,11.39,2.79,1.67,3.0,2.42,3.61,2.95,2.94,4.72,3.66,2.15,4.49,4.37,2.33,4.06,3.0,4.28,3.72,3.57,2.64,2.93,4.51,3.12,1.53,3.0,2.78,2.85,2.71,2.75,15.37,16.14,2.32,2.73,4.66
00-0037003,Chazz Surratt,SEA,LB,2.0,121,measured,10.1,12.56,13.23,14.21,12.92,11.76,11.8,8.75,5.2,5.33,8.21,12.44,15.69,13.82,5.09,18.45,2.6,2.3,5.41,1.16,2.85,2.31,4.84,3.27,1.88,1.97,4.16,3.6,2.39,4.18,4.07,3.48,1.64,1.91,11.91,11.22,9.37,10.74,11.09,12.47,5.14,6.64,2.04,2.57,2.61,2.13,1.97,3.57,1.98
00-0038922,Drake Thomas,SEA,LB,2.0,36,prior,9.2,11.58,11.99,11.19,11.67,12.95,11.8,8.27,7.22,7.78,7.77,9.67,6.27,14.69,11.05,11.39,3.78,3.13,4.55,2.83,1.85,2.67,1.57,1.0,4.3,3.31,2.93,3.53,3.88,2.71,3.39,2.86,2.69,2.47,11.11,10.52,6.85,9.53,10.2,12.42,4.32,5.82,1.0,2.18,3.7,2.69,2.73,2.55,1.05
00-0036994,Ernest Jones,SEA,LB,1.0,1804,measured,15.1,11.54,12.78,12.39,10.01,15.85,11.8,12.37,10.94,12.25,10.37,8.81,6.74,14.31,14.82,18.93,1.48,2.0,1.96,4.24,2.39,1.79,3.98,1.37,3.83,1.0,1.22,4.07,1.97,1.87,1.71,4.12,2.71,1.81,5.2,5.17,19.32,19.4,18.73,15.0,12.59,14.09,2.02,11.17,3.62,5.1,4.27,2.97,1.92
00-0038764,Patrick O'Connell,SEA,LB,,0,prior,8.7,11.96,12.73,11.86,10.44,13.3,11.8,9.83,5.14,5.44,6.33,8.02,6.68,14.69,11.05,11.39,4.19,4.98,2.24,3.11,2.41,4.58,1.11,2.12,4.88,3.37,4.23,1.83,3.93,2.41,3.17,3.37,3.58,2.66,15.14,15.11,5.1,6.62,8.16,12.3,4.12,5.62,2.47,2.01,2.35,3.08,3.17,3.8,1.92
00-0040588,Pooh Paul Jr.,SEA,LB,,0,prior,11.1,11.85,12.17,12.04,10.75,14.11,11.8,8.07,9.23,7.09,4.68,11.02,15.73,10.4,11.05,11.39,1.06,2.05,1.0,4.37,2.82,3.74,2.44,2.98,2.77,4.01,1.97,3.21,2.23,4.46,2.44,1.0,3.13,3.58,7.24,7.06,11.74,12.06,12.11,15.09,8.77,10.27,2.35,9.25,2.9,2.62,3.21,2.42,3.01
00-0039815,Tyrice Knight,SEA,LB,1.0,502,measured,13.0,11.85,12.66,10.82,10.67,13.51,11.8,10.28,10.01,6.2,9.4,13.41,8.38,12.99,11.05,11.39,2.86,1.95,3.16,1.04,4.13,5.4,2.25,2.26,2.85,1.55,4.12,3.16,3.43,3.18,2.34,2.41,1.9,2.48,13.99,13.84,14.42,14.52,14.47,16.16,8.02,9.52,3.51,4.62,1.0,2.05,4.0,3.73,3.24
00-0038769,Chris Stoll,SEA,LS,1.0,1,prior,6.6,10.55,11.41,10.64,9.53,12.46,11.62,9.34,3.83,9.63,6.4,12.59,8.33,14.69,11.05,11.39,3.05,2.13,4.09,3.26,2.71,4.07,1.1,2.05,3.4,1.87,2.82,3.25,1.52,4.04,3.11,1.46,3.14,1.61,3.09,2.55,3.62,1.82,2.75,2.59,1.54,3.7,1.8,3.39,3.94,2.78,2.77,4.32,4.77
00-0039020,Anthony Bradford,SEA,OG,1.0,941,measured,12.2,5.6,6.6,4.66,13.25,9.28,11.8,12.17,8.75,10.54,8.95,6.77,8.94,12.29,15.13,6.88,3.9,2.87,4.87,3.31,3.18,3.0,3.17,1.8,4.47,3.08,3.92,3.92,2.35,2.87,3.88,9.24,17.85,2.57,2.03,3.58,3.65,4.2,1.96,2.91,3.43,3.31,1.97,1.81,3.66,2.47,3.0,1.0,2.97
00-0040650,Bryce Cabeldue,SEA,OG,2.0,0,prior,9.8,4.15,5.65,4.81,13.16,8.27,11.8,7.17,8.34,8.88,7.58,11.87,16.87,10.4,11.05,11.39,1.71,3.24,1.21,2.32,2.87,4.28,3.53,4.15,2.65,1.72,2.51,1.6,1.27,4.81,4.0,9.48,10.55,3.08,3.47,4.04,2.8,1.43,3.68,3.43,1.8,1.68,3.65,4.1,3.81,2.87,4.39,2.49,1.71
00-0039839,Christian Haynes,SEA,OG,4.0,149,measured,11.7,6.27,6.13,4.25,13.37,10.67,11.8,9.09,13.02,12.16,7.1,2.85,12.04,12.99,11.05,11.39,2.46,1.0,1.3,2.41,4.85,3.43,2.4,4.8,1.54,4.42,2.15,3.79,1.61,4.15,2.77,13.37,11.87,4.87,2.59,2.79,4.05,3.3,2.29,1.74,2.29,2.54,2.41,4.45,3.83,3.2,4.62,3.37,3.02
00-0040639,Grey Zabel,SEA,OG,1.0,0,prior,12.2,4.22,6.91,6.22,12.71,13.62,11.8,8.02,6.07,10.47,9.46,10.43,9.61,10.4,11.05,11.39,2.65,2.13,2.65,3.03,1.58,2.0,1.87,4.22,3.45,1.71,1.62,3.32,2.46,3.3,2.9,16.17,10.28,4.17,2.45,3.37,2.81,2.66,5.27,3.69,3.3,3.32,1.34,3.83,3.0,3.86,2.92,1.0,3.69
00-0040652,Mason Richman,SEA,OG,3.0,0,prior,11.6,4.28,6.04,5.66,12.92,8.65,11.8,9.34,10.99,5.54,6.65,11.51,6.91,10.4,11.05,11.39,3.77,1.95,3.47,4.87,3.29,3.18,4.09,1.87,4.23,3.38,1.75,1.61,5.01,1.16,2.0,11.13,14.0,2.12,3.69,2.66,3.81,3.2,2.05,2.7,2.41,3.66,1.0,3.8,2.25,3.21,3.95,3.54,2.0
00-0037812,Abraham Lucas,SEA,OT,1.0,955,measured,13.8,7.73,7.87,10.82,12.46,8.0,11.8,10.95,10.59,9.84,8.74,10.34,10.91,4.57,14.81,5.1,2.7,4.13,4.68,2.8,2.65,3.55,3.52,1.93,3.24,4.32,2.91,2.02,4.18,4.42,1.61,12.18,17.58,3.48,2.59,1.89,3.4,3.15,3.71,2.45,3.35,2.99,3.22,2.94,2.98,4.49,4.26,2.4,3.01
00-0040059,Amari Kight,SEA,OT,,0,prior,10.4,3.62,5.54,4.8,11.39,8.09,11.8,6.83,7.98,6.41,6.95,13.22,10.07,10.4,11.05,11.39,2.2,2.77,4.75,3.64,3.31,2.77,2.84,3.13,1.62,2.1,4.4,3.6,3.09,1.77,4.35,12.57,11.2,3.04,3.13,2.58,5.32,1.37,3.14,2.78,2.18,3.95,3.48,2.32,2.0,4.03,3.8,1.8,3.17
00-0037821,Charles Cross,SEA,OT,1.0,1980,measured,13.1,7.33,8.67,5.65,12.41,7.9,11.8,10.47,7.3,9.61,8.29,9.57,10.14,12.63,4.98,11.39,3.25,3.35,2.23,3.34,2.76,2.51,3.19,3.01,3.34,3.64,1.0,3.96,4.5,3.17,4.68,11.22,17.82,1.82,3.98,4.65,3.25,4.21,2.95,5.13,2.83,2.67,4.63,2.59,2.31,1.85,4.02,3.11,2.2
00-0036363,Josh Jones,SEA,OT,2.0,446,measured,10.4,2.88,5.8,5.2,12.46,8.88,11.8,10.02,5.44,5.73,8.06,11.61,13.47,7.71,7.14,7.74,2.36,2.91,3.1,4.8,3.21,2.32,2.37,1.87,3.34,2.1,3.32,5.45,1.0,4.82,3.88,10.78,11.68,2.17,2.84,3.05,3.45,4.78,4.22,1.62,2.14,3.13,2.76,2.87,2.09,3.56,3.8,2.13,4.84
00-0039799,Sataoa Laumea,SEA,OT,,328,measured,11.3,4.79,5.8,5.29,12.63,6.94,11.8,6.52,5.85,6.33,4.47,10.53,11.36,12.99,11.05,11.39,2.81,2.45,1.58,3.23,1.0,2.26,4.27,2.7,4.71,4.93,1.93,1.0,3.35,3.84,3.29,15.81,10.89,2.43,2.75,4.5,4.34,1.09,4.42,3.5,2.34,2.56,1.0,2.76,2.5,3.86,3.47,1.81,2.66
00-0034160,Michael Dickson,SEA,P,1.0,108,measured,15.3,7.8,9.46,9.17,9.83,11.57,10.03,12.6,13.89,11.92,10.2,6.69,7.69,17.5,11.05,15.42,2.89,1.08,2.95,2.72,2.01,3.02,1.15,2.69,1.76,2.88,3.2,3.17,4.3,2.05,3.57,4.78,2.19,3.17,4.07,4.27,3.79,3.73,4.37,1.44,1.9,2.32,1.96,1.24,1.3,1.69,18.13,12.48,3.27
00-0035704,Drew Lock,SEA,QB,2.0,390,measured,9.3,10.64,10.18,14.42,9.76,10.46,11.8,10.32,9.27,8.78,12.05,17.53,7.89,5.42,16.41,5.19,8.28,8.02,7.81,8.39,9.04,15.71,8.77,6.86,2.55,3.82,2.62,2.6,3.04,2.47,2.96,3.76,2.22,1.19,2.83,3.09,3.16,2.58,3.94,3.28,3.67,2.56,1.73,3.17,3.86,3.71,1.32,2.15,2.23
00-0040673,Jalen Milroe,SEA,QB,3.0,0,prior,7.0,9.18,9.68,12.19,9.76,10.89,11.8,5.63,7.1,8.28,6.88,8.75,12.69,10.4,11.05,11.39,9.17,6.68,7.23,5.66,6.03,7.03,7.13,7.6,3.9,2.58,1.9,1.18,2.22,3.26,2.35,2.25,2.9,3.66,5.55,3.28,1.73,3.62,3.13,1.79,3.56,2.22,4.09,2.36,1.41,1.71,2.74,1.75,2.75
00-0034869,Sam Darnold,SEA,QB,1.0,1241,measured,13.3,8.58,7.85,12.86,9.76,7.34,11.8,12.84,14.66,12.08,12.1,12.78,11.81,7.27,13.74,8.28,11.9,16.32,13.52,16.12,11.99,8.05,13.67,11.78,2.57,7.21,4.17,2.41,1.0,1.15,3.27,2.98,3.31,1.93,1.88,4.04,3.37,3.41,4.66,1.24,3.28,2.46,3.49,3.45,2.47,4.16,2.43,3.26,3.21
00-0040651,Damien Martinez,SEA,RB,,0,prior,10.1,14.08,15.08,11.87,9.98,14.44,11.8,7.81,8.54,8.28,3.94,8.89,8.21,10.4,11.05,11.39,2.12,2.51,2.59,4.3,3.27,2.78,5.43,11.72,8.08,7.06,7.28,12.86,2.41,6.88,6.47,2.17,4.83,3.17,1.22,3.73,3.58,3.94,3.71,2.72,4.01,3.33,3.72,2.68,3.78,4.14,1.33,2.85,9.79
00-0039299,George Holani,SEA,RB,3.0,5,prior,8.6,13.66,13.96,12.7,8.77,13.68,11.8,7.32,7.99,8.1,6.25,11.16,11.73,12.99,11.05,11.39,3.63,3.63,3.55,2.61,2.37,3.5,2.43,13.98,4.77,4.75,4.77,6.65,2.15,6.37,6.47,1.73,8.26,2.73,3.89,1.71,2.73,2.96,3.45,3.8,3.06,3.49,2.57,3.59,2.51,5.37,2.97,2.26,13.1
00-0040067,Jacardia Wright,SEA,RB,,0,prior,9.9,13.28,13.91,11.96,9.31,13.74,11.8,8.29,8.62,7.36,6.66,14.52,7.79,10.4,11.05,11.39,2.29,1.41,4.64,5.46,4.32,2.61,3.04,11.02,8.47,6.92,7.45,13.43,2.97,6.68,6.12,2.07,4.84,3.07,3.99,3.46,2.95,4.43,2.25,3.89,3.17,2.96,4.09,3.06,2.34,3.89,5.18,4.69,9.16
00-0038134,Kenneth Walker III,SEA,RB,1.0,985,measured,13.1,17.09,16.19,13.04,8.78,13.72,11.8,11.42,9.11,13.19,8.26,6.06,12.65,7.49,15.1,15.12,4.04,2.68,2.14,1.0,3.54,2.74,3.48,16.66,10.8,14.43,8.8,12.25,3.8,11.65,10.37,7.14,9.23,8.14,1.84,1.67,4.2,4.37,2.71,2.55,3.47,2.3,4.52,2.63,4.71,3.74,3.28,4.05,11.04
00-0038636,Kenny McIntosh,SEA,RB,4.0,70,prior,9.3,12.0,13.3,12.05,8.76,13.78,11.8,8.82,8.62,8.05,6.25,9.24,12.02,6.3,17.76,5.05,3.14,3.77,4.43,2.96,2.85,3.53,2.49,13.98,6.98,6.69,5.74,10.27,4.27,5.41,4.79,3.08,6.61,4.08,2.48,5.15,3.27,3.16,3.55,3.6,3.0,2.39,4.58,3.02,2.45,1.44,3.11,2.79,11.07
00-0040649,Robbie Ouzts,SEA,RB,1.0,0,prior,9.7,7.87,10.68,9.93,13.39,13.3,11.8,8.76,10.8,8.79,7.02,9.26,11.79,10.4,11.05,11.39,2.02,1.94,3.36,4.82,3.71,3.75,2.71,9.18,10.23,11.42,6.48,12.71,4.5,10.39,10.07,7.74,10.07,8.74,1.92,2.05,4.41,3.26,3.63,1.0,3.11,3.69,3.84,3.2,3.98,3.43,2.48,3.09,6.22
00-0039165,Zach Charbonnet,SEA,RB,2.0,817,measured,13.1,13.66,14.37,11.65,9.3,15.47,11.8,11.57,11.74,10.32,6.18,12.55,6.23,14.69,11.05,8.1,1.85,2.54,2.81,2.46,4.41,1.65,4.45,18.45,13.19,13.01,12.0,14.21,2.0,5.81,4.71,4.76,2.86,5.76,2.71,1.72,2.4,2.56,3.09,4.95,4.29,3.41,3.64,1.77,4.21,3.32,2.49,2.19,12.99
00-0038866,AJ Finley,SEA,S,3.0,62,prior,9.8,13.74,15.3,14.24,8.2,15.13,11.8,9.3,7.17,6.91,7.81,13.45,9.93,14.69,11.05,4.46,2.29,4.39,2.34,2.84,2.06,1.22,3.22,3.45,2.64,4.21,3.45,2.8,4.65,3.09,3.18,1.0,2.76,3.42,3.32,5.01,1.84,8.36,7.09,8.76,9.57,10.57,9.32,8.8,3.06,3.77,1.14,3.65,17.23
00-0038136,Coby Bryant,SEA,S,1.0,1125,measured,12.6,13.48,14.86,14.25,8.5,14.57,11.8,9.37,9.05,12.51,11.83,11.62,12.16,8.06,13.82,11.39,4.7,3.77,4.21,1.67,3.23,2.75,1.97,3.11,2.27,1.57,3.77,3.4,4.95,5.09,1.0,2.27,3.36,3.65,3.61,2.99,3.23,9.41,10.37,15.04,13.52,14.52,9.41,14.09,2.81,4.61,5.23,3.41,9.61
00-0037332,D'Anthony Bell,SEA,S,,260,measured,10.6,13.38,14.63,14.01,7.83,14.4,11.8,9.87,7.96,11.85,7.42,11.68,10.76,15.2,14.43,11.39,2.47,2.25,1.92,3.4,2.87,2.1,3.53,4.06,2.99,3.92,4.0,2.39,1.86,3.13,3.0,4.69,2.7,3.2,3.77,3.43,2.65,11.86,11.4,10.32,8.67,9.67,9.21,10.07,2.45,3.86,1.83,2.27,15.82
00-0038613,Jerrick Reed II,SEA,S,,22,prior,9.9,13.18,13.18,14.58,6.99,13.36,11.8,8.6,7.86,10.88,7.08,12.94,13.04,4.5,18.78,11.39,2.65,3.09,3.6,2.93,1.7,3.04,3.33,4.7,3.13,1.29,2.53,1.74,4.79,2.6,3.42,4.41,1.0,4.2,2.92,3.73,2.67,10.0,6.98,8.04,9.94,10.94,8.96,9.88,2.1,2.88,4.31,3.83,17.38
00-0034974,Julian Love,SEA,S,1.0,2028,measured,14.4,13.48,14.02,17.34,7.0,14.67,11.8,13.98,14.48,14.99,12.22,6.09,6.28,17.5,11.05,17.51,4.45,2.8,1.77,3.11,2.17,1.0,1.22,4.19,3.96,2.66,3.84,3.16,4.06,4.36,2.67,3.59,1.61,3.07,3.11,3.89,3.27,6.93,15.34,14.95,15.23,16.23,8.96,15.42,3.01,3.38,2.54,2.42,7.48
00-0040733,Nick Emmanwori,SEA,S,2.0,0,prior,14.0,17.09,18.66,14.38,10.0,19.49,11.8,11.2,12.94,14.06,6.01,10.43,14.34,10.4,11.05,11.39,3.74,3.13,4.27,5.94,1.82,2.82,5.31,3.01,2.71,1.0,4.33,4.38,1.0,4.11,2.18,2.15,2.82,4.33,3.13,1.63,3.73,13.18,13.12,11.52,13.56,14.56,9.86,16.42,2.3,4.41,5.08,3.64,12.39
00-0038765,Ty Okada,SEA,S,2.0,29,prior,9.6,13.36,13.96,14.45,7.62,14.1,11.8,9.41,7.92,9.4,7.0,10.69,5.19,14.69,11.05,11.39,3.25,2.25,1.0,2.24,4.48,2.04,4.09,4.88,2.07,1.47,2.82,1.66,1.96,4.54,3.02,3.54,3.13,1.18,3.94,2.09,4.57,8.6,7.1,8.16,8.68,9.68,9.15,10.6,3.65,2.96,2.9,3.55,17.85
00-0039793,AJ Barner,SEA,TE,1.0,444,measured,11.9,10.64,11.77,11.99,9.37,12.88,11.8,11.31,11.15,9.53,8.93,9.49,16.27,12.99,11.05,11.39,3.45,2.34,3.33,4.66,1.64,2.38,2.66,12.73,3.13,12.02,15.8,8.32,9.39,15.27,13.85,10.52,15.01,7.24,1.96,1.0,3.06,1.58,2.66,4.13,2.94,3.92,1.58,3.45,3.28,3.42,2.99,2.69,4.84
00-0038488,Brady Russell,SEA,TE,2.0,33,prior,8.5,10.77,11.97,12.03,9.25,13.05,11.8,8.96,7.09,4.5,7.85,8.3,10.71,7.58,5.21,15.42,2.82,2.8,3.94,4.52,4.9,4.1,4.26,13.05,2.13,4.19,7.97,7.5,7.26,5.47,5.47,10.57,10.91,7.28,2.06,1.94,1.48,2.97,3.32,3.5,2.72,3.07,2.76,5.19,2.73,3.41,5.18,2.03,3.79
00-0040739,Elijah Arroyo,SEA,TE,2.0,0,prior,11.2,10.89,11.97,11.94,11.33,12.98,11.8,6.92,9.24,6.79,7.28,15.05,9.65,10.4,11.05,11.39,5.3,3.47,4.02,2.18,2.32,2.99,1.79,15.76,3.5,7.76,11.55,12.53,10.78,10.53,9.95,11.82,10.44,8.54,3.39,4.64,3.54,4.17,2.84,1.95,1.84,3.7,1.85,4.48,2.82,4.01,3.01,3.13,3.5
00-0033576,Eric Saubert,SEA,TE,3.0,579,measured,10.5,9.43,11.38,11.03,11.33,12.21,11.8,10.71,9.39,7.75,8.44,14.17,11.41,17.5,11.05,15.11,5.96,3.4,3.6,4.07,2.88,1.92,2.22,9.52,1.24,5.1,8.89,15.22,13.18,6.3,6.34,9.14,12.99,5.86,3.16,3.61,1.6,4.87,1.54,3.78,2.13,3.08,3.38,2.05,3.13,3.26,3.1,3.3,3.68
00-0040058,Nick Kallerup,SEA,TE,4.0,0,prior,10.4,9.98,11.38,12.24,10.31,12.8,11.8,7.68,6.98,7.59,6.96,12.11,9.67,10.4,11.05,11.39,3.93,4.96,2.7,2.78,2.81,3.85,1.05,13.6,2.35,12.23,16.02,9.46,9.06,9.21,9.72,10.97,10.38,7.69,1.81,3.8,3.87,1.99,3.19,2.63,3.52,2.13,3.09,4.57,3.59,2.9,3.49,2.07,2.99
00-0035891,Cody White,SEA,WR,2.0,58,prior,9.0,13.88,14.88,13.57,7.0,14.9,11.8,9.25,7.94,7.77,7.56,4.72,12.2,10.4,11.05,11.39,1.71,3.62,4.04,4.75,3.48,2.36,2.26,10.24,6.7,12.23,10.93,6.83,4.14,6.49,6.92,3.67,2.35,5.07,1.31,2.95,4.29,2.44,2.72,2.98,4.18,2.37,2.82,1.08,1.83,3.21,4.11,2.51,16.06
00-0033908,Cooper Kupp,SEA,WR,1.0,1278,measured,14.4,10.52,10.52,16.03,7.16,10.03,11.8,12.12,16.17,12.58,11.76,9.26,8.54,7.38,5.06,5.27,4.5,3.73,2.9,1.92,4.23,2.76,3.16,11.56,12.25,12.42,11.11,16.0,13.64,16.18,16.65,2.73,4.02,3.3,3.77,2.47,4.29,3.11,4.49,3.08,2.85,1.61,2.85,3.79,2.04,4.93,4.56,3.44,12.86
00-0040445,Courtney Jackson,SEA,WR,,0,prior,9.8,14.9,15.13,13.8,6.76,14.76,11.8,8.81,5.62,10.15,5.62,13.61,13.17,10.4,11.05,11.39,4.44,1.26,4.07,3.26,2.27,3.84,2.44,7.11,7.71,12.37,11.07,6.32,6.75,8.0,8.16,4.26,3.37,2.78,2.58,3.11,3.35,3.12,4.61,2.65,3.25,5.98,3.86,1.16,1.06,3.52,1.03,2.86,9.33
00-0037093,Dareke Young,SEA,WR,2.0,69,prior,8.6,13.93,14.8,13.37,7.29,14.97,11.8,9.48,4.41,10.72,8.52,5.77,11.94,6.93,5.58,11.39,3.82,2.4,3.4,3.49,3.28,3.08,2.73,10.22,6.06,12.57,11.26,5.5,4.11,5.97,6.67,2.53,1.0,4.28,2.79,3.1,2.83,1.94,1.92,3.06,4.48,4.23,3.86,2.1,3.18,3.73,3.36,5.22,15.74
00-0038752,Jake Bobo,SEA,WR,2.0,478,measured,8.7,13.67,14.84,13.53,7.04,14.93,11.8,9.46,9.33,7.99,5.64,13.41,14.94,14.69,11.05,11.39,2.52,1.62,3.04,1.03,3.87,3.84,3.88,8.51,6.12,10.3,8.99,6.38,7.1,6.1,4.39,2.51,1.57,1.93,2.0,2.61,1.83,2.77,4.09,3.76,3.79,3.69,4.25,5.28,3.93,2.26,3.78,2.83,11.44
00-0038543,Jaxon Smith-Njigba,SEA,WR,1.0,1302,measured,14.2,14.5,15.55,19.84,7.07,14.58,11.8,11.26,12.66,11.63,7.24,13.42,11.51,14.69,11.05,11.39,3.93,3.04,2.01,3.97,2.13,2.05,2.93,14.93,11.37,11.98,10.67,13.15,8.99,14.79,15.03,1.49,2.84,3.25,1.0,3.29,3.5,3.91,2.89,2.99,1.47,5.55,3.19,2.43,1.71,2.4,4.89,3.22,11.44
00-0040653,Ricky White III,SEA,WR,,0,prior,9.4,12.18,13.83,14.44,5.82,14.95,11.8,8.34,6.98,12.04,9.2,11.56,11.44,10.4,11.05,11.39,2.9,2.78,2.96,2.13,2.13,1.61,2.11,7.17,7.74,12.35,11.05,6.26,6.68,8.18,8.3,1.27,1.7,4.11,3.9,2.4,2.01,4.19,4.21,3.71,2.67,3.4,4.08,2.76,1.57,2.93,2.59,1.2,8.17
00-0040648,Tory Horton,SEA,WR,1.0,0,prior,11.6,16.39,16.24,14.35,5.94,15.92,11.8,8.95,10.82,9.8,8.64,9.91,11.55,10.4,11.05,11.39,2.03,3.14,2.97,2.72,2.18,3.5,3.03,15.28,11.51,13.87,12.56,8.63,6.46,10.9,10.33,4.64,3.73,1.45,2.51,3.19,3.8,2.19,2.88,1.41,4.08,4.04,1.92,3.04,2.51,4.0,2.38,4.24,15.65
00-0040053,Tyrone Broden,SEA,WR,,0,prior,9.8,14.14,15.28,14.46,5.72,14.57,11.8,8.63,9.3,10.98,7.98,9.54,10.48,10.4,11.05,11.39,3.14,3.64,3.18,2.63,3.28,3.04,2.31,7.11,7.71,12.37,11.07,6.32,6.75,8.0,8.16,4.44,1.27,2.13,2.97,3.63,3.56,3.15,3.87,3.33,2.3,4.44,1.6,3.31,2.33,3.07,4.15,4.73,9.02
00-0039700,Drake Nugent,SF,C,,0,prior,10.0,3.55,4.57,9.65,11.31,8.45,11.8,7.06,6.19,7.86,7.28,13.5,14.33,10.4,11.05,11.39,2.54,2.72,3.76,3.58,3.85,4.39,2.22,3.28,2.43,2.83,2.53,2.45,2.89,3.39,3.1,10.66,10.42,2.45,1.87,4.51,2.34,3.89,4.39,2.57,2.76,2.72,2.91,2.36,3.51,4.24,3.39,3.41,1.86
00-0032701,Jake Brendel,SF,C,1.0,2099,measured,15.3,4.79,5.72,9.95,12.92,7.09,11.8,13.01,13.05,11.47,10.73,10.9,7.13,17.5,11.05,11.39,1.05,4.6,3.04,2.77,3.29,4.79,4.18,4.13,2.57,3.68,1.88,2.76,1.98,3.1,3.43,18.54,16.24,2.28,1.86,4.84,2.45,3.3,3.16,1.76,2.92,3.31,2.61,2.62,3.29,1.84,2.7,3.07,3.12
00-0036295,Matt Hennessy,SF,C,2.0,82,prior,12.8,4.27,6.73,8.29,12.0,9.76,11.8,10.5,10.24,13.36,9.97,11.1,9.42,15.11,11.05,11.39,3.31,2.36,3.4,2.72,2.69,2.0,4.7,1.96,2.65,2.09,3.64,3.5,3.52,2.06,1.69,11.78,16.9,2.79,4.24,2.33,4.45,3.65,2.3,2.73,1.95,2.54,3.15,2.9,4.07,2.76,2.86,3.91,3.5
00-0037321,Chase Lucas,SF,CB,2.0,3,prior,8.3,14.61,16.27,13.43,6.57,17.04,11.8,10.1,8.26,11.26,8.09,6.29,8.2,7.52,13.88,7.37,4.52,2.04,2.73,3.85,3.14,1.22,3.43,3.71,2.46,3.96,3.74,3.89,3.27,3.09,3.36,1.8,2.04,4.47,3.41,2.08,2.94,8.06,11.73,17.09,4.24,4.24,10.13,3.98,4.5,3.64,2.89,1.92,7.03
00-0038594,Darrell Luter Jr.,SF,CB,2.0,45,prior,9.2,15.24,15.45,13.2,6.75,17.14,11.8,8.08,6.99,6.03,6.02,12.42,9.15,4.15,14.77,5.61,3.35,4.09,3.2,2.78,2.39,3.76,3.42,2.95,2.34,2.72,3.23,4.52,2.54,3.76,2.03,4.12,1.65,1.9,3.87,4.48,4.7,6.55,10.22,15.54,6.25,6.25,10.19,4.65,2.81,1.44,1.31,2.95,8.06
00-0036563,Deommodore Lenoir,SF,CB,1.0,1864,measured,11.6,14.77,14.71,12.82,7.5,13.8,11.8,12.73,9.91,11.45,8.6,6.77,11.11,13.94,17.83,15.42,2.78,2.85,2.22,1.74,2.24,3.72,3.23,3.9,3.32,5.77,4.73,5.43,2.88,2.76,3.96,2.94,2.42,3.7,3.37,2.74,1.9,12.09,13.64,13.29,9.8,9.8,10.41,11.73,2.8,1.65,2.23,4.22,15.63
00-0032379,Eli Apple,SF,CB,,787,measured,13.4,15.95,15.94,13.66,6.5,14.64,11.8,13.43,13.51,14.1,10.88,12.45,11.23,7.08,16.53,7.88,2.05,3.18,2.42,2.71,4.03,2.47,1.64,2.39,2.28,2.85,4.63,2.17,2.15,3.29,3.62,3.15,3.5,3.38,3.16,3.95,2.44,5.9,5.98,11.79,13.56,13.56,10.11,13.53,3.31,1.81,2.91,3.28,3.29
00-0040559,Jakob Robinson,SF,CB,3.0,0,prior,8.9,15.17,15.65,13.37,6.6,14.72,11.8,7.41,5.29,8.71,5.11,12.41,11.77,10.4,11.05,11.39,1.86,1.73,2.97,1.83,3.54,4.47,3.64,1.97,1.87,2.9,2.76,4.44,2.84,3.67,2.59,3.32,4.55,4.67,2.98,1.82,3.96,7.23,12.31,15.3,5.24,5.24,10.14,4.53,2.51,1.9,3.78,2.05,14.19
00-0039345,Renardo Green,SF,CB,1.0,638,measured,12.3,14.54,16.65,13.87,6.64,16.71,11.8,9.64,13.15,10.19,9.6,11.05,11.0,12.99,11.05,15.42,5.41,3.65,2.84,3.32,2.16,1.74,2.08,1.55,2.54,4.31,2.87,1.73,3.03,3.55,5.06,3.61,3.2,4.51,3.82,3.23,3.17,3.69,10.55,14.34,11.3,11.3,10.16,12.85,4.33,1.27,4.72,3.76,11.78
00-0039134,Tre Tomlinson,SF,CB,2.0,28,prior,9.5,16.39,17.96,13.44,6.0,17.56,11.8,10.4,7.72,12.89,7.24,8.88,8.59,8.72,6.99,11.39,3.42,1.41,3.38,2.38,2.66,2.93,1.86,2.58,2.41,3.46,3.34,2.94,2.37,4.59,2.96,3.56,2.53,4.59,1.0,2.3,1.3,7.16,11.73,17.52,6.05,6.05,9.96,4.23,2.61,3.64,3.19,2.6,8.12
00-0040152,Upton Stout,SF,CB,1.0,0,prior,11.6,15.7,16.93,13.17,10.67,16.53,11.8,11.2,11.43,10.09,6.9,8.78,10.91,10.4,11.05,11.39,2.42,3.89,1.0,1.97,2.18,3.78,2.65,1.13,2.19,3.39,3.03,3.02,4.14,3.27,3.0,2.8,3.96,3.37,2.93,1.72,1.47,9.08,11.33,14.6,10.01,10.01,11.36,8.26,2.78,2.61,5.23,2.89,13.01
00-0040721,Alfred Collins,SF,DT,2.0,0,prior,9.3,4.87,4.22,5.91,12.59,5.97,11.8,8.95,8.35,8.0,7.17,4.18,9.73,10.4,11.05,11.39,3.36,2.39,4.42,3.2,3.59,2.99,2.16,4.52,3.04,5.0,3.8,2.29,4.26,3.62,2.58,3.24,2.95,3.3,11.25,9.6,8.6,7.97,7.62,10.54,3.4,3.65,3.51,2.29,2.94,4.35,4.15,2.31,2.67
00-0040711,CJ West,SF,DT,2.0,0,prior,9.0,7.33,7.23,4.69,14.21,11.01,11.8,8.74,4.45,7.05,7.12,12.88,14.54,10.4,11.05,11.39,3.13,3.64,2.18,1.68,1.51,3.01,2.29,1.75,3.36,3.66,2.58,1.98,3.24,1.14,1.7,4.16,3.02,3.94,9.16,7.81,7.77,7.76,7.74,11.29,3.51,3.01,4.5,5.58,4.07,5.54,2.23,2.58,3.65
00-0039696,Evan Anderson,SF,DT,,247,measured,8.9,4.24,5.35,4.47,13.51,7.93,11.8,7.22,6.75,5.98,7.87,11.88,9.1,12.99,11.05,11.39,2.41,4.56,3.66,3.19,2.97,4.49,3.13,4.3,3.19,2.98,2.71,2.16,2.16,2.91,3.21,3.58,2.98,3.78,8.38,6.19,7.18,8.76,12.72,10.31,3.58,2.22,5.19,4.56,2.84,4.34,2.19,2.87,3.89
00-0036266,Jordan Elliott,SF,DT,1.0,991,measured,9.9,6.4,6.98,5.73,12.46,8.1,11.8,8.9,9.19,6.3,12.22,11.21,5.75,13.94,17.89,17.41,1.81,3.04,3.49,2.79,2.38,4.03,3.6,3.28,2.64,1.23,2.15,3.71,3.57,3.15,2.54,1.71,2.66,4.33,10.24,9.17,10.41,9.46,7.09,8.68,2.4,2.77,1.99,2.41,3.05,2.74,3.66,3.18,4.09
00-0039743,Jordan Jefferson,SF,DT,3.0,132,measured,9.4,4.96,5.88,4.92,17.09,9.74,11.8,8.51,6.69,6.52,8.1,5.88,9.06,12.99,11.05,11.39,3.76,2.3,3.67,1.9,1.89,4.65,2.93,3.26,5.15,4.02,1.5,3.05,4.39,1.0,2.13,2.1,3.06,3.93,10.07,6.89,7.95,7.25,7.56,10.24,2.18,2.97,4.32,3.18,1.21,4.66,2.88,3.27,1.71
00-0037832,Kalia Davis,SF,DT,1.0,268,measured,9.8,5.49,6.64,5.53,13.74,9.01,11.8,11.42,9.42,8.65,10.23,15.74,8.89,14.69,11.05,15.42,3.43,4.07,1.0,4.4,3.79,1.35,3.23,1.86,3.88,3.3,3.0,2.31,3.37,3.27,3.93,3.7,3.54,1.86,11.32,9.5,9.74,8.23,6.14,9.96,3.24,5.41,2.65,3.64,3.47,3.57,4.33,2.24,5.4
00-0035026,Kevin Givens,SF,DT,3.0,576,measured,11.6,5.42,8.37,6.94,16.16,11.0,11.8,10.84,7.71,8.55,9.34,6.35,11.07,4.97,4.62,17.8,2.15,2.53,3.23,2.57,3.61,2.9,2.86,2.37,4.18,3.45,2.59,1.0,3.14,3.79,3.05,4.29,2.26,3.67,11.47,8.77,12.18,11.74,8.34,8.09,2.9,1.0,1.53,4.68,3.03,3.24,1.0,3.88,2.57
00-0040560,Sebastian Valdez,SF,DT,,0,prior,9.0,5.85,7.09,6.3,13.27,9.32,11.8,8.21,8.72,9.85,6.85,13.47,11.11,10.4,11.05,11.39,2.51,3.53,2.76,3.69,3.68,1.28,1.0,2.68,2.53,2.85,3.76,3.25,2.69,3.95,2.57,2.35,4.43,2.06,8.26,6.72,8.39,8.91,8.59,9.3,4.23,4.76,3.95,1.91,2.73,2.77,2.55,2.44,1.17
00-0036151,Bryce Huff,SF,EDGE,3.0,655,measured,10.7,10.82,12.15,11.07,11.23,13.25,11.8,10.36,10.6,13.47,10.36,14.91,7.05,7.66,13.97,15.42,1.89,3.01,2.38,3.3,3.45,3.19,4.79,2.84,2.37,2.96,1.82,1.0,3.69,2.85,4.6,1.84,2.13,2.26,12.35,12.42,8.15,6.94,8.46,12.3,5.8,6.8,4.66,4.04,3.51,2.86,2.43,1.04,3.01
00-0040660,Mykel Williams,SF,EDGE,1.0,0,prior,11.8,10.19,11.8,10.91,10.94,12.99,11.8,9.09,11.36,9.84,8.97,10.17,9.27,10.4,11.05,11.39,1.0,3.03,3.92,2.64,2.77,2.3,3.49,2.12,2.08,4.01,4.69,2.19,4.56,4.16,2.73,2.44,4.36,3.25,12.37,12.33,12.82,12.04,8.43,10.48,5.8,6.8,4.19,2.8,1.74,3.8,2.33,2.68,3.65
00-0035717,Nick Bosa,SF,EDGE,1.0,1488,measured,16.5,9.47,10.73,13.91,14.77,12.66,11.8,14.34,18.6,17.71,11.28,11.76,7.22,12.52,4.48,17.73,2.34,4.02,2.35,3.58,2.71,2.22,2.73,1.06,2.58,4.04,3.45,2.6,2.25,3.16,2.36,3.48,4.46,2.46,19.4,18.49,18.92,17.67,15.01,6.5,5.8,6.8,1.96,5.86,3.08,2.48,1.65,2.37,2.02
00-0038603,Robert Beal Jr.,SF,EDGE,3.0,158,measured,9.2,14.77,15.21,11.73,10.54,11.65,11.8,10.32,8.79,11.27,4.36,9.65,13.93,12.02,6.71,4.12,2.25,3.87,1.45,3.78,6.1,2.71,3.95,4.25,2.32,3.31,3.88,2.17,2.08,3.56,5.6,3.45,3.0,2.4,5.57,7.27,6.99,10.14,9.18,14.19,5.8,6.8,3.17,3.22,2.3,3.21,2.81,3.83,2.19
00-0037602,Sam Okuayinonu,SF,EDGE,2.0,463,measured,9.4,8.46,9.54,8.35,13.18,11.83,11.8,8.42,10.49,8.69,8.56,14.31,12.53,14.15,11.05,11.39,3.6,2.63,2.76,2.72,1.66,3.32,3.5,2.19,3.09,2.65,3.38,4.57,1.7,2.64,3.93,2.91,2.65,2.49,8.7,7.26,7.87,11.54,13.82,9.86,5.8,6.8,3.45,3.48,3.87,1.36,2.01,3.47,3.42
00-0036921,Tarron Jackson,SF,EDGE,4.0,36,prior,7.7,11.08,12.04,8.87,12.92,10.43,11.8,8.45,6.77,4.77,7.54,10.24,11.14,15.11,11.05,11.39,3.8,1.31,2.94,2.46,3.39,1.0,2.43,2.55,3.17,2.9,3.97,1.46,3.58,1.48,3.5,3.29,4.02,2.2,6.2,5.77,5.95,7.43,4.07,11.79,5.8,6.8,2.16,5.12,3.86,2.82,2.61,1.92,2.95
00-0036305,Trevis Gipson,SF,EDGE,,352,measured,9.3,9.8,11.29,10.34,12.92,12.73,11.8,12.17,7.15,4.61,10.44,14.68,7.92,6.23,16.67,11.39,2.11,2.89,1.88,4.39,2.96,1.31,3.39,3.38,2.43,1.92,2.62,3.79,3.34,2.37,1.96,3.15,2.17,2.1,9.29,8.41,8.43,8.08,7.02,10.2,5.8,6.8,2.83,2.84,2.98,2.82,3.11,1.14,4.28
00-0036288,Yetur Gross-Matos,SF,EDGE,2.0,994,measured,11.0,10.27,12.14,10.99,10.0,13.44,11.8,11.89,7.53,7.96,5.22,7.54,10.56,5.34,18.86,16.47,2.01,1.8,2.63,3.21,4.08,3.4,2.23,2.81,4.93,2.88,1.53,4.13,3.81,2.11,3.8,3.09,4.26,4.65,11.27,11.58,10.81,10.2,9.87,7.93,5.8,6.8,2.96,3.36,3.6,1.6,3.93,3.69,2.84
00-0029892,Kyle Juszczyk,SF,FB,1.0,1034,measured,12.4,8.11,9.03,8.35,9.64,10.53,11.8,12.97,6.52,10.52,15.97,14.68,16.22,8.6,6.01,14.83,3.1,3.15,2.2,1.92,3.89,2.86,3.83,9.33,2.47,6.1,13.77,14.95,2.08,3.12,4.27,11.49,14.07,12.49,3.06,2.09,3.44,2.34,3.46,1.35,1.46,2.99,3.61,1.0,4.08,1.54,3.2,2.3,2.02
00-0038562,Jake Moody,SF,K,1.0,52,measured,6.8,10.35,11.27,10.24,9.64,12.42,8.4,7.89,7.4,3.57,9.69,16.35,8.93,12.02,4.75,11.39,2.07,3.29,3.79,3.78,3.52,3.61,3.85,2.1,1.0,3.54,3.88,3.02,3.04,1.87,4.25,2.56,2.61,3.88,3.24,1.56,3.9,2.17,3.89,3.17,3.17,4.64,1.51,1.86,7.03,6.62,2.65,4.56,1.0
00-0036728,Curtis Robinson,SF,LB,,3,prior,8.9,12.08,13.25,13.33,10.21,13.81,11.8,9.17,3.64,6.52,7.86,13.87,14.52,5.57,15.98,11.39,2.53,3.49,2.18,1.14,2.56,4.64,3.54,4.04,2.7,1.65,2.46,2.06,4.04,1.04,3.08,1.02,3.44,4.8,14.35,14.44,5.13,7.02,9.04,12.53,4.14,5.64,2.57,2.05,2.57,3.44,2.23,3.69,2.79
00-0038625,Dee Winters,SF,LB,1.0,410,measured,9.7,14.54,13.6,11.0,11.29,11.1,11.8,8.59,6.24,6.39,9.92,8.59,10.14,12.32,16.67,7.95,3.34,4.41,3.2,3.55,4.82,2.91,2.8,2.25,2.81,3.67,3.43,3.06,4.43,3.15,2.99,2.39,2.08,4.24,5.63,6.2,7.9,9.62,9.81,14.03,6.4,7.9,2.42,4.73,1.83,4.11,2.12,1.39,4.1
00-0034815,Fred Warner,SF,LB,1.0,1986,measured,14.6,11.42,12.31,14.08,10.67,15.48,11.8,11.66,14.47,14.35,10.84,12.08,14.21,16.35,14.24,14.49,2.61,2.74,2.37,2.99,4.06,3.44,3.8,1.78,3.02,3.35,3.1,2.1,3.8,2.85,1.27,2.57,2.6,3.39,7.59,7.29,14.69,17.22,16.33,14.0,16.24,17.74,3.42,16.54,3.1,3.92,3.29,2.52,4.3
00-0038648,Jalen Graham,SF,LB,,31,prior,10.1,11.69,10.85,12.55,9.21,10.35,11.8,10.3,6.16,5.94,8.95,15.44,15.35,14.69,11.05,11.39,3.21,2.72,3.52,1.93,1.0,5.04,1.74,3.47,1.97,3.07,3.01,4.6,3.11,1.04,1.0,2.69,2.57,3.86,11.32,11.63,8.49,10.11,11.24,13.68,4.28,5.78,4.1,2.23,1.95,2.83,3.94,2.82,2.78
00-0035413,Luke Gifford,SF,LB,1.0,215,measured,12.5,11.27,12.47,12.92,10.53,13.29,11.8,12.05,9.84,10.2,11.49,11.08,8.58,7.1,6.58,15.04,3.82,2.71,2.3,4.63,3.79,3.9,3.29,1.87,2.36,3.76,2.28,3.56,2.92,1.63,3.78,3.16,3.88,3.88,10.44,10.14,10.01,13.55,17.25,16.69,4.88,6.38,4.15,3.07,5.63,3.5,2.59,2.34,2.96
00-0040135,Nick Martin,SF,LB,2.0,0,prior,10.5,13.66,14.61,10.69,13.39,16.04,11.8,9.26,6.49,9.0,5.26,7.87,10.94,10.4,11.05,11.39,2.9,5.48,5.23,4.24,3.23,3.56,3.69,3.03,4.18,5.62,3.04,1.78,3.86,2.17,4.39,3.99,3.15,4.51,7.56,7.09,9.36,10.7,10.51,13.49,8.73,10.23,3.04,5.82,3.23,3.38,2.58,2.57,3.5
00-0039435,Tatum Bethune,SF,LB,2.0,45,prior,8.9,11.82,12.4,11.43,8.0,13.09,11.8,9.41,7.24,3.94,6.17,12.99,11.13,7.13,15.98,15.42,4.4,3.22,3.02,1.0,3.57,3.15,1.91,2.66,3.22,2.45,2.11,2.79,4.3,3.28,1.88,3.57,3.33,2.83,9.71,10.48,6.82,8.76,9.03,12.11,4.35,5.85,2.12,2.21,3.1,1.96,3.96,3.58,1.82
00-0027224,Jon Weeks,SF,LS,1.0,1,prior,10.3,6.51,7.37,7.18,9.53,9.03,12.17,13.68,8.5,8.12,15.23,12.36,9.54,17.5,11.05,11.39,2.45,4.89,3.62,4.7,3.11,4.17,2.86,2.59,2.91,1.2,3.53,4.21,1.56,4.34,4.04,4.34,3.2,3.25,4.77,2.83,3.57,3.07,2.75,2.1,2.75,2.96,3.34,3.72,3.7,2.85,2.21,3.88,2.74
00-0036272,Ben Bartch,SF,OG,1.0,339,measured,11.9,4.42,6.42,6.5,12.69,9.02,11.8,10.2,10.44,8.43,10.27,12.28,10.42,5.57,16.67,11.39,1.92,3.54,4.15,4.66,4.24,1.42,1.0,2.85,3.13,1.0,4.7,4.41,2.89,1.99,3.62,15.8,9.48,3.51,1.41,2.47,2.71,2.2,3.12,1.98,3.72,3.1,3.4,1.55,4.6,2.36,1.45,2.65,2.96
00-0040245,Connor Colby,SF,OG,2.0,0,prior,10.2,5.2,7.2,6.13,12.92,9.06,11.8,10.97,8.5,6.97,6.36,15.4,12.87,10.4,11.05,11.39,3.6,3.73,1.0,1.0,2.69,3.79,5.22,3.07,3.8,2.6,4.07,3.91,2.09,4.68,3.05,9.35,10.9,2.87,1.52,2.86,1.0,3.53,1.22,2.63,3.25,2.03,4.15,2.93,2.69,2.94,4.29,1.12,2.84
00-0039351,Dominick Puni,SF,OG,1.0,994,measured,12.6,1.75,4.88,9.5,12.95,9.4,11.8,8.85,11.62,10.41,8.12,13.3,13.8,12.99,11.05,11.39,2.58,3.41,2.91,2.47,2.28,4.02,3.26,1.99,1.89,3.48,4.87,3.24,4.71,3.94,2.93,13.48,14.13,2.71,3.76,2.81,4.02,4.03,3.04,1.66,4.48,2.6,3.0,2.99,3.22,1.82,2.91,3.84,2.69
00-0040557,Drew Moss,SF,OG,2.0,0,prior,10.0,4.59,5.97,4.77,13.33,8.41,11.8,8.65,3.62,11.35,3.94,9.5,15.24,10.4,11.05,11.39,3.55,2.04,2.5,1.0,1.94,4.11,4.75,3.81,3.71,3.24,4.59,3.47,3.57,3.58,2.31,9.29,11.08,2.41,2.74,3.1,2.58,1.22,2.55,4.06,3.35,1.76,3.26,3.55,3.0,3.53,4.02,3.2,1.72
00-0037831,Nick Zakelj,SF,OG,,152,measured,12.0,4.93,7.07,5.8,13.85,9.06,11.8,10.09,10.1,3.8,7.34,12.64,10.91,7.05,13.81,11.39,2.92,1.66,2.21,3.96,1.24,2.55,2.88,2.64,2.26,3.15,3.12,2.33,4.63,3.46,4.59,12.43,12.81,1.36,4.57,2.67,1.71,3.46,2.68,2.82,2.7,1.62,3.12,3.48,3.92,3.59,4.53,1.98,3.24
00-0035829,Austen Pleasants,SF,OT,2.0,67,prior,11.2,3.84,5.82,5.14,11.72,8.35,11.8,9.65,8.21,5.34,9.12,14.92,5.48,15.29,11.05,11.39,3.52,3.24,3.46,1.21,1.74,3.24,3.35,3.94,1.95,3.06,2.96,2.89,2.34,1.22,3.66,12.07,13.2,2.84,3.69,3.56,3.25,3.35,3.0,5.82,2.91,1.7,2.77,4.78,2.83,2.27,1.82,2.62,2.59
00-0036256,Colton McKivitz,SF,OT,1.0,1677,measured,12.8,1.38,4.3,2.96,10.0,6.86,11.8,12.87,9.47,9.58,10.9,9.85,9.12,14.06,14.63,17.91,3.7,1.88,3.47,1.17,3.54,2.94,2.17,3.68,3.41,2.24,2.72,3.63,1.38,2.9,1.46,17.2,14.42,1.6,2.96,4.26,3.47,1.61,3.56,1.48,2.36,2.32,3.5,4.45,1.38,1.84,3.89,4.71,4.22
00-0036448,Isaac Alarcon,SF,OT,3.0,0,prior,10.6,4.25,6.36,5.79,12.23,8.85,11.8,8.37,9.84,9.58,8.51,11.85,8.12,10.4,11.05,11.39,4.6,3.68,1.44,1.95,3.26,4.98,1.4,4.08,2.44,1.0,2.98,3.45,2.4,1.8,2.02,9.99,12.93,3.83,2.8,2.67,2.61,4.21,2.92,3.56,2.55,3.06,4.04,2.54,2.13,3.25,3.89,3.96,3.47
00-0038729,Kilian Zierer,SF,OT,,0,prior,9.9,3.85,5.83,5.15,11.72,8.36,11.8,8.1,4.38,7.16,7.32,14.9,9.62,10.4,11.05,11.39,2.35,2.19,1.77,1.85,3.63,4.22,2.61,1.0,4.15,1.68,3.45,3.21,3.72,3.92,4.72,9.51,11.66,2.22,4.41,3.28,5.09,3.17,3.08,2.23,3.89,2.51,2.43,3.11,1.95,4.66,3.82,2.7,2.84
00-0037829,Spencer Burford,SF,OT,2.0,952,measured,11.0,4.13,5.67,5.73,13.24,7.99,11.8,8.87,6.59,9.1,6.7,11.36,15.4,11.83,13.83,4.6,3.72,3.54,3.06,2.66,3.34,2.37,2.83,4.25,4.28,1.39,3.29,1.0,6.43,3.3,3.42,13.78,10.94,1.73,3.79,4.33,3.03,3.49,5.4,3.27,2.76,3.14,2.53,4.0,1.25,2.06,2.46,2.12,4.06
00-0027857,Trent Williams,SF,OT,1.0,1484,measured,15.0,6.01,6.66,4.23,12.0,9.98,11.8,13.22,13.37,13.05,14.23,10.92,8.41,5.36,4.44,13.82,2.27,2.75,3.22,4.33,1.51,4.14,3.43,2.52,4.86,4.27,2.14,2.38,3.5,4.72,3.53,19.4,17.25,5.18,2.8,1.77,2.84,4.82,4.28,2.72,2.77,1.83,2.05,2.22,3.17,2.53,3.46,3.25,1.89
00-0027114,Thomas Morstead,SF,P,1.0,115,measured,14.3,4.91,6.3,6.23,9.5,8.62,9.93,12.66,11.73,9.76,14.38,13.94,12.07,17.5,11.05,14.38,3.8,1.54,3.12,1.84,2.67,2.19,3.46,1.8,2.33,3.97,3.47,4.15,3.08,2.61,2.74,1.0,3.83,1.52,4.28,2.92,3.28,3.17,3.46,1.3,3.89,4.23,4.37,4.57,4.46,1.55,13.78,14.88,4.25
00-0038658,Adrian Martinez,SF,QB,,0,prior,6.0,9.18,9.68,12.19,9.76,10.89,11.8,5.12,5.41,6.56,7.67,9.03,11.84,10.4,11.05,11.39,4.69,4.71,6.34,4.71,4.71,13.53,4.93,3.69,2.11,1.0,4.16,4.1,3.88,3.82,4.53,3.77,3.31,3.4,2.91,2.49,3.26,1.66,2.4,2.52,2.63,4.94,3.45,1.0,3.82,4.12,2.75,2.2,3.25
00-0037834,Brock Purdy,SF,QB,1.0,1633,measured,13.7,8.8,9.55,10.71,9.76,8.69,11.8,12.54,12.6,13.06,11.87,11.05,11.47,13.59,18.64,17.65,8.13,10.78,17.77,17.18,16.12,12.4,15.4,13.63,2.52,8.86,2.5,2.18,4.58,3.98,3.44,2.74,2.5,2.44,3.35,2.24,1.19,1.93,3.95,3.29,4.44,4.37,3.07,1.86,3.19,3.29,2.62,2.9,3.04
00-0040589,Kurtis Rourke,SF,QB,3.0,0,prior,7.3,9.37,10.02,11.6,9.76,10.83,11.8,7.43,6.98,3.01,8.01,15.12,7.45,10.4,11.05,11.39,8.83,6.26,8.02,6.79,6.05,7.04,7.12,7.56,3.27,2.59,3.24,3.4,1.0,3.04,2.07,2.54,2.33,4.87,1.86,4.39,3.09,2.68,1.59,1.0,4.26,1.94,2.02,2.44,3.42,1.0,3.11,3.24,4.5
00-0036972,Mac Jones,SF,QB,2.0,1228,measured,9.9,10.46,11.23,12.37,9.76,12.0,11.8,7.98,9.77,6.89,9.96,14.63,9.6,14.35,7.32,8.2,14.63,11.14,6.8,7.35,9.38,14.34,8.3,15.64,3.07,5.25,4.44,3.02,3.21,2.35,3.75,3.58,3.66,2.37,4.35,2.67,2.49,3.87,3.36,3.31,2.03,2.34,2.21,3.96,4.44,2.83,3.11,1.39,4.4
00-0037746,Brian Robinson,SF,RB,2.0,933,measured,13.2,13.66,13.63,11.61,9.75,11.05,11.8,11.2,10.85,11.42,7.62,7.16,14.17,7.69,15.06,7.47,2.66,1.44,3.9,2.23,3.78,3.14,2.51,8.45,14.22,13.9,15.46,12.79,4.48,6.27,3.59,6.26,10.51,7.26,3.4,3.38,1.3,3.07,2.15,3.68,5.77,3.65,1.03,2.74,2.46,3.56,2.93,2.55,12.57
00-0033280,Christian McCaffrey,SF,RB,1.0,1004,measured,14.9,14.37,14.28,17.07,5.0,15.19,11.8,15.57,10.42,13.8,8.63,12.89,13.15,4.29,7.07,13.92,3.88,2.04,2.93,1.0,2.66,3.03,4.42,13.08,16.0,18.34,14.16,11.74,3.99,14.72,13.18,9.69,10.73,10.69,3.06,3.56,3.91,1.69,1.51,3.46,3.43,2.04,2.92,2.45,4.28,3.95,3.34,1.77,15.83
00-0039363,Isaac Guerendo,SF,RB,3.0,212,measured,13.2,18.24,18.45,15.1,9.59,18.37,11.8,11.18,9.34,13.07,5.7,10.51,10.65,12.22,17.48,15.42,2.83,4.21,3.55,3.31,3.61,2.24,3.55,11.66,14.64,9.85,9.37,13.88,3.03,9.13,5.97,3.75,5.58,4.75,2.31,2.41,3.34,4.91,2.71,4.0,1.9,4.28,4.45,4.41,3.22,3.66,2.78,3.38,12.43
00-0040177,Jordan James,SF,RB,4.0,0,prior,9.9,13.29,12.94,13.04,8.78,13.22,11.8,7.81,9.69,8.54,5.67,11.54,10.29,10.4,11.05,11.39,2.21,2.42,3.56,2.71,2.76,3.67,1.47,12.76,7.95,7.39,7.17,12.05,3.42,6.89,6.48,2.19,4.82,3.19,4.44,2.81,2.49,2.26,2.82,3.59,3.63,3.92,3.94,3.7,2.28,2.41,1.0,2.08,9.8
00-0035973,Patrick Taylor,SF,RB,5.0,316,measured,12.3,12.92,14.22,11.81,7.5,13.86,11.8,10.33,13.57,8.97,8.0,8.38,10.8,17.5,11.05,11.39,1.95,2.98,2.76,2.61,4.6,2.34,2.58,14.14,16.64,9.26,13.95,5.28,3.92,2.63,2.43,5.03,4.25,6.03,2.63,3.35,2.7,2.33,2.99,1.63,4.21,2.49,3.53,2.35,2.24,3.74,2.39,2.42,11.83
00-0037509,Sincere McCormick,SF,RB,,82,prior,10.7,12.37,12.2,13.08,8.5,12.66,11.8,7.98,7.72,9.19,6.86,9.25,11.85,12.99,11.05,11.39,5.3,1.19,2.07,3.09,1.84,1.79,2.19,13.85,12.91,8.39,6.45,11.28,3.84,7.42,8.56,4.64,5.56,5.64,1.0,3.38,3.0,2.36,2.61,3.22,3.79,4.05,2.81,4.78,1.85,2.72,2.86,2.8,11.58
00-0040659,Derrick Canteen,SF,S,,0,prior,11.6,13.37,13.71,14.45,6.98,13.57,11.8,9.1,11.07,9.08,4.78,12.65,8.14,10.4,11.05,11.39,1.39,4.41,3.63,1.56,2.66,3.5,4.31,1.62,2.85,4.52,3.11,2.74,4.46,2.34,2.97,2.7,3.16,2.25,3.46,1.84,3.24,9.47,9.39,12.08,11.91,12.91,8.95,12.99,2.96,1.0,4.54,3.03,15.36
00-0036502,Jason Pinnock,SF,S,1.0,1764,measured,9.1,14.54,16.32,15.9,7.5,17.4,11.8,8.35,6.34,8.4,10.48,10.04,9.41,13.85,17.63,7.06,3.25,3.47,3.51,3.56,2.31,4.71,1.8,2.54,1.79,3.3,2.91,3.17,4.66,3.51,3.31,2.76,3.5,4.17,3.13,2.69,4.1,7.73,8.36,14.91,5.43,6.43,9.11,9.79,2.91,3.84,3.15,2.62,9.88
00-0038554,Ji'Ayir Brown,SF,S,1.0,1082,measured,12.8,11.54,12.51,14.48,9.0,12.64,11.8,10.71,11.85,12.91,7.79,11.83,15.69,12.58,6.82,17.41,3.04,2.69,2.16,2.38,2.41,3.29,3.33,2.16,1.9,1.64,1.74,3.8,5.01,3.77,2.45,2.99,3.71,1.26,3.9,3.71,1.52,11.69,11.33,10.92,13.73,14.73,9.56,16.34,3.35,4.61,1.55,1.53,9.16
00-0039360,Malik Mustapha,SF,S,3.0,701,measured,12.2,13.26,13.55,14.53,11.33,13.74,11.8,11.12,10.65,11.98,4.87,12.41,13.99,12.22,15.33,15.42,2.62,2.56,4.2,2.56,4.47,2.15,2.4,2.57,3.75,3.37,3.0,2.45,3.52,5.65,3.13,1.93,1.0,2.6,2.5,5.44,1.99,9.95,10.15,10.13,13.1,14.1,10.26,12.96,3.24,2.08,4.39,2.1,12.95
00-0040185,Marques Sigle,SF,S,2.0,0,prior,13.0,17.32,18.13,14.42,7.46,16.93,11.8,10.39,11.33,10.97,5.19,9.52,7.15,10.4,11.05,11.39,2.04,2.74,1.0,2.42,1.37,3.55,3.15,3.16,2.13,2.38,4.14,1.81,2.83,1.57,2.27,3.3,4.19,3.08,2.59,2.91,3.67,10.52,11.84,13.59,12.01,13.01,9.1,14.36,3.33,1.92,2.69,2.2,15.43
00-0034391,Siran Neal,SF,S,2.0,102,measured,9.5,12.11,13.01,12.59,8.5,16.13,11.8,12.63,5.19,9.51,9.14,10.18,7.79,11.93,14.04,11.39,2.77,4.2,4.84,3.54,2.7,3.26,3.93,1.79,3.25,2.42,5.35,3.73,3.28,3.06,2.51,2.26,3.1,2.14,1.0,3.19,3.56,8.61,9.98,8.08,7.47,8.47,9.41,7.67,3.77,2.34,2.25,3.73,15.86
00-0038643,Brayden Willis,SF,TE,,48,prior,8.4,11.29,11.89,10.81,10.0,12.14,11.8,8.81,2.46,5.12,7.23,13.54,9.98,14.69,11.05,11.39,5.97,1.29,3.66,3.45,3.71,5.49,2.32,16.52,3.46,4.18,7.96,6.39,7.01,5.9,5.67,10.28,10.52,7.0,3.03,1.61,1.87,2.63,2.52,4.58,3.24,2.95,4.31,2.83,2.35,1.0,3.92,3.13,2.77
00-0033288,George Kittle,SF,TE,1.0,1694,measured,16.5,12.59,15.26,10.84,9.0,14.28,11.8,13.02,16.27,12.95,10.17,8.77,14.41,6.35,15.79,13.91,3.62,3.46,1.64,3.94,4.08,4.12,3.28,8.91,3.62,16.28,20.0,19.29,19.4,19.03,16.33,18.7,11.23,15.89,2.9,3.48,2.35,1.0,2.57,2.82,3.58,1.88,2.93,1.0,2.89,2.81,4.13,2.51,2.73
00-0037112,Jake Tonges,SF,TE,3.0,28,prior,8.2,11.1,12.15,11.9,8.81,13.07,11.8,8.83,7.88,1.55,7.37,10.78,11.63,14.15,11.05,11.39,2.31,1.84,3.05,2.57,1.6,2.61,3.5,16.36,1.43,2.73,6.52,7.35,6.94,5.44,5.45,10.26,10.69,6.98,1.5,2.41,2.65,1.54,4.23,3.36,2.6,2.86,3.11,1.51,3.87,5.22,3.68,2.0,4.09
00-0036887,Luke Farrell,SF,TE,2.0,671,measured,12.6,9.47,11.23,11.79,11.33,14.58,11.8,10.0,4.94,8.14,9.35,9.18,10.37,17.5,11.05,14.83,2.36,4.5,4.24,3.1,2.39,1.44,4.03,10.3,2.63,10.73,14.51,15.29,15.77,8.72,7.95,15.66,11.64,12.38,4.08,3.56,1.33,2.64,2.42,2.98,3.77,4.77,2.08,2.02,3.45,2.03,2.88,3.59,2.76
00-0036261,Brandon Aiyuk,SF,WR,3.0,1276,measured,13.0,14.31,16.19,13.17,5.5,17.62,11.8,11.77,11.2,12.83,10.03,12.58,12.3,11.93,14.65,5.91,2.93,1.0,4.0,3.28,4.2,3.44,1.61,7.26,14.37,15.3,13.99,8.33,14.57,13.95,12.68,4.23,4.92,3.18,2.61,2.97,1.0,3.62,2.32,2.17,2.71,5.41,2.88,3.09,6.23,3.31,4.16,3.24,7.99
00-0032775,Demarcus Robinson,SF,WR,2.0,1364,measured,9.8,11.57,13.0,15.22,7.11,13.25,11.8,11.86,8.81,10.31,11.12,15.23,10.08,17.5,11.05,17.28,3.59,2.61,2.72,1.03,3.75,2.22,3.27,4.99,5.48,6.62,5.31,9.11,12.77,7.05,7.11,1.37,1.85,3.28,1.68,1.07,2.73,4.96,3.28,2.59,4.05,2.76,1.87,2.33,5.59,3.12,4.54,3.02,9.91
00-0039365,Jacob Cowing,SF,WR,3.0,95,prior,9.5,17.09,15.45,13.04,6.06,14.39,11.8,10.46,10.61,9.88,6.08,12.14,8.71,8.68,15.46,5.91,4.02,3.32,1.76,3.42,2.37,4.02,5.27,9.1,7.97,12.78,11.47,6.6,4.34,6.51,7.3,3.98,4.08,3.36,4.12,3.72,5.85,3.5,3.69,3.11,3.53,1.58,1.43,3.52,3.65,4.34,4.13,3.57,11.03
00-0036259,Jauan Jennings,SF,WR,1.0,1074,measured,12.9,10.41,11.93,13.33,7.27,10.54,11.8,13.21,12.62,14.86,12.54,13.46,14.59,11.81,6.15,5.42,2.99,2.74,2.31,1.94,3.51,4.65,3.62,11.14,11.89,12.13,10.82,14.1,14.37,13.06,13.24,2.45,2.09,4.37,2.59,2.73,1.1,3.04,1.0,1.83,3.84,4.48,1.53,4.18,3.45,5.07,3.65,3.76,12.67
00-0040172,Jordan Watkins,SF,WR,2.0,0,prior,10.0,17.32,15.58,13.46,7.23,14.72,11.8,10.18,8.55,8.56,6.15,10.57,15.86,10.4,11.05,11.39,1.94,4.0,1.84,4.69,3.42,2.06,3.13,8.71,7.4,12.26,10.95,4.59,5.39,8.61,9.05,4.18,3.8,2.74,2.64,3.94,3.32,4.12,3.44,2.73,2.2,4.11,6.45,2.03,3.05,3.09,1.38,2.89,12.07
00-0040247,Junior Bergen,SF,WR,,0,prior,9.9,15.2,15.11,13.65,7.01,14.8,11.8,9.39,7.0,12.45,4.91,6.45,15.42,10.4,11.05,11.39,3.25,3.75,3.0,1.34,3.57,2.07,4.57,7.17,7.74,12.36,11.05,6.26,6.68,8.18,8.3,3.92,3.11,2.98,2.35,2.92,1.41,3.21,2.17,5.69,3.99,3.48,2.39,3.43,1.43,2.23,2.75,5.15,9.38
00-0034867,Malik Turner,SF,WR,,0,prior,8.2,13.79,14.51,13.38,6.61,14.33,11.8,11.55,8.27,7.78,9.57,6.99,9.92,7.45,14.04,14.14,4.87,3.46,4.17,3.15,2.96,3.25,2.21,13.57,3.34,12.23,10.92,8.05,3.84,3.84,3.84,3.93,3.55,4.25,3.52,3.03,2.59,3.3,1.0,4.05,2.47,1.3,2.75,2.97,3.53,2.16,2.01,3.53,16.88
00-0034272,Marquez Valdes-Scantling,SF,WR,1.0,1160,measured,12.0,16.38,15.81,13.05,7.5,11.28,11.8,13.42,11.87,10.56,10.78,13.17,11.77,14.06,14.24,7.86,3.44,3.73,3.15,1.89,2.11,2.28,3.34,12.14,10.58,13.65,12.34,12.65,10.48,8.44,8.95,2.82,3.18,1.58,2.32,3.83,2.28,3.46,1.0,2.96,2.25,2.85,3.38,3.3,5.32,2.93,3.17,3.49,15.56
00-0039916,Ricky Pearsall,SF,WR,1.0,419,measured,11.4,16.39,17.47,18.48,8.5,18.59,11.8,10.43,13.01,9.54,8.94,9.68,8.59,12.99,11.05,15.42,4.75,1.21,3.09,2.71,3.43,3.92,2.58,18.39,10.62,12.48,11.17,10.48,6.98,8.17,6.9,3.45,2.74,2.46,3.14,4.72,3.79,2.76,2.77,3.52,2.86,2.65,4.47,3.32,1.0,2.64,2.26,1.34,15.43
00-0032688,Robbie Chosen,SF,WR,,317,measured,10.3,13.23,13.91,13.25,5.64,13.3,11.8,14.4,9.72,9.05,10.97,15.7,13.81,16.25,14.53,7.61,3.23,3.29,4.72,2.32,2.91,1.96,2.9,6.65,5.99,9.48,8.17,11.74,7.74,7.73,7.38,3.43,2.42,3.46,2.98,3.07,3.06,2.65,1.85,1.54,2.53,2.5,1.17,2.13,1.98,2.07,2.81,1.45,9.31
00-0034411,Russell Gage,SF,WR,,222,measured,11.6,14.5,14.78,13.76,6.12,14.14,11.8,11.13,6.13,11.53,11.07,11.94,8.14,8.06,5.44,17.51,2.02,4.31,3.61,2.9,2.62,2.54,4.59,7.35,6.37,8.81,7.5,10.4,7.12,10.91,12.98,3.81,1.78,3.65,2.98,2.5,3.47,2.87,4.36,3.82,3.5,2.46,4.59,3.48,3.26,3.22,3.21,3.22,9.78
00-0038090,Skyy Moore,SF,WR,2.0,514,measured,10.0,16.39,16.56,12.16,7.46,14.36,11.8,9.42,6.07,9.2,7.38,13.34,4.98,15.2,14.4,11.39,3.01,3.45,1.03,3.02,4.27,3.21,2.52,9.41,8.89,13.23,11.92,5.23,6.01,8.7,8.31,3.04,4.44,3.62,2.5,3.5,1.94,4.01,4.45,2.24,2.55,5.19,2.17,4.57,2.79,3.46,2.84,3.34,10.61
00-0033292,Trent Taylor,SF,WR,3.0,145,measured,8.6,10.67,11.0,17.0,6.5,11.61,11.8,11.07,7.82,9.36,9.77,10.56,16.24,11.93,6.94,14.26,2.64,2.46,3.91,3.43,4.15,3.21,2.64,8.28,5.2,10.05,8.74,10.7,5.78,4.69,4.51,1.93,4.87,2.45,1.66,3.58,2.36,3.95,2.79,1.23,1.19,4.11,3.23,2.39,2.69,2.63,2.58,2.79,8.15
00-0040427,Ben Scott,TB,C,,0,prior,10.2,3.47,5.44,6.17,13.22,8.13,11.8,7.29,8.35,8.57,7.65,11.65,11.17,10.4,11.05,11.39,3.52,3.65,4.05,3.95,1.93,3.21,3.49,4.27,2.9,4.59,1.14,3.5,3.38,1.78,2.9,10.96,10.89,2.35,3.08,3.64,2.35,2.3,2.7,3.69,4.56,2.01,4.26,1.8,2.42,2.95,1.73,3.37,3.06
00-0039905,Graham Barton,TB,C,1.0,984,measured,14.3,3.41,5.35,6.03,12.84,8.14,11.8,9.58,13.74,11.55,9.55,14.03,10.53,12.22,16.33,11.39,4.6,2.11,2.42,3.36,5.29,4.6,3.08,3.22,1.0,2.23,1.92,2.18,2.55,3.09,4.4,16.82,17.56,2.83,2.36,3.31,3.06,3.17,4.09,2.68,2.49,3.58,2.5,2.73,2.69,4.35,3.95,4.98,3.92
00-0040747,Benjamin Morrison,TB,CB,2.0,0,prior,10.3,15.05,15.74,13.94,6.75,15.03,11.8,10.24,10.24,6.02,7.73,10.07,12.65,10.4,11.05,11.39,2.81,3.93,1.95,5.12,3.77,2.97,2.67,1.25,1.18,2.77,1.97,3.7,3.89,3.25,2.9,1.83,2.0,6.04,1.67,4.37,3.84,5.43,9.72,14.36,8.01,8.01,10.19,7.35,3.45,4.55,2.93,2.5,7.26
00-0036241,Bryce Hall,TB,CB,,106,measured,9.3,14.98,15.78,14.24,5.5,15.2,11.8,9.19,7.67,7.72,7.81,10.55,10.03,17.5,11.05,14.14,3.89,3.82,2.68,2.92,3.78,4.55,2.86,3.64,4.48,4.1,4.31,3.04,3.54,2.32,2.68,1.65,4.2,3.57,3.75,3.44,1.83,8.46,10.15,13.82,6.08,6.08,9.81,5.97,3.61,2.84,2.55,3.27,7.74
00-0040143,Jacob Parrish,TB,CB,1.0,0,prior,12.0,17.78,18.21,13.87,6.0,16.62,11.8,11.02,10.41,10.42,7.53,16.73,11.83,10.4,11.05,11.39,4.95,3.59,2.16,2.39,4.64,2.12,2.28,2.45,2.31,3.36,3.18,2.75,3.99,3.45,3.41,3.59,2.41,2.67,2.21,4.15,2.31,8.92,11.15,15.31,10.13,10.13,9.96,8.48,2.95,3.97,3.03,2.61,12.53
00-0035699,Jamel Dean,TB,CB,1.0,1481,measured,13.4,18.65,18.68,13.84,8.0,18.0,11.8,12.4,14.26,13.67,10.73,12.97,15.54,4.69,14.98,18.64,2.4,4.21,2.16,2.73,2.5,3.74,1.4,3.98,2.26,3.93,2.38,3.61,2.32,2.62,4.63,2.72,2.27,3.46,4.39,4.36,3.88,11.41,10.99,14.55,12.18,12.18,10.56,10.87,3.8,4.5,3.92,1.7,12.2
00-0039051,Josh Hayes,TB,CB,2.0,266,measured,10.1,15.05,15.75,13.92,6.73,15.02,11.8,10.9,10.4,7.87,5.21,9.81,10.71,8.64,17.77,15.06,3.67,3.18,4.16,3.1,2.63,4.41,3.82,3.08,3.88,2.88,2.17,2.2,3.72,1.49,1.97,2.67,4.53,3.46,1.0,2.34,1.81,9.14,13.35,15.74,7.3,7.3,10.18,6.25,3.71,3.0,1.31,3.55,11.51
00-0036307,Kindle Vildor,TB,CB,2.0,573,measured,12.9,15.7,17.76,12.4,11.33,17.87,11.8,11.05,12.31,14.97,10.79,9.93,12.95,12.61,16.2,7.26,3.42,1.9,2.9,1.7,3.64,4.26,1.95,1.0,3.64,2.15,2.32,3.79,3.91,2.2,3.45,2.18,2.7,3.11,3.87,3.56,2.3,7.19,7.47,10.45,13.39,13.39,11.56,7.91,3.04,3.04,3.6,1.63,10.43
00-0037268,Zyon McCollum,TB,CB,1.0,1600,measured,13.0,18.24,18.95,20.0,6.63,17.78,11.8,10.35,14.27,12.14,7.53,12.78,10.07,13.64,7.21,17.41,1.9,1.8,2.67,1.0,1.83,1.53,2.19,2.18,2.17,1.21,3.32,3.6,4.06,2.14,1.0,3.63,3.42,2.82,2.93,2.95,1.34,10.15,8.76,14.99,10.29,10.29,10.15,12.39,2.02,2.43,1.65,4.27,15.13
00-0033064,Adam Gotsis,TB,DT,,467,measured,12.2,6.54,7.44,6.67,12.65,9.26,11.8,12.19,11.14,7.38,10.12,14.06,12.44,8.46,7.57,11.39,1.34,2.65,1.0,2.5,1.85,3.27,2.76,4.68,1.16,3.38,3.81,2.34,6.07,1.27,5.88,3.12,2.93,3.43,11.71,10.63,13.5,13.76,12.19,9.0,5.05,4.64,5.3,3.26,2.51,3.17,3.25,4.11,2.96
00-0037662,C.J. Brewer,TB,DT,,162,measured,9.9,7.79,9.18,8.11,13.39,11.47,11.8,11.3,11.78,5.9,7.61,13.19,6.88,14.15,11.05,11.39,1.99,2.8,2.52,2.51,3.06,4.1,1.0,2.48,3.81,2.42,3.54,2.44,3.05,2.67,1.46,2.22,3.24,3.81,10.22,9.32,9.18,8.63,8.61,11.46,2.79,2.76,4.33,2.52,3.73,5.14,2.01,2.78,3.84
00-0039063,Calijah Kancey,TB,DT,1.0,876,measured,14.9,11.23,11.03,7.9,14.15,11.88,11.8,11.31,10.05,10.97,8.77,9.78,10.96,7.25,4.12,14.62,2.38,2.79,3.64,4.14,2.69,1.64,3.21,3.37,2.56,2.24,2.72,3.97,3.41,1.47,2.37,3.13,3.87,4.01,15.73,15.77,17.27,16.09,8.96,9.63,3.91,4.3,4.73,3.0,2.35,3.51,2.59,3.1,2.62
00-0040183,Elijah Roberts,TB,DT,2.0,0,prior,8.7,9.6,10.8,7.48,12.74,11.65,11.8,7.09,8.4,6.0,6.61,9.57,8.91,10.4,11.05,11.39,3.04,3.1,3.02,2.05,3.46,1.04,1.08,3.19,2.39,2.03,6.15,3.17,3.26,1.8,3.47,5.69,3.06,3.18,7.83,7.78,7.16,7.63,7.82,12.16,4.17,2.4,2.2,1.14,3.49,2.12,2.89,2.66,3.12
00-0035667,Greg Gaines,TB,DT,2.0,975,measured,9.8,4.07,6.2,4.63,15.24,9.94,11.8,10.47,8.58,8.4,9.11,7.45,10.45,13.62,7.51,17.96,2.92,2.36,2.83,3.5,2.43,2.12,2.45,2.59,1.9,2.16,2.53,4.76,2.94,3.01,4.28,3.19,2.71,4.9,10.86,8.01,9.04,9.28,5.59,5.01,3.93,3.46,2.89,2.05,1.53,3.79,1.52,2.63,5.05
00-0040105,Jayson Jones,TB,DT,,0,prior,8.7,2.96,4.27,4.24,12.45,6.78,11.8,7.79,9.21,6.02,6.89,14.05,11.11,10.4,11.05,11.39,4.07,4.25,3.73,3.16,3.15,4.12,3.76,4.69,3.04,4.01,1.0,3.36,1.88,2.98,3.17,1.0,4.85,4.84,8.62,6.36,8.39,8.91,8.59,8.15,4.32,3.09,4.72,3.25,3.99,2.95,3.6,2.86,2.86
00-0038127,Logan Hall,TB,DT,1.0,1012,measured,11.6,8.27,9.99,10.53,11.56,10.51,11.8,11.29,9.4,9.89,10.1,12.83,14.08,13.79,18.4,17.87,3.83,2.11,4.29,2.81,4.37,1.22,3.0,4.55,2.26,1.91,1.66,3.73,4.28,4.14,1.92,3.64,4.58,2.58,13.45,13.36,13.37,10.39,6.04,7.98,2.31,4.21,4.14,2.29,5.41,3.45,3.58,2.38,3.53
00-0040420,Nash Hutmacher,TB,DT,,0,prior,8.9,5.43,6.72,6.2,12.92,8.97,11.8,10.0,8.01,5.18,7.5,10.04,15.92,10.4,11.05,11.39,6.48,3.75,1.89,2.38,2.42,2.52,3.18,3.1,1.99,3.55,2.31,3.77,4.26,3.96,2.01,2.78,2.84,3.81,8.27,6.71,8.39,8.91,8.59,9.14,2.2,5.29,3.25,2.89,3.27,5.55,2.96,3.16,2.49
00-0034773,Vita Vea,TB,DT,1.0,1265,measured,15.1,4.43,4.12,2.17,19.4,5.49,11.8,13.2,15.19,12.08,12.41,10.94,11.59,12.13,18.1,18.15,5.96,1.84,2.98,3.03,5.1,4.58,3.59,3.04,2.93,2.21,3.61,1.87,1.98,3.19,4.48,4.11,3.03,2.14,17.37,13.43,15.73,14.75,13.88,4.5,2.94,5.13,4.38,3.11,3.11,3.35,3.14,1.87,4.01
00-0035254,Anthony Nelson,TB,EDGE,2.0,1056,measured,11.3,8.89,10.86,14.17,9.0,13.78,11.8,10.16,14.08,8.85,9.89,9.46,7.67,8.51,5.05,17.02,3.8,2.13,3.58,2.37,4.28,3.78,1.61,2.43,2.53,3.3,4.11,2.68,2.32,3.36,2.43,1.84,2.28,3.27,14.08,14.25,9.61,7.08,10.23,12.52,5.8,6.8,3.27,2.52,3.82,4.48,1.11,2.8,1.9
00-0039902,Chris Braswell,TB,EDGE,2.0,293,measured,9.0,12.37,11.95,11.07,11.23,12.52,11.8,7.74,5.97,6.34,8.52,14.73,8.84,12.99,11.05,11.39,3.95,2.6,3.9,4.31,2.8,2.69,5.03,3.2,3.5,3.91,2.92,3.03,1.83,2.12,3.35,1.81,3.45,2.69,8.42,9.03,6.53,6.84,7.19,12.15,5.8,6.8,4.74,3.51,4.02,4.24,1.0,3.18,3.18
00-0040158,David Walker,TB,EDGE,3.0,0,prior,9.3,10.92,11.96,11.49,13.39,13.59,11.8,9.17,8.04,5.62,6.6,13.41,9.27,10.4,11.05,11.39,1.88,3.22,3.89,4.06,2.53,3.0,2.09,4.05,2.14,3.07,5.54,3.15,3.74,5.1,1.23,3.36,4.25,1.59,7.6,6.95,8.41,10.42,10.04,13.66,5.8,6.8,3.13,2.75,4.52,2.15,2.28,2.55,3.44
00-0033875,Haason Reddick,TB,EDGE,1.0,1257,measured,13.1,12.89,15.75,11.87,12.46,15.62,11.8,14.15,11.6,13.16,10.89,16.67,14.35,17.5,11.05,7.49,1.63,3.24,2.36,1.54,4.5,1.51,2.44,1.21,3.08,4.28,2.65,3.59,1.71,2.32,2.85,3.01,4.17,2.95,14.07,14.43,13.96,9.67,5.92,10.66,5.8,6.8,4.97,3.91,3.45,1.35,2.54,2.45,3.42
00-0038958,Markees Watts,TB,EDGE,3.0,39,prior,7.6,11.86,12.87,11.59,11.24,13.71,11.8,8.71,4.3,4.97,7.43,10.88,6.62,5.54,4.52,11.39,3.6,1.56,1.67,4.63,2.27,2.78,3.19,1.71,2.63,1.5,3.96,2.04,4.61,2.94,4.25,2.3,2.93,5.56,5.13,5.56,5.62,7.49,6.52,12.9,5.8,6.8,3.24,3.07,1.0,5.14,5.18,3.49,3.52
00-0039877,Mohamed Kamara,TB,EDGE,,25,prior,7.5,12.92,14.22,10.85,12.0,14.08,11.8,7.84,4.02,4.8,8.31,14.96,10.62,12.99,11.05,11.39,1.0,4.15,3.71,1.0,2.87,1.92,2.56,3.27,3.79,2.22,2.14,3.44,2.58,1.29,3.9,1.34,1.89,2.71,4.74,5.28,5.3,6.77,3.68,13.16,5.8,6.8,4.62,4.14,2.27,3.96,3.31,4.39,1.81
00-0039068,Yaya Diaby,TB,EDGE,1.0,1067,measured,13.3,14.08,14.1,9.98,12.03,15.18,11.8,10.44,14.82,13.01,8.52,7.47,13.63,14.69,11.05,11.39,2.22,2.55,3.06,2.69,3.79,2.52,4.33,3.77,3.28,3.69,1.72,2.98,4.72,4.34,4.09,2.79,3.14,2.87,9.83,10.76,16.01,18.66,16.72,9.76,5.8,6.8,1.98,3.18,4.85,1.72,2.33,3.21,3.06
00-0035358,Chase McLaughlin,TB,K,1.0,70,measured,16.9,9.85,10.77,9.82,9.64,12.02,12.22,12.95,13.23,17.57,11.08,10.74,11.5,17.5,11.05,14.14,2.06,3.02,2.58,2.53,1.98,3.94,4.79,3.2,4.66,1.85,2.51,1.34,3.31,2.8,2.91,3.37,2.68,4.23,4.13,6.26,3.7,5.5,4.21,2.3,2.39,3.97,3.47,3.39,16.87,16.98,3.27,1.6,2.86
00-0032388,Deion Jones,TB,LB,2.0,373,measured,11.9,11.61,12.3,10.92,10.25,12.2,11.8,11.36,10.77,8.69,7.63,13.07,12.06,17.5,11.05,7.74,4.33,1.83,2.98,2.18,3.36,2.1,4.09,2.05,1.72,3.18,2.96,3.84,1.97,2.82,2.46,4.13,1.75,2.39,12.71,12.62,10.03,11.81,10.54,11.53,13.58,15.08,2.54,5.64,2.1,4.43,1.0,2.32,2.5
00-0040416,John Bullock,TB,LB,2.0,0,prior,11.3,11.82,12.4,11.43,10.87,13.09,11.8,9.64,9.52,7.5,4.18,11.82,13.66,10.4,11.05,11.39,1.97,1.75,4.11,1.54,4.15,4.4,1.89,1.88,3.34,2.87,4.29,2.84,3.5,2.84,3.29,3.89,2.27,1.0,7.05,6.82,11.5,12.15,12.48,13.92,9.0,10.5,1.79,6.11,3.28,2.97,2.86,2.33,3.33
00-0029562,Lavonte David,TB,LB,1.0,2064,measured,14.2,10.34,10.59,9.74,9.5,12.58,11.8,13.91,14.94,11.39,13.66,12.7,11.4,12.54,6.05,14.14,1.76,1.17,3.87,3.08,1.57,2.63,3.21,2.09,3.84,4.09,2.86,1.11,2.75,4.41,4.83,3.3,2.97,4.24,12.71,12.44,15.42,17.39,15.47,11.29,12.91,14.41,2.31,9.87,3.73,4.43,1.89,3.08,2.8
00-0040625,Nick Jackson,TB,LB,,0,prior,11.5,11.7,12.3,11.65,11.31,13.16,11.8,7.01,9.81,8.71,5.67,8.1,15.4,10.4,11.05,11.39,2.98,1.0,4.55,2.28,3.66,3.32,1.35,4.37,2.57,3.57,3.47,3.08,3.41,3.86,2.7,4.76,2.85,1.0,7.16,6.73,13.17,12.69,13.24,15.35,8.96,10.46,3.53,9.27,4.08,3.83,1.1,2.88,2.79
00-0039049,SirVocea Dennis,TB,LB,1.0,158,measured,11.4,11.82,12.4,11.43,9.5,13.09,11.8,8.79,8.86,8.8,10.25,9.47,13.23,12.08,5.43,11.39,3.02,2.82,1.77,3.7,3.53,1.89,3.11,1.03,2.67,2.16,1.37,2.77,1.0,2.52,2.11,2.64,4.28,2.38,11.25,11.49,8.93,11.67,14.79,17.05,4.78,6.28,2.83,2.53,4.41,3.34,3.67,2.09,3.17
00-0038817,Evan Deckers,TB,LS,1.0,0,prior,10.0,10.55,11.41,10.64,9.53,12.46,12.58,8.79,11.01,7.61,8.97,14.72,10.47,7.13,16.33,15.42,4.17,2.46,4.26,2.92,2.24,3.5,1.84,3.95,1.09,4.17,3.24,2.97,2.75,2.89,3.75,4.05,3.07,2.57,3.14,2.28,2.82,4.29,2.17,3.98,3.36,3.21,2.3,3.97,2.63,1.92,3.01,2.3,3.23
00-0036132,Ben Bredeson,TB,OG,1.0,1923,measured,11.8,3.83,5.5,5.06,12.97,8.26,11.8,9.52,10.21,10.61,10.66,12.74,9.91,8.09,14.35,7.74,2.54,3.52,3.81,4.62,4.53,3.87,3.76,1.52,2.99,3.7,2.87,4.99,3.9,3.11,2.53,16.33,8.68,3.24,3.72,2.97,2.57,3.39,2.25,3.46,3.57,5.12,3.37,3.06,3.42,1.66,1.82,4.6,3.31
00-0039157,Cody Mauch,TB,OG,1.0,1752,measured,14.1,5.6,7.0,9.32,12.67,9.05,11.8,11.91,13.76,9.94,7.24,7.94,6.48,14.69,11.05,16.55,1.47,3.77,2.38,4.11,3.57,2.65,2.23,3.0,1.8,3.3,2.35,2.43,2.77,3.76,3.05,17.65,13.58,2.31,3.34,2.93,1.97,2.2,2.67,2.93,2.43,2.63,2.59,3.08,3.42,1.86,2.39,2.51,3.0
00-0039411,Elijah Klein,TB,OG,2.0,6,prior,10.1,4.03,5.51,4.65,13.17,8.17,11.8,9.32,9.87,8.61,6.42,10.03,10.94,12.99,11.05,11.39,3.92,1.62,4.99,3.57,2.18,2.1,2.01,3.98,3.67,4.23,3.53,3.03,2.26,2.37,3.65,11.44,8.84,3.51,2.37,1.95,2.29,1.95,2.94,3.27,3.73,3.04,2.04,2.59,4.32,2.33,4.01,3.4,2.86
00-0035266,Mike Jordan,TB,OG,,646,measured,10.2,2.95,7.48,6.04,9.5,12.22,11.8,10.56,9.19,7.99,9.76,10.63,8.12,7.4,17.4,18.79,3.68,1.7,5.3,3.95,4.12,1.89,2.67,3.94,2.7,4.04,3.8,2.31,2.92,3.53,4.21,11.36,10.52,1.42,3.26,1.34,1.26,3.26,2.5,4.05,2.18,3.13,1.81,3.89,2.55,3.3,1.0,3.54,2.21
00-0040417,Benjamin Chukwuma,TB,OT,2.0,0,prior,10.3,4.23,6.13,5.29,12.15,8.63,11.8,7.13,5.34,8.54,5.43,10.92,11.97,10.4,11.05,11.39,2.41,4.0,2.23,2.09,4.26,1.85,3.36,2.91,3.18,4.05,2.39,3.98,2.53,1.84,1.94,11.64,11.08,4.89,2.66,2.46,1.0,2.79,2.67,2.14,2.79,2.71,5.54,2.43,2.64,1.31,2.32,5.1,3.88
00-0036195,Charlie Heck,TB,OT,2.0,331,measured,12.5,4.26,6.99,2.9,10.67,8.83,11.8,8.99,9.51,9.05,7.26,11.64,12.83,17.5,11.05,11.39,3.93,1.95,2.88,3.61,4.35,3.47,3.14,4.85,1.59,2.9,2.2,2.34,2.04,3.78,1.83,11.13,17.92,2.56,2.51,2.45,3.78,3.12,3.59,3.45,2.53,2.46,1.64,5.03,3.02,3.63,3.28,1.95,2.71
00-0038426,Lorenz Metz,TB,OT,,0,prior,9.5,2.31,4.34,3.95,9.98,6.85,11.8,9.11,7.48,9.55,7.66,7.06,13.07,10.4,11.05,11.39,4.4,1.02,2.57,4.38,2.99,1.8,2.35,2.57,2.72,3.54,1.73,4.17,3.75,4.42,1.72,9.51,11.66,4.0,3.95,2.84,1.01,4.0,2.55,3.11,1.68,2.94,1.0,2.33,3.86,1.98,4.72,1.0,1.44
00-0037835,Luke Goedeke,TB,OT,1.0,1755,measured,10.6,4.53,6.33,5.32,13.39,8.81,11.8,9.61,6.16,4.75,9.09,18.55,13.54,7.66,7.3,7.14,2.31,4.71,2.94,3.67,2.47,4.18,1.81,3.51,3.36,3.73,2.74,4.37,4.88,1.97,5.09,11.37,11.43,2.5,4.14,2.08,1.0,2.7,1.97,3.02,2.67,2.84,1.19,3.58,3.15,3.15,2.85,2.61,3.42
00-0038818,Luke Haggard,TB,OT,,0,prior,9.9,4.11,6.17,5.55,12.08,8.67,11.8,7.81,6.0,5.45,7.4,11.47,9.77,10.4,11.05,11.39,2.19,4.06,1.53,2.51,3.72,3.48,2.58,3.29,4.0,2.96,2.65,2.82,4.65,3.81,4.47,9.51,11.66,3.24,2.01,2.58,1.85,3.85,2.62,2.73,4.74,3.83,2.32,1.94,3.65,4.09,4.1,2.76,4.0
00-0036406,Tristan Wirfs,TB,OT,1.0,2031,measured,14.2,8.67,11.58,6.6,12.46,15.0,11.8,10.38,13.49,10.62,9.95,6.72,12.47,14.06,7.32,8.22,2.97,2.4,3.2,4.21,2.7,1.92,3.98,5.43,3.46,4.44,2.5,2.25,3.8,3.26,1.85,11.86,19.4,3.25,1.83,3.3,1.91,2.31,2.21,3.44,2.46,3.87,2.33,2.28,2.62,2.15,3.29,3.4,2.91
00-0039669,Tyler McLellan,TB,OT,,0,prior,9.0,1.84,3.5,2.66,9.23,5.81,11.8,9.09,7.04,9.22,6.7,10.7,9.42,10.4,11.05,11.39,2.1,2.89,4.47,4.1,2.94,2.19,5.42,2.83,2.94,3.48,3.97,2.5,4.83,3.56,5.04,9.5,11.19,2.31,2.21,1.0,2.09,2.49,3.74,3.57,4.53,2.28,1.0,2.88,1.88,1.86,4.89,4.04,4.28
00-0032943,Riley Dixon,TB,P,1.0,117,measured,14.4,4.72,7.51,8.47,9.83,10.86,12.08,13.54,8.71,14.55,10.41,14.1,1.17,17.5,11.05,11.39,2.27,2.65,2.51,1.48,2.95,4.72,3.96,3.34,4.14,3.25,3.38,3.91,3.85,3.3,1.63,4.72,1.38,1.11,2.2,3.42,3.23,3.89,2.5,3.72,2.82,2.13,5.36,2.45,2.4,2.24,12.11,16.75,3.5
00-0034855,Baker Mayfield,TB,QB,1.0,2013,measured,12.8,7.96,8.36,12.8,9.76,8.7,11.8,12.59,14.73,11.68,11.76,10.8,13.81,12.47,7.68,15.04,13.97,14.16,12.19,11.72,15.78,10.96,13.07,12.36,3.32,10.12,4.21,3.84,2.96,2.23,2.14,4.9,3.87,1.2,2.49,3.07,2.4,4.06,1.79,3.44,2.95,2.68,2.66,4.33,2.71,3.89,4.75,1.0,1.34
00-0040415,Connor Bazelak,TB,QB,,0,prior,7.2,9.23,9.81,11.91,9.76,10.86,11.8,6.11,7.01,6.08,8.0,12.52,7.77,10.4,11.05,11.39,8.83,6.24,8.21,6.84,6.07,7.34,7.11,7.56,3.72,2.6,1.99,2.17,4.25,4.44,2.68,4.36,3.79,3.05,1.92,5.04,1.9,3.66,1.58,5.0,1.35,2.73,3.83,2.07,3.43,1.0,4.81,3.94,3.82
00-0031237,Teddy Bridgewater,TB,QB,2.0,61,prior,8.6,7.96,8.39,11.41,9.76,8.71,11.8,9.83,8.3,9.82,12.47,11.22,8.64,12.6,7.26,4.65,5.2,8.63,8.28,7.07,5.88,16.02,7.94,6.9,2.01,1.0,3.63,1.0,3.1,2.91,3.68,2.74,3.78,3.56,3.33,2.23,3.87,4.43,3.63,2.73,3.13,2.84,3.89,5.6,4.05,2.49,2.89,4.11,3.93
00-0039361,Bucky Irving,TB,RB,1.0,482,measured,14.5,13.29,12.44,12.83,7.94,10.22,11.8,11.0,12.74,14.16,10.54,12.47,12.29,12.99,11.05,18.91,2.06,3.72,2.46,1.92,2.22,2.94,3.01,10.41,19.72,16.63,14.37,15.66,2.74,13.47,11.87,10.84,5.51,11.84,3.39,1.81,2.35,3.71,2.31,3.49,3.06,2.04,3.98,4.45,2.08,4.4,3.89,2.53,8.57
00-0040429,Josh Williams,TB,RB,4.0,0,prior,10.0,13.55,13.68,13.38,8.79,13.58,11.8,10.18,7.2,10.42,5.44,14.92,5.76,10.4,11.05,11.39,2.13,2.97,1.0,2.78,2.96,3.74,2.31,11.02,8.47,6.92,7.45,13.43,2.92,6.68,6.12,2.07,4.84,3.07,2.59,1.55,3.13,2.16,2.48,4.92,2.87,2.81,4.66,2.23,1.45,2.05,1.75,5.72,9.27
00-0037256,Rachaad White,TB,RB,2.0,1299,measured,12.6,14.77,15.7,12.05,8.76,16.32,11.8,12.27,11.08,9.41,9.28,8.71,7.89,14.27,17.48,18.03,1.61,1.57,1.74,3.18,4.29,3.22,2.94,8.62,9.29,9.39,16.76,17.01,3.08,10.1,7.29,3.63,12.26,4.63,3.86,3.17,4.76,2.01,1.99,2.65,3.03,3.95,2.29,1.64,5.34,5.64,3.39,3.0,12.45
00-0038951,Sean Tucker,TB,RB,3.0,117,measured,13.3,13.66,13.96,12.7,8.77,13.68,11.8,12.87,11.99,10.27,5.19,10.69,13.94,14.69,11.05,11.39,2.44,2.71,2.26,3.48,3.33,4.16,4.1,9.26,20.0,13.97,9.9,12.72,1.84,11.76,11.09,3.18,5.38,4.18,2.21,1.17,5.02,4.03,3.99,1.49,3.73,2.88,2.11,3.33,4.03,4.2,1.09,4.7,11.72
00-0036411,Antoine Winfield Jr.,TB,S,1.0,1524,measured,13.3,15.47,15.82,14.73,7.69,15.09,11.8,11.41,11.39,16.53,11.25,8.32,9.35,6.53,4.06,18.53,3.34,2.37,5.18,3.02,4.32,3.64,2.34,2.87,3.72,2.02,4.23,3.56,3.14,3.07,2.71,3.61,2.28,3.36,2.2,3.53,4.94,15.74,15.99,17.0,9.82,10.82,9.17,13.9,3.1,2.18,2.84,3.17,5.85
00-0038820,Christian Izien,TB,S,2.0,1119,measured,11.1,13.21,13.48,14.56,7.52,13.83,11.8,10.16,13.25,12.0,8.71,12.85,12.09,12.02,15.71,17.87,2.26,3.37,1.93,2.12,2.79,3.62,4.28,4.83,1.25,3.4,3.81,2.07,2.95,2.94,2.0,2.7,1.66,3.09,2.71,3.48,3.35,11.54,14.4,12.79,8.45,9.45,9.12,9.36,2.79,2.08,2.59,3.19,15.68
00-0040425,JJ Roberts,TB,S,3.0,0,prior,11.8,13.78,14.83,14.19,6.86,13.94,11.8,10.33,9.72,10.29,8.26,14.66,14.68,10.4,11.05,11.39,4.28,4.95,2.44,3.91,3.62,3.54,2.99,1.75,2.27,2.76,2.08,2.82,3.15,1.63,2.08,2.59,2.39,3.14,3.43,2.47,2.03,9.47,9.39,12.25,11.91,12.91,8.92,12.99,2.82,1.63,4.17,1.94,15.36
00-0040284,Jack Henderson,TB,S,,0,prior,11.8,13.74,15.3,14.24,8.2,15.13,11.8,10.16,10.23,11.49,5.75,10.18,13.78,10.4,11.05,11.39,4.09,4.36,2.17,5.75,2.8,2.35,4.26,3.5,2.79,2.24,4.1,3.67,4.39,4.07,5.62,2.68,1.29,1.62,2.32,2.91,1.87,9.47,9.39,12.23,11.91,12.91,9.32,12.99,3.97,1.74,2.53,4.59,15.36
00-0038823,Kaevon Merriweather,TB,S,2.0,334,measured,9.4,12.0,12.49,14.49,8.37,13.92,11.8,9.52,9.04,6.4,5.93,9.22,13.12,13.87,15.3,14.83,2.83,3.18,3.5,2.53,3.58,2.12,3.74,4.11,1.28,1.41,2.89,3.13,3.77,2.33,3.3,2.52,1.76,2.79,2.05,1.5,3.79,8.07,6.82,9.73,8.7,9.7,9.37,9.9,2.38,1.94,4.09,3.24,16.32
00-0039596,Rashad Wisdom,TB,S,3.0,0,prior,9.7,12.88,12.75,14.79,7.96,13.96,11.8,8.92,11.22,9.14,7.91,15.16,10.79,10.4,11.05,11.39,2.96,1.0,5.32,3.12,1.59,3.01,2.51,2.61,3.05,3.33,2.95,2.44,3.39,2.32,2.83,1.0,2.62,2.23,2.18,3.75,5.48,8.44,4.92,7.88,10.73,11.73,9.25,10.09,3.65,3.54,3.87,2.15,17.98
00-0039846,Tykee Smith,TB,S,1.0,568,measured,15.7,15.24,14.71,14.62,7.79,14.53,11.8,12.74,12.31,15.0,8.41,10.37,12.82,7.76,7.62,16.08,3.63,3.64,4.44,1.86,3.18,3.1,3.72,3.62,2.97,1.64,2.64,1.0,5.41,1.14,2.29,2.08,2.62,4.02,3.76,1.92,3.08,15.95,15.12,11.05,16.98,17.98,9.2,17.42,1.89,3.42,2.86,2.23,10.88
00-0038129,Cade Otton,TB,TE,1.0,1804,measured,11.6,10.71,11.85,12.0,9.3,12.94,11.8,11.0,7.22,9.08,10.03,5.72,9.98,12.14,4.74,11.39,2.22,2.36,2.41,2.42,4.33,2.38,2.35,7.22,1.68,14.19,17.97,6.86,13.8,9.33,9.39,13.62,15.25,10.34,4.75,3.38,3.03,1.95,3.17,4.77,4.06,2.85,3.15,3.66,1.22,4.49,3.9,2.69,2.39
00-0039754,Devin Culp,TB,TE,4.0,33,prior,9.2,15.01,14.21,11.87,8.67,13.09,11.8,6.84,6.94,6.34,5.32,13.14,14.42,12.99,11.05,11.39,1.76,3.58,2.75,3.12,2.51,1.77,2.54,16.96,2.09,4.27,8.05,7.48,6.95,8.52,5.51,10.27,10.91,6.98,3.21,2.89,4.09,2.28,4.5,1.47,2.96,4.07,4.82,2.07,4.23,3.22,4.26,3.13,2.96
00-0037311,Ko Kieft,TB,TE,3.0,320,measured,9.3,10.16,11.5,12.17,10.0,12.84,11.8,8.58,6.5,5.1,6.92,9.17,12.89,15.03,14.89,17.02,4.11,3.62,3.28,2.63,3.81,3.19,4.98,14.3,2.68,8.52,12.3,9.31,9.0,8.3,8.31,7.79,10.48,4.51,4.7,3.64,3.4,2.29,1.76,2.12,1.7,3.73,2.77,4.41,2.53,1.65,3.55,4.38,1.28
00-0039050,Payne Durham,TB,TE,2.0,473,measured,11.8,8.4,10.45,12.05,9.53,13.23,11.8,10.44,4.24,9.6,7.97,8.47,14.59,13.68,17.02,15.42,3.37,2.4,3.36,3.12,2.56,4.56,2.98,7.82,2.74,9.31,13.09,12.77,12.4,10.65,12.4,12.94,12.7,9.65,3.18,1.81,4.63,3.49,2.57,2.77,1.98,2.55,3.2,4.22,1.47,3.34,2.3,2.59,2.84
00-0038828,Tanner Taula,TB,TE,,0,prior,7.9,10.49,11.68,12.04,9.56,12.85,11.8,7.24,5.58,2.22,6.88,10.94,10.72,10.4,11.05,11.39,2.67,4.04,2.06,2.82,3.29,2.79,3.06,18.39,2.0,2.02,5.81,6.32,6.82,5.3,5.3,9.36,10.86,6.08,4.84,2.95,1.97,2.2,4.17,2.2,3.28,2.55,5.38,1.32,2.34,5.41,2.35,3.02,2.28
00-0033921,Chris Godwin Jr.,TB,WR,1.0,1325,measured,15.4,15.67,16.16,15.46,9.5,14.95,11.8,16.17,11.07,16.14,11.97,9.88,11.0,7.08,7.38,17.31,3.07,2.05,2.27,2.75,4.1,4.73,2.11,11.73,13.89,15.75,14.44,16.36,16.23,14.69,13.48,2.9,2.42,3.76,2.07,3.53,3.7,1.17,2.15,2.18,2.56,3.06,5.35,2.63,2.84,2.43,4.39,2.96,14.98
00-0037570,Dennis Houston,TB,WR,,24,prior,8.3,14.18,14.86,13.42,7.25,14.94,11.8,10.49,5.39,4.44,8.39,11.09,10.49,12.19,11.05,11.39,3.45,4.75,1.96,2.72,3.08,3.74,3.3,9.87,5.32,12.36,11.05,6.99,3.98,4.3,4.45,4.99,3.77,2.64,3.27,3.12,2.96,2.65,4.93,1.99,2.47,4.45,2.96,3.6,5.19,3.18,1.67,3.31,12.24
00-0040129,Emeka Egbuka,TB,WR,1.0,0,prior,11.5,14.18,14.86,13.42,7.25,14.94,11.8,7.8,10.45,13.2,6.46,9.63,12.06,10.4,11.05,11.39,2.42,3.03,2.43,3.4,3.79,1.27,3.07,17.69,11.75,13.28,11.97,8.46,5.96,12.37,12.12,2.02,2.13,3.93,3.12,1.09,4.24,3.87,2.17,2.06,3.25,2.32,2.91,2.27,2.18,2.68,3.08,2.8,13.8
00-0040419,Garrett Greene,TB,WR,,0,prior,9.7,14.44,14.82,13.22,7.57,15.0,11.8,10.16,10.51,9.71,6.51,8.69,13.0,10.4,11.05,11.39,2.48,3.51,3.54,3.6,3.8,5.76,5.1,7.11,7.71,12.37,11.07,6.32,6.75,8.0,8.16,3.18,2.19,4.6,2.95,2.94,2.47,3.3,4.02,1.84,2.45,4.42,4.22,3.71,1.95,2.83,2.1,3.38,9.15
00-0040769,Jaden Smith,TB,WR,3.0,0,prior,9.7,13.73,15.11,14.17,6.11,14.7,11.8,9.55,7.06,10.29,7.79,13.14,11.22,10.4,11.05,11.39,2.53,2.79,3.9,3.23,4.37,3.34,2.24,7.11,7.71,12.37,11.07,6.32,6.75,8.0,8.16,2.41,3.77,1.56,3.45,4.43,2.29,4.57,3.62,2.81,3.56,3.04,2.47,2.49,3.21,1.68,5.15,2.89,8.86
00-0039855,Jalen McMillan,TB,WR,3.0,589,measured,11.1,15.01,16.32,14.84,5.96,16.17,11.8,10.08,11.16,9.35,4.82,10.12,8.67,7.76,6.5,5.58,1.18,2.7,1.67,2.45,2.43,4.54,3.04,7.87,7.44,11.4,10.09,7.86,7.64,9.66,10.87,2.94,1.5,3.55,3.98,3.1,2.66,3.15,2.69,3.36,4.23,2.36,3.01,2.76,2.34,2.52,3.82,2.48,8.69
00-0039589,Kameron Johnson,TB,WR,2.0,42,prior,8.3,15.67,15.55,14.53,5.76,14.46,11.8,8.24,6.91,7.74,7.42,10.3,10.71,4.98,7.47,17.41,4.07,1.81,2.01,1.36,2.79,3.94,4.93,10.55,5.44,12.71,11.4,3.82,3.93,4.4,6.44,3.18,1.25,2.42,4.64,3.4,3.77,4.15,1.24,3.4,3.09,2.62,2.91,3.55,4.25,3.26,2.72,3.38,16.72
00-0031408,Mike Evans,TB,WR,1.0,1579,measured,14.0,12.36,13.45,11.83,6.0,14.6,11.8,15.34,16.93,14.19,11.25,14.16,11.24,6.25,5.38,14.68,3.13,2.79,2.32,3.69,1.52,2.35,2.5,18.94,12.86,11.54,10.23,15.51,17.13,14.15,13.74,1.0,3.89,4.28,4.38,2.93,3.0,2.84,1.89,3.57,3.69,2.9,2.35,2.86,4.0,3.53,2.57,1.97,12.81
00-0038824,Ryan Miller,TB,WR,3.0,255,measured,8.6,13.97,14.83,13.42,7.22,14.95,11.8,8.7,4.18,8.07,7.86,8.32,10.37,14.69,11.05,11.39,2.8,2.47,1.17,1.0,1.41,2.09,4.57,7.59,7.76,12.79,11.48,6.05,6.09,5.62,4.63,4.12,3.73,2.39,3.46,2.92,1.0,1.93,4.1,3.48,4.66,4.05,2.1,3.88,5.06,4.74,2.45,2.88,9.42
00-0032385,Sterling Shepard,TB,WR,2.0,627,measured,9.9,13.3,13.63,11.61,10.0,16.07,11.8,10.26,8.22,10.25,11.62,13.41,11.34,6.87,7.67,18.31,2.68,1.77,2.61,2.67,4.53,1.59,2.07,9.56,3.5,5.68,4.38,7.53,7.94,9.4,9.91,3.62,4.12,3.81,2.27,3.19,3.34,3.09,2.52,1.78,3.4,3.45,1.19,2.37,3.58,1.31,1.86,1.42,12.17
00-0040237,Tez Johnson,TB,WR,2.0,0,prior,9.8,14.08,16.56,17.42,5.42,16.59,11.8,10.59,10.81,4.19,7.1,17.97,11.11,10.4,11.05,11.39,2.84,2.71,3.04,1.74,2.69,3.9,2.79,8.35,7.26,12.47,11.16,4.59,5.42,8.18,8.72,2.49,2.9,3.85,1.33,1.93,2.22,2.29,1.83,3.81,2.39,3.4,2.41,2.77,3.39,3.27,3.56,4.43,11.07
00-0033793,Corey Levin,TEN,C,,234,measured,12.0,3.46,4.99,5.95,13.39,6.61,11.8,12.59,4.88,6.56,10.82,11.75,15.57,17.5,11.05,11.39,3.27,2.34,2.1,1.09,2.85,1.95,3.44,2.7,3.58,3.97,1.28,3.91,3.19,1.7,2.32,13.74,11.3,2.71,4.03,3.72,4.08,5.05,2.16,3.3,3.65,2.75,1.68,1.68,4.59,3.36,4.23,2.61,3.14
00-0040190,Jackson Slater,TEN,C,2.0,0,prior,11.9,6.53,7.47,6.86,11.35,8.82,11.8,8.6,10.99,6.4,5.42,7.4,12.38,10.4,11.05,11.39,3.07,3.05,2.39,2.72,1.36,2.59,2.63,3.06,2.61,2.63,2.91,4.14,3.51,2.63,3.73,10.65,16.65,3.13,2.06,2.97,5.43,2.2,2.01,4.49,2.55,3.75,2.92,2.25,2.13,1.64,3.68,4.65,3.49
00-0036391,Lloyd Cushenberry III,TEN,C,1.0,1352,measured,11.2,2.95,5.06,6.42,12.92,8.39,11.8,9.57,6.08,9.55,10.37,12.95,5.74,17.5,11.05,14.83,2.83,3.19,3.37,2.73,2.61,3.04,4.93,3.29,3.25,3.62,2.36,3.15,3.15,3.59,2.3,13.56,10.31,3.56,2.8,2.44,1.0,4.22,3.16,2.03,2.5,4.25,3.38,3.59,3.32,2.36,2.44,4.0,4.07
00-0037549,Darrell Baker Jr.,TEN,CB,2.0,879,measured,10.7,14.99,15.79,14.22,6.83,15.19,11.8,11.07,7.02,10.93,8.23,6.08,8.62,15.68,11.05,11.39,3.67,3.27,2.8,4.06,3.64,3.79,3.28,2.36,3.08,4.48,1.89,2.61,2.22,1.72,2.56,2.37,2.59,2.92,2.16,3.62,1.68,5.08,6.8,12.68,9.36,9.36,10.21,6.57,4.01,3.21,2.77,3.07,14.1
00-0038119,Jalyn Armour-Davis,TEN,CB,2.0,127,measured,10.1,16.86,16.79,14.08,7.0,14.35,11.8,11.68,10.07,5.76,8.5,8.67,8.38,4.17,5.86,6.53,1.0,4.51,1.83,3.13,3.17,1.99,2.14,3.38,3.09,3.42,3.01,3.6,2.66,5.04,4.64,3.73,3.02,2.84,2.66,3.98,3.93,5.3,10.07,15.79,6.91,6.91,10.26,6.3,1.64,1.95,2.38,2.49,7.75
00-0039372,Jarvis Brownlee Jr.,TEN,CB,1.0,838,measured,11.1,15.08,15.58,13.73,7.15,14.95,11.8,12.02,9.88,9.07,9.77,7.11,14.81,12.99,11.05,17.41,4.27,3.36,2.97,3.58,3.7,1.86,3.43,3.33,1.19,3.23,3.63,3.9,4.22,4.33,2.18,3.49,4.53,2.0,1.77,3.02,4.7,11.14,12.25,10.15,9.19,9.19,10.31,9.12,3.34,3.47,4.18,2.25,14.94
00-0036374,L'Jarius Sneed,TEN,CB,1.0,1379,measured,13.5,17.12,18.08,13.91,6.0,18.16,11.8,11.64,11.35,9.41,9.17,6.34,13.76,5.78,4.21,14.53,4.03,1.76,4.48,3.64,3.49,2.58,3.14,2.62,3.62,2.09,3.83,1.99,4.24,3.36,2.41,1.87,2.68,2.62,2.68,2.45,2.12,9.27,12.91,12.67,12.71,12.71,9.96,12.26,4.14,2.7,2.92,1.89,13.65
00-0040201,Marcus Harris,TEN,CB,3.0,0,prior,9.2,15.47,15.88,13.85,6.98,15.0,11.8,8.75,8.01,8.75,5.8,11.72,9.85,10.4,11.05,11.39,3.47,2.8,3.23,2.38,2.15,2.55,2.46,2.71,2.56,1.47,3.65,3.07,4.09,3.0,1.51,2.75,2.63,4.19,4.5,2.25,3.26,6.91,11.79,15.23,5.58,5.58,10.26,4.91,2.14,3.39,2.11,3.5,12.35
00-0038125,Roger McCreary,TEN,CB,1.0,1692,measured,11.1,14.31,15.26,13.8,6.89,14.96,11.8,11.35,12.27,10.43,7.41,10.91,15.02,14.01,6.99,6.63,4.64,2.59,2.99,2.43,2.82,2.76,2.08,4.02,2.77,3.66,2.38,3.25,2.74,3.71,3.84,1.31,2.72,3.34,4.4,5.33,3.68,14.33,13.9,9.94,9.46,9.46,10.23,8.36,1.0,1.86,3.57,2.14,8.85
00-0037516,Sam Webb,TEN,CB,,149,measured,8.4,15.03,15.72,14.03,6.89,15.09,11.8,10.38,7.29,8.85,7.52,10.14,9.36,7.89,15.62,7.63,2.12,2.57,4.83,3.19,1.92,3.22,3.49,2.98,3.3,2.16,4.01,2.43,1.0,1.86,4.21,3.94,3.14,3.85,4.46,2.42,2.36,6.89,11.68,15.13,4.22,4.22,10.23,4.47,4.04,1.72,3.44,2.29,12.33
00-0037830,Samuel Womack,TEN,CB,2.0,741,measured,11.4,15.1,15.59,13.67,7.06,14.91,11.8,11.02,9.64,11.77,7.05,15.68,7.65,7.48,16.45,8.15,2.73,3.6,2.37,3.83,2.95,3.05,2.02,2.79,3.15,2.49,1.76,4.67,2.33,3.16,1.57,2.0,1.92,4.09,2.78,2.06,2.66,4.83,6.13,10.67,10.64,10.64,10.28,8.69,2.65,2.4,2.5,3.92,11.99
00-0039332,C.J. Ravenell,TEN,DT,2.0,0,prior,6.0,7.17,8.69,8.47,12.24,10.71,11.8,7.88,3.64,7.13,6.61,16.05,10.06,10.4,11.05,11.39,3.46,3.38,1.55,1.0,1.0,2.94,3.26,4.45,4.36,3.12,2.71,4.06,2.4,1.3,3.25,1.36,3.58,4.68,4.39,3.67,4.78,4.78,3.78,13.06,4.05,4.04,5.39,1.75,1.87,3.27,2.0,3.38,2.64
00-0040517,Cam Horsley,TEN,DT,,0,prior,9.0,5.08,6.74,5.43,13.39,10.57,11.8,9.0,5.93,6.92,5.53,9.61,14.7,10.4,11.05,11.39,2.3,3.46,3.81,3.39,5.21,2.92,3.12,2.01,3.16,2.73,2.75,3.58,3.18,4.19,2.73,1.0,4.01,4.27,8.41,6.57,8.39,8.91,8.59,9.0,1.66,4.76,3.22,2.72,2.16,3.53,3.64,3.22,1.23
00-0033563,Carlos Watkins,TEN,DT,,355,measured,10.4,5.15,6.44,5.87,12.92,8.8,11.8,10.46,8.07,8.22,10.44,12.36,9.92,5.11,13.84,8.28,4.96,3.46,2.73,2.3,2.92,4.29,4.36,1.4,1.5,1.0,1.42,3.17,1.24,4.65,1.32,1.0,2.18,2.97,8.72,7.06,10.54,12.34,12.07,7.26,2.33,2.93,4.61,3.48,2.55,2.68,3.08,1.99,3.52
00-0040521,Isaiah Raikes,TEN,DT,,0,prior,9.1,4.53,5.52,4.1,14.29,8.16,11.8,10.14,8.64,6.94,7.46,12.78,13.65,10.4,11.05,11.39,4.04,2.22,3.3,2.8,3.72,3.29,2.64,1.64,2.04,3.89,2.79,4.48,2.21,2.09,3.15,2.35,1.42,3.05,8.67,6.31,8.39,8.91,8.59,8.77,1.87,2.16,3.12,3.03,2.82,1.43,2.38,2.81,2.77
00-0036337,James Lynch,TEN,DT,2.0,341,measured,9.0,6.53,8.07,10.05,12.0,9.41,11.8,10.99,11.15,4.51,7.42,7.0,7.53,13.8,7.03,11.39,2.02,3.2,1.51,2.95,4.5,1.81,2.6,2.35,3.95,2.9,3.2,4.84,2.29,2.79,2.78,1.16,3.93,1.98,8.19,7.33,7.97,9.23,10.29,10.47,1.57,3.7,2.13,2.91,2.27,1.23,2.23,3.53,2.78
00-0035643,Jeffery Simmons,TEN,DT,1.0,1522,measured,14.3,6.16,7.52,7.02,12.8,9.6,11.8,13.42,13.99,12.62,11.64,9.8,10.45,8.43,7.62,16.65,1.89,3.11,2.41,4.14,3.2,3.11,3.28,2.64,1.17,3.45,2.87,5.2,2.19,2.75,1.66,2.36,3.43,1.93,14.3,13.03,15.59,16.79,16.4,7.78,1.92,2.78,1.15,2.49,2.36,1.8,3.86,1.7,4.69
00-0034810,Sebastian Joseph-Day,TEN,DT,1.0,1129,measured,10.8,4.57,5.86,5.46,12.92,8.23,11.8,12.4,7.06,12.31,10.19,9.79,11.85,12.3,13.79,15.95,2.48,1.95,2.41,3.45,3.23,4.05,3.11,3.54,3.33,2.64,3.88,5.07,2.39,4.04,4.64,4.74,2.93,4.42,13.66,11.8,8.84,8.82,13.79,4.22,1.91,3.21,2.05,2.81,3.33,1.84,3.81,4.4,4.19
00-0035409,Shy Tuttle,TEN,DT,2.0,1134,measured,7.5,5.57,6.85,6.17,13.21,9.1,11.8,10.37,3.68,4.91,10.36,8.37,15.44,13.94,7.46,15.42,2.98,2.57,2.78,2.15,3.68,2.84,3.19,2.59,3.36,4.3,2.73,3.66,1.54,2.96,2.82,2.27,4.44,2.3,8.0,6.39,5.0,4.96,9.31,10.7,3.21,2.66,2.93,3.68,2.43,1.36,2.68,4.97,2.78
00-0039886,T'Vondre Sweat,TEN,DT,1.0,641,measured,11.8,2.95,3.68,3.03,13.34,6.22,11.8,9.34,10.68,11.52,8.1,8.17,8.21,12.99,11.05,18.26,2.83,4.03,3.23,3.56,2.01,1.75,2.0,1.72,2.55,2.88,2.73,3.52,4.41,4.21,1.89,2.64,2.63,3.13,11.88,9.3,12.92,13.65,12.36,8.2,3.39,2.73,3.73,4.04,3.91,4.51,4.56,3.67,2.71
00-0037585,Timmy Horne,TEN,DT,,201,measured,7.8,4.59,5.81,5.23,13.05,8.24,11.8,7.71,3.99,5.96,8.22,15.42,14.09,13.75,11.05,11.39,3.73,2.27,3.62,4.43,3.49,3.3,3.08,2.78,3.76,3.85,3.39,1.93,2.55,3.02,3.13,2.02,4.03,4.9,6.48,4.58,6.7,8.02,8.17,9.32,1.0,2.52,2.94,4.64,3.82,2.59,2.81,1.35,2.76
00-0038724,Ali Gaye,TEN,EDGE,,162,measured,8.1,10.52,12.23,11.43,10.36,13.2,11.8,10.18,4.14,6.59,6.7,10.93,14.73,12.99,11.05,11.39,1.76,2.15,2.42,3.74,2.46,3.7,4.0,3.41,2.95,3.17,4.77,3.48,4.24,3.03,2.4,2.7,2.06,3.75,6.18,6.45,7.3,8.15,7.17,12.33,5.8,6.8,3.55,4.4,3.36,2.94,3.63,3.28,1.25
00-0034825,Arden Key,TEN,EDGE,1.0,1347,measured,13.2,11.81,11.92,12.1,9.68,11.05,11.8,12.64,14.99,11.35,10.44,15.78,12.32,7.07,17.25,14.14,4.41,2.52,4.64,1.77,1.55,3.13,3.12,3.26,3.48,4.03,2.42,3.31,2.44,4.08,1.43,4.92,2.0,3.04,14.04,15.0,14.79,14.11,7.45,8.77,5.8,6.8,3.0,4.73,2.73,3.32,2.6,5.6,4.7
00-0035678,Dre'Mont Jones,TEN,EDGE,1.0,1360,measured,9.3,4.83,6.9,6.97,12.45,10.61,11.8,11.84,6.84,7.12,11.21,3.89,9.43,16.35,14.56,14.21,2.4,3.23,3.36,4.45,2.06,3.62,2.83,2.24,2.2,3.32,3.48,3.17,4.09,2.84,1.54,3.8,2.38,4.43,11.02,8.57,11.03,9.83,7.56,9.72,5.8,6.8,3.44,3.7,1.26,2.93,4.62,2.21,3.4
00-0039436,Jaylen Harrell,TEN,EDGE,3.0,266,measured,7.1,11.96,12.48,12.42,10.1,14.9,11.8,9.12,6.9,5.83,8.8,10.43,8.55,12.99,11.05,11.39,2.15,1.0,2.72,4.53,3.44,1.45,1.66,2.8,1.96,4.87,2.82,2.92,2.05,3.27,3.16,2.17,2.64,4.58,4.28,5.15,5.8,7.18,4.85,13.03,5.8,6.8,2.25,2.99,3.71,1.41,2.49,1.69,1.96
00-0033046,Jihad Ward,TEN,EDGE,2.0,1142,measured,8.3,4.04,6.24,7.53,10.0,6.08,11.8,12.81,6.74,7.06,10.06,12.33,15.24,17.5,11.05,13.8,2.94,4.09,4.17,2.96,3.88,4.32,2.73,3.21,1.62,3.04,1.86,3.59,4.32,2.13,2.83,2.11,3.37,4.65,12.06,10.19,7.61,5.55,3.87,5.38,5.8,6.8,4.54,1.58,2.31,2.77,1.59,2.43,3.59
00-0040752,Oluwafemi Oladejo,TEN,EDGE,2.0,0,prior,9.3,11.23,12.61,11.43,10.0,14.86,11.8,7.82,8.62,9.91,7.69,11.77,13.76,10.4,11.05,11.39,2.82,2.31,3.3,2.42,4.27,3.98,1.0,3.61,3.04,1.67,1.27,1.7,2.18,3.19,3.04,3.66,3.09,1.99,8.44,9.09,7.66,7.88,8.39,12.15,5.8,6.8,3.0,2.42,3.94,2.57,2.44,2.35,5.38
00-0035192,Joey Slye,TEN,K,1.0,63,measured,14.2,9.85,10.78,9.82,9.64,12.02,13.61,11.17,12.1,10.49,11.47,15.87,12.13,17.5,11.05,11.39,3.45,2.95,4.29,3.42,3.21,4.45,3.08,2.39,3.32,3.34,3.54,1.89,2.65,2.34,3.31,3.11,4.22,3.32,2.74,2.55,2.35,3.62,3.23,3.83,1.89,4.97,3.14,1.4,14.86,13.62,4.53,3.63,4.19
00-0038908,Anfernee Orji,TEN,LB,3.0,126,measured,11.3,13.66,14.37,12.4,10.01,16.12,11.8,10.54,8.93,9.35,6.82,14.81,13.71,12.99,11.05,11.39,3.08,1.81,4.02,2.57,2.82,1.83,2.99,2.79,2.42,3.78,2.44,4.54,4.48,3.32,3.66,2.27,4.6,4.1,7.86,8.58,11.12,11.69,12.45,17.27,5.24,6.74,2.4,3.68,1.78,2.89,3.08,3.21,1.69
00-0039858,Cedric Gray,TEN,LB,1.0,47,prior,10.9,11.69,12.83,12.58,8.5,14.2,11.8,8.11,6.24,8.39,7.91,19.4,8.63,5.61,4.32,11.39,2.67,1.57,3.93,2.51,2.37,3.73,3.53,3.95,3.21,2.84,3.06,2.9,1.82,3.61,2.09,2.83,2.47,3.18,12.06,12.61,7.68,11.15,15.79,13.47,4.25,5.75,3.5,2.16,3.8,2.57,3.51,2.72,3.53
00-0035672,Cody Barton,TEN,LB,1.0,1891,measured,10.9,11.41,11.56,16.32,15.24,11.99,11.8,8.86,6.18,6.21,13.07,13.9,10.18,12.5,16.84,14.14,4.29,3.57,2.96,1.94,1.94,2.32,2.51,2.69,3.41,1.8,2.19,3.23,3.44,3.89,1.42,3.98,4.69,3.77,9.78,7.88,6.48,9.8,12.22,16.3,9.7,11.2,6.21,11.6,2.68,2.51,1.41,4.46,3.57
00-0040503,Dorian Mausi,TEN,LB,2.0,0,prior,11.2,11.89,12.67,12.0,10.69,13.34,11.8,9.15,5.9,5.74,5.54,11.72,11.47,10.4,11.05,11.39,4.04,1.31,3.44,3.88,3.25,3.04,3.67,1.5,4.43,2.24,3.68,3.45,2.93,3.47,4.04,2.45,1.93,3.9,7.01,6.87,11.5,12.15,12.48,13.95,9.0,10.5,1.92,6.11,3.81,1.44,3.03,3.06,3.44
00-0039430,James Williams,TEN,LB,2.0,104,measured,9.9,11.54,12.02,12.9,8.66,10.75,11.8,9.28,4.0,6.59,7.56,10.15,11.5,12.99,11.05,15.42,3.41,5.26,4.09,5.94,3.79,2.56,2.08,3.33,3.15,2.55,2.89,5.24,5.21,3.9,3.84,2.57,1.92,3.26,8.08,8.53,8.05,9.68,11.92,14.24,4.6,6.1,1.51,2.64,2.19,3.35,4.59,4.0,2.26
00-0034375,Kyzir White,TEN,LB,,1767,measured,12.8,11.93,10.96,11.42,10.67,12.81,11.8,11.45,10.98,11.59,8.52,10.91,14.14,17.5,11.05,15.42,2.75,3.06,2.82,2.2,2.73,5.72,3.83,4.04,1.64,1.94,2.66,4.28,2.61,2.07,2.03,1.52,3.86,2.6,8.14,8.02,12.13,12.27,13.13,12.74,15.9,17.4,2.84,15.61,4.07,4.49,1.85,2.07,2.26
00-0027557,Morgan Cox,TEN,LS,1.0,1,prior,10.0,6.58,7.44,7.23,9.53,9.09,9.22,14.34,7.64,9.57,13.89,13.55,11.48,17.5,11.05,11.39,3.49,2.98,4.34,3.08,1.98,1.57,2.74,4.37,4.95,3.23,3.54,4.29,3.11,3.03,4.36,1.17,3.59,4.11,1.3,1.62,3.03,5.22,1.52,4.43,3.69,2.73,2.68,3.74,1.73,2.39,3.47,3.88,1.41
00-0035355,Blake Hance,TEN,OG,2.0,206,measured,10.3,3.71,5.46,5.16,12.92,8.15,11.8,8.3,9.42,9.35,10.12,9.78,12.05,17.5,11.05,11.39,2.94,3.42,1.89,2.5,4.51,3.33,4.53,1.17,2.68,4.02,3.57,4.2,3.84,4.27,2.52,10.4,11.07,2.61,3.6,2.53,4.08,1.97,2.05,4.14,2.04,1.93,2.32,4.79,3.56,1.63,3.48,2.62,2.91
00-0040453,Clay Webb,TEN,OG,,0,prior,11.6,5.2,6.6,3.71,13.36,10.1,11.8,9.02,11.61,10.38,6.6,16.51,7.69,10.4,11.05,11.39,2.61,3.45,3.59,2.74,4.03,1.81,2.96,4.38,3.5,2.56,5.68,3.5,3.32,3.78,1.63,10.77,14.47,1.24,2.12,2.78,3.59,2.63,3.15,3.12,3.66,3.09,4.72,2.89,3.06,2.56,2.1,3.96,2.97
00-0029592,Kevin Zeitler,TEN,OG,1.0,2019,measured,16.3,1.0,1.28,4.06,16.16,5.97,11.8,15.32,13.76,10.97,15.61,11.21,8.83,8.22,16.26,4.73,3.24,4.0,2.81,3.47,1.46,2.27,3.94,1.55,2.25,2.51,3.23,4.95,3.99,3.99,4.05,19.4,18.19,3.75,4.0,3.08,4.11,1.9,3.73,2.37,4.23,3.87,1.93,3.9,2.9,2.68,4.62,2.51,4.02
00-0039034,Peter Skoronski,TEN,OG,1.0,1560,measured,13.3,4.53,8.02,5.43,13.09,12.95,11.8,8.92,13.14,10.85,8.53,11.56,7.18,12.29,7.06,6.88,1.54,2.69,3.6,2.27,3.34,4.57,2.91,2.04,2.45,3.67,2.7,2.62,4.25,3.36,3.27,16.43,13.34,2.79,4.29,2.68,2.14,3.86,1.57,3.71,1.86,2.29,3.02,2.58,3.6,2.43,3.23,2.9,2.51
00-0037605,Andrew Rupcich,TEN,OT,,152,measured,11.4,3.76,5.5,4.54,11.49,8.05,11.8,9.25,5.89,11.28,8.64,9.85,12.34,6.26,16.52,11.39,2.58,4.11,3.01,3.65,2.19,4.28,3.94,3.25,3.63,2.77,3.71,1.0,3.14,2.67,1.92,13.41,12.98,2.01,3.68,3.52,1.75,3.3,3.35,3.1,2.1,1.0,3.65,2.48,1.76,3.36,3.47,3.28,3.82
00-0040512,Brandon Crenshaw-Dickson,TEN,OT,2.0,0,prior,9.6,2.05,2.81,1.9,11.17,4.92,11.8,7.89,3.51,5.58,5.32,8.95,6.72,10.4,11.05,11.39,2.34,3.85,1.61,1.42,3.97,2.79,3.32,4.35,1.74,1.48,2.54,3.65,2.25,3.03,2.26,11.64,11.08,1.76,1.07,2.37,3.91,3.61,1.86,3.02,1.86,2.15,1.07,3.6,4.41,2.03,1.25,2.04,1.0
00-0036869,Dan Moore Jr.,TEN,OT,1.0,2123,measured,12.9,4.36,6.09,5.03,12.22,8.59,11.8,11.51,11.29,8.65,9.97,13.59,10.74,15.17,16.26,11.39,2.8,1.86,3.48,2.02,5.19,3.27,1.0,2.23,3.56,2.6,3.6,4.44,4.37,3.7,2.59,16.12,14.12,3.57,4.13,3.75,2.8,3.63,2.9,1.66,2.51,3.41,1.6,3.91,4.39,2.02,4.08,2.67,1.96
00-0039731,JC Latham,TEN,OT,1.0,1006,measured,9.5,2.32,3.68,2.34,9.59,6.05,11.8,7.92,5.14,4.84,8.1,13.76,9.62,12.99,11.05,11.39,2.58,3.15,4.19,2.38,5.19,4.0,3.76,2.64,2.98,4.5,3.78,3.5,1.01,5.3,1.58,10.13,11.93,3.51,3.47,3.33,2.87,2.82,2.28,3.34,3.28,2.8,2.29,1.02,3.02,5.11,4.08,4.1,2.08
00-0038852,John Ojukwu,TEN,OT,,288,measured,11.9,3.4,5.1,8.38,12.41,8.34,11.8,11.46,6.15,8.16,5.64,14.35,9.22,14.69,11.05,11.39,1.61,2.11,3.67,3.17,2.68,3.21,1.61,3.79,3.58,3.15,2.03,4.46,1.63,4.87,3.66,13.44,12.77,1.66,3.3,2.31,4.23,2.15,4.86,3.24,1.15,1.11,1.2,4.12,1.45,4.22,4.7,1.68,3.16
00-0034994,Olisaemeka Udoh,TEN,OT,2.0,222,measured,10.8,3.56,5.31,4.37,11.49,7.89,11.8,12.42,7.48,6.93,9.44,13.32,6.62,17.5,11.05,11.39,3.39,2.93,2.02,2.82,3.67,1.27,2.39,2.23,3.03,1.99,2.72,2.72,3.57,3.12,1.0,12.13,11.79,3.12,1.0,3.45,4.16,3.67,3.3,3.34,3.42,3.33,2.85,3.2,2.76,2.63,4.91,4.93,1.3
00-0028872,Johnny Hekker,TEN,P,1.0,124,measured,14.4,4.03,6.54,7.4,9.83,9.8,11.28,13.31,11.21,14.52,15.67,7.81,13.95,17.5,11.05,15.42,2.62,1.78,4.62,2.42,2.78,4.44,4.51,1.69,1.58,3.67,4.63,1.39,3.19,2.38,2.93,3.29,4.91,2.96,1.97,1.85,1.1,2.48,2.71,3.01,2.44,1.46,4.47,1.34,4.68,3.0,9.31,19.55,3.95
00-0032434,Brandon Allen,TEN,QB,2.0,56,prior,8.3,7.05,7.25,11.15,9.76,7.33,11.8,8.48,8.02,5.65,12.77,8.61,9.23,8.2,14.18,11.39,4.93,8.12,9.07,8.31,5.85,14.46,7.62,3.76,3.5,1.0,2.49,4.73,2.17,3.7,1.73,4.37,2.75,2.83,2.95,3.77,3.32,3.88,2.58,3.18,1.69,5.04,2.52,3.51,1.73,4.65,3.42,2.99,3.59
00-0040676,Cam Ward,TEN,QB,1.0,0,prior,10.6,9.46,9.9,12.08,9.76,10.9,11.8,12.09,11.8,10.3,9.85,14.68,13.58,10.4,11.05,11.39,9.17,13.13,7.84,7.66,9.24,10.47,13.59,11.51,3.69,4.58,2.74,3.23,3.29,1.91,2.72,1.99,2.55,3.19,2.97,2.81,2.59,3.23,2.99,4.03,2.68,2.76,3.06,3.57,3.96,2.75,2.57,3.4,3.27
00-0032156,Trevor Siemian,TEN,QB,,212,measured,8.4,7.47,8.0,10.11,9.76,9.15,11.8,8.35,6.93,6.34,13.28,12.57,9.98,7.23,14.77,11.39,5.69,5.96,12.51,8.66,6.36,13.78,6.5,4.0,3.67,1.01,1.0,3.91,3.08,4.15,3.28,3.66,3.41,1.02,1.99,3.1,1.82,1.52,2.78,3.67,2.29,3.17,2.68,2.43,2.79,3.31,2.93,3.27,4.63
00-0039152,Will Levis,TEN,QB,3.0,916,measured,8.4,8.96,12.47,11.76,9.76,14.0,11.8,8.03,7.16,5.9,8.6,9.75,8.83,14.69,11.05,4.01,16.61,8.87,7.4,8.24,8.0,4.95,6.76,5.49,3.51,4.25,1.81,3.69,2.71,1.47,3.47,3.64,2.1,3.31,2.84,4.43,2.26,2.17,2.1,3.21,1.5,1.45,2.49,2.1,3.22,3.38,3.16,3.93,4.61
00-0038678,Jordan Mims,TEN,RB,,90,prior,9.2,14.05,14.44,12.1,8.48,13.79,11.8,10.44,9.02,6.04,7.21,15.4,12.53,14.69,11.05,11.39,1.75,2.13,4.64,2.43,4.64,3.35,1.42,13.37,7.01,5.49,5.79,8.66,2.77,11.78,12.11,2.36,5.1,3.36,3.53,2.98,1.08,3.41,3.1,1.73,3.17,3.05,4.45,2.67,1.52,3.58,2.59,4.02,10.36
00-0037594,Julius Chestnut,TEN,RB,2.0,96,prior,10.5,13.47,13.93,12.33,9.04,13.71,11.8,9.35,9.57,9.04,7.26,9.59,8.09,15.68,11.05,15.42,2.44,1.67,2.63,2.18,4.75,2.51,2.15,13.38,8.77,8.35,6.74,12.13,1.0,3.42,1.9,3.01,8.92,4.01,2.73,3.96,4.51,3.6,1.36,3.56,3.46,2.36,1.92,2.15,4.43,4.28,3.38,1.31,12.53
00-0040205,Kalel Mullings,TEN,RB,3.0,0,prior,9.8,12.76,13.75,11.3,10.02,13.79,11.8,9.08,7.87,9.04,6.75,13.39,11.67,10.4,11.05,11.39,2.28,4.04,4.13,2.59,3.75,4.84,3.31,12.44,7.97,7.1,7.23,12.57,3.96,6.89,6.48,2.18,4.83,3.18,3.0,4.26,3.5,2.18,1.86,2.87,2.7,1.04,4.59,1.69,3.42,3.22,3.64,3.1,9.36
00-0035261,Tony Pollard,TEN,RB,1.0,1430,measured,12.1,13.74,14.1,11.96,6.5,13.92,11.8,11.12,9.74,13.93,9.34,11.42,7.96,17.5,11.05,14.61,4.76,2.87,2.33,2.57,3.53,3.31,2.5,12.28,12.16,12.76,13.64,6.12,1.93,7.74,8.71,8.61,6.3,9.61,3.21,3.2,2.55,2.72,3.85,4.01,2.21,2.65,2.75,2.44,2.57,3.53,3.08,3.71,9.54
00-0039032,Tyjae Spears,TEN,RB,4.0,642,measured,11.5,14.59,15.6,12.51,7.93,16.76,11.8,11.29,11.68,7.48,5.95,14.33,6.34,7.9,18.96,14.22,3.04,2.83,2.83,2.76,3.5,4.53,2.52,15.51,8.58,9.16,10.81,14.61,2.85,11.86,11.31,7.32,1.75,8.32,2.07,1.32,2.63,2.85,2.12,2.74,2.22,2.32,2.29,3.57,4.03,3.37,1.94,3.54,10.23
00-0035632,Amani Hooker,TEN,S,1.0,1556,measured,12.4,14.77,15.21,16.62,7.0,15.61,11.8,10.5,11.5,12.45,10.58,5.33,11.74,7.15,14.85,8.31,3.38,2.15,3.21,2.46,3.8,1.95,2.73,2.63,2.11,5.06,3.87,2.76,2.59,2.54,4.23,1.37,2.85,3.36,3.56,3.61,2.92,7.57,13.69,11.6,11.18,12.18,8.96,15.78,3.28,3.13,2.85,1.0,8.07
00-0040141,Kevin Winston Jr.,TEN,S,2.0,0,prior,12.6,13.69,15.23,14.27,8.36,15.25,11.8,9.28,12.88,11.75,6.04,12.51,9.81,10.4,11.05,11.39,2.53,1.14,2.38,2.91,3.81,2.88,4.24,4.63,3.15,4.27,3.51,1.26,2.32,2.5,2.93,3.2,3.48,2.56,1.51,2.53,3.17,11.87,12.54,10.98,12.67,13.67,9.37,14.89,3.54,5.1,2.14,1.8,13.71
00-0037493,Mike Brown,TEN,S,3.0,425,measured,8.5,13.3,14.41,14.5,9.02,15.55,11.8,7.85,6.72,3.25,8.46,9.22,10.8,8.06,7.12,11.39,1.99,4.69,1.3,3.83,1.0,3.4,2.57,2.45,3.38,3.51,1.82,2.68,1.74,3.93,3.57,2.69,3.09,3.66,4.41,3.27,4.47,7.65,7.68,10.94,6.43,7.43,9.57,7.7,2.35,2.77,2.54,2.5,15.19
00-0031608,Quandre Diggs,TEN,S,2.0,1637,measured,8.6,11.58,10.23,11.62,8.5,11.92,11.8,12.96,3.69,5.44,11.68,8.61,11.19,11.93,15.04,8.17,1.82,4.02,3.07,3.37,4.07,5.69,4.17,4.49,3.86,2.29,2.62,2.64,3.1,1.83,4.05,2.71,2.22,2.13,3.96,1.0,1.8,8.82,7.24,10.02,6.33,7.33,9.41,5.56,2.09,1.94,3.8,3.23,12.72
00-0033579,Xavier Woods,TEN,S,1.0,2044,measured,10.2,12.8,13.54,16.41,9.5,12.91,11.8,13.69,7.09,6.69,11.07,1.14,14.85,6.64,5.63,14.6,2.86,2.68,3.79,3.32,2.6,2.62,2.68,4.08,1.57,2.38,1.94,2.98,2.47,2.67,3.52,1.91,5.05,3.75,2.79,3.88,5.04,4.34,8.86,13.7,8.22,9.22,9.71,10.3,1.92,3.41,3.18,3.6,8.99
00-0037809,Chig Okonkwo,TEN,TE,1.0,1201,measured,12.9,13.85,13.57,12.03,9.25,13.97,11.8,9.09,6.32,9.42,8.41,7.68,7.45,15.68,11.05,17.02,4.77,2.97,3.11,3.77,2.58,3.25,2.73,8.67,4.3,11.93,15.71,9.64,16.52,16.07,11.63,13.16,11.48,9.87,3.13,4.05,3.87,2.58,1.53,2.72,3.88,4.98,3.01,3.53,5.34,1.91,2.98,2.82,4.4
00-0039648,David Martin-Robinson,TEN,TE,3.0,43,prior,8.6,10.59,11.85,12.08,9.48,13.02,11.8,7.16,3.06,3.99,7.15,15.21,10.05,12.99,11.05,11.39,4.17,2.09,2.21,4.65,3.62,1.9,1.0,16.35,4.7,4.28,8.06,7.39,7.03,6.15,6.09,10.65,10.52,7.37,4.09,2.88,2.37,2.19,3.56,1.0,3.46,2.94,2.08,2.04,2.6,4.13,4.19,3.56,3.52
00-0040628,Drake Dabney,TEN,TE,,0,prior,10.4,10.52,11.74,12.05,9.53,12.91,11.8,8.47,10.66,7.59,4.04,13.23,9.32,10.4,11.05,11.39,4.06,1.64,3.13,3.35,2.23,3.45,4.16,13.6,2.82,12.23,16.02,9.46,9.06,9.21,9.72,10.97,10.38,7.69,3.86,3.96,2.58,2.81,1.51,3.07,3.12,3.43,4.25,3.48,4.34,2.76,2.33,4.71,3.46
00-0040584,Gunnar Helm,TEN,TE,2.0,0,prior,10.9,8.8,10.9,11.42,9.3,10.9,11.8,9.73,8.78,7.01,3.52,11.62,11.93,10.4,11.05,11.39,4.33,3.08,4.05,3.16,2.84,3.4,2.63,13.05,4.9,11.15,14.93,11.35,10.93,10.28,9.95,11.65,10.46,8.37,3.63,2.22,3.25,1.42,3.38,2.63,2.52,4.82,2.2,2.82,3.45,4.68,2.16,3.94,4.67
00-0038145,Thomas Odukoya,TEN,TE,,1,prior,7.9,10.19,11.44,11.99,9.79,12.72,11.8,6.91,6.14,1.0,7.43,9.42,9.54,12.99,11.05,11.39,2.25,1.96,2.33,3.48,1.53,3.4,2.97,18.35,5.38,2.06,5.84,6.35,6.84,5.34,5.34,9.63,10.91,6.34,5.08,1.98,3.59,3.74,1.21,4.09,2.38,2.83,1.0,2.24,2.27,3.53,3.91,3.76,4.01
00-0039650,Bryce Oliver,TEN,WR,2.0,62,prior,9.4,13.81,14.6,12.93,7.93,15.14,11.8,10.99,11.52,8.35,6.98,2.89,12.02,12.99,11.05,15.42,2.65,3.28,3.32,2.96,2.26,2.69,3.32,10.39,9.13,12.71,11.4,5.0,4.03,9.61,8.49,5.2,2.72,4.38,3.73,2.74,2.47,3.62,4.61,3.87,2.67,3.72,1.16,2.23,3.09,2.93,1.85,2.95,16.87
00-0034837,Calvin Ridley,TEN,WR,1.0,1472,measured,12.6,15.05,11.78,12.69,7.5,9.65,11.8,11.96,10.73,9.7,10.03,13.59,10.93,12.01,14.0,7.19,3.66,1.6,4.74,2.05,2.53,3.31,3.11,12.25,8.81,6.43,5.12,13.07,13.16,11.98,12.79,4.31,2.97,2.37,2.34,4.32,3.25,3.22,1.64,1.92,2.73,4.81,1.59,4.5,2.95,3.4,5.27,1.32,13.77
00-0040705,Chimere Dike,TEN,WR,2.0,0,prior,10.4,18.01,18.17,15.04,6.84,16.96,11.8,6.92,10.78,10.17,6.27,13.15,12.51,10.4,11.05,11.39,3.37,3.79,2.0,3.33,2.76,4.04,2.21,8.86,7.41,12.2,10.89,4.35,5.33,8.68,9.07,4.4,1.0,2.66,3.21,2.25,3.14,1.68,1.5,2.6,1.0,3.08,3.16,2.53,4.5,4.0,3.22,1.51,12.21
00-0040170,Elic Ayomanor,TEN,WR,1.0,0,prior,11.5,15.7,16.69,13.37,7.29,16.82,11.8,7.58,10.46,10.03,8.02,8.33,9.87,10.4,11.05,11.39,2.42,3.32,3.73,3.75,3.07,1.26,2.46,15.49,11.51,13.86,12.55,8.62,6.38,10.93,10.48,2.8,1.98,1.0,3.02,3.67,3.63,2.91,3.33,2.49,2.77,3.52,1.0,1.88,2.8,3.6,3.5,1.39,15.32
00-0036133,James Proche,TEN,WR,,134,measured,8.8,14.44,14.7,10.41,10.0,13.71,11.8,9.21,3.31,7.89,11.4,12.02,11.83,15.23,14.45,7.37,3.64,1.99,2.05,3.3,3.27,4.51,2.67,8.34,4.65,8.82,7.51,8.17,5.16,6.61,5.22,3.22,3.05,2.87,3.73,3.79,3.68,3.75,1.6,4.82,3.18,4.71,1.82,4.48,4.95,4.09,3.41,3.15,8.7
00-0036176,Mason Kinsey,TEN,WR,,83,prior,8.9,14.67,14.97,13.51,7.16,14.88,11.8,10.66,7.74,6.53,8.41,12.82,16.53,17.5,11.05,11.39,4.1,3.95,2.82,4.05,2.16,1.75,1.0,8.72,5.12,10.01,8.7,8.29,4.66,4.61,6.45,3.26,2.3,3.81,2.36,4.02,4.7,3.79,2.51,2.09,3.92,3.12,3.48,3.33,2.39,1.51,2.5,2.78,10.02
00-0037742,Treylon Burks,TEN,WR,3.0,595,measured,9.5,13.29,14.17,11.32,8.31,13.28,11.8,9.66,9.05,12.17,6.34,10.18,11.14,4.4,4.89,16.78,4.59,3.05,4.41,4.9,2.69,3.1,2.42,8.48,5.15,7.08,5.77,6.81,7.71,7.97,10.28,2.08,4.42,4.43,3.36,3.36,2.38,2.97,1.96,3.62,3.04,2.27,3.62,2.04,1.98,2.2,3.74,2.89,7.72
00-0032211,Tyler Lockett,TEN,WR,1.0,1565,measured,13.9,15.03,14.0,14.8,6.58,12.96,11.8,16.18,12.47,13.33,12.11,9.33,12.09,16.25,14.4,18.58,2.51,1.0,1.12,1.0,2.58,3.9,3.13,14.27,5.78,5.46,4.15,18.83,16.04,11.05,10.78,3.25,2.16,2.15,4.17,3.65,1.91,2.29,2.21,3.31,2.78,2.87,3.01,3.85,3.54,3.37,1.9,3.6,14.41
00-0036415,Van Jefferson,TEN,WR,2.0,1278,measured,9.1,14.12,14.69,13.48,6.71,14.47,11.8,11.17,6.6,6.47,7.66,8.67,8.58,12.61,5.45,14.38,2.96,1.97,2.01,2.94,3.93,2.4,2.58,8.6,2.74,5.8,4.49,6.94,9.56,5.81,6.82,4.18,3.44,4.94,2.46,3.58,4.26,3.23,3.42,3.17,2.45,1.0,2.63,2.75,3.87,3.49,2.59,3.16,9.92
00-0040522,Xavier Restrepo,TEN,WR,,0,prior,9.7,14.62,14.82,13.16,8.5,15.01,11.8,9.54,8.57,7.94,3.93,12.27,9.68,10.4,11.05,11.39,2.13,2.89,2.93,3.08,1.97,4.32,4.39,7.11,7.71,12.37,11.07,6.32,6.75,8.0,8.16,1.0,3.46,1.87,4.33,1.27,4.33,1.69,4.05,1.45,4.01,1.79,2.98,2.71,1.0,4.33,3.49,3.18,9.21
00-0035686,Michael Deiter,WAS,C,,657,measured,13.7,3.2,5.02,4.06,10.67,7.93,11.8,11.41,12.25,12.24,8.64,13.13,13.68,12.61,14.56,6.88,4.24,2.85,2.87,1.76,2.25,1.0,2.64,2.98,4.9,5.12,4.09,1.6,1.44,1.22,2.02,13.84,19.32,3.83,1.78,2.94,4.18,3.08,1.78,2.71,3.5,2.89,4.47,2.2,2.84,2.14,3.67,2.66,3.26
00-0036376,Tyler Biadasz,WAS,C,1.0,1976,measured,15.5,4.26,5.65,6.77,10.98,8.64,11.8,13.3,13.2,16.56,11.21,9.34,11.21,7.85,18.22,7.25,1.27,4.18,1.96,2.17,2.47,2.29,2.76,1.51,4.0,3.68,5.34,3.39,2.27,3.91,4.04,19.11,18.31,2.0,3.07,3.0,3.1,1.58,4.09,1.22,4.51,2.92,2.77,2.58,2.69,2.1,2.13,3.61,2.87
00-0032933,Antonio Hamilton,WAS,CB,,580,measured,10.2,13.56,14.15,12.55,6.75,13.73,11.8,13.01,7.88,5.78,10.16,11.49,10.57,6.44,13.93,14.59,3.56,3.29,2.67,3.86,3.77,2.22,2.15,3.6,5.04,1.6,2.93,3.25,2.88,5.49,2.36,2.69,4.29,3.25,1.0,3.0,3.78,10.04,11.53,11.54,8.18,8.18,10.19,8.73,7.0,3.63,4.71,4.2,11.39
00-0040322,Car'lin Vigers,WAS,CB,,0,prior,8.9,14.97,15.87,14.33,6.63,15.23,11.8,8.52,8.59,8.13,7.48,9.44,9.58,10.4,11.05,11.39,2.95,3.06,3.18,2.27,3.06,2.45,3.9,2.95,1.0,2.28,3.19,3.07,3.94,2.77,3.05,2.29,3.78,3.86,2.57,3.56,4.96,7.23,12.31,15.22,5.24,5.24,10.15,4.53,2.87,2.25,2.52,3.41,14.19
00-0038388,Darius Rush,WAS,CB,,24,prior,8.9,17.55,16.19,14.33,6.63,14.01,11.8,9.54,10.58,9.52,7.99,13.46,14.09,14.69,11.05,11.39,4.93,1.6,3.87,3.86,2.99,4.73,3.72,1.9,2.2,2.99,3.13,2.57,2.04,1.53,3.49,2.87,2.4,3.34,1.88,4.1,3.14,7.22,11.54,18.0,4.2,4.2,10.15,4.07,4.63,4.16,3.56,2.76,7.26
00-0032580,Jonathan Jones,WAS,CB,2.0,1512,measured,12.0,16.96,15.69,10.77,9.5,13.84,11.8,14.81,10.27,13.79,11.96,8.88,5.42,7.55,14.76,17.98,3.21,3.57,3.1,5.14,4.29,2.58,1.06,4.42,4.02,2.23,4.89,2.9,3.91,3.24,2.11,3.25,3.34,5.45,4.01,2.08,2.67,8.34,8.5,14.59,10.88,10.88,11.01,9.52,2.29,4.52,2.44,1.81,12.57
00-0033874,Marshon Lattimore,WAS,CB,1.0,1046,measured,14.6,17.13,18.13,13.59,6.81,16.98,11.8,16.13,14.29,11.23,13.47,10.75,11.45,4.06,4.04,4.25,1.09,3.24,2.8,2.97,2.32,4.52,2.32,2.67,1.74,1.87,3.27,3.36,1.76,3.16,3.17,3.6,3.2,3.6,2.84,2.95,3.53,5.16,6.04,14.48,15.24,15.24,10.2,15.25,4.43,2.57,1.83,1.84,5.42
00-0039898,Mike Sainristil,WAS,CB,1.0,908,measured,13.1,15.01,17.06,16.0,7.0,17.9,11.8,10.88,10.29,13.87,6.98,8.99,11.37,12.99,11.05,11.39,3.28,3.14,2.72,2.74,2.46,3.87,3.21,3.22,3.62,3.07,3.58,3.55,3.92,2.14,1.74,4.27,2.11,3.39,3.87,3.27,2.89,5.0,11.71,14.86,12.08,12.08,10.26,13.61,3.0,2.88,4.32,3.24,11.12
00-0036287,Noah Igbinoghene,WAS,CB,2.0,867,measured,12.0,14.77,16.44,13.94,7.5,16.31,11.8,11.51,12.16,14.23,9.78,12.37,11.92,17.5,11.05,7.19,2.81,3.79,2.48,3.48,1.56,2.69,3.28,3.1,1.26,2.37,3.64,1.38,1.87,2.79,2.32,1.7,3.79,1.93,4.38,3.66,4.11,3.62,5.03,10.0,11.72,11.72,10.41,9.73,1.44,2.9,3.46,2.81,6.01
00-0040731,Trey Amos,WAS,CB,1.0,0,prior,11.8,15.93,16.56,14.17,6.5,13.62,11.8,10.81,12.23,11.71,7.42,13.71,8.95,10.4,11.05,11.39,2.96,2.68,4.66,1.0,3.35,4.27,1.57,1.69,4.88,3.33,2.49,2.37,4.58,3.56,2.85,2.69,2.25,2.15,3.58,2.79,5.68,8.74,10.67,14.51,10.45,10.45,10.11,8.79,3.51,3.67,3.55,3.79,11.3
00-0034333,Daron Payne,WAS,DT,1.0,1674,measured,13.8,7.24,7.57,6.74,13.85,8.62,11.8,11.0,13.91,10.37,11.11,8.34,8.56,11.93,14.31,15.0,1.69,4.27,1.93,3.05,2.62,3.68,2.56,4.72,2.54,3.43,2.53,4.48,4.81,3.07,1.86,2.27,3.52,2.94,14.57,13.31,15.88,15.16,10.68,5.15,4.18,1.9,2.49,4.67,3.79,3.65,2.0,2.26,2.59
00-0031551,Eddie Goldman,WAS,DT,2.0,301,measured,9.1,1.52,3.62,3.89,13.44,7.23,11.8,12.74,11.03,4.87,12.71,7.29,9.2,7.51,7.66,8.03,3.18,3.8,2.96,1.87,3.41,2.03,2.27,3.99,1.43,1.92,2.4,3.16,1.85,3.62,3.78,1.99,1.77,2.51,10.4,7.29,8.9,8.65,6.8,7.65,2.54,4.19,5.19,3.26,1.0,3.26,3.93,3.42,3.0
00-0036260,Javon Kinlaw,WAS,DT,1.0,994,measured,10.9,5.4,6.77,6.52,12.51,8.95,11.8,10.59,8.85,12.88,10.17,10.47,12.03,5.87,7.56,13.85,2.76,2.15,1.34,2.9,4.02,3.61,2.54,2.23,4.84,2.63,4.5,3.54,3.16,3.54,2.3,4.65,1.83,3.7,13.0,11.57,10.99,10.02,8.7,6.21,2.25,1.24,3.27,2.21,4.12,3.29,2.87,3.19,1.89
00-0039906,Jer'Zhan Newton,WAS,DT,2.0,477,measured,10.2,6.64,7.88,6.84,13.56,10.14,11.8,9.27,8.73,7.72,5.82,10.96,9.02,12.22,17.48,15.42,4.08,3.82,1.89,2.23,3.33,2.71,3.22,4.24,3.72,3.25,3.02,2.19,3.53,1.69,3.99,3.33,2.36,2.52,11.16,9.79,9.1,8.44,10.93,12.32,4.33,2.2,1.92,5.06,3.76,2.3,2.53,2.19,3.35
00-0040314,Ricky Barber,WAS,DT,,0,prior,9.0,6.61,7.92,7.16,13.15,10.09,11.8,8.9,6.58,6.99,5.79,10.99,11.54,10.4,11.05,11.39,4.29,3.11,3.25,1.78,1.93,2.84,4.84,3.12,3.56,3.38,2.75,3.18,3.94,3.22,3.59,3.43,5.02,1.0,8.1,6.87,8.39,8.91,8.59,9.61,2.51,4.53,3.69,3.27,5.2,2.74,3.08,1.4,1.48
00-0033010,Sheldon Day,WAS,DT,,325,measured,9.5,4.62,4.75,8.04,10.67,7.85,11.8,13.17,3.32,11.03,9.67,13.43,11.9,15.29,11.05,11.39,2.94,5.01,2.74,1.96,3.88,2.6,1.0,3.94,3.47,2.43,2.74,3.64,2.22,2.65,3.92,3.35,2.28,2.33,7.92,6.87,10.04,11.01,13.17,8.78,2.96,3.78,1.54,2.35,3.53,2.79,2.81,3.63,1.97
00-0033947,Deatrich Wise,WAS,EDGE,1.0,1126,measured,13.6,6.64,10.78,9.26,11.33,12.69,11.8,13.96,9.98,12.49,10.61,7.34,14.45,17.5,11.05,14.97,2.74,1.03,2.36,2.76,4.87,1.7,3.65,2.98,4.76,1.04,2.74,2.95,3.1,2.75,2.32,1.23,2.54,2.37,16.59,15.27,13.71,14.02,14.11,7.44,5.8,6.8,4.93,2.55,2.02,2.1,4.2,3.64,2.17
00-0034373,Dorance Armstrong,WAS,EDGE,1.0,1093,measured,11.7,8.32,10.62,12.89,10.0,10.83,11.8,11.37,11.25,10.8,12.06,5.65,12.95,13.79,7.08,17.71,3.41,3.63,2.57,2.1,4.64,1.4,5.23,1.61,3.73,1.5,2.18,2.14,2.22,2.09,1.0,2.96,4.97,4.93,14.27,13.9,11.17,8.46,11.38,11.19,5.8,6.8,3.02,1.64,4.14,2.58,2.09,2.45,1.61
00-0034163,Jacob Martin,WAS,EDGE,2.0,449,measured,11.0,11.18,12.33,11.21,10.93,13.22,11.8,12.57,11.32,10.18,7.26,12.6,2.1,11.93,14.18,7.41,3.15,3.97,2.4,3.07,2.01,3.22,1.71,2.68,2.2,3.89,5.04,4.28,2.72,2.27,2.83,3.32,1.91,5.83,10.32,10.62,11.59,12.06,8.07,9.74,5.8,6.8,4.42,2.47,2.42,2.75,3.74,2.15,2.26
00-0034264,Jalyn Holmes,WAS,EDGE,,304,measured,9.1,8.5,10.01,9.14,12.92,11.54,11.8,10.81,6.29,7.5,10.85,11.01,8.37,11.93,7.27,7.74,4.23,4.32,1.04,2.65,3.24,3.62,2.89,2.65,3.52,4.06,2.96,2.33,2.33,1.29,2.5,1.99,2.05,1.0,8.82,7.49,8.78,9.43,8.98,11.55,5.8,6.8,3.41,2.57,3.12,1.84,2.71,2.94,3.76
00-0039412,Javontae Jean-Baptiste,WAS,EDGE,2.0,185,measured,8.3,11.38,14.41,11.36,10.81,14.64,11.8,9.29,7.76,7.1,6.07,15.22,9.25,12.99,11.05,15.42,2.69,3.29,2.77,2.42,3.6,3.26,4.0,1.35,3.7,3.26,2.33,3.01,2.92,2.17,2.06,2.65,3.07,3.16,6.66,7.07,5.21,6.76,7.71,10.96,5.8,6.8,3.17,3.25,1.0,3.1,2.1,2.53,3.46
00-0040004,T.J. Maguranyanga,WAS,EDGE,,0,prior,9.1,12.73,14.04,13.14,9.75,14.2,11.8,9.17,7.13,10.62,5.48,14.06,15.58,10.4,11.05,11.39,1.97,1.74,2.08,2.94,3.94,1.42,2.89,2.67,2.24,2.59,2.91,5.12,5.99,2.38,3.2,3.08,3.62,2.36,6.28,7.54,7.32,9.74,11.31,14.68,5.8,6.8,1.7,3.51,2.91,5.32,3.17,2.99,3.38
00-0035269,Matt Gay,WAS,K,1.0,79,measured,9.8,9.13,10.05,9.2,9.64,11.4,9.85,11.55,8.78,2.65,10.32,13.42,13.07,17.5,11.05,7.29,3.77,3.72,1.67,3.53,2.82,1.91,3.08,3.07,4.82,1.61,4.02,3.68,3.73,3.72,2.13,2.52,2.74,1.95,3.83,1.71,4.54,3.03,2.56,1.79,3.08,2.25,2.6,2.94,9.65,9.9,3.56,2.08,3.64
00-0040318,Ale Kaho,WAS,LB,4.0,0,prior,11.6,12.12,13.07,12.39,10.01,13.5,11.8,7.27,8.14,10.42,5.51,10.84,11.06,10.4,11.05,11.39,2.31,1.88,1.0,3.79,4.08,1.98,2.33,2.27,2.43,3.95,4.89,2.25,2.06,2.11,4.22,1.52,2.07,3.5,6.86,7.03,13.17,12.69,13.24,15.52,8.96,10.46,3.63,9.27,2.43,3.84,3.72,1.47,2.0
00-0029255,Bobby Wagner,WAS,LB,1.0,2216,measured,13.5,9.1,9.71,9.65,11.62,11.14,11.8,13.57,11.21,10.02,15.28,9.84,15.92,16.35,14.18,11.39,3.89,3.54,2.95,3.53,4.63,1.49,2.83,5.0,4.45,3.16,1.25,3.28,2.81,3.28,4.45,4.63,3.83,3.07,12.6,11.16,15.64,17.03,16.97,13.75,7.12,8.62,3.72,9.13,2.86,3.58,4.07,1.46,1.93
00-0034302,Frankie Luvu,WAS,LB,1.0,2013,measured,12.9,11.86,13.0,12.85,9.92,13.49,11.8,10.74,9.11,11.12,13.25,12.07,9.65,17.5,11.05,17.32,1.75,2.04,2.14,5.09,3.25,2.52,4.38,2.67,3.61,1.94,4.75,3.21,2.92,2.51,2.17,3.96,3.2,2.11,16.44,16.63,13.75,12.48,10.76,11.52,15.51,17.01,4.91,12.83,3.08,2.79,3.89,1.77,3.23
00-0039368,Jordan Magee,WAS,LB,2.0,15,prior,8.5,13.29,14.66,12.74,9.45,14.76,11.8,8.31,8.46,7.61,5.44,12.34,8.64,6.02,13.85,4.46,2.82,1.91,5.21,3.06,2.35,4.21,3.39,3.97,1.0,2.85,3.98,2.77,1.97,2.45,5.48,2.59,3.52,2.58,11.41,12.19,5.15,7.03,7.99,12.43,4.18,5.68,1.45,2.08,3.76,4.73,3.48,3.91,3.79
00-0040216,Kain Medrano,WAS,LB,3.0,0,prior,11.8,15.24,15.95,12.94,9.69,16.32,11.8,8.8,6.32,11.74,6.54,8.53,10.44,10.4,11.05,11.39,2.93,2.46,3.01,1.83,3.0,3.77,2.44,3.35,3.5,3.82,4.34,4.32,2.37,2.75,2.2,2.35,2.63,2.98,6.41,7.79,12.48,12.15,12.46,16.7,8.77,10.27,3.78,9.25,3.0,2.77,4.13,3.14,3.25
00-0028292,Nick Bellore,WAS,LB,2.0,20,prior,8.5,5.89,5.89,13.67,12.0,8.78,11.8,10.67,3.71,6.42,15.13,10.59,9.12,8.19,16.44,18.33,3.0,2.85,3.24,3.24,3.14,3.83,1.61,3.08,1.97,3.37,2.96,2.55,1.82,2.97,3.6,2.82,2.79,2.16,16.09,13.4,5.78,7.4,10.17,9.19,4.21,5.71,4.94,2.08,3.99,3.26,4.35,2.06,2.18
00-0027940,Von Miller,WAS,LB,1.0,608,measured,10.1,13.43,13.77,15.37,10.67,13.66,11.8,11.98,3.28,4.52,14.75,9.03,11.97,7.73,15.28,7.49,2.86,1.05,2.79,4.89,2.1,2.97,2.47,1.0,1.05,2.42,3.69,3.75,4.72,1.93,4.57,2.35,3.86,3.04,17.82,18.55,8.98,9.92,6.97,10.42,6.57,8.07,2.3,3.45,5.67,1.76,3.32,4.25,3.14
00-0031156,Tyler Ott,WAS,LS,1.0,0,prior,9.3,8.62,9.48,8.98,9.53,10.84,10.99,11.45,7.89,7.99,15.46,19.4,13.97,7.6,14.41,17.41,2.68,3.84,3.37,4.45,4.04,1.56,1.51,1.49,3.75,3.28,2.19,2.81,2.6,2.89,3.9,2.66,4.08,3.9,1.65,1.88,3.58,3.09,4.32,1.81,4.03,4.19,5.84,3.62,3.23,1.83,3.41,2.71,1.95
00-0033831,Andrew Wylie,WAS,OG,2.0,1921,measured,10.5,3.25,5.0,4.78,12.92,7.76,11.8,10.35,5.72,6.81,10.25,4.3,6.57,7.64,15.32,5.15,3.14,4.51,4.36,3.36,2.41,3.47,3.96,3.39,2.34,2.56,2.59,1.71,2.07,6.28,2.73,10.85,10.98,3.11,2.95,2.01,2.78,2.92,2.65,1.84,4.03,3.31,3.53,4.09,3.39,4.17,3.03,4.1,4.3
00-0039913,Brandon Coleman,WAS,OG,1.0,726,measured,13.0,6.8,8.9,5.7,12.75,12.59,11.8,9.74,12.38,7.82,7.71,15.66,9.03,12.22,15.46,15.42,3.39,2.83,3.58,2.91,3.69,2.02,2.16,1.82,2.42,3.65,4.57,3.47,3.04,4.69,3.57,18.2,9.91,1.29,3.92,2.37,2.85,1.98,4.0,3.12,1.74,2.88,4.23,5.28,4.45,1.0,1.24,2.34,1.15
00-0037092,Chris Paul,WAS,OG,2.0,325,measured,10.8,8.13,8.47,5.08,13.19,8.24,11.8,8.95,8.19,6.67,7.36,11.33,13.04,15.68,11.05,11.39,2.93,3.2,2.6,1.66,2.47,3.57,2.74,4.43,4.23,2.8,3.12,3.36,3.21,1.28,4.17,9.47,12.83,1.63,3.89,2.78,5.22,2.51,3.57,3.72,1.0,2.69,3.58,2.34,1.69,3.3,2.19,2.7,2.85
00-0039246,Darrian Dalcourt,WAS,OG,,0,prior,12.1,4.45,5.79,4.57,13.34,8.28,11.8,11.13,9.2,7.24,5.13,12.81,7.44,10.4,11.05,11.39,3.25,2.36,2.03,4.8,4.06,3.65,3.97,1.29,2.42,3.09,1.55,3.09,4.86,3.11,2.27,15.91,9.81,3.44,2.68,1.69,2.14,2.73,2.77,1.81,1.95,2.8,3.67,2.26,1.93,4.8,2.54,3.53,3.39
00-0035149,Nick Allegretti,WAS,OG,1.0,1226,measured,13.9,3.52,4.99,4.2,13.17,7.73,11.8,10.6,11.73,12.59,8.97,11.17,12.21,17.5,11.05,15.42,3.95,3.91,2.27,2.56,2.99,4.7,1.72,3.42,2.3,4.4,2.46,3.14,4.04,3.64,2.26,17.78,14.26,2.82,3.47,3.8,2.22,3.08,1.85,3.82,4.18,4.67,3.7,3.12,3.17,1.82,4.15,4.8,3.06
00-0036618,Sam Cosmi,WAS,OG,3.0,2036,measured,15.2,8.4,10.45,10.29,17.92,10.75,11.8,13.55,12.64,14.43,6.8,8.44,7.88,12.21,6.2,7.51,4.47,3.54,4.4,3.18,3.42,3.16,3.18,2.98,2.52,5.02,3.73,2.96,2.27,2.09,2.54,14.17,16.97,3.91,1.88,1.84,2.4,3.87,3.3,3.28,1.99,1.68,3.57,3.05,2.01,1.0,1.76,1.56,2.11
00-0032466,George Fant,WAS,OT,2.0,841,measured,12.6,2.32,3.97,3.09,11.93,6.74,11.8,12.59,10.83,5.75,12.85,14.07,10.76,4.14,13.99,7.85,2.75,3.39,2.9,1.78,2.37,3.06,2.05,3.71,1.98,3.93,3.45,2.93,3.76,4.05,1.58,12.53,16.62,2.74,3.97,2.17,4.99,3.26,2.95,3.07,3.08,3.61,1.83,2.56,3.06,2.78,3.81,3.83,3.09
00-0040686,Josh Conerly Jr.,WAS,OT,1.0,0,prior,11.6,6.0,6.2,5.06,12.48,11.49,11.8,9.23,12.42,9.44,7.67,10.87,7.65,10.4,11.05,11.39,2.83,2.98,3.33,2.48,1.88,3.9,2.46,1.48,4.06,2.7,3.89,2.37,1.67,3.67,3.91,13.28,12.99,5.0,2.27,1.9,4.9,2.44,2.76,2.21,1.66,2.2,4.09,3.21,2.99,2.99,1.0,1.13,2.05
00-0032380,Laremy Tunsil,WAS,OT,1.0,1969,measured,11.4,2.47,4.66,4.22,12.29,7.75,11.8,12.03,4.07,5.9,13.92,13.21,12.47,7.0,16.92,4.99,4.3,3.64,2.31,2.93,3.71,1.37,2.5,2.61,3.37,1.86,4.28,3.34,2.98,3.76,3.3,8.62,15.91,2.47,3.5,3.25,2.57,2.23,2.03,4.8,2.85,2.11,3.44,2.28,1.97,3.73,1.77,3.24,2.03
00-0036367,Lucas Niang,WAS,OT,3.0,42,prior,11.1,3.56,5.26,4.26,11.22,7.83,11.8,10.42,9.99,6.29,9.73,14.6,13.9,12.34,13.86,8.28,1.34,1.51,1.13,1.25,1.0,3.53,3.66,4.41,1.78,3.96,4.63,3.04,4.17,3.43,3.87,12.3,12.93,2.87,2.9,2.62,2.48,2.46,2.91,3.4,1.94,3.46,2.16,3.51,4.05,2.4,2.61,3.15,4.3
00-0040320,Timothy McKay,WAS,OT,,0,prior,10.6,4.79,6.47,5.29,12.63,8.96,11.8,6.57,7.87,5.19,4.62,15.83,11.07,10.4,11.05,11.39,1.85,3.86,2.26,3.63,2.31,2.94,2.71,3.71,2.71,4.53,3.15,4.96,2.34,2.36,3.18,12.57,11.2,2.49,2.82,1.0,4.42,3.95,3.8,3.06,2.67,2.08,4.61,2.58,2.23,3.59,2.95,3.49,5.32
00-0034571,Trent Scott,WAS,OT,2.0,279,measured,13.1,2.92,4.59,3.66,12.03,7.29,11.8,11.32,8.5,10.99,9.98,16.58,10.82,17.5,11.05,11.39,4.47,2.23,2.02,2.51,1.42,2.88,3.48,3.9,3.47,1.0,3.47,2.87,4.07,2.1,2.71,16.7,14.84,3.01,2.25,2.45,2.67,3.11,2.1,4.01,2.67,1.56,3.15,2.51,3.11,3.43,3.75,3.01,3.41
00-0030140,Tress Way,WAS,P,1.0,98,measured,15.6,5.11,7.11,7.46,9.83,9.86,10.26,14.59,10.39,13.62,13.68,11.47,10.69,17.5,11.05,11.39,3.97,3.06,2.97,3.83,1.0,4.21,2.67,4.23,2.98,1.0,1.69,2.95,1.95,3.84,3.48,2.82,3.36,4.1,2.8,1.61,3.85,3.41,2.49,2.66,1.0,2.15,3.17,3.02,4.26,3.98,12.7,18.43,2.44
00-0039910,Jayden Daniels,WAS,QB,1.0,977,measured,13.0,9.98,10.48,11.36,9.76,10.84,11.8,13.25,14.4,9.71,10.23,10.87,4.87,12.99,11.05,15.42,16.92,15.71,11.0,9.39,11.12,7.18,16.94,16.32,3.63,7.65,2.6,4.44,2.46,5.87,2.57,2.85,2.89,2.95,3.89,3.22,5.05,4.44,1.63,4.35,2.74,2.44,3.56,3.27,2.89,3.54,4.41,1.8,4.07
00-0026300,Josh Johnson,WAS,QB,3.0,42,prior,7.5,9.84,7.54,5.42,9.76,8.47,11.8,7.82,6.15,8.58,14.78,13.18,10.03,15.11,11.05,11.39,4.81,6.04,11.42,6.16,4.9,13.22,5.38,4.18,2.65,1.0,2.68,4.2,3.06,2.4,1.8,2.46,1.55,2.03,3.14,2.53,3.88,2.28,2.44,2.74,4.21,2.66,1.5,3.29,2.07,3.08,2.47,2.04,3.16
00-0032268,Marcus Mariota,WAS,QB,2.0,440,measured,10.3,12.6,12.89,14.89,9.76,13.59,11.8,10.2,10.17,6.42,15.49,14.86,8.18,4.93,16.82,7.95,14.13,12.43,8.05,7.0,8.41,13.02,9.26,7.34,1.0,3.19,2.02,1.5,4.9,2.34,2.37,2.46,3.35,4.75,2.63,2.03,4.89,3.96,3.03,1.36,2.44,1.65,3.64,3.98,2.31,1.58,1.88,4.35,3.27
00-0039677,Sam Hartman,WAS,QB,,0,prior,6.0,9.33,9.07,11.61,9.76,8.94,11.8,6.03,5.33,2.67,9.19,9.06,15.15,10.4,11.05,11.39,4.71,4.69,5.58,4.7,4.7,13.23,5.03,3.71,1.43,1.0,2.07,2.64,2.44,3.48,3.87,4.76,4.27,4.02,3.82,2.87,1.75,2.6,2.31,1.95,3.13,3.32,3.94,2.06,3.07,1.92,1.96,2.45,3.86
00-0033699,Austin Ekeler,WAS,RB,1.0,1109,measured,11.8,13.47,13.54,12.1,8.22,13.07,11.8,14.03,9.03,10.18,12.25,15.67,9.22,7.79,7.64,16.4,2.52,2.14,4.24,3.09,4.01,3.31,2.4,5.15,12.64,14.28,12.22,13.14,3.0,14.29,12.75,8.92,3.83,9.92,3.25,3.39,3.59,1.47,2.91,2.77,2.94,4.39,2.15,4.0,1.0,3.2,4.87,3.12,10.98
00-0038611,Chris Rodriguez Jr.,WAS,RB,4.0,134,measured,11.6,13.04,13.63,12.25,9.54,13.68,11.8,10.45,9.54,5.84,7.7,9.76,10.43,12.08,14.14,6.88,2.98,2.09,1.51,2.34,3.91,2.29,3.58,11.7,14.96,9.63,8.14,11.35,3.24,3.46,2.32,4.98,7.82,5.98,3.21,3.33,3.62,2.9,2.46,3.02,2.59,2.27,4.4,4.73,3.64,1.68,1.67,3.15,11.38
00-0039686,Colson Yankoff,WAS,RB,4.0,4,prior,8.4,13.26,14.31,10.77,9.55,13.92,11.8,9.47,5.17,5.4,5.89,12.69,14.27,5.24,16.33,11.39,1.77,4.75,2.07,2.89,4.02,2.82,3.24,13.97,4.76,4.76,4.76,6.41,3.53,5.28,4.86,1.66,8.29,2.66,3.54,3.37,3.5,3.27,1.0,3.32,3.66,1.97,3.04,1.0,1.28,2.07,3.73,2.47,12.98
00-0040400,Donovan Edwards,WAS,RB,,0,prior,10.0,13.73,14.32,11.72,8.86,13.82,11.8,8.66,9.63,12.22,5.17,14.03,11.68,10.4,11.05,11.39,3.94,4.34,2.82,5.08,1.69,2.63,3.78,11.02,8.47,6.92,7.45,13.43,3.38,6.68,6.12,2.07,4.84,3.07,2.87,4.41,1.0,2.1,3.53,3.47,3.44,3.75,1.56,2.3,2.94,4.25,3.92,4.27,9.34
00-0040242,Jacory Croskey-Merritt,WAS,RB,2.0,0,prior,10.9,13.81,14.17,12.39,8.65,13.73,11.8,9.3,11.57,7.09,3.75,11.53,17.06,10.4,11.05,11.39,1.55,2.51,2.78,2.85,3.2,3.59,2.27,11.64,10.35,8.44,7.63,13.44,2.59,5.74,4.78,2.62,7.96,3.62,2.07,3.46,1.0,2.96,3.15,1.75,2.88,3.28,3.32,3.22,1.78,2.74,4.14,3.48,9.97
00-0033955,Jeremy McNichols,WAS,RB,3.0,232,measured,10.4,14.0,14.01,13.57,8.5,13.87,11.8,11.76,9.65,12.39,9.92,9.21,5.95,14.23,7.26,14.58,5.08,3.7,6.53,2.73,4.18,4.04,2.98,15.0,8.72,8.31,7.76,7.88,4.05,2.45,1.69,6.79,5.86,7.79,2.05,3.05,2.09,3.29,2.89,1.58,3.72,1.36,4.03,2.83,2.76,3.94,2.27,2.05,14.02
00-0034465,Jeremy Reaves,WAS,S,2.0,67,prior,9.0,12.95,13.49,14.21,7.89,14.02,11.8,12.79,5.49,6.49,11.65,8.06,8.74,17.5,11.05,11.39,3.54,3.87,3.64,2.37,2.95,3.19,2.55,1.0,2.58,1.18,3.56,2.12,3.64,2.65,4.37,4.43,3.1,3.86,4.87,2.95,4.12,8.7,9.3,8.3,6.06,7.06,9.23,6.82,3.44,3.16,2.42,3.76,17.5
00-0038100,Percy Butler,WAS,S,2.0,971,measured,9.6,17.55,16.69,14.26,7.24,12.66,11.8,11.13,5.66,8.81,7.2,10.08,12.09,12.55,13.9,18.56,1.91,2.3,3.05,3.25,4.81,3.61,3.94,1.73,3.16,4.45,1.65,3.48,3.39,3.38,5.29,3.81,2.42,2.81,1.89,3.89,3.6,14.43,7.5,12.54,4.29,5.29,9.03,9.47,2.32,3.73,1.74,2.41,13.21
00-0039149,Quan Martin,WAS,S,1.0,1112,measured,13.7,15.24,17.51,14.3,7.5,19.4,11.8,12.38,11.18,12.26,7.74,7.93,14.67,13.87,14.94,7.95,2.37,2.85,3.69,4.2,1.77,3.32,3.4,3.36,1.61,3.06,3.42,3.26,2.87,1.35,3.6,4.82,3.47,4.2,3.7,2.58,2.92,11.82,11.91,14.39,13.29,14.29,9.11,15.98,3.5,3.9,3.75,4.5,6.76
00-0040319,Robert McDaniel,WAS,S,,0,prior,11.9,13.71,15.25,14.26,8.31,15.21,11.8,10.97,11.08,7.58,5.41,10.54,12.58,10.4,11.05,11.39,4.06,3.24,4.19,3.44,3.28,1.13,2.41,3.84,1.75,2.96,3.42,3.13,2.32,4.45,2.62,1.93,1.0,3.71,3.53,3.42,2.7,9.47,9.39,12.22,11.91,12.91,9.35,12.99,3.1,3.57,3.32,2.89,15.36
00-0039681,Tyler Owens,WAS,S,3.0,1,prior,10.1,13.82,16.92,14.19,7.93,18.62,11.8,9.73,10.39,8.4,7.22,11.91,7.31,7.43,5.17,5.91,2.44,2.83,3.16,2.29,3.71,3.46,4.39,2.02,2.66,5.61,3.11,1.49,3.74,2.74,4.18,1.0,1.7,4.49,2.71,1.01,2.2,8.62,5.51,8.26,10.73,11.73,9.24,10.12,2.66,5.32,3.28,1.54,17.93
00-0035655,Will Harris,WAS,S,1.0,1201,measured,12.2,15.84,15.48,15.11,10.0,14.8,11.8,11.88,14.64,10.55,9.64,14.06,12.32,12.15,16.33,13.93,4.76,2.45,2.66,1.74,3.82,2.82,2.86,3.05,3.36,1.62,3.2,1.15,6.2,2.41,3.71,1.95,2.17,5.82,2.41,1.65,2.46,5.81,9.55,12.95,12.24,13.24,9.86,12.9,4.74,2.43,4.12,4.36,7.31
00-0039912,Ben Sinnott,WAS,TE,3.0,277,measured,9.9,11.08,14.01,15.36,9.04,17.34,11.8,6.95,8.02,4.33,6.61,9.24,12.06,12.99,11.05,11.39,2.92,3.08,2.85,2.93,2.57,4.63,1.38,17.71,2.5,5.38,9.16,11.33,8.07,6.55,8.48,12.87,10.42,9.59,2.93,3.14,2.61,3.35,2.38,4.77,3.34,3.39,3.23,2.52,4.11,2.33,2.82,2.83,3.81
00-0036628,John Bates,WAS,TE,2.0,1006,measured,11.9,8.8,11.4,14.18,9.5,12.23,11.8,9.3,9.75,6.39,7.71,11.47,9.36,17.5,11.05,14.38,3.02,2.86,4.42,2.8,2.48,4.5,2.54,6.58,3.53,9.06,12.84,9.87,17.14,12.94,15.3,10.37,13.66,7.08,5.2,2.83,4.04,1.01,2.8,6.07,4.75,2.87,3.86,3.31,1.73,1.87,2.69,2.29,3.84
00-0036145,Lawrence Cager,WAS,TE,,151,measured,9.5,11.79,12.54,11.66,7.9,13.15,11.8,9.26,11.92,6.84,9.53,14.11,15.26,8.03,14.97,6.88,3.88,4.05,1.27,4.22,4.28,1.96,2.0,13.69,2.19,5.94,9.72,10.0,8.17,9.19,8.6,10.6,8.59,7.31,2.64,1.33,2.06,3.93,1.96,3.93,2.39,2.76,1.25,1.74,3.71,3.52,1.54,2.8,2.97
00-0035356,Tyree Jackson,WAS,TE,5.0,23,prior,8.5,12.56,13.28,12.8,9.3,13.65,11.8,9.77,5.96,3.35,10.08,12.23,11.92,7.61,14.63,11.39,2.82,4.03,3.47,3.61,2.62,2.77,3.23,15.76,1.98,2.67,6.45,7.43,6.99,5.38,5.4,10.25,11.38,6.96,3.44,2.41,3.16,5.13,3.68,5.51,3.41,3.23,3.94,3.95,2.55,1.98,1.99,4.32,4.67
00-0030061,Zach Ertz,WAS,TE,1.0,1139,measured,14.0,7.48,7.35,9.45,12.46,8.18,11.8,14.24,10.58,10.93,14.27,10.66,13.53,6.2,13.98,17.2,2.99,1.0,2.42,3.78,1.96,3.05,2.59,12.81,2.32,2.38,6.17,13.97,14.4,15.07,14.29,18.33,16.68,15.45,1.79,3.18,5.01,5.34,2.22,4.22,1.87,1.88,2.09,3.26,1.52,4.67,3.08,3.57,2.79
00-0032398,Chris Moore,WAS,WR,,702,measured,11.4,12.3,14.72,14.83,5.0,15.31,11.8,14.05,11.29,12.15,12.99,17.9,11.22,8.6,13.99,6.22,2.35,3.02,2.33,1.52,1.02,2.1,3.87,6.46,5.7,6.55,5.25,12.87,13.22,9.02,8.46,3.26,2.42,2.99,1.54,2.56,2.92,3.47,1.89,1.94,3.27,2.69,3.83,1.0,1.87,3.16,3.41,5.16,6.79
00-0035719,Deebo Samuel Sr.,WAS,WR,1.0,1377,measured,13.4,14.24,14.39,13.98,7.5,15.88,11.8,12.26,10.78,11.3,10.57,13.48,11.62,5.5,7.5,18.51,3.23,3.55,3.98,5.04,2.1,3.51,4.27,12.89,16.94,18.89,17.58,10.88,9.92,14.89,13.56,3.45,2.25,3.58,4.0,3.24,2.41,3.07,4.06,3.14,1.98,2.9,3.97,3.59,2.27,4.15,1.7,2.72,15.99
00-0040315,Ja'Corey Brooks,WAS,WR,,0,prior,9.8,14.44,15.27,14.3,5.98,14.61,11.8,10.1,7.66,10.89,5.24,11.35,6.72,10.4,11.05,11.39,3.18,3.69,2.72,3.97,2.08,3.07,3.2,7.11,7.71,12.37,11.07,6.32,6.75,8.0,8.16,3.61,2.06,2.4,2.91,2.94,3.52,2.54,3.4,4.34,5.45,3.26,3.2,1.55,2.5,2.92,3.23,2.94,9.14
00-0040317,Jacoby Jones,WAS,WR,,0,prior,9.5,13.33,14.47,12.7,8.22,15.26,11.8,9.2,12.04,9.62,6.8,14.24,9.04,10.4,11.05,11.39,2.08,3.92,2.83,1.93,3.31,1.58,4.95,7.11,7.71,12.37,11.07,6.32,6.75,8.0,8.16,2.12,3.42,5.0,3.06,1.79,2.82,2.19,3.91,1.68,2.73,3.8,1.32,3.78,4.36,2.88,2.4,3.64,8.7
00-0040164,Jaylin Lane,WAS,WR,2.0,0,prior,10.6,18.01,18.82,16.9,7.0,17.99,11.8,10.84,8.08,9.79,4.65,7.41,12.62,10.4,11.05,11.39,4.3,4.27,3.69,2.07,3.06,4.16,1.0,8.75,7.4,12.26,10.95,4.59,5.38,8.61,9.05,3.06,3.41,2.66,4.13,4.36,3.53,2.08,3.62,1.71,2.82,2.47,2.85,3.28,3.17,2.33,2.35,2.71,12.22
00-0039355,Luke McCaffrey,WAS,WR,2.0,382,measured,9.6,15.24,14.96,18.24,6.27,14.67,11.8,8.57,10.55,8.19,5.74,10.01,12.84,12.99,11.05,11.39,4.53,4.3,4.08,3.42,2.94,3.12,2.27,9.22,6.21,12.03,10.72,5.91,5.57,6.54,7.41,1.0,1.97,4.21,2.75,2.82,2.2,2.66,2.14,4.62,2.52,3.38,1.68,5.13,3.35,3.97,4.18,2.13,14.09
00-0033591,Noah Brown,WAS,WR,1.0,1084,measured,11.8,12.93,13.89,12.07,9.5,14.8,11.8,12.24,8.44,9.99,12.92,5.33,5.91,6.58,18.69,14.04,1.31,3.92,3.66,4.38,4.33,3.0,3.6,12.96,10.29,10.17,8.86,14.18,12.35,10.06,8.2,3.41,1.93,4.48,3.34,1.79,2.17,3.15,1.82,3.58,5.81,1.23,3.51,3.17,3.3,3.36,4.27,3.84,15.03
00-0035659,Terry McLaurin,WAS,WR,1.0,1936,measured,15.1,17.14,16.62,13.95,9.0,15.55,11.8,15.06,14.58,13.13,9.07,14.13,8.72,7.27,14.92,4.88,5.47,3.07,2.11,3.84,4.38,2.51,2.48,12.56,11.2,10.6,9.29,18.28,17.37,12.71,11.16,2.53,1.71,3.69,3.46,4.26,3.83,3.07,3.0,1.7,2.56,3.34,2.52,1.35,3.21,1.97,3.68,3.5,14.12
